186666
110792
133994
5676
177976
154861
197245
186776
186564
195064
189761
170716
102385
167347
183587
152347
189053
166577
149878
135479
135828
197024
160792
135390
148591
177847
192915
176547
157267
187908
195526
188186
102464
163902
48633
192369
98854
109583
63368
180727
173320
198037
92343
198449
124744
89102
141220
180875
187071
140501
146752
55907
165493
135930
193933
171658
199032
198423
158396
160271
124828
195599
154804
176077
154031
191686
178092
194848
124027
183582
116194
181686
187059
180556
167810
142538
191934
146157
197590
155861
82164
179837
198376
136389
177275
162312
138709
198311
100389
154264
198990
105358
103996
192913
157144
86842
199484
168951
188522
186389
102274
141052
169355
134329
199919
67299
174151
128626
168429
136260
199283
161909
79079
168942
120664
198590
195186
175514
152961
192813
194110
146047
164368
177443
181790
174176
186348
154858
143413
140304
188991
175651
189044
193341
48306
87043
170638
85986
175907
177600
172292
147155
135101
80751
159264
195012
198604
81414
181893
188075
96768
196728
94148
168493
78162
158081
183723
179475
159513
77640
164286
188837
149208
158727
125052
164001
105411
147166
174003
167963
87058
159494
92686
118096
90297
199098
183981
117704
151019
148730
197158
150437
157426
60717
89201
196111
154011
134113
140651
157292
92729
145332
148017
180103
160907
181321
196400
85313
179962
160144
176392
160392
158386
172486
188894
191054
163378
173909
176612
191872
163737
161897
90801
45230
100115
121701
135237
164623
190476
194394
163239
124073
192375
106368
164050
158306
199931
187811
62075
167992
153742
187910
183003
197766
106927
34004
60825
144321
150902
175285
120037
199105
187398
183222
96840
12316
153449
166088
143504
150582
199636
112930
144502
136034
155745
92900
132895
165522
175309
109571
139401
69429
109644
177515
157628
166855
193721
162767
91072
161778
193656
184344
198796
197138
88266
148428
68826
187106
199574
189471
198257
161734
105585
168581
111819
57195
196618
179182
199631
192436
133960
45930
197196
102995
167791
123913
134487
162528
57374
184769
177065
169690
197661
102012
197583
96999
184555
69041
145366
197926
153987
115852
118015
170374
196075
194000
198356
193356
123726
132243
141159
188877
133976
66502
194321
190361
92851
19739
131836
143359
181096
162947
180668
195748
112155
198873
106733
147967
49356
162184
125144
107999
163312
183636
196648
154808
194453
164864
173750
126449
163767
137598
106638
194149
184007
197307
138576
190285
191576
189752
161808
146173
165636
174805
195496
158451
61548
147892
195880
197662
139581
197073
189726
128914
151519
198236
176759
93234
170716
141024
163209
79779
136965
184464
110800
129923
196905
74081
105787
163473
140446
116796
182492
88198
163400
171017
129377
170074
185292
172368
169056
142947
145701
115076
118932
113931
164263
184855
76845
177859
99641
192323
92221
143867
96880
151245
190473
183501
71135
198451
193401
71885
104407
142636
113241
60788
132482
197215
125818
191050
168066
179821
168473
168762
133403
176012
197581
136495
163808
85121
109523
199076
178029
146171
38197
140444
87742
195907
183929
74687
194598
180835
83970
156294
159646
76939
54211
113250
185135
197545
184643
121467
42353
186167
58246
182268
193617
18171
197030
159881
155756
73968
141163
190560
175210
184143
184667
189211
143904
186668
57119
134537
198914
86520
198776
188467
148549
106872
189104
116693
162904
195374
151620
184632
114742
166246
192995
190865
117924
164603
153559
130507
162504
171624
84286
178874
183121
103371
177376
143139
96902
128519
154151
197917
167641
196820
164294
168216
158655
197162
84448
183756
83894
139956
102041
77065
188063
93413
199813
87392
36922
185668
187863
173008
199934
159774
124071
94014
175950
197629
169471
164132
197290
141567
155223
180904
125671
37969
180279
114310
199484
188676
10528
162228
146894
109973
139927
183253
161265
195771
166835
27765
161060
110961
131260
181078
199813
188100
177104
196679
73962
189958
199938
119043
190791
152551
144546
58574
178102
186569
199907
195262
199343
105327
71844
199118
149395
180753
153556
180877
189291
185344
152816
146566
144711
142616
126844
199444
179818
156074
135111
154111
180651
195302
86908
161148
175415
190036
130432
129283
171382
186487
148113
187650
29634
189606
115048
191848
159223
98033
196400
195326
76976
178177
129871
189230
182846
187935
146162
30413
147160
195174
167529
13747
196261
94729
26526
156502
199751
152356
87306
139115
177839
198122
173087
193933
30322
168081
189895
177429
197477
145886
67835
196677
193016
199834
57798
153577
179509
149586
188040
166120
181166
166906
199742
99691
126135
116674
198572
184277
195388
161589
179601
189737
124217
121179
71510
91852
160494
122710
73713
148802
186207
165719
187196
147317
89448
154201
191640
194000
143590
160287
114191
198566
174733
18888
190219
188580
191729
125154
170564
129214
101526
183450
181184
74653
136113
75423
99173
184045
177431
116525
199860
188000
197794
104413
93787
60561
191896
171382
173618
148493
194694
151115
145443
172979
192038
184866
124390
177844
39833
186666
169429
163525
67226
185245
114225
162506
181576
144511
159069
146176
140684
123659
185353
194855
90593
141258
140110
113802
62434
181580
168066
142970
199590
156904
198445
147891
192031
137030
182081
145120
109424
66729
58338
186172
199460
190616
157975
171724
186237
71174
129262
164253
138626
196711
199734
198763
140892
136681
158335
87260
117215
199217
189440
199825
163453
171405
199132
172520
95061
188077
195937
177637
167171
125960
197372
185964
87825
101172
31132
198583
145976
195599
104130
177045
146079
86435
169979
98496
186471
190761
108554
43239
114966
154346
184704
177080
199311
140301
172161
187599
171678
117428
196866
175836
147803
188575
106832
133784
196280
171589
125968
180999
174188
192369
178987
122546
183184
147480
180112
153512
169405
134627
186946
164950
105117
151657
182936
178074
109087
184050
196046
161080
172324
195236
8453
167630
173424
122997
181971
172845
99939
48310
182283
173008
198892
139241
196819
129315
172837
127590
161994
166695
196746
157218
188825
130423
145491
198278
190014
126900
191181
185723
173763
131574
188578
187837
38622
174032
147959
110519
82340
97221
140617
80577
151909
145525
194482
118634
166624
188256
168091
39125
188575
171369
181711
198931
189814
183828
56755
138763
65600
142541
170385
196597
196945
187064
172462
32662
58226
181950
181607
131389
171613
161002
153173
163768
131071
148877
198299
105869
151722
174185
142657
56539
194404
185434
93153
39529
188951
190144
81319
147182
27469
170611
185668
126051
128927
147270
183841
139947
188210
182907
187903
146972
192296
195833
49865
199995
177106
146826
196303
199690
199600
126571
145124
199373
129094
139828
108168
104305
161545
109962
131753
165150
31273
153116
193658
75013
165801
116973
195100
119556
166432
158447
188558
193386
180103
164738
199245
64923
34376
138586
121780
99230
164741
195859
176095
163051
196199
118795
168991
192237
186316
153729
180561
198157
164294
199685
43089
163317
199827
199717
188610
157191
167480
143784
189721
188420
142521
176367
63472
190958
26331
114061
161794
164825
165259
199800
26864
80635
185939
174058
165154
126385
183594
48283
182987
117616
158942
135993
194676
107738
182472
66073
186072
119341
163338
62171
92680
141054
171121
141768
186389
179361
193120
190076
111796
144523
168980
183419
187116
194416
180788
199715
169905
155584
72993
48820
63223
137481
183126
156449
181912
188976
153526
132039
192338
198213
109537
184743
177185
198998
196272
195778
186562
156249
113219
187824
198751
158971
183231
123977
157390
146222
171207
197245
129701
144000
111535
199779
76757
111742
109099
152788
150601
85556
89738
176749
154243
199864
43023
159502
198248
186846
192732
193430
112690
183572
160744
68671
147879
122115
119977
149721
125555
177473
185165
137064
164261
182900
159982
140929
190286
186217
198024
173166
129130
176966
177776
178162
61378
189157
184123
186745
188251
174119
81147
171334
185681
129812
124680
155189
92691
45070
196640
192657
178029
181408
135658
161494
177796
199764
169860
195705
198330
122978
192115
186080
191666
195838
95258
143251
187256
198856
158026
174977
100596
162708
169663
137762
118324
193509
160573
188932
107198
108154
146542
99745
189704
199293
121372
156231
183370
157810
167214
133301
187406
144956
143671
103126
172324
191128
198433
119094
193308
151782
121161
142745
97710
30736
77988
193613
120698
27197
171126
181721
154754
199433
87599
198190
172118
181284
100316
137601
93815
195178
178384
191418
173268
81002
155610
194992
176450
129549
98813
177028
177462
98364
189922
187344
187795
160705
151933
183962
168918
77111
66585
93593
55317
191421
197370
187263
180988
172141
136758
130999
141858
185497
189434
167097
194473
110406
23678
130125
154581
177774
186507
186496
168665
196758
104972
179428
101106
168554
49804
197736
181703
91741
187923
153528
150361
126100
152780
170921
118456
162740
165771
141577
198374
193626
65077
174917
68029
194855
143872
140338
194237
62964
165798
166654
195772
189805
180108
142733
199519
187499
166075
194364
111972
9572
162844
89969
85607
69764
175116
190394
118842
150541
130947
193375
180966
80474
79501
132143
170957
189261
172373
185592
72965
172320
127856
124644
114660
99163
194832
55902
66302
135386
91631
185501
193226
166098
183077
198073
170533
147488
186084
171057
130304
194106
194284
175304
190080
164515
149166
181067
160856
111292
172983
192721
168280
189146
44868
132939
103321
192260
87817
122564
192918
184085
97817
195440
63286
114160
111328
198353
135653
194756
188078
165878
78802
160223
68071
124283
196965
99726
186158
194662
186180
176321
33560
156171
94407
124528
193611
192561
102419
192330
183477
195275
199139
192986
180092
179420
199366
71196
64512
167981
182353
197246
83559
196231
199179
186750
182796
181816
186613
127363
170333
199883
57027
141333
94031
180918
177277
188157
191295
185260
148268
150957
187632
39953
80077
146076
197638
109564
131044
104022
180923
126398
186102
165391
193961
92989
119230
30137
199811
136848
102084
135986
139697
98276
155992
55584
59462
179497
174274
118264
196476
174678
182317
61661
134374
102221
174630
159176
142631
146557
186328
83213
141919
127710
82863
197226
196442
51347
177577
75694
142764
144959
105574
190848
163406
108470
125496
199992
171349
133345
131353
182299
199127
152257
156425
129356
186660
177013
199258
143971
126529
179035
171203
152257
197446
163016
180977
60971
118194
168473
132174
181955
138447
188194
196980
148237
173477
85783
140890
196898
125406
196166
107130
168024
184141
196316
157698
140414
192327
68275
184913
171024
138575
125216
195692
87316
187611
164588
175582
176710
198185
114580
88559
182694
95524
182337
11521
196611
152228
199083
123707
109924
194612
165083
146640
171487
163161
71565
30917
115527
61434
165522
141548
160187
165438
129078
165640
128233
179939
180283
179843
82147
53766
165105
186790
135400
191829
138255
190444
75736
198709
54639
117358
122554
129413
162540
135485
144907
111559
196870
177626
152715
50794
188837
125475
195835
194274
124265
97356
68997
88718
84329
188148
90646
165488
151138
152208
144302
102153
192212
170323
199945
194289
96295
185392
135540
175456
70029
187152
170584
183801
190616
150521
173326
167176
198374
172735
197636
121448
160981
183984
177175
134650
179023
126373
103478
107774
184733
198035
148314
174047
196132
177727
195597
118304
181468
198592
195008
164450
74856
40133
156860
175480
175873
195960
189415
135919
196997
127958
123261
187822
150479
187933
194151
198092
194383
93486
176097
147181
185914
134998
183368
112141
175480
178079
71646
134392
127806
193362
67091
170454
162592
98246
134850
164709
178449
187737
138612
172436
158493
199706
6029
110924
187685
188621
110340
198544
158465
120822
67655
144282
139997
78385
73162
33289
179226
114074
189510
112025
104165
197549
179686
77155
129264
174422
112694
171002
197771
184740
180712
155607
171752
178394
104587
106340
171363
145869
125290
101682
147886
177535
117110
137984
177603
124161
168303
79637
118732
194471
61070
199594
194688
77418
141900
139542
91240
73250
192414
178129
196276
180327
84471
194169
184537
162999
153686
158800
113472
143196
126412
103472
157356
130457
121892
111542
199276
195067
154951
160005
137483
81366
198220
114261
43474
125406
59788
169023
59719
121863
70179
176014
95608
120210
199001
170340
124285
74984
69413
182056
187390
147939
106017
137698
194341
164120
108205
176943
186114
198561
183296
171438
87718
114488
56338
165660
179602
131549
149372
152011
56499
157191
149450
197745
187903
181525
110033
93241
173176
98498
122097
44780
196435
159522
164500
186035
106525
165369
117650
90984
170935
73012
119025
48937
151414
194960
102376
195712
78378
111779
175616
194633
157777
185257
183390
196926
115047
190752
175265
173837
175922
85245
173741
97991
159802
190747
185124
79444
176382
165161
194553
188783
159740
110567
71277
149691
185211
192439
72294
91080
188962
163026
199946
167111
100649
197543
187259
196959
65105
102625
58692
197994
103656
161252
172514
154284
191356
98426
142952
105431
113659
199932
106707
178324
123033
37126
88427
157923
91417
120955
177191
198050
107554
186550
100310
167880
183946
199572
198796
98660
191401
196042
171084
70814
191724
65392
158686
184915
198307
53556
139906
178285
103659
144596
166468
156734
49615
185825
199628
138180
156101
145645
152934
51476
158502
184519
175721
185530
154956
194194
191470
193834
126313
135919
173695
179631
155224
189205
196839
72786
185089
25455
174053
175754
64241
171479
191286
185412
126145
192008
168487
172113
146816
147679
156788
147614
176846
181659
119624
164315
130885
197073
110992
193018
20517
161617
170982
70770
193135
163112
163025
196155
188537
141721
187008
172395
154922
130962
180964
195189
195217
27355
126065
167106
149476
165515
181329
184853
196643
194761
174917
165292
176781
173623
156391
185421
127694
183474
191347
22430
179214
178907
141200
182081
187558
155465
146470
197152
159306
173456
23965
162735
140391
199115
133276
195968
185240
139508
193859
107158
155191
58006
133459
2837
197893
98653
79979
199095
136412
184803
184209
188842
177606
141749
197583
189730
150889
138514
96699
137557
155748
166091
143549
156804
184487
119756
154107
176271
187829
154067
132751
199781
58209
127029
182250
130188
195423
126804
50421
187908
195208
193377
151140
106173
198959
190177
30913
120269
173481
174694
185631
163015
115635
171071
127452
175992
160977
185426
192693
184575
197232
107627
151818
178342
182116
71151
156451
99814
69255
149040
166925
193764
69590
75966
148635
177684
195394
190160
100921
79027
190572
158560
161590
199240
56814
188517
167709
195601
140005
198648
193632
63406
196212
128649
141833
30370
157335
163546
167553
178890
54529
85443
174864
140544
194925
164913
197994
192290
70215
161422
145705
198595
147055
95622
54467
94897
42464
156442
192621
187218
193680
198097
189368
153428
160070
190904
154438
157324
157140
153969
183918
68617
198408
161021
180666
187211
127333
143889
187578
29902
106676
153102
78292
43305
192183
116552
126338
186819
186776
187092
129722
197138
130374
137591
82527
186884
188978
103552
86156
151613
185264
97885
105172
84155
78375
175425
140440
173146
196005
164219
51139
182078
155655
126072
117175
178477
61869
71765
34582
197823
100505
181877
188467
46986
161938
188500
81178
136994
51885
199692
94461
150955
143349
114697
126550
197754
185726
112625
116404
149396
197024
162906
172940
150292
149391
198862
188168
184308
131522
193962
116763
155705
173258
43334
190921
164274
158455
178384
187163
195732
178750
174607
169942
126838
193175
176401
199719
173903
187644
146362
190342
184033
194435
153979
151651
124739
186017
70419
135327
161900
189284
13568
149957
184073
191290
123110
5561
169741
197708
181143
93645
183594
137573
63485
186195
115434
109851
186395
149163
175484
95953
137930
190084
104954
128001
114629
150418
119407
183471
188183
103210
49238
182897
180166
181934
97791
101710
189461
154594
160937
194430
186148
131506
181326
174677
197154
83487
165655
161684
159928
156860
192835
126382
194612
194615
101337
155452
49866
190058
190437
186315
138859
160474
108617
161238
185953
81618
144588
151245
199567
199435
117620
175118
76221
186600
55459
161031
189084
190622
148168
173566
103849
123520
199555
150697
104691
156997
139969
195300
49983
184999
101169
146349
70215
175985
96834
191479
189550
194328
189391
160901
186389
79108
109803
59470
198904
199154
140231
150976
57656
189776
196999
157203
128477
128762
182407
144206
190440
182556
144266
160586
148063
174997
198326
199911
178167
166219
152470
179989
173024
199744
168224
99039
146142
193219
88088
154427
141061
24507
192276
174352
97503
101561
88261
74954
185672
188687
183155
147810
199525
190937
134005
177033
34112
104703
165715
147550
167343
108158
119646
119873
159467
145560
187466
53524
191265
199224
53807
142734
104140
127744
194999
169546
181177
192197
172354
121824
60753
181756
181227
173324
42663
109292
133435
188428
168945
124041
84395
126484
122522
191507
94339
194742
15045
168791
176032
190357
90174
185061
31556
143798
199506
87451
195930
199742
125682
114536
184047
138147
41184
162848
179925
137486
186908
62935
190815
191937
173857
191149
192144
83045
151051
112617
141971
188552
181545
197433
174056
130901
199521
145917
97003
198990
66241
191253
93920
139705
92807
187577
165307
162646
165991
198265
147136
197560
85990
195296
199227
143039
190689
190752
167443
127854
133661
197829
87978
139533
43516
130461
89970
104972
148120
179960
187493
180228
44662
161542
164837
161223
132113
148358
188729
194460
115628
169016
173472
80371
199825
192986
163910
110738
195281
191569
98215
57961
166612
178575
174715
181365
57604
73753
198977
67905
197994
148833
104612
170086
195589
123750
187017
199647
37313
181251
193044
163656
178035
195330
167876
178199
179361
193887
195229
194675
116551
173786
182801
103027
148597
161112
166004
89624
189266
19427
184031
170330
88490
188580
172076
189834
197581
176465
187842
19857
190904
199252
135715
191439
106631
148165
174484
170685
54098
191771
137050
75432
178258
171406
164660
86460
166732
163994
110844
149620
78917
101409
184260
188117
67506
79772
199544
136064
186437
196952
102753
70677
145502
155079
188899
140194
186856
196086
182365
148231
188781
122200
47951
132505
160448
183862
195058
167377
154947
188363
113205
146210
181501
191888
147891
84312
190033
188183
39816
100171
157004
129965
145069
178818
139303
92471
192305
121505
115651
45514
118466
163850
196530
155452
157228
190833
159891
96329
161705
112206
169458
153017
158370
162471
187547
184059
199936
194473
192600
196289
186454
198050
80618
168646
113343
180824
167505
199899
197346
149343
193191
115831
144383
112903
154191
150140
196556
198561
152654
146755
130531
154158
103475
19611
199411
173280
98199
195032
178680
199857
188700
69780
187762
37645
180887
190987
187550
22856
132559
158119
70777
170548
120876
111968
189569
196146
180941
182414
107821
163423
50044
130565
81537
147594
126365
193126
197870
121849
187982
158407
194289
150741
61783
164031
186835
161058
192279
146460
178987
110550
95741
45380
198229
132948
185169
197397
103662
165109
152320
196195
199885
62810
110441
120815
163255
155550
151247
92365
92345
151816
199505
188383
153782
138899
183802
167854
191298
148975
120733
136259
143300
196475
147039
188865
112952
176005
123853
192621
71715
106760
127322
95290
183926
193009
141446
10404
49391
172300
164823
165832
112978
166770
123762
173307
190995
141175
199649
128790
160943
197971
181595
86847
140321
136134
197589
157088
197465
136284
122762
165588
154677
185909
132255
188741
194335
190718
184600
182678
126393
197985
35734
191581
50669
141057
47651
130697
128300
81220
197641
146322
95747
89525
193773
46034
166955
141344
91403
166675
185329
174751
196289
180570
124990
179069
175914
127476
181525
141002
82055
167587
173083
50100
179062
78508
198676
31326
196745
138984
190961
145889
185417
197651
185146
191221
72222
138197
117632
182520
128134
160289
199825
61755
196075
185832
199700
198817
123858
155148
176238
115335
175185
182431
104094
183730
140589
183565
175256
159229
199585
197071
189805
169471
165261
110485
148950
195753
41425
198531
197367
44211
132167
132959
115740
170214
163829
157337
196035
142036
109487
173542
147850
31152
176926
104134
167393
82730
189403
164134
193465
146279
159588
197570
196975
195990
136491
189742
181120
185850
186052
77329
24279
115973
93601
174507
142815
136783
180824
182328
179108
22306
163009
113377
163206
123615
124935
29654
97658
183402
154612
185840
173028
149859
141555
176735
190483
128069
199016
154872
126922
137504
135581
189235
179885
112964
157243
112353
96767
194127
178718
156778
129995
167711
186193
177781
70985
128642
177398
182217
187446
122844
94412
96529
133962
152724
186084
120320
64210
125057
155882
181824
186170
67695
67810
166669
191895
196607
94493
197833
123607
161415
107329
181474
199658
86015
154456
174605
134110
155319
192500
130118
175731
97993
186005
155442
96541
194600
195359
144221
141313
193235
179175
183505
172097
199901
119189
173079
188242
147435
85743
178512
174462
176525
141924
196079
151239
159935
191295
150798
190801
143907
178238
181156
185184
155672
194729
135315
197136
176542
134901
102198
112185
188403
162205
187309
181718
106060
172739
195430
120963
76293
142671
67473
190166
184735
105528
134455
110027
185967
164597
144298
156977
43994
57992
167567
195869
103303
11991
169196
127673
37390
166309
138581
193995
173749
81128
117656
59098
119532
141616
161251
105516
56456
135114
185378
165583
122616
172517
190728
130315
158285
121635
187530
180018
184706
117954
89891
71133
133738
128507
102367
196027
198709
141907
186217
75567
162141
189157
199556
138511
104974
192142
183050
111874
73296
150057
182272
47116
133441
199505
168510
193252
165577
166675
196435
150084
186319
197034
113198
137003
170108
167743
156228
193692
67885
190412
160671
75133
132140
177549
171632
75509
154143
190166
122968
139179
197196
35219
195901
174692
174583
177531
187013
110709
198738
113348
166751
188564
113801
16012
167485
170580
155499
95138
172579
192036
168956
85310
173857
189254
183649
144982
24103
154116
90172
192383
175128
197982
160063
173778
117741
118683
124441
149348
153203
116489
99164
197034
138584
139822
147432
192933
126141
157176
127460
181424
187385
186210
146208
108517
158534
192863
127956
105646
103567
133335
70711
193409
190673
165421
25439
174767
63649
179789
155115
198386
141508
168644
116619
197727
197629
130906
152762
99356
158530
105366
190520
168954
167047
199919
98640
121732
180290
110818
32948
162564
168309
54558
173043
188143
177304
104275
143746
145278
166201
152797
159205
156984
180489
36886
121422
194980
197952
156857
108922
104797
179371
199946
104748
171431
100401
196787
135046
186533
192045
175674
193816
176099
88838
118905
126317
106338
198865
166049
196106
199925
196493
114976
190506
102215
197760
150232
156807
196597
70823
192366
107866
124827
165987
177309
100113
164598
169132
152412
134340
196624
193055
199037
179447
186993
66230
157228
98498
49260
124288
182780
195019
143623
134637
135973
179656
166241
169588
198998
168246
170783
83370
169605
195613
194190
133005
197914
143432
196906
99393
81406
161661
191762
134579
198456
101598
71271
186084
151342
159330
151506
166653
174441
123497
186120
74874
65663
167136
161845
191838
187440
27433
180224
118946
166259
181764
151135
73707
193526
31099
172189
145301
125009
173644
163400
119765
153157
71241
191751
189451
153431
190311
154530
120427
192963
144489
135162
72572
174708
44674
172915
141978
195930
87890
144401
191063
154986
109173
119415
102531
168323
196632
84752
78208
115261
184667
199787
196942
142764
111465
177226
187365
153729
144318
51632
188608
192673
57972
115327
157259
101499
134712
188569
173453
168326
88471
199814
46455
54910
194675
101122
133787
5399
197865
102891
189728
165031
102374
166610
181583
198346
72976
105314
139713
144506
195192
160796
193941
187478
186503
123146
189272
162215
96379
138084
116523
70670
137640
183957
112018
60798
133246
113718
122293
193875
198583
187085
123365
121431
158201
80868
184188
187224
94794
196316
199590
197648
198234
174806
193801
130928
159961
28176
174494
64893
21427
46524
159888
97654
79407
180312
192239
189229
181794
140571
177833
198675
171181
199885
196081
153562
102346
198188
168019
132023
146318
118935
199873
155823
188355
119696
81447
197411
165386
180464
176684
132276
123786
93303
73404
110909
175580
190402
91846
171890
178002
195788
190555
115779
197566
159899
145517
122698
159900
192474
171165
146036
101251
128933
185844
148647
189277
146474
178503
93417
64592
166417
93888
171952
101424
170402
187196
115952
145110
119274
119496
187150
63754
173580
120070
191625
165012
154834
145465
199405
135755
135897
198833
160626
198796
153065
84804
152662
72931
197461
185356
126348
166642
165276
173608
175721
189719
61610
181777
152946
178676
60736
164811
168709
119553
147599
189047
199857
197557
184435
191646
183140
195706
105282
147293
164210
199787
123168
139099
110544
194754
185896
148780
128565
165642
76882
169479
120930
160073
83771
153581
185027
198038
126172
199471
106499
150306
167327
194845
188849
192075
195056
198154
199891
162095
89162
196383
175076
180304
162677
77929
193232
180377
174509
152993
165002
160292
187789
165698
189373
194807
167444
150397
135565
181984
182262
193377
170461
183700
165421
117313
121573
139094
191967
164258
69358
143635
189580
153007
167886
188886
98874
195340
189172
168788
181007
168689
94150
150118
156441
148198
134222
193055
196373
104699
193264
197339
190415
195967
119283
189027
198928
197672
133098
171851
116587
127207
198889
183284
183884
163021
188412
115173
196963
72755
192474
106946
157864
128298
116721
198784
84143
198521
167067
193501
145462
40302
82789
59474
173842
174744
132110
147524
178745
19735
44849
163462
168373
193764
169902
173225
179046
175461
183096
199286
193820
176249
167040
169082
196236
112729
187583
148756
169816
154760
38688
194823
145256
148893
189535
134411
151028
126745
171352
192057
64044
99702
142898
192410
192690
168488
173093
180187
194946
59070
81999
194781
17284
140530
156215
159009
87244
141585
185962
109493
192889
188862
185177
177126
178079
199847
183858
131475
101806
157170
188778
74840
78208
89476
108020
195534
167351
168941
158042
129255
146217
181406
169533
148430
193341
172245
179106
130702
185306
197465
123017
179787
142499
196023
169021
117365
138103
152946
141135
113126
27577
20309
143971
89978
189326
113228
193501
67940
73713
180637
122814
22944
152580
173129
177771
165094
164749
140630
161054
114906
38250
199338
195245
174629
196731
103744
118505
95102
156184
196680
132435
139831
177764
95440
164176
194860
186164
184675
135718
198618
144910
146229
185612
180987
175974
199083
195335
154511
158242
197413
62250
153384
154099
193989
178252
176896
82841
49763
190955
176287
191091
122348
176145
172069
196015
165488
120334
184218
174644
176306
199068
148161
126488
78030
143945
94224
124799
181716
185093
163239
127036
192212
132872
140894
80909
188802
156126
198562
106319
55947
170290
199777
177586
61424
197367
163940
147168
185338
190050
168042
188489
72882
95151
130739
62592
139645
41410
194628
129245
105128
180156
168098
187602
152814
174338
189421
25993
135628
182231
116711
192729
174544
191393
164472
194726
185138
57322
155667
151060
152837
93650
29392
192057
149928
190551
191640
193371
136159
152177
187831
142870
179316
173059
151851
199560
172074
199316
178628
113785
187350
149153
168548
195146
178801
93413
194714
160775
160538
171369
120381
191980
72207
139485
197844
164825
113190
179420
96184
199748
199245
189072
140081
188332
184628
199585
176211
191345
189281
130985
177702
96187
39913
191653
185015
159877
196566
153509
76825
86289
136361
187374
197066
142241
185919
197824
168915
118106
164546
146532
185625
126507
198772
181745
183420
107778
196926
159247
87388
199787
198524
173903
190636
103641
197656
70610
190170
60637
197731
74097
72150
155667
197833
79057
161656
78822
150374
125006
177265
161624
140255
78277
178361
149872
182897
163904
131326
165251
97930
70163
135133
176937
72818
198705
193279
186711
36402
58544
78840
189907
60120
192286
139462
187204
115568
174301
92119
97857
195550
199232
197492
136049
119220
71558
199202
120391
177820
128702
68563
44509
192488
133501
47916
196588
40616
196486
131227
145606
168504
156818
147971
173030
192915
178590
197809
176471
173505
194971
172564
79608
100341
194572
164733
136064
198876
58602
160912
185075
178031
177186
99924
172292
53929
110665
171114
141472
139847
171848
195816
140197
198873
182678
193258
155603
171086
158582
44725
150876
190716
175082
150613
145083
191278
183179
170681
98153
102434
198095
150355
117118
198190
199243
101994
123431
134772
198924
195731
197121
111910
179546
147961
58295
73816
198669
180085
138434
194996
138967
153556
198326
180539
188291
192503
109583
129952
159633
123332
127670
157006
192646
158934
198241
161301
161828
188308
151369
197997
184956
197446
183499
167077
175972
128324
118324
155936
130362
147977
157803
57053
167309
161280
178007
174151
121003
154833
112829
168670
198533
171541
168796
198067
125168
60525
188364
156481
159378
184266
75029
188081
157847
69218
142133
174773
125241
69988
148912
199675
188742
188671
158747
143784
171752
187136
54181
182596
157875
156747
195272
190391
199319
189697
196667
179126
199234
170555
138026
173165
194866
191995
193589
197019
86417
82209
145126
156258
109480
188732
138588
197989
97692
199240
129613
160506
92782
124644
107340
154511
198150
193728
181470
115482
191967
150819
177415
183253
119512
157176
193885
116311
113134
189787
191964
85662
182849
161298
173824
141830
70492
179631
191085
161833
176878
14716
133735
116591
141190
193773
170416
139631
157957
147986
142987
135093
84431
191109
183805
63805
195537
145894
109544
64015
136547
129103
144190
188584
155162
114731
158876
127868
79650
99710
48768
154342
194465
140336
94565
193455
187339
186721
125493
61100
108775
187884
48869
66538
75448
118859
190848
171479
124962
181816
152227
188714
187075
117891
196275
139195
110336
174920
178153
193665
154700
15626
150214
169847
169639
134143
163965
171827
88015
197754
194439
155727
146514
153954
170817
172998
97905
119085
105734
33646
147255
159142
184668
189697
74986
163781
197281
197967
135722
72666
99054
186106
119734
109803
189770
150090
181134
48791
150802
170960
187605
138970
163618
166528
173369
168956
188353
161226
142898
144483
192695
197196
128016
198384
85387
85994
172626
156375
181972
131337
53810
199847
174521
196052
182081
182002
174605
164205
184537
192686
155628
146157
176977
105097
188625
162526
159306
199467
114988
141313
161858
199503
63333
179352
189458
52393
154319
172680
167784
195136
191058
170608
189098
170108
126124
141523
180275
123067
199399
196011
191972
104392
144982
172175
118592
120035
40800
175137
185822
198613
149941
191077
183605
125856
188296
158349
164874
147741
135246
172235
39675
124064
199105
154356
145910
69127
199878
199362
157112
190386
151933
59197
190471
162618
159160
172664
199971
33162
103018
154845
198451
179665
154451
84816
130647
127556
158525
58551
90620
188872
92354
144725
183591
124447
164040
128815
66921
182275
141858
140901
188289
163947
198767
146376
190338
143236
196624
176367
154261
147910
96321
136028
113446
176296
62568
194157
179793
149281
172261
191549
196556
73978
171002
156504
129377
70423
171217
195171
131276
173207
178543
178298
177764
93107
34277
188145
168855
179090
193471
53096
108196
151657
127762
97950
100368
179236
175911
144347
172979
193844
130006
168148
192690
188151
72541
127507
124999
109324
199673
116333
141316
193277
195890
156069
131656
192373
95055
191496
56758
184464
146448
173453
136362
176403
181553
152862
121042
146027
187061
192678
199658
118757
175045
198839
50498
143201
171655
199343
190141
196484
95289
184954
189382
166825
150116
33991
195516
172170
100734
192931
179568
114204
178616
117492
154789
171571
159011
188194
116781
136609
180773
76053
95723
131919
119907
142383
133464
107765
194609
174960
171622
140625
162559
69368
177612
157614
41896
192718
154771
192551
122329
145666
179903
181655
181533
173312
130188
150442
171135
114460
167214
193038
144865
197711
179145
71928
114734
144670
119529
137510
51379
179212
170365
45060
127502
194918
154403
152382
196289
186765
158295
181846
178990
199978
117763
126781
157482
118487
136617
192824
156697
95196
195421
143920
103478
133874
182210
186878
165964
164236
197745
160705
192590
135824
164862
191254
141495
118317
183327
181193
178670
172456
91023
146601
44468
190035
199654
173369
184478
153283
179914
161246
185037
122807
194858
181588
197101
126250
161011
111491
100029
172680
186313
52734
190796
198165
189574
197768
56519
148812
183087
128692
56477
171225
187835
190192
197220
95448
144884
116105
114938
191306
192709
26594
120162
182119
130960
102776
115974
192542
156254
103670
143560
71557
183381
107351
176672
166918
95438
90620
132231
194736
71297
100352
198299
127014
172543
181332
106497
114834
199191
178514
110767
177795
195829
128727
198194
186591
105853
186531
187899
175462
136415
136927
100999
194605
195504
145244
188261
173217
191576
192486
128697
110354
69858
151241
167591
198986
198144
198615
141411
199132
197055
108144
175155
178419
90688
199236
111216
162160
190213
174846
159372
174171
164313
181134
185378
153541
199869
156526
163268
197377
189431
100162
138814
181114
88850
173683
198819
183453
183821
126069
190587
122513
81578
181156
100275
161032
160570
171267
186932
199995
138997
81192
161266
166896
137761
49463
52331
167331
176736
167769
84816
109225
28514
198026
194007
161340
167292
108488
179583
79064
86983
194803
111634
89707
183183
193786
172192
195775
46550
18405
143387
177823
179427
26402
168947
167591
151214
196440
124443
185719
190315
187754
196088
181072
80812
160196
95948
177054
158947
102209
121480
168152
190487
189620
126521
72757
144185
151528
179410
77180
154045
122935
168889
24037
169061
116057
160527
194856
181740
189717
46775
136869
187654
154575
43577
164886
156409
153168
133424
155679
195089
189598
20472
186646
196538
151879
171816
113882
100237
189044
184055
126472
190321
134585
71110
173624
182733
195024
63391
154467
150474
80776
138293
139658
183320
198024
199063
185967
161465
175549
174186
199981
199052
88452
182585
97523
170809
164662
183005
121404
64974
190233
195807
139001
154915
189047
167810
165802
199867
169954
177823
111460
187340
168770
199650
126272
167847
197826
139970
58566
154337
108748
136044
153654
146045
185417
136272
121960
179995
140327
194787
158461
125200
190321
105620
16132
197900
114375
186196
167312
121380
140740
165675
174783
154797
133874
145896
56373
191213
156745
53503
151453
64159
159069
190523
192519
170617
113126
112072
134156
132042
182952
118394
60147
158455
176170
197874
127646
145487
133513
145216
76502
149984
195516
181264
189194
88046
155787
173510
182905
124312
172229
130668
180408
153929
170789
198737
136011
44402
118300
181111
192011
176298
134758
179898
168561
198395
199766
170295
168625
155477
166788
171272
129913
189338
162122
182842
190921
182936
188749
169324
161999
111410
111721
120974
177293
131054
85963
137870
182849
161707
187625
192556
195734
179826
167756
162312
153349
177047
98403
137009
176081
180276
118233
159046
191075
126435
150579
190468
197327
198038
95035
196847
131069
149916
161924
178984
59766
199392
44008
161507
134758
185693
166817
196081
101889
179195
199867
185755
166355
197855
184557
52186
119570
169433
193230
194513
183547
177609
128216
164569
46669
197648
181837
183188
31417
198244
154491
96234
178691
86528
100601
119770
117042
111466
196328
98176
197024
100821
36210
81438
199905
172794
103622
189970
125929
134430
150862
151820
175106
137314
158306
41224
68252
194577
143435
163939
63783
19455
158744
164686
85756
164136
138920
162148
107320
119002
176141
148987
149843
63485
87123
179538
101479
146482
32145
186449
176810
173275
116443
38968
109109
189633
90924
187356
179841
166294
69328
147120
173644
147181
157607
198148
188676
197517
169998
77183
117175
143440
168938
195880
134122
175885
173523
114330
187428
119448
197095
168019
118347
184067
197520
36246
129271
129370
199521
171274
193368
42236
153317
195061
116046
175796
129718
187920
186780
191834
140309
176304
69003
144037
186453
197974
136863
178752
98773
173804
157689
196215
168081
110921
151302
104748
146418
122827
199430
193413
88637
145894
141767
164566
161265
196686
128986
120224
176367
126670
47000
184300
195780
173345
122607
199521
171435
181260
145114
181930
143154
198449
120065
31909
73213
36404
182403
187388
194074
181900
107439
173151
80906
191370
43866
183729
156181
199283
196973
182132
86992
143397
163961
84999
159151
161855
32935
184583
154009
43349
149986
78226
89435
160939
156769
155018
174274
145349
144761
193353
151295
161386
56578
102367
138236
179095
189050
191343
73607
102284
196919
194092
180586
33904
96209
157431
188527
128988
193294
131924
198143
160990
102749
87944
107080
197952
130099
192295
101369
164665
179768
145105
143577
149786
196513
194894
180198
186254
185962
143010
156665
121118
171100
168534
193353
199916
191668
162055
82810
174528
147343
197575
197697
143908
197148
136417
36278
93136
128264
92721
97242
198259
101085
36802
131539
184061
160467
176254
181643
117862
170441
55397
135756
53696
120534
106774
108444
172583
146120
104113
88246
162213
173941
192289
198613
136003
193337
185991
138349
152068
55243
199711
180807
159869
62147
61118
183064
126373
179381
171887
91981
124307
144871
195959
126851
173835
86842
121155
191595
61888
193430
149096
93307
93936
131705
179529
48535
109388
198802
170053
192792
169386
194499
78154
64121
190635
183912
198479
69304
102104
199375
145072
174982
48025
159834
183608
64337
158182
180235
94075
168312
169824
113373
69087
188153
71083
83037
198583
100664
199307
194064
158587
167249
185798
183265
199074
156720
176374
191241
199825
85024
173852
173792
197754
195739
145200
192852
161028
79423
180001
171661
191706
178666
143127
174120
198107
148201
198384
124165
169695
199150
115936
138339
177594
186779
190724
191406
117749
181330
174992
196312
191740
169220
147116
82349
189721
80208
146516
141678
153013
176907
117003
166471
7696
192787
182096
195500
192355
95114
99221
16001
126482
195325
184983
58940
167613
195734
104971
153326
195979
126495
40594
48693
109606
103118
105846
159998
60128
91820
109147
188145
96137
172533
198887
189161
134206
164229
163467
190350
198108
151724
39298
187780
167966
189224
76550
87377
168845
197173
151222
60261
162805
123204
185111
180951
198686
192749
190277
199254
151619
115375
156547
189084
138529
172353
138534
195944
188906
65776
102359
195698
167451
179271
176237
143541
199841
80579
133812
71287
187196
199052
93738
176784
189843
158800
130566
182911
129524
190668
55557
43416
197115
175283
199019
159259
152444
189346
122239
187385
191964
176660
184926
119345
114261
169378
155536
142378
198859
195731
62946
89859
163421
171139
74975
112924
194002
65758
199150
129987
108940
181450
133157
121297
135537
130451
188422
154670
111240
77013
94245
116819
188097
196342
184643
114039
44969
110375
183291
110660
193662
192738
195348
188534
198301
66611
183955
182788
181673
189982
164290
108858
109381
149945
191552
157560
171021
190050
194294
195994
188097
149848
171343
183117
139241
179581
199550
194377
168220
175146
193549
115229
84172
144355
83595
104636
198435
135087
178264
194271
100824
163084
189940
68746
198821
64205
110426
196913
163443
156635
154874
199338
178861
90545
60955
146054
196521
72323
150135
191210
132532
169827
158724
150336
186126
198343
118506
179358
150876
119436
103158
166932
106867
139920
196243
56929
172539
151645
196189
199808
169973
133046
95698
177066
168746
195146
136737
176419
183533
80474
167871
177894
187569
134771
197092
101655
147727
69080
194763
106403
199227
159235
196075
70055
182959
197073
153523
100904
102999
69512
189187
138618
196449
173028
153895
138564
80075
83308
172808
158805
65836
127318
173061
156887
199103
137486
49901
174754
197661
81667
133877
144254
197485
115341
198683
61986
114175
171351
196061
19412
136579
111685
178388
108348
196677
134884
148790
147356
136847
183438
180236
109727
85080
190398
195353
184977
107306
161228
111568
188071
156098
95934
135873
49178
173272
24974
171417
152425
195163
187139
132408
166929
199821
180033
160039
134497
183935
150471
135668
184528
24041
197425
120082
155647
148284
91093
192921
140963
147122
107819
81262
185984
189921
190415
162981
196623
177524
196684
194332
199759
121564
198204
194911
87321
146925
109521
22129
197872
171671
199548
182857
180556
127330
179726
176282
88483
194501
154993
34289
134871
172708
102116
190771
186118
195032
198862
151128
164984
194352
196035
187798
170895
176863
150030
78561
144241
194837
89857
78266
165873
128695
151320
170046
66493
153484
145253
169527
195388
196806
182509
195753
197926
197344
125968
187837
153624
198778
141328
191432
135974
131257
104945
105685
113446
121416
146217
156486
181783
155609
106596
120173
145757
164557
133931
182675
159272
176555
198709
195979
179090
192531
195458
192704
157403
171329
116159
144736
151926
198705
199438
198359
113156
199873
72135
67693
161597
199608
196006
184754
171187
99195
108583
180131
162867
199797
140704
89227
101969
198265
45583
149822
86130
81961
56058
189222
188430
192491
183148
106544
198625
196874
180249
80601
40088
180968
138555
196035
124111
160237
187309
198862
111868
113890
197551
187665
97513
112520
188217
47794
193975
100685
142892
146786
139784
192104
177068
189119
162303
156200
103318
199717
158306
97147
172528
37800
191449
120648
76101
185749
97783
198876
196162
183616
172998
197998
141808
75981
144912
179589
188778
182783
194694
199934
174548
184499
183170
196848
199548
180962
67326
190260
198841
189609
131631
141419
39804
115475
181270
186440
130598
78153
93348
181227
85029
197994
197900
173554
192520
195081
145465
172763
174224
92234
198909
145831
171246
171451
115216
67481
47245
174774
83337
199615
190876
47919
185290
199519
121792
191409
186721
180398
94120
198207
85664
141281
169199
198928
78317
53552
163216
170538
156018
198683
194088
197455
162424
59321
189056
106787
199927
163728
175152
172931
178223
168499
48289
197759
192676
196618
129309
134503
187935
78949
183883
156626
147980
161502
55560
185358
77065
108436
194623
161513
180103
170456
134074
153805
44758
108180
194134
194701
148522
167878
80735
121699
173917
196158
144334
195760
68528
84151
115156
121443
198037
142125
163114
149715
86344
195248
198889
169962
161758
77814
135864
146531
135879
141050
160015
172116
126491
93543
157514
127947
196696
127361
182909
109444
191600
93876
190494
196084
114447
187833
190842
90969
166843
170617
117728
83963
194943
127194
153458
163133
185954
46488
197055
199278
174864
66542
120393
178102
189471
186938
99144
134242
87395
158295
91093
131640
190762
119610
122408
190650
175648
181022
156018
187400
162708
184672
163781
78299
150736
56201
154711
161202
92501
199988
151010
197888
178808
126919
105849
38226
184832
112705
195376
197703
143022
100661
120128
162378
179613
95683
156190
156916
93857
132872
174521
198323
195157
44129
120074
125814
152318
78492
180773
131854
129405
197477
157097
175693
197597
182987
193525
198468
186057
191980
183542
173753
89942
181560
141281
121686
178662
191622
113735
185135
198710
135777
84446
196923
190500
185001
98229
190405
192256
144472
125916
133788
93454
191525
130479
69845
159645
100794
114633
163498
86228
156512
182422
161878
157881
92045
101100
81430
153590
109761
151992
169816
194746
184468
176503
193724
184726
199553
156529
193384
183316
140084
134893
72135
143494
156432
122324
149678
155636
136515
144454
138154
57985
120517
166579
176326
166221
193102
193808
140215
164672
199893
30814
150057
189646
138014
141625
192621
101337
14439
189180
175373
166004
172019
180552
105253
128735
141517
133538
73506
164355
199673
188141
185511
190903
184408
86994
63011
185108
196733
153035
197507
156384
176566
199307
199294
118548
149304
174449
87380
70944
175020
176160
110910
192043
191579
12439
156667
51905
64361
177751
168962
197642
126842
197570
186365
151804
187534
185347
131877
164566
93307
187224
197109
180222
173918
199034
156149
187136
199324
193109
127234
190153
193221
169111
172601
168724
185614
197103
160888
62187
166030
199307
180745
191806
178252
104152
185625
177010
194525
153044
192988
178367
114305
142763
196735
192341
180518
198055
194123
189415
131297
184036
176566
90128
153542
150817
92162
46962
197733
181008
190166
109319
133650
163792
143430
136167
138140
188552
187618
161752
63964
195694
184052
45457
96988
155386
182654
75971
64601
33430
161080
162790
104210
169431
198561
177678
170104
183917
114597
120633
162310
109333
164507
153572
80101
186588
186001
114207
104629
191801
84024
191980
182888
82819
154662
156377
186291
132390
104914
186147
181559
104232
133441
116262
8226
95432
151951
198466
190273
137625
190468
198211
199136
27650
146007
196442
80906
198257
167843
147226
123259
168326
166400
185535
170630
104896
190036
127001
54560
165809
154618
113967
197279
159096
129405
120265
159830
173862
198660
134391
123488
194917
154721
81389
135794
184402
191290
162979
130242
130254
175700
176355
119310
161112
146934
81192
81897
133850
107965
172534
22953
181183
144725
179214
190029
90999
142168
198659
146472
148052
163100
196048
102992
174301
197287
64270
196071
196566
85659
144616
150377
176669
118189
183100
135035
194702
101852
192660
169557
187224
156196
142699
164529
87480
109033
186711
188847
142996
191329
42536
190761
199553
176352
199574
126960
137577
188683
182310
194325
85192
171908
186346
38259
97494
173881
108320
182403
115119
99969
152316
34588
176005
84291
195157
93110
12260
189170
130838
74612
195219
179070
171956
199145
106614
148038
72866
192156
197013
104860
117829
199457
191672
171752
185432
198341
119217
29552
162056
188769
131760
174835
191825
130042
185565
121665
159041
198517
195335
178439
190597
186597
177434
199112
103824
171064
123087
145642
142287
190909
137751
144622
108254
162186
142341
149754
197397
195800
173001
52737
154371
106604
51556
140774
47707
34859
93063
167298
135162
158035
105533
101764
192531
121363
196751
165954
176431
160919
155600
108306
158871
60182
199907
194701
169890
140261
144355
199294
152972
188934
53327
161235
141611
189806
110703
195509
162078
188710
199285
104358
164158
138968
86631
175164
98520
86291
160255
182132
194773
179081
193714
198236
156724
132849
125248
151944
138334
88957
109636
185361
43636
153326
169004
195254
189038
83464
197870
151503
65827
127180
141858
182136
199912
91971
196797
142660
173458
118940
149202
176436
160427
133826
40356
193375
138504
152843
144045
147153
35166
189439
98311
165580
143815
176605
115701
196847
61720
164444
179016
162785
190838
194302
148497
190772
138636
134736
198646
151812
133774
159328
183946
174152
153017
153716
160457
166338
160872
198496
148458
135578
182310
153852
152330
135717
174104
142750
162191
193356
199097
145221
123697
169839
178630
108722
190783
162841
154198
174179
187679
178254
199531
182157
196233
171422
147990
122049
188084
163772
174119
199957
181383
194190
191600
198774
188273
72772
97707
147390
137863
198628
127380
184105
189119
198807
183495
136700
72106
191584
173799
108847
154319
135551
167036
99533
180124
170865
132276
146559
195667
152119
167899
160987
163999
171904
52732
164196
192925
195354
155754
156227
197430
180484
180386
148804
96561
198527
169256
110297
193354
194574
199526
165864
198535
47870
182303
167632
189487
190086
127701
127456
108273
167147
199717
157303
174434
131889
191207
162278
185825
172023
198576
143286
46250
116182
163707
198406
127260
179379
28871
99868
92366
132205
191099
163640
199291
160817
154856
120626
183477
63708
139260
108944
89782
97897
151930
191213
68537
196552
194982
120096
155458
126521
147770
199348
87760
130395
142684
168808
129773
82950
172897
172689
182809
126838
186614
177453
131112
86508
107969
184630
88001
192966
124807
187621
192106
73177
70843
70978
187159
169620
162747
194648
87356
191990
191802
70884
195007
131367
127185
147356
80400
159897
185592
135422
186229
159240
195353
107870
185457
52356
65815
197961
193410
149902
122430
160235
179811
181955
186072
73390
171179
82800
149365
125084
180451
181603
194391
199283
186057
123591
133403
192841
162241
198586
129996
164883
199777
142779
156871
73601
194453
88429
92357
118272
186829
188515
155854
116880
88682
176187
129902
175243
185003
193272
126967
181574
150621
85482
195754
172432
165905
78583
193857
153570
144454
177965
22860
184847
171205
188339
197440
184156
64511
137271
82424
140777
180483
83801
192716
178089
134800
195946
173627
121410
191621
82233
192104
106588
55524
87231
134441
192378
172051
59346
196950
180319
188060
197287
196629
195096
188809
170909
167599
114940
167220
128322
154377
191850
125352
109995
172031
128345
169278
108570
75898
192444
193987
167050
113278
96466
41101
169346
25849
195381
150851
132279
49788
199986
178771
177019
135415
199464
186259
181424
186134
176911
87430
197208
143879
118293
149910
141783
195665
145740
164063
160542
53320
125282
189089
102488
194453
105487
118547
88009
97449
83335
178411
159494
117763
141224
154521
194686
135035
149794
194976
154011
143571
175345
114624
199598
183180
188744
169370
48168
199124
142227
191507
195838
168810
119303
81487
198011
147533
123983
103003
186196
178437
140996
192590
195500
163949
120020
198623
166691
136599
134836
163961
193494
41317
167680
116465
198778
171722
193338
47006
181912
158137
168816
98364
101304
56138
158644
100337
168910
188167
198425
153991
89031
152227
198679
198059
186316
112144
169953
158180
195599
189129
182157
173808
118042
153764
170432
47543
177407
194909
91059
92070
195212
195665
166525
177779
109510
196535
58818
189518
173953
125760
187631
187410
66012
130679
170511
169431
176247
199822
31094
199205
147248
184331
181949
161420
198308
124130
75775
88689
180994
187324
124046
191149
178927
94730
177316
159004
106953
158972
68958
197052
194318
168148
183220
197482
170907
162391
198862
173036
54216
108429
178960
145976
96177
157896
166277
65402
183762
97074
48689
195211
195683
181648
176922
191758
186356
177647
193897
183832
161904
54676
193795
189680
166518
186407
186400
190005
155329
65686
134050
172486
190353
156144
187622
194380
139151
196874
181603
176839
161180
155565
177849
178105
85509
140536
194235
116996
50877
192013
109680
181034
71351
170287
148248
164545
185417
161739
136696
172780
75781
78353
173501
131429
192366
196323
184573
156373
127612
164936
55265
149843
199700
127257
82031
64572
187471
189530
130451
153159
98317
197369
126604
183238
48855
158162
170151
190934
139691
95888
198180
162403
198675
199532
145202
68723
81930
156711
135126
186891
189539
174733
163004
117384
103988
199426
108468
130453
183315
150198
71121
191727
121505
88893
140385
190353
130286
134416
187605
38572
143756
180414
143056
130585
170935
140890
183754
161238
132337
189634
133592
13679
79868
175551
178710
147390
184251
134048
116300
140733
170199
118382
136706
196919
181780
152199
196593
121554
39122
197234
139322
18646
199958
181527
171088
185127
113121
129309
146783
144054
133894
126992
163263
163902
84820
181837
152197
194565
185177
123770
149290
93593
186373
103875
175821
162740
185594
199070
142960
122781
199090
192274
60463
175582
165849
163377
60335
188102
176933
75138
103673
195650
189074
182470
55500
165877
146660
197824
186003
181885
198787
126538
199650
140472
121122
111795
181616
175283
194698
55872
116596
169218
143045
198810
173774
184587
199988
56879
186479
135663
12461
82725
195609
145173
167465
101252
181068
179229
197829
177512
184211
164309
183678
49463
176309
114295
131839
188396
190904
134066
138178
172235
196908
183815
65924
192195
178199
196075
141783
87942
151221
198411
179666
169460
195099
157663
188124
137937
150591
169669
179016
134934
199831
181513
167702
197584
198854
129148
50864
157042
153092
188228
137573
58317
191717
98415
49323
196616
148752
105617
58731
195492
74278
116166
106494
151542
194081
140698
137282
197750
172610
134090
103527
115661
28553
197750
197052
176450
142097
180033
196505
119436
124648
153092
148136
158137
119656
179523
127006
187463
199426
83957
152480
158802
191435
20183
196125
168730
178872
81131
65441
112773
152233
175497
191298
191474
110111
174382
179104
32919
185426
199232
143393
134459
99198
151043
179055
189977
197309
178632
174414
174196
170982
174854
22174
69493
147757
196046
187571
152849
117861
78532
195607
194750
192941
149984
163195
198174
104587
166368
160792
56086
196497
187294
118175
150155
170705
179868
198544
199132
137347
115285
155130
187003
188442
165912
146381
47409
67708
170724
71407
147737
150726
198841
155151
198276
154895
193834
156665
144603
129793
188517
172490
88754
168294
144426
199532
167761
197778
174844
181149
188440
151125
59104
104272
165890
185146
179778
173181
199585
17191
136730
178806
177693
199867
171714
65599
42862
81020
181493
170774
165961
56517
190741
120087
91923
168361
161099
146195
160516
143627
197778
105685
168326
36406
191987
194520
138002
195525
140218
92001
90859
59170
182228
108232
109539
160626
184412
195860
137602
59288
22437
194180
171559
122639
189637
135635
199988
117549
162147
126086
164900
156089
148899
185839
152225
36096
155487
102721
195638
191207
113380
174108
148391
151102
127532
195997
178404
70622
193171
164955
186664
121582
175586
192283
142717
170762
198613
166837
125018
149541
154261
156428
176815
197576
93817
187422
182860
36093
143097
69390
101592
38603
144736
164934
190576
164310
171021
140869
29373
120543
102484
38612
113660
156603
189919
128975
174234
170869
195099
115399
68216
99884
169600
181427
186308
197213
155275
141392
117306
53790
125346
55985
161842
199894
179278
167622
125493
196358
191284
186916
66471
192835
198617
174753
188015
198278
155764
144499
187528
121039
163487
148671
27113
162757
155625
168435
169399
35767
162041
61498
98740
141093
114444
192797
199217
177258
163067
54805
198354
70953
169300
199368
188664
90176
190946
132152
53918
190129
186922
46531
98786
133287
198077
149860
170511
153774
95258
142747
198821
164601
180779
194636
168846
188038
198204
153089
35637
179450
196876
153729
149617
199291
192098
172918
114380
176378
169152
127726
178537
150923
198911
137110
129602
185765
100377
198541
191267
184819
121777
156975
105246
66808
168786
199652
145546
166341
169612
188517
112330
98299
163385
171740
93968
134479
143379
24968
135428
132796
194373
86435
103763
191077
168948
109161
195665
136399
126766
148511
110290
150421
84169
135624
195254
179787
153782
63223
101471
104813
75481
73655
175927
199766
159720
102674
107093
197433
199822
175662
160256
138110
59426
99468
136751
180057
197046
188872
129974
164902
83454
196879
190063
20993
190182
189989
188336
163016
172312
185922
132562
172739
194951
162172
154467
131380
188849
178572
158906
159848
103667
150830
193368
121728
130741
174630
124355
170802
108131
145526
144598
131883
195067
112791
59472
151963
150192
150203
188082
113679
144262
99314
181390
158309
148091
163413
131591
124345
145778
199876
112087
175582
143657
125796
198361
128813
122779
170655
147315
194871
195295
199543
154313
159862
158698
91442
22281
130533
184065
49212
118649
85013
183838
188958
125333
96715
189481
176489
132653
189837
89744
190601
190199
192216
183478
146398
149830
133579
153888
199140
192902
189510
24330
190653
138107
185825
180359
185430
149564
65452
31644
190808
113927
185016
151581
199624
165790
123876
74079
181511
195208
193417
157590
177123
145671
128345
41261
197523
170926
132820
183390
178200
158019
140533
173044
199921
150628
102029
197245
67945
141762
109338
96124
51808
186305
199452
171726
188319
185504
43388
133527
63165
199902
43260
198724
199893
163177
165636
138786
160856
197711
183793
109680
194676
172603
95370
127337
124102
82615
197958
113496
196727
150869
172606
59069
51092
143663
135468
165118
184216
199585
108893
189060
189834
137246
191564
197344
61303
152279
165149
144901
191470
198299
142019
190808
86368
127458
195239
157560
156915
199420
185075
128050
152868
38153
102891
53491
141140
180951
142824
199547
197974
199544
122852
188279
184149
115137
168027
170924
177110
12736
160586
169899
131180
100428
117738
155323
174117
187663
157284
50441
168283
191221
191856
73108
163218
19111
170187
120413
103863
162540
189127
35416
191301
188971
189346
161143
20092
92899
92187
195004
142404
160728
65955
83593
140681
197768
154760
162995
199683
52863
170785
170474
156455
188625
186311
169407
160948
122018
196895
70073
195021
119932
35500
91657
70417
85886
182456
121360
160248
169915
57830
185812
170720
188622
193030
195816
166459
91971
83611
165430
190109
199100
88964
163765
189241
38153
193727
82537
165549
172992
131831
167549
178035
166248
82825
69242
186292
165928
162725
187853
99605
146874
58737
181260
156421
148482
182143
173059
129628
77794
93335
124319
134959
170880
198710
121931
146786
159814
128509
144326
188299
179377
197982
178158
47394
198428
178420
198350
131453
159992
154191
149637
37451
181102
167451
184325
169545
198533
199213
158382
161314
158091
137874
190101
196484
146803
169847
197196
70762
159405
97664
177061
74553
131863
135584
87344
177753
108895
117421
73293
127018
181112
192693
153903
174620
28235
191530
93550
171128
190000
66421
102509
105914
167809
98899
106847
185237
179707
199825
47979
178704
108422
158682
142852
190147
150381
98714
35121
183303
188274
125361
198791
156809
130037
181939
192283
165437
197207
126436
166658
155973
108192
62868
78864
170862
148357
152576
193632
47170
151266
85174
128620
67687
136238
122553
183694
195276
62222
123916
174120
122173
129651
199263
169397
198972
174525
195997
190286
152177
168357
115468
159086
147580
161415
192817
199628
177528
153065
177326
199676
161139
180381
181709
126521
105418
175024
81872
186334
168864
126929
197776
170442
128919
187626
180712
181662
193294
133178
111462
180837
177231
166030
162776
172715
197534
53128
193507
153984
139714
81815
152124
196832
117644
170168
36753
146298
192968
124021
183427
187471
198621
58336
93094
135149
193111
190113
99546
182927
185115
167495
129279
199634
105373
184405
56857
196143
105239
199822
181904
184417
101662
198276
182470
177115
190566
53854
185151
164367
104534
159546
118591
153490
197647
192006
199211
168079
59731
113510
113545
60007
168933
97254
105813
108637
95509
149782
190285
165128
155890
190242
135085
133966
167295
194435
136764
171339
156018
127862
160341
197312
119592
182609
195464
186493
100823
196252
175844
182058
140497
169361
89623
138718
73324
88159
134058
116905
189028
163507
191572
93461
194043
116576
197566
186571
102408
116295
196816
74217
149870
141833
198921
177612
152932
139173
162065
140172
199422
185047
165224
135722
183577
62406
163105
186302
168871
174503
149578
191997
174250
192512
195605
196816
189754
145314
23651
172470
158605
197118
184712
166004
59794
192578
90008
191583
125337
115344
65786
113818
54192
185182
188252
182065
40794
56456
179384
172474
172219
137433
134380
144565
194722
183591
95387
157543
77568
176933
178522
81483
146320
146759
184706
177013
187952
65842
169724
146671
88202
161501
183501
158435
179521
189117
37841
178212
69317
150688
199512
126891
199555
198865
160278
135618
59899
104199
118641
197799
153739
147854
139726
198257
137676
180363
179809
114048
173049
155888
92554
127438
85909
123233
89863
145263
146681
109390
186783
198690
172175
68797
171369
139338
122439
168481
191343
48851
173412
156512
62803
181203
66521
183855
196721
192211
161944
179285
186657
183316
174119
25378
133725
161200
147823
193323
191736
157261
194651
161904
199130
193157
168228
184770
31565
117929
123690
171932
160348
151811
131791
135942
175181
182231
195300
146007
199663
152772
155306
59734
196257
113054
20600
113666
197023
149497
186844
139401
172670
171152
78755
145742
152444
159534
172942
187965
194845
173134
136026
133214
173584
128697
66570
158980
172747
115857
154722
140936
119756
188439
154374
143534
183828
99907
168958
198065
47748
184502
193727
157088
197791
152077
100364
190412
56256
133158
171111
174990
194776
197033
199911
82357
163138
155844
196873
124348
157915
180293
154568
192564
199624
153523
96429
153139
180348
191265
175713
187366
102284
189024
180865
171538
77575
111165
123042
190649
17662
97578
145571
167527
183183
157466
63519
186799
182516
95951
195075
75690
63975
145124
120108
114718
157392
145345
166491
199245
199666
185565
155861
171611
159646
167153
195276
181304
174660
109381
161936
118842
112731
167225
191429
190405
168689
178728
110036
194081
184731
51636
48145
59322
170396
171237
192653
157463
178095
198974
159937
106235
181848
189141
180753
178527
154953
134044
143502
18520
181177
137734
195747
150400
182021
123983
198835
185412
100978
103792
191572
104891
92504
179176
197735
65959
187077
192590
187741
190064
129099
171778
199296
154045
178897
35076
143124
109106
172633
136955
171256
57654
164439
180813
178490
32047
159708
190786
175702
192251
162141
123106
196581
178098
66684
192778
24744
183350
174138
190662
84237
166926
97437
27251
195780
184132
63559
196841
46367
164247
129636
167114
116812
110921
100387
96561
169527
173826
139542
161429
111801
121418
132605
193597
176509
48559
158744
119209
177716
48531
98299
121332
184685
198962
24615
136227
113609
191429
127182
175623
199992
188145
93408
111564
197656
113451
157947
164496
132016
176608
179345
179006
146746
157945
175338
176173
108277
159844
66641
173664
151628
167820
186824
157875
144800
111497
109300
135439
197325
28629
172064
126662
178354
185501
109314
146934
183598
169090
78134
170465
155488
128082
163796
179210
193696
179587
106771
147675
192544
163150
81597
163200
144152
140174
51497
194057
167466
195928
132863
136172
107415
126976
181979
167795
170132
181763
154429
149011
116025
177876
168293
115356
174647
196876
151140
192542
169365
51504
140923
148364
181348
58010
90943
186644
102637
89457
139080
74964
170356
199095
194851
191878
172044
174840
168257
115602
192242
87505
35902
188026
183300
150397
75278
198581
163770
167692
175058
186569
114424
175053
130928
100868
88760
156581
153560
121732
93473
137467
165475
62171
57731
54621
153426
64060
148049
172666
176377
105726
24155
141444
82474
156442
158891
163435
194763
74595
195330
92171
157139
190070
155903
179171
173574
158947
194441
129824
187941
80040
97647
182283
174417
199252
64237
193978
176684
131686
123077
161557
161850
70458
108156
169202
140593
104835
175130
195470
164496
109345
83589
124177
108092
192883
194343
103783
161781
197290
187032
159443
175199
161571
197703
189709
16891
117907
6433
121518
185519
63657
78219
199744
59211
32389
170259
172159
156184
112480
193463
199938
146398
103650
197815
197328
53677
39089
175500
131340
152063
156700
89253
199333
189011
184426
180769
156053
184810
186655
136072
158813
182104
194473
78544
191015
166274
198604
116901
180805
62772
190844
140247
144433
154057
185082
198685
173757
156119
188754
60805
148907
128739
122419
169667
167892
171549
188993
139421
183608
85209
67987
178066
168047
116869
165091
141942
166130
129609
107311
196400
168269
92657
160551
176343
180839
198935
16550
136932
177806
137968
114555
199170
195602
191168
199543
92619
177379
8383
155996
178113
185292
144079
109840
172994
194560
192268
183681
139399
198733
171551
79369
39315
56738
192599
165651
95055
180143
175343
143791
198575
119830
129333
160706
163789
110288
157064
153615
194008
167749
167644
172067
192775
44477
177058
199417
167136
146630
180518
72087
168139
102836
122340
10191
185878
191633
78079
199711
60693
150847
190884
199438
97540
195988
198671
193598
194769
192877
73116
92962
164213
151872
160859
139076
178177
181280
53566
122427
149444
153719
197265
119085
121271
143045
178793
152238
181439
78799
199446
158897
90416
144775
83174
196822
149921
189421
192572
141867
174115
176920
94091
126725
169605
141810
186440
68690
173237
195151
125183
93353
185919
178252
197603
175258
151769
181920
110979
192279
147444
188002
126725
199391
183998
187303
44431
100768
196856
178057
150465
187589
96474
170159
106452
197926
99249
160101
192522
122639
168429
194074
99448
19096
60195
59848
159969
199808
177559
196599
195874
199544
155026
163573
162686
95366
115039
186238
95505
57320
124597
133386
188838
141603
195379
105481
194605
160754
194254
147642
22566
129645
190644
69024
188339
116809
117390
194011
192524
157144
79821
128787
85256
71744
76113
40199
179096
66955
44855
148944
193634
166480
181759
197824
161858
138298
170449
199435
167711
133218
167822
33414
193669
51215
197367
189834
174585
72100
181228
111319
184364
77969
194219
184980
126648
121909
197829
111622
101267
152140
185856
180600
191273
61507
183005
158206
137496
191469
172980
95532
41442
183802
179396
144657
66406
176676
154295
181673
40726
194176
186813
197407
131355
180710
90653
194869
189769
194113
54328
188925
176962
127165
130286
137245
196284
167246
121133
87094
197617
158077
87618
107351
172088
109141
195102
182343
197294
195367
65026
147170
164355
192158
73052
136792
178577
116593
96534
198787
112583
158684
149236
170237
78175
155023
183007
180418
141819
61336
196384
132658
191941
121195
184559
146018
45998
107923
151451
189351
184896
170398
149155
198928
111528
194513
146093
189400
189474
185720
171340
188901
94788
149750
179626
155246
174514
122324
157737
192688
144516
181388
186463
134122
131561
175470
107271
96598
129614
139501
179139
179367
118497
182178
181613
198805
96983
182034
178550
196911
187286
195807
187927
177955
199899
193942
160337
184611
183030
180252
27859
62721
185024
146832
134151
126199
160167
199705
23576
180355
119169
106117
176830
150163
192262
76769
183855
103817
172404
181348
184206
82305
172765
197045
144018
180236
165064
166229
34859
178309
117042
163574
197128
91217
163737
188010
120974
186256
181615
171282
67453
87222
165906
152412
183117
137971
199370
157957
102070
132101
153320
146618
178826
197546
189297
135075
136544
193577
153620
160807
190275
82035
181178
194784
195421
147866
169053
56242
195927
197411
198716
168839
142194
184699
190643
189491
178883
179826
177266
198700
94076
187910
194888
175317
160360
195979
174939
193955
199997
93763
188499
135682
139257
151596
47280
185698
167230
199843
174011
166806
124299
127125
180073
99706
158112
182030
87110
116879
170008
152300
147813
102018
180304
134652
157097
171489
197860
198778
161346
179409
153051
199981
159315
149855
96217
199971
165941
159603
193135
139243
98364
198445
194896
166435
181866
127816
111502
199512
126259
60500
68623
58599
15146
80383
99280
182449
194243
191111
129046
198613
149927
61364
139667
60562
190449
96033
177727
107786
118684
57218
192611
157517
199147
136324
39284
80269
188348
196624
168114
183007
126627
194250
189695
175795
141603
187218
199592
113593
96349
184304
182622
71144
74672
65206
129907
160381
195383
75063
198414
191464
130624
162281
131387
141217
166527
142101
190825
143032
82085
86122
98168
142423
113348
100767
175625
156012
179967
192276
198416
167016
184215
117003
40589
184621
84701
99307
176855
150565
147567
97087
142628
140692
192981
177811
146800
127690
198251
170418
176009
139817
156237
189892
169983
180846
199867
109629
133222
48520
195340
130848
157560
111726
84812
81152
149045
125009
117078
176576
151705
83975
170555
189650
160933
198190
127667
198645
182485
199008
178270
147954
153247
159176
66911
181058
162749
145413
193223
192045
79432
105376
38989
132571
115911
193989
173149
152659
153749
186052
182444
160691
182801
65966
175031
174341
108903
14444
70089
164841
137381
188239
199227
147801
138461
194717
137842
183313
109209
194793
125890
185867
181533
113786
101337
199394
69916
185654
140892
170914
189138
182920
132493
175362
157855
145526
118791
106260
195916
188889
187571
150414
197743
193604
149396
129101
192123
187857
135949
193353
164805
195690
154930
188477
186511
140440
196930
42032
53431
184895
190784
176499
199115
196491
186922
134562
82230
198261
197409
176097
194628
195354
161221
199248
163295
183118
191394
152139
167252
172175
143578
111894
187894
5372
154854
182136
180377
194364
171323
177860
148887
118317
199134
13820
167283
97150
99746
174129
199927
144273
83883
178654
157036
139471
157166
169647
107271
161163
190039
128590
101895
184615
182933
197098
194978
136186
163955
107175
198060
152622
187737
199587
88082
36229
185429
172327
171245
130067
186140
171871
174652
188987
191064
70460
169471
69405
185406
196484
95747
130525
154194
196583
173006
110564
192619
19204
182549
160492
184182
107097
104646
48620
171161
185080
176137
132714
155688
162463
194487
188403
186480
169261
188161
50417
87890
159014
142227
179162
184580
185907
187500
123780
183984
153887
161063
150726
179882
197603
139613
169049
184447
185567
165437
194189
150994
166852
167343
179449
196316
137391
198956
154346
103611
52960
162165
188725
197228
188597
193526
187435
75942
162233
182161
199139
171499
174960
116199
149519
167386
188029
194023
12199
76383
197008
168953
47253
183960
175072
120692
146704
109965
137456
152006
172831
164078
156849
179334
191597
183397
119325
191469
195905
124925
128543
193074
196268
70196
191202
194298
38022
181546
77629
123141
27561
61118
102131
176506
146681
169931
183115
100929
121701
121604
146102
171703
164402
198273
90500
172952
166084
99612
122359
180100
63174
79225
168376
176175
177496
184521
184156
141353
147808
197722
86933
148081
63021
138441
168220
81057
56783
168751
158697
161645
60281
187405
199240
113657
117710
187307
195383
177555
170913
161409
162102
94530
138520
93631
160008
185508
180614
129963
196988
158313
129255
133971
175374
193586
136304
194298
138567
106333
62772
113825
165495
198546
185926
174843
143764
69905
150928
154592
197752
184559
194986
44584
182724
194014
162393
187465
196013
54392
125950
112776
190258
114175
112389
198243
158534
151249
192073
193811
136826
143233
170520
190517
127326
198506
61062
109869
180983
166199
146255
174082
176431
61579
126914
198317
199168
117987
182268
168871
120947
167911
139617
165987
198216
182634
121552
137003
183716
184892
199954
191146
155028
198828
45072
188672
197061
198341
191672
161050
110256
140869
181987
151983
199649
197260
177437
178928
141232
170489
106086
198569
149049
154880
158824
162025
89500
190338
188975
157354
171511
191464
114166
179449
127571
143946
147488
189000
192227
170252
197511
199661
121371
176750
199658
198001
105133
46759
114707
198339
111222
119950
188578
130668
123583
180651
171066
139718
96572
175002
198224
180941
81081
179023
198625
117276
126111
187017
94394
160864
141382
149646
159967
192328
199106
145050
160834
78191
180184
180717
155508
188920
139531
187602
192457
176918
124570
167941
160435
185954
145431
197176
98491
171444
61641
164900
50072
52688
131107
148242
89820
143108
157153
121470
165750
175095
181595
185919
157144
172343
172358
133138
199859
196706
128431
189049
183841
145136
154937
155884
79729
124685
170615
161643
174959
148584
172314
24988
197771
132334
138221
195563
174785
181048
193483
141140
175194
196326
179992
116429
119361
170785
182749
175764
91196
198607
185619
105459
170243
171200
21026
190560
188717
148222
58107
171624
193105
156679
177447
198456
103467
63148
158316
189003
158867
86459
191391
58199
159448
197554
30454
81800
137952
187583
49148
112304
196626
121131
187942
122894
165116
191566
123403
186449
154427
87119
175640
198248
123857
197397
174675
189652
195405
168889
172368
153507
176597
187899
184980
126136
161812
126477
151079
191598
162659
80896
95352
195310
184101
145896
169399
179804
185315
196895
121461
91846
169763
167395
149548
156691
169376
164380
142289
197706
148267
180416
176337
169265
182890
185521
183652
174176
147068
65147
69761
197168
151767
191920
165256
162812
154378
176010
188356
120501
187034
106257
99583
193804
180730
161898
189060
195894
171487
154340
178813
195990
92896
180675
156312
187563
184306
152847
190794
180903
175799
196415
164474
162108
58944
142549
98174
198665
172927
181366
195429
199706
97189
169086
157560
156525
174008
182737
169065
162027
115045
74476
193568
189235
197401
16885
132959
170235
187083
162102
193837
158627
151466
155880
183016
189434
131791
189980
160035
194519
135455
159026
147455
166583
181553
188744
122496
47155
22400
181823
146301
136780
169704
182075
90953
169350
188450
145909
82257
188157
174707
192147
158999
190922
160008
198196
173439
82901
133261
142277
186017
165002
197298
174848
143913
83393
92317
198275
94080
150569
137252
132542
141179
154297
186090
199576
123443
89181
187018
146660
148254
194385
96639
79716
192678
183855
171762
75295
59618
171431
162215
195138
90022
182431
194952
157298
192571
171421
137818
168047
136055
187687
181149
103938
178023
167875
187418
34272
199373
189564
93119
198517
198253
127090
135627
190066
110709
134944
199894
136677
84717
173192
184068
45302
143969
187249
198011
116594
168770
190392
191044
91578
61781
190195
185100
93826
150210
182161
178387
194800
152300
138778
187607
196029
188717
148019
188000
198297
191278
182081
194941
69346
70734
105492
133166
162315
193977
46577
83139
162007
184459
150109
85997
175186
134180
179278
131312
172042
199781
191768
197501
155950
157139
134413
67870
96114
43672
149792
68960
98571
188141
191259
192495
191675
196770
166465
170760
70928
177697
194263
108438
135286
184995
131168
196346
166881
177394
169474
166478
32244
157292
161104
41946
199816
146038
184590
147216
81644
176824
191125
70622
175526
145773
126514
155964
64471
173859
188980
140647
86284
132847
180499
183703
191130
194287
111205
143674
161752
118660
151553
194424
92421
153880
59749
41566
190621
145189
151414
183660
181846
191664
185511
188722
120425
186663
190866
198914
190476
58307
76097
144289
177659
136624
177959
108502
172937
148938
172001
194447
199314
179821
70556
157710
154669
89494
157265
199957
197684
165471
126216
186170
168757
78858
174720
73390
199508
129970
168643
133941
89001
170832
162718
195486
171458
183889
111100
198642
198222
197140
91303
197945
156115
120186
194989
161533
140161
30497
171399
89270
196660
198799
151537
122851
187017
183219
156511
133196
169707
173776
103530
166446
192520
53208
190199
93459
127622
58952
160217
179214
186925
79608
133315
163205
180858
103072
126662
116742
197549
106508
94671
160326
189193
192595
167495
199921
181592
157737
116315
187014
191560
133598
153988
191263
185511
197403
160253
169214
196913
157023
161238
140916
170349
89286
64359
189692
166791
158374
144136
151383
41617
56502
151299
197492
138920
172291
199263
97853
130308
164774
176922
158237
173683
190203
195429
156371
66573
162112
188331
171796
141184
152573
167477
169848
130022
185693
198505
48476
198442
133335
167393
180336
55095
198244
194456
112057
192854
185804
64749
144923
137719
192925
178001
127458
151137
194620
90286
195811
177865
73427
142600
151919
149274
168469
198295
97809
138014
98172
185406
187191
151595
188189
183063
82225
109970
75402
197824
102160
180430
94592
199070
122849
117649
195208
139770
141131
166000
118575
151556
101892
117028
138926
130848
198792
199422
132280
80201
198318
170781
146951
196164
168728
189703
191970
192350
170612
198386
192493
66017
132039
145295
151570
174162
110007
183965
103864
82735
109596
136362
117741
59213
176750
161992
144642
96223
144364
174314
159516
195050
199957
192024
168296
75200
144412
197967
180530
190222
24494
171914
195032
164447
137453
95180
164962
161123
140947
163485
160126
138042
157794
115720
169435
197087
142145
83853
95511
58660
187982
183039
174640
190673
182675
179785
96537
115932
193980
140763
184594
117129
109718
110722
166084
195126
153410
3624
114841
136813
144199
142774
165191
191944
140066
100457
173482
177680
137655
196897
44521
181031
195134
129957
168613
187440
76679
41892
179159
52223
197850
121964
147571
141408
108823
182098
153171
188048
154816
142076
194496
114914
198851
102650
177258
195121
173852
152074
96676
151907
167219
196054
84770
141525
195748
53766
178062
146889
153945
180311
90886
110111
155950
189418
169131
154323
177328
164210
112076
119562
107621
183966
65758
70747
163385
124822
196949
192715
182660
78986
47350
165802
182480
168515
197196
157446
191721
181222
51499
79290
110153
37617
70303
160603
134836
47160
196930
174791
150767
190362
188788
105516
74546
188427
178162
196328
159690
142542
129769
52425
95171
88905
108337
146981
161056
46804
192957
100703
168286
176175
189188
194835
196854
188024
126791
182562
165944
174395
173416
91488
172013
107367
161353
125846
26370
113438
126004
143864
181501
198442
196727
175433
130995
164741
66361
46795
199804
193747
141140
197401
151818
180960
136615
165570
195744
172299
189641
187687
146652
137636
157192
166797
104326
159026
190235
85911
144308
159357
116575
198956
128749
193724
114853
86506
197352
92488
163534
189977
147919
64791
78375
131430
182022
145365
199676
195316
54998
116677
197241
104172
153128
177222
192369
141266
126545
198055
124061
93905
192041
117474
183231
163334
196272
138263
56607
113514
166768
106525
188428
157295
182030
195230
178852
160217
194378
187950
119827
140286
191427
170748
143901
162353
168257
127991
180996
159223
195504
188896
165569
18729
198548
142654
92143
182840
146422
184858
121258
125271
193852
150752
196760
167011
143890
120201
38826
183809
198743
180332
115600
153686
136355
74994
128439
120130
49738
198172
108015
167688
86039
196853
150082
198904
95266
91953
194782
40904
196013
197501
176937
175863
189417
199738
146394
165202
168101
191622
170064
100113
22672
197256
188194
188353
106032
74217
160056
196873
186238
143474
127540
133659
180374
198909
186421
169693
25422
149420
19660
118847
169850
189847
152865
134081
177088
160089
145250
163440
108942
29529
174183
81143
127870
101119
176117
67842
177793
161963
186631
185898
111008
146438
144986
199438
140313
185786
169946
97728
142375
96886
161624
193034
185575
152047
120484
118952
56678
198524
120937
137566
161216
94135
185461
175890
181396
185625
109824
52960
152896
67635
75637
152934
99327
166682
173228
195351
197207
185575
119566
171092
169535
182070
87801
128654
100899
169324
64459
73898
153919
165245
148493
189704
198969
195942
196369
87930
128360
180983
198074
175702
113775
121476
63943
105594
168629
164316
184855
154512
172397
183870
157788
125944
196536
184437
188226
165170
197612
81518
148543
175630
50135
199392
118965
197581
179005
155479
97910
139887
159297
173928
190677
75147
184082
39082
181199
71641
142004
151999
197883
146825
166172
178138
153083
81358
188151
182687
198533
139305
80627
138768
146799
132102
144264
184547
182076
193073
196629
145365
173301
186534
98927
163630
170363
92149
189869
94404
126599
106515
178556
86205
67264
195719
185223
197397
199971
95505
166494
153210
151787
138850
151505
176455
187511
149225
199333
164502
199406
176996
125784
148099
194352
178506
178762
175445
175609
119980
174797
190836
195721
184464
126732
175299
155518
180644
168751
164885
150038
197766
170297
23756
111343
186311
195992
184940
181388
192977
99293
198224
177454
50940
127898
147517
52755
195593
189529
91731
140148
81139
186975
199730
156511
102932
155455
111594
164241
193490
134663
175725
123567
154427
69437
169713
182865
191890
184251
54168
140774
112929
194349
180164
135486
175028
193871
147543
175175
23696
159891
186386
193471
146467
183918
192132
174055
63133
115169
103224
158873
80844
175855
172306
168925
42581
134856
189830
112299
159816
152428
189970
195795
181834
135093
197098
195022
122503
114785
194852
106901
104988
175834
138903
182307
153498
180360
86484
187508
156186
81152
199708
183148
166593
151798
186724
152896
127922
192286
166685
149825
195790
185945
196440
183779
189222
136084
178955
198435
190290
92031
192977
172254
199162
173478
111690
197328
170543
164471
164758
100682
196929
81659
167209
184147
199991
190084
196568
44054
199227
198807
178295
186534
9862
77736
123173
108456
197456
199265
106467
147337
149250
143366
134446
123360
198498
196397
177415
153727
179167
195410
153727
114441
92889
153208
153449
119907
182065
134179
148814
197164
181869
89162
120149
90835
112662
193204
163467
189572
197974
199537
164996
194204
179794
198688
182492
116177
174824
174281
195587
195690
198598
161090
109379
95604
42358
178342
184419
69448
197642
150198
77837
183288
107603
124317
112553
162542
188232
149416
166787
199475
151790
158499
145470
193435
190622
158833
192414
183048
184206
192926
20270
73676
181665
128910
169488
165980
119083
85179
192321
141212
171021
169624
177335
198854
175341
171642
198596
147431
178214
194104
181764
121604
160573
177219
55224
198889
172725
149500
180426
10878
133634
115379
199136
152068
130826
199598
123631
192951
147524
129765
192821
7564
111697
100290
197316
187435
114875
131702
38637
190650
147482
164471
90346
83507
192070
186032
109133
153777
76009
151351
194302
115101
191745
177409
186490
108720
192609
133529
167176
108360
195178
197576
199333
29862
159915
198688
194416
146018
199418
146599
185504
177725
147578
197210
191648
94716
199997
198789
78073
107843
171666
192941
18649
140761
189964
186180
170979
195753
159928
186821
196238
154382
163069
182350
107362
143340
170644
194466
192390
88076
161876
194271
41583
175804
71917
161358
96310
189823
113563
178408
135605
197128
124066
191441
175307
192916
116008
126866
58110
84461
116443
197810
82244
195312
136961
154172
158313
173132
165717
196192
132000
153548
183770
110003
122038
162939
181523
199391
199205
54637
199118
172754
130914
186611
160052
184616
168333
141718
51614
190707
58026
179483
158889
175480
196279
182044
97704
198837
197304
196270
183428
186279
157164
117497
77369
174920
174558
164261
190783
69281
27481
122005
111471
193985
197168
149498
57160
139080
199628
80605
140350
26607
198317
191778
28566
141498
167136
194705
179944
196226
165353
113862
121673
197294
182146
167180
162446
184810
139139
87196
197148
191437
196155
191943
109346
171632
105730
84951
139876
140882
199224
171902
179674
137117
167399
193013
147305
199430
183334
185370
187105
199539
195800
192973
190944
172233
105777
188646
144022
110956
170677
114284
73601
194428
105843
89672
64025
103472
156978
144839
166698
186685
120376
191816
89232
140042
178798
190013
194633
199782
186783
97378
181236
152414
108598
178916
137975
175318
94203
135864
169334
99448
140843
148804
159727
174051
155669
172779
56501
156759
159103
191600
180517
177425
33136
109550
145388
46696
169018
70424
119037
186862
99657
193843
198907
187232
178723
190724
90940
177882
154126
135883
183706
131406
118215
80821
146491
181330
180691
9414
193615
168855
181929
89672
120405
186036
192286
191102
156635
87901
140204
182820
174643
152293
164068
135365
139901
121155
85924
130806
181633
161165
150944
156613
195683
110081
199097
136632
197485
165577
178371
191046
191850
131760
169824
56846
88429
126280
153495
198665
122548
139439
40475
92060
151533
197759
104460
103500
65694
187842
195634
144428
178096
193116
153768
87311
83474
115597
130547
196166
185098
127288
126576
185645
142554
174263
198694
167160
155571
189500
163703
94421
37763
163307
163298
69497
101451
78818
199711
182710
158926
143658
131902
190689
36690
122035
143112
178975
199977
198326
195026
183198
190353
198633
77933
195534
175400
187959
155145
170259
111584
109361
73639
93375
147707
183164
190398
197281
197869
105767
175454
140853
130352
184812
61654
57596
199304
173131
177161
194712
195939
88955
195295
183582
176793
30403
159651
174240
181279
109542
193144
199708
145799
135043
197430
174132
177644
156149
127794
183584
189004
102160
163949
52453
72748
189437
111455
108086
151822
197750
105832
164114
181191
179593
145071
137905
150247
171238
198527
63123
112022
116952
139729
196065
176359
144562
196752
133192
197118
73696
192992
181418
148148
162753
160967
158806
176924
138899
104595
107409
189102
194358
103471
177865
199174
143117
161536
199894
148770
85960
176326
188190
192121
191671
189717
196122
148903
145460
174458
96643
190216
177028
133399
199819
155816
151068
119454
150327
172823
181705
181141
136865
106353
131172
197071
198592
88502
133384
155012
181290
186403
110691
137476
186787
25453
159565
179288
199658
193247
166520
33723
192341
198640
161856
187793
117142
134121
199479
154317
178939
181008
158582
197023
81007
145238
46123
74135
190604
161645
168244
183271
194250
190772
120634
155960
186238
189050
142442
192690
97450
109074
196804
76667
158900
94686
174185
197659
175465
169090
158502
180493
193128
172990
179253
162346
111815
169037
192824
103359
142391
34532
152314
169293
118691
73518
73686
192185
151190
183291
150619
37815
198912
103359
116359
156320
191128
142099
91429
139328
189124
199621
64785
176884
160563
161689
150915
129602
199582
165059
93664
134391
134329
164688
199525
171968
169700
182977
136784
198295
80058
173824
199209
90201
199788
193941
181826
185344
177197
189134
88506
196755
126521
66708
73291
156824
105456
198380
123048
177043
59540
84279
42833
188130
164554
184843
164615
165585
189783
126011
190397
93262
167701
185656
77888
132093
142830
163616
199811
93633
196690
191583
156697
191938
174710
195823
184668
182360
167545
192248
80637
190415
31888
140745
193251
179499
106793
50866
197985
191394
175163
175124
102974
199183
64476
176389
192296
135440
85148
131021
166474
153199
172693
158722
184018
144356
182549
196429
198426
180509
106353
151780
184604
192858
64620
10890
89892
194669
160922
164825
188130
181398
157090
132976
176124
153044
192542
198760
103062
131010
73284
186109
131558
142722
157118
157823
120312
189801
189324
198393
98532
135535
183883
169789
48947
154374
157903
79098
199854
141716
199211
40695
180773
142563
153078
187504
97584
126019
198608
161389
134408
196728
153272
181904
167000
49052
176752
175278
149554
114757
190236
198397
136588
199012
157983
152544
194220
133125
116418
139465
137237
89779
195805
123805
181178
196727
79525
141428
175490
154840
177693
164631
181251
99402
143669
86275
96225
168801
152718
199738
155171
140615
158928
190372
143297
169615
95120
136840
35582
189243
187094
109635
199657
168275
191174
198386
185280
75243
180212
198323
160291
63913
115702
196073
193379
129222
173868
162329
158567
199089
170734
168922
40922
184783
197573
197985
162742
51772
127027
148802
185315
198943
175206
186919
173580
115758
122873
174161
124996
197387
199827
167337
180641
182987
185355
108448
196966
195690
138813
49017
24190
168985
193147
150662
195677
158830
191496
111192
198397
67905
152922
195398
66802
99743
119394
173984
185121
131399
179276
189773
167596
198077
145866
195148
131099
199205
197144
117565
195878
171017
96479
195410
161160
153768
165864
197199
134558
178535
175388
195082
195306
88747
53352
33956
145366
157726
165152
166892
197568
190330
166856
186840
91043
138139
158265
156807
162816
132939
192423
148140
183024
114417
79113
162816
169975
106465
100132
110067
106523
138774
199076
93319
62800
154713
180600
146404
170293
185003
178358
183780
82880
193009
49628
72988
182510
189958
127025
195064
193924
176663
97140
169350
159026
137224
158550
171974
198130
197346
196079
174611
131765
167709
186038
173759
120048
175338
155656
135486
134980
131889
142449
196965
146146
188427
195533
132701
142209
121783
175366
70295
153611
125701
195014
193389
196369
187554
21111
144120
140403
194243
194458
167541
144618
193489
196930
177488
179587
198623
190462
121418
93857
176699
91109
199405
171926
172010
99375
168739
185665
120278
152206
199995
95827
196549
182619
195302
172417
123314
191210
198259
196653
155434
108028
135500
193308
192621
126945
124631
173424
151287
168830
191735
61706
193085
91879
179509
149351
129323
197664
164829
198363
177066
178498
181509
185303
174753
198389
193559
168267
179324
131679
114538
164966
10937
153049
129276
174594
141139
133359
196711
43166
187014
137289
116064
161513
181498
199500
31159
154548
91650
187984
157424
146811
194641
184896
139328
143895
122367
125248
166381
143566
112714
133148
181693
65102
195848
198521
175637
164749
109851
115380
176491
164922
179798
165000
77911
195451
183117
186261
80760
22618
77164
153805
124506
154940
64254
178137
68280
198815
159969
171049
171879
164001
119859
121315
192520
51145
109767
138604
160963
188508
146778
121865
199426
139680
180895
80698
149773
98929
135039
124666
193133
199473
195935
180643
145820
40700
146193
194972
197501
199902
176580
197759
176042
151855
157679
84598
89912
144066
185773
181460
141438
161540
196578
92936
156312
126499
180319
72598
190076
198354
163824
190226
29290
198224
33841
141790
182052
194347
132471
149804
85492
42073
165440
125275
147240
198965
57308
198809
129388
195805
165280
166451
192211
67299
188860
194469
60081
118622
192615
192247
183638
124462
198215
198343
143097
154571
195486
165832
154092
123947
157997
168420
195142
159465
177033
41916
127054
69482
82779
175046
44041
170552
161096
174090
194356
196626
194534
123736
140654
92113
141964
195144
184712
181852
196853
192884
181264
141453
71325
153596
187059
158256
161338
163949
97444
86339
88806
173225
146329
149159
101900
194289
145979
197158
116465
42177
125602
122202
117907
40895
136710
178223
124810
159294
70452
199162
133236
194720
36755
41856
155697
128727
131719
166770
143516
186995
185609
141964
199711
94762
79756
152362
117257
187822
151928
147215
113563
177979
83148
197852
116955
57706
134860
49905
156984
120002
174077
82507
183733
188774
174261
84161
162830
185667
179229
124860
198138
71170
82191
58505
165186
191856
197568
151874
175379
134041
152647
175330
194851
190575
164655
189213
183795
197986
193148
92307
180020
155547
80032
127597
131037
171838
107630
165694
181178
199683
185237
189149
96297
61082
194641
97728
176199
141822
156442
154458
177108
150754
197267
115969
94220
185937
190293
187417
159652
162659
92620
195196
186148
172256
155130
194442
45201
198848
37939
199621
178668
80579
140264
141912
183881
138492
180457
196328
155711
186433
132186
116427
45840
196286
187387
58807
156394
196881
191037
173859
120595
90230
115299
163728
164310
104965
136315
83063
199581
126391
94494
150028
77514
150688
117650
177623
125463
166130
107148
34203
190884
156916
97978
192737
134866
177135
198295
133704
198122
144832
172974
176585
190258
168782
191701
158265
79492
176194
180311
178506
199666
193924
195857
163718
121295
198437
181082
68050
166776
101079
162614
139872
195259
98072
179117
196819
87732
32661
194972
178247
188484
144610
152801
188038
189896
189324
195092
199224
130739
49552
92362
180476
122164
187458
89143
69015
132267
63454
116562
136080
75105
169255
104671
169872
197312
199368
111376
187385
128012
180110
134082
159961
27010
194488
199479
83184
151713
186151
189576
188522
198202
189659
23640
197245
128598
85345
124105
50974
192729
181358
153196
186985
180921
179126
123526
77051
198663
111373
134812
196597
120616
151922
134611
177568
73548
137273
184327
197181
199657
158596
133697
142767
186562
143727
163133
192053
180528
163806
164230
40895
70810
168185
190474
98877
198009
171883
132476
170333
57068
105407
95923
181241
114683
197765
113733
179204
149866
199676
197648
173723
199603
183463
199183
193730
118370
198364
195593
182678
159937
147444
194290
106566
90870
171470
190101
143978
74780
128292
123857
89689
152400
112929
199738
171743
135443
124825
196900
97100
128815
160473
176900
169141
144968
167505
192358
133788
177128
185867
183089
129346
108682
182472
51070
149948
199157
194493
76727
192678
193433
196470
101814
98275
122313
132102
184975
183057
158949
155791
180737
198652
173613
91180
76171
122809
147804
196731
61394
187590
51522
198802
68894
95036
180424
191752
171357
173096
127522
182996
164056
180244
186993
154677
67103
179245
181742
199480
137713
155438
152451
178582
178365
145050
102361
182252
112824
185898
178822
163546
184303
105564
133873
198615
191731
199437
108820
189921
183443
177427
142349
97432
175589
194934
176819
199574
199916
140459
147558
173725
173194
195492
187954
76194
160753
188832
107603
188681
152967
162511
180494
176456
101516
142065
168129
198341
162431
135922
192412
135570
179767
163947
190643
163177
182478
86346
81648
144696
20440
95733
178684
166264
118254
135125
194735
191858
199981
126233
192023
134756
83539
49317
195611
194662
187673
110830
135005
127346
122264
175035
129030
79989
162154
113380
174120
199321
150919
185945
174015
196577
102159
192635
191024
123314
171538
190046
160671
198132
180217
193436
63516
186389
129163
151814
133676
136443
146338
176718
154872
169567
108649
109930
146010
152980
115397
156132
174175
145370
130222
159814
190762
113949
92498
119026
197290
187566
198376
185875
129880
30898
96997
199785
197913
199774
155941
191054
126086
176271
127304
198672
179611
139990
171857
161291
184002
166941
69078
199512
197105
199829
71060
188714
171265
120955
111625
34058
176570
182838
114295
166054
173156
196714
196092
146537
194733
155111
199187
188477
169541
184963
160769
93967
179920
188455
160153
79994
198031
176050
146923
182541
92910
185497
101911
179415
190141
189197
180927
88076
153830
195686
177699
151228
66950
189792
196410
126963
131574
177904
152492
103775
81175
156904
39468
188906
199446
151008
194456
146766
142423
171931
185350
158443
185623
108318
130490
97893
132197
52248
157126
96598
187884
109732
157312
81148
167271
91262
113587
140005
170873
94745
159277
36473
120492
196942
50546
162526
198496
129892
173812
157099
183779
133562
192558
115826
199411
77677
125307
174049
138704
187114
163601
163836
25220
197382
183454
186946
125746
154528
177049
191142
198275
181144
197575
110720
88885
142482
96085
174444
147255
163751
162160
160052
155544
168277
196979
106946
193931
158125
197260
194307
112459
110894
16376
82599
129395
193316
193285
111046
149032
158722
189795
156366
100338
71377
167209
195063
156704
156119
180911
190061
186292
156358
81633
194166
93785
166306
156621
115566
191017
100651
196588
168895
170979
178825
153959
184101
198723
134398
199450
197314
181553
196149
94512
185890
175505
172019
96064
196670
173705
199043
155327
189938
195953
184464
185577
172954
198161
90595
196629
155816
91463
198456
137591
194735
171820
187654
189984
120734
76586
148316
12635
174806
150798
189864
150392
196776
189229
105646
52196
193494
105577
158692
40261
175731
138906
195451
191201
108401
135390
155741
185448
145727
194499
184844
127612
53991
178956
196131
197298
182013
189521
140304
186543
120653
142864
151871
176472
189944
189977
97809
108757
199921
170694
166700
181519
122710
127105
38032
84264
81463
187232
151521
144806
152683
95822
162984
134211
192302
169641
193279
172631
172942
152917
111756
181424
197220
161728
173688
62235
184905
115859
133844
166658
63678
142034
33031
162979
186509
165101
181949
110737
100862
120010
180903
197006
171565
112558
143426
149182
131488
173175
190815
192813
184437
179614
167507
184600
65886
132308
170487
158127
195553
162281
197870
174097
152399
133888
189873
196140
181875
184249
195142
148174
148208
31463
169939
95611
189138
70528
93368
154013
108002
38784
135001
169648
111924
172447
193644
182543
105393
195824
66201
196888
170398
127796
168230
89154
92754
180096
172239
149860
194929
183184
164993
86901
185149
177906
153313
65254
83991
132004
165378
196959
133508
138198
186400
117947
169512
184423
185719
183780
199967
133883
149191
199728
77135
181912
167246
184532
148331
199931
131841
181326
165367
154530
151458
176506
166430
69964
196700
191955
182098
102978
159410
191231
86757
193158
143401
183372
185396
171954
169574
82665
155425
181662
184009
197619
166718
133480
174147
195911
199406
177789
26026
39198
175470
86847
167371
190044
199794
171331
151800
198943
198983
65724
188151
112676
103572
189722
196895
149186
156766
121993
168980
193586
187702
142563
124633
93903
149274
190372
101220
181955
110544
176175
198480
172127
145751
64426
169872
63387
143053
197446
123445
122160
65122
160621
162762
165635
179125
117741
199487
110169
151886
177623
192369
194609
154404
188287
74796
164787
151199
81065
119492
128772
112840
187773
194560
73919
187586
190939
111660
178825
105310
144686
108541
169531
131199
98302
189624
141061
141914
192615
127081
76362
111233
190759
199864
96119
186440
100567
131605
186534
168575
185714
198015
195725
41461
141861
189074
199399
197362
111066
192588
168203
162762
198521
150386
54152
198021
180257
80142
198618
108479
130037
177641
183092
88411
149267
199744
100145
95399
66386
183697
174789
81714
123950
144880
190143
124348
193900
122031
151458
179723
187278
101146
166281
183039
168008
130784
186345
196381
166266
199161
173846
173706
97720
145589
157568
116834
110251
191009
169771
172648
188901
174055
163435
178890
194278
199087
127416
186274
193503
197964
159415
166525
182365
41700
124922
114589
193399
169193
99094
199229
158373
161413
171689
194495
175171
132478
152393
194284
128110
91573
135624
131513
137984
87923
142638
150660
194083
151176
98998
14588
125957
192167
127893
196164
152257
75013
199348
183180
177902
196999
80406
192178
146294
178761
82638
175415
179231
164298
150948
198685
195477
199089
164838
186176
95814
123436
160488
182420
187352
170374
190664
126679
181533
167605
17514
148535
192797
189730
157498
168400
87178
169730
146503
187915
174234
197587
199388
183385
160169
170243
159465
146329
119585
116004
199936
199664
103427
140662
150183
173900
132895
38218
91921
196045
123929
187255
195516
199715
167557
177951
110853
191302
173401
62093
196979
187526
196190
125494
182065
146069
173635
124143
187569
137755
41561
107108
175283
185945
38578
173013
169433
198699
168909
176480
153260
194123
130393
175967
194620
122734
180124
177459
25152
162644
142434
109721
86853
125241
51772
181640
136694
182751
69669
52705
124548
197242
185957
195826
175103
179737
155954
53994
165295
184653
190709
168672
180170
140978
164464
199411
115059
148373
80092
128453
68334
190434
81127
182136
62023
199298
146994
165669
156481
151830
191576
141630
85799
176608
196461
179987
187787
153438
199487
194088
194422
180958
157603
181548
172319
70733
147537
195091
195665
161257
193714
86462
172176
171578
124183
76724
40334
121838
126052
74928
94597
196544
43222
139497
168020
199921
105754
125742
88007
171783
183363
158282
193803
177419
198114
150838
184370
199565
190934
159795
113358
124122
177552
160523
53258
160144
136044
123121
147248
87885
115179
141016
82543
144608
198420
176656
42897
153961
184181
122395
156049
61712
192749
155964
196851
122560
181640
73813
177859
156330
196440
99249
187228
177323
188473
149532
192686
69905
198842
164976
52677
197276
180423
162785
198544
197023
147770
107630
187908
198756
184881
187903
149432
161022
130519
196098
159629
142673
199766
197604
178637
119729
196318
57008
182588
187473
191909
51006
153097
194626
69630
194456
57437
185457
166446
144298
125384
195085
192787
140574
89592
60358
150657
191886
176974
141204
155727
194694
167238
182340
156901
185900
196684
197603
160176
187525
186932
174231
151082
173548
156915
136304
31386
193509
168060
134335
155456
190559
197223
164479
175716
194055
199981
192285
199752
193264
198065
123072
181680
134256
168526
185865
102770
173513
196785
64299
116484
197429
132095
153507
112493
177365
36955
144844
127864
157463
188639
135040
192373
192750
163700
198952
187323
197341
170411
145553
112708
171097
195384
175511
160137
72851
162671
181929
127128
32104
171400
195767
148208
156920
91699
198068
152305
191360
192420
114168
197508
157352
175908
183083
116679
46021
189748
178915
188742
165214
191675
150549
65102
193735
197279
170620
184968
186271
196270
114150
176007
170783
132839
75245
150731
156031
182320
114766
148038
164909
124023
192657
124600
132881
139011
102738
193613
160497
195279
32603
41347
195001
145795
127987
66909
198308
179679
191024
84226
138315
161786
181143
69205
161549
181041
102936
149986
19726
127295
198566
150523
139840
93513
184432
89404
140398
137486
167822
182949
58968
95721
183389
197724
191631
191068
159695
168807
174477
169101
163052
162671
136800
194280
181137
107624
180719
149436
129329
193873
186620
179719
126860
159867
65279
164562
164616
128739
197576
199928
57824
186548
92157
192124
196345
191002
157990
196243
177033
188610
108609
157973
132588
195196
143300
68413
176121
179920
190551
189229
140238
177380
153773
159194
184677
169447
148286
120192
190799
169217
174949
147493
112820
190063
158172
107500
126293
149640
150315
156036
165367
114609
166428
189071
196984
175453
44134
136203
115106
180306
192158
61649
168023
187829
195909
112813
141838
180424
189907
178464
154489
179316
199070
199444
187085
147174
90814
66462
151991
170320
147134
198763
67386
180877
163371
176886
138962
182931
187663
111671
187967
146832
164132
147307
173971
128935
116231
144210
147762
188058
150735
34199
104954
189172
114281
94934
52175
196915
111672
112197
199049
194220
196475
135801
180964
170256
188219
147762
90068
71060
175171
85617
188067
104420
197716
182250
196983
44521
170869
127321
96706
127397
164251
187723
153984
196215
148299
127801
182547
165142
82839
128417
120376
69419
173292
186382
171816
182687
19735
37059
186938
195325
104958
161204
134721
155390
193700
65722
127529
132343
199909
91693
100977
186031
163143
114380
93729
164609
88806
90629
173980
99480
110083
55135
163955
45882
174675
166057
177146
151402
184512
118961
196703
199886
113028
164523
152802
117063
77389
144960
147567
122592
174503
187589
182343
195077
190069
192205
195281
75108
153244
184987
171269
102149
175329
198903
188552
99473
180977
171176
189692
17349
116008
193449
167185
96122
161116
175691
155648
144173
118055
185734
124399
157589
135797
159073
172444
186862
128588
175743
92414
14139
183816
55934
192806
41415
31906
187534
134448
83812
148983
36432
188554
199487
166602
152564
174575
162700
142437
197184
186020
159915
196656
171111
131615
72538
119720
176407
179064
110573
107654
176798
191829
145885
140350
194031
161756
116691
81737
149494
126106
178582
171722
158795
166797
190664
164224
129336
126095
187991
165863
106766
59377
188586
160012
168886
31705
128955
158365
150558
152920
175916
199736
198134
48472
178121
71058
158210
98883
67952
192792
189146
193438
82617
198907
146571
163075
114335
25560
117227
141026
161966
128584
135025
117203
167031
178572
187731
169402
136099
135583
158842
83144
198140
111356
83872
83380
184968
188998
93044
172865
69029
122206
199582
182214
60016
196997
153832
171724
156793
153832
156418
156383
28580
75917
183844
179888
133998
198301
168396
11906
68527
140839
139365
180150
32158
178925
183128
191192
95095
136157
111113
142947
180160
186038
199200
193361
136242
124224
119144
40813
138438
157039
192777
196373
69268
196246
193286
192828
189600
174747
181511
154366
185877
56726
135557
116295
169642
168214
188973
96484
105877
173185
76974
122195
168715
162705
111857
186057
198617
191672
186444
102953
199316
97576
95899
144236
132511
113177
103675
120567
185762
96215
172448
69991
170653
161251
175425
159825
172700
199964
143025
197706
105691
196541
172019
22777
95030
105289
152866
185073
184158
193554
199961
165709
198541
199634
173995
182780
194349
177167
197604
108053
69046
52801
194208
188962
160140
132587
188615
156239
167458
173815
141179
190891
195705
152420
189449
149767
172811
120068
181662
195282
149745
165677
144190
114029
93990
177727
185455
198073
195863
173525
199263
130913
156615
188645
135966
158391
193413
166377
170685
109068
138424
149932
196451
66977
79393
108433
92535
115448
127950
63629
179108
87315
123373
178020
157812
101088
99551
91885
183148
4661
191227
126382
123908
197943
110293
169713
187290
81081
190517
198224
91189
190188
41228
133746
145620
177258
139579
103475
143461
156132
55470
191631
138596
146723
163994
108032
37218
133341
186097
193181
177612
182609
133336
136877
116706
171769
193248
165636
144772
194513
173024
90842
152206
161037
35098
189246
199083
81792
181472
193820
69220
187394
199112
168049
120701
180977
194612
195070
73588
108451
122262
65052
163226
149279
151714
199534
193141
129400
133295
161707
198442
195553
183909
190801
188962
177852
166617
153086
137074
123806
64260
109362
179633
134747
165863
136339
190835
162873
52813
187458
161392
76925
184664
188319
160253
172872
199227
152501
174373
169224
141349
170914
130982
197055
186245
57037
86590
171600
150623
191456
134358
186754
156143
196648
72639
10842
173659
173580
49407
154738
139927
166579
185103
85609
192889
169419
197680
188189
73366
126036
167125
164743
181832
192289
54754
68704
177773
183766
192781
165829
109269
192806
175997
153559
66293
158785
155995
154847
162431
164064
143060
198018
143395
179847
193157
198426
196994
128076
130494
135185
195151
192858
129433
119669
154565
191872
183858
156418
190992
102808
157410
186098
184327
73845
172932
179546
164401
181369
99570
168008
119689
12248
198802
57537
195869
181458
184624
119750
163961
173113
29164
159570
191595
151325
188958
175362
46616
124967
184128
112595
117294
166661
109644
178863
79708
138950
172274
8333
127582
118469
159712
52248
149705
169185
93544
153171
148562
163200
145218
196129
105404
179044
158157
164040
154404
135614
178532
197821
166728
135109
85147
147770
128715
188667
140501
186282
105841
121751
95873
171489
198995
155231
192572
162260
151102
80720
107127
185055
70067
177731
76988
185973
87132
78735
198031
155709
181784
148792
109591
194092
156647
131468
157887
10866
198011
147174
197680
169713
83478
197711
194404
182851
125778
82574
198144
31080
63907
187563
60412
188430
198812
196612
136492
94995
149423
114301
175133
120569
182654
198462
123001
191184
79779
189756
197935
113523
114675
192595
130810
186377
188058
130346
183597
164966
189916
197994
47538
142531
192894
163728
187030
149442
175061
195276
186153
184292
179298
193568
191614
184711
192315
194874
119325
126613
116770
128250
112142
177880
164210
198356
112583
181592
164933
171493
177617
151059
125440
160678
93421
189015
163349
88972
71885
194890
185783
189878
148752
167380
92004
185957
194206
147675
148718
175625
194581
55493
187243
97068
183606
116993
48689
140736
183793
139146
195291
186797
172191
185603
71362
173085
97903
186949
39931
89777
188190
127868
166955
138147
190808
106633
157655
146566
156327
174513
144889
143852
51219
175448
174447
191571
33785
197407
177013
191421
132507
198494
126988
112680
183021
163350
152082
176394
170688
41856
199889
176323
10041
106037
181972
95035
101435
117311
91752
156511
163628
180449
199437
154081
191191
51449
122918
153142
199070
105302
194175
67367
135023
168656
187422
198230
128363
133331
193505
119217
184916
127737
194086
56801
175768
110346
165243
194915
123057
174901
143609
84912
98072
159543
193472
75791
189012
138859
181987
138968
175323
154253
146697
154231
177043
196351
73264
154223
121622
179469
192934
96972
139621
125037
178803
192191
52329
198904
182114
172938
199383
188207
162017
186663
140947
185482
128653
165131
82316
68674
71545
197020
30151
141327
67960
156445
199488
178786
187625
174104
192137
142542
81992
102124
40452
190471
199894
185383
80109
199247
198859
135606
198831
179269
30655
94251
56824
196284
181565
198229
168155
194347
161308
66371
177908
34593
198244
199307
188586
179890
126500
195276
51460
184913
113320
60705
81100
182554
195008
164741
171349
125788
126022
142992
35966
186776
195220
150355
193204
36300
191989
188872
14520
78832
199894
199468
113351
174249
138241
198143
158440
184878
188577
198784
166361
185119
155667
91616
101734
99327
98929
161980
165890
199685
195949
170425
178516
152703
142161
188519
136516
172909
174875
61720
131467
176977
197736
163819
126952
152060
162177
187071
64643
119332
184143
173419
92756
140130
154717
136043
193939
152698
179573
198748
66361
145350
121095
177987
180228
40246
198476
71937
172319
109680
164080
62670
199596
177727
161577
170917
198815
173631
155665
109447
36439
181268
148094
143054
134783
179352
152945
139498
79620
47820
195091
156704
60832
125356
185746
118983
117591
145617
78847
197517
150205
194966
183464
198557
77406
100888
141794
107043
157275
126672
169570
130821
167140
193311
72652
181042
138098
129062
181029
84783
198900
110858
143630
195233
57807
86497
137902
192788
139747
167396
179932
176215
153201
60261
141804
134110
195268
196215
154344
80351
123922
192189
134794
107385
135856
120937
175916
143271
198382
183802
191158
53293
132832
194574
161723
172595
64989
185829
191666
195008
164856
199477
127283
199594
193998
145929
155941
72233
164751
176639
87082
176156
197499
185649
191075
158501
130428
61049
107577
148343
195878
189454
44105
188958
188020
178691
169995
150057
197634
192905
123030
146523
198033
124922
48750
165639
190144
59740
195348
159116
199852
123736
171812
141694
167187
165118
189119
93908
133674
192138
195853
190169
199429
66667
186620
95644
87045
169557
196743
199984
120858
141942
100875
182592
166822
140250
194014
154140
195336
196009
181669
195405
198956
162288
130598
94597
19098
164466
160996
193891
199914
199154
186259
194351
94407
119816
191004
191993
182615
154773
198802
163721
178332
169493
165736
157246
137839
171008
81898
179977
192817
191938
199909
167191
198125
152355
161249
173548
198401
125322
71970
172659
40257
88709
190964
189047
194092
192183
188566
105362
196873
186747
104199
90386
198959
197112
160176
79776
187756
98172
184272
96917
59776
174179
182349
123325
156004
193790
187362
87337
180411
173631
197411
139636
92885
29818
192726
181450
177092
155550
183024
185153
194934
23485
153708
127257
198508
199209
182801
176159
197061
196672
91763
192621
111059
188329
175415
170832
73717
112456
46488
190334
147142
187202
172073
172466
137987
192045
143913
7411
135843
13751
199550
140779
190278
183782
16172
83168
170266
136077
161626
95208
199399
159385
192783
142550
167288
138850
161054
198501
198456
146562
174806
182944
63985
165330
157455
192971
176820
176364
111095
192777
165987
190345
168687
196544
161719
195815
195064
157003
124307
197034
197020
135069
189620
99388
163116
156017
160879
51308
73885
135491
193916
194864
187047
134876
115879
166158
191872
152721
147034
162823
187596
177319
104180
145529
198672
118575
161496
163958
199598
146175
191982
194980
175447
192069
19511
110200
193458
191793
190023
188500
166250
78600
118110
188566
176180
199312
154744
193361
173848
158465
119394
165522
114651
181247
88855
184169
195750
34379
148022
73357
199857
88461
74765
46179
151784
188515
92365
176803
167443
186501
118951
69259
160669
134418
188506
85852
196600
180082
72830
191088
100328
181447
170089
186299
175795
190277
199800
183591
124920
99265
199025
198190
192385
142033
164201
50421
191818
198472
161473
197519
130792
132250
158510
196166
177670
192749
198248
193608
94971
192706
68467
198923
199574
122978
101113
158221
161476
88699
151284
197773
101362
197433
190873
163047
149247
151431
157048
69378
191943
154378
193354
188396
167751
186529
193201
142200
135655
152412
86190
187211
180839
161833
173636
127835
162370
156526
103743
161977
186261
147412
171999
139664
38025
167127
195909
180214
182454
136200
195077
190539
192293
198418
173812
195257
136428
184819
169494
50923
190127
197294
185019
130621
47147
174868
20747
117054
177996
140899
90178
190192
107361
103327
115806
131747
35917
197721
104602
165455
189535
115625
174558
82147
180404
161624
178477
184047
105385
114242
100052
135285
168859
146015
89238
179420
153675
183067
185662
178852
129305
151517
140428
67256
76508
186147
176153
125352
197413
190738
161900
194160
168815
176035
191321
184949
73615
168357
193098
178936
191094
163134
185508
187079
187247
74271
164191
87576
187652
165176
155140
194631
107105
133892
176694
147178
115363
68075
95995
177375
68894
112385
127739
155324
96312
193184
190909
196223
130941
134767
165320
180480
160687
62583
136520
199839
162378
172267
171581
16885
188731
198537
189830
55400
174442
191816
125875
198311
131504
166208
157001
79710
194186
190769
111660
65466
191814
189989
188866
92933
138960
180210
192729
132259
103457
162876
63522
190467
143339
6245
137694
187589
84370
86980
134984
107516
176314
165161
199184
183799
142021
124122
170771
63718
196263
192355
103841
140625
130750
194501
183796
73258
137692
184188
136679
125035
172276
192147
199556
61599
168236
121538
169008
164980
25571
199675
186655
187519
106312
178089
185268
167747
183561
176460
198541
161991
38919
195215
198048
196451
182304
159199
189108
156540
190324
98972
127891
178578
123278
196416
191872
182998
186548
150262
93115
76650
18967
146857
195912
168692
166923
78681
127407
163613
123103
195296
199207
56783
132984
172877
173144
195357
141875
141786
37442
170170
187554
154661
175108
149314
32404
186652
194543
139619
185082
80994
47765
192409
44712
161983
194690
172524
89247
138341
173376
119763
152891
161232
131540
159187
123360
79296
198241
132447
146117
186131
199621
147419
55674
189317
133127
91551
171035
171072
167907
166256
193427
197377
192142
140589
177684
152358
164639
164167
165885
197925
99400
98374
160553
181714
119182
138361
195291
136686
156606
155535
157884
163726
26913
196145
63579
189819
122132
133169
47107
52850
125380
168948
78991
165730
138470
144910
198862
91583
177331
43382
181888
147718
182826
161218
50906
153723
141919
80611
180348
149876
194473
113313
182694
186583
115998
166111
176741
67304
176728
135376
99775
157936
130118
146268
113666
189499
99743
199727
152668
174828
182272
181252
41843
192132
158278
171583
136257
75981
156213
175078
179066
196081
139673
89186
109053
181809
187849
129326
186421
116486
161312
107127
183196
195130
169460
183248
157739
199909
133664
47289
194393
152504
197356
147278
179311
188932
191927
164401
164213
172370
114200
152906
177298
183167
155173
143039
173678
162090
151473
146366
147493
97883
198862
179908
79620
137540
174564
104704
149106
197171
182744
132895
68370
153171
150981
189110
67533
112694
171425
13017
171069
138843
199240
74231
138658
106847
116269
188254
146381
125687
112706
76007
47599
126283
143286
106347
113963
193732
177159
188153
147910
153098
150350
196779
198636
174250
164243
55752
190723
171184
194428
155180
199136
198967
153225
120923
142200
133793
135606
60472
190517
182210
124347
171307
180885
179923
151512
157765
141456
110495
145719
52950
189373
109354
135787
170388
129809
173446
191606
173838
199864
170459
132831
178783
159854
159526
193990
105914
137981
192958
171567
199150
198625
129681
163760
185348
178747
197323
101247
124666
151302
148325
122592
155836
87742
197492
158170
156684
183424
147663
194008
125238
126458
95647
117234
135728
69713
138038
134883
196342
35204
101506
127748
162852
189975
199819
188283
45535
138430
199294
190036
90918
188197
159232
191460
136385
144548
176170
121400
194095
158125
154896
162731
180564
193571
188741
109418
145206
99079
93584
175046
86877
193247
174161
66661
158952
190370
155764
179444
186891
196509
180754
170170
148068
176861
177438
198907
61013
177830
179114
92106
89332
131182
166720
25418
186350
183401
142048
190767
48609
168152
95607
159607
193316
199496
198236
87904
183852
114230
160783
149195
134154
137300
196868
132820
116037
129410
199849
98386
164494
98008
178654
166279
167697
199991
165750
144644
175329
155851
136671
164867
112177
184853
199700
186366
150434
144924
126069
83876
140541
96430
172314
187168
151717
193219
50301
167666
113018
26745
98899
160605
171700
65607
170465
156272
187365
142366
197351
67931
195096
197245
194974
110742
51219
113559
199045
124879
77999
159645
157670
171069
164236
135204
162672
85265
106851
116551
193404
187426
186256
198073
171811
186562
151822
197956
123790
29043
192571
111859
198541
131508
111793
66790
153232
170199
123625
191847
189717
51954
162976
198399
199354
111807
182893
126656
159676
122678
166256
138727
185103
74488
185814
168042
51319
190578
81418
132403
199825
68727
175354
143839
157981
161066
199636
198295
134148
118951
165825
141010
199508
100535
194550
184004
172536
99728
140331
172233
170439
169023
186067
86064
184022
198270
184073
92821
170170
161653
39021
189143
149812
187801
174387
152405
97411
192189
132082
76575
195999
171818
199973
140459
199519
144372
152451
115669
148498
71317
185452
199941
181880
197190
181085
107499
188153
190519
174072
165071
198705
150943
188205
123949
195808
191646
100348
179710
179735
150004
188678
106795
40413
36843
188859
55863
58379
186158
36677
160463
85816
101818
194404
166571
197028
199713
188664
169820
61653
193279
101431
99983
199446
177411
192237
83221
64495
170441
175199
179259
50502
95253
85667
84405
182373
123010
28776
171176
139202
107861
140667
141316
142914
195768
197977
4328
179509
192659
134430
169400
159637
159044
191706
71694
174056
190626
110281
169086
185482
181353
199488
130544
193181
123841
177284
68358
94503
185511
181241
162499
184735
192981
175146
161697
109748
165115
113909
127602
197876
189302
196755
37971
138404
178054
162244
150528
133632
160651
160708
87539
188912
106347
161682
121732
149117
154713
169771
115736
169582
73973
193888
124603
196432
195679
175089
133034
172486
191313
135792
96228
163822
175623
72395
137017
184773
183993
196263
191470
194816
170483
125912
40662
197118
197126
160840
176706
154722
179773
195824
168973
170311
199291
165442
196335
61783
62878
194233
144442
167344
103656
194818
187077
187831
117873
148411
192806
125230
94677
163210
176651
182434
170431
198282
178773
193667
186023
148950
183090
174511
199063
119284
65237
109918
166797
118422
169632
190207
85057
147113
169690
90967
185363
84708
182007
184336
129496
192021
14542
138899
84387
180312
182116
113352
107453
199969
181494
149329
178747
195626
149036
191640
170898
126844
174774
178371
147138
196505
153939
181362
168853
158195
157500
89897
166887
147383
197575
192540
119636
83467
174785
142878
189456
184589
155360
139011
108330
177840
63746
182749
80011
153061
177118
157697
168656
149042
176587
199854
184246
66056
87980
162452
188741
159067
184439
183677
192881
114884
190165
190811
177411
111589
176226
46348
106546
93950
169334
125749
153171
9307
69735
154153
158455
46269
137818
195281
172108
167947
153644
75628
162304
180773
132279
196410
133420
189776
170266
105239
196476
131238
169062
193846
115984
190386
72880
67160
183594
158730
137354
185988
174903
114490
108092
176570
190420
143278
140464
76915
126146
185411
196151
178484
195279
156258
67128
180203
169810
173516
78020
148185
196841
79585
163324
162334
185907
185214
155080
165411
149535
198079
158758
189816
171552
130465
142111
95351
180117
195705
167657
180404
154500
121450
171935
190608
154025
163179
180348
142314
190926
156962
111116
171200
196919
199995
180840
9687
104340
194063
108248
189748
158622
194623
199492
179689
185066
199825
192709
188533
107605
171913
132085
190430
180517
113792
134800
144683
147713
163705
145394
191049
142262
199492
174122
115313
101609
156775
140811
186821
164662
192585
119750
195379
176552
98056
125974
72358
181972
197341
198986
146742
139844
32653
149071
196348
189663
116629
199234
143676
102623
196757
189717
117602
169111
81745
178432
75983
157303
184963
197507
176867
197154
196092
81747
73684
107537
190546
195833
126522
162637
190704
123495
127560
179079
186395
138249
188023
186123
24871
147128
144894
189213
104477
80829
197477
192428
198204
197843
195199
130171
89567
167587
199821
191679
184106
199399
187173
176641
21582
138960
151808
37670
157985
110955
190487
197614
158887
191856
159918
125275
167715
198720
102122
183044
145374
196005
125338
116623
155347
191982
180515
193056
150988
153792
139455
157036
190738
190157
149927
185140
24590
199909
119527
193514
171960
146535
180900
169127
191079
190319
189560
181201
197560
115494
154326
124533
198596
175565
186433
62148
199821
145785
154264
196499
147008
175859
109348
124629
126785
196231
124753
196115
109457
76560
195282
112068
131095
89376
79470
109930
189368
138492
181869
131459
41410
195402
192341
197697
199547
90010
192310
192874
179929
106228
127722
187264
183343
74672
192016
186503
150188
195340
179357
195979
199309
194491
190079
163881
122993
199276
167359
147482
187691
106078
159748
192348
67397
82399
151528
91983
182050
177874
175621
125544
189479
171021
77058
156107
183160
152270
80596
178718
196145
192729
101222
184009
153339
197105
164386
145625
174600
161096
194248
92006
86978
98431
84812
132609
160023
198496
160329
199740
98489
155092
116957
128603
167743
180732
178380
167583
112124
191844
135502
154808
116416
180896
110290
85345
197617
183951
194530
175822
136797
174352
97998
140024
179619
167711
70405
196832
175020
112139
191635
199626
190155
132718
194984
90318
172606
174534
76198
154758
79161
152186
175189
13504
170017
188639
171609
92179
189090
194301
147184
31795
113132
196294
147870
80250
162587
191380
193617
176767
199671
194800
120231
174818
187859
187972
193401
192966
180670
172453
196020
36358
112437
122057
126474
35949
178503
154368
141071
141553
185863
192484
167232
70245
187040
179364
176293
147401
194959
156706
114474
159961
181233
196860
166286
143004
187157
161912
83299
85001
143532
126748
69399
96597
50215
196524
192378
197885
151842
192484
31853
165256
181034
104065
98622
147267
194906
169476
194581
198452
146508
105801
151370
100262
172860
75578
131433
160350
158897
139998
190551
95829
125965
181848
194317
153623
196276
192540
193628
110901
140902
195965
27393
179778
123193
93723
175283
133912
193575
142372
178033
193449
93970
101708
189862
51631
125443
170745
125206
181279
130736
72150
58439
196611
172037
119223
118392
100728
179250
165825
163787
190519
195800
170001
128680
160554
124372
159733
119814
191640
195894
26451
160123
157905
179787
195296
157655
131231
48037
155536
191933
175959
196973
150019
151718
193022
151949
186533
188434
87046
170363
121006
122551
74814
184945
186976
180586
173126
135990
187212
181353
189921
173185
170179
164464
113595
96204
165212
125051
175022
61864
137295
170254
77618
148348
147948
115564
77538
137517
167123
195783
199106
198538
163013
69876
161045
40293
31254
138537
187640
128511
141206
193472
188040
143466
189491
44332
67146
171902
199606
196947
182669
163067
148688
55499
194567
174589
45993
168684
107340
127033
197024
197143
73021
145984
168915
185190
122950
154819
199822
185338
151978
82296
199110
190678
180539
174977
183095
153229
68205
164130
103550
90895
196291
138424
96628
133865
177874
139617
173349
164419
101332
156728
199340
158484
79949
174636
142654
138596
187469
167258
34291
105013
164043
196030
194335
131842
128275
183738
199857
189606
149413
17513
172558
148671
173646
184762
193483
173169
150063
181022
183433
182751
170681
114410
188319
73761
167692
194084
196190
139488
152747
183625
171968
197274
115795
145930
199067
96445
170168
60549
18856
102247
56978
94131
197365
154055
92056
177117
169037
144677
162162
154167
61308
180128
157322
168032
169713
199106
120311
189667
157059
183647
155990
199110
183750
137014
127458
197869
59737
164136
167424
95953
14465
174833
8965
168730
99054
72859
165724
197771
147416
106327
175450
79553
199636
70311
190803
180697
184352
183525
148610
173510
194541
138061
125825
113867
189119
104303
198608
184123
162922
172474
165815
45144
156337
193888
190079
187905
198472
164655
181008
90691
124105
191797
180183
132755
108205
192756
64887
181344
122764
187071
146047
76925
168704
198299
170026
191383
94865
66878
191406
185856
184251
149252
196376
72842
192613
199340
188036
27735
183782
82849
188823
133475
193552
80242
163134
119008
198557
163076
117115
166523
158768
198341
179475
156743
185707
191450
148165
192790
161238
194176
146740
46518
94224
60849
119509
197001
163832
193115
149982
188400
131418
15148
184067
151657
161218
73696
148706
187451
157173
75380
188958
188502
171354
119106
138989
151393
132946
181090
124769
77784
48733
195685
143300
180687
174299
154758
112924
184269
156280
195570
168947
181424
101751
197617
197258
199477
193372
171590
196555
141808
139529
153808
177193
130980
194631
175054
183559
163131
153464
134127
188958
169798
117602
196868
191731
198672
60967
183832
198523
187412
28514
163317
148168
192709
177106
138562
153627
84659
29498
89468
126286
197050
116634
66781
194204
190408
192338
42522
118666
176570
182653
192410
118711
157142
123850
154947
147337
46698
193073
184425
55619
172675
171008
176994
153306
140027
196804
191235
185047
196381
197423
199621
118536
106832
156049
112839
97883
163638
193427
158146
180451
190375
91383
179128
179561
104380
37701
56985
185711
168526
111186
171061
142829
92291
111394
113760
162098
190214
193816
159786
184359
143422
185628
77938
182828
162702
192753
136351
196772
119786
137534
179207
30621
116156
191213
179595
190080
68764
116408
153223
157184
129916
174707
163699
36530
194068
195915
194077
190264
77054
189798
185781
163293
145195
133830
182780
168410
111031
138975
139705
165517
76550
188851
145782
189997
197566
174164
179652
147090
106407
197638
193166
193065
188448
76789
82395
185278
196519
148376
195351
179785
195788
141120
105972
172374
138328
170484
121963
180309
153337
116465
85937
132693
188837
171902
173589
183565
44380
150731
92896
126222
150261
198455
190649
171848
104909
161630
174327
198026
195100
122854
118932
69905
48864
186743
196809
136176
188694
146606
189948
95706
192298
199628
180007
102709
81148
144371
197359
69805
95524
193922
141308
117700
135653
154509
171200
198130
150738
55964
88286
199473
131634
192902
110851
195483
185597
71439
195019
187517
188783
197001
146201
178916
154896
138880
179259
65872
167592
105265
139806
122463
171609
198615
184881
91376
142244
177650
39226
165798
186745
171697
50689
195890
163302
172304
156474
156700
183420
39296
145515
37594
174546
199076
154834
158447
186611
184884
157809
89730
196316
149875
185153
27974
182759
155485
170091
196607
195528
46152
164024
155232
170902
120007
159913
169389
87351
195790
37333
195907
196826
187259
197760
170667
133903
82706
199484
199598
53894
196215
153568
192135
176608
159615
193534
189571
88934
197354
162582
102180
158158
46223
161560
165421
174223
184320
177518
173166
105752
143911
148760
195353
181485
170346
109877
54188
146959
195208
166641
161782
190492
179669
108410
140450
105182
160182
123888
139658
67767
195445
148643
50356
190794
186708
114752
148743
188029
164588
178102
171851
144618
131041
177208
157379
105877
123300
148161
167648
168258
160198
178330
102550
176364
119368
172038
199127
192542
188774
196173
130087
172563
196913
147974
172116
191306
80253
193207
181354
71909
181236
188391
52775
148560
167911
96695
123294
167244
150798
148277
194385
192660
191610
116621
91763
65515
114146
199430
146625
183511
197757
172877
147908
104685
199517
181929
189482
115607
184888
188189
142690
198172
151851
165433
194193
18891
142241
175883
59865
86759
185848
193207
133759
179995
157303
120393
138380
190683
190616
169230
168042
154677
190694
188830
190233
155949
181559
164099
137198
92973
97876
178319
109530
188361
163745
151919
92414
191742
181262
187106
93329
176896
194726
138363
45322
175568
13096
168462
172546
176962
164112
165433
141571
93811
159372
194831
135787
165624
100316
123700
184909
169593
190334
102892
112823
145366
199751
199415
196137
182283
152559
176966
189837
6639
195982
49936
23231
43795
199782
180332
198928
175883
144770
177844
183316
25579
125868
180542
184492
157548
195400
103131
163315
100379
184538
130930
164219
171749
168224
66018
152709
176710
199130
190333
103224
172736
115337
49588
177304
184256
39734
168267
149864
192947
192984
170723
92501
95925
190009
181596
146235
179712
152117
166753
124971
198262
179956
193900
150041
96578
197745
141483
160859
170579
153432
197238
71343
30762
191337
187734
105716
152738
95251
61599
185865
99303
169733
116032
192928
190924
199020
184185
188047
121581
175126
180106
95731
185278
192109
199348
186652
101755
194635
181633
138485
164950
137751
158671
140194
141026
195725
156190
162228
193189
47925
198129
167985
196745
151015
170518
98262
158274
155653
60610
115213
156511
194729
173764
115341
169315
94356
171824
146127
178037
197847
169759
96986
110756
161202
199978
199649
40533
190930
197718
92022
36077
128431
198890
193736
179132
108920
135138
187536
198433
79055
91934
171290
181093
172432
198866
197876
92623
76054
72943
145770
114434
77290
180316
119710
194513
135569
179286
134442
179908
186591
99338
195208
176965
129105
103334
168133
80575
193006
150760
195030
173439
109322
158287
119673
183842
156422
191834
191778
139978
181290
180575
192062
37530
194117
148870
191310
126169
178564
74435
167837
146756
176496
127418
197801
180439
191033
98978
198253
129717
71724
166445
173478
145645
191795
176350
27675
186693
184531
142728
125116
127185
147683
193361
140751
167958
114692
164521
155598
191195
135138
128145
161310
143184
180372
169471
194939
195660
140235
125944
91551
99205
198200
193977
162968
47720
191427
116734
122035
194480
199248
143699
186265
170432
175970
195688
27187
185450
146063
199694
155737
176900
141371
48461
87689
179714
141559
186799
182330
191958
135848
92463
139057
189235
186363
150860
178595
89857
185192
174658
72454
189514
137030
193327
12780
145381
66381
187833
181716
126940
198876
156851
186671
195043
197417
153994
169973
12798
195673
168573
199871
187129
165197
115946
171064
136600
97549
173557
147900
127489
186646
188690
140414
178682
135826
186006
175887
190187
169115
187912
117271
62632
179064
127833
61122
96597
148102
196583
155679
148042
160291
108475
78853
180103
127101
139048
198275
54251
46160
87984
110556
102094
198523
114658
87408
56942
190357
95414
166325
185274
114102
169243
106373
199727
97801
64034
199505
53298
33492
146811
124597
122636
80794
169790
156903
176552
160362
59173
113901
135033
155347
101381
190043
172377
29849
76544
184973
184396
141166
135241
68535
184471
120238
174870
181934
195225
168083
192945
137573
158116
144588
176930
124990
68404
99741
198343
182619
38321
183433
196776
112642
135415
194581
106868
198140
152508
31825
45494
163290
198692
133225
89454
196950
199622
184901
177505
87644
15484
137810
66416
160464
71979
152382
199680
197592
158703
83324
110693
138763
156159
122446
193058
179563
180464
184587
79825
75344
168730
194409
166981
102718
127473
189190
188862
196145
192984
112690
165522
171062
87242
104850
191409
148804
178069
113193
179756
136111
60037
164386
68943
20973
135405
56960
190848
113424
191978
187631
133410
153310
67877
185423
121865
197855
188344
103143
159299
194543
76735
196325
138346
170059
115422
176630
179102
131486
168334
187142
138416
157456
139700
106872
198895
197452
199528
156209
190972
68331
167829
187177
168784
177019
190450
189335
157484
198060
86755
157126
154297
136011
114168
190249
164960
190772
18026
179531
199019
119068
54764
175434
184187
119332
115456
142516
195768
196233
177615
183998
193871
141871
135668
108206
147307
126698
133042
155232
192124
190660
183208
169191
199598
192465
178304
72026
175904
100755
196809
161744
169333
117684
183705
109057
159593
137934
195709
176989
169683
120060
124219
148363
146324
113837
190430
157128
122295
169240
38315
138777
61563
134001
167185
172947
195272
177431
184668
138094
181700
101795
108523
56280
165877
139713
180951
176630
159830
153520
156866
94710
170907
191952
95394
160178
150399
199353
46390
103096
60528
117613
113143
163691
176063
192426
150524
134925
166647
194571
159502
186358
83383
174678
191883
84190
129614
159236
196975
155521
191831
153186
98348
107485
59161
184440
175575
198140
148743
165437
172935
191064
185161
197124
174830
199534
180913
199496
103203
129477
138546
152641
156344
165028
143731
68190
172920
140774
166784
194377
165370
196184
182145
153962
188029
191938
136172
136101
162186
193998
179401
175150
194005
66116
177972
191774
185390
199467
137046
139956
110886
159369
185583
50494
179401
133894
198137
114454
152528
148030
77196
169875
192244
172829
61912
173912
193141
180321
190741
158457
191952
183501
161569
199257
152190
171999
198610
150125
196223
156110
169829
114908
160023
137026
58699
100673
193864
178190
198529
194487
143192
97964
170132
155344
179352
172821
101823
198962
140065
180797
54510
154484
141420
136051
179154
195863
151439
125322
188899
146298
196774
165663
191592
164464
184364
142145
108103
91038
199860
78922
175625
198297
72181
48028
193669
195885
150697
181267
164433
192883
175997
198196
179444
66975
124495
185714
186930
186269
196926
106423
165245
140566
197033
117954
170140
47763
184495
66010
41884
129877
188767
135198
177035
151464
188590
54008
135843
184805
199467
197914
182338
176190
173099
148017
199209
186946
93660
168874
199052
128769
197724
184909
174791
110871
75477
173038
167121
106943
196146
127288
73511
183973
110167
166679
193372
153220
199309
190784
151307
172127
154337
75411
183926
199808
87587
183027
81612
194655
119927
102452
123714
113617
42771
157544
157034
183832
170496
135520
48386
172670
170694
80141
188208
175253
187083
195878
80139
137044
194698
106409
82913
101516
159115
168925
156773
175356
161212
173286
60925
198480
198827
184491
195003
199276
164077
133601
172850
102945
192815
169259
149483
136944
198969
172095
115701
136346
181336
103235
73924
124563
123165
155826
170094
165139
84121
164493
175462
197485
128183
136119
115196
186573
195484
170345
35609
188941
140605
175655
133779
153773
164027
139552
71064
42405
199719
160191
99708
180098
147018
197598
180770
184487
133013
154612
190704
157579
150063
126729
160926
156598
112574
196092
147529
192721
195892
174931
95355
116404
123784
198462
179120
191650
136410
193445
102054
54730
198809
196760
199238
155023
182522
162003
112192
198337
131350
174126
189873
193583
102836
191263
174252
34762
112217
88873
99782
128662
156949
88546
184029
197344
190831
133779
182243
167784
188180
109682
187214
191697
119937
97153
186072
68479
175350
59562
186302
112400
148136
63075
149601
181739
176874
191418
179570
38857
124977
111049
190377
194371
93395
140098
129441
189589
118952
69840
118072
134744
125593
14661
185519
140628
121632
131751
185298
182086
89575
132098
153498
172308
189183
60955
126049
97528
189811
194796
174617
168931
105689
187474
144785
160776
104165
161848
185177
172780
122075
183313
192617
35500
112533
104269
191329
76672
167377
97575
197210
122249
73099
26243
104204
96395
180487
198261
123532
107629
25250
167354
163881
197553
131667
185259
196842
198505
190036
71844
198229
187267
91840
198489
171657
142168
144972
176690
184067
77863
182902
196774
156633
164336
117369
27434
83460
83741
198604
195959
144696
81323
152055
187346
123178
168312
189437
96453
183110
154779
192544
83511
199334
52968
100231
178167
140989
157215
196760
149832
133945
192310
149399
195521
188263
195534
103707
193199
136038
171352
175997
68701
131870
165120
190842
188339
91242
171152
127368
186350
188877
196341
199934
97647
124100
135479
115894
154300
196451
178727
167371
193285
199941
163925
189119
77638
173698
126167
177586
143309
33896
187047
164018
192660
194984
196643
144364
178704
81269
167249
98923
199408
127886
147436
195236
168902
182583
109820
142882
118884
83474
198321
173991
196291
138202
179306
192800
199435
166013
178543
165172
194739
173040
187748
170572
149743
154254
70609
185387
177194
139726
164364
138255
151936
99048
178595
120057
101506
177712
180251
145723
106795
178956
188857
198650
86165
184508
148867
127932
168196
138703
172338
184079
59128
115115
158302
130278
183752
165202
93097
61182
182656
116174
116739
169141
194643
133516
198438
152532
150019
192509
189617
86889
184535
84086
181125
153040
192790
124320
166158
151800
171121
91317
159277
168345
110251
161115
154247
105442
180822
49790
158172
184452
57368
96182
191544
164077
189411
159293
199938
43510
9343
79415
148790
74918
194260
187616
160416
122866
184907
139103
143050
127338
141744
121712
189564
198293
170074
198314
169109
127407
174477
104254
132004
168991
147098
162017
176282
185071
114401
190825
178098
179982
96591
188240
180887
66636
66786
199424
191881
195692
151602
54970
197284
115617
96566
186220
155242
185390
158541
50622
175746
79271
186403
140768
136957
175113
164736
187504
194385
36051
74410
89788
64268
197103
90472
199227
180754
181020
130519
138134
150065
167277
60788
186280
183307
199321
90929
173523
184456
143549
141991
79519
123947
194877
78840
168053
196881
197220
147116
174664
100137
143566
154929
74750
89522
191177
153815
143836
199030
198047
199606
194210
115068
77942
169713
51895
157439
163192
155294
120959
180328
199988
90798
134133
113461
47782
199444
197066
143218
189054
108737
148192
22183
76870
129963
178609
175058
141075
198937
118175
115527
182138
199054
174557
193065
31679
195594
126296
137751
181106
177708
192279
176912
188408
182927
166530
114660
169748
121502
126185
174862
88007
89367
196427
181604
125388
119238
97606
182034
134622
89585
148703
189345
195452
171589
182676
126427
96941
194718
106924
198699
165400
178878
181369
187984
93914
146697
106487
170800
97907
132399
197905
197906
162623
178943
152174
118656
92131
112628
139856
167778
161151
155898
182654
192482
139247
115795
198961
164377
198222
147552
99460
105556
20376
198440
56318
169494
73642
196724
190853
149531
180857
199265
133370
192673
144947
74589
101073
171026
184369
115664
104015
135500
40609
154762
128283
199471
187385
68776
189811
199992
133738
72724
185740
179379
87278
117902
143645
54089
194388
92684
51469
98526
188270
38865
199969
174592
194326
54737
196898
188002
182946
197856
186862
151771
178158
190188
183080
189730
145458
151163
193565
108946
166989
195146
163410
164588
194424
144935
171325
148252
184717
44274
196109
165478
191313
163495
199340
174016
101594
189924
100671
189550
181909
173239
171200
112816
127516
189854
119249
110901
156854
165229
144638
152478
160612
91611
197558
152164
166054
190350
174639
121159
181304
138733
73463
194081
70261
172536
194571
148182
173420
125139
153367
195797
175218
144743
129349
66099
73138
121966
33910
162514
79183
168503
170414
192847
192637
158488
153343
186299
147246
160169
182130
167232
32727
182278
152909
116242
100802
106969
184735
169841
182877
95236
175128
177644
86618
193617
198060
178522
198452
174045
199569
123374
79387
153708
104743
192493
196616
139341
196129
191610
75724
79100
199942
95448
172055
181778
84359
113122
27234
72832
195621
195390
85878
139885
104551
186962
183852
120767
194933
167191
159608
139977
190515
109673
104697
121413
170182
187112
145873
195351
187986
188491
188538
186865
121518
161008
150819
188912
199754
152073
101675
83836
141819
75622
118047
169173
176188
147789
186379
44838
144893
179971
13632
142197
178702
165461
193079
155842
194326
133464
123596
114468
198425
96891
194501
140771
167642
196042
4187
191360
139571
167741
123901
151101
161308
119579
195186
187978
158971
168291
180468
185905
126679
145411
183630
59597
40326
176097
96480
140206
52516
181341
138693
188386
174947
106785
196335
82009
195559
176647
99447
162203
170187
92684
141066
95831
123337
175977
197620
128800
155536
100318
146154
113206
173252
95199
150731
172831
120822
176568
193756
193100
189550
73128
185962
190375
151702
134113
194508
52679
177659
180761
126973
32779
192262
194957
191967
153818
185755
161038
188228
116792
103990
101172
155321
178269
183818
139169
120583
24324
187328
185458
105229
117725
180287
77289
144141
197380
196101
156125
142565
161569
199857
110485
175122
182900
28535
172409
120067
183649
179110
62002
186927
167249
83975
132004
152929
61334
172718
187841
86016
168064
191301
191391
39697
117182
91893
120658
155161
143782
78788
58538
151730
106566
198302
185922
91520
82685
193534
183968
109871
124445
199867
187992
97751
155812
114356
197020
190016
187954
49541
62772
192503
191139
164808
124949
155533
141919
183591
124574
192256
51586
183921
192637
69298
154455
188082
181166
193808
102742
142518
195174
191850
187365
148383
180599
185643
180136
154678
183791
153641
47601
190494
119265
129957
184502
88927
181172
186724
164132
184683
165254
175789
160483
82032
155430
51910
197974
184922
196738
178731
149058
195705
164391
146404
157034
160384
172067
198253
90666
195333
133707
41016
59515
197525
117565
172518
188634
145295
199957
185127
190187
187292
174022
134633
191572
164633
150626
196400
121387
184265
188254
123069
115116
131389
171071
92117
108673
179705
179395
159578
191384
195099
182052
196342
188336
144616
85713
80760
196542
163359
152780
199177
173310
168826
199130
169189
176025
182641
100348
182151
122851
176362
198608
148151
168263
96131
187942
195312
136383
78832
170630
174763
198461
89901
199649
185859
197144
132126
104109
62662
110904
184796
199859
99431
199984
185396
193953
171509
194287
191329
198393
90669
48369
61331
140800
170323
179717
184226
185539
134048
156113
127764
194136
151896
35910
87699
179123
136378
185053
196874
97580
171844
192561
194196
157666
173372
161082
169191
166443
147619
184542
182543
179811
122554
182838
188363
59263
156802
85688
97318
105785
136923
196045
143663
167012
149206
189652
161212
128466
82253
91953
37911
106295
123602
189554
173944
177943
198685
176764
185140
190926
185650
184172
75552
111964
117536
198102
197497
13340
65836
198646
135371
72227
138479
155518
135935
175916
199567
188829
82182
60997
186946
180770
184367
199473
177850
150421
179886
170135
184553
186162
191735
169636
187186
114764
198455
122993
199843
50462
165685
139440
96298
126044
194231
58936
193503
192995
111826
199902
47676
195199
47024
53379
44419
188694
175161
155861
199032
77664
115048
81852
84309
137423
156344
153438
115889
122480
173873
9308
45054
195844
196919
159969
199909
92108
44146
181859
192703
68103
155401
182322
99196
37618
175784
167795
132731
172349
163670
179473
172132
197377
38461
144890
181106
107156
146013
179293
93552
63495
192958
136912
193029
142674
93677
141164
196071
96979
177523
179452
112668
144644
5040
194409
193230
154872
77784
193327
168941
125988
142804
199327
186274
88278
197030
167451
194519
167303
74994
100620
151949
141107
196261
191950
184251
174020
175425
153719
163171
90071
198787
195384
129738
178379
152174
47348
184949
147537
130973
146485
176599
116543
143473
140704
182475
159563
194989
171691
104082
70670
192699
198339
76158
152732
159481
126348
91823
12301
112100
165450
46812
193358
159340
41923
165238
179175
175648
75100
29826
198656
175497
47529
197972
167516
142146
176072
122646
156204
150218
174413
198114
136387
188446
119396
162133
195185
120124
189803
183635
182221
143134
197188
193857
80121
153837
132696
127632
152676
140042
153856
191913
157455
176519
154387
133310
72652
177538
129500
152722
68038
120192
182902
190203
160274
149387
166787
134314
60957
143529
187877
166523
181432
193686
191522
193139
192500
162323
187723
175413
188809
187647
168222
166580
147668
37373
161146
196228
130044
193153
195348
94665
193978
192798
184144
129874
138069
190489
43645
130971
199967
185395
171199
197425
172960
108475
147259
186975
174379
176050
97153
113313
189489
104081
192540
178825
159080
88204
138504
65910
135043
159154
168632
194325
137622
187577
192375
196040
149271
114579
161516
193042
102724
156458
174390
197236
60060
163364
185246
166618
129358
116830
4304
167262
179152
120051
196084
183706
185035
166135
199905
199072
176275
57078
122798
152035
182819
184085
192015
33946
74066
137534
165109
117115
184387
186403
163041
131763
183890
45553
127103
91447
157442
114658
168636
160614
43735
199391
134705
188404
171274
146179
178408
170849
133994
187756
164945
128023
139207
52605
180044
169767
14328
195211
194034
198745
178064
199941
199945
199581
178863
199814
189348
112052
152064
195381
58168
119862
131546
163195
126631
187312
171976
111159
128315
113076
115829
169663
185961
135376
168510
168644
189274
116920
188072
191910
199488
197590
163352
48334
183187
159363
178850
107717
62793
177499
44578
187526
32392
195887
184839
142061
148070
86691
188185
154839
87388
156110
181988
147599
160191
183318
189571
188776
174314
197008
180935
150976
168131
110089
192660
79011
156940
188962
171343
134866
168987
193386
169433
183194
171376
91271
131714
185839
190850
128956
151059
187605
154572
79795
177033
110015
196291
187018
69551
126831
68094
131081
171457
192650
154083
28140
97848
136766
197409
188727
131552
113649
187821
182900
134468
174471
199139
81819
86965
146031
87852
92994
123314
190096
182427
198311
123328
159965
176994
179890
164080
81195
183483
166081
170627
169016
151794
116369
131775
187145
189991
110953
107148
95482
179747
169608
199732
123573
112513
50072
161980
199383
180891
104692
129622
112630
198710
197451
161645
144584
161255
76287
47253
64749
146201
190881
199697
192761
176113
74476
166717
90062
180117
19410
97316
146644
174303
140664
192230
199400
165878
97855
190545
199480
159075
193404
196105
149448
111078
78440
155127
199070
178100
139593
172676
170086
112135
180710
180188
177594
175709
147455
145896
172187
140486
135513
131342
162473
198926
136343
192664
148522
91122
195621
41220
108509
157033
144043
198729
175182
127827
79059
176153
197750
190964
132961
120137
151049
195384
156327
137366
172337
85544
80618
136730
121364
120508
163302
157935
197168
173134
197617
184736
128984
115305
193603
166969
74574
65089
155540
173618
97223
188582
185050
137945
164456
197380
153544
126964
194267
197026
164834
146235
196140
162130
138559
167837
157228
191393
199081
181645
145102
154675
121699
120694
171261
190196
153402
170199
136924
157554
184452
176472
153057
125140
182543
169315
168275
180027
143430
157790
151072
161639
197196
173695
198707
199353
168384
184611
189482
138910
162042
195697
182270
166096
188038
189424
169202
170018
132418
155888
149498
98888
170887
123436
173221
165309
198462
29794
179086
189663
58702
153146
166964
148309
153134
131292
189318
193430
176040
8043
191099
198965
49400
197520
99585
197897
15497
35443
199234
180896
30123
199426
187277
182309
119140
187647
158321
160024
184691
157069
118632
19327
143169
114686
199049
120634
141357
180880
185501
166615
144290
113865
154227
174754
175512
179016
171616
173065
169570
110674
66175
155684
142780
59794
151175
138844
185298
135428
165919
130943
133956
165966
195433
143115
194754
188886
191333
92312
89712
190052
188868
154499
193407
172035
49735
183811
199170
131779
195239
173424
146752
108845
50354
199224
112700
196397
179553
181890
133962
150587
178791
168733
196963
69458
194841
131667
197475
144972
177744
147695
138674
16385
158295
74818
196013
151869
151822
120002
184027
160265
121508
194403
51962
127808
148010
109431
141759
194165
199562
141770
84732
154153
173663
154151
197360
179367
173871
116374
181660
193704
56527
192407
70685
197013
148267
90703
186964
77452
197136
188569
179621
159064
128890
199931
187284
129802
198640
199134
167692
144548
152101
192934
177088
180801
67176
156266
195142
192553
177593
154578
170534
187421
199334
39783
199969
128161
143251
196983
28893
194070
199675
166630
170063
163636
94031
194036
161793
185498
48761
92453
141682
47467
196083
159630
188455
192688
109680
134661
195829
156271
125993
193789
179186
135575
190788
195466
188467
65351
152648
198017
123984
150004
181977
197859
187048
110568
130962
198667
58218
156745
160144
18422
182545
192725
123677
137713
180115
151080
183035
98867
180094
168728
187507
160533
184890
192516
195315
164709
184439
97853
143693
199537
182792
173712
87141
169742
168234
176819
159031
160652
181001
170240
190929
193158
192678
166821
199281
98851
54732
175036
101742
102735
164433
199803
189947
187747
110840
185730
145187
101860
178049
195775
141723
82628
148363
136011
111796
184291
176654
135764
95146
94615
146481
176156
199834
199087
188165
73664
186607
169049
28300
198659
151284
154773
126455
100921
147281
193469
70855
68156
126922
199189
198138
166381
70528
186898
141088
120108
154948
194652
168034
149106
75571
195012
174660
186355
124314
150075
96510
158571
194248
155692
169043
178905
163039
154287
176965
119993
199433
199177
137884
158967
153370
149894
177874
85071
152377
195768
41838
170205
194562
134030
183438
194753
166305
150044
93528
157604
139831
154373
168062
159223
36889
179081
71502
168023
145964
187000
101812
17947
140145
176007
100234
190422
149307
20998
199115
128870
91146
112773
170560
198541
85121
199981
171480
128102
130803
170679
162147
166492
199928
194385
187674
161987
139289
174428
184333
197039
136165
177319
186925
55226
190530
162819
150242
191137
110695
193871
185321
199128
175015
123850
147816
195526
165886
133211
184769
129005
143734
169180
158558
180408
198354
165087
184559
88259
172640
145716
174299
136530
169214
195671
199550
47455
172460
163816
160545
169082
174734
183160
174854
169407
199981
104371
110605
149651
182689
182297
102343
70504
178997
197482
100962
163920
148405
85843
168285
106713
185749
185390
89512
49013
86261
187866
117700
176334
151358
116654
107219
196206
87202
108132
183669
185755
187494
132427
81338
172857
107560
67775
140502
195617
184526
90787
198418
176690
180408
97576
142391
199484
186797
121456
191752
189352
196770
165903
172223
161546
199045
59085
189683
198216
187540
148316
195638
121271
110820
131069
14586
125439
20523
121722
125766
185707
172073
179720
64934
193801
76841
175821
85265
180537
161228
107179
114597
198642
195096
196195
117269
82238
88389
151681
110616
182337
192653
169483
100537
187821
74937
154358
135715
174737
141826
132937
182713
186342
78490
149781
169337
198683
173550
17919
42325
172120
192383
187507
194890
196578
142561
192147
163537
194034
191736
174453
148831
198480
118687
125813
135452
196418
166471
199876
180619
133051
164455
180315
167333
101806
198802
181918
199661
198270
65106
187247
130455
194257
157524
130328
158525
199841
144461
174031
143309
147090
144691
103608
116302
199779
109542
181643
171655
187182
157439
127982
183547
152942
148366
99025
181424
164529
196497
76689
167976
166837
105843
150624
146231
162517
199572
186148
198134
196495
192124
188546
191507
171399
152078
80114
172742
195043
12137
190805
63236
144378
99452
41475
92477
176521
193489
182219
192800
130232
97826
169299
58746
109550
199462
156706
188528
184664
199142
181977
178283
156154
76603
193230
176884
71249
183549
140819
189997
90696
192604
189265
124390
157610
180960
157539
71630
188446
98573
51784
187499
185605
95874
115829
141450
101069
145055
173533
127804
110380
163859
190632
170534
90529
130761
105206
110154
160483
194068
150227
163259
98328
130733
170505
80170
160451
194202
178619
175360
189089
36846
74079
113246
195470
181354
129741
32741
187522
107130
156733
132189
184292
183174
155004
193297
118256
84607
175098
157976
198243
160897
115522
92297
115984
171777
180644
162949
133736
55741
123697
116486
164074
94519
175350
152055
188135
168155
167515
127391
150601
71090
155720
97380
143081
172970
179182
96045
183655
166741
189015
119346
142256
116498
157210
199037
151804
195368
71957
144830
164591
190050
111345
62322
111153
71502
168044
175076
199685
197057
130889
174724
160548
195181
191929
167783
184506
179265
162050
166279
108022
189776
173860
84593
80584
156192
63178
129383
172603
162076
112186
193704
169739
164224
157493
56724
111756
82950
66263
7402
144039
141982
197906
184542
164095
136647
163459
189166
163731
96263
70110
173156
173993
175511
199001
199089
195451
88273
177512
150659
190023
158059
176074
180818
186499
197813
154840
194493
167859
127539
126567
171832
167303
171505
138935
180651
97823
185290
152262
172060
94332
198926
135025
181414
177422
178361
196050
186903
167318
119260
38684
189975
173770
150900
72418
173176
79125
177434
161346
71863
166465
184964
64818
167029
123174
194491
82456
128145
137653
198317
156001
185532
184747
191637
146035
83332
154686
138964
142768
98981
198297
194208
173103
198134
176647
65719
196680
18726
103057
180224
103798
114799
50051
162424
98989
186632
176452
154366
198512
192414
189940
194847
171594
195747
162935
123964
33635
86247
164324
198572
95856
87502
165327
134411
148883
182684
141833
74041
113054
191684
29923
80801
136420
158724
166999
127485
170883
189479
179125
116636
123767
199223
143724
122957
161371
112423
179710
191102
101092
166314
172106
129488
197902
173733
74164
198755
165461
177615
75782
166425
192092
191213
185825
170555
198395
155844
176588
199405
152686
101650
183345
99953
191502
101690
197215
163854
187676
191537
197154
149117
194445
139495
194220
93901
132122
169363
120972
137295
126808
184645
197382
195419
150510
199217
195392
191705
129453
194815
198996
129902
166274
166579
108867
194729
111416
193115
19118
177162
163934
119362
99077
75032
117707
166778
161868
196549
123432
192498
158897
170145
180293
189779
27575
61065
179005
149846
125631
184963
198301
55736
167634
198158
164974
168531
189819
36138
197865
148111
161602
179850
192255
174032
193308
172683
190459
152647
196535
141453
159858
199748
90470
35008
196470
183445
157377
167945
156192
179841
199540
189980
182297
151447
39522
140057
175597
45374
118434
44899
198846
193362
112960
170282
156958
145031
142183
149319
178905
137839
191758
183700
151288
175206
161639
177693
194338
181511
147453
182786
173917
174436
147992
183133
101010
195346
107450
151619
89360
167706
178183
185896
110231
193696
177393
99620
159791
180252
183235
176996
98563
179781
185562
145083
189537
151458
195864
169557
168808
195262
141878
73258
135275
177401
199942
104982
170693
186787
198890
199889
126280
105679
86661
141658
118702
163848
176382
78687
184252
162826
192370
86667
99010
183525
173914
104583
27490
108576
159154
176835
187038
82534
126264
156668
162733
185726
189691
56083
192486
191771
176209
168917
190290
115510
174728
194343
133354
199894
196893
157866
91537
160176
194377
39627
128623
175092
143411
199844
116656
181888
188145
140306
190597
146431
196279
179929
57920
119234
140146
131071
120865
106081
174488
193409
109029
151080
125179
193656
198949
35122
115422
150889
173349
128650
108533
193773
198418
167563
150659
115789
184071
148076
199120
178895
92481
74360
190236
155683
144316
92709
110489
113801
178761
157394
196252
72525
158545
198374
153071
167989
158021
90291
194233
111717
138596
158914
189711
198694
186269
179696
136142
198871
112731
196768
143401
194770
167145
118962
139608
179532
163883
134865
170898
160523
129976
132098
26627
197055
199430
199978
191409
197126
192866
191201
134871
164690
183121
179058
139388
80347
166282
179131
171155
179483
145997
118639
107637
172708
168032
111915
97139
176397
153275
143153
100322
199526
190328
128098
72171
122388
145844
147654
198472
111865
185047
134174
179587
174112
122013
103846
199359
183157
182569
168953
149391
199621
166741
182108
173059
194918
181003
191643
136786
162528
103549
103078
172063
159254
123029
116760
198045
51942
186629
179246
129485
180363
170948
192921
55845
122402
185711
168520
133133
189816
195315
198204
192902
191679
79716
184277
185818
102707
199556
195275
101458
184408
130780
54020
192697
197627
60482
142845
84401
196017
170490
117398
184475
185288
100207
193577
84243
96406
134722
163863
115868
196415
183591
194918
98113
32846
190528
56776
181857
143115
142057
131708
195012
197794
168068
129192
97768
115667
198998
48797
189080
195656
199851
168994
138285
150521
199110
193927
171668
41751
52297
199995
160195
177280
153052
186835
146238
190903
192002
190958
187547
48824
85207
188296
173333
164052
181554
198618
97082
182360
192777
197331
55033
149300
166241
83840
188573
53933
169937
127480
123387
94112
193052
192183
182802
159257
197494
148021
126701
133341
160852
57760
196314
64956
158132
181402
88448
110265
187547
166250
112475
158837
189993
199911
121118
144378
116896
168962
121964
71909
139075
141260
141136
192266
159543
198379
192613
150838
89938
197914
199450
133063
181501
110265
198229
161168
76260
91628
186003
147633
99187
192330
133323
198645
76577
182863
170187
182980
139249
25291
106546
125321
145446
196829
156910
174838
196431
124100
174491
199636
181504
187349
198962
138173
116101
195919
124509
197061
81123
74765
194530
191437
182058
171017
65384
120917
178977
46814
192858
137273
80826
142200
178670
180887
163758
180458
141825
181279
157238
199200
70025
87923
198815
103594
124495
65249
42277
175988
147495
168824
190607
171657
144725
156404
195470
148470
162898
156146
124329
168064
142895
151335
67984
197689
21415
197091
153297
115990
180073
198613
109718
191022
126414
74293
169885
103303
99826
168030
127478
198081
125625
175243
170641
190536
193852
83232
182603
184121
188299
195248
159839
185628
170046
180022
60825
182545
178861
198738
82981
66168
163246
181896
185390
188580
142878
115617
196048
196566
157048
86498
199488
112090
192094
121676
181161
151479
140679
130893
199804
133883
75897
175126
146129
152535
163897
199836
158620
86159
183955
168709
130562
129035
167443
161978
188291
197006
113640
189155
198185
136327
190074
176463
158610
76314
178439
169504
54822
47603
110277
184325
143849
149971
81257
198748
142673
106516
118374
192874
196120
113490
137171
118800
13718
28359
131032
115820
53555
171749
138650
168812
129845
78949
167642
169050
54654
191933
148870
120399
163848
160433
185662
33831
167591
195121
145024
167690
197647
55388
170393
197638
101877
177803
188639
177773
171457
182660
184417
97480
181834
133983
197760
185468
177203
188862
140907
181820
173909
176460
153644
171165
179055
177550
131284
117905
134113
81147
195648
177087
175979
104392
176920
185237
144698
48497
100739
193047
131652
191931
148331
187888
194803
175283
166410
115537
117618
171901
164611
112987
185594
163338
122548
179751
191406
142554
193157
81727
189476
199134
46768
175360
119962
182454
165144
192195
182545
173208
167913
185964
198625
153708
165204
192547
161168
146441
65628
159703
182454
136362
197323
183229
126600
141006
153458
147742
184888
174257
189890
18304
67401
197718
12540
140476
197444
186855
192273
112617
85453
58735
151862
156469
174802
180082
196415
113022
151313
199995
178616
108221
148893
138612
122728
135694
197623
175269
198341
197014
154596
191768
116225
187490
163403
75337
88737
183666
197387
185914
175801
189012
171132
184082
158951
196563
49082
199397
121560
36498
167709
138609
149973
44239
170382
23301
136974
177586
138432
189155
160158
180397
107885
128700
175287
141794
170477
129166
52248
119306
186533
142441
165529
156058
136480
194496
163037
157756
66844
169276
198941
133846
150788
159126
72652
157945
188006
182161
179811
199281
157351
188276
128764
105879
113387
165221
84946
149076
198923
187303
199054
35350
122526
155751
182987
182530
99564
113200
90534
139130
148789
178388
194656
41868
162860
197829
146352
56876
171935
178538
192319
190498
197606
103803
91379
100012
184462
160603
170765
60992
189043
86548
95271
185552
161002
176587
189901
171774
127998
143461
161177
176221
168148
119930
120581
194883
193541
58307
92171
116836
166718
186950
181356
121711
73674
99597
29762
170435
194484
114249
144519
73828
168699
173211
179946
152776
186520
194496
143945
91050
168794
127149
195054
195178
188240
90818
162644
199734
198257
71644
149486
99272
101331
190793
163267
167961
159372
181689
199897
183164
183550
117607
153005
183074
128497
190328
91106
116693
164362
179012
154276
180580
196876
199245
147614
121730
182108
135400
88435
186416
149802
171231
178306
174138
169302
167509
173910
26231
149857
177722
114921
102592
156849
78220
167348
122236
119934
198646
139311
124278
193100
136591
137909
152225
195343
122064
164336
195530
188210
179817
188717
199164
119059
137643
164114
116848
148168
199725
126491
149172
192690
192988
74725
140178
89916
167466
177013
134242
148759
178462
195367
101777
132157
183518
183172
119381
148438
66164
163430
146507
199045
169624
185458
118523
179473
175465
190559
165005
192112
179838
189063
93617
163239
171447
186641
110712
194458
136529
168008
150032
174061
19039
185200
198308
178952
147087
30177
36575
104026
157845
189261
191731
132328
127440
122726
179791
131053
158509
127469
195880
166378
186133
176937
124477
95507
148293
186997
146165
198475
78626
97162
169608
138926
149031
162440
150140
87838
186493
86760
113701
196822
118901
110577
185406
85693
147668
176970
198119
181380
169724
46512
161751
97752
197468
166996
164417
171907
192435
164669
143010
106133
170340
171607
159277
182338
103321
191675
191207
102728
122531
173104
91623
199986
177941
145168
182576
156534
110071
177966
167399
116603
74221
115447
193344
178324
193070
154192
176378
136596
115097
198590
150414
152273
112141
197382
125251
59790
185361
91923
142759
121190
185383
188564
161396
173501
183973
185650
189902
186636
55876
126025
192898
171774
176092
175740
131233
160299
154728
195694
141040
81114
196179
109649
114008
197963
192520
119236
168739
181264
189948
176532
188962
101580
190444
115122
186916
196940
76304
161139
179259
160396
143437
194980
195826
196863
116993
196718
171139
181065
173976
168030
178379
43588
187999
134489
193662
177774
121474
196573
173303
187264
180178
105130
177437
185840
173494
13908
172319
190673
52592
132668
171490
117922
97434
181568
186511
181907
196870
167818
111345
106729
188896
195484
192035
134096
198461
195275
83927
188040
105713
154808
196415
125556
59944
146479
139392
114226
195712
151862
105459
74399
142106
193945
112679
163181
198501
198981
184580
174888
179709
145449
156058
187869
96504
133927
73957
187707
179006
178321
129848
196151
87971
184137
138233
181196
159608
138265
198188
103923
178662
198758
78994
105655
111226
139936
184603
156745
115514
195424
159641
188901
164665
151023
155625
68923
155330
66241
74005
169414
194109
191922
189163
135535
92421
189074
192721
192130
158448
165720
160597
145057
87058
41170
167704
183996
148357
155362
91992
68706
194892
129036
131760
110791
143438
134534
116830
153920
158770
194114
167314
123335
197850
195526
164029
179488
159272
164886
184940
129705
153973
167079
177448
99009
171567
199154
197911
149402
124877
163683
175540
91109
169339
150935
193859
183901
145091
197781
142745
198053
199351
157650
97418
174903
175789
167016
183525
175415
148562
129951
170425
175945
196384
179690
179555
45475
150623
47037
186844
192866
16067
193839
172132
75917
198734
145092
197897
153953
185676
185515
140664
199039
82138
199500
155362
196594
137741
74933
126613
170851
152464
96193
22442
187605
179172
193803
191380
193191
178200
126642
177250
91333
160540
181527
199854
168859
199582
167518
167158
178994
184950
195846
137828
139930
104259
192465
146555
177754
186092
186548
183887
85602
157296
173943
148730
88917
166030
197739
199911
147913
183918
194712
161263
80264
197024
157295
152834
193252
197883
154850
188957
104725
173954
66256
109232
191509
184432
168846
99898
151328
121690
150968
196680
198561
66021
108981
199300
181631
195405
185151
197020
81643
99983
157748
126884
174977
99802
149120
171281
106022
199276
112470
191209
183901
142235
163226
114473
189209
178637
192253
73741
199351
177415
188158
135437
150010
170468
138323
188849
150361
175498
197592
97914
138960
123995
196692
60091
179433
151910
199338
186541
171494
183262
132425
119632
187970
150210
171932
130072
153210
162842
168503
186904
169144
175494
93960
170185
196556
180043
148904
86664
135692
73571
167737
103338
133194
157048
159852
165759
198542
170600
161524
187761
142974
143510
179231
198856
176035
197997
180515
184977
109890
191786
150662
23868
191199
112946
174188
196084
197733
103493
189876
198401
83540
136737
155012
185128
195818
144381
158415
153893
36853
135655
154269
116345
180414
187174
150302
135748
178637
78722
179373
119510
155533
199849
181815
135020
199273
81437
199678
59689
184895
199574
140772
111667
198924
173608
161667
129236
150353
143181
86432
153725
154920
27804
100830
192906
192455
144844
101677
196782
77864
124629
61746
192481
54138
60447
165633
96422
149288
175533
173897
198166
182846
38922
120257
150953
118128
195168
198784
192006
111780
122974
166630
150087
179701
156157
196983
177956
102096
163255
196724
189454
165335
172683
99092
106427
143645
138586
199460
196238
182826
152619
125766
190701
155999
182492
196615
174813
195094
190870
196115
146005
149759
196626
199550
128790
171935
197283
139330
172223
177136
188786
124100
150749
85259
194471
181284
175019
117222
190173
192921
152258
153934
199234
187385
187711
161691
187738
108208
153428
160205
164421
159369
75931
199422
157466
198447
175691
42759
131456
176362
97606
120995
136207
125621
199547
115291
151727
130549
188746
116906
186807
171400
103469
117947
149503
162897
190342
23514
198455
183308
159371
159829
176500
117943
172558
197781
172589
191595
196493
177847
197455
181885
153149
93698
186517
193656
54472
183842
162665
186632
164909
163383
198364
133598
99628
140092
44636
49918
185127
60376
168435
199508
181570
178506
182931
138884
170189
132297
184390
187883
148158
105723
180860
149925
177068
153660
193446
140794
128461
39473
177544
163373
99639
189761
184910
140247
129617
197534
146836
173061
188658
131369
117323
177816
188217
114590
134280
192510
16986
194233
135138
111572
155263
42162
90446
198645
186991
169143
168766
165733
113188
166154
173864
125559
173986
101178
120363
198101
134212
69491
177844
140400
162870
61356
172203
183502
163558
196897
166192
198050
104489
170856
176097
193957
185814
185836
92853
162473
194714
135753
142362
176899
160538
111742
83183
122428
163597
77086
114672
183690
34838
183471
41603
116734
179139
193131
153729
186750
183408
118597
147926
147583
181395
98659
180705
176244
193458
78951
102640
127808
148594
169960
192802
191044
137059
111033
164322
138441
77818
163958
106858
62594
99694
126542
192783
166409
195463
156852
82336
197121
194325
177013
195026
199565
198630
169170
148221
129433
195474
151862
183966
185840
63493
173989
40670
130438
197348
151064
183912
161781
189479
184320
196311
96097
123244
119541
129550
142683
198438
190621
182952
133395
186160
40685
198364
128326
133160
186174
57947
153306
182710
143034
70104
189340
69011
162358
89496
153673
158637
196098
186118
188129
195004
131498
101463
134835
126896
108922
127328
169143
198585
196369
199422
152872
116756
63290
160142
182093
159515
174688
183861
149137
188708
176547
107277
183901
143657
198102
195379
190869
102730
136522
191044
198995
198005
199834
195732
149018
195894
199214
172574
172770
155441
196717
184132
68437
187514
199649
138968
120480
98591
169135
147999
178073
129120
191356
126557
195876
133169
152510
158298
123717
194898
109359
51181
162085
121897
195186
192500
176904
196811
107703
196841
107065
125963
177593
140109
119744
171979
162936
179016
186469
140621
178354
198690
186186
159095
159144
175602
106860
185825
192742
165687
195648
190576
129323
194871
168410
85366
164805
109840
104869
155382
158868
107813
86286
188909
155060
114251
68288
184913
119249
9215
193086
167685
199999
128945
161346
147917
170637
121947
199992
134028
129722
183315
195014
188621
135023
168227
192342
138368
43448
44129
168900
101957
170441
89376
187124
177878
183746
132578
132052
188124
192864
188482
187809
155024
199380
89009
126350
199100
156687
135180
163485
154126
140998
81078
167873
82703
162151
158089
198053
167373
132352
118901
96187
195909
187952
135966
106009
158242
85203
88142
185200
186493
79838
173823
165648
191838
169545
26908
105767
158292
199804
157794
125935
162712
127976
187307
142808
152922
191464
187392
185812
103783
165720
194064
155183
197246
146821
182988
173815
132037
75465
176302
166753
176700
166000
185515
180647
155417
167006
152707
116352
172878
145350
76932
193178
43466
192554
112988
175285
81202
98161
144388
191895
123227
188668
197784
197880
93624
121299
167343
140491
86018
151669
149667
180860
186700
151010
196189
198153
113278
198508
147703
99126
116538
134917
57699
65821
142933
140442
134771
186049
95173
163071
191181
157892
196797
181888
179164
199647
199232
191317
199179
117562
50012
177516
197534
152026
90949
193055
194562
197083
85221
132000
76717
141582
130476
179683
186650
175364
103791
97143
159197
57093
160350
173176
161056
155311
185765
139930
198261
51929
105317
199986
154095
184182
152891
135149
125571
166105
152912
55768
79277
109321
193290
117005
155389
117231
172626
192905
174717
155293
160419
164302
199814
127605
40268
185111
107222
192402
190881
161075
101502
160807
196219
195185
90114
150812
175199
158332
152064
98827
183374
155610
158627
139777
195503
159333
92421
167859
122496
180665
173601
187514
199847
171017
141432
153931
192750
189373
149859
86841
198650
184864
157626
185540
171536
198990
176513
120367
199245
196137
177934
87732
186695
170297
46194
169773
195282
193876
83022
183188
197532
108335
71746
118634
188146
165088
195115
133849
124492
187540
170530
198323
189229
186437
131384
176574
198411
41439
115133
101161
151396
167174
120738
169299
197941
199774
143324
197694
195932
84258
121183
164139
101188
17022
188883
176545
176651
188599
146972
157154
184241
178852
160464
176966
198060
170575
195898
155442
170146
199142
162007
117140
129988
192971
182979
163192
52066
122625
199011
199291
141699
185806
184278
63076
100185
79669
101631
197648
165406
141187
197978
55457
154371
120035
140830
159588
177776
150703
197171
130828
133819
135286
110780
185957
136037
24669
196479
148705
170365
197743
173260
175345
113180
151342
153798
142241
193851
190041
72665
87408
62997
103069
181697
195235
197908
72379
102333
123473
175337
34456
150721
159797
145432
78296
112832
73533
138198
181443
73621
171307
197902
190840
89276
182786
146706
190187
157017
189611
93154
192611
58173
36151
198659
198380
191033
189997
176337
189007
146902
161727
149521
166730
198676
189439
125695
76729
118798
198868
147857
165573
108464
146957
85982
156438
99376
18302
141079
155178
197302
111940
139896
148768
64732
106407
163687
184059
197992
67717
130501
135620
194976
191745
195075
93311
183875
85898
196549
191492
193286
93016
174240
84806
72739
167365
155024
183975
194974
183083
172267
69024
198758
196650
196667
199510
167939
58864
176426
188425
166329
112639
109269
194773
18852
175445
173456
107180
181161
179929
180703
187182
194151
194371
102080
147448
133379
182405
191507
192430
184747
169584
185001
156312
156178
123305
197043
168896
98024
128749
187573
53254
139643
190489
170996
121734
149263
150865
148699
160990
113454
90540
155408
188060
58423
101048
199403
102942
141868
66234
145889
118400
107969
198179
89211
19060
174041
158373
176815
176727
172148
150928
105682
117149
118304
133251
33999
110535
167722
140525
199020
182689
89201
152173
184984
164265
81015
121448
170922
152851
93123
165024
158472
191797
99402
49346
152798
183272
80264
174507
130160
59268
191384
196241
196664
155810
57022
195504
191890
172021
177842
128311
137685
158876
122136
190093
69815
199773
195675
172707
166011
171229
195870
166549
190716
147290
151613
108610
197262
115566
95642
170411
109194
120642
190639
159019
126067
131209
197085
174931
168885
156422
185640
165083
188157
184265
128953
181774
139770
167957
87996
110824
141001
161445
139411
176463
156824
196182
171269
99475
60075
171148
182030
198650
14378
135233
113873
189764
178545
128313
170453
116788
139295
131413
187952
31611
189977
106269
155481
196054
152751
197226
88148
159172
143087
121791
133883
118053
142970
198307
180719
145445
196607
134868
176251
174686
159730
134928
77160
131661
181247
132673
184158
129895
184828
140062
143708
181015
147440
190093
173801
185188
199207
128866
188408
195289
162925
132177
175549
63213
197485
148516
184062
175190
187314
155549
181052
104610
110665
142497
182885
91643
178994
182790
188442
161310
103464
199734
165458
193446
145164
55393
181443
191557
169491
97907
94575
177510
161120
138236
194534
197911
101858
140781
93986
42452
110346
164706
194473
196201
165333
170301
84837
183052
105626
92627
132706
41817
179943
194017
197487
194378
167018
171538
116988
97149
175894
128705
178708
130436
138599
160763
193549
176182
135219
164530
182459
181745
182664
145425
191749
133670
150342
138950
168277
187612
196733
176433
178654
134871
179420
63573
196456
174997
160675
116759
114415
116032
174969
97091
35849
196703
82184
31933
193577
198224
110214
199995
164210
177328
189434
187540
141493
149624
182579
51713
146937
198402
189529
178786
85432
18908
137820
154826
166620
47100
126857
192726
196542
90257
192718
195194
162067
176519
31910
199982
137114
91479
189924
139951
199615
156434
66553
143085
198615
160802
46043
179890
143027
72507
69024
141116
113603
180505
130278
155496
136311
176344
131461
177605
180449
187366
99180
145799
191724
187995
190358
101580
163415
156880
82636
197511
138418
182034
192295
176881
95227
145462
102200
45070
109333
164209
126335
100836
66924
193267
134266
155289
153526
175168
197810
172402
43796
174396
46804
188009
194095
197718
165834
199411
178887
142834
199147
173801
197978
88619
142389
195460
181910
192119
146097
117836
159056
188823
193860
184662
31173
158388
110946
179447
181112
188033
174380
184573
178118
189780
189832
166119
158557
91529
177949
177030
168191
125548
180803
164254
79180
169173
161116
159431
171399
182427
183620
120024
144269
141378
182775
159321
198801
197801
187343
98006
75379
114406
144421
158517
75600
188356
155787
188146
199229
196463
191128
192258
188937
109559
154566
68943
120255
167856
194789
122564
188948
195463
89428
136373
173613
177291
118064
193290
166983
107428
170759
160601
116338
118497
196522
197204
108347
198741
130702
106515
158377
96863
114677
191466
180200
199762
188342
37779
154929
196908
181432
38162
114918
141495
52140
167412
136609
125735
155729
197836
197354
152735
152264
50520
73315
194406
158862
188033
144508
150228
188993
187566
181543
24240
193822
92461
75641
171675
186116
144930
88725
88605
193285
171030
191139
187442
160138
184973
56557
129315
164090
91823
193257
160132
39711
168113
152622
188296
143731
194243
119710
179862
57497
124838
181627
194968
125489
97221
54382
145673
178484
129166
128139
79716
178358
186672
199878
190052
40251
194784
109440
89586
194055
173169
145173
166059
173021
196332
196115
185330
199999
127113
194901
133305
136611
183733
104768
179512
151798
150552
35457
29507
194858
128521
126625
190689
100312
195857
182704
176459
184980
187360
37682
191944
92727
193719
94959
113073
70254
127272
181351
75954
96602
155978
171691
147221
199127
197938
72024
78532
195376
169386
174422
193783
199894
197335
192510
196263
119297
142292
183929
138976
75628
172223
194403
151826
129070
144016
117673
156396
190808
183805
196593
146647
95422
79861
188336
194972
153676
144666
149263
179351
162027
189338
198127
26944
160131
198057
185816
182204
148233
125991
95256
94659
192333
143181
74054
111130
163865
192964
129064
194631
197183
152858
199880
185008
164993
186970
198734
168609
106186
174783
165978
138325
162007
197992
185883
190442
171672
192160
195440
176547
147237
181245
62123
118488
183756
193740
195935
166966
42396
47218
174071
158706
176593
49493
159829
192321
174617
121479
171862
178484
108232
165534
173085
180558
171671
183177
193257
198802
189003
139581
195289
113961
154815
176258
172047
197826
199108
163573
177541
39332
110597
150819
89141
155433
143271
84345
123725
192522
172604
152171
64074
147177
180160
175759
198185
141241
198881
170793
86161
198330
146150
87711
185609
176588
153277
71938
197712
167333
171494
189513
62573
170612
149452
136063
111796
159841
172951
197046
159121
179838
169201
199647
70881
115293
151039
184575
138103
84790
63297
114626
132390
169764
198097
57635
169346
41464
182176
176306
147416
146016
99546
74365
175067
141400
34432
130449
85091
115974
129837
156722
75032
98479
161210
146356
196884
125501
196848
172104
144935
84411
120372
194735
128530
88885
191535
173737
126186
188207
34516
67912
172742
190862
130024
167919
143803
92563
56264
119345
163385
61864
149442
115701
191521
181981
134283
199544
191086
190236
126656
197598
199354
196162
168459
198506
137260
172169
185973
197886
104926
66154
108498
159967
182061
95081
107618
139772
193055
79130
165782
186733
194724
194044
171869
193049
118972
135708
167080
198047
186593
140223
112479
25266
179136
145221
124705
184992
172564
117311
91520
173272
140949
182836
179239
196248
149508
172472
77957
147007
193751
110425
179357
176727
191955
156823
137421
17352
197105
30511
142643
43085
187451
74100
127253
178095
117284
149830
178634
189211
170393
110607
133151
55464
135777
196929
187385
187150
155171
101587
179123
132978
128245
163681
199087
85632
134633
184388
123861
195011
198571
106297
104398
187006
116472
182807
172287
186553
177440
187500
194862
60770
169669
129941
137114
152909
146283
125795
85867
59897
176669
62933
173061
185920
198193
167014
180564
150488
178090
147493
65354
147252
172116
178312
198028
196405
139409
175343
196533
185455
194528
153742
182647
130346
157271
179897
82749
96264
88286
144441
144156
168355
192060
91205
189461
197824
191829
152466
143054
181085
183772
149560
107784
146145
196743
167454
196161
188010
197103
114984
193474
191409
192276
161416
54957
194808
146931
146529
199999
154933
119786
194584
199967
156428
129513
180562
145902
187658
180762
175852
91741
83449
166723
32619
150135
171209
89519
118087
181680
124249
127036
161622
191519
184954
191416
181812
150508
104826
99620
186126
89390
187577
141116
127465
178850
148610
127684
134023
120300
188932
114995
132297
145299
188667
189180
142756
199471
153676
169496
173233
54016
124295
146220
198158
179487
177094
191795
165045
92096
178861
123371
193225
199901
198770
196721
185005
106096
189474
146169
190491
188527
198727
165415
152422
193386
181011
124903
172476
154850
189096
103055
73415
126393
136188
160193
129042
103952
136109
60031
86853
138789
145062
177156
22657
163664
146777
122598
101838
166346
194858
109297
167460
147711
150100
182716
154455
160588
198751
106333
191061
140621
67902
192667
100247
181134
197584
160728
140034
23931
192090
34274
199876
190646
127364
154055
163386
183386
189386
169253
189134
198926
198807
193018
183183
32819
198290
53380
54165
198625
193895
187390
140159
196607
152438
197791
180296
170602
193333
195154
194081
181296
122796
160621
143612
93853
139100
175818
58309
175024
170489
193409
174137
194800
177092
100107
118286
166446
166989
172113
189393
164894
189679
116028
165829
181274
195550
99960
117639
198138
161661
132732
74711
102091
199997
90974
186717
189183
64418
191018
69727
168220
187656
145705
199883
176877
195354
111933
65653
198384
194473
180118
164090
164598
196125
123596
63913
143958
78308
169876
199690
177852
179831
157500
187631
178951
181016
191405
185008
117858
118663
174939
170750
175952
196555
181540
182601
194730
198924
182795
196442
153808
148816
178852
158971
98923
144270
157500
188017
143090
109860
56655
158980
125776
199771
83019
168042
131835
52813
68761
140953
179686
178547
80109
76054
173040
191182
184045
68351
192035
194469
172802
190803
180913
186599
195688
194088
163738
128394
125575
114171
193852
52021
169929
111256
144799
176117
159441
187693
134591
103069
197768
121861
167135
163213
35582
192491
136971
138143
143911
152832
196316
182379
77761
116999
167690
168432
87325
83433
152261
134764
42978
139560
50780
155779
169095
185803
194930
144505
187717
83290
179953
192953
185048
149596
132789
175100
131498
186307
75288
143100
165193
169043
184769
158469
191231
135974
199794
179581
198831
199792
144250
157398
170530
83547
174698
177162
198119
158438
50246
179242
197989
93673
193769
110601
182070
96592
79169
199347
126445
90757
132437
187626
153755
138602
173286
114953
149195
183090
50647
191552
173407
69056
135357
142412
199571
106795
198345
169300
199076
198480
101497
145368
125929
183330
193449
184538
176870
195542
194553
131552
182399
136962
162042
185742
120826
161944
181705
190712
191314
132829
176301
199162
131415
196868
164763
195892
133413
178632
161540
186263
150785
148659
175043
118336
191273
195100
191997
185991
177460
138434
195941
194862
175985
69397
116107
194051
196164
171820
120636
195675
163606
198208
198627
94334
124680
148352
187061
180260
187571
195200
122837
127542
197655
35166
21045
196029
134517
192848
175126
38165
53805
188077
123027
63045
163278
198179
164139
170055
23316
127641
140072
164878
147317
55031
196243
145764
196435
183750
111523
160211
132679
177527
150902
181336
167106
117545
161557
164619
110021
173557
188252
106751
185783
94618
177228
75540
163386
173639
152150
182865
158239
188967
157001
167829
176328
192777
152026
158008
173401
174166
85453
196250
167756
192847
144768
156101
185785
173424
188493
155576
198389
167784
71885
147729
151210
193258
182574
194428
131278
93479
187461
138976
181595
199748
156146
68317
186908
163512
149773
167783
194328
178508
139914
143191
193860
187900
117203
30099
183844
189961
170050
70229
159538
97258
73136
11841
185030
155986
131362
149596
191832
134599
184431
119846
163980
197122
83162
150723
197417
164378
22812
198376
167639
159382
195999
173183
159783
191403
153463
195907
172817
129036
164662
198017
199023
141723
192211
150153
116601
95071
178847
59380
184262
117888
199450
124211
176680
138293
144030
131941
57880
196122
170526
62540
184769
171215
186076
198700
163597
196077
169243
146429
171422
191017
186361
154839
191494
168743
171565
102768
180388
182501
164731
33653
73185
186017
161587
99632
142945
172619
159103
192227
184017
21521
182746
183775
169440
160664
195295
176262
104405
158582
150549
194338
189295
168462
195449
195655
80142
166363
106142
166549
166095
125017
189977
197601
183096
195956
195167
31929
179373
55162
114482
72076
135540
113903
186911
55616
102353
170964
169256
115766
72817
194271
79772
175693
144531
198868
184061
119948
161758
199914
174329
172235
173309
120079
10379
109988
169515
196879
58554
190622
152405
119744
193743
164444
168101
189219
91130
188332
198699
188702
129002
179551
160487
136843
174220
104235
59643
108552
144358
197201
196002
118905
127759
139234
150334
186966
184827
53015
60116
135177
103629
165715
137538
148546
163309
53340
67465
148305
60313
190594
191646
108840
196692
89788
181252
49973
112232
112090
134865
183678
153660
161719
195992
150383
196169
188894
199397
148400
178839
189417
186607
175082
172442
90133
197662
156782
147583
112262
185991
158722
136985
59572
152630
171281
110335
79278
178609
186897
186324
172076
170984
195675
115623
195081
129005
167992
175484
155973
179714
25900
168670
68953
114662
199403
199519
155038
135586
69628
196819
187693
156141
171281
175964
153954
135128
133359
192436
62297
131730
173848
172770
197961
175290
188223
196065
176680
61408
124933
180311
140349
34816
169818
164864
89802
173260
176535
182626
145225
140061
95704
96263
159605
185424
77147
181918
194416
141801
188010
178329
144469
65083
82051
147083
196402
187426
189385
111636
190900
168898
139379
131551
172019
195569
160922
151740
181519
181468
152095
156234
83801
195721
117687
193315
181760
75085
196341
163931
198043
192330
153657
136482
196930
109867
32187
136078
89276
194282
193209
51327
168976
172459
131454
141977
124606
137205
111238
164002
175309
48750
196252
176787
194416
179212
141392
185381
68343
111343
131309
58635
199209
184757
174270
192094
115647
197331
195325
39103
128389
70559
61595
108144
197437
22618
160736
93821
145086
103173
162797
194843
165715
182359
195068
190526
111706
66550
147221
160341
161319
171635
174852
199030
57616
167269
154353
179818
167158
186328
176954
185704
47812
191871
196410
183683
132587
149391
196686
186308
162846
193839
162579
129516
189503
107532
127947
158239
193442
195815
104001
121148
140970
159306
145560
64221
181918
53769
82549
164358
168917
135609
185649
188597
168280
176445
97228
138548
150053
175373
170552
179606
157305
145174
147619
104852
187809
152077
50884
146548
194264
137538
153509
180567
132681
198018
195146
186946
175698
180761
179502
75233
124100
164783
57814
81780
169294
168113
108828
194349
163071
169159
190049
146673
158208
188580
182350
191909
186900
121126
190619
22844
188515
199426
167549
160542
182746
118725
196032
129075
70306
146821
41818
26851
137101
199851
97922
144487
127321
193172
129250
65569
141029
157524
186698
199736
190333
163403
199027
57581
146628
153535
157920
167091
197866
199200
163544
192514
130188
128281
34974
163105
71540
155692
189482
162446
152495
189606
152241
196939
169407
154806
58861
116543
190875
150357
127550
149872
183603
199791
124825
198900
194628
182036
121546
82719
114947
123767
167951
198595
162532
195850
184049
186205
193797
163802
166190
186134
190353
144167
189878
193498
178441
197642
135801
43902
199149
188571
176443
199437
119218
143955
89831
194403
139149
125902
158125
196418
181656
152074
114543
124531
189734
148138
155392
72826
113792
196787
199450
104630
155527
85604
187883
131210
190273
111136
168575
105598
76152
194391
169368
105206
159881
117419
96346
180748
191850
122247
62830
94917
149361
199889
182828
154053
197494
190967
82094
185549
134066
140788
139086
176057
170646
171967
199973
79608
125597
175816
162409
54632
199023
115651
139291
199736
84754
172628
188048
198391
160035
105148
197684
144111
191888
198254
140914
196854
188428
58000
187824
161367
122153
61602
138193
174207
145909
189149
120589
119459
133181
159522
37500
192805
129062
172423
172960
90118
155390
124219
180105
166047
21712
134724
192913
110176
143896
110982
111497
163288
195823
173024
188978
188967
129018
192562
78451
193831
122223
150570
199886
49512
60266
148526
199941
192218
198399
141900
55846
158328
116616
195550
141908
197050
179014
56398
196648
97025
197309
195368
192890
177375
181329
54534
198031
147457
192428
198710
187796
71086
182792
154900
165724
160030
192851
175383
157315
195800
184400
191037
191094
154826
186577
151953
127416
149759
189036
190057
198524
195243
154724
194096
199825
67288
93070
133175
160965
189969
193721
171902
198907
114672
120546
141395
25828
94340
91714
52383
194360
186635
184970
192171
149673
191282
195765
124456
199157
175274
184624
155700
197964
82917
198866
182065
176764
38714
118975
109384
177623
126012
191643
188537
188557
191091
199967
138184
196764
115268
135489
187373
83063
186998
93834
176907
150859
172127
198114
156695
183605
94319
105625
134919
144947
88292
198903
94968
67031
178740
166405
161348
175343
172502
153199
196575
86428
113576
199001
152547
153002
6468
104432
45425
126558
38070
161363
185024
110062
34623
98239
128054
81925
193632
196847
59072
98222
194201
120346
186574
146663
97469
111874
183327
75198
192721
154804
193683
101531
116653
127449
193580
107461
165711
196235
95000
196882
137946
163317
191938
114817
131880
95852
136647
189857
133003
195373
143733
192447
185501
129397
121602
186787
182609
166952
169764
198861
163705
189908
133871
190010
85612
172741
192742
146463
147030
188065
195880
182842
87239
81241
147635
147350
178861
183083
161579
188251
199214
125921
172742
169268
168466
179245
189246
189108
199995
135808
146195
164198
73634
176608
196476
150717
190982
175419
196412
188386
54740
131488
169860
131393
151959
187640
193270
163317
167792
130070
160567
157050
194448
48653
168533
142535
143671
109065
74033
106219
166607
175668
114436
77724
88841
186961
199289
188883
108389
196059
197344
40717
199821
172442
31257
128063
185161
186683
175032
147485
163708
189237
190649
189090
160574
182634
191590
155982
142694
120896
190683
188707
101207
187744
196983
115602
196700
145719
174854
193375
67514
48705
155549
188823
157039
193209
96875
189726
191115
162811
174664
186904
108446
168510
191102
197985
191238
197138
125480
163708
106737
129549
193472
191260
193811
85459
105250
199863
172520
190069
114333
26271
181180
60303
115253
152684
127858
179476
179128
194245
175434
176794
184378
130042
151630
182152
95575
151665
196137
136026
139935
168161
137640
186871
83863
95355
195146
151872
132622
199079
168761
100950
173093
125234
196410
165498
197810
143856
172747
199946
117360
114593
183570
199880
119283
131759
193354
177648
158689
84648
171578
55325
117786
189785
123360
199746
94053
190036
75356
97070
65387
117211
178412
199849
175988
186688
144454
191238
139338
34644
159860
138635
167034
183982
56534
148918
35269
141226
190731
95128
152787
198282
155741
181462
126077
196117
185348
134614
124385
174620
198154
117462
102784
125876
140285
177915
146983
147862
134545
181221
161376
198248
189878
145809
163190
142989
197444
182719
186767
177359
47267
162108
196526
67043
97004
198122
65400
112751
169699
186988
197850
157094
99834
94467
47695
57225
85381
104041
191579
166410
190375
193767
112770
170837
103275
141995
89931
167546
167451
187748
133697
157979
128511
148357
183542
115250
186700
145404
136899
172527
133521
197103
170656
110704
150924
198669
188306
160030
121569
153131
192788
196521
172353
68892
17407
153019
173742
127133
165694
160702
153329
139810
103503
189268
189362
138754
135017
175400
112937
160151
198339
199273
74637
154389
174436
133632
171069
183626
189928
184194
119862
99283
119291
193936
199788
19381
145510
129566
173628
134041
192363
152771
165570
177930
109741
190179
61959
199356
185555
174704
146176
180214
58446
193998
155697
189948
170063
162440
126407
49115
8789
183188
197288
92572
102690
181222
170228
199209
185130
137686
137503
182683
137053
147862
177359
130930
97745
128953
79802
93624
40925
111970
113479
158661
172580
194667
105745
191172
91340
111841
197656
191681
155771
121348
185376
132292
58344
195468
194951
185278
190013
182470
145077
192153
190737
117003
177258
183354
151086
183322
63657
150028
63536
68349
66272
49628
145810
110055
132280
193769
101559
100731
89297
125739
113046
112983
193854
102454
199408
167989
188081
199999
187409
33016
186550
197304
119004
199800
168699
178244
199631
151171
172466
161041
160329
87417
120624
147540
171965
178169
145851
183649
188615
59009
185708
178324
151199
126226
96955
195037
192542
153967
83840
176484
142048
154922
185396
61541
189973
100834
121728
129474
39973
190342
133703
162120
171062
183277
188355
110140
157660
147656
181460
197312
99230
183180
138809
117189
167518
199100
144839
194533
197641
69095
145179
107599
37905
190555
190049
197941
41492
138695
192412
179449
198204
114558
78661
199105
122531
198035
124049
193115
104094
103238
156581
192588
161258
188823
199496
191693
198923
181759
109410
186930
152258
157153
187417
98733
66724
103380
183386
195611
194584
199579
168455
170137
104610
139919
189529
86508
17673
198335
194437
165903
189426
198575
91068
183464
26236
194892
115063
177291
182288
170311
119150
101004
184688
42495
191525
193232
161909
191595
173950
128690
112796
114284
192587
150664
67724
182231
64657
126737
183118
198610
16821
120937
126929
113352
186900
156411
199814
125784
191858
156146
57703
188329
171221
163703
84698
190118
98200
165349
167154
185133
187130
89185
194362
160501
168212
142423
60866
168257
90880
96048
93501
177600
182055
193778
170754
150606
190228
177626
88458
49250
147498
183855
145960
197179
194644
90723
187859
151488
188719
196587
119323
158634
189843
103133
158666
153673
183534
181065
175977
198663
170814
76777
63269
114754
192633
169515
186294
169885
170157
193972
70807
183879
57739
154715
189324
61971
199351
123155
45379
175818
192528
113056
181799
87039
178371
102441
143962
166931
123865
69119
141490
138914
198875
154175
131513
197754
156679
154815
126381
191496
119506
166532
156383
192645
196370
185450
103772
83144
174915
177657
191581
197085
179789
11854
190622
96654
194238
172546
177380
44242
104124
128853
195633
199986
151975
197986
104875
139802
162979
22631
189834
113711
176793
182161
199373
85050
64876
186591
39264
186164
183518
112021
90572
156509
194918
86709
179768
163171
132755
127684
118660
159199
195329
108700
195675
85281
178855
21804
128178
164643
74079
154850
140332
147760
143971
64796
181592
122626
166061
141042
106667
78438
154715
196936
115918
102627
63524
146214
199251
161348
199719
198402
133240
54592
164646
117252
198081
190179
195994
146413
165574
92662
191267
185462
125998
194864
137946
166821
137139
164268
164386
178562
95134
184419
164330
193112
194441
158507
186754
169661
143039
160773
128735
157658
195044
147776
132998
181745
74939
178020
109194
199572
163037
190277
79733
143983
189449
181722
195146
177678
153389
181454
156916
197981
93154
133933
196616
157036
31307
199685
98814
189494
188920
169695
172358
81950
179226
193079
165782
198326
184141
124044
25317
183130
154550
72680
135606
195483
198353
165085
36601
138652
40149
59203
124785
198009
197116
196668
170182
174291
81266
161742
171391
127894
192023
137845
118091
125782
86613
171347
157014
182369
123072
131470
185417
180691
114246
183163
113545
90019
81485
176478
190381
164124
119615
172192
109881
193030
173173
184992
199650
129999
143699
160499
180964
195400
197972
166632
161002
70006
137198
103046
184545
194864
189643
83373
183952
184549
136185
185188
196839
183697
179266
195233
154854
65599
80359
128536
180658
176882
144821
102505
183549
190349
196930
106946
49940
199333
192200
109877
118821
189556
189424
59421
190124
193735
163725
104787
61708
70848
199762
168042
199963
136096
50329
153546
138364
128088
101163
179203
113821
160801
62632
170142
191721
186287
88371
132339
166976
186987
186139
75126
198127
155929
57400
161961
191516
161654
176767
129793
197985
69969
119489
110683
177108
125015
187829
196270
153164
112419
197736
104914
168906
131606
186005
136684
161936
157527
136385
84526
142044
125126
160781
138753
147181
122367
103955
173264
99071
117094
147301
193756
186019
134400
93275
187253
178352
179589
136921
177199
148002
103653
160843
171217
165133
171299
193695
155764
111815
128391
119217
76963
162357
84629
198154
97623
134119
199938
86373
157735
100890
171279
199471
193572
54558
191735
198037
170576
199973
138412
177125
198623
196615
155084
192198
195835
102336
148599
127748
191142
186385
84247
152625
186355
179422
126955
51334
50619
168929
176285
177768
196768
169004
138002
114897
101531
191885
150353
105390
179493
161144
179420
153295
67512
153903
59296
170693
159718
72872
87980
160012
135570
132288
173170
155441
186433
172678
63809
129218
183121
95013
178622
79032
136199
194553
184799
188854
58909
22582
107340
134984
178250
171426
180798
199011
91538
157289
189844
86487
198862
131955
151477
190076
196488
191522
162846
146763
95496
193852
147140
99575
178528
117741
181845
46648
178258
63728
180610
165054
131854
184027
161916
100829
179427
55616
137721
101658
118282
191192
195215
79720
188911
197971
175751
171691
186305
151706
102329
186706
180325
193549
115826
176679
140638
196926
183566
115800
158647
115371
198413
96814
168008
153473
192175
149914
198680
95356
141793
120920
89203
194113
143473
191821
199816
136231
176213
190571
116606
118248
189222
119448
90035
198861
176489
196374
199435
189513
197333
186153
180088
96856
100211
116629
169261
192826
187008
142830
198586
158490
114470
190926
172736
159326
119542
188685
131473
84765
150206
195374
162291
37848
103363
134627
185257
163111
186517
69426
191684
100019
162742
197448
119383
139075
176355
18924
197115
147770
187540
152425
66247
53410
178962
152352
194268
189101
160126
105733
196626
175914
198774
133727
79729
140577
168270
182090
167505
73834
114937
61200
106741
153244
181395
191564
173655
168409
155791
199642
179345
180776
57557
89351
173993
189617
172932
161653
167244
54390
169531
189654
124574
99399
179439
199211
89211
160836
186242
187950
152251
136330
133748
142715
151159
75088
198040
114348
129850
54181
98877
60002
155103
112058
79225
198057
132505
116759
134978
162088
52778
198326
149440
177084
133373
185251
175826
194157
136870
184928
109163
196923
172424
197033
166751
195521
150242
71926
34686
111294
128794
191248
161587
171157
122458
192229
156983
194271
193238
188151
184937
195956
121960
141395
58180
184892
132560
172742
197847
197241
125210
169630
195876
179200
143771
173109
192971
153256
95873
199103
135881
74312
150757
194377
141436
156793
38905
153756
191501
67335
155920
141034
114309
198266
155378
189527
198694
143773
169034
189164
166400
137925
83799
183390
179494
109780
199608
121800
187654
139942
111759
193337
146284
156888
141574
198345
179497
180865
165836
108717
151094
163327
171971
114282
194358
151160
189518
121232
119085
63134
183681
157500
193098
197499
178928
162805
139394
186760
131475
174376
97241
194991
192175
148964
156234
195844
152400
120374
181665
110665
172749
193236
170699
141136
76982
137989
175013
199834
54023
145823
79588
102393
166915
111087
187995
182691
117658
195094
105943
121139
48798
172021
181301
171225
72971
153262
198224
52691
197838
183620
199756
101460
86007
183990
165636
99013
195613
115061
75144
199560
99892
195965
196743
149391
194366
144733
190307
196550
196304
54033
193307
106760
173053
180251
100356
189714
198053
60022
186556
126905
177185
179386
179301
194526
195706
177347
199774
182865
113414
136026
179903
180008
172829
197850
153409
168228
160920
138252
188261
178474
146596
118312
190569
123897
185097
196196
12016
26075
132998
166743
196886
157136
183030
124209
50546
193092
173586
80202
194447
35381
188175
185119
96796
199400
159315
139951
141360
196816
150669
168248
181718
174282
113326
191612
199598
60303
129789
130788
90297
150790
195643
151169
112088
119139
166325
197344
178935
195885
195336
197300
159023
125489
141914
97770
179665
125126
163134
183782
192441
27812
184988
168964
71246
130632
163023
124076
189305
119685
176310
140110
178528
165311
80283
180117
146579
194954
162824
165500
181525
83032
73876
112791
110886
6736
99327
171653
181093
158067
191179
112533
150645
149773
136275
154387
39663
123244
153372
151534
106602
136186
164273
178630
22050
198185
183693
132580
196544
179290
115379
180323
192112
162567
183669
195407
171114
91663
71870
138496
193623
191822
86355
147936
146838
155003
191540
178014
172906
146961
48606
193655
195633
163234
169515
63512
161228
180871
98552
181421
179752
185412
191843
176714
183092
162221
181548
37507
76421
184362
142274
188912
195587
162072
112861
191463
153720
174061
182716
120396
129688
195346
67318
151561
136412
114877
105279
166682
134084
69480
147064
113147
181482
137171
199652
165885
168699
193735
21146
194911
97647
111578
158972
190457
143006
189433
169634
21859
162996
133585
105767
151043
145958
167331
177023
149875
160765
108787
130973
160131
131781
175904
181820
172448
142554
173935
177686
188425
191362
119608
67381
157442
183565
108975
123424
107899
61070
130366
38244
161675
156722
50237
196263
174717
186259
151775
186529
66643
166809
170793
152306
199978
185115
88765
97509
190361
130222
101816
198931
198859
24569
153402
193308
132752
186835
148211
162736
155669
192442
121548
183666
185929
144806
136671
192948
188430
199562
131763
134567
195980
188383
152074
179023
136253
187846
183272
167112
83644
96188
185424
140578
193203
136955
29932
160436
59411
166856
139449
133308
95725
112371
194982
168340
143407
175950
127902
177854
118429
153176
140765
100862
144803
188628
118193
165533
196743
108597
196524
132914
160763
182420
196013
171155
111995
135928
116540
167549
109110
125436
178654
182334
197488
160669
143018
174390
176519
133646
77132
176900
156945
126285
95180
147854
22148
86890
180365
174660
108639
110413
148191
197958
153470
157417
121720
131768
177804
197617
129082
173461
107356
178545
196374
134568
165608
183310
94126
191458
127564
193680
58609
190636
154021
102094
125440
190909
187640
96840
185814
155730
140520
110779
100981
163925
122126
172401
146863
192262
155024
177054
191477
187062
52994
167961
170892
174534
165246
197680
125110
81667
191980
196923
54307
142076
120964
197961
199754
194707
178549
190944
193312
116046
177923
103024
197055
146581
146647
85124
41795
198675
147619
61750
82772
168539
169683
143996
185537
156064
119635
165844
128277
174278
97838
138614
199612
191248
192633
167209
140513
166517
98117
156737
169818
184964
181336
103378
185098
91157
168171
30319
137657
175437
192941
119830
193037
177348
120425
182104
172220
198132
161897
199032
123129
151718
143791
160747
12686
199982
130680
171166
147097
92580
195960
184864
136875
186672
103702
123759
185939
180003
110849
157394
155422
171000
179904
124255
185603
194591
133674
121695
197860
157471
155823
172335
199448
183785
199995
164942
185886
140435
128405
180869
157508
114639
160860
199420
140301
139361
186370
174830
160922
188058
169708
161453
141930
131853
95859
194991
184977
194125
105203
186222
107297
105007
187822
114286
102082
169363
181184
49013
194416
196204
163011
164867
180762
127409
198921
152657
169939
193409
199808
142903
199278
175113
169968
159175
193665
178516
190392
187298
152006
196612
123104
164063
178058
197283
112520
185280
172965
32730
199555
169365
110560
135848
184778
189750
166528
146301
55853
92634
142095
34301
184988
172604
31318
183896
176484
148399
158663
188403
91167
101695
118222
145915
183089
39719
141331
130562
192363
173319
17582
165694
186927
153036
106271
193171
111693
76167
193711
149302
134984
45063
194796
148715
103405
158905
144323
135852
37124
162811
199437
179416
194742
10728
111436
162345
83750
180066
198604
151482
199353
84591
191967
173422
68911
121017
104197
158666
166325
188430
194606
156042
190502
133459
191253
103744
182654
175189
195768
147273
130880
105518
198990
195553
192676
149484
180290
165577
197065
180424
186151
192306
199098
138833
147854
165495
164894
156206
198932
186403
186158
150979
197482
131270
82631
196636
183404
132486
195108
195400
154972
104490
109886
121610
182920
175399
109725
167692
180583
47156
37480
195367
80239
194139
46632
32538
68598
49450
183265
165615
166860
174086
162815
199435
198380
197990
198437
125321
168948
60203
199711
155800
178095
195736
176159
127794
158938
195537
76192
70179
94491
81628
192112
105433
190104
144305
199492
74876
196326
190179
124385
121092
194189
178609
182401
83476
167530
98538
185861
199938
191259
149969
169346
199189
163102
131948
144972
185886
180564
160558
153615
198854
107482
157182
195050
189819
197847
179143
96489
198839
152013
123468
178454
106037
181008
127141
195102
175350
159552
187081
153642
176261
196261
189104
197176
192255
179265
177232
101332
198892
195780
186287
159538
68527
192716
135595
144396
173733
160684
126067
191529
167702
68160
193867
190563
197826
35894
184342
194898
178190
73069
173303
131447
199907
137528
179535
190333
199052
141548
159283
79786
188902
128611
68037
153457
163123
181262
194705
160939
191042
173857
59363
197581
174544
163760
196190
198386
189346
196635
143754
185661
98940
199558
179548
139260
198494
160304
178306
166114
157338
194352
108071
190996
193941
130032
162136
150946
168373
182495
105752
199936
98153
79313
142570
178822
197068
186193
120782
159232
199698
139361
126906
76960
192575
183709
87366
167119
177494
130446
162370
188667
162680
181504
197514
121358
188440
174211
181909
28830
106202
181096
89397
192327
129789
154535
171528
179265
193449
165111
194202
58763
123483
182733
96786
92609
151056
182830
126417
119226
70774
197739
187673
78864
125873
187631
169663
105862
118025
128208
192664
159016
151628
31694
174000
182237
193244
131032
145705
172606
159805
194186
178966
139558
126738
173541
136530
134364
69699
127970
199475
106655
58505
161160
193876
188628
194874
135183
174540
195725
186414
192533
196888
179332
195478
175779
158644
66942
49670
193004
177019
191999
143932
107054
180041
195001
155329
189790
191621
31845
103390
199183
190594
54903
108374
175626
161693
131626
198285
136843
112774
78054
140113
84387
161202
196770
102709
194750
192975
194409
117755
190046
108122
190165
132162
100014
89069
197071
96271
64715
93911
164933
173088
165437
15839
134299
156916
196603
28009
142259
179357
166746
111689
62051
129945
188929
199891
164270
198211
164770
181341
158201
113626
152662
159935
190014
148277
157750
124079
188006
164585
146246
110787
196069
181216
181940
50126
45868
58553
144799
71842
169251
168028
134220
38366
122623
139511
177898
107315
188685
198215
199759
19384
180335
93063
47748
195315
119954
199893
193977
179024
193452
94827
168915
83661
63900
179297
160367
168255
87670
141038
159401
183207
153794
81237
110453
136227
92744
40015
185704
175702
102298
198758
181421
112429
198924
192986
165677
124261
193667
145189
132882
134337
73916
121029
140904
143736
189700
89592
184528
73205
112336
22044
186485
21460
199034
94353
125366
191149
171735
143854
188877
114635
172179
199532
42597
185432
198628
153785
100278
69809
152056
77572
139276
147574
112282
160999
198879
136719
166726
161092
149128
166806
190578
147550
199705
167204
121809
144353
190749
191276
147891
174447
49632
178582
176471
172920
161494
69477
189452
161395
169004
195122
119071
114579
195688
160611
168306
199403
166653
193380
51659
197001
124105
187906
170107
182671
193128
168037
175983
171015
159651
160722
130641
157929
117728
169515
80794
132668
178005
192762
172974
94002
124237
167169
110916
157497
178332
154559
175952
166906
34102
195968
131196
136286
150137
176721
159773
190560
144266
176162
138309
187430
163570
179285
183516
184018
178550
128803
182980
142193
198506
162396
78229
100787
191100
127343
173797
57663
169545
143852
193221
188948
153567
98420
182104
147197
144465
105978
153671
105211
155956
152140
146612
199406
195354
156012
155554
187337
148987
185278
126153
188674
169419
196220
122537
189847
170175
192851
199528
189780
141603
181620
199344
116847
199589
198533
148096
90540
192953
193571
165052
131242
57308
157683
199116
143571
175988
109893
125830
184980
66719
199209
134503
127196
176542
101154
133873
132682
179890
193207
178054
122446
78262
106465
70503
189428
140681
193977
194134
165598
143020
123101
137463
167093
185288
137765
112149
82760
198007
140137
169767
193225
170435
81302
33633
174767
140897
98771
188571
97416
63422
185726
167002
61568
62862
194263
137471
171422
159000
186919
115458
102965
198485
156135
142015
136972
58067
106378
117805
133349
164009
120848
172570
155263
96159
199636
195326
128204
116871
164731
100948
165701
173307
145846
110009
198862
197001
42191
184937
151080
142793
184585
104210
132198
192522
198241
108196
154122
138143
153634
99658
187727
151941
196484
196220
176392
171589
116957
195478
108025
166234
133068
193913
135248
197471
93477
197179
162095
195185
192800
137147
93981
174583
25544
184220
125965
146084
198618
130631
188866
194173
112544
101508
188321
184678
159590
113209
174214
94451
195212
141360
94498
170355
173912
193571
196275
135221
182276
188668
45622
132345
59900
82950
165256
171778
195458
194636
186685
140617
172998
71007
93821
172835
112675
199954
140163
175346
197833
195874
178214
179172
190293
169546
117535
172997
165052
161465
22032
94645
29102
137698
185450
131139
198705
98819
193603
113452
122693
171200
192011
136786
161592
193561
187209
116766
151247
197545
164996
139224
156366
165333
137036
197437
188324
120391
181178
127542
189982
186024
90066
86571
154821
168519
73913
93381
197690
177961
136185
187312
42062
171951
69988
95895
197844
170338
172335
155014
186110
54476
59834
120053
130658
195174
197963
66158
172056
178444
19560
192562
160499
139115
195230
122370
129690
93968
62094
74838
142269
142451
61939
143376
140403
198068
147384
178167
193184
3519
199496
132299
195041
182116
173366
115754
88374
199555
167199
111082
198801
176665
147717
152087
101251
162869
170118
180629
87833
190170
154091
96991
197312
58583
197721
121926
199015
117014
191920
97833
30655
87424
168893
190143
145614
157855
195758
198995
153572
195402
192805
155563
194565
166492
198727
148880
189012
198859
152426
57235
180172
191762
188400
190254
107425
174145
134631
151026
183459
192430
154136
198297
193409
198572
164536
22287
105642
128363
108673
163676
63745
44926
129960
41962
158256
192771
189549
195572
191496
157614
196435
90170
180705
58363
166871
173514
151212
190412
159783
102997
126939
159751
193471
124331
135462
94547
25105
124561
196623
120702
166692
25188
87995
54291
168636
193338
172183
197273
135730
138247
188009
132248
174688
105641
96220
131606
189458
115200
131889
64083
190870
179242
46007
162050
134197
152552
61535
180703
123094
103656
182291
184979
147680
177465
90368
60449
99319
189993
165730
195478
97605
169567
196655
180762
118461
191766
197528
169389
192572
180103
186966
196516
174815
186840
169346
179456
89335
182909
105926
71291
179641
183741
184819
194282
101177
171719
138791
123419
192631
191985
187798
182420
118202
125410
192321
196264
195919
124617
39236
123271
199281
69699
161395
102986
144943
169018
56857
152698
165868
103649
169419
169813
174137
199207
156344
137818
171334
60161
190840
150749
140015
164229
135997
185066
180827
139487
164277
185408
190382
178844
102861
162649
167965
116616
81173
143966
29244
110726
180658
176054
141753
182472
187795
181596
124506
117866
163949
125093
172691
45004
178122
182014
19701
179626
171360
187888
191490
110245
185344
115042
122927
130955
189187
45374
197409
135053
179977
100066
79652
190471
93878
43266
41294
109663
181638
25061
191380
182599
101537
157915
83758
137706
130262
116783
89550
97486
150077
163116
34998
161693
118150
146503
164597
192921
198348
183614
124512
196364
58891
176211
126741
164298
189634
184340
124489
125282
171289
71961
172155
78632
165946
199095
173984
153086
181398
125571
156682
163802
69980
145546
193638
158322
183550
55570
155254
165546
199312
198339
172514
109460
159690
93388
139675
178966
147353
14282
168068
188658
197527
184609
197161
81161
185423
169431
170101
20750
150369
147150
123629
127053
170941
195268
127798
178965
124495
178124
98937
62401
68571
140101
196804
66549
194749
135660
161017
176063
157981
31264
188193
146027
184977
173749
177258
81833
181047
166709
189503
184545
149859
188123
171789
133841
129819
191166
164680
195439
182687
196224
183511
162652
170928
175898
141198
158806
173925
108673
192373
185804
184215
173217
71439
194317
180012
134413
171590
196235
76242
197841
156481
124654
49746
134186
25645
51412
143671
27835
185606
124172
195912
178134
185262
179856
184547
160209
143504
166378
199676
186370
109343
199238
142409
155873
74581
62575
198812
143992
183889
99485
105369
128104
95338
157997
186164
199040
177518
138473
122777
140088
195104
180031
27079
158647
194430
189617
193331
192958
189080
173299
151357
196125
178732
166896
191740
41521
199782
165864
102215
197972
121230
131821
155900
69200
105058
189485
69061
169324
199207
146808
122253
106577
167301
185343
160717
195830
82736
159883
59125
169464
173877
59254
130134
159325
92907
115539
121045
185274
32424
199172
185350
177708
199585
136950
99092
48452
197679
167469
195643
189605
164474
199934
90304
196388
116640
152596
73096
197005
192775
168199
157603
187578
96586
195846
152795
195064
193215
164805
72189
95318
120583
138470
148313
138731
182719
151325
54582
123541
187209
198391
124388
181437
146601
180509
142614
191605
78264
186657
191533
186205
126027
33849
113206
111021
125582
168345
174296
194714
112445
180404
110782
199555
93154
168477
162812
144011
123025
166908
94965
182395
155043
151941
99300
189806
198001
188285
116606
140017
124720
184984
103034
173685
133467
99437
143588
183158
184025
115065
110259
198127
195043
68108
167654
144851
199525
164770
117943
153624
24720
141206
192330
173749
120272
195048
196736
193597
167694
138451
176450
132717
196083
179501
197817
170445
91879
65699
174134
9796
161749
136216
112614
132027
174644
199839
155933
192699
181949
165021
196696
196212
194756
189241
149628
83797
180809
190534
192060
180658
191614
71928
133343
149798
158937
143028
175721
93707
146651
162260
152729
184550
171049
194189
167712
117334
156534
182564
192041
189711
99608
199779
71663
160316
63096
127861
128451
143953
28313
68560
173410
36604
183714
158381
197776
148411
191099
124397
199661
44792
180606
192439
173859
144988
178752
66612
76837
17978
55154
184050
179626
170259
185689
166474
41439
40813
117965
199025
97000
138968
199147
171802
199231
137043
177462
149240
119189
54337
192790
148657
171800
184130
182058
141668
102539
184979
142205
122716
196526
127504
54642
163972
97542
182356
128509
165427
93297
197348
163956
186453
162517
184984
39741
181169
193892
75673
186458
197844
47173
178197
102280
119098
143890
60098
76490
155762
148201
89678
181047
162867
53028
136957
183027
127364
171743
198748
127288
56520
54565
146815
138896
153203
100983
198956
116093
153903
182885
194377
186207
174741
145671
190952
113972
175215
72547
168883
128240
165719
105130
89290
198970
111006
45573
172513
117317
190821
182579
179084
192503
164124
71434
197619
177991
177186
194063
177885
59153
104029
65247
151028
105070
109933
164922
158741
179817
196408
30961
113757
141260
152167
143387
191088
113583
139268
171245
155571
187671
195132
175876
90409
159700
68088
160666
189713
107877
183096
122332
196952
65487
29538
197131
116528
195812
169655
163813
153675
197273
178928
165970
135275
187424
143201
189415
189178
126980
197534
73103
146431
190777
106966
125258
59790
147237
199403
178727
118096
68723
186296
184724
57784
183279
189233
120906
166546
126838
117484
64925
169224
117688
190301
178791
128149
160193
174908
197437
120486
154607
131763
112395
120754
178735
188734
195928
148889
137833
159126
199464
198323
69069
132297
178419
157513
51251
196683
173972
155215
155992
194832
63283
136105
148415
190479
55105
190873
133271
105229
146835
40848
180086
188517
176580
113448
197554
114950
167632
182851
158087
193300
54582
152153
112253
179214
91787
82680
140582
174539
125248
194933
66275
124073
135995
107814
193341
159115
148942
178615
166333
61496
178109
175869
187665
141208
139260
136119
141804
195892
73166
167399
182028
195522
148942
75674
3335
195807
195157
165603
149473
170224
98378
157332
190723
197058
154438
75807
153782
147310
199172
130648
199991
198451
151288
44849
149529
193037
186666
135766
109036
110720
158507
185119
195701
198174
149945
164189
94336
132168
194354
181065
123844
74784
77527
154059
155703
158507
117738
83092
141277
94638
199556
163609
175890
180953
190761
149242
197325
194746
116087
111549
39556
193565
190058
100115
194433
157328
87926
87828
135424
199446
70277
199218
173976
172998
161681
49041
168876
172956
143908
189837
112613
179463
198760
24419
157642
189000
86417
158362
181934
96349
176349
63627
184664
160304
166898
138635
153675
191329
84482
199984
97450
174269
185806
198974
197446
195032
194224
193107
192065
169598
196291
156722
185941
139427
195967
192140
122882
183962
142404
155586
147068
178001
93260
179399
148582
163953
196254
121997
179031
138442
142681
184419
108981
119416
188225
58379
177437
144803
196383
140229
194874
190939
196029
176540
66474
187387
170776
57999
180627
52963
62997
154061
139936
172770
68839
175514
145778
68954
176291
198865
105920
178496
162967
190415
180816
163263
153461
110918
127726
199964
114988
130922
123080
195775
92330
179120
152855
73997
115194
199420
177826
185491
41791
173137
147778
86771
131280
26190
172845
188896
103507
57139
199744
166591
164510
177393
63228
132946
171794
126517
188106
191605
190201
154700
171894
199196
198153
193584
14065
195660
180098
59826
117152
168139
175299
193238
154487
105008
198692
99585
94794
197377
72224
14586
178843
167913
193042
184541
171960
173076
175972
188996
198748
195655
178200
139068
67994
171740
84380
137388
191494
170066
183625
170465
190978
17110
137348
148328
159814
160205
157675
184615
153193
174761
192621
195383
183188
121863
158895
185825
193217
168874
184047
144388
114892
175225
90159
95887
114185
186652
131081
186975
199774
160570
177474
188299
176835
198772
183606
189688
136789
87017
178990
47116
184915
137852
153207
156157
168917
155762
120077
146577
42752
192655
189697
178850
198676
119558
143706
184555
98856
170070
103017
114027
192775
113915
141230
128653
70305
186202
29101
192011
192079
184112
186737
183518
72429
179959
168113
192722
63057
197443
173801
181722
168829
114918
181294
73980
174387
150497
7713
142521
143119
125009
180773
181859
105245
190640
155375
199285
192575
170731
156360
67460
117009
148170
168250
169206
196643
169282
194043
184701
163958
192881
128034
173107
47767
126061
173456
137112
167816
49591
172294
134350
193530
184566
118274
169672
186271
110897
58628
167644
158510
59723
190055
196071
135003
187548
195939
29123
197782
160455
152776
195836
199652
74149
170869
108201
93745
56715
181102
121261
182816
177888
114629
168002
198621
177165
79241
115826
22586
159489
169503
172811
185755
181816
196045
147646
151735
38370
137032
183688
199813
198660
184194
199647
194799
103828
181987
177975
187099
148033
163728
142700
182325
183970
48392
171199
187941
195370
80296
129143
107703
186588
139341
58993
86344
181163
193466
199316
175329
192447
100422
143966
163488
57141
198851
165635
171672
152377
148252
127221
197028
181085
187022
156608
20056
189993
99361
150302
143523
134353
165345
196785
123193
98516
199782
150166
199484
71035
183087
193749
181153
198671
64554
147341
191858
65758
145512
159381
179923
132784
185444
185438
137166
187352
136011
137526
197648
145839
145069
153942
124139
195601
66828
173599
183184
185411
155392
118588
168020
198053
169818
72098
108889
196473
144415
95256
100222
149155
192519
196059
195732
197810
119252
104478
95667
195902
94174
173599
161483
168872
189092
152296
97045
102816
85795
197766
181774
178312
163985
93119
134468
192053
193095
138010
188700
199871
140385
184224
83854
192187
197824
39549
195951
148790
117388
128483
167716
131963
168649
49742
192073
105393
173333
187723
161978
129205
61363
175036
183328
169764
22641
46566
127811
161590
159730
185698
187525
148151
169268
49874
130410
168110
177969
97383
124617
164024
199081
119618
79772
169594
168179
181739
187804
156520
184542
68659
125894
138366
146159
190437
160556
98920
197037
190610
184660
191052
135819
198317
108330
136255
163715
183105
152296
199606
155504
189458
144803
197809
152117
103749
64559
33772
160640
141579
37297
107041
178793
141794
119383
197601
178527
178915
172814
158793
169850
196546
139305
159091
96512
187402
138560
193060
141759
177156
111697
74476
27456
143404
170173
165252
161728
123462
80538
197290
142247
156615
163237
126421
196898
191836
71617
159690
119349
170975
166751
183320
81782
168643
165538
171894
179042
199304
157920
197722
185962
123970
196683
144231
183505
181163
104840
167338
88649
188072
199068
178480
196800
178345
193342
175024
158019
199293
180528
49932
99713
148144
106912
110756
101935
20448
144947
197391
197302
193022
197642
177265
173351
177065
157140
43690
189119
112755
165680
180430
196050
182547
119987
188048
190014
196973
78342
148063
193840
109373
189966
196415
128245
136673
169517
117829
191836
86495
196535
142802
68608
166388
198601
158050
190173
97523
196876
182292
160476
138485
121360
182185
148780
149715
126854
123518
189910
190987
157498
194750
150697
187649
188758
173789
129120
178254
152787
96290
126616
148780
136361
198007
199833
166695
163616
25044
146772
184824
197869
181098
116379
164129
152269
177200
187458
189700
148430
175707
178558
25742
54214
173428
194095
130282
68372
60056
146075
194683
71807
133532
198562
195775
90974
196223
147754
108591
171037
146489
158978
118738
134976
91425
123431
153325
180304
195206
181972
171583
54214
41585
197773
148138
197101
109085
41743
148361
93297
163949
136209
189541
129800
199435
163177
132303
136497
104174
189560
141288
152564
176304
195468
110271
138236
196209
131310
193840
185712
170683
161875
136974
138176
30646
69583
198675
157975
175415
173221
189015
165246
199380
169931
138412
65245
107113
127518
126693
54718
195727
154096
162747
87163
135301
109113
122131
185935
106935
145206
197268
172979
138862
180156
100722
169902
155912
198542
80435
144912
94467
142427
139878
57068
187607
121454
102364
165733
164015
172291
193449
169059
195048
183700
190815
186932
92785
155547
179621
109988
138583
147876
118033
188395
132213
189158
193327
158622
173099
165818
175836
176853
164088
186644
173129
193738
135019
118189
188377
177623
176132
194096
184691
174098
141926
54199
176262
180869
184654
65448
116322
194480
181003
194501
146599
123914
194159
50695
70624
144221
193410
112103
174539
12753
47345
113063
148641
130658
173258
141373
189875
191153
169246
173340
133511
162797
180073
69777
193910
169040
185738
45455
101518
183917
193244
159435
185080
147068
179602
55540
168755
196352
185221
162979
178192
197121
68341
177280
189979
90101
136677
135523
104032
196884
160371
199958
195174
89835
96434
195534
185958
148819
106778
166145
192327
113697
185338
176328
196779
199715
147468
172517
184896
195386
50492
123525
194670
188058
73964
198822
108924
185840
89940
188408
114884
144902
98727
180816
103649
129509
179968
187170
56660
185376
148337
187048
196146
182337
58540
197055
198216
189244
184385
195941
154497
197409
93678
199678
181826
141718
188197
181958
175963
183332
139046
131659
188842
159728
105227
176014
169531
70673
186930
179386
125555
79305
97081
152948
171885
102438
18508
173324
119699
159998
155012
181468
183449
197931
182770
164814
199742
158495
194982
183180
172226
159376
157115
187574
133956
190165
169109
187141
193692
40039
186897
104585
92889
176471
116228
188383
194949
137840
197601
126328
198247
162800
179822
155887
199851
185612
193519
37887
190963
167627
128489
114251
121344
120502
102170
118177
117650
183929
115687
71685
189468
168820
72091
78768
158555
78323
65505
185111
89227
163051
190260
195671
118989
195449
163859
150506
144673
183019
177128
161022
161818
126794
61171
146565
176499
156770
14419
105408
77843
197784
170436
161243
199893
148004
199450
180434
196196
179114
170668
187174
64491
140479
196847
196215
124096
31167
188788
162345
130123
179409
166457
195056
199437
54987
173939
122089
189776
48258
189079
170285
163726
156766
146825
133801
183729
181301
159989
191672
119110
181586
155800
77469
190455
169333
124808
181840
117384
187024
149195
188219
198479
165200
93225
69244
36304
194808
190210
188826
165480
169093
184349
165645
145439
145587
193900
187106
92309
65494
176092
199698
129477
57282
195474
89410
107471
83623
136867
173343
129909
146926
198330
24859
118254
194626
162446
118077
97144
125775
166102
77551
117050
130148
165469
183855
148647
194354
193228
191362
89052
199356
166877
179553
156406
139480
153739
133281
184177
168214
142138
184047
185058
193955
70215
196655
194525
153999
86692
55042
199112
138051
146803
181193
182629
144552
197576
80166
193497
192241
188708
197531
185675
139839
186282
191896
146193
156285
38255
159481
160948
197610
177657
164679
186129
172092
42697
173426
136857
181686
168531
138331
188259
173301
155422
157210
163413
194055
147827
155275
190282
152380
68764
199411
118951
142895
186865
174811
164712
159055
158620
135275
109977
125731
123079
173542
198185
100948
165894
50265
196957
123933
139032
164854
36633
197268
179427
191584
165802
68035
193128
94521
143941
149527
105434
146996
147631
164546
167861
156737
88947
161818
107287
198287
109096
87204
138838
132815
185406
95608
114900
36044
132682
60399
124425
72497
90336
177906
178616
77942
199744
193236
43905
108440
34301
189358
160892
135418
50241
65902
134817
187310
179402
196480
78890
81605
132002
193804
130019
193931
76035
66690
104875
159646
149855
71802
64181
140709
40985
198841
132328
79395
183550
146031
191537
199510
124153
122908
185021
185765
187081
176092
131831
150723
141054
130463
120286
135688
182692
167535
58394
193264
196291
190362
168761
193634
162124
194781
199168
100841
177854
156490
156456
193575
191742
161894
188285
160163
142968
168241
180968
44028
199698
199154
100842
194933
188350
46790
134144
185146
45952
110162
189283
185224
194676
126149
175950
117712
109429
154607
198851
110418
168151
156132
72556
177557
167209
194558
174062
73281
79250
136051
199571
187090
75093
180562
199782
191686
143323
197088
177448
100087
154462
189136
159398
158256
161459
173390
198040
126864
130718
83553
194787
174272
76550
65840
198433
169315
110413
186829
173176
137607
32713
188340
134724
94836
148957
80916
165566
37440
192470
187621
179005
170699
163760
176474
192621
188969
144106
194235
164794
113712
173841
187344
103673
198243
187750
36848
150428
186334
190239
50775
188312
198835
145136
142205
153036
129420
185719
158513
199278
86161
194027
142359
116773
86767
98141
171274
177670
81398
160483
194433
193826
125355
133240
125778
178900
130590
89031
197722
196853
141208
152433
196906
196667
165018
178607
107048
163324
164551
171887
186399
195638
67942
175427
153523
177727
97130
124283
144424
196662
157800
142947
178488
127708
114700
193501
180263
157915
121856
199854
29739
134184
189989
190963
171345
144937
189769
198743
117243
151851
189553
112251
141357
147781
171013
190357
186607
187232
184807
146310
112142
94842
164808
140724
181114
135968
164655
160573
126628
140793
71665
85593
195115
174540
191367
120626
143393
167201
158841
97473
185075
115504
116773
171697
46021
8457
164988
33997
191899
188499
176625
160467
180015
126879
153525
102962
39351
94135
189330
174296
138030
184282
170396
83661
131580
190136
183592
40261
145253
179488
189993
105862
177975
138354
182624
191993
184130
163999
144360
19057
80941
91599
118571
102311
146307
180231
159443
74461
148247
199479
124794
110286
158663
151447
195778
182980
168985
185363
80579
148701
176064
172550
144764
79884
169833
188143
151019
12760
96045
171887
180228
145105
173705
180077
185355
123958
182944
183565
161266
188619
196768
177531
192664
149120
195994
152882
166691
106183
161639
163717
182740
197215
181388
127288
77402
115706
116484
60899
142924
140178
196006
190685
145049
136851
152536
154313
158679
196573
186747
11338
152262
172970
105892
135418
198694
121251
43108
157174
199492
100478
122569
194220
155986
32534
191348
63171
173894
197998
96576
180242
194031
150582
128178
55915
196787
172902
60614
138075
83774
144614
146898
95784
122316
88949
171908
188291
126174
131250
57652
162900
24103
197950
119527
160784
122592
188909
114910
163228
115128
194611
122871
162377
78922
130307
173685
182206
192741
187017
112088
170132
77367
109595
138020
112694
131130
186361
191603
116751
195982
91919
196006
126946
181089
196118
68276
128069
119793
47864
163678
198688
175020
194442
126769
34518
125600
182956
195659
137169
199266
153794
125396
110321
168885
149553
195793
36677
175952
164124
168547
185678
85907
198618
124105
186970
174000
191157
161047
189742
177647
103695
146699
118037
198542
193949
183123
172485
199992
152535
196431
101528
149527
128203
178940
192901
190777
89928
188058
150880
169046
123690
145710
192370
107054
187967
189582
178025
186217
199537
157358
134919
192412
187771
198533
168337
116449
174148
176787
35235
158391
178781
196132
109280
123502
197360
199683
197319
143354
198148
32596
137264
171379
125384
174972
188189
106340
166337
198502
195719
56617
178332
199804
121103
185628
157818
180712
135075
93989
95440
123115
71785
90943
178107
196923
146123
144374
115083
199925
181175
187938
74321
101269
163708
184858
147432
164817
194360
37600
172693
186966
196358
34531
172656
198418
86996
90082
172069
180828
180684
169374
124955
119816
161037
48493
195484
123069
181846
32662
78571
121994
57508
18933
177035
164872
160169
190847
51458
154207
185068
115124
191097
87271
190842
193922
82730
199184
184020
188502
129016
170630
155910
118031
191675
75562
188063
190777
84792
101900
130866
61657
80005
166837
142731
170008
150297
174585
105274
80153
199294
147696
180050
199644
58328
167093
173874
151296
188700
167641
156149
191460
197538
134138
187565
144096
174007
184506
175022
195492
113949
185251
162915
183787
178932
74162
179843
188017
194473
162396
156312
181783
194025
35374
168931
186249
182852
89441
90041
187728
164436
49587
191806
114601
150416
140318
146565
121195
53522
150833
168333
164714
192409
196905
114509
55195
157439
155988
155421
151751
196283
146029
98190
125615
198819
194144
163488
194393
180712
179705
191425
195208
149863
160973
195581
147319
198923
141935
158433
169420
190764
76272
112225
199503
181137
151530
184007
152818
149946
178390
153581
148567
51843
147228
126259
158059
189529
182395
182866
192050
192587
199836
151412
178793
198851
110323
154140
79233
194860
171999
173705
49575
157106
184049
196926
123035
141781
148268
164558
165810
177191
198996
182785
184388
169786
196679
175809
145057
182616
153201
175986
179946
189279
142418
124407
199740
196812
156458
60077
158752
127136
190876
185495
141140
129970
188434
172490
153009
141808
181640
117935
184757
172742
181629
119450
65004
194574
154009
56920
193613
168971
142979
185106
63415
188217
65293
193651
87402
156366
144622
136099
140582
141004
146992
22870
151232
134292
199025
198185
185495
102049
51207
153094
151034
70893
185093
181968
190893
195946
130322
169259
173618
124994
187809
175013
118358
86631
112689
139070
194406
191004
69272
140529
166654
163961
108783
149697
196398
114044
138700
198831
83142
192633
145110
191710
135647
132420
159530
120589
148015
136609
100527
171766
139487
82292
193669
198977
165134
184788
185557
130103
150981
137073
171217
173202
167628
123127
195239
199760
144872
140192
165202
162785
40334
147679
164785
34340
169865
165580
133088
77564
150856
140267
141453
77914
164662
132877
30166
101906
144740
192896
78775
187870
132562
172686
193235
195480
126317
199664
190375
194855
104042
199257
198892
188292
139326
108787
22022
188708
177126
190241
167209
11428
119516
66984
152845
168485
185290
133558
196466
198116
160339
175156
89845
173478
155119
158848
180938
132120
68975
181956
166443
58766
196090
191789
149122
148415
158423
185620
172892
189624
111265
161868
74870
193236
154462
188853
129694
188814
188030
84243
131986
198437
79905
129035
116882
123293
199007
194403
55451
172265
160221
192457
192380
181887
198261
124724
186229
134422
177756
172739
192430
199316
195683
55473
178351
168942
118508
85732
161952
72922
139159
115914
199880
92586
191494
170005
132992
172661
151117
191273
56162
166162
109777
148835
141505
177985
161766
176741
187216
52379
179705
197124
196731
57327
108649
188857
197546
173513
182846
84538
193584
12439
147787
89341
172711
194884
86508
99022
187884
115714
193903
105268
146789
190315
198676
24828
191727
196615
143753
153412
131139
32416
111857
83305
192465
85724
38792
143173
148938
42073
179050
166673
117421
160678
146494
60314
95151
186671
172128
160427
195276
172233
184092
130978
78166
196984
186760
171940
149919
175394
108086
68949
108146
160689
184626
163037
143943
171057
129609
195530
131753
108077
162559
146201
155715
193442
171285
74410
180977
88617
29642
161756
150205
167264
147023
199628
133715
181356
122946
88735
192533
171872
180851
89485
167972
194393
139004
173431
170353
192080
128639
140439
191263
196760
193906
116651
189180
175172
146971
193997
155874
181039
190296
114699
129976
183925
30567
138500
106596
108895
131771
168780
192079
163953
146706
198341
171902
179433
190591
195841
187126
182188
193407
185623
196228
172570
147363
134364
160375
191917
163601
160126
183495
153029
66021
196866
184230
155787
81483
178367
21590
162398
189288
183735
199177
144960
158830
172922
88637
101693
129786
120252
128664
175333
154307
149432
199995
89603
159851
199907
78592
196054
183268
198411
148507
159918
134955
62192
169715
199334
145202
194495
190842
40737
121954
64926
193736
186721
195986
194341
195622
55304
175753
184611
173624
112763
188065
177552
98755
148201
35118
182560
177662
176271
192547
170074
131210
30147
114871
123949
121978
121164
99219
100209
159969
184196
194403
39186
174008
124714
192104
143721
42434
99033
137800
70482
159080
199844
193490
177579
198914
113070
76449
198514
197592
169735
182315
178162
160344
186068
122762
161574
130058
194982
172428
162542
138051
187851
154650
174544
131141
81036
191563
188868
176226
190391
199585
135983
178921
127209
160230
178281
189485
138896
190174
137864
71963
184963
181307
76650
123112
59043
162902
197714
194546
177624
63345
59801
175482
137662
136109
89206
164731
183626
189144
144681
88930
174815
153609
192230
156189
187727
199742
87281
180753
157818
151905
188300
169588
181746
139667
52785
193579
195392
137515
193978
143209
195229
192013
77322
36213
193430
123857
40043
187204
191752
199891
175199
193598
73794
197080
165497
199412
185364
159224
77861
24926
156434
193951
181872
131730
110894
153326
198083
116267
171764
83960
146015
27679
156865
148373
165989
194151
158222
125762
189211
166114
66775
174617
197581
141982
185285
193566
199116
195939
179257
166430
197592
155838
140710
172172
176881
179930
157543
156001
170865
108963
146404
198348
195870
167457
182018
184036
150723
173489
195206
98767
127883
124454
136595
113010
47107
199807
198361
191107
111749
159764
98783
185628
152130
84834
182744
185720
114570
125402
158469
120394
102041
196228
193683
197834
112308
194784
42242
157543
175280
184344
129750
125591
96184
180172
190061
104013
165333
179726
34097
187409
175997
172859
6082
126979
191201
154615
195888
115494
157719
139658
70802
76747
164064
134557
183481
181728
93674
132297
113790
119892
181520
75445
115141
54147
147915
91222
187383
164056
111822
105404
167249
195719
187853
117644
88738
42626
131781
198581
190221
197833
171555
175726
142441
193669
182828
119317
156897
147457
157121
135036
156109
152722
20835
116132
97863
198544
158105
199083
184275
199468
96659
97901
88822
56627
189859
199362
116496
196735
157368
99846
182268
166342
163681
197949
87614
86346
97183
157912
68334
140897
169976
162841
31560
95798
193242
176226
183746
184459
192216
112784
186162
92238
199754
183390
157912
117237
147843
186824
183214
26107
186832
185452
137208
187163
197789
189902
90481
192913
152825
90895
177040
169690
185678
95762
140479
164862
182866
178038
158605
196038
105619
198510
199836
186795
198763
197551
89353
176713
192321
195835
184519
125542
104704
139563
189239
159221
150984
191002
133039
144951
117396
156802
174854
163581
102550
192013
148366
120475
194445
167503
182028
171231
113964
36588
193851
198183
117428
181788
167403
180426
199232
183821
197913
82277
159154
119878
147509
116646
172932
195186
174844
179648
170312
198227
35458
193919
198791
109810
155730
82583
154107
171519
50413
196437
151313
174835
187712
189151
143442
167676
197215
199034
184892
188809
66739
90850
52861
153074
100402
129138
46520
91865
33895
198363
154209
142313
189114
154696
97748
158274
145168
110212
80040
126538
94467
106642
112895
84736
192106
127376
71744
76928
135675
166130
158887
139377
152129
153162
150619
170269
171393
121243
124633
29279
190807
164991
128190
185760
168879
194427
164684
175791
133933
193575
187099
183995
87749
146769
158826
196516
152927
74596
164156
198772
172397
199885
172796
66835
185890
125213
152466
189250
125566
186009
174311
164519
65995
84962
154354
187671
195243
198521
173837
76789
159270
151808
193435
45868
173659
192971
193510
196550
172900
72691
193267
192327
190430
44901
175577
184531
185504
142590
53715
103066
178765
121809
194121
198751
111250
126735
126976
193478
100642
180727
188477
103453
63433
61679
135147
116751
191273
187309
114406
164615
190716
188263
196307
147759
100589
138883
188732
144556
167040
146029
145739
50877
196991
143105
111135
146765
115544
79375
182434
195362
189549
199289
142061
104875
75150
164628
154467
114727
196845
142861
183188
89849
185708
196535
197057
192500
165753
185693
183837
189956
125012
162848
177128
168562
83783
97618
156318
176369
135460
94148
50971
41441
146108
168983
199914
136814
193286
122136
188132
192926
162846
175551
151059
144149
181191
120269
161232
170175
163723
197360
163814
159280
198079
115015
192460
140669
67916
189424
110593
193900
195044
175540
151172
165587
112541
90599
128382
19904
153884
147245
176718
186222
130575
118120
192473
119781
106316
169973
134911
97538
140703
119956
181112
55332
134899
186997
99084
179439
190370
39529
136854
148047
125485
198314
198862
23328
147967
84799
89653
77261
198638
114982
175908
158271
86301
174322
188632
182233
109210
131144
64746
149562
139485
170779
196383
177243
193497
41629
85956
198919
190653
198048
145581
129905
198266
163192
61579
154791
195250
196453
176970
147320
159965
184049
108144
173376
149986
151277
136482
113385
172700
129579
199661
197213
124087
182799
191172
195783
167227
190626
151826
65778
194670
12929
137198
125181
22421
155933
138820
40809
198778
102164
191684
132691
79592
171270
115052
187656
141432
47008
191481
47229
144069
151292
190474
171632
194180
148663
147616
135061
167036
182931
73377
111933
114415
173627
186269
187112
182007
185447
177806
171396
155083
72684
188625
46478
187040
194758
192154
89743
196802
81894
196164
190526
154004
137630
138309
158978
157348
157590
122646
197913
131015
185370
129987
101492
178403
198021
137538
84151
198763
199368
30361
196316
173538
182878
158046
184757
112185
184926
170468
141164
199605
199676
39323
198656
172620
173770
164876
159724
199331
161426
166843
197196
169590
196811
74536
82553
121400
168687
196175
173727
143411
188400
189961
182538
130864
112676
85133
195541
173401
198230
181896
183975
152747
199130
168681
38011
150782
80027
123443
174640
190524
162944
154781
137794
197262
170361
181311
110175
158837
197062
198086
156930
19756
161563
143928
95516
137421
193941
14048
185053
154307
115205
52351
94380
160732
169993
170223
75710
199909
159395
194765
32906
155422
154681
162342
199652
119937
199540
170411
163566
39198
199468
190631
105835
155735
113508
190604
104061
134521
155422
62406
90247
191786
155679
151225
25726
166229
72984
135480
152120
165381
191967
169899
120126
180727
194374
34753
175104
177189
183016
190489
186878
148070
107409
189222
159245
92437
110627
197216
138893
174154
199612
196819
189371
50637
185812
197684
148675
117966
146669
74668
110278
51299
98462
180609
191295
152362
83148
101702
184810
198974
135376
171799
175582
189326
56773
197573
186342
178844
185939
71952
47156
154239
177052
199120
150481
56853
193762
141176
183785
152771
143674
176419
186747
198699
148875
182594
98143
139465
151759
32953
163691
196506
159893
171745
42748
194718
100072
129016
147110
158521
188020
103020
194029
196950
191452
140318
156488
119685
182979
197260
198710
144231
195683
155290
189692
63650
178177
187768
167266
143523
62271
80508
34912
165457
156936
190693
100636
177338
77119
180428
92345
144433
148325
192766
199912
196102
155151
72411
183227
187534
191980
186118
194110
23295
182178
170809
162820
181732
139795
163841
52287
110182
72868
194698
96919
178735
191068
133245
171876
168653
173900
193105
191142
132167
195196
136179
84446
173386
138964
89470
190803
195673
159080
20876
13747
160753
158396
168807
181326
199312
116893
115268
142749
38006
180907
124169
74868
152552
43678
139386
166000
175540
179613
124848
138975
118979
151522
155399
107712
171596
9023
196703
151031
182039
170862
80065
74836
157523
194409
26075
179648
193604
184505
189948
116015
199076
186068
199624
150594
139993
172536
178113
198705
159207
146349
198196
140468
63416
156369
56438
63966
189711
128614
116382
107797
5033
195211
150955
67765
199473
160622
156083
79695
192609
181120
114193
191544
102282
94824
181098
84021
131661
95589
192313
109023
158871
121463
87592
186230
179726
181230
194811
156757
196381
196339
172906
161293
131971
67550
124920
185108
86320
111119
86420
167861
93417
174956
178420
181675
132006
198710
186874
190316
117901
42473
125581
140632
154795
198480
152547
199505
159897
149661
182292
190856
154160
183126
199482
32272
183569
140084
88481
127638
183106
189313
191359
172421
109130
167913
65216
183828
192805
60880
196179
193900
131549
163533
199618
104660
158578
187278
113850
148929
165189
187599
178342
120427
150498
192561
189449
128240
197156
101490
143699
198548
171902
150623
149995
82018
175036
141636
148383
195024
117525
196535
154283
99769
198462
182176
198050
145941
42222
197925
136374
176683
199916
187743
189654
199231
86938
140882
86967
163374
166932
195793
197563
48880
114908
197558
166760
107277
153744
193010
199626
126323
118598
151544
86862
182550
191710
153752
56749
95240
169789
195692
117075
57000
192106
179576
186434
130782
135725
138548
196345
199901
175505
147959
106511
86538
197248
148576
156496
111336
131374
174986
189627
74992
197802
179684
181940
62262
191458
112859
187290
34812
198876
155111
191708
109465
186858
86270
171196
197507
80934
199650
192008
58884
148701
182245
121261
125400
72494
91442
144171
192843
174859
191013
198233
63943
189803
141331
150412
115642
138416
193953
116538
172357
94721
188937
192283
185221
67274
178869
170844
164099
177474
192083
155173
178431
90153
192369
194307
177394
43229
146727
197375
121500
198974
176326
148844
184065
178302
154521
134404
167241
10289
185903
151971
197703
190536
198550
185898
61050
171219
161496
169620
183255
158251
130155
62072
173607
111793
180793
137055
119825
179980
174992
64566
51353
197430
105332
157780
72097
194667
161400
142846
191742
198202
197210
121892
153063
199347
44090
195306
188473
177131
186831
172949
199406
66559
148911
138029
147415
184385
122351
188877
141579
49795
199984
182152
164593
139608
173247
166250
100428
177462
187522
180875
179424
78821
169929
194215
196131
128363
193058
195835
197420
104752
158028
126082
63968
187714
11524
186334
169648
172528
90797
199967
103184
111621
180871
167414
148824
120720
157868
110567
59660
173380
137842
199001
170252
190696
197359
181777
168997
180994
154774
108856
129591
149779
179590
188175
47452
49973
77367
80003
191213
143060
129276
118243
199730
124606
95629
87153
191597
82772
120300
179057
126980
72757
188814
195121
186418
192016
185583
199715
119125
174491
151667
176686
146552
150972
181751
82349
141794
110109
193366
198789
121372
184342
169333
175590
70613
133414
101737
199307
60546
199705
147252
197274
181134
127469
105585
155441
186400
115754
148332
199145
180942
172775
172203
197002
128519
199945
138618
119245
178905
190783
162870
162027
190158
194496
198984
199298
89157
196059
184968
197248
193386
141014
177611
166123
45998
144454
179920
199184
54972
100859
199224
171793
105072
167599
78626
109711
169046
133723
173745
155166
102255
126561
99868
185037
155574
42322
152894
125285
199162
196276
114105
185272
93057
199420
54820
133070
156157
150216
196672
130248
165393
92477
181458
184091
191343
155973
166190
199422
138070
133121
191387
158982
124620
199027
93032
107508
138529
183787
109025
129353
192212
148083
195129
69822
126165
174309
147017
178983
181474
162262
160817
125318
107163
199781
161601
157861
88471
173240
89372
52543
138850
112946
193507
139409
188821
196772
126154
163246
157529
199606
172201
60134
145474
179537
187157
170930
109413
193562
131626
139729
193832
157273
122113
86115
168311
118527
52776
175058
137004
151241
186266
198590
92567
173943
56753
34584
184549
188875
21487
115557
112722
119303
185029
132110
138596
198452
199448
70987
199403
193953
198138
188658
76359
185631
175952
199412
185055
170914
136222
198097
178232
126976
185609
127395
198946
46350
196017
149593
29039
162440
179637
195159
183089
31003
116210
172303
142728
197977
66141
175825
152173
167878
119790
178962
131103
69399
145786
155565
180797
185257
85533
199046
169365
193530
192595
199537
86692
128258
161511
195392
194862
175124
179776
191081
172085
190289
179119
169690
148870
193497
180975
198382
164296
198143
192896
159774
122113
138488
196735
192901
179090
119861
167897
98417
147552
98727
146381
110562
112892
114467
159044
164806
156204
166425
173943
138616
177326
111609
185912
123844
192749
147275
176471
191950
192725
187471
171082
49622
187995
158928
197478
141050
132349
193776
144764
198302
186980
170580
168023
195887
179212
154151
132076
161304
185276
126505
180365
135620
105596
80229
192544
117996
118101
60428
135961
151002
112570
26423
183459
191257
192189
189424
121642
154547
199560
170754
7417
167273
110872
132279
101892
134711
194427
161875
126182
149832
187456
158336
124685
105869
144457
125262
81169
145037
93321
141519
160821
147234
109113
184840
182241
187417
195484
189984
144450
199928
164176
186080
172060
164140
171250
198047
152868
186269
145529
71933
163804
104171
120898
196427
150110
192006
196588
194493
93142
136533
162440
188811
123798
28603
166756
109904
195254
177839
198652
109005
89857
186846
64079
152743
184025
145975
170386
188348
173317
115779
113524
89749
121564
115557
183594
131359
161909
171704
50999
196902
105662
94752
134374
171586
137151
193361
153051
194711
199164
160381
145311
193949
136576
182252
130156
170177
110077
157050
138002
147831
136170
190660
97212
193480
133540
194031
112542
158729
160342
137876
76366
170789
154471
117455
175883
191933
163668
146557
177208
152251
57347
161620
116955
181383
116075
199680
137957
96509
150793
177047
179388
194714
68964
60192
162171
143793
24493
139977
193427
162374
199406
110872
198048
147102
102318
198815
197298
192493
167831
182108
181673
183890
197028
151410
178203
131062
178699
173396
151867
198114
131951
173001
178117
171962
160396
117616
132660
134712
180164
194750
93134
179812
152193
193987
26129
157210
109697
131201
112649
197886
67648
191253
192864
130371
105255
175391
87910
136430
194144
137625
167620
188428
41024
184101
170653
118513
195070
192674
161195
194949
103224
199982
193945
199193
198799
170895
145303
152433
173156
58818
193590
163076
195887
161980
118725
101943
199634
136524
68472
190029
144652
165245
188683
142221
196364
193446
110789
199964
169988
172604
194796
177103
196272
171425
197703
172304
138794
72619
190324
179845
187307
34636
194567
92357
113472
187821
83982
146154
125100
96030
195047
132744
140334
189437
192062
198461
165559
179527
196476
127590
35492
194428
175907
191202
162028
196578
173390
27561
99153
184641
160601
122678
156348
199108
169784
189136
140007
116359
197420
154440
197253
164625
199973
128315
181580
188548
183310
192268
198861
165444
195728
69818
195511
172853
199311
82798
141403
183172
182637
182616
191191
170733
165415
161360
197727
162608
177028
185237
192540
72383
171080
79271
122764
134614
165480
172888
145942
172951
130609
189431
183876
174774
98947
145058
174688
171163
163804
78722
130275
193852
157028
170618
196714
132917
199931
181684
199484
197356
179316
197271
199380
191140
127144
122192
138684
107093
160599
173930
196696
156734
141981
196717
80769
177535
149226
190246
121651
177199
94972
128549
153939
183134
162921
196499
183340
61074
31029
187130
147635
152182
174686
106065
165369
129925
94866
86155
152115
175889
143466
67369
139169
148980
190141
112118
185552
143006
192676
98854
197088
141274
117369
184082
150098
199177
123406
31530
163994
93689
131000
62956
83001
194811
41657
168578
199936
199932
186652
112267
190893
150247
80242
195621
193153
188825
156943
80089
68038
194735
30922
154472
196794
193341
176692
44211
191738
101193
87246
163865
102149
148589
199032
142811
152328
165154
193178
77710
162721
196252
191974
138401
135680
114312
173545
197872
191257
193789
148985
181655
182464
196065
97284
196984
118823
197945
119546
199224
184216
142643
154641
121627
162050
131861
126362
156587
146550
185347
194245
197786
158625
192893
134635
142914
132834
104497
171499
85939
129777
194522
160354
142277
191717
192680
162884
184945
79578
98284
181895
81962
162423
130655
182754
110830
156109
195511
196090
106822
153164
194999
66569
95635
113448
192457
168980
192474
180891
147466
185298
161999
133160
197741
65051
199275
184510
113108
152721
107409
177823
145180
153764
130251
123670
156655
183666
29112
176428
57289
39296
199539
162642
142861
191481
156679
195148
142697
153600
187111
127214
80436
97323
199019
179535
185844
88602
97178
199777
171062
138869
191280
133650
193320
151578
106081
199515
188263
179079
56892
199622
195526
185843
136089
140079
77463
108895
117435
111053
113818
188063
119035
199265
194248
190524
170992
178252
198480
177252
115709
87224
189345
199034
198288
17688
146010
136681
140820
169214
91018
172243
66067
199300
191391
173677
96661
199816
163029
185773
184563
196098
158427
163395
185562
81283
197037
26655
196779
114070
83154
147101
145856
183083
122688
185686
157929
75825
144694
198493
183167
161868
114207
155336
124668
189445
132274
71007
175716
165520
196270
185221
150442
118907
197302
174092
183545
97438
148718
107715
143463
186604
151800
190685
99399
135861
194784
132062
152011
198428
102330
194328
192425
125079
76888
133013
92785
155475
74273
140849
39542
51497
186747
112318
183350
135959
175980
156777
186176
150851
123423
8194
50589
52773
48666
131290
87749
195330
83287
152320
149523
144434
160314
47574
131656
105253
197487
153492
165461
131087
182645
187996
174022
124062
198062
145311
165554
120556
164504
126138
191117
157500
170120
142492
77941
169733
60045
146742
156651
74983
188678
185482
191758
151765
43702
137713
194644
150324
130369
192928
91082
182070
153000
161413
153518
160120
199821
135295
98149
195622
153347
97692
183489
107080
175400
198356
186916
113417
158805
195035
181999
190701
198945
168239
178793
194419
191094
117417
168700
134699
183828
149554
198462
185292
193743
197401
30042
196427
192175
199618
160045
80705
159181
191774
176710
192703
199901
159417
174934
151780
140657
33178
198204
198659
58524
141422
113408
183414
187220
180865
164013
168989
154223
99205
170935
184162
163860
124337
42921
196950
174373
105125
186106
117817
78483
187647
183330
97547
130374
64634
185716
198743
186472
172358
170944
120726
46080
164566
184613
192258
175488
95665
42456
158695
199496
187122
174741
179811
183177
119520
153244
83757
127105
155375
185200
104547
199116
99375
154231
173026
122849
182634
164428
161385
167386
193885
77874
149848
184017
153167
199375
125224
36062
199740
193696
167642
144775
159390
166096
86853
150190
197601
143621
199949
163717
162798
86294
99077
138995
149465
150186
195880
181845
102333
169302
195935
131397
177712
121452
136966
187004
129978
166496
195118
159634
148050
183227
120964
179888
149950
199788
165229
83305
136021
56558
87745
192524
139641
75500
144286
166746
167034
199974
167042
197576
52817
168868
193333
88206
176930
154898
196824
199397
196061
187865
161866
185605
123844
164942
96699
106460
186082
66205
178231
38593
196169
197900
153517
124193
155567
190203
189381
155907
196677
173953
177878
195605
121325
85162
181682
175370
183647
140728
88373
162233
151253
178880
118945
182167
73840
199106
132211
84659
172640
55013
164227
187421
195986
180797
194248
178609
157698
137238
137449
189090
167996
161912
131468
196791
198923
97606
153642
198092
123563
148779
169182
132847
194409
24979
192826
146332
156719
194739
156432
127673
59178
145243
184775
194488
150907
64929
172560
4051
125489
176815
25778
97609
163342
64657
112494
192500
161043
56172
105018
199984
135040
193550
170948
155687
186937
63286
156882
174439
90446
49081
197597
138866
164011
194294
186752
162258
149257
66403
111726
142761
163152
151399
120745
192229
178380
154209
139922
96007
176829
86374
196533
89442
68142
183539
161185
179602
86836
163901
199209
172732
127234
163377
169328
166030
181709
122832
147900
131257
199087
187362
121642
65077
164611
111448
146896
145690
162964
134533
182349
138479
198776
134712
180156
116382
53706
156777
196112
199867
101081
159953
192788
20399
197382
176824
149571
162338
199650
174910
198356
189956
8977
27079
145659
120660
90784
190636
199886
113232
89085
190926
186114
51643
94345
181554
176902
70435
194881
116447
193297
113038
170926
73631
139752
198282
163848
135671
174154
149725
192945
166515
182796
177401
149045
32339
126811
35262
154768
187548
188854
112830
197413
194031
169124
176253
145083
123416
199050
193648
189839
170107
165995
162942
113028
96778
172169
136968
196809
171995
194633
60810
132668
104397
166931
197917
139961
199579
139439
103509
45484
182545
29101
192910
170786
141569
186160
176425
161127
185783
94695
152306
121915
179583
116334
197316
179999
118506
169644
78932
107601
129800
88546
198557
190508
132560
184346
185693
163083
124758
76176
177686
45120
186035
67813
182136
151775
172423
190909
137421
161620
187897
170720
66254
150909
155360
187625
189796
135374
164803
123863
197411
103621
182515
194980
198696
180900
190712
150519
91139
176591
94876
137800
165111
118763
91033
195688
69456
195686
84337
46914
199411
111601
136006
189580
150075
111991
169010
183293
157381
123325
124087
90932
166675
112025
68810
136278
176525
190791
196442
181503
126222
40088
92662
185274
149692
167992
192055
130406
127961
143010
199359
162785
116283
168802
100514
50620
192863
196506
192198
142427
97018
78535
28272
197124
174158
165658
177080
166105
194906
195980
193749
62416
105738
140813
197294
174774
105013
141146
53151
80465
55443
196257
191292
137926
180647
148296
62970
181156
197893
120675
98797
131563
199023
199986
162334
192766
147749
173968
156751
115823
99854
35574
78456
152231
156141
197377
144531
152103
130761
189649
167185
157495
23683
162238
128284
75454
187346
163540
95180
180879
150329
155588
190450
110214
136116
163616
106188
173061
191717
192098
195578
164660
87595
155259
29316
136477
22593
143834
179775
75805
178254
198308
131974
187120
107054
139697
172406
166335
186291
37339
183887
163337
196098
110403
172684
183179
182076
188811
49273
150174
163806
168410
199543
79963
197620
197855
196308
91408
185203
199839
33043
134620
111679
197423
158960
194193
159109
187970
176597
156458
65317
162632
172233
118968
190290
194401
112372
77581
174575
193421
193316
190457
165973
197958
109890
159848
158928
187938
63526
187155
175139
196615
178708
180917
126871
166136
182975
173214
196638
179090
162955
160884
89435
183811
46944
198871
195976
176298
104191
199002
120806
107405
185035
189360
199854
111528
191717
182537
84042
196605
163883
159385
185725
176436
178927
187837
101603
141109
55993
155122
164002
186600
186308
90899
161116
166366
189317
192187
74381
176599
165211
84081
178080
199974
137484
186558
181902
194615
124245
130905
158565
78922
112358
196581
96845
165391
134959
158226
173672
46775
196009
194701
197514
149738
111222
196084
156922
192419
194904
118669
190226
110703
166929
118405
93221
121080
77292
103325
74476
137282
151889
134753
82654
134109
188847
176213
177438
159032
86253
194309
188167
145975
151790
144789
166255
169255
135188
154804
186819
77163
153572
160467
175010
46194
133594
135775
186717
133532
137395
98222
109483
48014
194208
79319
158496
106477
165271
157112
151596
146267
163806
170989
144723
63011
149550
168370
198466
180365
190744
172116
197008
10874
193603
187136
62350
177177
189744
155156
199719
199251
145193
185885
197838
197491
93388
199397
168499
120745
127330
176637
183068
180444
170804
181199
124875
196945
172324
188418
159176
122008
111282
136566
172882
168459
189084
184878
192378
199654
197228
114162
137651
199605
193964
188625
149863
197037
173354
180378
169460
199957
198561
174972
198794
168659
89703
196870
86701
166711
179929
167486
178001
112832
23117
166185
142878
183723
94119
194351
198194
193021
185001
151268
110893
188546
33843
190781
166172
141057
59694
185896
130156
71886
171650
160726
197810
185033
175606
171470
92464
197420
186320
183339
144664
161546
170063
102800
149860
196851
125795
147816
139974
159734
143430
49099
177273
65503
24116
187778
152516
152855
150148
161167
118807
195721
175098
87278
166329
197026
170766
101755
197236
129051
45111
133650
148816
21067
98960
110842
94145
172187
165312
176767
121866
108268
174633
154577
198098
196476
193608
195348
186556
157003
179210
64616
102076
169179
168244
124531
122942
184062
188440
193483
132632
199860
126517
190005
186629
193611
198741
163015
197833
186120
170238
106981
125712
192569
170701
158423
190913
26295
190686
199544
142255
86508
188689
195029
191214
126627
106955
189381
169747
125146
187195
130327
195423
141616
148344
197612
187687
176656
99486
93685
111150
28026
163126
160342
116408
197793
178379
185016
68612
162747
197265
148189
157507
179027
194445
184335
59207
90548
192169
119146
199084
181119
174299
18715
175647
199746
182671
42040
185760
193270
164134
171316
176849
152091
176014
191619
63471
191598
168206
84577
152182
123462
180175
155434
197807
162120
122434
43621
83835
20869
104848
104172
93853
190847
159655
183497
84374
155521
170414
170756
198638
189503
109711
198166
178522
189157
174285
54073
193868
198738
158261
142977
177126
187278
142333
199759
195830
149569
199901
144159
97724
154913
199464
199140
159000
196925
192128
199286
143849
160759
141374
180921
182587
132193
152308
186721
165853
79567
192564
61286
122560
193711
199098
139821
142218
184866
35473
66398
107068
77052
173705
192631
141297
116406
197872
160457
187681
198162
187999
81408
131531
196911
194730
182579
126572
73516
87886
71937
189801
179261
165297
196945
87652
197704
197378
103717
146410
40446
163205
47866
161400
151539
144481
197423
199238
144852
161143
122031
191469
183287
128998
198767
178700
39622
152855
160277
104864
183501
170819
191056
158413
173590
192244
198261
175494
165834
197049
131475
179975
141333
58871
134074
132439
65985
191786
58785
194811
180444
173982
199941
108732
198059
167682
199585
24209
155132
137393
198314
38370
104873
191507
167990
194843
195898
142572
78278
196311
90849
199199
199506
160337
118291
199064
162012
164751
199337
68610
195264
75716
199068
169043
199946
101121
184568
177982
170798
129957
176360
186495
165440
183528
104394
172513
117208
53921
106868
161952
119746
169447
159158
190023
190114
130864
122914
165292
80588
180775
189326
144057
188886
142699
156950
199638
115308
166039
193916
130303
161539
123567
186353
45835
152378
95467
191719
163043
198332
87595
98923
26173
194941
65940
160830
181927
193985
135772
148589
196061
147416
41293
56154
143368
86393
187449
142285
198363
192385
11434
197472
60131
56256
102597
184085
73183
155738
190498
188616
157899
199744
184922
94846
152082
118809
45148
161409
152455
169615
168210
106433
27399
52019
182799
105256
186324
198571
112685
166894
165413
128464
192635
175736
131240
158861
157373
189721
104639
181498
192963
172970
165810
173395
94189
187406
82860
177953
181760
154895
49932
133459
184819
180746
166391
197443
88350
194152
196238
98727
191918
158033
173186
131617
142473
180809
187574
161846
132496
170772
199223
190260
186513
124198
199562
175903
194157
176894
142580
144893
24734
197651
43021
167089
133983
189811
162198
173935
125547
159581
75944
168848
192298
171642
100559
85634
189394
197304
176750
153168
143578
134006
172935
51784
143169
147457
150608
180166
186652
70114
187484
167654
129378
185144
59720
154847
165961
59462
95472
99173
32185
128402
186619
72091
152776
36646
84577
199711
144894
187853
153019
196314
173440
146463
195826
141753
150528
154368
165944
198533
170213
192588
199938
174650
194072
176293
173533
162217
171586
199827
171410
162960
197661
172638
120597
155477
104124
179763
167596
65420
198116
194147
195747
196648
55365
194949
165594
172247
113669
153855
185974
180935
142889
195570
183184
172747
120533
159969
173104
89771
106876
114812
90769
37824
161816
156057
87633
199480
147170
165393
106981
52200
92399
79499
194102
170641
110426
69641
164976
168400
86301
81180
192709
67203
195855
134657
187224
185914
124771
174986
172002
191337
157363
178997
187936
156241
93698
52973
71717
137336
188420
97647
101442
157476
141658
158989
157930
139501
78583
111908
152227
189481
198656
96079
79188
189080
126591
186784
73916
61676
56954
140137
81481
148058
197674
177953
164926
71055
198772
190459
166821
193196
129470
129941
171717
174164
130236
192156
38865
172570
188746
191502
162391
132418
190262
132363
45871
197891
78041
142106
124489
145535
160617
39379
131073
158920
195364
131574
170509
185684
188403
183024
61894
197531
69641
96254
198002
189798
175141
193037
193704
191033
146301
119475
113487
158246
199759
93309
153708
173669
91463
98410
195452
157103
91966
140378
153108
105371
196111
134871
163018
155242
150731
167648
135977
195477
177477
174175
107054
169276
32443
189513
197514
170461
88589
30467
185376
89410
192753
108203
195990
185968
119607
98200
197224
190434
70280
166443
45853
195939
181615
134785
191269
198273
102282
199760
172589
100679
183340
170365
199633
186717
190000
78498
140611
188146
120829
189866
164401
92126
71400
77635
152497
172280
115147
123991
182744
195132
83599
153153
147602
190870
145039
174903
194520
178399
80256
148706
183644
147001
144159
34039
189362
72241
190649
195130
49719
182849
174236
177402
161193
194898
112242
174395
137274
166233
99947
127340
115533
60585
158210
136814
196035
186556
197935
152373
147068
194754
197010
164883
182656
192389
196235
196264
191899
94562
134455
188223
195706
89775
84363
89765
160871
90013
197348
149880
94193
199592
187981
175087
139184
90160
195830
195370
147246
196516
157513
193538
189688
177293
137791
183353
133137
188465
191127
156045
199804
112247
184045
146045
185375
183713
180556
68890
123675
173003
116379
175963
199864
104398
136987
197945
128756
184075
155281
194189
194617
163767
35915
192971
152961
143872
196415
164479
188642
38677
168753
102650
194257
132934
142845
178358
176298
145976
197553
187618
82288
187481
187938
96671
177143
111439
92064
196570
186485
169655
176966
192671
115225
143247
187644
105139
187344
199054
199880
186713
198617
129996
176472
123195
186624
178060
198962
109984
169759
178535
151455
107005
88978
198656
141565
196984
191137
195526
164577
186569
114048
92305
165878
175818
152556
149748
172952
164368
162993
184531
195014
176689
169802
115695
188889
173159
141254
126976
199589
183449
106697
175929
152609
40257
184678
158208
139367
188205
152150
194323
110457
46068
146869
192055
125889
144920
178373
185549
167071
83894
169503
123317
192945
131636
191329
93729
120840
195012
142703
170855
188654
194133
168309
148594
192823
199946
79725
135630
183534
118286
179114
129865
162900
79643
169651
78126
120079
179959
102482
151988
196050
109440
126547
186017
160232
191795
183660
149576
108114
78592
199351
166377
181070
149088
192296
197138
197545
156022
188130
76378
175768
141145
133945
171571
190825
90035
89186
75833
156770
164560
179901
161799
191337
158007
193834
121009
167232
173221
32650
125893
178510
151230
99776
147146
181987
147711
185638
121108
160085
177670
162046
186850
186741
89003
185140
180953
112547
184055
197158
178958
180342
113876
110246
120545
118817
183896
178634
188840
198086
199781
166133
187170
149614
149075
185844
59222
176131
137032
197461
113945
198680
178765
122075
182285
75542
175707
114152
178070
184745
116828
126769
195901
164980
196342
199950
135474
189510
158369
158797
136635
156782
188329
128552
96083
148671
121090
178419
145752
143678
99041
178688
66440
74812
103033
180556
182681
190534
198990
154198
152970
183489
142951
39400
199316
119932
127465
176957
148602
78095
102629
164699
196201
70492
60153
128332
63618
177523
186644
183549
129741
143266
193806
166227
198335
197005
189790
171435
189216
181019
62410
166180
76920
193393
152986
138920
199715
146222
168333
113188
79267
137252
113630
128016
197439
102883
177972
161797
45785
167647
111109
143697
187511
137300
167933
138193
148966
110069
96859
193172
100082
181373
180426
162552
198007
56099
171299
160669
193128
73667
194686
182094
111435
181171
27532
197992
174112
135957
153114
199547
186768
195744
190296
188030
149711
175409
185418
174037
194014
142125
18433
161471
174321
50578
182873
127295
195883
153112
191246
67100
184924
198586
108775
154050
149076
165690
142580
180473
183690
189683
156058
135566
192909
191967
172189
112623
77924
191972
160266
80883
199839
114722
199245
199285
185803
189440
93395
155218
131567
165024
7143
90412
185521
198692
194401
189970
192910
194036
188973
118872
178014
182599
78440
190311
103233
150144
89047
161737
177918
25243
108267
82752
119878
179191
142929
152182
128600
155809
191899
162900
197745
89355
180863
190578
181999
178586
154421
166799
159415
181199
127835
148219
198837
124400
128545
184693
64559
194626
199132
176326
132082
115813
184062
170851
166951
35853
187490
99025
50411
118834
166473
162004
186819
193463
144735
101632
182450
182692
179222
190064
178200
171527
184280
103254
168920
161319
153098
188980
182851
35601
195679
194965
196608
179452
25441
141066
141922
151739
164684
174200
190391
157208
97764
194925
111219
60417
116557
132789
199661
68426
154771
53562
180517
81628
182300
198213
162683
174980
190315
198554
127020
146986
128886
65312
147980
176846
123988
194068
197573
167189
175223
149817
174049
149878
124350
197520
178316
173769
139647
195694
197122
166725
198113
185497
103527
197906
45700
198174
198276
58429
190036
183996
194460
149096
102845
167648
196593
194790
179334
179527
180589
165873
161392
159551
180022
115911
190819
199658
153467
172310
80582
161054
196086
95775
101943
91845
158091
76276
176455
140619
121459
31200
120893
116272
197941
187186
191970
190702
187671
96880
194403
114136
131899
199567
150671
104831
142745
102742
112348
165922
73987
175560
119094
178089
196999
189687
198487
166224
191107
192015
113276
163573
125011
184532
79862
198972
76447
189194
154886
133952
187857
188712
125682
59939
192957
189504
188947
66051
89376
69521
180242
48076
171207
86133
135495
150032
192996
188265
176532
182416
151839
194025
165820
144546
141735
106782
187392
154521
154641
51742
184910
102836
179854
142890
130380
198053
55136
137376
195788
19479
174806
184999
187260
154084
196999
86234
194941
58175
173249
189426
107774
177084
31440
100360
192398
135826
184924
149959
195645
193922
180770
190346
94409
196069
54048
184259
177633
134830
189418
180143
179920
197865
192183
141404
106868
178578
146541
171331
145654
195799
184431
90202
187970
152337
190576
191460
96831
198420
181180
133289
160348
165784
189982
70070
112526
186489
173149
68346
194487
192447
183789
171292
154218
144388
150348
138667
187111
147859
158833
131242
195702
193651
197316
168565
45779
148516
161815
173129
94907
191982
178420
151936
105555
194495
80647
183210
148413
62434
195260
156478
156316
169306
193749
115850
187634
70433
76492
175566
167511
150249
191209
135565
182518
132349
199002
192835
156739
101587
142029
158289
57793
136694
88992
138939
165973
192295
171581
199921
136385
169453
135548
181222
150487
61384
181966
135532
145376
168655
55493
199673
161920
185071
152717
146884
91356
191329
139893
198527
197293
155324
168134
63939
193818
165766
148627
192606
179027
160191
134113
70858
125365
145491
172042
184035
152369
113724
167498
196758
199194
187118
121986
82352
112228
192355
138252
198510
197074
149717
120433
51176
136725
91334
134603
19539
137547
106558
83314
110232
169275
126061
199426
107892
139472
192470
186390
178367
127387
174352
148544
180464
188462
196192
162851
157583
147491
192745
160763
190014
141316
162219
191214
197258
150315
197377
178549
192841
96727
166877
150164
199885
134542
104498
150812
154413
138044
59779
53055
175245
150541
188943
161530
198230
197893
184014
165687
189847
198727
187798
134771
92991
83940
186114
191514
144193
161853
73175
88855
21078
65647
196461
197162
175459
155275
195227
141436
166647
171546
140664
185953
89923
87086
183698
182076
176545
198122
151404
32172
167257
153741
119301
155978
109138
191943
70634
131662
134545
198420
176684
61358
78443
121545
123970
158522
105824
149935
150597
147619
193891
123104
178861
161508
149032
139825
178478
177070
180275
191950
189652
188965
184132
197977
87819
109220
5291
182165
191507
70177
186196
191519
149249
124213
113358
142282
147451
190361
102302
192435
167602
175907
157191
167536
56472
185808
194720
171644
91581
163035
194736
128529
163265
198230
171594
163822
180652
166791
124188
144779
196030
152840
146836
164187
164149
183555
41181
186449
141357
168863
194416
68433
192435
168328
76200
124250
160112
47631
172051
102718
132006
160445
127973
155990
63794
138269
183926
187596
156547
165509
82187
165520
17575
92567
188853
192211
168704
167099
166388
190833
176973
183898
180041
181966
189461
46429
79309
164588
188067
177715
195702
131708
154366
82729
152579
140902
182606
160944
102904
195777
198257
188130
161971
160235
126990
87465
148528
99708
78406
183855
178029
165169
184017
142057
189629
199005
152489
168364
93473
121487
169809
53903
91452
193436
194946
174212
109537
196976
172902
195876
176611
124018
195014
183449
197426
71909
173972
168165
109338
169129
197513
169632
179135
178575
140901
173627
173925
151328
181309
81542
124111
199622
95199
197343
189665
193808
173345
167985
182632
181490
197434
168547
198817
147284
198031
168936
162357
163544
162023
142016
177139
98340
96400
195468
162310
149760
190540
199807
159648
60046
155232
169962
162065
159026
183103
70916
151402
144605
165137
152378
195578
63335
68104
75085
99537
196502
162735
166003
181573
167458
123876
197401
197731
105926
192958
196533
95829
83223
193980
184565
187918
74178
118831
195296
131580
177451
163248
156221
126912
105489
195165
199517
161686
164213
80623
199864
68742
133964
189174
198789
187601
108865
102324
136911
76276
191809
199829
195250
199792
197066
171095
157628
177420
185656
199764
134195
178869
122314
127502
193458
186382
163963
188825
192512
97840
144415
181915
193520
186162
100639
199804
168040
193361
143298
198928
72647
39331
181883
171116
163726
111766
174722
56770
142356
47815
149254
80526
151862
98151
183385
137473
148979
199455
159499
155641
52341
193586
181057
193857
135928
164092
139967
142460
199834
157196
163755
77864
131555
150292
165829
150181
192346
186102
198579
194450
141389
108805
173962
92004
194204
161424
169597
199827
143767
114894
191691
132439
199946
139461
158167
154429
119362
188965
187654
153967
196879
180822
186210
145669
148022
187790
98751
188971
155032
184769
100102
196605
154368
103724
50916
108703
119956
187542
120171
199484
80014
124783
195528
199621
170667
91295
153805
174413
196073
186031
183005
191777
142241
185578
188371
112535
158874
99355
197446
178279
38287
15698
139165
48900
59317
115311
68563
87861
137148
117198
97718
168109
110243
179257
158016
145381
175247
65469
199112
152754
121062
35578
114733
156764
100395
122320
91712
172546
179613
101655
189824
185348
196626
162244
174420
198459
116807
57444
184739
158402
157737
127054
177991
180798
48800
199105
159549
176159
49848
107648
107806
124833
113054
122944
182938
178158
136090
192749
36967
164364
155441
147468
177169
193724
135113
73151
174194
183048
161910
174134
120363
187410
160901
154122
131404
74810
183408
25867
180085
187637
199717
139130
96612
139889
115482
83134
95290
126108
186110
194404
124975
175598
150369
192554
189049
192356
189233
192142
132856
199467
128468
192276
127722
72173
130446
143073
99225
71644
187821
113811
100872
155193
80705
121736
199596
188057
131062
153581
155119
125436
175875
124927
168855
83915
192884
115150
138038
137577
80580
117673
176407
199950
115196
191765
78241
121336
162518
199211
174439
72033
146663
59957
188180
135802
198265
110319
130748
194845
177219
176970
62409
193427
92516
79664
187744
118146
142329
184185
124293
96093
118479
132203
193978
69945
137549
197967
177091
144595
71728
134459
194121
81310
195614
30752
149544
193840
151288
194226
147015
156638
132767
28538
112400
144487
34309
62858
145953
196858
147174
174592
155089
164738
167303
193294
169929
198435
191869
150302
113212
80155
142721
156362
158114
193957
137433
196723
136044
106013
159454
154689
194952
113402
188736
197620
186266
32810
167033
196161
160110
196169
175381
147700
129001
119519
109388
147294
54767
189433
118796
143969
191605
108201
140993
183686
155769
136870
155560
125455
77626
126896
197253
65359
105176
97480
192826
188425
70650
185788
177401
108681
112149
148146
190772
147781
170875
97893
147834
166778
148094
183456
186838
191537
168864
169967
61363
159634
132376
109421
172850
184775
167979
180121
46760
103078
194986
155251
158165
182030
147412
180440
199293
185525
149593
177605
92265
187803
186273
176525
181677
157351
187388
171879
116946
194926
180592
183675
144590
180813
191742
100649
62825
159226
183566
97702
74081
160058
152264
196312
197917
107673
135378
82755
137334
197549
164281
193691
67247
54463
194356
91286
140834
196400
173113
161442
174747
104823
184121
92269
113919
131151
140450
71220
186126
135113
188947
50433
165669
176326
141215
181068
16468
128277
36844
196351
156949
197302
177781
114662
91854
170213
189482
195217
164920
194991
181625
191375
154119
129706
49555
82690
119669
179012
140046
161110
126199
137345
65955
194351
69346
176045
158109
167194
179229
189973
93989
108691
25077
194136
199977
189542
147733
188749
179659
158476
91879
180086
152915
129560
199553
175912
165149
152115
188420
125444
93522
160848
127467
140015
154509
72039
188069
198575
196983
195582
174789
116886
133349
198572
181511
197693
130357
155724
153980
175415
188754
146402
88259
188658
179818
165051
23830
196196
195706
88553
110544
184922
168616
171604
179720
136415
112885
181880
188699
127766
127837
164117
169016
181259
125469
164515
158873
50972
199813
76668
139034
81830
158684
105781
121193
180327
147759
114626
159751
72111
166725
131451
175992
19547
101523
197601
177432
104126
153648
197517
181869
198321
182882
147695
81820
153609
182819
165750
164745
96782
149654
162637
162855
93738
150394
160492
155719
197714
196244
118962
199548
122306
168793
182846
150301
69840
190106
60343
195500
86495
169054
194582
176660
97104
156272
197534
86908
147177
194243
185909
156093
195848
146366
154267
190784
82113
130330
189447
96866
189177
145152
196858
54245
64332
191015
135555
96359
145238
173749
183787
177932
87604
179803
112018
120782
149130
158297
142158
142585
160515
160047
192766
192648
188519
189966
150053
155925
120175
153275
99304
174797
199189
21054
186226
113843
97634
186437
197267
133561
123916
187236
89403
118746
92723
159152
99084
147675
145680
197874
183912
193808
151060
177013
132688
110158
144804
121812
139566
163883
110299
191626
113917
131196
172470
52264
194711
107907
104473
144943
170783
176829
169339
141744
120013
168134
196050
176839
156250
157250
188989
165587
176747
100341
196936
153283
113398
120311
94229
163576
102948
127248
128864
198048
198018
118134
114251
54437
76841
188929
193667
137208
155918
158386
154874
157505
175217
167377
65835
113193
193825
197589
118665
151678
199040
170917
189507
162069
183669
135725
196984
92312
175938
68826
136426
191766
186922
116057
113542
167798
104177
159860
157524
193995
186768
192279
133485
150194
127607
91618
90732
158462
195206
139451
161700
199567
54376
190130
183723
161268
172584
105976
188081
187793
166549
199214
134754
173233
163762
198067
188082
182681
184165
135954
30555
189680
28291
30629
62751
158131
106717
140765
65611
192933
27423
156714
190372
182543
199285
172210
53735
158106
161321
56869
119651
173944
100836
92297
100264
196304
92437
139932
174817
155475
149231
187040
199059
194008
124495
133083
187435
198529
115784
159549
77614
180148
126112
87370
170683
150100
180776
176946
160388
50600
130653
153997
190625
129133
75203
75950
159992
183975
33230
100590
183729
192124
72737
197760
138494
186646
199550
67234
128059
168340
108322
163983
60245
183998
137657
197444
195494
142329
182267
191646
172990
121873
166912
199934
176382
99007
181511
150105
136265
164872
183727
150453
199751
184067
189028
181096
134002
198239
192335
114897
199446
180280
192375
26289
73465
128420
192756
112898
171493
121841
198489
199664
152552
35898
91248
154083
110619
194487
94528
190118
197971
161930
141287
85848
184364
197397
28083
132349
140352
75497
183238
100572
155684
160582
190989
138219
19954
118123
86733
158033
183669
165801
145150
172013
156801
114752
82372
132244
106107
133634
197898
152486
38867
174840
22582
161845
159052
159637
167386
133027
184677
67705
187414
177466
166851
67065
170393
197570
184792
198521
170001
102338
113448
141389
147979
151572
150608
195939
113468
199603
162262
195402
190147
155083
183359
93650
68297
145818
199517
152042
171511
111391
176820
154742
159421
158805
139488
80354
102919
199897
16388
159426
137458
100441
187090
139927
199927
16431
170164
67156
192308
191914
93982
185127
93657
145975
139589
89604
28491
131425
160463
47880
164504
191664
156809
74196
37942
198254
71031
177644
179476
197448
148579
87718
99270
194043
118825
143062
144209
133811
186862
89682
192806
154053
175816
193846
128530
135938
100677
66394
164046
120436
126547
163796
171203
190649
133743
198512
103169
199441
195869
194496
175370
128588
189164
192906
117286
190041
188457
192197
107798
145835
179982
153840
147024
169429
176128
189449
124075
148358
180785
148622
58146
181746
83554
26110
159311
178915
117582
194562
176929
131519
117046
173066
167610
40986
124049
138807
98679
147350
181401
113499
173166
106407
142646
178248
192737
130666
178564
105487
138645
151077
48552
172927
108615
82507
192232
148713
183636
138145
150345
120913
163078
181907
146628
131571
127123
196075
195902
183059
99400
192808
153993
162723
184909
158802
151361
83092
117231
165805
140899
115425
63643
154618
96781
47074
144404
38054
58002
198554
199961
80575
138236
185535
160012
195698
183050
165399
127295
194976
180892
187748
179960
196048
187502
164551
146994
175802
23772
124946
147378
177172
159937
163218
164850
65415
196834
153801
175566
118258
180437
102746
197024
117817
144301
79924
195694
179775
187583
134269
57483
181042
191668
166208
158730
103738
188265
194515
186780
92791
50241
196986
193264
158591
111760
165485
73832
189016
195944
186597
176605
136364
123910
175462
197789
87275
168337
191042
132319
35833
111901
178269
104424
183027
196314
185166
125392
179143
134905
129053
155158
182649
123723
161163
171697
116749
150966
178518
191490
120598
194204
191189
191809
197491
161077
177143
141710
111284
161708
132722
24744
191246
145817
84814
172474
76026
57148
105985
107115
113241
158239
127096
189184
156266
117412
129116
80040
196132
96132
168768
186983
190572
175754
196292
51774
107821
187333
105808
166944
136491
91050
90499
132757
158185
188899
189747
187783
91823
69377
156724
179703
178710
89953
170103
90720
181794
168349
123775
194424
196149
174301
73317
183996
88890
38361
118673
175885
75118
176904
181834
112837
195227
168118
178351
189805
144452
198140
103049
177943
198710
137737
130490
169370
164434
153967
103483
194724
161119
117453
159645
56289
39652
147372
191199
175422
134565
117995
69038
194081
196950
176064
139608
175343
134934
132095
149114
161802
82274
188151
197485
119833
181474
71952
153962
102265
197581
61518
41641
199245
166028
78237
190772
135787
53388
146202
169515
118037
57438
107843
160919
194435
151418
178588
99941
190838
188767
146723
195165
135045
199834
171231
140558
181620
199150
195561
104148
139808
186460
187097
186017
151822
189518
102300
167460
182722
76404
146418
160535
120470
189600
121708
161665
89839
198043
190221
181787
141878
149284
73534
187514
199941
196435
99289
108748
198715
199422
193621
180319
32649
137347
132048
189393
139737
156074
124247
65384
46660
156589
144777
107125
158087
186274
143941
121197
158669
140088
176149
154006
125503
117350
76700
151313
162811
189792
99062
128606
175863
166679
188866
91036
156047
179758
190831
116472
164261
193497
104246
190210
197335
192781
110530
197817
194301
188499
170766
125355
139383
169715
114286
79317
195631
180727
195222
135509
165176
195004
17056
172782
156781
188208
81944
193554
186597
195683
174868
90117
146851
168199
140613
96230
190370
185614
182106
187260
92013
126025
197662
142482
157918
118680
166063
131712
177282
109006
159760
194765
79116
173201
131456
102379
177380
159634
177727
175990
101375
146957
122862
126301
105265
95418
84426
165646
174802
198354
171015
37844
185327
117189
141097
160058
173989
184269
156025
199223
128754
171956
66560
134557
195370
187102
191207
165853
173824
104218
181595
199636
139442
195421
188269
130656
182796
20076
163277
199669
165666
146727
182785
153520
154991
187687
197917
184497
158892
114492
186757
199864
117776
139799
195541
130362
170944
154991
163740
130521
92454
168975
180124
172378
77502
151885
197802
194311
172805
105412
190473
181127
196519
167620
162133
116477
164496
159858
173217
162304
175903
182328
28946
166535
82295
169852
173698
162563
197662
195946
196134
183303
161276
115299
198839
197256
115447
170892
102808
193691
182172
175130
116177
181236
49122
10897
195443
193848
183450
194210
165621
199730
78958
185251
193736
187640
161467
166091
178069
171410
177177
174243
73889
88411
182442
26022
160511
164578
194926
118913
173252
26416
197014
141838
196635
124458
182157
162879
137628
195706
172759
158951
189646
199928
60674
108278
139687
118233
196499
189742
157628
180517
134215
115978
115535
177823
168023
184447
145557
41645
196845
168212
142657
64803
152045
153083
184628
194549
40728
55632
143558
152373
195719
162898
142282
182399
130466
85170
185875
138176
196286
113892
53964
175337
197208
198648
193371
161749
177982
184687
193790
171188
68901
177296
167147
193016
189826
143184
161756
85221
157530
169386
164798
132155
89292
128420
120734
185719
189622
113620
185746
105256
189465
162224
167911
156722
196536
64056
151067
187042
73631
130319
98313
178892
160655
186137
167675
139645
143305
195449
68606
179864
179783
158040
157026
189589
191858
183419
180843
197226
140525
66744
84027
125609
191042
198079
199916
160427
152017
60266
56681
179422
195368
168737
194852
71759
185388
96124
185911
117602
87646
118152
144632
186019
108753
184229
151917
162211
133452
138731
165041
152870
145338
120691
97851
90624
197339
107500
147846
181472
109177
164433
180311
124867
149789
174396
193118
101345
145498
196056
180855
158569
126625
161107
184677
153325
196263
169109
100334
192817
181335
160260
80716
198244
161499
173817
153711
119556
61047
105448
102563
180748
47799
126261
163168
103223
168649
184125
173920
114636
147737
173414
176268
194369
168320
74120
100113
98627
197030
164950
43002
127756
82379
197423
151673
168655
100722
172288
133909
158507
91852
181968
181376
164849
183714
191938
199418
199303
103276
116305
69076
48824
115315
172366
199626
168303
126674
195907
184473
199118
112859
62525
190361
191241
192750
176822
85373
176833
98343
197523
199482
185157
183743
192569
165868
132644
139428
145229
189737
180996
157758
174984
134374
169464
172711
151732
197722
195318
182931
179537
76450
114266
197697
190702
196098
69067
199362
196132
166737
148222
119541
173141
60862
198817
87471
154088
166536
172514
58781
136764
153720
190608
110894
111176
181759
199766
192450
106421
197148
109807
191732
171490
194633
185730
167606
187938
179666
156817
93692
193990
155759
154047
176635
172841
183714
176471
147913
181804
101976
112569
192310
170345
30486
177136
141935
199012
119238
181008
171188
168512
178872
181212
199555
190803
129706
88005
124746
115099
199039
191869
187307
163601
158510
184196
191107
172590
115891
90089
171037
142253
184784
178558
174998
118304
196672
154560
163072
191530
195167
143241
175250
192360
145573
190027
75990
137648
133492
55540
120515
169220
100947
161432
109264
187963
120400
198841
160012
192741
101331
40643
87380
197477
194592
192360
83964
156727
194549
187497
117516
118264
192531
189295
196252
198914
175760
150912
197955
183960
51301
180260
152891
183625
173644
106530
189382
66560
75400
99710
189418
183021
94765
136797
116269
95370
195833
138143
114882
157048
191439
140118
172963
76354
146229
100449
165102
145174
85268
190584
173592
193613
177500
163790
182149
86740
91962
182345
178508
190157
114110
133632
112842
149771
195959
197162
179210
126578
129847
189887
195003
137088
139199
26990
191583
112972
148320
183883
192790
140301
151288
161119
181845
50224
44033
113318
199582
180921
150188
127747
185773
146972
190616
136557
144474
171417
188754
170224
197472
128536
92592
141597
129987
199139
139414
45011
186400
173124
169777
199744
129172
174183
190913
197297
197204
199344
182845
16750
95069
180483
152879
93090
87260
196526
167745
112054
199517
193389
129114
159004
194447
191671
171806
112657
188522
86762
154874
167162
121513
167536
91361
115772
185672
92004
198921
78126
121336
195235
122064
169282
198024
194151
183377
189634
190350
178528
154624
56908
172723
136272
162387
85289
188295
73622
54226
170394
192551
138333
153359
110202
174783
197963
150016
170275
162020
169608
175821
150350
97997
136355
34878
166300
114957
182977
135572
191437
192646
110199
165116
129435
199700
191978
129556
83031
51774
199834
82835
132681
184073
195638
139818
97291
182256
138162
188479
192094
106460
83752
162085
121252
130395
196431
78735
196164
59161
149497
44097
193074
181703
185498
56293
87692
119438
178323
197823
186919
149497
136327
150610
187547
158920
54892
198137
193187
160485
162124
169781
184720
193472
61937
124445
169871
73879
186538
183313
140951
100061
90732
172384
196689
116985
124169
190819
193906
66636
174454
95615
143723
181934
187547
121715
169885
174278
176790
154798
153999
169767
191421
172752
152729
120470
192883
41024
183780
194352
189127
92474
108025
195321
198479
162663
191179
179073
179888
179669
82222
147429
198285
196048
87500
179911
197623
197265
104350
184935
144670
135036
139456
161821
32219
168733
107455
166140
13957
164819
37696
181501
192135
145982
197440
186922
48822
123129
164964
160081
135444
123955
193852
161024
153458
177763
157228
171088
182491
155973
155581
186059
150456
148857
141228
142134
91562
194596
168427
154462
175137
81757
197931
124666
167966
187723
32695
145487
93673
199814
130165
94359
141838
78312
198414
159071
197536
196465
180585
135940
107227
172432
192265
195300
197134
195648
149365
146605
191967
187741
117131
173979
153330
186623
196173
197335
199759
132597
199370
196291
179989
148606
189114
141387
188319
194515
149638
120945
95199
140009
93348
178616
178766
187778
79214
148794
148619
168133
186307
172882
27471
128298
187632
198564
199555
179684
177697
42913
89571
94435
63203
193778
98151
169670
188875
184831
180096
190615
192098
155089
166540
186423
85803
51215
193401
171425
162755
106789
198512
197545
73355
199411
199072
156529
164309
162393
29074
174257
145370
151724
184480
192506
174686
162396
132273
177586
40902
172640
185479
172931
153191
194000
143056
163183
103700
190992
160371
145106
175494
192660
199843
120879
197411
152206
167720
183881
106957
169386
102363
156451
132008
62497
98345
89421
193514
181247
184199
171396
199797
199574
194584
182345
177951
138414
198489
195860
179314
110854
191439
166700
65631
165850
95810
133535
100195
41164
111479
152601
177396
175834
131561
115907
128658
141196
184417
197793
184246
99025
190734
79074
198550
154448
146482
182489
199909
188842
171514
191046
191050
149948
102740
137133
171277
61256
172102
188383
198433
113623
179793
183383
109042
188452
149120
113566
193538
183052
69742
163526
174592
70272
172501
154107
174106
87344
199340
115659
45399
110115
195609
115636
101852
118110
133125
199942
198438
194072
111807
177826
50536
60980
178826
121193
176433
147095
130774
190468
140331
21977
186688
155148
145407
23153
199323
157798
64049
157941
59357
195589
15223
138145
105862
170608
140342
178989
183556
109555
135826
189266
175409
144445
138267
141360
185694
177243
179967
193323
160464
112850
158398
130486
80230
117125
112963
192106
148667
175897
172539
118177
129084
140066
146976
186609
192276
199839
135316
170862
173838
159272
129889
196296
158910
190133
29330
196000
163591
198699
178082
157298
134595
157592
96778
130421
186480
167797
151845
173161
180251
87587
119238
34314
185111
126033
167929
141122
195266
62644
37411
195413
180987
151169
159413
167943
77284
104953
152405
193776
165158
172498
165370
187972
198244
197833
93958
125427
193658
177510
88150
191504
33024
125760
136232
191405
190430
77575
118347
99673
181437
51729
181283
194769
197359
198618
134076
195892
189711
187634
177528
143953
192423
199700
165677
198772
195512
176023
54621
183368
186950
194643
116291
129502
199974
81368
170125
58298
81054
147341
145483
185075
79753
75064
165488
84013
170720
162941
164281
126881
199187
191595
149182
158874
179285
130632
199582
179364
193379
191772
109210
199603
190440
199232
100620
190632
199433
184616
197388
119865
44097
87355
37847
167570
195478
116311
196888
183937
185638
159552
184506
44931
165051
93788
129901
196696
106695
184532
120237
185939
145001
171075
198529
187436
196643
149395
175735
72535
162613
192887
195748
199108
199836
181474
157315
172292
178622
198523
199452
194753
186076
162045
137190
147062
193525
139867
197925
182447
171971
151156
105920
196963
144674
172987
76544
184095
149320
147668
197519
116580
148479
184452
151319
158817
129647
160259
155314
171069
81260
139947
183534
41761
198301
175542
81728
136819
151693
131087
166047
170328
187352
58267
45628
130300
131495
191708
198557
122466
53028
182369
71666
193995
170957
166208
48922
198774
160617
135535
179032
99610
197439
179119
152318
176318
115173
109483
122120
183709
142612
157818
67194
192389
117441
152782
124548
123125
140879
195075
133444
178423
199050
175826
196303
57413
199579
64956
89281
130077
111780
174883
197961
135160
91149
184095
189283
141854
193628
183827
199034
125618
193740
133529
192185
169730
197782
24434
199479
189229
151794
121118
191319
83893
24360
187711
126857
112362
194458
123202
108495
159492
168976
197397
194152
135125
187949
185089
199508
162465
178079
82829
195085
189449
97540
137376
68341
27596
193049
173548
101061
86331
123890
96409
198143
108322
100633
192164
105988
197126
87961
182807
160010
187507
184773
184252
109006
187844
152946
136144
152082
88975
153254
197766
193107
194403
150777
96840
187873
166941
44276
151806
192015
27724
196860
109044
149864
173109
125241
91196
166544
177033
171678
184950
140042
148357
195194
92021
196192
166760
173336
174115
196706
121434
189542
191127
175067
183993
165446
193267
106151
178731
196526
198512
60355
193867
112389
84900
137172
177288
123045
147270
127189
112136
195525
116866
165925
188878
163909
198535
157875
143298
131461
198154
133554
142280
193933
179439
153977
153781
73250
151708
197908
179422
180022
146229
125988
193280
127787
193196
171952
70475
111150
197674
135113
73115
154553
168359
187701
106595
104256
68926
198909
188292
187780
191248
198791
185720
145917
190301
152499
126811
139861
20324
181684
177859
138889
180440
175212
174986
126261
63159
157412
153584
197196
175122
176001
156002
194670
179556
140698
112445
157094
194427
164699
103656
53918
194571
84975
112874
174477
180468
106578
199438
186784
163683
103346
102843
131203
111629
193135
135698
198646
149332
175387
182851
154091
163007
164706
195777
197260
89069
132646
128094
108086
62607
113770
194491
129112
100226
65439
193215
188947
197360
191388
188763
194114
180351
154656
113530
154175
88640
184313
118751
82521
121518
168526
182990
177376
163915
190195
188324
182198
197136
44941
187075
123916
128145
152652
165556
194409
69119
135745
92710
114019
138778
159388
161396
188078
42966
191093
180440
186620
126196
82386
190315
198571
162119
93047
17683
196475
176689
179874
186142
179062
119882
153449
23141
195125
198984
67318
190109
187366
183190
183623
66896
111084
175247
77863
86203
100417
149014
90450
162981
166486
173605
149304
170459
142294
196845
130980
82740
124056
129198
185661
198900
156362
139806
156817
174049
183348
144481
147307
193442
184123
193217
185140
140161
110627
130717
99728
159947
191756
161171
197644
198244
155151
184946
199746
46461
177139
163352
175533
173885
129802
166229
123021
145863
76849
135039
185190
178547
114930
81121
175323
104283
126729
183379
177892
181810
183237
153402
19708
137721
195125
45365
145894
143054
198998
199227
170473
176124
197955
130142
160603
134826
144090
199276
198401
189411
181631
163972
100646
119247
174694
183413
128296
178141
105912
190815
84731
185155
141521
148533
199774
199964
199886
187767
198720
196662
179621
72250
177923
195086
92785
124914
190334
79946
99746
177826
174228
162767
181047
162936
182483
60979
29102
173808
68918
175312
186254
162970
113532
41533
139740
112251
128120
174862
191872
5708
182326
110958
188676
198802
145553
158430
167985
199618
198505
170714
145554
194274
110924
179108
191906
161746
199383
196942
184866
193401
35415
192436
156785
182528
193780
82151
192631
102845
110711
134382
82290
159424
102772
119148
165916
171114
74455
158417
38412
123731
175970
190502
196495
159093
196363
68751
133039
198630
183723
165172
66893
170937
177379
175677
143054
68669
166057
137858
129509
52765
189606
187155
101095
197891
184226
193561
184460
186169
177312
163430
140793
199095
193264
154121
98648
65935
113434
190005
133285
195619
194023
182203
175719
133897
152962
36893
96572
151056
193422
191210
150638
73897
193816
28931
126558
40904
185686
174919
135131
107225
197819
178783
69729
184747
196879
119432
198514
173501
199992
192909
74481
163307
155396
66052
195954
156355
121204
192260
195271
163344
147260
178192
174389
184036
98598
49998
170588
141582
99452
167518
188842
108069
85644
118315
193457
152434
127710
186837
167108
188452
149476
188632
119217
157986
114675
186985
192498
180627
122010
156677
33853
174844
141947
154172
114447
95005
189375
182140
199316
193199
158642
196176
188955
193631
144459
193044
136544
151893
186379
167288
190324
190184
153315
197679
42259
173044
161904
192637
182250
177369
38925
150347
177348
123346
190009
149423
175032
171143
47335
143078
20898
65023
199773
192613
114447
73999
124999
160622
178134
155111
195591
138754
123568
194874
94961
141862
79003
88393
187206
117331
165096
122326
102321
166768
116001
168922
166314
160529
162452
108387
178599
90770
160123
198079
81973
135460
57045
59970
188430
84694
103161
198180
177644
177789
114040
141877
194335
57540
180666
176025
58771
157118
197789
175903
136038
72435
198648
188249
122779
97587
139423
178585
164123
196746
191201
184683
130960
45573
199720
147470
162968
77007
159788
192363
142362
187737
133121
136575
163133
187809
190114
77212
185194
78288
163838
85091
55220
107279
120540
192251
116557
196115
191015
143215
158846
162830
151250
178843
130241
178285
165403
188925
159232
185253
197477
159247
185515
144499
141749
114181
44037
93546
161645
198162
104639
158518
193279
163731
74756
196513
130989
173440
126403
183725
148052
127833
169696
180260
147656
28954
158476
172283
184706
183962
132560
187277
136268
174301
199168
189481
196206
196095
197855
98143
119988
158342
168257
75637
185021
164268
159051
107870
116477
177191
173854
184174
140117
117644
171936
124090
195484
126430
157631
188683
192808
121535
155737
156162
95706
118949
81820
194611
150905
192316
108495
45893
131810
116295
121679
142755
143773
131682
178110
187247
138716
157503
194800
155090
113705
130128
151180
146926
22728
107402
178688
198572
59632
123861
188915
199963
111107
166707
165217
197043
101044
185048
198341
185158
116525
169764
121251
128405
199534
178221
166852
196011
123991
199800
183584
160074
124893
153389
123198
187149
188991
89390
168537
184364
62785
184996
104571
134030
170007
160274
186191
131302
199875
187618
182871
72915
130680
129453
140564
199081
194557
74933
198610
188668
186631
116791
139088
197128
133006
77236
145035
188896
164869
167706
171015
169642
179866
189843
43063
192617
177736
188295
199727
187920
184236
175354
46119
142482
170620
129765
166751
182525
46855
193085
151675
98138
73144
132544
56254
24433
184616
134197
126581
135651
197644
160118
176574
196045
184118
199869
149804
192140
199797
195104
183394
170691
167820
183024
190805
161399
168220
176637
122764
192147
176092
178183
160187
34418
181848
183678
73674
177353
198628
157330
193148
196897
193922
83606
62762
198909
110335
148912
146845
187787
166252
146386
190039
72381
193358
188865
156804
159748
151885
120504
161739
186850
197245
57358
178248
193247
176141
87998
170285
126245
182650
161330
180502
192473
143971
176394
49598
166923
136777
55362
171240
174786
196804
197933
107953
195788
126359
108688
86337
177725
172102
112794
125746
180750
190066
127893
182722
196283
165142
160181
103849
138175
185452
186975
144186
191241
165111
199567
66469
187963
88219
127210
191834
176986
142438
182159
189054
94340
99572
162304
98802
129826
170328
71701
191292
165189
194915
190388
187618
139526
181810
32591
176562
199576
176770
151101
167331
79125
178909
131152
88921
179241
187474
184937
198828
191238
152633
155784
199982
193033
199426
64832
63346
99916
185594
199491
41434
143450
194623
84161
128781
95053
187319
157305
181580
156271
130767
15736
179151
130080
166105
198715
185479
86688
121199
170514
193344
40215
151111
183592
75275
147350
172319
57520
199843
36527
132760
123966
141559
99026
92413
182052
166174
190716
166759
120183
194878
53324
126896
167546
197095
95639
193834
131109
30115
165900
179656
128364
149880
150680
132798
159992
196231
174763
118427
191347
165975
168357
159165
164533
185525
130586
179001
142194
137017
187977
134735
181784
191762
61508
192276
199202
176826
63405
184380
194208
151325
164665
119770
135531
177995
80032
73966
176510
156659
194582
199759
188795
146182
169066
196155
123542
189883
105988
84103
177210
182487
145074
183846
82037
153526
184106
155828
137074
159590
133056
154937
140814
185937
155574
97764
188758
171438
126422
127444
72565
171316
171339
157835
177945
184417
163268
135426
182671
180730
99752
113630
165628
62507
192762
105976
174479
196189
181823
61507
169543
44340
151385
149875
184167
160295
195092
114677
137598
84826
53834
96676
154839
170762
170214
197348
161821
185400
73508
139265
29260
98643
117281
190089
168337
44934
58298
182084
198244
199110
86684
185647
149779
116975
186827
113764
187388
168768
180705
179409
195566
151872
159652
79216
185248
111476
175028
90148
89552
187945
177682
193083
175203
191013
60999
165905
137316
126407
197878
96122
175005
133962
190155
132990
9320
184924
198083
135399
153030
46262
186698
106260
153473
191622
179768
182855
193592
148650
109956
91700
161693
173708
95822
152900
169764
192028
157705
147679
186087
156458
145072
171111
141708
185436
185486
179441
74400
131805
187574
193440
185532
194960
63714
186908
184417
174781
178330
191995
157115
53007
169960
135777
184188
163226
172859
119280
191980
186068
192116
188368
154959
197801
139634
187490
186487
110614
182596
196023
108118
158138
140790
198185
163713
28913
181468
20741
182900
196781
82832
173852
195719
181504
197905
160834
70823
146136
146020
157862
66106
169066
101707
187312
171041
197836
189763
185073
194911
29266
175019
116783
152457
42035
155020
113740
92620
161697
199732
125968
191689
195227
197833
109878
117999
91452
63174
191697
128623
165905
154754
154543
148130
172966
93203
188792
193686
177763
190433
138747
147090
95613
147166
199880
18604
164481
188358
175796
132978
105655
109615
179162
119046
144383
87169
57082
167482
87676
194428
21273
110556
141062
83107
185941
29599
198222
172652
150003
79353
178424
151871
156338
175779
157160
187071
70096
158050
91403
61224
170073
178247
106412
186080
194488
184949
189500
197507
163737
196199
178771
116836
189249
177867
192216
174795
179655
129082
127970
153934
158452
113045
198861
180377
178192
181348
142061
177049
197821
195727
198350
195111
169306
181939
186679
159961
71001
150844
82268
199108
112816
50395
172510
173918
176506
87929
95173
181799
107578
153598
161756
125033
72076
185313
138354
189254
154983
164107
97887
146279
123822
183902
192657
174334
189098
155818
171812
192066
163296
190333
150790
163767
186688
147537
187061
85279
128611
178778
112470
161558
164358
189220
190808
143989
142786
71409
129542
133540
197972
145117
137114
98545
141088
192716
158684
199596
62069
76415
177265
162745
155314
183483
187385
160834
181689
172118
157308
137880
54694
51313
41923
159648
155366
199622
199827
83282
63762
91680
142903
198037
153396
186609
136671
175338
198846
176519
180670
172891
176298
84213
164572
197760
195673
100264
91048
136828
174304
165515
101079
195144
121190
162449
125285
141786
199958
177860
65131
194059
161389
113206
180218
164980
154083
193903
194144
159318
180238
112022
196973
161881
170538
47462
123294
194683
177932
148833
199942
178250
195302
126011
187488
48877
193100
165527
65199
165628
187398
184280
118037
185703
199754
52244
118354
188329
198280
192745
156605
163349
143298
161342
86991
186790
125012
188113
52088
194775
147389
169382
178453
82175
118105
150869
145692
141935
160574
183952
154918
56416
130022
126308
158007
129049
187844
71977
115823
102576
173138
182076
126319
185885
118152
197579
158459
193677
153210
180753
196800
82352
136356
192646
157408
96690
124245
195185
198665
142338
173939
166696
104091
186925
197092
178880
192436
182219
168270
199380
159565
199717
144282
161564
126772
193304
91084
145407
141299
118429
180442
198028
96597
199136
176105
109225
123369
196740
166995
170951
199715
127107
188564
115730
195949
152806
199429
138862
178848
176137
190018
181497
194577
169652
139307
143742
193840
149313
119214
181141
149244
184580
115266
58262
154675
18824
155305
86615
78572
88763
196435
182217
189532
117552
194848
181904
193318
195578
187938
193711
169798
199799
180231
103855
195963
159002
195405
189134
106957
153725
166366
138778
198262
143068
114855
176423
22718
101439
124299
80267
162953
71472
192033
196816
155628
87211
187759
88469
105540
169370
195129
134342
104542
167490
172185
177019
128075
116503
192274
177477
161744
188554
155540
115854
174041
107544
173753
41257
111703
62632
162236
175084
131123
164779
96220
152792
193389
168575
170451
182028
65021
23823
199901
178834
176484
107485
65126
144618
193928
145889
49587
192394
154115
83142
172965
169090
114810
117197
165285
191330
90609
159829
172299
186114
170809
41685
127678
191962
99054
35328
178831
118277
175746
129502
177459
194410
159770
197584
141131
150399
74431
190896
130016
128796
178126
176077
180712
188477
189518
182310
190955
182332
194424
197829
129174
172019
161272
199028
161001
155880
187440
51253
158854
141146
147067
163687
165396
47251
183379
136867
154784
186657
199612
186250
85669
170259
160601
65562
173072
187273
186220
155087
173770
136094
189143
87993
46327
125123
117764
119445
198043
168782
197426
116334
173826
117009
199999
187054
186703
178238
145786
130024
196027
128391
178155
161606
191622
169975
161416
116701
164092
199973
198068
124013
198907
123387
178190
65105
190160
161689
198630
160314
161045
120874
96994
177639
135165
100565
179937
181351
53067
171630
167241
189927
91433
146301
138119
44876
133472
197697
176525
186887
74737
82871
142362
102754
122509
199347
144808
144783
107094
195396
102561
77990
166300
198048
51614
197594
196621
182243
83712
146915
131705
199067
199657
189611
141013
164777
190163
75379
198978
116520
193182
146252
189763
145345
95332
190295
192750
83935
147095
104518
182434
158899
193315
135620
191104
60517
28017
196420
171233
154730
164628
117248
127437
46667
175590
189170
149171
99726
186414
116058
196648
91834
187243
33859
167904
186373
110791
126279
98211
167251
199644
128608
56149
193606
196635
179210
199585
107999
155205
126838
176344
182464
195194
177054
192237
70692
197859
187394
57808
196373
144037
121535
174786
104001
150527
113375
151033
110073
187124
108783
192851
199641
121312
183513
199161
51563
138742
154139
190756
199338
197043
197369
173175
128342
71354
100715
71641
197507
166030
141020
81718
199388
199028
132255
96422
158335
147741
195673
79640
119795
180968
149562
194100
199343
170459
96456
196524
188712
193916
30764
195388
143153
102252
91659
87392
144169
198012
130617
192500
195915
185003
47734
79572
191976
155411
69548
174648
164180
197786
116001
147872
169419
141020
165345
138200
197213
197230
85249
139585
9620
156218
125709
169358
170628
59965
196073
110475
103629
194746
150059
19101
152724
194273
151051
39249
199902
195932
91951
191679
164243
197020
111967
194237
84442
115265
51179
185532
199394
168345
111364
135590
173034
195823
125238
157001
178209
123337
104626
165925
193660
198575
173701
65473
133216
159450
173331
196497
178895
124056
174274
138445
174395
149058
68940
117861
197238
23494
194002
149391
196621
176826
186348
165446
17867
193966
198311
99404
166255
189292
199231
161131
105302
192239
184615
157721
128680
109460
195012
186020
175791
187618
190907
70436
195659
199448
199925
147245
119399
111674
196851
153415
192156
196182
113705
165685
192874
162495
56033
194478
195894
117526
106638
189637
59219
32482
167699
131737
87932
181348
195423
186997
174016
105385
178927
61662
195824
162876
180533
193424
118469
189921
198127
174216
185949
85903
73731
123233
179512
153286
139526
180048
183098
162374
147609
173296
193016
175590
128574
188582
199633
60089
175705
126889
188168
124245
181072
122693
182549
197841
161133
18360
193344
116693
191081
171095
161258
124668
199819
168337
188179
180924
188781
147074
178267
81048
197246
163218
159848
104251
110455
162241
179709
114601
195878
138791
118637
52277
196184
195526
172181
191904
198445
176764
199347
98321
161416
98759
54426
194318
198784
95454
129925
193514
195509
199475
144199
139188
130590
187817
189124
127085
185937
190464
56144
123317
188605
197659
162119
196538
113477
170766
198337
188584
183386
94886
157085
117768
119182
106301
66203
103876
141939
154340
116403
188533
190539
119673
135735
52798
173446
162377
140679
159408
199157
179357
148460
88731
181804
81809
135961
186509
156536
91749
161956
188296
184121
101429
191789
88074
83373
195396
187707
199734
102421
165520
179971
126645
94801
83773
114641
175040
70073
176833
101205
139901
159758
139267
89663
60450
136946
174338
179637
190479
117843
56270
146468
158589
189775
112720
180738
192624
148794
155506
189624
154038
121098
105390
191257
185943
181670
196764
164838
65693
149640
183397
136771
158444
197471
74066
164436
195509
175959
199548
56869
174640
165101
170760
161689
174456
104685
179939
194800
83085
186837
75898
168829
140123
188776
94577
151500
155705
193163
163300
177411
171939
100226
180600
197485
167072
49286
74368
163519
88653
180526
67255
178928
151788
62958
171473
194403
183272
176930
36969
184832
130457
132232
164288
190430
92735
195099
29919
175935
114978
153678
149586
161363
170634
183756
188329
147228
183650
182658
52054
134292
128108
169370
123665
167920
108472
151739
97112
168595
64446
160018
153100
102162
195509
170214
156901
190815
99029
179273
132397
196202
139176
138388
192898
196706
189471
185561
153741
126945
92977
181866
145980
152816
186454
119659
179497
99135
138485
144904
190556
28988
198921
100512
166612
34749
193624
175212
124283
140242
115939
197776
166964
172812
190408
190791
194921
136286
179602
146273
187780
196459
166847
190073
88653
115669
33228
127348
187343
145676
153874
181348
151410
185355
167318
90606
159179
62066
166571
127018
180039
131249
173372
183545
75710
193510
144079
198895
199008
132489
196983
169458
148274
144376
94820
163757
183112
20343
198110
174031
182992
109649
155628
93901
133668
178946
163307
63328
148764
169124
158226
114473
119622
165925
192265
197674
150494
48014
199582
165989
123567
109280
143292
188571
118184
198924
193831
46983
96695
9205
182611
106652
185157
131996
40427
140814
186042
159020
152536
175671
163035
102010
171505
127891
161324
186906
144214
130960
169590
131661
109118
118760
82173
150610
192420
156004
172008
93260
197994
56191
144588
111752
186110
196971
154543
152285
138774
198648
197690
166105
163663
157595
129130
196703
185947
193430
165224
185543
198397
146511
186635
198676
174516
127470
121527
137110
173173
199072
173146
60157
72768
184522
193837
173698
120593
198770
123130
176179
101889
198269
114046
197046
167466
189213
107780
105099
167396
178480
75608
168370
133573
140605
113085
194586
155547
188741
199657
145185
170063
190474
45184
77347
186414
156922
175297
131139
174272
186289
86590
127681
157280
168929
144506
180599
108728
152506
191798
191659
174523
49011
192425
65966
190607
169764
89937
151784
151558
165660
112234
166550
199525
132524
80861
162911
97940
168672
192778
109193
179541
166264
174990
62258
101143
175301
192200
138418
198468
185412
188259
199399
159016
194501
193677
106347
135015
187356
143739
190124
52400
185473
181912
113307
176446
167093
152866
80844
180275
165861
169988
115191
183754
116935
29504
162503
107621
138197
194335
197893
130201
199567
107017
142031
141585
173786
199981
190842
149135
111668
193575
170479
165773
44525
86503
114618
196911
172468
179384
183793
184866
168085
181793
198305
155475
148665
171783
108128
190058
134122
190222
194828
193325
183213
195449
126293
198035
195419
193949
171274
166904
197260
79254
144720
199889
47407
155068
198943
104527
100172
158797
199100
149684
112494
157059
170411
139326
197532
131175
186472
194321
182823
183235
177793
177323
168216
187859
83533
156001
75626
176026
199323
31677
191825
199880
180444
151780
188084
108989
46866
123184
123822
164290
125541
173278
187754
157235
87079
172670
169484
173402
196050
66167
138006
166113
174908
153773
167807
36069
98725
110668
195064
142818
195860
8843
172294
122364
108354
136655
153191
153179
121910
6067
161782
127162
189198
154452
184452
172739
190086
137890
184285
177356
149941
147583
100322
197468
164703
164886
179044
80926
171179
191104
183277
163848
186104
159366
198621
149220
197849
37603
198180
71571
80484
149481
178530
92882
198437
133762
199245
58540
175710
181854
116331
66850
190831
192798
125976
140342
192048
196718
193060
169939
168614
144839
194201
51423
186652
199971
116162
198774
199977
179018
188497
139837
157997
87617
124587
136025
198655
109980
189719
122680
65570
190143
137384
135349
114353
182267
64472
164367
198017
184853
154959
188020
117439
193187
132095
158902
147083
129669
191675
121535
192315
197268
139901
194458
104895
21935
157705
73530
115411
176287
191223
138231
55464
77903
183100
154572
124769
142820
199702
151954
93185
162504
159007
196184
123335
188034
183174
187371
43061
45899
195876
51517
63767
124089
199263
180790
146557
27577
119724
186245
196164
81104
81085
163502
72009
64375
131842
127268
183348
94416
182221
174974
148507
171692
105619
140910
187106
74099
109626
112294
195326
188920
198290
189482
52875
55391
189254
138970
196690
193349
138315
178610
140944
190533
192195
14854
184444
183884
79118
170059
41002
73409
167249
6133
189576
86586
184519
131097
164469
173407
191654
124169
173683
164693
174974
29302
169285
175549
70163
103647
116411
90118
129036
197499
179877
138803
189143
184747
174053
67730
122503
197589
155729
156141
186220
150705
184745
188944
44966
197598
173199
141224
91468
174509
197706
198224
141157
191009
112963
142441
153343
158239
112096
192817
116452
112951
199089
195108
76475
94002
56221
197805
32681
143192
187679
182681
172267
153962
43596
199450
184678
151743
153732
86128
191511
176635
116988
198455
186170
62020
125865
60296
191589
194025
148029
121403
160445
42261
198487
186133
181506
126240
179473
177699
94565
195581
197880
198965
130747
38452
134483
62793
174644
193719
57974
193375
185797
99597
194686
196804
161977
153092
198462
197365
90302
194646
177003
193232
107472
117572
162276
170723
165375
196173
130928
120149
111847
159326
160260
120440
195990
199430
132134
92463
192562
185778
186382
131389
171372
17713
154014
198518
123003
199628
178731
151456
141023
186416
172453
133656
187861
185383
53667
99769
165720
173317
178223
98601
143536
191827
130123
106530
191058
197385
51790
199170
149436
160595
88496
88117
119888
176819
199221
110813
182673
130637
136176
199475
171188
175970
147008
181513
43859
129345
165194
180573
188084
190598
199174
199492
198993
97503
172448
189958
168417
86506
198512
192913
196781
185278
98317
184747
115557
54837
174806
180996
115680
160655
167328
192087
127244
114954
138162
172153
66394
110529
152915
155341
159203
184262
183791
154011
181172
142370
194598
148198
139544
79277
192221
194374
133441
66699
166102
108221
196510
85439
150606
130689
188906
91063
156991
139109
198932
157706
135405
94884
161513
179331
132911
145608
125985
137043
175241
169756
139361
170108
192798
185082
157796
155411
192436
191081
148530
86918
63911
182475
165038
182036
124566
138542
138800
196476
64466
186332
167171
198544
175381
195310
158895
164099
199304
191530
60423
165440
107528
139997
146721
170688
174672
171982
76541
106935
197945
128258
94404
125615
133871
161983
106669
174640
96880
195092
126604
149524
109716
187310
160621
198287
123850
182666
161289
170716
108069
140767
106714
127582
137622
177641
146381
153357
150544
107603
187216
106467
54402
191263
166195
176352
155787
78321
158301
199122
182456
197921
157319
163009
162288
186920
144401
99730
153953
195108
21670
189090
150669
152159
81406
162739
38670
179845
27541
199218
188546
165208
135520
179531
69032
147168
179114
170377
73671
191022
61698
181809
175705
122111
198517
16980
114263
16802
196254
177708
127808
197543
178474
152399
174532
122543
157892
178304
199934
131948
180619
186726
76500
161781
132542
164358
195564
170520
188017
132734
189820
84801
147907
174682
52480
24512
175560
137300
195043
31200
170101
152924
172261
197095
192092
91578
186679
171931
166505
179714
33356
173120
189024
196848
88682
193617
166599
70881
176370
198943
173366
144764
183231
99240
160256
143557
116465
141288
157218
118788
137686
103441
172213
183214
42909
120874
117618
187374
169720
147865
155359
187133
194325
85023
66941
127780
193501
176788
171584
167884
153364
199978
59919
194439
142657
174461
105027
30807
157889
196112
136622
118524
171386
126141
111297
77507
153705
177221
173582
141741
103410
168399
156578
166213
195898
160860
193157
126182
127376
86428
47276
134905
169902
172874
130421
199999
131755
154452
64328
156209
42856
165978
141957
195264
175492
196325
170209
157772
158092
172742
47672
128678
104813
151889
187129
151221
198332
152934
170252
93115
183777
61344
193022
178784
194086
122361
81195
89580
199902
157307
172247
184635
193949
137748
170290
196480
169629
186911
169214
198466
199275
87448
167867
148552
165765
192905
194749
85282
194888
193267
64824
198900
88774
154771
193328
182434
173472
196983
82006
197990
135017
117284
169656
190295
187047
132696
81184
140965
192253
194765
185993
142918
142869
151793
109812
186269
190593
199285
132143
141093
196905
161837
128929
193260
153750
189930
177684
149153
193831
163167
184773
135904
110764
11801
166426
162846
150430
161602
199654
177515
51331
73779
149196
116604
100233
114744
120403
190388
68960
59604
141836
193247
182041
146432
131909
143507
83287
108741
184096
77629
167296
154273
189795
174528
15140
171352
177930
196986
161230
110519
191664
177590
198028
182783
163731
69377
150324
183629
184188
42558
169392
195364
139322
191044
192110
149576
101178
199479
120810
34911
90849
172008
187778
180609
102544
165449
188442
97698
171097
133890
193275
177825
159020
108576
149835
98066
156894
90148
113563
127156
199565
143976
112098
170562
187927
157121
162963
113807
131136
100636
154934
133085
155089
139018
189962
134879
29029
194204
187149
111107
197365
195521
190018
180206
195949
195775
159285
197823
130774
186186
156280
184662
198219
184555
185690
60039
154276
61283
199079
191543
172766
167262
188753
189814
174224
85697
193505
197061
195824
106577
94987
178691
138197
162551
198299
149226
193160
189022
143819
175760
195563
186962
32353
108609
131839
168609
156377
80946
174257
150847
183993
171636
147668
158669
154387
136313
112159
191931
105564
188650
145818
81045
92541
168625
108360
163687
43569
60153
119409
183192
162839
198179
186501
114164
156598
143323
108440
130542
195381
152934
190035
59527
45741
95203
157017
179793
155703
181001
175133
39955
190975
48883
126847
184188
76934
124358
157920
191612
189404
199348
140869
84593
105820
46527
167711
132273
64330
133184
199777
179064
153021
195021
190361
92362
107402
165998
42951
159468
115087
124559
198571
135126
199214
164294
151049
158342
164583
165886
191576
151996
149261
193025
183096
171128
166084
33796
104045
178494
125062
134057
148383
150463
96124
180599
171205
198190
162042
160008
194201
97556
37962
152193
102115
179873
146130
139436
120616
173134
93313
159390
153436
195863
132930
165098
137438
195408
199849
169141
197062
185338
195222
170599
109674
140036
126078
194465
184718
98476
148289
145483
179525
187545
188484
190612
196760
171188
187647
194678
152628
177177
196935
169612
144355
163681
194090
175301
191511
53619
199008
135680
137262
199764
87402
123327
112286
160577
188146
184635
199803
178082
173623
126555
122100
162119
37937
143729
186015
189566
135528
188138
179712
152941
119541
180567
151669
142117
190583
135452
140440
180434
125204
188197
99351
196979
188110
151925
158465
197207
186249
112414
171114
30594
145167
57343
178905
177360
166728
139774
190289
164680
155876
197813
195298
111331
182228
187417
197994
199471
148009
118278
169479
149195
171613
154273
90455
182213
152930
178079
156741
145370
192841
157926
199897
106485
192771
172603
144761
90538
184187
181953
199833
128358
188069
95961
115904
155898
146364
197351
157259
169574
195029
188208
193529
132279
183064
198130
99056
160094
136186
171184
198833
104633
198755
107527
169106
187159
180895
199816
123811
144638
84789
191650
189243
97040
38301
135819
198946
191009
197314
187605
131632
171406
117700
113943
152617
92492
157530
136802
178909
192755
109714
174219
188868
190476
116951
198057
189174
89852
90609
198501
153182
116576
197407
190726
121767
175736
178660
126971
155616
177748
134163
166149
31980
132110
196731
169147
175852
107780
165411
178921
130655
197443
136942
60592
176620
152657
180675
191677
109300
117068
197471
191046
199636
188477
36768
193056
174806
195424
173404
185098
59823
106713
99435
98209
120903
78064
163563
56090
188734
151336
157788
148187
133433
112018
159238
29346
129701
175405
189451
142469
166788
155084
154209
160126
108656
157510
189011
198625
143031
48071
94438
89621
154603
115173
192369
179318
118624
87955
45372
187307
155080
168764
56898
149730
159438
147503
182888
54018
175019
162820
194224
191430
162233
120005
44662
110444
159146
126754
140378
199916
67931
152782
188344
193789
31292
40445
186726
185230
51887
126393
154342
152068
126606
198734
188292
177852
165977
182276
186915
95669
184703
146130
199397
129633
181346
99557
178550
190449
196766
106452
66068
193375
195092
196446
191153
56935
19240
128901
176146
108659
34886
146708
52621
181852
159727
192712
89230
156984
132927
95721
40658
101389
179650
135424
162735
199441
143599
123384
168834
187685
128835
70630
79159
198097
151743
51503
144057
68437
187920
151675
15798
146482
175846
190662
164933
187259
177937
186985
185333
188202
140316
39614
124834
196226
131519
147504
76264
182780
173584
190350
54003
155645
139569
195968
70369
185625
180895
97469
102493
150856
167961
138207
159330
164510
133027
124564
195656
172436
145934
166626
114457
91078
196524
69649
122968
127424
169412
193680
168469
68091
197065
151743
176750
167045
197778
93140
90176
199403
71618
180152
168573
157675
195414
188634
175368
184165
184714
187561
144764
148887
199878
187422
164310
115884
135219
136089
99734
105540
136630
194811
187247
183620
141047
199517
148748
191085
147383
197716
197411
194515
135578
175683
178616
94207
135570
197651
193358
126186
166386
191771
151184
112018
166567
191481
196905
83992
160221
75960
197158
145223
178267
124387
150933
32404
197190
74658
179351
67677
185953
183110
173666
194761
176810
151592
170968
112714
13263
141285
167810
173122
199967
173036
153443
123261
26507
120951
163043
54384
185211
185684
195414
23613
95315
186271
188058
137958
192615
127896
175019
145692
76794
192432
177309
45365
81577
191350
143258
186331
169658
185896
195788
155450
165172
198949
118541
195463
124087
126638
146251
187908
174066
156373
140225
170117
127625
190370
91379
180530
190848
107685
145782
145213
196176
163224
140853
166201
180476
7480
29052
195663
172965
193831
143020
195717
69380
177342
174828
194776
180839
57076
172329
82522
150616
137130
167525
183047
184522
150587
193353
179634
174708
46689
173449
131737
182612
117793
195519
186057
173299
166983
198916
187583
163248
166797
155958
83854
155614
73734
192826
180330
130576
197918
35240
177976
80383
194781
190604
160691
195758
193801
196952
197409
114860
187884
199324
197627
193826
179674
140155
129777
155415
140109
146005
176576
141139
192615
196289
126201
192578
182275
124283
176761
183890
45823
182990
129154
188197
190900
199902
169627
138457
196506
191914
186553
173372
164322
89085
156490
130721
134041
147956
184531
126061
145554
183597
179024
187750
85564
151166
163772
150979
43039
199510
162823
188404
167720
127620
194711
118202
138745
180439
178058
139211
130585
151479
171388
184170
167692
141687
169457
160799
149995
167338
197246
92203
139963
149827
8809
196083
163067
127625
197648
51342
187094
110486
189747
122781
189291
81953
192447
123918
191511
142086
110083
129848
190540
119226
199167
153446
199475
123145
106338
71523
143546
161310
89270
167931
95529
140110
175069
191797
188650
131714
193126
118248
169414
195897
125539
62530
39031
123704
94721
138562
172951
97928
92843
116441
68431
198663
119878
127630
155294
119225
193201
197829
109399
184706
196541
190233
187394
173928
190163
50788
199039
172481
186698
178442
198535
171666
175733
150915
192447
174751
172520
140282
186800
193814
166577
75643
83957
194655
135435
80903
93992
10601
172610
163318
51162
80898
196210
160329
195768
199217
120720
167647
151067
88882
174462
186307
182998
193282
190926
92039
155963
59657
197344
128305
140019
140843
103937
149045
163456
168718
169578
189524
95203
185914
196077
164189
170759
94623
145350
183733
38698
193840
131832
196364
192355
156839
175338
120141
73298
115957
194685
166720
179409
180767
187768
172231
89297
170181
196607
179775
64356
68358
199669
199506
177779
159288
71222
174707
157830
178264
149263
125551
109576
185707
195848
167416
131384
174334
70446
131231
189211
185173
119830
147540
154883
119247
100198
131730
35246
193303
34128
173422
189529
49983
144692
177652
182799
187982
159740
184199
136619
186082
108362
192102
189358
188571
169322
176493
166910
199849
195836
173579
144028
167737
53036
98995
130470
171724
118059
57800
146391
198416
83696
198219
153473
182313
164625
181016
190639
21045
198780
144087
153605
97981
112129
190951
181206
180923
103827
156773
192524
171290
194352
186795
65680
190560
161049
52406
82941
180184
129143
123249
157403
191563
193875
187991
75551
199889
151689
176826
159508
148237
155607
172927
181689
161515
164222
181764
140203
131753
139377
94079
193969
173823
149527
176878
199661
111897
169916
60163
149798
104716
129120
151572
159907
192890
105351
179578
164064
144703
163544
136872
91438
186546
169282
177411
160377
190939
187394
190813
179293
181728
195192
110709
80230
12163
191179
198174
131320
191752
52322
134253
157981
196911
197886
184521
185333
184018
160735
188978
168743
196224
118859
199002
197399
180707
97055
111668
192963
161676
126596
103962
111615
197380
126192
198323
181809
126549
172306
77874
178073
74721
154499
78546
59944
193978
142532
23965
199669
90717
59616
137362
175345
187277
126587
120628
137839
126781
99442
170055
147033
186677
85517
116253
86130
128341
137036
199164
186350
160564
184218
19319
102709
198261
195138
194708
145689
190073
71783
191077
197096
189977
179596
81473
110747
93997
195246
169615
90557
160850
146571
199781
156458
190497
128007
183443
195316
198912
125304
193307
191888
67826
155041
97032
124888
188969
195451
42025
82207
182395
172409
107623
108572
155667
60766
185708
158892
196552
162988
126116
175046
159852
156101
196342
118932
154845
188661
164738
186668
174924
199430
194254
179241
90569
190873
178401
184963
121057
151070
156496
81852
86238
169607
173948
194121
174551
194086
183984
113614
190821
135473
112185
128994
154297
162807
161950
129980
154047
186123
199834
191245
161604
187952
125234
139647
86683
177186
132286
190622
196979
181048
166692
149087
189703
96751
96561
152199
102604
81501
186844
194287
154126
178069
83825
135023
162069
115322
112563
163558
71875
199752
130995
185671
116073
73205
52762
90965
132328
198346
165724
181573
189302
119833
102463
193184
169167
108277
190041
105094
181506
117688
183157
147436
198138
156445
13050
157745
193175
167214
170235
77840
189440
153241
158349
197708
19184
182994
126894
185512
170454
163417
184390
79850
164124
196961
151550
192836
147815
195348
164696
97112
184082
111721
174209
182234
82820
158313
132437
195413
140206
168347
152634
138483
149889
195429
199525
133697
198382
170575
134171
118809
166680
151443
175121
175916
169798
182785
140662
160322
109599
193137
96889
162605
75147
176036
178652
146400
159615
128102
178543
167006
196611
116626
142590
151871
185623
161744
182322
185762
143782
178702
182811
190031
155631
165709
197974
49605
128164
162525
199095
183875
177030
138036
188975
132882
180871
132186
77435
187236
148096
192881
174534
49041
186799
115210
192189
152246
195812
186934
143851
183456
153114
101096
159655
78160
174511
65067
146125
150334
194208
164525
180583
148319
150264
118729
194096
163395
41098
94002
41064
196442
197880
147801
194274
182061
186390
110817
197341
150800
92666
190724
199634
190981
197304
195643
163841
191210
196714
149825
199199
174385
112015
151051
171644
170223
192330
164911
192981
84633
124140
145646
146214
49890
60337
145390
192556
188962
120628
199161
189426
164083
150835
25711
77128
135234
178892
181850
133653
87924
195335
164258
178566
163772
198077
87143
165061
163072
183636
120238
79317
137493
163755
199885
155366
151241
118295
126393
135735
110210
185465
132622
133540
198705
147675
199711
182249
179060
184238
83464
198018
23982
132959
194968
39182
153781
178626
109452
186525
159521
101267
165480
124058
166622
141274
115145
143092
180676
167751
198993
88531
165919
177152
175061
195236
198784
188151
194371
80702
191917
127066
180330
43982
60713
171732
194127
178585
181252
137053
195705
112752
175091
175600
100925
158084
65183
169919
160732
177849
126698
199450
194651
120331
191292
174612
199492
198138
82117
175124
153562
176500
193640
191099
141008
144677
151696
183374
161431
146699
148489
105749
78899
178429
171516
177420
115363
187581
187271
132137
106649
94278
25806
184201
183898
195744
109424
120705
187702
124161
190714
182009
127165
196019
60871
29012
174106
91874
116152
176095
107383
120440
59581
81097
178922
120405
25446
19423
60181
131495
110581
160940
154634
90247
143566
101708
178252
178082
178057
158997
122894
164862
198718
100305
91909
199748
143401
28644
192669
125498
92982
157547
194219
190728
75517
104256
195104
122653
184437
181131
195374
152771
132110
90618
173109
142898
198179
196774
148314
173359
170262
114623
187247
183970
126381
191085
170479
152667
199316
188619
145097
193285
26996
116538
192335
168773
153832
134215
195094
127904
142247
131753
133948
165670
198270
77984
180347
193089
199822
155496
102041
157311
104145
111594
83806
117932
117343
143243
116325
115903
153267
86397
115275
189966
178326
154092
175409
63258
139469
199257
191219
133684
192602
110075
185863
195296
132248
90087
199720
175450
73717
150981
186487
58532
151975
110958
188388
78681
30995
193997
182919
56000
171827
59694
175688
158642
176143
161892
142418
141992
194337
180393
175860
48240
151953
159522
176706
21067
102564
41184
99791
196373
163035
41002
135909
105176
116603
193773
183007
199380
158631
110465
180246
135198
114683
194676
107894
189117
100796
198302
110909
117864
196959
153862
134340
193797
193449
123021
187822
192836
185188
46325
196052
181039
197963
108239
132795
149064
194273
186696
70315
83854
197327
50369
158510
190491
132886
199405
24093
193634
162981
185537
176267
127616
187968
173185
146898
154326
161994
181330
175997
141382
154898
199945
114858
187412
159633
116893
183581
124460
186202
177586
185021
184502
162174
185468
61222
167614
116512
198623
191274
78757
110817
199289
197560
16959
165012
157564
172857
147149
187243
161429
155317
182710
196689
28309
101365
153908
62273
183174
161846
93191
39570
161139
189297
194917
195694
174835
163859
60899
182034
183481
156844
162181
182675
122688
154474
191018
197775
90557
87812
148058
102630
153260
199532
111787
199510
171885
152233
182454
111894
195271
185875
156216
184659
108378
121454
59753
137374
87380
186937
162909
199618
190457
93425
195410
88204
197482
171904
76187
78544
192279
179226
199603
102900
197843
100703
199388
191035
112165
191989
159274
157126
89153
68322
114749
197894
184323
152831
198413
184651
119866
111986
182288
150487
179897
78305
177929
185398
197652
197620
187297
187768
150638
179324
141891
132478
199263
163482
185065
172157
109757
99503
181700
188023
179538
75268
155653
106277
137579
148033
171538
197727
135935
129248
85964
192968
141279
167770
199098
71545
52291
182345
119104
95987
155218
176671
180468
186730
121323
199037
94874
159744
93795
136600
50213
112633
115620
199223
161978
182631
189143
172540
141802
192554
93994
195521
173730
107003
167546
132509
140309
42867
163929
180267
162295
186774
116871
89206
178944
181832
118168
192144
183765
197037
191943
111441
121545
138630
195138
194025
163872
58204
174688
124492
130251
177538
145441
173615
84030
182460
96100
110933
107048
188725
120927
174444
64047
165522
65140
159410
193065
96917
128413
171984
171360
179180
179548
105304
180790
177564
167047
133166
75560
181401
198688
149483
168629
99548
164239
120610
112864
128059
95704
196398
155609
178921
180008
138579
177549
56468
140267
169665
73115
110352
163733
166957
194005
18449
42178
180625
143411
198904
106658
154582
121247
198183
181927
186892
109065
150044
95686
141140
182724
139029
188151
191758
177480
195692
66450
180764
78492
197230
170745
169374
197519
149880
107273
106638
195916
28563
191793
137404
157484
190696
179648
137726
199323
192817
126757
183353
137460
169322
171752
198592
104534
158899
197860
191856
195979
128697
111833
76950
35687
77890
127162
137605
107534
140872
145851
165952
199429
162039
186771
54231
143797
130948
129713
164367
167658
37749
174624
187709
68734
53604
101906
184329
64454
58193
180365
185486
125116
178432
158651
88623
81815
183754
194756
166136
48971
189850
190158
190010
198841
188941
195429
135834
191814
185098
188412
128167
58613
117198
154465
109967
130607
165980
67109
118389
189268
177590
168605
131980
128764
193147
158097
136508
167430
153675
185221
198595
187390
94493
107205
161483
180710
161740
163076
58817
187687
198729
186913
156797
109871
88212
111948
85598
162833
72243
132567
182678
148024
198248
181742
176496
115451
198792
165533
199154
141804
196564
106403
194224
188245
182740
155653
199227
188371
197735
181242
170909
77443
188467
85370
124644
193913
112943
182933
199642
131784
167457
96323
85980
70628
183291
99670
199973
156943
177115
128532
133910
157157
188845
88326
189902
198660
102699
155988
198903
130922
117873
189095
135811
148457
199161
97087
170991
196677
98397
128350
157392
171393
94939
151424
196132
188119
192206
119572
164151
141776
186894
36325
111393
133720
178750
179117
83846
197140
192784
156970
139986
146542
189785
169416
199894
153317
102804
96581
124820
197444
196048
198576
111216
105573
157862
135589
85122
168134
181205
177782
168510
139190
194304
169390
159651
196819
177110
154019
165856
31175
167792
64060
167699
192474
122524
172628
142136
65439
178470
159770
171111
86308
181353
187959
198946
187159
151581
127602
171904
162499
197343
193708
177991
86076
178530
144883
90859
197314
191938
199954
198562
160563
120448
198431
171575
166704
161502
171624
92561
186202
191848
193526
174500
173907
13543
189250
35204
174555
108293
129516
198391
82576
193232
186169
199852
173528
188105
146971
104041
160068
176807
161875
82617
131214
182936
174785
160735
127697
180573
184236
86072
195437
145955
103838
87767
144022
124365
193328
190244
152847
27892
88409
68279
147472
58105
113897
103040
192703
105475
196254
171808
169173
179281
107184
196495
95337
168123
152480
93348
195388
77798
138447
156072
184827
44507
176211
193062
103749
121666
163525
146816
128856
175804
69175
145539
152721
196032
122842
139585
144201
192402
118879
125443
188989
190129
63650
69919
171871
154276
193384
181907
198694
156961
121053
197911
54936
85024
158447
199925
169756
179529
192510
197328
144183
129932
97950
172676
166579
191022
38875
193000
178644
198510
150713
104863
170254
168091
159561
77993
195965
186526
184439
157513
175253
83553
198462
123893
118096
130396
159358
65345
124692
181022
155628
153379
158182
40511
138309
108783
194133
194906
164856
50174
60214
48555
197066
85357
58807
197662
170769
123869
197815
175299
140623
58439
149216
192268
160211
149569
187685
151102
186813
146652
169519
131447
165262
188625
189824
183579
106312
178296
150131
178616
166711
181032
99782
198369
196618
131594
124670
152024
168333
173698
144664
196120
122592
187202
196897
198505
180005
159917
197584
199323
176996
152233
70114
34776
199254
66656
196703
150043
192673
89218
199278
194337
183559
104892
49815
136199
123890
156039
86417
183052
198314
135073
102131
181509
137440
111513
191445
188689
194243
45969
113099
198610
129509
144947
161682
198346
131272
181086
62192
144749
99393
188545
144483
195631
186399
169027
124265
105865
100557
189266
170220
174552
186144
99534
104092
199304
67916
191306
40428
178396
194617
169440
75947
191327
157721
132433
27032
104777
188837
135405
137240
87971
191659
30161
164878
116533
145727
127909
189756
184123
170101
193843
145236
190338
193522
176216
135126
197789
169355
47518
107305
102094
157289
134905
135035
192405
185251
171071
168412
168040
196806
183481
156880
79380
188217
173190
136824
187968
195353
28463
176419
197682
143121
198506
193440
106105
194496
178217
171299
165150
184547
68489
191904
167317
140084
189847
191785
137668
160238
165356
172965
199455
45836
70508
157794
171421
126945
199191
161665
73306
151550
190080
121204
179101
171902
126238
140455
164496
184775
194354
177492
138541
154319
190357
97061
122736
162083
192465
123436
154254
186348
197634
51570
140989
177787
92483
178408
199122
58221
152369
193030
120053
194641
113612
128888
146579
127275
149372
191024
71892
175660
165938
76397
139503
161598
166409
174901
62731
53679
179556
140942
169193
196700
167945
185783
131125
163618
74301
150927
103630
162800
183984
196578
191809
190009
159945
147677
144779
195460
121499
183556
49790
80821
143252
172426
198219
120851
186518
198821
167258
172167
69524
191538
61161
171800
151617
151999
177278
198305
189964
145532
168545
118999
197248
120815
195012
198935
95414
171237
123918
188710
187586
50211
143892
186029
154022
137544
181445
197931
195248
183883
191263
69116
162354
148129
134545
192178
120775
175695
94421
156995
185146
125649
176326
107653
198544
114703
167791
195589
116194
188640
168064
193572
144301
197886
174077
154566
197073
138019
198865
165506
99467
154971
170128
193747
192021
193897
123398
151689
175024
36607
195447
54975
190961
45399
195174
70522
192058
123966
193571
197331
131621
165941
196746
178965
61577
174591
126883
192479
82990
85548
155796
51741
128180
185681
77106
82711
198733
191899
170762
197573
103491
174431
123094
75171
199045
121414
118422
131087
137053
170514
151088
194180
78471
194391
163857
32647
116763
158724
155294
138261
159348
89410
198445
197262
190772
181294
194711
132259
193897
144799
80925
109302
125373
194543
188944
20647
70229
186397
70508
129011
150941
168410
170547
188434
165863
18221
97392
54611
196017
151288
198031
110227
188006
159590
77796
130111
197629
199722
178304
199257
103656
194220
150613
177425
190221
188009
148177
126017
115356
174342
187062
75093
163288
52161
194106
187586
73158
196506
199261
182911
192986
103033
48582
153168
152349
184244
110939
29850
192442
125809
167264
157633
175215
171376
133971
161766
109752
166241
197309
111515
194991
115736
165062
177282
159073
63986
150653
198851
196600
174694
195011
165286
139432
142657
154953
178304
192506
156910
141754
116543
95580
175955
195629
171147
34351
168214
129236
155116
39004
128311
107179
80359
64554
190907
177641
134408
140585
182122
186866
164601
168478
148647
81643
176064
110473
137416
145425
188708
144933
169990
191672
165268
47084
189914
110982
177204
183345
142047
124224
158606
67220
195173
126698
174387
114884
120809
169180
118068
76705
37170
146829
194323
106959
107246
70682
148979
178630
195754
95685
143417
195230
149789
198337
108168
32017
195196
103281
118511
68538
182905
169499
166934
170092
161243
193349
180224
143393
167264
120433
181376
98819
48877
115455
164766
141546
198483
105943
190621
159819
139929
151987
157320
147908
163949
157406
135360
162592
174943
189163
138962
178376
150638
199697
186440
197370
100686
168162
179765
172683
169278
192398
180227
199394
156945
130268
159184
175773
79305
140866
192057
176225
91254
97442
180509
134391
197693
196668
143413
113975
151975
194121
185528
60803
165604
184412
89977
189752
66622
174211
113728
108779
195474
159987
160388
60376
156961
182382
45406
199949
197375
182936
170552
50095
115887
195811
112358
96461
62004
83984
88277
196980
128216
153609
185958
76431
181437
181296
155990
92131
117372
127022
126049
110067
199100
151874
191002
99533
195853
193316
100074
147459
195426
173864
170597
173110
32309
178702
196337
51704
182084
156897
108053
143828
193107
94267
92141
180440
190607
166734
160645
165580
132397
191922
198986
85313
198257
35291
179923
10376
178892
164780
199711
152576
195092
133557
197745
132601
193308
199589
120836
190563
170427
80962
139827
163043
173873
114427
130080
130183
198140
181303
163259
41681
195246
163465
162637
187532
182823
193864
133498
183428
61231
49160
190016
113219
128064
185880
55580
124462
109448
156312
187290
125564
198518
180476
173846
113401
144183
73923
74943
116420
196888
116080
174523
190604
61939
195260
181398
173143
194883
156757
176566
178508
137965
95522
195601
181343
150829
172450
159797
164060
195546
155676
198733
182530
163054
150274
181770
175666
193749
136063
179409
78557
80572
142214
116299
192735
185233
195857
131060
121434
53476
167559
161569
189209
120143
199503
171571
199027
178382
184747
198216
198703
198640
104512
199941
145829
176537
190981
191771
152697
186220
149222
171405
152972
192512
91729
166422
199631
178043
186553
195260
147017
111425
87183
146287
157431
147204
186200
183675
192704
79421
108533
155063
195907
105951
149652
91254
80496
134450
119941
136675
197293
186850
193801
93516
173681
151980
114707
85518
181432
198021
150701
163737
195308
187701
193885
195396
138069
161682
184932
193366
178211
116717
168419
183419
195082
57812
198084
2879
134321
101435
90452
181090
80276
114253
158772
180010
190533
42167
110767
149300
113721
102756
159294
175938
180569
192144
187522
190731
182175
83239
199988
196102
174640
144474
60295
107001
195254
141109
184464
116760
173764
85492
199740
120619
26949
154257
132540
98919
50091
184235
87848
187369
131685
80080
159720
188996
117045
129630
174634
152906
176164
176574
177515
101375
169089
197776
122998
127379
198269
179877
196728
162600
179470
178458
139583
187915
97645
89597
102938
62913
178668
151947
190603
159235
126484
128091
186961
187159
150931
62137
110918
197786
62066
187334
159578
117908
70256
197608
180227
142593
42966
111250
190712
181756
120818
133645
137517
182768
128075
111650
190315
196583
161015
186346
106458
195241
182996
132965
190937
168569
189219
185701
129966
189964
152564
187013
192018
181824
199942
96788
159715
147192
85330
115434
161072
181234
184295
168134
194397
144661
70989
69770
196656
176744
116165
89621
156739
59784
161252
194332
199127
190277
195973
189554
141555
102408
141088
135940
119115
194864
114981
191831
63433
195473
192981
197669
171217
156621
107621
196036
131814
194206
105841
143788
160189
150013
169179
143157
181754
85060
175988
114391
146640
187134
102147
191150
62057
191918
194005
63722
185108
196480
60323
197863
168841
176839
132475
127605
173705
195474
123704
163504
169627
128671
49585
146738
146855
75417
91743
68631
193105
172651
199261
102423
177546
184745
167929
196363
198685
78084
167193
194194
189421
38877
153218
187134
184844
186821
139636
199831
76571
172628
128571
193433
122626
100088
137003
167285
180214
107141
165975
157689
194560
185585
42960
169442
182469
178619
197938
195624
189146
99508
29392
175606
183635
193362
158806
155224
124167
154734
189659
124499
101040
159928
180822
39691
49910
199923
82372
195988
155915
130014
81447
192181
154287
197997
192781
170499
166071
9234
166422
199403
195212
132863
123062
109390
48810
129356
176360
98089
89707
162144
199680
175098
181662
115800
195919
87344
152504
138409
182943
150785
117930
143801
170804
77540
136369
176423
198311
123811
172823
195812
192444
198299
184913
171534
154119
189564
170835
195697
77358
56779
160601
139446
198636
192290
69684
178416
198208
185053
180411
113589
143678
149939
153393
61977
101983
192048
84347
112807
70185
199685
182382
197488
55612
128535
166626
184229
124640
179297
107809
187961
190937
92461
194890
176653
199698
183435
196955
179152
111504
115539
191109
195200
109416
66479
120903
126238
146341
157125
184417
198871
149261
194374
139833
145037
172472
199034
130159
177110
161153
190058
91078
159927
108717
135480
101195
170112
178640
153065
180458
186169
179745
166102
34847
182893
196209
186356
131628
135520
180517
165733
167416
136116
168861
154822
141061
45112
172502
194366
109314
173231
178340
185711
199734
93978
184803
193123
195897
198479
193225
155197
78307
119427
167277
197676
189494
195757
194996
186167
167014
132373
190058
167981
173477
109017
33736
62985
181112
86902
171309
87955
132879
186513
184134
152915
192638
146628
70013
143022
22568
63290
182291
124439
191134
144860
133125
196664
176048
195894
39918
125248
168553
118354
164095
189803
162768
139197
152502
190873
140969
139833
195295
97927
138363
161480
197507
132800
166372
157787
160232
119477
149316
199738
52081
148400
187114
143558
128523
170099
185829
42455
194892
170971
171261
162800
125024
173472
163892
176945
195464
175049
78368
165059
198885
188161
62159
106257
99249
176357
112564
107717
103958
179593
190497
98378
191077
183865
103550
180793
173881
138932
182381
190102
116143
173523
155571
177518
174749
179476
166787
65748
111938
105281
19838
71905
51494
133901
198220
119039
78999
85820
189433
183787
197575
153208
176117
189503
199932
101870
118665
109748
172365
177920
196782
180924
191201
142063
54011
187712
186217
112107
89751
133793
142557
107659
49696
195656
167595
62090
198190
192626
151718
155574
119479
186891
187928
159699
155338
125778
173137
67106
175860
124125
178197
196882
60614
176977
174551
111712
192510
115471
175985
173650
172191
127947
151645
180776
161139
198307
78467
162602
199437
193172
32993
144229
139353
155366
132411
156296
197610
196146
188322
98328
178869
196442
160030
159819
198459
196513
194257
81188
91978
197010
174854
182924
169584
198899
183601
129783
134785
112400
180585
196802
163315
167527
177929
151437
181615
176491
194913
192874
168710
180279
168049
155294
153265
139655
46652
135792
146759
161450
158425
98161
181929
139951
195915
199984
99648
175061
141961
199603
37790
183383
164423
104649
54012
138816
180059
132849
99491
159724
186160
177779
127030
135013
152630
198077
141193
180824
170781
180975
169043
159791
193949
101169
137063
152729
130327
197203
166461
104859
129380
182996
153100
126219
85627
199748
125915
142779
135202
196643
27251
133133
93963
169027
132809
195609
192281
69061
78398
128311
142442
91916
110475
186345
37654
167982
143969
155060
96012
194963
181790
192407
104240
199715
159134
120866
199690
199223
122286
179245
183000
191885
54530
103329
198395
198718
120463
186434
192852
132749
199891
197152
181068
195225
196599
120923
185580
181859
124559
159169
198828
174011
199097
165778
33778
149208
151978
112679
146682
90988
133321
142960
198630
84230
194268
180168
173979
20431
51646
172299
26197
157855
46889
113738
73364
67391
123904
98043
123639
170200
199553
159733
199039
186308
153226
161090
153167
189677
104390
194493
26577
151706
162642
199740
187355
161754
192595
195134
85795
183487
140716
195177
157050
190408
137987
166662
194884
109998
109249
104665
81430
83487
177583
162120
183802
144277
140683
140958
96848
182456
162236
187928
103106
166898
189443
117552
109246
164521
187522
191978
187083
189403
98526
174193
93717
187995
161958
88777
182704
141858
42665
197391
188894
192762
149313
189993
183372
162545
150741
151550
188853
107742
144316
157790
120378
156275
179655
50522
184095
170941
196992
177241
62254
159321
138919
131555
181423
183194
193068
182931
128853
104055
92463
167123
197213
15419
198466
128635
171928
95056
170648
179695
193784
192531
134671
177341
89527
193927
182624
140450
197248
184883
175256
120054
88990
152996
152039
164182
75188
152396
59372
163106
128096
183652
159781
180242
73975
191213
199556
83123
149794
115352
182888
196975
163035
169875
199016
186465
194862
139619
151012
157083
181007
180554
169813
132992
42780
67950
56251
184333
100934
105304
97537
68786
197230
191871
177795
193112
191056
158762
179828
183996
137223
187388
198521
156504
155147
145485
127716
170771
179475
196250
141140
127213
130710
193971
138363
187310
124127
156182
198544
112129
146009
169750
191848
103892
119789
132315
141373
142134
186538
189409
165937
180914
199076
181838
187771
149827
181999
194612
79313
165118
169256
126751
199074
173781
183636
70282
163226
199873
140606
140935
199548
102903
108108
113647
34686
186199
153712
197898
48310
191847
159918
169867
161110
104948
189999
196558
195927
146231
183944
23842
167810
112980
136840
179276
123267
159240
171572
117490
153552
111466
130400
104900
152853
169062
183303
149448
177901
198426
75454
155129
125889
90606
176372
197664
118879
68413
67814
198989
99394
180605
84951
199774
124983
153438
147423
145531
188754
60469
145635
133336
168674
186369
192453
160304
134812
181497
141444
177040
144123
128324
89506
167244
126869
144703
149440
194707
179684
126685
156860
197138
157036
174389
49308
187650
191352
169411
86482
185378
127759
134099
70341
178931
194758
154581
169647
181151
198301
181074
157497
124201
80888
171777
161415
178520
184045
193552
153634
187666
147833
102597
94174
111109
184691
131788
194133
174499
61813
129566
131812
134043
15593
82600
151722
198098
182675
81067
137776
178870
198168
168386
92212
63193
173143
195282
143144
197863
48317
135708
146364
199596
196558
147644
86425
182547
143196
187839
176215
191814
169408
198224
145193
195203
164785
152822
196027
126772
195235
115736
103338
191295
129756
197541
197821
62369
191511
161385
41020
192241
187669
148101
103540
186655
176943
126968
100401
193638
141302
151077
112542
87657
173043
192711
193813
191093
165941
145156
188259
160492
186837
199122
149800
199628
181669
196546
173043
180184
185158
183933
134090
171708
106343
164029
183200
112441
196814
194874
117676
184878
177486
126760
110498
177796
119197
55880
40071
120381
191184
96453
178029
135267
187968
115328
156764
168947
151387
123089
65774
178707
194685
128792
195488
184174
190539
198285
160881
35109
99477
136492
75719
173533
199708
136944
191378
110444
146171
165031
171041
176868
199319
162483
143764
183118
177911
188036
194871
184898
198618
199945
166032
173754
122232
171883
155488
157835
192409
125751
164700
181966
170411
109984
105237
87995
63098
133992
193344
125444
163939
167761
79538
179343
185115
198859
159020
146324
83846
152950
171844
167861
127931
103855
146032
97296
156362
174526
155874
180923
192795
173233
150259
187027
162338
184805
197385
87545
185444
190328
192462
31619
111174
97918
160404
189250
188722
144347
168136
198227
39852
197162
145780
140101
178940
162268
198125
156817
52617
185274
101571
183698
136186
129596
187728
154699
191537
180359
196856
131334
199115
173276
71174
91324
163621
136257
188029
163448
143502
188367
25494
196463
186205
182067
145357
191710
188838
171724
100098
167791
181999
199534
132109
137463
140771
194739
185021
155544
197644
198844
170474
192460
159407
158976
143380
19650
195102
118133
36722
116804
88681
181323
197560
193135
162418
161340
184462
190491
172841
166892
179172
150426
115682
196118
178813
196868
168655
114256
197724
98550
108438
114817
183160
114164
199606
187392
175057
186713
96986
139442
91076
183346
172557
186733
148562
158067
185117
141481
183242
137999
106953
199931
168364
151526
62025
199605
179392
131012
195511
50036
164709
91334
174617
122708
171176
126348
62103
199807
99191
136018
149754
172817
145458
171042
189679
87045
105340
188057
199074
191488
193371
190835
165276
85575
129140
92322
197661
185245
181371
142074
122278
133549
130118
133225
43100
156680
191925
45567
113428
173275
150984
199941
187235
84289
197735
62112
106881
150771
195339
183188
187771
177860
140005
48174
150723
142499
166391
134503
199894
185476
162802
120030
71743
195582
68496
96447
198485
170895
195357
114234
190533
144277
138041
191313
174281
176966
159361
196906
171265
194169
148444
10353
146752
189665
114878
137446
90470
197776
56474
185797
91358
171901
165753
189961
194450
198146
163481
99716
195064
169265
185714
165969
141703
137151
194909
84653
140250
103233
138661
176039
195205
175997
196162
196814
199702
185233
181691
94782
165088
52252
158940
157400
163179
171248
169074
66497
149774
146229
71052
97535
197913
198346
187006
169408
160205
107703
106409
179768
70777
164282
146298
199685
96025
197461
121045
110546
79250
177652
78410
198521
182842
194769
161120
160060
38838
165403
63354
123697
186624
133783
199748
190224
168315
192750
196906
128358
41929
62765
60932
65869
137978
177804
110523
103004
170442
159996
191050
158810
147708
190860
170287
181958
188135
196648
160167
180117
166732
193168
172850
189687
181615
192909
143716
181560
192407
128260
191605
182116
107881
130590
178820
137165
153220
152972
177888
57475
159568
104291
140061
166999
193658
166889
161066
131883
177398
130408
196311
139272
192671
115344
139343
138853
69431
16166
193533
180561
181309
180187
104055
187526
167523
154933
142913
162705
186373
123117
190039
65483
75552
197706
81166
198332
105928
184827
189737
159975
101205
75217
190249
158199
112353
132264
195041
171979
157832
167792
187688
122862
196184
189252
153191
153658
141079
174629
85353
165024
88606
181169
78490
81331
117267
187609
154409
101214
97139
198269
186172
112372
99752
166962
196513
84268
111982
38914
134012
131504
162677
65395
140530
196570
86688
189008
198608
161539
144625
137762
106030
163790
172610
166393
60262
194157
100909
196431
63271
179481
195930
121143
133873
154649
122739
191410
149550
160105
17228
64545
171942
44880
168677
198665
54703
186627
131917
199177
163415
12062
123298
184062
170161
197492
71155
171128
195805
163621
188020
165304
177393
173291
168874
156692
163767
192147
175267
186983
154458
94937
176036
70223
166941
106523
141431
186424
152738
176798
155007
71085
52046
149532
189391
119051
173597
54868
157222
198993
180347
115746
143045
189090
198514
199286
164752
142652
191844
194894
178362
171739
167755
196516
112719
171499
186162
180490
181942
173871
168050
178379
120065
193921
182254
81474
111176
134856
95412
181968
199199
172150
164731
142126
129847
188036
194321
89727
60005
108203
186538
137981
74334
169570
150645
76224
118876
41315
158417
158274
166377
142770
170306
122299
188955
64362
139623
192247
164286
125950
198871
57727
182055
183511
177037
160523
191134
152378
146898
146884
195815
181629
170386
190392
192216
150228
148469
146500
193201
149038
145088
127760
139052
177162
199353
160109
158486
188881
164243
89211
192088
153910
197487
163668
188821
167639
198685
99780
186123
148219
151930
198817
195134
134497
62560
164606
37816
173510
150164
197573
199424
120278
122500
136611
193832
120113
186067
196528
175185
160138
197693
196437
162690
199132
188146
182955
184249
199963
154652
106037
164699
199988
176417
94276
186789
199286
153036
109623
187201
193013
32799
186627
113461
48124
181912
188778
194685
132928
124247
147601
181255
180062
106661
163561
193969
158074
155796
199730
185853
158868
176525
168553
69571
138312
67740
186683
174243
191852
189572
191327
157446
15335
171665
196280
98189
136467
173119
190157
99236
160638
145896
189065
18099
39905
129718
164386
198833
148528
194243
175609
69388
196832
187201
161797
180725
175526
52837
116122
14924
194074
192787
196083
165685
179850
199458
146504
112369
137347
187449
152945
162736
100027
157417
118114
92989
132427
135473
33613
187878
124255
197898
143368
193951
191276
120423
91846
189875
193241
176561
96352
139533
148380
124999
74488
171380
131621
198514
150247
100368
133056
133801
134608
192678
195394
131107
175054
72191
168435
189049
33376
170591
145589
137543
25751
180348
150359
59623
98923
191466
199999
179212
53071
132042
93709
184748
70155
152667
108304
181995
180166
190526
198086
187092
172292
192569
130198
136797
104243
49378
51307
188763
190895
180335
48240
176694
195056
190070
191856
170492
121283
192808
193002
197265
96740
194237
119874
170564
190401
153019
191477
176349
126581
73144
195072
193711
148347
125758
183346
124783
154083
90284
182700
168386
198092
185138
170620
199914
147007
180831
187424
187402
198012
197174
130977
133226
199238
116257
124385
105195
102359
198489
109261
156196
170552
141723
198243
187698
157653
51634
196588
197597
186792
180088
94050
164665
118455
195997
165298
39556
151214
140507
146881
95196
173472
174193
109065
133243
199936
87453
188612
178668
108482
157975
164144
198984
163228
149661
151755
198361
183067
112675
172259
199988
166084
111205
176784
182779
165399
98981
105911
196735
71421
112159
79853
188017
128258
170568
197394
138186
172534
151800
116879
188851
102411
28561
66342
126495
123784
39964
175293
194439
199788
189830
185650
165826
125450
197952
185903
167082
183438
137018
197945
177431
44261
175990
191922
172150
160412
196802
169457
194835
136515
179984
192069
144638
178490
74931
157957
197050
137351
92944
137892
184592
196386
154487
197481
197478
198172
25149
199528
13192
148734
124062
186954
154465
197789
193040
130130
199319
174015
192918
133542
185311
111379
148957
148705
166288
172620
193358
89203
152858
152407
199756
190879
165497
184082
132629
101791
188377
193125
192558
119978
137003
144156
190709
84824
35019
43222
199184
199927
180641
183713
152452
191592
173032
16158
196888
150460
194628
135030
195266
99882
169467
173107
194098
182389
177546
193364
145174
100034
20236
89111
199333
156918
192230
153855
169380
130978
180761
94941
186998
169565
93920
187161
132924
189307
120381
199450
123619
51643
191831
174859
194676
177156
76387
176736
96777
195915
198854
199324
176179
144487
143454
107083
163337
199871
164031
192420
170921
134133
180003
196115
54816
181193
88454
191569
194718
199705
142646
172700
150975
178007
119977
186496
106360
38218
167908
95061
59844
199851
85676
162072
96623
167006
142120
186609
195259
199986
70940
179125
141373
126462
102585
117502
188254
194193
138107
188110
140398
199644
144090
189131
49509
199037
129690
194356
111180
33778
185151
176123
130685
196292
168737
186411
159165
190275
186887
185298
180312
159590
91059
198865
161645
195130
148842
52084
129384
184143
155700
135777
171789
150490
193128
83369
128584
95936
166224
182264
189421
169179
112400
104571
199844
198270
112362
156101
173231
14622
144828
195451
186024
192745
172341
199863
112360
67521
135489
194493
193665
154101
76932
188699
39133
54580
85179
176735
194656
189518
198636
189633
187793
177756
142277
189183
189367
198090
142059
184055
108127
126245
159199
82470
188795
135444
150440
181693
192048
166579
171030
174759
181230
95852
121188
114575
151093
132722
82147
172699
187881
177888
191612
104388
70251
66244
178867
138718
41276
184059
102124
173143
182642
144622
184042
120694
113020
145101
154472
179987
123142
170564
157685
182673
174398
158440
182162
187688
196521
86553
154389
192321
92362
194237
183315
192695
172712
176367
97294
110751
198535
197671
193280
147396
144644
192050
150096
128712
118304
43957
191621
152516
133187
195077
155950
192005
129540
173595
172965
199932
181615
194448
172265
183965
169117
134666
196201
147539
154059
170301
94007
196440
71746
162986
182188
141268
159888
93692
148504
175754
48877
129331
135265
193767
188340
144704
194292
195370
181086
183765
182264
155794
197246
101832
155253
186927
167380
164071
186717
187398
171195
11404
199202
191132
87916
134658
127870
196212
114485
76667
135763
190397
192622
66707
73575
160284
126474
134206
132320
163660
184786
97387
197019
169618
55519
196809
168019
89372
191572
196774
151646
190264
118110
177213
156868
60815
167516
199928
144461
176309
66321
198866
169385
195360
199742
197049
71097
169782
175559
181553
139004
57594
89842
179671
63060
134247
115458
150280
163610
152668
155888
119910
140967
192096
174209
166636
99094
114557
174232
199548
188412
184235
119531
186752
152300
134533
170340
172316
111796
142759
163295
185383
194362
182587
156169
189688
177326
179010
193380
188265
109495
146376
198876
106383
191754
155228
186876
199794
77577
195408
199373
194619
168553
158344
167701
99126
166636
188482
194373
185519
179241
110447
142207
182151
155552
163172
108262
159250
184701
184435
172167
190358
192163
75218
131389
193885
151274
38650
148576
150691
176173
178797
189151
193407
87219
32749
188420
181013
106961
129094
132231
72683
152711
174480
148420
119720
192342
173017
112369
159753
136541
145797
162864
171233
91390
149580
191702
194883
110796
186518
182385
181050
145167
131729
186808
159795
188960
24856
109163
73486
187857
199340
31752
168768
182186
65508
118384
137102
176849
174822
163859
158241
142955
98937
73085
169896
171936
196564
154934
21236
181678
175709
98397
194394
146214
191276
196655
72108
80134
188984
195257
169860
173114
53304
101053
107125
198782
180007
197413
168613
107760
142016
150140
164957
188812
128016
152045
51871
198981
37944
43569
194049
45807
84671
61668
80922
153771
61108
179825
172814
151295
86813
168483
151222
179032
189596
159270
175178
192659
24030
192629
179758
190580
168545
166906
192400
170060
175665
147799
197612
122453
134957
190510
92896
42536
194698
137171
43753
186802
146045
68874
190836
78475
195830
193615
125573
173757
126283
87886
124169
126922
185375
177776
199641
91540
197543
145072
160948
172539
121758
197843
148399
79123
190214
172898
176411
104109
175176
178869
199415
161018
194533
92375
150236
146718
145645
66511
197570
196424
89270
157268
95358
90814
195747
111956
150527
161293
139070
156070
65955
161612
191934
183279
162069
154319
160973
58932
142150
94668
77096
198262
147554
133673
71741
109343
182719
57202
167902
174718
192112
198914
176830
134920
136861
92416
69902
79657
150049
115438
29650
152915
178244
169642
182631
177004
130941
55117
176443
105227
135766
193292
185628
168683
197760
67509
197554
62330
130713
157933
126522
72022
185900
194811
132228
163083
155038
174639
108177
173497
131071
142207
195650
150329
176323
124013
196758
199683
120135
43353
94370
105476
22414
79432
95494
23019
175549
195254
159697
135291
185104
41072
149274
199950
126311
101875
158358
170135
185040
45597
165475
119851
134676
176733
185511
124526
150341
95630
193358
151947
131521
163023
101027
130322
120972
154547
199909
191477
198938
91192
188649
150183
193350
198101
161564
33391
191682
72578
174534
141914
190650
173440
168971
107142
154847
189779
142410
161842
196558
104076
156500
193747
197888
196590
148549
172509
143440
175210
187602
182127
117514
188154
194313
96615
75337
181975
105867
169642
190673
172042
83833
107643
195196
124261
187931
199361
146841
197030
191931
193980
111382
110936
79107
180732
189841
197377
130757
198685
177387
196071
131930
94686
176697
115934
100559
30242
178020
198669
107425
118447
88638
104817
198842
165794
176878
122784
92428
170473
82080
96650
189991
40419
121308
169394
95541
148102
156228
184114
182691
52287
188265
183656
189861
103008
115041
113463
191502
84016
197823
131699
31917
167989
179821
190177
188628
189750
86399
161089
79311
73298
29449
149261
98760
186574
193211
193583
182094
138309
156271
184215
153063
140954
197184
116386
128684
49333
198672
108698
176455
174994
197166
165437
184165
147895
139687
184888
178732
148286
189711
136461
159611
38035
157338
176635
196461
185396
138396
162986
189449
101732
124894
134464
132886
155477
88978
72327
114482
64695
120979
150239
175314
131563
28209
166908
192781
195973
85133
175969
51974
59872
112829
70782
142669
135965
87467
178449
199475
97946
195122
182487
128199
166869
187685
121053
149419
96623
150705
183489
135304
172335
157554
77852
198569
196097
139920
62931
185898
131561
102804
189468
176697
159515
174795
89940
114276
178931
143661
195946
139854
188425
185087
191044
195439
150614
195511
147350
28732
86457
196286
188976
115862
109050
108215
191999
165091
103184
168352
170140
149975
186116
194060
172360
197614
128014
177699
102819
199777
107273
103484
193089
163149
192087
175111
186052
187174
17940
175474
194574
189679
171114
171584
183466
155014
134568
150014
175297
53755
194267
153160
96415
192104
158706
126698
188273
150249
32640
39429
192686
173844
149020
188363
168644
199281
138657
3581
144105
183043
114439
183499
192712
130838
134984
163177
50862
171818
159981
88694
34371
179322
161146
129745
198895
150311
67810
181247
173795
190170
182028
67462
198810
125089
184354
179456
126908
163451
177542
150292
197439
199905
140536
198345
188637
171945
196611
161400
171703
107548
171108
89527
173221
151361
141781
113178
196558
69898
130838
188847
176294
160783
138420
196059
195760
156254
155912
54692
165709
145875
46992
192216
138013
103556
108077
161221
126645
198445
193716
197248
39127
181470
101053
169663
112268
198984
113933
157544
161711
121334
146961
191866
141382
127597
178572
199957
83845
197880
167711
126189
197267
92716
89576
69289
121418
170064
150616
23737
162591
199636
74909
181122
155450
196764
197444
135988
149478
181062
193311
87500
61766
199479
157775
196727
147715
183669
173024
199808
148089
181899
99495
54522
92867
181137
129923
180152
92135
187274
137945
184085
170790
193966
144118
195793
187454
158616
193806
166579
140932
128656
190041
155234
192629
197514
193038
103838
123649
185491
133336
184235
146388
199650
47375
101976
199831
123850
97212
179898
189844
123867
84967
191235
127333
169262
151494
151126
94695
149726
173494
154728
191701
172987
191170
156090
70706
34361
184488
108563
193936
196536
151834
183746
193062
55782
191228
165076
172271
132913
125636
189754
170839
152366
161846
196608
198213
144376
180722
105103
175592
177465
190457
190808
164772
199829
188835
109948
119781
197855
61694
195326
199366
195430
65612
138476
197532
142402
198841
161898
186929
192355
125709
177338
192578
136908
163986
186623
159046
102447
151592
159181
67851
39222
199864
131928
81934
151341
157617
120235
181252
199100
159116
193744
167815
187577
130741
151949
168340
174062
96635
173910
156713
57882
165542
124130
90163
185625
174205
199907
76028
139139
163185
169525
133080
164132
184121
183411
194237
55199
130262
174243
193738
114938
42665
101758
168539
199397
168601
195550
160944
188249
184477
115757
184367
114107
175067
139386
174703
106840
189769
165359
128413
169627
141014
78577
195959
167266
159883
141954
144846
179073
112657
137193
142179
123611
192060
192667
183962
177115
45744
108030
149564
164491
173750
169979
99396
127976
120810
179570
115121
162434
98405
154621
143050
194550
184624
172773
177678
150409
172902
124820
144205
179083
121865
141483
105407
128360
193977
155653
40649
172527
184693
140301
197110
120092
102091
190402
154391
71329
102488
198535
149426
64542
171277
181374
195601
123479
100631
188129
93617
152028
85463
135575
131557
168855
128671
124281
108910
81188
190716
184519
177019
139756
165495
178595
199991
191295
141843
199052
199547
147744
154675
179275
188821
177527
177254
171565
196418
156196
181131
152163
189439
172245
172752
170846
198628
199344
85449
185953
131438
190408
138618
120891
177992
139939
167660
190629
153495
69952
176506
194718
184940
93513
166760
154724
175438
199275
193744
195853
114315
161119
79113
58643
179978
198459
104976
180222
193868
22986
193228
199199
105693
193789
15022
166641
128689
176700
150793
162209
182998
198866
174984
177152
173998
180476
196881
127416
138800
132549
181090
23600
193334
56581
97936
119810
147558
51239
166901
69383
184367
159844
137971
97296
177787
190114
179874
194403
183393
188246
120357
187970
153116
139955
60535
40130
86324
167473
186556
136747
109797
157920
82012
193455
198370
150554
178556
94967
189211
154896
153680
196626
179089
192305
178646
56472
198734
198501
176221
165109
92758
102936
105872
199394
152826
87767
199172
53300
131060
185962
60541
53395
55464
188273
50955
61404
199139
182683
127718
117080
113082
199337
136038
186600
107461
189246
108776
118591
175135
18580
187855
171200
194000
149455
78566
177979
127942
117474
122611
179776
175092
162984
188121
133157
198683
196388
163133
165446
178597
138823
157246
137882
169321
112807
76098
50987
172337
117257
43457
96944
143773
196906
176548
193503
130328
164896
106423
194090
31832
182893
195753
58138
195878
61692
158123
166063
102992
153367
177524
196570
189031
188525
199816
65249
199847
137686
178911
145195
72908
23716
195928
159103
196307
92168
130861
50467
154617
110680
131312
96561
162076
188842
194284
165131
197768
126080
195318
187056
151169
169576
177154
177038
198827
175046
164020
74865
142756
192212
142733
184992
195593
171818
160105
142320
124594
170817
188642
88377
90632
110652
149620
190712
84872
87471
120765
133934
97046
118105
192854
20231
172161
195161
126725
176238
193507
189806
190018
108440
198842
185537
26437
85303
94674
156509
90576
188560
123991
162108
117473
127444
199634
166471
171152
117191
47981
42646
166156
160646
111855
141071
49034
153068
181029
186688
177193
166587
145445
197823
132957
172250
128159
149796
101767
182307
91509
199606
181918
193655
103421
131712
107122
157777
136571
144635
138883
173864
167498
185916
196484
89701
185681
185785
52597
100470
189377
82265
120270
113351
156119
111166
170411
184339
198763
149150
25737
125884
187972
188038
31811
145526
172730
136294
193545
188546
199283
191075
113992
89409
182231
189730
142447
185814
160603
91103
156261
169321
73523
192577
112488
194705
133225
140027
194351
96786
112396
169565
193445
117688
193648
46572
188296
179079
192988
70179
176564
198772
53986
185486
172263
86045
190811
110767
191555
183144
182510
145278
164896
114984
186222
199403
168644
154862
137773
196789
166730
196930
170343
70365
194113
199905
193244
199027
194478
142313
176469
111699
121578
76596
199231
138819
194560
153220
198844
194909
177648
199362
185188
194007
142218
162056
185206
186287
42106
183487
181852
170544
194655
121836
54950
83790
192378
191168
98709
173032
132110
199816
163783
164516
194055
153473
193489
185549
192884
191617
190257
83326
183464
187798
174666
181398
185665
122388
182826
170073
111284
160886
176474
192884
195085
84789
169774
93113
103284
71582
139456
192355
120383
190144
191558
154196
79722
181356
147088
141364
163000
105716
45137
194750
27160
187548
192156
89209
32036
50721
172074
138922
188495
196025
163609
162246
184660
177833
195468
172805
174972
169147
171892
199652
141681
187558
141959
197914
177941
162148
193728
199202
141968
125356
179146
151026
178883
134984
181406
197184
58938
159619
130431
187017
86186
86281
62697
129417
126052
121863
70122
199734
126655
197746
103878
184869
170189
183965
174299
175490
198129
185742
155645
164346
196832
164298
108889
177402
138893
4670
197727
59024
186493
133211
118366
121312
122823
148066
192566
188363
69380
164285
83060
164444
193361
160352
174227
42881
184009
180183
54654
178382
197620
183401
129351
188912
64661
142812
62785
184519
64426
143890
190827
187062
182675
121784
171945
143768
112810
197456
180809
190184
95680
73816
129159
117976
168786
197584
163863
189764
155552
184061
136808
107813
146268
119126
173655
188610
160089
192106
189726
154833
193942
103316
172563
103438
182090
199273
189609
185068
152948
178126
107670
67672
172360
181183
79082
139531
85072
134193
197894
153959
149339
125345
181325
186439
136057
196624
101482
115592
118248
197773
140141
140635
150743
180020
103889
169230
150164
177295
166306
183716
179481
170880
123473
79059
197008
61133
199732
189092
168380
90789
144743
11866
39820
82113
125238
162433
124650
152772
95153
162412
184937
177484
191610
137481
62814
197265
189847
191925
80273
53329
149138
175806
125654
193977
158069
117873
73147
168340
143648
189188
195619
194284
138010
199479
199921
176509
199492
171301
128895
154664
52418
198261
133003
62768
183975
183459
184106
104450
178762
199792
199901
196847
71107
187950
178804
199650
191883
191288
157216
173470
148206
152112
151274
133960
186358
118598
196916
83668
151508
184839
25684
129728
83927
118042
196032
199553
198974
166109
193825
135523
170492
192879
183039
103148
184587
195189
198768
91932
144316
180451
141600
197590
127395
186381
140177
116042
80395
88869
47668
145191
133454
147865
145529
156817
115903
121960
155777
103387
83227
170308
78341
128157
174558
124790
125096
178535
192971
120322
154413
184004
196679
116795
190607
99233
151323
55103
157392
173450
82791
159175
103100
182318
43955
94856
165653
198057
154436
69099
169494
98479
153752
171137
199652
108574
172528
102467
164696
125322
178118
82883
197883
198288
187967
197908
161788
159568
179242
193653
187301
165275
180003
198162
104218
135712
180625
177579
99894
183723
141075
167266
189396
165963
197698
197682
184249
199886
71569
185211
113555
156032
199797
198007
167089
156989
67724
64118
96610
193686
170518
175203
92572
190899
188127
123588
108434
46177
168143
177722
194131
9471
188183
158716
192066
102244
173925
149786
123952
153431
179316
177369
43224
101723
154311
183721
199819
197287
159899
135432
23664
128908
180217
130722
172402
166105
195574
190316
156684
80644
45021
156778
197796
97683
147580
181007
160217
177376
182592
92992
123094
191304
179681
56063
197210
145812
151938
152641
84608
187385
179006
197405
140005
104891
116458
80206
198009
114683
189878
98725
144655
147396
125894
189513
151645
190244
140375
188564
89769
103931
148790
193207
152788
161155
178069
163970
135400
197597
139769
66842
193268
197712
149618
189801
129245
108809
171635
171862
189141
171393
191745
190041
168355
94212
195130
168367
188616
91601
158842
82100
125634
123780
95341
136324
99143
134500
197652
157450
180899
170849
162331
169538
199781
139755
163901
47517
75233
196845
136222
105937
181850
160125
162697
189864
197883
170862
173871
144614
198114
185785
143558
116491
196653
184431
101353
191099
170182
192624
85760
164277
192376
180464
188130
197294
174494
166009
128513
198998
199172
161505
198043
107792
169818
126395
120911
176149
113634
98721
178309
168848
175549
164572
121358
70172
70369
187409
119673
187522
151407
176124
141190
151232
140935
133959
193135
149936
114379
131751
198688
188771
174805
191742
162107
170679
168357
151156
168695
184687
194404
154754
167670
194084
107054
191166
198724
194960
150986
120152
129880
162639
195753
70901
58720
123542
190699
77176
108978
179662
182914
179009
193465
140083
16991
92733
164498
167488
164881
129093
24327
142628
190854
192435
116219
153286
185662
192488
174211
151199
162003
37016
178646
160845
150172
182489
197095
136904
198741
156551
102065
95995
158140
95418
165545
188162
110691
186776
168027
110910
120887
120768
86391
115564
186339
77083
146912
185029
182401
174907
165478
186903
199873
107901
169824
134637
167493
147653
197344
194196
178654
189938
124375
191437
156992
197527
192390
183862
92600
188081
188404
107198
181625
160488
159491
146086
138896
180936
198487
145443
130504
78726
191829
192360
186911
192355
170447
186844
166599
197757
178057
191119
158295
122959
98628
195235
194602
128146
168004
176672
177478
96727
182476
103970
35933
95887
158427
175175
21701
141678
132513
157941
186623
171951
178992
101398
197711
86117
186587
163673
156570
134464
184915
191614
155115
190942
186573
181156
53017
125813
144188
195530
75995
84565
92957
154596
190838
149225
103463
72548
126133
183723
196115
173208
136181
198376
173144
193277
139146
162956
128565
191213
199521
184831
80051
97100
150164
182129
159313
70349
172566
152068
92723
103113
124054
87349
88521
157543
137559
156431
194745
198345
161400
186529
194669
183453
86929
177518
175172
56099
196316
185544
157420
166700
158078
185871
34968
197614
189728
119170
157950
194877
173218
107480
184121
110844
127257
139471
144640
190153
145024
165570
195203
61716
188308
123080
199050
172854
168330
98475
108991
197112
42235
83937
132739
168185
195833
108527
186341
185890
185675
199337
94374
199202
72999
120275
161825
89532
47842
180003
195593
30829
167792
116615
182707
199999
198222
188835
146463
130658
57433
135251
195302
53979
144536
136084
118644
75278
21659
160603
189317
190629
97293
178737
99491
198090
181074
175630
171017
140884
178773
189015
197917
54165
63662
182067
199759
181972
194409
112770
125246
126992
193147
196659
182596
180367
136094
167202
180676
169078
134087
151566
174097
199945
187712
111331
163512
10743
186872
137915
197255
160307
157062
147853
73503
188179
135355
103950
187691
193248
144640
199762
179559
117211
183587
172882
146736
151772
148848
159945
112231
169363
194692
168493
134957
141565
199984
194982
164293
74926
180809
181797
129519
191866
133052
181127
187513
183662
197636
180750
145654
184991
198715
195285
198537
112906
157328
176989
195174
136950
165038
194077
194735
192066
81878
169291
20489
194557
147815
116165
137952
170205
194243
187417
124984
182609
116379
129318
133553
121569
180750
156312
182715
182619
189688
143170
183134
57230
197876
112242
126959
166686
176156
151549
121434
199510
183610
141618
62779
187817
180558
79241
125607
161549
196965
119568
78281
189646
192835
175070
177830
68142
196650
62086
199304
193971
71749
184565
189400
77759
186988
198865
183327
47018
151138
62523
49535
196196
190674
114148
198802
176830
178869
156672
198815
134749
160082
196171
154884
39271
177265
139139
195783
199261
165538
156857
174425
78840
198077
124981
157054
182820
189076
105479
198108
119232
177366
163578
185716
103780
100379
157036
199587
180935
192535
156484
184275
144090
104512
173075
117741
168419
153987
136789
141593
198102
120812
46524
130174
180822
190327
190911
109839
153445
141775
171139
150028
130895
194267
197565
185212
199446
108385
24253
60167
184505
189146
181746
192884
187461
183513
182802
166095
64156
171545
196126
165288
66837
120119
160026
100399
178394
111361
193530
38882
152286
192533
192520
134597
192998
171781
153542
106411
181338
88457
175019
198176
171898
156282
89365
187586
154212
111425
193013
170771
102645
194862
149624
131282
116632
96374
155293
163876
73153
152167
198919
169782
183921
199669
73853
188630
144698
191538
137741
120832
188092
185973
169385
179427
196346
199791
158582
177092
61207
174321
173956
197116
168891
194202
196418
56262
88901
189452
186860
143520
193115
179444
101771
132822
189141
163963
177618
194386
193913
153961
195777
181653
195343
187644
98765
108697
170982
181277
183752
162672
167890
108726
145964
176741
188881
174209
175163
158810
148944
72057
150544
192156
65279
116336
155116
198280
117721
194515
111715
146229
166326
141206
184740
132588
173166
120939
157975
156821
131901
2872
117204
137566
65823
194173
192847
199202
166525
180592
154793
175947
70215
92183
156741
163980
120486
196959
139743
77596
125798
111874
51080
107603
155242
172146
192606
158418
170349
157981
149014
62918
169863
49564
199397
144072
140338
187999
164236
152306
182785
196386
61028
169622
141442
196839
191666
193928
192465
149233
116976
167227
77879
133448
88895
131906
105274
72488
196095
54676
185967
133849
174080
196276
140084
108140
148305
192660
115297
191993
96666
115614
190089
179809
58952
74836
176232
188143
120749
196916
183926
198805
52465
189084
199829
162678
192102
174129
181988
49004
199521
26415
164580
181402
168283
156920
171713
62828
70177
119329
147124
175609
180426
163618
154693
175969
71685
147307
162837
62666
186296
193490
162341
140813
125170
92210
183423
180204
177850
160796
114507
162440
143153
164140
178406
78038
192390
70171
85544
180370
152099
197986
172073
160815
197520
185260
134937
198462
197604
177278
180240
196065
189554
149034
114264
167384
149607
151151
103007
165085
140961
161842
171188
135394
191149
180446
116975
168085
119610
157226
149071
71464
163801
197551
190774
77718
196588
137172
63830
149698
128752
93230
191758
106501
131227
197405
153690
195673
155302
188427
176231
126979
167232
137295
192590
172056
199992
161415
130682
189700
169124
169607
168976
121040
177366
137636
122751
163526
140790
32203
180921
184525
186446
186505
198729
185512
148081
112273
191121
199574
188091
192869
167965
194676
192256
190615
159652
188455
81665
167108
179671
188719
107317
72227
140970
100927
194698
163288
187787
193393
194495
160442
172124
97109
185773
41377
161606
149870
103712
170365
70697
157148
144039
196491
184106
183144
183242
191286
177694
189317
163451
162981
7019
150984
66133
190378
130351
199122
159515
166515
164456
157262
116293
185058
194526
153445
157681
130885
178784
197037
116154
148543
194633
125555
127264
150319
183711
197584
198938
159670
113859
132592
50877
180460
153038
62388
199878
126277
191189
111894
180697
152414
174953
24336
59793
151596
180255
186730
154440
66270
120676
72574
112372
152872
166588
129575
194165
179656
39459
192313
141826
192887
175341
194476
179626
54467
137004
109170
75430
185929
42092
165995
10433
192058
189984
171256
183527
163037
120186
199321
65080
133178
198951
156598
133656
192928
194851
175613
81627
183255
139414
150542
172859
168232
195880
189324
169750
191774
193864
182044
168812
185108
178348
199023
195872
149658
33242
176648
198751
112453
154035
186210
149471
185631
121340
142233
190530
139663
184656
172032
59518
180105
177384
158565
197563
199683
159499
183933
184935
92899
194213
105699
183379
155438
140489
198924
77791
199725
151577
165736
173017
161564
180363
97883
153199
189004
169227
168382
145283
116834
161396
177004
189443
187778
185742
171638
169311
92875
118245
194761
118430
188557
188378
125613
165749
175329
195641
199773
197050
89006
167433
108780
153716
78535
99033
191752
97843
170651
164960
194448
199377
182024
188599
196067
178932
186061
129370
108491
154993
147656
22146
165191
133549
183698
79135
173683
117271
109166
125268
83717
171030
178404
135179
107823
54221
92354
131213
192873
186013
176397
85598
184999
194989
198088
156428
196659
109497
186913
85795
171890
141942
131926
103704
172276
157273
63464
199324
197563
164233
179104
172885
167266
178242
166528
126479
87264
181141
76717
129985
170122
98352
186629
181871
124092
113673
153761
173754
138479
169276
184910
164931
123613
163561
165256
175006
199359
179373
162411
124961
197583
178754
118561
170218
136560
189556
164597
165152
198040
106511
193507
118720
146179
154264
181877
188254
174138
183167
189252
33019
196369
139636
170723
132373
103923
159390
88344
179131
119098
129686
183158
116893
94429
115711
131611
188776
185961
186279
156241
83668
96275
199503
188000
138562
196370
178472
174557
187350
100436
124984
109152
174453
147642
193962
164310
66342
190626
171086
99239
77052
91319
76103
136857
199897
152123
159603
148998
167541
179371
161924
182422
56865
186076
84809
192015
98870
159016
89897
73961
179783
197866
160635
173494
113380
97728
191204
193299
190803
154781
192258
191708
143861
164162
190896
137399
136845
177096
197906
152651
153051
113343
66761
163963
163255
172225
155861
124120
63667
172583
192562
107166
93505
133931
146003
165139
196949
166986
192749
191530
195780
192171
139722
69411
100818
173333
126883
167062
170008
65315
170154
140150
183527
46712
107189
195473
107242
197952
159537
179035
21249
143638
61171
114869
16505
129114
114691
102863
126781
181925
197805
187124
149400
182537
123714
67365
99015
150410
185834
174265
198165
198428
192718
170615
135067
185543
180776
192211
180480
195318
171847
153295
197592
131468
173706
198345
92620
63075
179622
50442
151219
131191
168267
129533
73786
139227
180496
104909
119109
112995
185303
144024
170518
77591
176815
68988
199218
60854
199283
152551
196692
34299
175801
162614
68589
171615
156940
163430
159126
192963
167832
101526
192753
55332
164534
143763
177480
179890
195100
130374
47916
146391
187314
195997
198185
84144
171069
42594
138061
41802
100876
118175
84210
197265
92176
168822
179066
159600
146933
171132
101004
170495
184909
173761
81820
172550
102234
167735
95721
186140
159323
146606
139940
99114
164288
198007
134124
178745
195339
56252
199771
156292
192191
108094
191111
78796
35008
8979
199921
193195
184444
150944
140611
134688
159740
113501
190129
51919
129528
169756
196842
174691
58041
167111
188404
158386
180801
76769
121021
75986
199211
119685
49764
185601
193158
84450
176057
197341
167941
184589
127769
118678
198675
113649
183509
72553
177014
95479
148479
197766
155963
197838
132033
190747
181354
150544
199081
190714
173873
187136
157280
180987
197096
178958
101209
100800
196352
179493
83611
175754
117140
87734
23175
151541
193651
177490
180164
199314
191540
195650
148961
155399
72424
60505
180383
66880
172175
131597
178432
112166
151243
158937
149511
76609
126158
144681
196584
134771
176994
61654
156119
184452
156035
125823
183640
155058
199852
185182
169968
185986
157246
98534
169385
190724
145272
73173
176724
114982
163636
188791
198688
19141
142157
27163
163181
199223
138073
185108
145465
103286
198690
184862
178283
183579
188308
72305
185730
183959
183303
153936
199007
164373
60085
173169
192784
170832
193029
159690
53777
182262
183324
62295
170189
168702
183487
172051
170771
186573
190636
177216
144658
192378
55789
95541
155783
189297
142602
198021
131909
128043
146157
196923
85398
140914
195512
143557
87532
170814
176632
179864
170518
144383
191373
196169
129016
96591
33143
191850
186564
92095
144974
197757
124062
181675
196312
108056
161119
126670
153785
190560
195132
190006
101307
137250
164826
104986
189209
143550
160266
195754
149705
89512
150366
162486
102962
193294
197945
45075
182522
147144
194398
186449
177110
89781
159652
182076
182507
196940
104328
178477
168415
145445
140304
118805
196400
123025
129613
171902
88190
197016
174728
94423
183164
75648
175146
198122
182485
148486
198168
199594
89394
112508
119100
63705
125817
194499
135794
192271
156804
121508
75138
160020
187507
81266
193079
66773
168631
83348
138534
183709
172533
154344
186600
100607
183248
130803
199016
102761
198070
74072
189563
173862
125677
47491
189323
139046
104392
173402
177415
197168
190909
142772
149594
196438
127540
154019
191993
178279
195932
66175
154004
152798
176855
114457
166113
70627
137376
195634
196179
163083
177701
179728
107634
199275
161011
193062
163473
146246
198187
93998
153027
179604
165826
182594
122033
194655
139011
168471
162628
175049
26793
180816
86777
134317
66179
93552
129343
152452
187134
156991
167393
166703
80985
179288
88274
186729
146251
174138
181077
116404
16575
173657
113443
178172
180257
173742
74986
104671
141858
198772
196202
173909
105785
165329
171568
149943
137130
180412
152506
197156
161075
147769
188000
195559
58243
194017
179444
128034
108038
78173
106585
196636
159183
33433
123267
179967
195859
184408
196980
198230
112251
148782
86661
190764
45608
134115
195413
180316
181650
158557
189368
152757
87282
51051
170227
78914
198219
145729
195607
125299
160485
190039
152282
83214
161641
167230
109780
115121
145259
129789
134389
140543
139843
79969
146491
95555
127969
120405
196173
124453
172922
187116
63413
145764
153351
162134
151933
196479
197456
47066
169684
123212
110775
174257
177324
180110
178754
171100
186855
162284
196475
65651
125100
176979
159763
164942
21627
193368
197978
186315
163965
194215
135966
134919
101541
173686
163990
175327
83091
151521
181020
122923
197068
163811
160401
156782
199901
81191
67819
154019
169632
188837
123942
156428
137499
187249
177139
193083
183818
100409
172426
184956
106507
174720
110431
165975
125024
164716
89095
44657
199911
69524
137730
150264
114593
136197
77120
63248
127176
169833
191383
146777
142149
180750
115617
128606
34811
180344
120486
160551
96515
184535
176166
137933
144210
174536
140235
198764
185575
127437
105761
141885
144725
187241
110176
182801
168014
184613
173509
135273
191265
177415
199936
173204
197391
143453
65392
175013
186006
193615
148592
89957
121450
111580
140377
193507
199869
138661
66426
159012
160558
195665
177806
152604
134672
188440
157524
106988
28069
97751
144582
58221
190173
138674
160787
191721
75622
180236
70680
91879
101656
166034
199946
157912
199049
96425
151782
122046
173175
109364
169138
158603
151651
173967
193615
187829
191499
159491
139361
53361
80556
142914
71808
156241
122213
98728
190005
115324
175437
188452
9483
158016
133808
174322
107924
197131
141628
154101
196161
183856
141308
154879
161846
108626
37867
147218
159924
128884
160886
175903
124712
66923
121299
198239
121976
135298
121892
135015
199269
174824
148724
141810
187592
77938
150357
158785
65983
183844
179395
199756
150810
188029
147001
112830
166745
195154
186632
98422
46421
156442
184045
131555
171806
198188
86798
105125
169818
143904
130184
170086
50881
195430
164469
174015
199953
185726
195546
141277
139379
189669
80101
142842
118897
198807
193992
135998
80098
182538
62016
82873
186104
112165
111527
155052
37114
183603
99247
182920
72068
79837
141290
166473
119238
56741
152516
186860
197052
169979
150601
169957
136399
176495
169427
122531
149402
132343
165417
138395
190277
172938
57447
191041
177809
183408
63308
174561
155995
189661
144714
187734
39531
140210
190743
162762
88229
108108
172135
156713
154167
175623
191872
183656
150053
157592
191199
124062
195561
162694
138392
185062
139341
164924
149014
113499
64466
68100
178571
138833
187697
178895
137999
187075
199441
161636
129334
68925
142430
170705
78506
18055
190566
164361
199773
167567
190572
157347
173685
189994
127501
132376
197989
192369
149399
68022
196095
122566
143453
184765
96217
162003
161686
159443
33619
110601
131899
199177
102992
154877
91297
145386
105944
192295
166774
35253
73824
195118
139207
199911
146481
195823
199543
199854
120410
189117
92796
192352
46048
198926
193761
195167
197316
134854
176517
108315
193945
174227
159737
150378
30760
198871
100814
198946
192721
197320
140546
178935
75631
177172
91413
126369
187833
157698
143332
195250
147689
169004
158281
120209
170484
79868
171132
179379
106411
119892
139423
89410
121173
191155
134127
58662
126214
189206
167792
139417
181592
121725
151488
131919
181956
199139
199236
118002
182715
126224
145770
199269
177760
199894
185372
124219
195323
199252
154722
160813
198062
186583
125604
93497
60247
115783
183235
168597
193171
199046
179239
198825
171487
191584
174089
103304
189132
176107
164650
159652
187323
199963
180222
21513
121290
100048
189888
145047
176253
77357
194572
187284
186904
196137
34358
106292
160291
197375
199231
199647
159989
103966
187644
96775
180467
135595
160899
118702
162567
76244
185153
157573
189205
171781
191383
128754
100842
187824
116382
143708
155116
141707
197437
84195
59925
111742
197016
143334
197302
75024
163029
178277
157772
172108
93575
109057
184035
160985
109562
85694
194558
186076
165418
134980
92902
131028
114940
199686
177976
197304
104761
189554
142621
97227
168478
151311
198402
176868
194157
142432
184050
87253
145072
10801
182785
79306
85774
151992
76783
182176
154065
58578
179386
84892
185821
124250
163898
189669
145295
135951
90953
169560
168807
168503
198134
186584
175399
178665
68148
172927
183938
145785
191681
114675
152825
198889
178829
161740
191899
111225
154432
160892
196884
52333
168722
193949
185177
192333
187417
108343
172965
135701
90559
50619
43738
148060
105801
190553
97873
103028
123328
147801
158254
139065
175575
193589
166266
165559
152574
183222
91401
180036
108089
198581
173763
185309
76505
169008
197724
105862
149709
157054
99650
31619
172208
41439
119574
166766
126500
176225
50972
79184
61049
71018
115009
126460
193383
182374
177577
125446
167786
129539
195619
152441
196020
188550
197033
139812
74414
109269
115612
194063
131413
120278
146845
130016
184559
154148
183986
122436
146438
178047
199060
196169
171114
165524
165437
144907
181212
186754
183688
159634
146491
170243
148271
184547
195992
179999
130541
188795
118099
143112
138859
80329
160184
25397
129417
128057
171684
169315
176957
97238
97118
76693
165361
153779
42836
161148
143215
187578
124174
151385
181290
184137
193545
182387
101592
95262
166966
174408
188960
199954
2795
119579
197880
152974
190214
188792
121632
199159
136679
126104
185121
143346
128827
173711
198031
68520
151830
136843
195771
198459
140871
189257
186020
136651
197809
160871
150070
140065
155111
73751
199457
118400
154237
124403
161519
126903
170897
195883
51278
189612
151564
72838
160314
190670
180355
176588
57484
112995
170823
91140
76077
179182
180657
195239
150428
191572
81489
142342
133327
95810
146915
91877
148325
173681
193759
199571
123518
159248
158040
157092
137524
198370
35402
19702
177523
102959
156860
183393
111297
198943
108637
95543
158806
124850
170831
97821
185703
106058
121682
199245
116814
132102
83996
189841
148957
54458
146559
117237
138834
192092
195058
125827
27241
95494
161769
130905
179758
96668
132980
192021
193010
181273
179593
30332
140621
185818
199673
180328
199157
171635
193888
183402
44420
160205
144704
170634
126558
178047
191460
164747
193978
178047
139462
177686
94186
158157
190333
162076
146482
169871
131201
188978
189170
181125
158689
113770
121135
191650
147718
63896
195503
153962
150713
115797
191150
191093
135217
130916
144812
154937
194309
175249
130427
179192
126659
106978
191547
32776
32894
151255
190946
173846
149001
86774
195780
184169
98174
181774
142876
173233
199961
197648
137228
155567
135715
183381
118141
143236
112026
176244
157246
99965
156079
127113
179222
151429
166925
193887
120164
173783
182052
178092
152385
37292
197073
83277
199550
109263
190191
60174
168709
137681
149677
126435
191650
186569
155759
113689
156847
80696
184112
191937
187530
185350
175428
179519
156933
165612
144901
21339
190520
89639
199037
170953
147286
199899
195388
161675
166852
115371
197339
153967
181379
180168
41715
98163
142666
138506
94412
199771
166299
116511
170205
176929
121265
164088
133976
172775
199734
129012
195211
199925
190788
129783
4339
165573
164500
198086
189398
157803
154240
127740
187260
175020
120567
34150
196484
193095
70734
97587
148709
199638
179752
97778
187069
112470
161295
199730
187421
131953
100490
190333
121067
41148
159766
188607
91814
148899
123083
158457
143806
176812
169315
136008
178352
119653
131791
166422
188925
140788
191445
170502
103291
81806
73466
74824
159476
81552
129909
167511
151842
137059
188215
109124
159482
153186
177965
181513
199991
126743
187438
194672
143872
199468
169802
196314
141972
142425
173943
184519
134686
188183
135563
178005
110961
159801
190299
199105
195248
137157
92743
112590
142625
191199
144159
109712
171743
107977
171049
120622
176204
165761
196284
191681
128832
131883
123952
172104
136284
151117
159935
117360
53556
112882
107836
171098
172716
174181
132124
188573
158868
185603
177690
188212
173894
181566
186424
153354
161090
96227
160578
175751
196947
107792
147097
187360
156249
121762
163446
94449
91790
182727
132849
155362
84589
29333
160919
179737
69259
195452
199864
196151
181756
177348
144887
197606
117110
189823
113085
95575
116493
144000
184748
194823
142987
137910
167873
150497
157735
66097
45823
186499
95488
188207
147004
170683
42252
124820
126482
190779
169567
187133
168020
122364
119761
146893
170177
176625
191589
199702
167727
116026
143154
180074
130519
153961
142036
113660
136016
142410
117065
144688
174575
189907
142552
185010
159877
114318
171864
190693
185665
183133
196176
198343
188479
122889
123833
123792
49188
176240
147757
189108
187196
84762
133005
137023
165461
138794
127724
176594
146117
133268
14958
187540
199406
126472
82795
191786
154289
182768
154409
183887
148572
187438
58578
114519
177561
168339
170996
172845
189779
158505
133444
123059
196976
139621
184447
60561
142558
199327
165648
189747
120029
187286
176772
199622
189801
107133
94834
195525
174753
183531
162912
198406
87815
195667
140664
184278
147090
169983
179014
186475
192611
71839
110539
146474
199734
188925
194383
198984
198314
193618
196454
185760
181656
164551
185240
172739
165545
198081
166072
183716
130006
193135
191766
193303
101205
52655
175377
188802
178747
170425
104110
167839
195414
195259
168721
170794
180688
197346
148787
178162
155482
199999
136622
178771
121834
161943
198861
198821
108970
193252
155177
138115
162739
86291
109350
175353
31966
165703
196536
199437
94419
190267
151138
192578
115952
191482
29631
97538
177162
148883
148370
160556
159690
128629
132351
177239
197504
195077
169255
163390
199343
161624
120077
168948
181638
177733
183447
159460
139922
189321
152338
29445
118217
159096
159697
73279
105538
113663
74370
123665
185504
184739
140513
93052
184454
191691
38118
175065
192324
189530
190367
171534
192227
168427
54729
190565
95279
125528
135862
199819
181615
197184
144751
114501
175092
76623
197423
69742
178247
180526
197536
197844
190801
60474
197426
181810
191139
178582
105818
181675
89788
160388
187855
184670
182021
143031
196884
176635
63594
132124
161801
192110
140936
52950
186291
30687
173859
65084
53354
139380
194013
140929
184440
53161
114665
169405
175122
198077
199764
173021
161602
77282
86120
178717
168724
190397
165717
146060
127697
161648
62715
128815
173258
144334
173464
182537
156916
153749
145260
199864
158760
183632
103316
176074
90620
185635
176378
152700
110321
186019
150110
72052
185951
190784
149393
136977
105352
197168
191496
196254
173371
170718
72106
169647
140259
197727
191814
170659
133562
155418
186580
171740
199754
178666
116041
186855
197507
145050
136655
163383
196171
59351
168008
196156
109716
97870
118819
105749
129765
50356
177564
141716
189190
198524
196563
191861
35628
182326
154068
152126
62823
112116
152266
106737
168670
109374
176310
183274
189826
182299
45647
96984
196616
185907
152225
178037
99591
197579
46819
96886
147639
94162
138005
176474
120349
68912
146237
193816
52313
170897
157818
169553
86488
121798
175053
182739
199901
122421
39809
160102
97853
197926
198628
92694
156350
136599
122351
55911
142722
126905
197226
168349
160312
192486
97637
187097
87202
189456
181797
196698
106768
126453
169695
151710
190278
197307
111662
125345
153690
152831
115394
187991
157034
78052
192239
179157
197958
184359
140120
152688
196546
159151
189362
132157
197534
184478
129343
117506
114918
117107
137314
82437
192577
174771
153548
164906
170166
57334
185375
81970
198498
136543
188316
197813
143939
124428
189973
146972
189426
129474
135873
161968
79527
180977
159887
191552
171190
194313
33925
89001
199867
101820
54328
196791
133295
199475
183404
182935
199314
179140
179923
195533
91109
186353
95901
196804
196195
59375
133971
39033
191345
161123
194233
68198
175960
164439
187032
193707
188168
39235
178965
188067
175602
88970
74115
189615
123961
190219
191885
146841
199961
135159
134092
156515
67403
84284
123281
126237
196461
110373
142019
119876
176291
95308
105625
163302
71109
157200
153254
113387
193913
192531
107065
73241
148513
165569
190616
180128
187097
85049
187209
104527
168842
176836
188918
94571
179881
194002
117302
36658
161244
183831
190224
156615
159633
114912
135949
156483
75671
170008
183463
151740
115728
77236
81489
132559
147058
76316
108288
156239
81351
174710
134398
133793
136391
187112
97094
198627
171281
124224
174956
97747
199748
154691
24447
44071
195286
193044
116971
189220
120812
26775
181910
173866
106751
198707
137890
191913
177054
167335
129877
173703
146731
115758
197674
166746
164274
199180
179060
176881
119065
197370
187622
133629
162310
151451
175450
181319
70315
195500
122184
79865
173075
154180
116691
193840
155887
159510
140002
111602
163566
78782
184390
73953
191858
67776
133114
159515
151260
185929
199450
92135
195591
198892
191948
194606
95098
170146
155434
192916
190160
86782
185994
191199
98808
54454
139179
179837
198402
198660
194493
189107
183248
139511
154247
157254
198380
183374
197541
192851
83769
181239
153974
198875
199654
76971
170152
172796
153251
163514
180705
199526
198941
175768
104078
169590
150159
199740
192839
156346
187050
193909
194639
191614
178900
107627
181082
155079
64299
144577
91186
186741
182673
170793
98937
163398
50389
195902
131323
63257
91925
166957
63126
186385
140342
125851
125644
70967
145016
167654
26387
79937
43520
152021
167807
142108
59402
64366
101895
190394
188470
71205
114917
111697
139257
163232
182082
152133
197601
118977
190301
194420
188800
197459
157503
122736
118929
189873
196420
190102
186363
99048
196644
197549
60828
98332
139995
163939
140902
111718
170315
65683
189820
75593
171095
194949
160473
173240
111480
138274
132416
177506
177154
90429
153742
119295
181546
190464
166037
160943
182234
196755
129915
193427
168167
185626
83774
183718
145330
128526
173559
154607
144341
169021
195208
160455
111165
157769
128034
28814
104204
118523
68383
174691
196906
122348
84532
49314
194445
169021
170543
186779
192581
121010
96151
92303
199084
190442
140619
172435
95866
151506
192753
92947
83599
98896
43554
159516
171212
190805
85277
17193
171811
121352
196254
177087
119779
158722
76878
177336
192664
150867
198399
126112
76500
119885
54576
151586
79066
143908
149794
178700
85221
181711
198518
191329
117243
151776
150163
185087
183109
148001
184370
192790
124670
66527
183441
159544
119840
169536
198554
196521
198576
177631
182799
198479
198839
147837
128787
133732
189509
117333
132425
176878
162090
188894
181794
194157
187602
197610
181111
179911
198114
159630
177383
99459
150519
133263
170447
148961
199713
90859
168481
101154
148049
191368
195566
199043
158213
188110
161257
195116
196373
193844
166190
173616
101085
133042
186827
170591
125821
197193
186395
155588
188589
176072
166921
161897
198204
57952
193561
183393
139784
70575
62853
66325
120574
71746
186891
151367
53664
153923
161903
177988
66828
155183
157140
144176
128890
129701
150841
71176
137050
163462
176926
190044
99619
147781
178943
172148
180858
177473
80062
197369
167628
193079
150541
104792
198179
139492
188739
79861
128038
199756
188030
165304
198259
151180
169809
168469
192998
163072
184049
94125
26585
187793
199986
131492
178717
156913
177956
184987
165600
125996
155809
193407
98476
149622
65369
150466
152892
132513
166195
146327
127970
192191
176360
40123
199945
70848
188980
48945
60798
131075
154669
197220
175115
146659
146251
111517
156924
75459
130835
174319
185740
177736
168992
151928
125103
138182
107151
189776
186718
194980
166318
149018
196189
145512
147226
195653
150605
198416
83986
182823
171816
138198
121344
180494
154091
193543
195925
128788
169901
138315
164123
125067
183300
165861
190127
187380
199184
199399
175988
153085
92168
81751
172164
156227
185084
195821
135730
197666
70187
59024
189513
192660
189671
172583
172399
199683
196824
73202
129369
199841
171793
140910
134686
167160
199446
172296
196868
181528
178194
199992
138728
189700
159086
198686
173959
188580
169101
70002
37765
197028
135928
139453
168289
182444
162361
183626
198585
197401
133376
69963
165033
197911
151553
145799
106607
170101
173692
85602
107573
143512
168766
192650
108537
194427
183760
171246
198314
91538
159909
185234
66560
143356
153668
194705
127429
149850
157164
146511
54899
169407
180108
94834
199893
118161
176639
168885
183809
197977
160850
155127
190327
147861
191481
149014
140405
95873
148890
178092
184451
115826
125671
189433
178915
163114
115585
135859
149637
29523
196444
197068
187917
163277
158470
97216
124125
182816
150912
188385
195019
179565
194913
174347
196086
111956
178212
176313
102205
115313
191313
166932
151451
121068
179204
186750
170659
125836
89547
112949
183293
183150
181127
180644
198101
136419
152886
185033
136072
156304
108832
105439
193730
131806
181977
88612
91639
193131
74215
79388
160628
195405
111222
183968
199871
182878
146616
190170
69565
155113
171571
186389
185580
193079
154548
110985
160163
169892
99029
193142
160365
169239
198517
99508
194911
52126
177744
45650
194273
197794
141593
89760
144011
166114
173144
120428
197749
173559
121554
105306
195108
77334
189574
198839
175425
188681
151976
195951
77083
141636
187099
189158
191557
198648
111546
21947
99221
193177
167704
180024
195037
181794
53769
133235
194439
141474
183466
180489
188957
123812
188754
173565
165886
156949
118277
124156
190873
70089
183316
57099
155964
103128
146821
136938
146394
106146
194302
37461
189537
141515
191847
192493
83979
157265
171458
103611
168417
199424
184270
171808
188219
90075
128126
134413
188575
195942
177585
184598
98374
132890
165948
155023
196873
54461
35563
108283
166169
199590
157548
112766
49596
169187
143729
119615
97194
133607
155528
170031
194989
145886
155616
163654
176551
156402
137332
187536
196629
163804
75587
124833
120288
175115
190461
192509
197216
152996
60235
101594
159830
54771
155234
125921
152780
169033
57248
194253
192526
121281
143402
161751
179556
194185
135265
154691
137916
114597
39146
167388
182407
22936
164631
167264
187053
193533
162039
183268
165900
137102
161382
180589
40101
91440
87506
151094
160060
72743
187906
189071
114656
81288
37130
30291
137007
191024
194952
180773
122897
195370
191668
162808
99766
192482
186499
194217
139668
138984
158608
198280
164962
186458
152909
140421
133540
141155
127954
188474
164991
93696
66932
197499
184611
157034
137880
182931
134081
110579
123259
49148
167106
104567
115934
180430
190182
169881
187663
198683
163768
128178
69628
134917
168380
168935
184270
114072
143382
104871
182819
159928
174701
108495
48505
184055
127190
140123
196459
185234
131672
69071
58543
188792
98886
163003
186418
27047
118411
62765
33333
171911
182804
180204
182186
175802
182951
51162
13621
153773
137230
162848
153203
156167
90212
178478
169033
142384
198822
176089
126687
172616
199553
199340
178907
194183
113410
101108
116184
75752
199441
140188
99648
198943
144290
133080
198854
174779
145216
190262
153104
189687
67413
89746
99713
101699
41705
165688
179499
153225
153476
186891
153613
63785
193711
109232
128149
132370
181474
137169
178656
178997
172288
177159
192588
56218
128345
173117
177575
193436
177128
138654
98834
102086
162412
176965
174657
199928
163302
160990
156327
199247
187661
85298
127230
147727
90889
175196
118971
91926
112400
199986
80412
185204
137119
132116
79463
81630
78773
188621
196906
148717
123325
189598
93180
195744
111821
167644
158686
198809
153402
168227
144314
195576
175580
167856
137360
185206
199633
195370
185142
107436
198952
154358
193747
177789
172191
196500
159058
56908
93466
94329
157769
43265
92180
150333
97598
91537
177492
174817
131148
197455
192260
82318
185024
199106
187986
199685
184178
196929
142090
159302
147703
179447
89129
154491
130730
184960
191514
143996
195445
102476
188445
168945
197418
141962
160530
186773
159842
129042
174741
173608
187414
153015
159705
198282
179139
63496
182509
192916
24501
145303
184388
74161
103622
151431
161193
174844
120114
196252
111409
13721
189153
181711
97416
199919
145357
188650
50669
127578
159223
172614
142460
125946
169040
139221
191850
169968
198746
191368
198033
193615
104720
193424
128011
195599
177849
86725
172123
162580
127673
135430
74028
143215
181553
187355
194619
173356
191184
74539
151214
182622
189249
149063
93123
189559
122033
173369
188619
166105
147090
148233
181700
102687
104986
165444
30945
172592
199867
169663
133521
103546
119283
162563
104388
104336
70884
107164
161958
109159
158567
85958
176234
178676
139673
113513
89675
116552
131806
159266
138211
92823
156012
166791
145574
161977
159874
184244
177751
160307
186631
129633
165594
167406
107017
198487
180521
155887
52302
182928
125623
96678
117607
102573
170363
135428
168146
155095
123576
160973
190572
132523
99639
186980
153065
182366
184835
192864
96795
96851
134010
169229
186641
189123
199938
197248
110130
137307
96662
199283
189937
91190
61436
106754
144648
76937
196864
73558
132921
166559
196451
192516
169159
104731
163540
129012
188894
198998
190850
199312
175992
124999
158908
102625
151530
112911
124295
106640
170367
191397
110204
184884
145007
182786
198373
128098
116046
194053
71207
165329
180195
174414
110753
156684
102561
140632
159096
167202
194171
182737
127715
106683
180260
193806
124599
51381
130913
166465
173061
113046
41445
112210
127694
192788
170842
146566
139375
175801
178324
69809
185233
84891
187892
92287
155275
178416
189299
83663
198307
151713
196514
87627
182880
133912
144524
149196
51539
171500
171527
176568
142171
120324
74159
96839
137587
177091
112655
189249
162270
160702
158505
191595
171210
182580
194140
166114
199291
199843
179452
186950
196228
151845
160193
192588
169144
168072
188619
111150
90724
45769
164222
173628
174449
103039
105694
22956
177847
194123
121948
168644
137174
162228
149103
184531
197581
148645
153295
111089
53291
198589
104109
140615
192266
160474
139427
142255
105170
131552
187900
135468
56186
164704
128247
174917
151126
134836
174356
140231
188489
188455
188434
129575
152772
137418
159038
23122
182809
181408
169742
143948
174369
188901
135365
78460
86195
162589
128603
70303
66263
185665
138954
194463
142233
180259
172051
154158
111191
86023
140499
148754
149492
145879
90660
196809
177043
84337
148799
196820
32427
178217
152726
91091
109010
49769
132152
67344
188175
94696
175391
126726
178634
158947
154824
159302
197058
171121
193519
181039
143532
199441
198376
184350
57522
127948
149936
156369
163525
197551
151479
115986
119346
154251
86128
89667
107402
75690
176835
168920
166034
192460
194152
163413
133341
189814
190815
196721
199827
63798
182275
79588
151189
112210
124127
135722
94068
144022
86409
115372
117662
182300
139827
150194
173534
169324
178676
89428
153339
165118
187643
161212
195381
175633
161008
141224
197116
178252
163945
150970
176032
181990
177061
60787
148966
139063
139774
109040
156204
182162
190381
126088
115356
47356
189439
195106
167786
165610
192540
105325
129945
137281
179027
197430
199849
189895
172952
146671
126365
51716
193738
196465
189270
139739
181428
189733
123182
167393
173006
166246
109926
94860
126124
191869
81810
164554
198393
199683
123530
73583
114972
28187
129032
75567
91856
92760
133106
135775
148244
147073
195883
198745
165546
163568
55239
196112
145053
186526
125884
135020
121980
93639
91611
192821
96420
173489
198134
115850
71357
134554
194394
197140
171077
86281
131186
192910
192928
98545
176211
186613
163937
198652
198127
99670
166164
65580
173525
191139
113744
97170
82965
57468
178043
131125
184185
194936
186874
128424
179114
193203
153159
126844
172284
101063
194976
159969
161749
109346
199921
133771
178588
185861
129619
142194
186700
198842
114703
124058
199180
116334
138886
182154
122821
182081
176496
138457
127756
181826
198001
188640
38207
188537
124400
174484
155641
103796
196176
130171
173701
160994
181707
174257
171267
122469
113056
164243
134595
164991
191702
196984
190299
181221
185347
197938
181493
68511
138782
155175
159734
194051
191871
197297
189476
191192
100331
189769
140095
178338
165214
190328
141238
164153
176966
141612
177697
198244
163427
194273
153503
135204
192285
196196
199118
192130
120318
171062
199149
124247
102304
88498
109220
180198
168730
156754
27842
179767
135452
197641
182389
113566
160992
138999
104984
117735
193081
199792
131708
71499
105542
146079
198108
160295
41739
189864
149114
178206
122944
120338
123383
132499
162231
162241
197504
163601
128350
69666
187045
199958
154942
189302
146217
119480
193025
116546
180086
146413
40278
160606
185343
142361
139817
186658
195550
168441
195942
171426
190471
99851
26389
161127
183640
97170
160535
65676
192060
116686
194954
159290
197023
168623
178324
183896
180235
147969
186029
84792
182250
37268
182154
192640
192659
197793
181317
35313
163997
197158
87631
196106
114088
166753
171052
50599
136497
177128
175189
158277
160588
159436
188508
186233
188678
56622
138434
180700
188699
101803
111897
194816
138652
86960
89185
84720
131521
142699
183350
140170
76222
182943
183183
150785
92705
74097
143550
76319
174919
176991
158926
133388
28139
177025
194770
191836
199671
198772
184559
174875
196220
109206
187569
139050
190805
121517
177291
145608
81906
197401
193244
169162
117357
194157
194139
151070
131069
143234
175488
54892
156341
197592
108231
125861
171567
94900
179684
116107
196505
117676
138844
179235
156794
197448
191675
39599
190368
196660
199418
126723
157140
74278
196017
192216
127454
159126
196929
199822
132585
125234
187365
140585
177970
118641
197541
184002
136665
171568
91208
195953
26118
144321
136647
56449
185343
51711
183489
169101
185530
175069
192783
183283
117197
194750
115849
192684
163033
119961
198842
181890
148491
194904
90576
122961
173729
185447
105234
105130
171942
169700
186940
186897
90234
46862
24672
131706
195894
180675
149160
152146
199713
189015
195039
153302
196713
134804
151117
112074
149236
159504
155944
18095
104105
128728
185006
95405
95739
151172
148094
156989
170617
171722
179290
154062
198108
199539
53759
109712
106655
189775
199719
145396
118781
196125
145645
47356
193832
145689
165466
190281
86363
184815
67962
181774
167460
99909
176339
168027
161567
191321
144218
187126
167421
186151
134344
61022
194020
123714
184143
195478
199587
198559
40774
152099
109752
181790
151673
193350
47902
115427
157268
180279
85345
147188
123621
121232
115984
75454
175468
173228
133838
150645
124654
148432
65108
126398
121624
147520
175546
118975
167148
195790
196935
177738
126093
168258
139315
131391
184456
187666
126834
53580
141810
146022
96321
146426
93009
114264
199276
198423
116788
99725
188513
108737
171630
148592
177675
179024
138677
161416
176816
197203
179723
130853
194309
170879
94510
136659
190536
77640
108970
190180
183858
194273
188285
173866
174698
197641
188442
159176
192176
192283
192626
146771
184538
195480
114712
131889
168369
179321
186158
181927
187445
197267
128306
189338
169818
164982
153932
195012
158315
86937
159423
175433
198718
119214
188340
172825
28073
199500
160109
138014
188889
70542
178442
166717
135817
154458
169499
168375
29921
172219
171980
137083
167737
198494
183106
113620
185350
166682
181712
145346
199015
181052
186664
174261
129873
49330
149794
149715
156252
194558
155193
168388
76044
64193
180506
98135
197116
192522
79541
157695
195829
110826
190285
149383
198247
149671
182081
170005
187027
73602
167423
163267
130999
195650
157020
124706
192028
94780
127111
182740
106981
186862
105481
139043
143723
99363
102726
79725
149252
111119
86320
192836
199717
183815
190427
167999
192423
99187
147915
174269
103801
105796
138145
45964
190593
174129
194341
187422
145758
199622
126960
188024
195741
187334
190964
185755
146015
152516
187727
135715
127480
136510
185984
198253
147474
186199
91961
180428
151582
124999
191241
76458
91505
75513
22924
34351
157650
98428
172510
133986
193014
142609
198101
113650
104187
194100
150814
119434
34313
93947
77081
157243
189841
191677
174503
167541
147405
86657
149737
175677
195004
189104
150664
197078
144061
119249
51560
91370
157622
126381
199984
111427
198062
178144
196703
140845
134195
175459
193307
176249
147242
93484
32916
181929
187747
121622
38684
105769
171269
193331
166751
111057
154530
62634
135883
81257
198921
83766
135049
109718
97523
123872
154292
107797
188881
143932
153680
124079
122390
162154
199167
102486
114126
141145
189326
102932
188630
137937
113946
181784
112564
166936
195335
92750
152416
107494
182710
134696
105168
102840
63338
199873
69013
147954
140626
131337
162579
198617
158057
68420
181267
190803
194694
188129
189385
172871
74937
103247
139990
135125
86238
154111
122619
121704
173628
191927
51575
145839
170220
198389
32329
188944
149822
194881
72205
172712
176708
137639
196667
123148
182222
185005
142607
105481
198165
189697
143154
102645
154032
196836
190455
195022
199819
164640
192045
185661
159236
137184
136446
91585
153578
177654
188980
68024
182653
96855
198348
199569
112494
127875
77014
197134
103853
90212
172428
182413
199800
195750
120887
166567
119279
7941
175512
116073
196284
185348
65369
181584
199686
152703
109856
115133
143496
134314
199759
139703
195907
151804
113026
181840
108444
176496
160429
126070
170117
161845
126891
30947
154535
199867
164853
192128
179946
142079
126385
31267
106336
120974
149786
149042
135069
78225
104512
55544
170623
18376
189798
126075
168906
39624
199254
183694
170674
86484
152261
151930
191797
79253
194410
177751
40516
129930
143590
86135
123762
161720
180909
80018
178053
191370
27608
120447
174259
199964
161391
182345
199730
86156
137717
167209
197778
131636
21065
123072
195607
168326
188391
170451
85826
91026
160453
66220
192934
185744
85937
157635
144854
185276
140910
181832
84675
119461
198162
194648
199971
100351
177665
177684
114871
191061
146489
90201
177830
141413
157203
156401
132179
54123
143115
194636
181379
183203
109555
193308
198727
135149
193820
146442
194794
158036
132578
63638
97549
137639
193375
109926
174826
85463
163975
198229
192474
198057
183616
190578
134635
167937
145415
12461
123850
99743
143064
187163
177549
96312
131453
136826
168445
154808
167260
188645
67505
99902
174657
195897
197958
199941
198928
167890
159170
106875
193270
199732
181307
178025
182149
146507
139692
117550
133345
173582
198627
180634
61259
81441
187458
179437
197982
154872
185580
175842
199550
189744
178203
164690
189114
39945
107094
135381
128798
42385
117212
167688
66436
128573
165450
187658
10161
190106
89273
66305
170166
170831
173586
157761
48822
154259
171902
115805
139029
164546
131017
136207
190587
157280
165980
187905
129959
155043
183177
150726
158418
122514
64118
184918
196895
183981
185311
185155
151661
194070
115510
69388
199471
95221
157570
98076
97409
182178
184218
192986
156821
179420
174793
191245
199517
199600
141157
193987
130423
181545
137198
51029
179186
114246
118006
92526
30872
179148
74827
190583
197005
115167
181718
135292
199816
52262
178399
107320
137607
113268
171272
198101
159742
99902
151889
186320
191387
90031
128249
159676
179119
182340
99879
114443
166111
133834
115079
179975
194714
197782
196672
132494
80300
87812
141966
98873
160836
171805
171615
188457
46504
142126
172127
168349
199569
167690
119113
199005
174691
180885
149723
178545
199843
183688
190583
184352
180246
130736
141536
57112
136300
185888
135382
168027
122168
182000
115079
82889
136136
192836
28486
106638
125823
193583
138567
199782
16614
177741
155540
72868
196923
180688
160425
39166
194519
156040
121916
55980
187778
104677
179198
131438
183727
128236
171505
181955
114981
170275
62525
110829
195122
132693
162248
197499
149132
195638
186730
117046
118931
170568
162807
196590
120482
191731
89372
96100
168794
167536
48633
138594
187013
104206
107146
130926
176690
184400
151943
128598
152961
114138
199368
196482
113843
180756
156192
173520
191834
102806
199100
183406
115240
198270
197708
24869
94917
139176
123340
48775
177194
180938
197933
92604
169165
120511
151670
183140
154373
165144
195823
154481
146212
98176
190110
111789
172837
93875
193648
190239
182048
164931
141830
171835
196035
171728
175967
191836
131180
198671
81366
187925
175307
179793
124112
169915
183377
136636
199194
136391
97745
171290
145320
175644
49942
131454
118187
61315
186370
182676
146260
192130
47937
171476
154655
84473
153042
52543
143621
119640
160392
176232
184147
196189
54344
193461
15260
127275
170131
174813
165345
177945
135694
188672
135350
153343
132904
108697
197736
186658
140123
183959
148271
164191
182002
92469
175482
88720
149705
159051
125326
104295
193604
114697
34189
196097
97223
167716
54081
194051
176401
170685
190821
121048
197475
51281
162198
118495
136591
111986
167755
86112
199666
159254
191592
190548
63279
156461
114375
177200
194856
146855
131995
84368
84726
159837
144386
98313
105476
107390
95049
162941
184042
187513
66400
193047
114301
193780
199303
153038
198772
151676
129783
137647
199953
181840
167654
175740
140696
190636
167324
104018
160458
191625
168699
195165
198194
122466
161330
92105
164646
138182
191422
180077
143773
147124
175350
73443
194338
186331
127760
75264
191058
167670
82736
191042
70414
198470
86259
159403
131579
169275
175466
166482
189449
54572
191896
195480
197874
145777
190632
192826
158567
192986
156090
188542
113433
189679
191004
183406
169420
148109
197298
198009
123224
196437
160748
193230
111685
135500
149740
53273
144321
192144
189706
137370
196391
167052
178599
176505
167479
190944
177273
172823
198406
184516
198686
167613
151138
191537
166410
199923
140442
188823
98514
199907
135432
137776
166554
121792
145449
175916
189065
170233
194294
156801
177976
140346
104572
143640
166496
140590
186215
147609
195721
148423
179845
46290
193597
195492
155151
154253
196355
172654
172239
143578
149368
198770
166896
196822
109261
155099
150880
22108
157216
199097
187147
149486
194338
43489
194257
197173
196019
195325
152080
126518
196994
146154
142101
169573
167348
174744
105013
65784
124054
195647
142205
164734
140405
188619
141075
174836
91120
150065
176716
108688
142605
140985
190984
170317
192848
183021
185457
189153
173557
165057
118291
177689
78391
186059
100810
170552
143930
189756
102269
189677
141505
189527
193449
147974
180754
154435
67775
136072
194185
62285
116796
171942
153695
185177
158430
131265
173649
198794
191280
33683
182042
136557
79377
198521
197336
145064
173231
134722
91868
148419
111527
196272
189378
59379
172597
169833
197634
142550
113958
188885
75740
184849
191530
133407
193236
123231
109512
183959
127820
154059
81967
181488
169988
68195
60775
62568
45233
197826
127463
141538
168906
93052
194228
189792
129166
188719
167094
82610
128436
196173
43313
120957
152838
167196
90915
3747
157706
100294
145938
185616
126417
183809
153716
193219
177665
71670
172811
193187
192981
159508
92733
176867
112766
133480
73872
199098
182721
92266
157950
133018
177342
171071
177670
185675
186068
76693
130856
189027
179204
170101
108409
164637
190594
135535
162031
199885
84312
149186
70906
67587
146159
137044
189620
175660
171990
173871
23693
143816
34619
196530
162266
27331
104035
134522
191643
101580
181259
158138
180629
154134
193953
197549
135845
175695
166342
163021
149032
194235
199572
119130
136867
188380
174431
82191
19035
173935
179794
169259
58630
182591
131143
41192
127351
191724
118278
150274
178423
174835
199240
154966
143687
197810
175443
128600
189617
76700
176267
194403
147735
188280
159786
199523
162983
183681
181460
150917
191002
151619
180391
197763
175164
183502
93538
165133
194393
198924
134084
172638
172312
186973
123064
191195
158097
153750
186390
148610
197073
164785
146415
193759
133983
182401
199622
197994
123515
160909
170560
171463
198671
111250
174931
89746
194398
143414
178110
181453
161811
59039
131105
171196
195235
37138
182407
188589
144803
81469
194311
193171
93204
39877
160129
187577
166975
186202
191399
96735
104720
194667
192124
179709
151848
85018
178670
194014
181358
96680
176651
198207
128490
194705
176456
186842
38191
26645
196129
129166
162753
107293
74836
96480
195787
70359
181548
135006
193636
82305
165573
168066
187173
173170
89722
109898
185300
84462
173548
195026
167747
37411
119666
164847
150915
186537
107965
188538
98165
193311
163051
140435
199945
163675
175672
155296
122367
157008
186178
138548
52082
164383
188383
89427
101823
154824
163652
186660
166348
198314
173824
116311
145873
193304
60919
169629
198188
179521
159555
152064
179364
196999
166281
195909
191797
108498
73125
84742
121113
113707
188722
194043
190327
144572
179454
17020
185100
165812
184853
181236
192109
171351
189977
170667
179807
188141
195190
172900
170526
193832
122444
124390
137872
169208
193147
131482
174806
143153
135748
163841
195206
45720
180203
93998
126571
146120
116130
148405
138198
129315
175070
176630
97826
101768
192715
185883
199907
196986
192873
34767
72647
171918
198919
74886
137685
197773
197124
124156
143260
48270
115306
194157
138889
163885
96949
95106
161369
197415
195096
198002
198236
146182
173910
130138
197766
132496
175818
103836
174685
20837
174035
173268
134978
194869
112943
173199
112405
177823
195346
138216
168212
15064
175935
180938
61041
198627
126154
180487
192509
70833
142892
178007
199118
186287
179064
93257
156695
180813
109973
189226
126245
165838
198285
97928
197134
128164
107351
167374
187235
103950
176977
143440
64766
184858
73021
150110
182366
116182
136426
165477
113085
126637
185578
163216
153055
101402
95570
132267
43827
194215
130541
123195
63400
189624
54173
158282
155113
172059
172010
58516
164931
173948
185155
111229
197714
110527
119349
190955
129469
155936
180814
147412
60423
45703
171509
167258
172256
194690
117125
148678
197836
141274
188906
198601
154631
46520
100233
113398
196568
111197
147519
128164
182594
107844
70346
169964
184065
195189
173094
122774
177633
195605
69290
168629
193407
183828
166941
102350
150719
135780
145842
194652
136961
147281
189254
172857
188319
162143
68861
49039
116274
161163
136924
182735
196370
117059
174250
75580
39553
120103
155178
103423
160235
192106
156920
73104
195830
114129
199813
155099
63496
90529
169340
153112
106737
175201
121459
136161
176891
169201
123518
178089
184025
191066
191068
124180
181267
170135
151117
124761
73794
139535
190786
197789
182313
190608
198876
145606
198935
192765
95784
70669
121271
176493
191906
177943
163816
194553
193133
145539
158144
187166
139076
128961
68370
153535
61021
139104
162431
181665
113166
84572
182313
112025
182470
86728
161004
134826
168523
182252
108064
103186
174259
100836
117021
179089
183889
162573
115981
148867
135217
149802
119394
29537
145590
133059
116028
180710
193494
169275
147402
190856
134961
164060
137934
137351
187894
89062
54709
132822
182278
66168
186641
173859
96022
184130
161665
192002
196479
199049
168064
166435
104452
187771
136188
186683
137264
26036
136733
197941
64239
82784
109173
199582
136501
191533
180773
146857
195310
197499
97473
75266
169531
184280
189600
146486
147349
137059
96281
183940
178793
192200
129415
173930
159444
87982
183912
143343
190576
138267
143115
124211
154101
193714
146424
165071
143973
172540
193089
176415
196459
154115
188859
194460
89064
149172
87065
142256
198391
196735
136203
188378
186031
158689
196463
92226
126571
144334
194413
125241
199074
164603
122463
193875
178778
190513
187784
105542
181199
193308
167596
169363
199032
95829
164791
178998
154356
195333
56090
155973
164756
110003
195039
93608
169931
139406
180843
167841
165444
199567
182761
129144
112453
161797
184724
41791
184495
100134
127574
129830
167845
188925
180411
193783
195437
191723
73458
195753
193806
165995
139018
174341
100031
154512
199321
183709
67727
80377
172909
132116
165886
19892
179020
104665
150479
196650
168545
119371
194201
23148
191276
199792
132292
198904
183170
178224
30249
128950
65842
193891
173778
70585
118637
172782
157872
157008
186883
166601
153295
172586
177338
183729
110375
150688
161929
196940
160212
145789
160582
168829
151747
157295
172157
199311
61041
141767
184055
194393
171857
112657
192407
184035
108406
192938
191943
34528
188310
160635
22581
114576
174205
193783
157705
130832
128543
137159
164845
82977
184604
196323
141483
191170
95804
193139
182588
66786
67808
197074
76094
156107
97256
189890
150228
166732
172918
157180
68524
180418
194980
134568
196429
125729
188909
192881
150719
181052
178236
132286
133370
149796
163507
187145
124903
82688
123408
142383
178457
195053
170489
170747
199422
138924
60614
120288
156257
57757
169777
180059
179371
196081
189955
186922
176679
143382
94992
173661
139439
192344
198079
193708
89212
122680
77986
173506
185911
149324
197958
31179
193435
191377
172426
42652
141294
178628
184553
120491
164474
193811
191892
82583
193047
161778
137526
141483
100668
177110
198575
159707
119350
112895
183714
85423
126831
156817
151266
165989
193577
189262
184736
187387
74337
60141
116119
112462
199161
162618
114830
183105
164593
194131
134643
194902
157596
125184
87186
168409
170918
148094
198070
102088
196906
54351
191906
172726
176063
111882
194690
126328
114447
142862
185811
170637
161752
38667
140507
196949
98103
184230
181834
145053
83452
151284
137902
190580
180094
62084
73891
107667
124066
115702
195011
157153
79640
94411
165742
81790
116031
83792
125613
162790
138247
197418
113811
83388
145705
165243
152972
167770
172965
183177
107742
134168
186569
151640
128922
101218
183805
166661
92359
186564
158742
194386
161866
123805
184970
173221
197481
129321
115427
156989
90254
127130
190539
136458
108458
53661
151113
126252
106937
108982
136530
107144
113283
169836
144546
197560
105702
100622
149638
107979
130352
170487
158899
199373
149435
195690
159279
160847
40527
126869
197096
168999
128776
66498
195484
198384
113977
75700
177756
107477
125335
160527
166931
141877
132374
173309
79785
196098
181011
70172
159500
154812
192341
144839
158154
173414
46247
72252
188980
174950
183669
187778
120272
168755
195816
196164
183787
112454
198613
178592
171394
124352
197144
116034
114603
120201
179257
155273
145785
164077
113579
143864
193520
93060
195576
155880
80254
158546
132280
92032
190319
160924
192800
142837
144627
161163
171636
176489
114401
117725
171892
193172
119277
165908
192788
172063
157929
63754
192693
148915
142780
196834
106027
67435
168097
55048
112025
191869
192302
93332
142955
170323
182021
145810
158201
168749
156421
168515
185468
134781
193514
166599
38212
160283
174691
198625
198461
173165
189989
167418
164842
187946
28407
126162
186916
147986
105291
132300
157343
73123
168186
56812
171007
156940
80044
154009
174119
156773
197659
96690
125015
139740
195300
166931
47243
112258
178915
171624
48201
188287
56208
66664
199592
121642
187497
146470
59930
48025
83634
185986
156775
165309
154070
130792
190526
198623
192410
162623
180849
143134
175570
143671
158942
198839
98781
149707
144188
174074
55469
79920
192510
198395
39110
144548
132812
188004
199953
191765
114636
186993
175733
183157
199720
129001
179452
119642
196223
103590
190972
167622
140785
192400
195754
184869
135415
129619
115693
174450
144120
144118
198713
166692
166425
75924
54033
190668
136034
183834
197824
180833
53245
170256
192871
195061
145766
76244
186529
189521
73663
186544
116612
185903
182436
138265
183825
189509
196369
155100
120562
199385
199134
28183
199631
177550
166281
197739
80183
126352
47800
120286
191543
198005
141962
49653
109282
167101
190587
193801
178890
104147
184390
194877
196112
157817
104454
163892
174698
168500
88412
181188
190157
194193
194720
184805
191886
168169
114036
88917
161416
138030
181933
156404
162048
197407
188642
181070
104420
172223
153950
161022
129190
168964
183569
159770
196584
136049
122634
184139
113424
182938
75160
149250
189300
182733
161272
178066
77460
126849
195483
102932
180627
91183
124049
196335
101998
163084
189243
165385
191619
188506
196879
123159
153074
195235
193636
195869
145250
117453
173080
149721
56686
154801
194437
196473
190083
156394
187878
187725
166709
187857
147810
138402
181242
162844
132413
182744
173178
88865
176042
198676
68413
176436
172780
158167
193832
149314
124695
112088
109121
191270
193517
184549
46596
173335
105598
199142
86605
199023
144616
104871
183846
112642
159016
199977
158764
190889
146879
192852
129118
198642
173857
184137
193350
182157
140282
154171
158082
146051
165369
117869
194906
162046
185626
147105
171071
121467
172642
196976
199540
158479
92198
107051
187585
49466
192327
68628
35347
91237
188292
141057
95848
165433
138105
141607
116681
115451
178058
142136
192629
170064
78867
106056
190917
143213
154237
185939
166704
185165
85872
190860
117960
198923
130406
171066
148865
125697
61354
161232
142368
190346
72545
134119
129206
160675
151963
167287
178124
180121
107485
168303
141567
161218
189921
144668
100405
159424
81531
170726
150635
199740
81617
175427
183134
139664
173175
143729
178186
87830
123101
84473
77717
148391
125311
170615
189283
160367
63564
76140
190076
124879
182201
119375
186962
52023
168836
199617
140694
198224
186800
169494
113583
192655
103166
185947
140882
150247
189888
165359
122274
171165
93670
163625
105836
87822
198241
170745
97903
148344
152580
56824
144520
180613
110394
189633
188254
125739
196162
98377
170897
134347
84352
135169
111926
71682
144642
67514
183032
183952
72732
145173
119909
195056
158986
185182
82078
110162
35887
146060
156802
49721
190786
198311
172141
189679
194620
187430
42216
198402
176784
188377
124758
186200
123902
113163
101791
195430
178980
185951
102034
176962
79432
157851
174247
156916
197963
156001
185612
88681
92521
124127
102897
111331
125321
20944
110857
157862
24525
149053
154686
193440
198665
168464
174291
158287
112809
157262
197194
117104
160442
146623
80686
137692
114254
152408
189553
196900
133776
194803
199894
112605
165944
168973
95003
175358
159758
198812
190464
198638
176672
178648
153974
189138
188422
184532
114117
159088
192227
167295
141812
68699
171303
159670
184061
187451
118968
138396
39604
199689
151568
117009
133836
193621
49698
190616
177564
116769
180411
197023
184349
186363
79171
178847
68298
169752
38972
152167
181653
147859
150014
29034
133897
155251
186745
196762
178178
194959
175243
189146
199231
160506
193546
191113
192189
89500
125399
197992
44008
53738
194377
199417
166579
98689
123858
143999
183231
108772
151944
91289
66619
198234
191022
130787
199585
159254
137475
101129
134593
73160
121767
185999
180805
115280
185941
194991
198596
153556
107670
182434
61388
133752
133948
174188
60102
143117
193254
179242
123723
195631
141843
175526
186904
183456
190856
178113
189556
199515
168193
147074
196486
178968
177062
172216
168710
168968
177697
177370
176398
137681
197164
99289
169196
199083
199690
176048
177502
156291
195039
187571
183577
153482
156913
197166
193730
178527
74244
172051
59392
135107
84036
113078
131911
147529
98498
180554
183893
143151
151302
144839
198074
159862
171755
163656
104357
163993
191540
179647
170720
180449
196776
177756
44947
172007
161090
196424
147166
173542
163934
175784
96795
150179
186202
196155
153325
178903
179639
158846
164526
198645
184105
154070
198116
197255
55742
143761
191913
70841
196992
166535
196328
174356
41724
182596
195660
146537
136918
182955
194210
137781
116241
138309
157769
139251
191684
167335
168293
60687
176326
153660
185233
198050
71730
199925
191165
123560
163445
170772
152227
182073
114932
179978
168077
161471
184314
169730
88454
151253
147480
198755
181216
159779
108856
187400
158110
172145
53083
199571
143483
142674
119483
152965
149106
142079
184098
139066
152630
25051
155226
155430
195435
149476
129500
160052
195522
117027
178007
153395
126167
144714
182170
121673
148021
199351
174029
85338
167731
125746
142412
88565
192695
192435
88174
143053
63927
135073
185516
38186
186526
188741
175343
190462
76061
138105
190381
183709
189876
194055
191086
195753
184192
186827
124213
129580
175783
174126
156605
74802
189986
187106
197815
156529
172316
151008
162312
126078
144209
193798
155773
186133
136694
126521
119978
90068
134183
149450
14287
88710
129370
81844
199311
185726
105985
124517
174018
80759
107377
168830
127981
98917
172994
150635
137295
186188
41843
192910
96014
184954
190076
188396
52469
174885
132688
187846
197485
75694
150192
148610
199291
152484
185726
160227
124505
175551
167145
195711
97983
120237
139875
169586
43273
172966
158462
165212
182334
160864
72294
149812
65691
192703
138652
102652
135584
193153
130432
83955
199333
196581
151091
154535
18972
87407
198738
199859
106552
58410
198598
186234
177941
192477
126919
195643
185937
199883
109576
143438
149001
196799
83273
191970
199927
108273
156160
197346
194765
10199
117003
157635
197020
59074
199558
164938
108085
154224
182987
158311
48417
190526
181487
104032
179804
25766
130118
165670
145680
39467
142197
149124
122779
164569
111859
81177
148918
177409
168019
189434
93846
43756
94856
198672
155392
171628
191736
133938
135907
139007
199528
148351
38861
159596
164928
188671
197880
47471
196102
145290
199100
190427
181804
138758
191064
110512
92210
166838
184323
199988
196920
54507
121399
124538
151938
180336
166455
104764
155851
167711
187216
199685
182154
91987
192497
168812
184939
152217
197655
70265
176200
186113
194356
116054
179821
160801
161496
151521
160965
186683
194639
127162
171942
163165
122241
199839
197627
193037
179293
160483
175597
103590
184125
167560
170720
163504
154338
144613
177014
94334
141456
156809
166214
152282
163054
120860
102788
153862
81782
169754
195968
112500
127440
197050
132137
132713
152840
192957
190076
164413
189268
197372
170811
142764
179556
179386
195357
191814
196888
168751
112679
185436
131161
141432
149857
199909
198146
134841
170328
96085
196020
139572
135174
199162
192996
185907
156275
162618
154678
197847
66993
137584
108554
110437
104036
196791
31424
173967
181209
101400
198376
168947
99761
71950
189933
156946
168938
106899
172280
179257
175611
169543
170492
197430
177715
153671
146546
167843
194949
198914
85084
162708
71517
193617
190884
189754
22784
65439
173672
114295
199649
168075
94261
135394
189691
155539
184532
189193
187771
176244
137414
199971
168956
181736
128574
113238
175186
198408
99702
110438
199878
192531
156659
69113
193244
194176
125120
190626
175155
198290
198938
153142
69036
193806
56858
141215
192595
197103
75436
188038
173711
107248
194574
142834
137698
170355
122224
194005
147724
93271
80027
85917
195836
155012
184194
191039
182276
194866
133796
123335
159899
168373
192741
135365
198200
195041
84373
170846
87694
198688
146572
90103
199184
161494
192031
178831
133616
107263
167405
138173
129715
186499
70388
95014
187042
126547
112921
173057
28637
182733
182152
143191
172113
109871
181166
124860
140694
136998
79113
163975
127089
148638
199286
185438
156186
145350
67009
62446
174347
155661
118975
154086
180050
194705
56527
198837
148013
191015
197722
174301
175330
199484
193507
182322
130821
85157
195647
195509
196648
191393
171329
153149
54894
128731
153982
187956
122053
150171
144367
188944
196493
178597
31471
199600
158676
129055
143422
118196
118178
123707
169881
154773
163638
190750
167947
122621
192615
46475
163994
145773
165359
183644
160630
139309
196493
193407
184141
151067
199857
167996
184809
170659
87172
169985
66638
179679
108912
66442
169382
190216
193909
191772
145660
181958
117616
188868
198447
177694
109647
163419
194534
111589
188531
161143
174793
79840
191253
168910
156745
199899
198955
169021
198038
194043
136940
199715
183865
114528
193133
134678
150363
178329
79850
150862
197164
23976
143623
86527
135715
198801
198494
199050
149850
133868
78965
176960
179257
174249
181640
185580
186776
177462
163892
103543
116508
171923
131775
111081
198709
116562
145002
162680
163816
175566
99163
129465
185636
193613
153507
172944
185012
144100
158078
180321
62410
80318
181052
195384
146500
111051
136911
160840
139641
104825
191228
176046
167970
170401
80586
183703
199027
135578
198956
111964
154283
193848
166219
137818
199995
135850
131971
193883
194220
168126
194253
184956
184339
192175
181206
194014
185278
89315
116552
121887
167009
197527
180449
190309
103030
151113
164788
116819
176916
189095
141545
90192
199719
114864
177512
193076
119729
162065
110428
128836
175254
120692
199254
154903
122575
196908
170594
98276
195874
168334
187069
187915
174860
60844
92437
195768
138214
113566
155830
196122
26760
133759
118420
159438
131041
194471
124410
104951
147751
44436
89133
193679
181052
160860
106684
146252
163892
151837
165698
128587
191797
161739
151171
132403
196449
174369
50999
47597
96167
168473
160759
191391
143654
97155
137395
189345
90738
177383
164165
177712
199991
196870
124084
193465
199843
86329
169693
168291
199177
193762
176884
148971
97768
168966
199303
148498
169206
186729
100155
170091
157254
181650
165903
195525
173272
21357
152024
176411
171111
196764
190900
68367
195118
187688
184262
117068
170840
189022
143176
173584
166737
111791
170112
77937
155450
112411
187362
101710
151383
187196
154713
156518
143911
184681
98774
168989
158824
168193
190242
193047
186142
129745
175368
122897
187284
188905
63650
130372
51507
178045
128376
105442
150190
145627
130875
85643
104218
100453
197821
192697
158758
146816
104596
191978
162028
187738
50888
161496
183914
196054
187734
94229
174145
120255
162027
71373
182902
190116
76032
196570
151046
35767
127018
165554
87904
133379
124068
64350
178427
142869
76289
195824
118731
149448
171841
187866
84158
196853
185155
198269
175103
155138
198280
193171
148242
141861
133945
199411
188342
47770
183130
73605
65800
96809
90254
195276
196832
196228
161944
157530
149069
126869
66700
154468
144195
37675
108079
132444
107606
173094
189688
195887
143073
185104
91560
82531
120275
188978
120858
91557
141404
178803
168848
183881
196895
137611
76680
158146
75313
127152
114175
107711
190353
179042
153883
171921
178752
96277
186013
21134
192866
147833
199991
199218
162757
140509
113407
167386
158622
77096
103677
104898
180386
184451
134374
184987
183443
147967
141042
135480
191061
167434
155290
193221
152378
182047
160626
132615
178254
199430
127246
169368
190061
177544
180773
126418
184447
195072
165916
197283
177393
192824
17879
96886
146218
167490
180483
193081
107383
188121
177719
23887
181584
171509
65458
197085
149034
20366
57769
194600
116189
133720
178984
54551
178023
162535
122368
191207
104720
171316
157950
160039
174771
139322
141313
60212
92003
159664
44098
195953
149892
185311
167813
142797
170913
146718
174238
96574
186015
90738
197937
195629
190992
117234
110800
192060
183136
197921
197494
89124
108291
102498
83712
98621
196667
142407
170190
130527
73727
185468
174663
144347
115394
94404
101033
194872
182642
191445
163595
89050
68376
193784
155189
161567
161395
65113
119209
198959
132399
121552
180597
150315
183438
197597
158407
189272
137537
198650
168565
198871
134470
139678
177054
186562
168028
174064
104967
94674
141594
172573
130209
134707
190402
74775
196644
146459
116606
125384
187561
49733
159662
128201
142423
192688
187714
195343
74330
181029
156989
169816
190340
198636
160362
156516
198842
190224
134115
188704
149279
173228
134222
199383
140830
95365
187474
172476
183762
128170
50936
133424
199722
165107
138591
192360
194615
39638
150966
26289
184977
187809
142335
193327
140722
196643
150241
138559
177597
153651
130343
141517
103304
198665
112842
66412
167868
194569
198995
199732
181799
162979
177528
189237
164423
142780
92926
192843
136693
187166
104092
91997
177623
172490
182332
79225
133727
127616
176641
196437
187637
138747
187017
146835
195194
166474
127724
14517
150059
169597
194257
170522
169268
191617
134943
145559
170043
157993
119148
149556
188254
136031
187701
173830
148319
119537
151811
163248
174939
194898
190911
185811
129507
34718
195542
170414
184277
67422
196963
198140
192662
46262
191982
169240
162378
162835
175005
115116
34761
112830
155249
175866
77914
125981
117861
170365
140123
50662
192321
194437
199740
127502
78557
188130
116890
191310
188537
196497
70538
194646
141685
199240
175450
167160
166983
122840
190430
183566
171227
125326
107680
166737
139589
159257
191422
171032
156544
132621
98949
191033
139390
109199
172583
185151
173995
172259
121767
73834
53626
96863
162207
176706
175301
141538
196822
118547
182444
188377
194934
97330
114387
81568
154947
199782
128295
178745
188783
163783
184033
170125
12644
198969
81712
110180
159294
186855
102662
109088
161459
138227
170947
193307
95300
129096
169014
167949
182103
73329
178878
169240
199531
54157
139917
134627
136690
197136
176261
169748
161614
190882
128563
88551
142277
133113
132228
192642
140432
165922
69233
150632
194385
168859
197271
198655
199386
197872
175276
89360
95262
176671
193027
172432
192330
192783
35531
90664
99699
110568
133712
195971
123276
188927
158462
154804
197573
65676
189262
101265
186429
185961
167148
193790
122695
40572
158413
121115
179463
177186
124978
194941
182434
197267
170528
154634
181513
155536
140411
151101
35338
176309
126004
57642
104610
156691
116961
8496
199064
110829
175549
90180
175580
114006
150717
147044
190057
154057
137193
182547
133795
199214
197429
160354
143028
166983
173296
113220
193018
173178
59844
186915
87453
94212
75919
197058
182943
189108
182325
176689
113088
189970
122274
199231
142947
46685
175514
132699
63429
145587
79375
117200
186915
58768
185181
167837
93857
190794
147520
137905
52872
189141
155070
193867
182576
129727
179854
184711
175957
49839
98420
183966
91194
117841
185797
176728
139935
173004
60882
167012
136123
188534
13133
91018
112952
160664
29964
110344
154906
152193
199999
182299
185248
77244
166983
177573
151837
79654
188797
105978
59044
126555
149149
176240
198828
157650
161550
88895
181673
198021
191354
186784
198914
121181
32460
60682
99936
199278
166737
146420
146803
156504
101433
148029
157687
180960
20102
181094
188300
174261
197091
171314
179450
103675
49848
131028
192279
151544
169773
199139
66055
94456
197068
179332
169565
64715
198523
70446
184230
120845
194442
71209
157142
154774
164170
181828
177213
199217
175453
111394
177492
176867
179102
164814
127066
41921
165906
138824
177366
196132
196469
168611
183337
153022
183533
167424
178169
170842
92614
156616
122280
98700
128888
196905
178648
190109
180127
184580
161270
187050
139043
123162
43996
128044
157962
187054
199448
143448
146799
136311
190668
178089
193060
145694
192700
168581
108107
61344
108206
196101
171366
155988
199725
175768
174196
151315
146616
190608
180944
168216
188012
167238
146717
184609
128876
135833
98564
176996
27966
175256
114317
197805
158686
170963
158290
56351
175760
191049
185027
153644
198799
196106
17015
57650
84431
195887
134529
116814
158292
187540
115138
141630
155518
199911
145211
194419
159270
94148
186564
180877
157537
194730
150241
188912
167002
101063
83097
194386
195047
149346
184432
149465
166371
157136
126343
176215
42499
186970
143983
137755
143404
188371
95883
126853
156525
179221
160018
191077
94058
199488
134487
171297
154305
125530
57944
187284
178408
148233
194482
184783
187545
174018
164220
195866
190817
199285
156463
101705
198625
163939
185242
63592
104686
195300
186900
166355
136816
150505
118447
149024
166482
167535
164613
168246
195747
110560
146268
123952
165333
146778
105296
123607
129456
178498
186164
74242
197859
176759
167251
196393
153997
141224
181371
136167
155788
163436
113493
178786
198401
96656
189129
141864
114419
145487
198523
188161
198414
194906
196832
193199
185048
61905
114078
46587
145061
188487
140902
151219
163517
178592
96636
125780
190427
79416
89496
182622
190781
81011
29767
92035
194448
169910
144980
33168
17255
114385
188692
125099
80105
187320
103366
189843
67787
120117
156101
183449
183620
156940
175126
28936
20369
121062
190771
162902
188342
180406
95366
160181
168824
158867
188263
195800
141730
61675
175609
198938
160822
198423
119292
183043
183337
154497
111908
191871
156242
162535
172259
189431
93262
134934
183207
90376
68602
104140
137756
132944
128603
176591
187350
171704
110285
170951
194198
186400
128980
139610
117874
154401
145649
194508
184323
175615
57636
189684
177774
154929
183000
124377
199128
170800
160052
101731
189132
153120
153782
159293
73722
190575
162119
171522
193102
153774
199911
186976
120622
198401
116260
141912
151506
193478
147713
167465
154175
161314
121656
192344
193189
132839
146511
191714
160548
159673
76189
149393
61396
196842
197228
198305
184724
155613
184359
178066
194217
177402
199265
190869
197391
134256
187590
159688
173006
145240
141902
149843
195310
141849
127401
116205
183172
160371
48797
141962
133691
198871
89116
50279
198552
131973
121080
176499
130721
197359
142166
22712
186623
178687
164677
136636
121802
198571
155794
194152
180041
88493
146288
197245
124261
164512
174594
191166
47847
111016
156380
38855
67801
138739
191284
153015
84801
139388
109799
153341
166843
79768
192596
158720
159918
157820
186131
102423
172208
79449
191288
188548
137828
197724
155960
148129
146755
148260
169935
167045
189966
169876
108535
159140
166414
157047
135703
162332
177396
196286
153046
116612
179073
188969
196526
53534
125135
94910
134771
187397
47560
113572
99654
185720
98422
170710
195823
199978
127756
145160
75116
189244
146450
100649
79302
98543
185508
198716
194129
110491
21153
188678
131580
169038
165850
194918
168294
190636
195533
135624
81128
162143
66106
73140
173014
133718
166374
177149
182676
184696
189090
167287
172185
197977
153716
147004
128249
194963
130232
87749
180585
132113
187228
152798
193142
189809
196427
183123
168212
192425
159584
98049
198171
197863
105213
91217
85992
37059
177756
164217
77769
110418
79427
86790
161165
198491
116316
176262
161068
150405
127574
180775
183449
124909
192730
188877
136749
189449
199725
111497
191446
121299
198176
169467
198489
162384
103254
127744
60211
140040
152920
189553
68861
188205
142401
178822
131042
111582
85870
153562
103933
99215
96503
105641
180907
131374
199610
101756
189571
153015
123129
99950
190192
181783
199525
139495
87264
126450
194712
184432
83861
101366
159270
177577
76999
190533
177091
197468
198276
148113
27732
177353
163923
184392
185175
164322
153220
167732
197504
36476
174685
172927
62542
118465
188336
134105
198108
199799
91456
89044
112065
115226
179633
168034
166281
164123
105163
189024
75777
133918
190412
172729
122842
164660
196023
113236
199327
188332
184786
185941
156231
199015
78294
152412
183937
192540
115010
132567
131643
91916
187206
121360
154404
103281
176187
197735
189754
116505
107442
173650
179882
171731
199912
196451
178454
150224
185434
192682
197372
175028
186925
151581
181408
80444
154811
195285
172726
92238
160521
191890
137440
139748
158433
93678
168012
170369
134353
116619
169781
128142
191035
100179
165635
196538
151776
171107
59156
196231
173401
159810
155676
148256
90095
193292
194066
85641
143719
190076
68618
191314
172229
38764
105990
150829
138827
156096
58158
178217
146990
188023
69691
175089
102169
65531
170812
178411
141381
58759
105524
57822
176559
190815
196755
145608
196215
189907
150421
191463
172775
188973
136232
27484
199654
68918
192344
178001
185760
147746
192241
103855
194745
70744
183313
147819
133890
188321
199642
100337
173208
60378
128453
195316
181640
162284
190737
173860
186273
87822
188339
49050
196369
84067
130389
162708
193919
152654
194526
133771
199285
155715
17593
188783
157236
151255
154681
104373
163676
89237
196463
86694
189769
190340
196077
180124
172801
169170
99092
105968
122119
108343
98050
119603
152984
183855
180244
121812
164187
160329
184325
147455
186407
156645
175787
191172
186526
183085
160732
68502
165237
131899
115518
151439
164578
169545
81209
94888
177273
197351
190079
190069
75096
161348
188044
127489
161507
172124
170343
174743
151453
123012
151079
126589
93870
166201
168607
198026
149085
136435
123518
159739
75702
92590
135271
128979
174439
181501
172365
185840
114884
186718
118954
194292
191221
152694
83088
196314
106004
186623
165970
72161
141101
198962
135771
54883
167275
77728
132963
198393
107885
125187
148006
173995
94638
165534
138718
194309
170562
194963
182203
179042
169098
168672
21731
193409
80503
183071
177431
165157
143960
199785
80486
172707
137091
177484
161948
134925
115818
170638
195965
175575
170256
194282
198696
194811
159200
173998
42032
146429
158001
136652
151323
127489
154497
151033
191747
49673
190635
129871
91464
161583
163636
149058
196966
181423
119143
161078
197152
153684
153110
117271
27599
93540
193909
187027
114857
196164
144964
190155
96527
162841
185175
146315
159071
194482
126369
192963
81104
167278
14561
197733
90835
61732
156069
127527
138113
127397
167789
118230
197634
138167
123535
128337
192281
169508
64608
199319
171100
175565
174893
105442
155298
152571
143941
173773
147673
193829
120972
135675
95305
137818
191836
192575
192711
193754
163940
106578
199435
189151
195503
193786
158706
53237
165765
147797
164006
126376
196905
182924
175656
191466
173729
99691
113950
174319
193727
178616
178778
137827
179798
113422
180177
104719
161583
175990
172265
165670
199430
160581
198143
172380
195697
52013
179531
140677
155683
183998
191158
168595
81166
179504
188396
198815
160708
198024
97770
100559
158064
135133
174417
196791
195067
198215
44336
153267
98986
182310
95968
183345
185623
56202
133261
185021
169525
186047
155818
92760
193244
143895
172620
129652
116523
69189
191298
189913
169376
166726
173890
148358
196479
181727
168196
152448
188467
35871
182955
190996
169603
139097
152013
107995
129609
157989
81894
180942
163268
190182
119999
119603
103532
163453
199894
119273
162798
147301
153098
89478
195984
59764
182739
164385
133855
173903
127886
194533
131957
154533
134138
150721
83469
155863
99338
142838
124178
165101
172092
98858
194338
185486
73250
177234
95192
127609
169683
146438
119243
70927
150239
188592
154474
199916
83776
186031
155533
177393
147459
76572
179574
98536
197759
180210
40295
198153
177177
137226
177263
122786
183686
105101
173255
6977
175324
198789
165635
187243
185055
187762
142335
178486
171158
171316
137178
186964
149351
104091
187145
197465
135504
100058
151117
182112
177181
195405
182509
199270
44966
199984
123977
186829
125929
189343
153032
155625
190576
198229
25143
166650
167323
151885
156004
111289
141784
198630
174234
138573
174811
156467
169929
90612
171098
180657
188348
175592
175850
187803
11401
154311
195178
121818
162012
182567
161436
96795
66118
35989
83609
183960
171567
77586
124879
184440
175421
134269
92724
42469
156754
191202
195530
93012
153218
159888
197499
118142
151727
157685
57641
87897
186677
182501
148538
138829
75355
199344
141300
176798
131234
7510
179253
93136
126529
91862
181362
149099
110019
198912
191913
197166
132237
188769
187277
66921
116174
175553
140912
174103
45975
162795
144124
198986
193978
190588
92843
86541
156192
97463
195999
108268
115518
189299
102754
109137
186094
97133
69317
48564
106920
125256
179295
112234
164144
179424
129867
114419
174691
183733
141947
175740
154211
193038
191608
195219
152021
137999
190286
166088
159338
192428
29584
134785
199661
42709
178354
198395
197791
198703
168695
158813
192800
38804
136843
146625
59905
147419
59584
175133
97437
110249
182403
18357
199698
42539
123732
196045
153871
161449
136607
115250
172099
101987
9864
178142
125151
157292
180999
171902
144492
173925
177165
191774
117279
190702
196488
175431
187550
193474
77850
190969
134973
179561
123887
198143
50217
116122
142669
199869
184488
103096
120428
153611
74682
191816
194648
164281
164591
128358
179940
187906
198923
157824
150153
93319
171883
80452
29201
169021
101260
144351
186813
198297
65500
164117
124690
54886
195775
195561
122053
178085
127042
159967
194047
168038
66733
194892
123789
161143
182130
23190
140218
61161
122828
162387
161494
121828
158571
190658
104686
28517
191393
124883
172316
186518
195235
69693
187426
147263
171596
110755
149785
182039
119466
192996
120572
171532
46345
198404
118437
195383
182715
149689
53628
171233
198552
187438
98966
160091
70772
178247
100651
193327
140691
132149
198215
78098
133451
199477
171195
154143
159967
76537
85446
196713
199777
93751
166793
95266
198753
78972
164502
28107
139929
164733
148665
16821
109904
187750
177605
188332
170766
108659
39138
106994
163092
199991
144404
130643
169675
104788
106780
162902
174317
179930
177245
32617
196067
74117
169286
88567
106022
174885
192788
167427
170840
150588
154872
114081
174132
196888
132569
121836
196013
151943
151369
194579
185368
188462
133158
193826
105738
156952
55217
185495
162897
117870
194591
156417
119245
159073
121575
131832
192346
117846
141263
175015
187773
155893
176296
177939
92001
171732
53013
176372
147654
197938
169940
169294
123541
129062
194815
198746
164173
198665
196667
147150
168796
186620
182642
165362
152998
82292
177620
44838
130147
192469
160705
188377
123834
89203
143773
115059
64741
166252
199771
136980
107211
195585
147457
176421
161723
196745
180911
103708
193711
56471
146663
190621
163728
132071
181809
185758
189413
78629
118588
172668
179229
188137
103342
170398
193073
199526
140066
197815
176415
190631
46840
188951
194083
148812
158204
189677
54081
197606
178652
141577
139952
178572
132390
197049
140628
28055
173420
91705
175666
178646
163443
123189
194391
196594
178194
66192
136378
170710
180187
170562
188592
142761
62363
199499
114178
177510
131971
125829
181005
124850
195081
159687
68091
93133
163023
183128
187071
199097
144567
191646
196059
50615
164496
172735
199841
194526
184073
189813
158297
74010
112846
196061
86645
179035
165562
156928
166975
185071
177006
199781
64263
106493
184277
127841
158951
147058
186978
102953
127686
73329
157298
183071
195641
183194
160720
196244
155018
182765
137791
156384
148599
199448
110491
173217
130866
182250
115095
150554
167958
194513
134180
177856
145942
98220
194282
198282
85963
199314
168631
184653
158480
187701
194287
197399
150357
193102
195956
87186
158186
132271
137598
198132
183705
173890
7170
198764
90157
86523
185421
119909
186816
169878
195325
149177
145597
196112
92209
196235
157307
196705
192279
177006
187263
182325
175983
99243
178804
194694
101453
30070
177359
175582
132786
194941
199689
43695
87809
166889
81593
198168
132741
50742
114459
194976
186650
54872
168129
115677
199140
187965
175580
173262
170785
187224
155596
154038
119260
195960
197743
134380
195690
99507
154067
192389
195504
179409
170699
120336
20508
185900
161279
154070
168609
94862
153011
195419
118089
149013
172284
186824
171650
187120
161569
163295
134219
177768
127697
163295
171413
117212
177415
40246
130594
190249
42446
196556
182270
185127
190364
191969
194631
176697
194309
67924
160259
147323
195134
159526
199170
149955
188912
181770
136402
26148
136378
169370
147636
79443
160291
162224
157697
175505
128526
184876
172954
182914
167797
149544
154314
162837
141032
188484
92205
191009
165717
133661
64135
78716
153298
148538
80785
177203
95391
126146
196893
196799
146732
167246
167151
175831
167395
169090
199304
199808
198753
190951
184027
181766
199403
196215
108842
134700
139338
158008
72675
152203
176132
117771
137568
113467
122470
163232
146374
197759
129651
82889
155269
176842
168672
199822
179452
116374
182299
129934
138182
93047
191430
150923
72956
197843
183200
119859
196509
159063
96521
172082
193580
199834
162456
189756
198350
79388
90198
122897
70823
165619
188515
160312
133477
98317
179239
199177
189252
171668
121343
168050
147374
172897
193038
176933
142561
190118
129711
162276
196300
146725
188622
177131
160518
113267
198445
146470
73443
68991
187099
117484
189284
195593
83970
191818
189618
153615
133960
166776
178578
148677
94386
79257
160453
137273
153880
165861
191785
183838
186658
163179
198753
139485
124076
125687
153920
181936
139781
152516
183316
182611
174086
167291
90311
162434
77072
199012
176594
152446
135717
160020
134794
183650
121784
91592
160026
163237
142507
161539
199115
156548
72229
172462
147670
197652
198295
77986
151537
189107
179956
191774
197775
183379
180785
191516
64770
173346
193927
164620
193980
174822
186558
199314
73148
31183
194439
194874
136813
166525
195429
166813
146029
71719
148616
153055
75805
17657
199248
168394
128741
188630
50897
188525
197750
192323
180039
170604
174071
181304
170620
189671
183809
158537
173299
145086
58183
185097
163210
179681
66707
98712
197573
191644
197898
131959
187545
180891
198438
117593
191838
185039
175760
199199
162181
178296
193568
165815
66792
183681
158203
157548
174011
104150
135304
188254
196891
155468
190673
182453
136694
180567
199209
65854
84931
78220
135741
188578
183443
111113
149473
176503
145804
130483
193204
180573
187561
191947
116705
191626
164523
196323
173887
71075
132499
88720
165480
145755
80377
193813
199779
181011
172612
149812
161018
160318
199928
198498
143146
112584
114152
189371
151396
181745
193362
167589
143834
90444
171924
115289
113637
159652
192561
136492
45663
142125
199500
167963
124754
173296
198972
158589
144016
199152
95856
149635
77101
174266
75492
115235
169910
96602
133806
184703
196888
183105
152771
117144
164063
120842
157541
119026
172910
173110
129470
99007
59668
132860
152189
92869
77239
195545
61831
146251
186013
159396
196369
82100
121040
195686
65056
122661
190922
145507
178261
127944
133243
39398
41302
149244
104945
197863
194162
135410
194655
83848
153254
113215
167009
196020
155278
156456
99954
159009
133316
61311
199494
81306
156404
192894
190536
199631
188427
135953
64216
182562
174779
101825
197682
178371
86119
138523
32108
179198
133271
175804
173023
152762
197148
155836
87901
131346
163929
132890
184822
184720
198022
198287
99799
184743
199199
196983
171806
143671
169536
152996
136183
194557
92691
181101
111275
100546
193421
108165
186865
134998
53839
193016
167258
198699
165385
96899
185169
199997
19924
191694
131957
6917
86602
47428
138728
174089
175801
173663
184373
64156
191350
174743
171049
153851
186489
158947
186704
180681
118571
127683
197838
166135
28488
92013
179532
194909
195655
197735
105273
179885
58093
131662
69383
124090
195463
166286
185939
175985
135840
149087
181085
192732
189861
72876
162324
138979
199039
142957
77837
186973
177473
152146
82424
116469
69416
118745
176984
139920
182275
128669
150304
180873
142222
185008
182159
198022
187814
152261
199112
195525
195279
22667
181714
199730
194095
154006
156793
77978
197776
138564
179225
171451
197784
140543
109918
161691
90409
181958
139870
158327
177422
174041
156304
198251
167241
182697
161060
172021
138391
194951
71610
173122
12416
159134
59720
185922
170073
193052
125123
184641
185555
114003
197245
102417
146557
99575
178625
161422
190884
98901
191077
163889
199353
177384
177995
189571
190913
141737
100115
66371
30583
119462
179020
198380
168668
67490
144218
107158
170334
123235
95917
59011
97223
139233
121847
112275
137395
174373
118095
190191
189243
52719
185292
197039
40188
192248
147406
13446
196814
124971
86446
84765
177652
171737
144701
147177
177151
60012
125029
78430
136993
192533
137706
54606
47588
174945
178652
168520
198190
170146
193927
163265
170467
151348
95494
128700
121003
160396
127630
164472
199692
141830
175834
60281
195898
168728
56043
123869
151064
82191
111546
192392
165724
174025
196514
191516
116796
198193
177356
142674
185567
194250
81844
180583
184895
166413
141203
16482
194484
71018
163495
83174
198337
78098
179210
155184
191301
184653
135519
78600
70848
172638
110945
161032
86508
102573
198827
192898
133582
73803
89147
181604
177586
28829
160262
92684
150909
154019
87153
153265
70403
91480
96702
123918
172598
186250
174933
59225
50469
175814
157428
198937
195405
126271
144986
168438
191292
28034
183271
160884
160055
160181
124819
199100
111205
149880
119744
167789
183523
69259
144129
173162
196776
185321
46197
154227
191740
169957
74863
130344
143736
80495
199705
190978
194658
171854
184333
166223
102215
115322
108615
91010
33795
175806
152140
175660
167295
106263
184020
114607
98117
155893
166385
186407
82226
131743
121163
69383
85214
185329
195192
167236
41683
195885
193177
141472
129565
109124
174250
167285
16021
157513
194511
74984
181777
78681
167031
142806
123643
174677
198376
178850
179245
145508
189337
199617
104323
181421
193519
191719
127602
159842
69807
198672
117192
134212
195928
151268
169908
167639
193509
187798
174950
185462
140407
199978
159176
194268
167709
195419
71886
25888
104926
121040
158686
174472
151067
120595
99477
144684
179890
168324
121538
174216
198512
170825
187701
94162
151645
174532
147539
177152
194976
85294
190793
127027
114817
193268
87351
103899
178580
176706
122946
163963
127910
63640
196983
178124
65863
103785
191002
12959
146797
131697
106043
123871
189467
140327
196752
100226
131384
130220
114869
171028
174765
175804
164373
173288
190771
73571
173026
168611
89360
159323
195426
179971
163947
93737
74571
182886
160035
43382
134421
140424
93819
183052
194055
67918
151082
76370
190494
191982
161204
197096
94917
139343
198862
192031
124450
180793
56063
158396
194356
162342
196444
152110
88306
173557
61092
120405
121474
196882
161732
134398
158727
101618
145136
179989
183014
182813
160747
71701
99363
163925
197238
120713
156157
119904
15649
148113
119368
73022
134053
175072
75792
166330
112798
121711
127907
116732
165951
144156
189606
177417
93689
131141
193168
42528
83098
133760
191174
100525
198363
152501
199612
173264
152932
165677
169182
197961
180001
157469
191347
172514
189649
194651
151059
165989
184839
105631
114143
167716
173808
155468
195388
183855
166030
31950
104642
180238
106940
181930
116609
170365
182634
160255
198386
132930
181439
174597
193461
155269
84756
122084
73786
61018
120364
181450
179463
173410
194620
97050
53812
182550
196023
168272
199883
178948
111326
188582
87807
168369
153065
108337
198696
57549
148264
190177
178206
191944
105038
138281
182120
103366
194278
139634
194149
145353
121031
188497
110625
173190
95479
169700
164926
177115
176578
151748
177263
53848
189539
96302
179803
198060
179006
185523
175875
169622
179656
110146
183909
190689
198613
177239
136288
174117
188560
123672
45372
173666
192690
181209
147088
162071
175925
149532
59719
148151
101823
185979
163768
181303
183456
174205
120465
51845
84337
179229
194869
183262
118455
175155
109596
189382
172546
137370
161386
173217
179659
182039
199070
116565
93146
81063
157765
197314
176525
97164
199658
190487
152377
169699
176293
187343
185465
163804
75777
128859
44380
179285
182050
181912
135778
99603
141861
141020
161183
191394
69026
196785
189415
34840
171476
148168
153022
157780
190515
178234
187992
175731
85174
173477
122010
194837
147264
113318
195659
194894
148403
37538
192593
171336
190823
194173
152962
197935
178053
36986
79825
135491
195351
108912
176036
136690
173312
137237
129194
111460
60192
181082
142256
127490
152155
191978
173301
118823
188957
68828
175391
181551
171169
151745
196502
172382
170825
188183
58296
177849
99091
89950
190153
169407
187166
150955
189499
146912
179683
164196
175208
74175
163581
134163
177878
184988
195594
54890
145290
181183
93878
83797
151991
87287
128136
41700
199333
82288
195853
106560
193816
180069
184824
150359
128334
142941
140657
81342
181920
47811
121444
148122
155107
198760
192879
152754
71802
194095
65799
72872
130701
183478
107973
100290
197994
199582
198652
198065
185557
169275
199880
187548
176982
194628
197394
149560
186813
124029
129372
197693
189938
90753
160409
69805
130916
188285
182968
192869
65833
175301
197092
170548
189299
145879
169141
185287
193931
174785
127947
134258
110912
195357
39478
110321
162545
118405
199713
193228
196656
90946
198715
196845
196020
165733
197617
159829
199984
198608
159530
100579
126268
183756
151410
192510
190210
187824
189620
124945
126582
160240
107195
171458
194480
189368
199967
142850
172087
195219
183059
172263
88208
196624
125409
190433
157668
163783
142913
139287
161825
165298
187578
194847
180863
197727
103051
165850
167859
157316
94160
183363
149423
154641
139664
38800
120896
169669
195253
179214
192237
164192
157047
182188
157534
189645
119882
154313
157379
190080
173557
197669
164533
56046
128549
117155
164424
190644
160664
189837
195768
154227
193262
190593
174715
154585
124118
172167
177901
182231
115504
199732
199683
190116
175182
98417
199676
75618
127690
67299
191397
159655
158425
75919
102656
191516
120955
156342
139435
196868
182499
188971
182063
181462
180946
110523
181171
186894
192674
184017
185162
97157
192596
169008
104124
198965
91663
149484
187418
153223
11365
172857
62430
130643
199769
121608
55657
175465
199973
128598
168375
158997
155215
169967
192439
168457
96011
152652
81469
182222
184942
187607
197721
156863
80396
78792
194906
49323
116894
178648
160221
166352
174482
147503
60170
108359
143797
61888
126038
147354
149340
95518
197771
191731
126655
166695
167523
47718
197612
96433
178731
25144
42357
180605
128708
138774
193433
147493
33867
183060
166921
193939
134340
150079
149562
189250
192955
161232
122289
197573
132954
196897
87045
195152
90543
87752
180031
178831
199034
177850
191650
186144
139173
159558
199600
147466
154797
191806
111060
124183
160289
75751
160211
138270
159154
179811
180222
197156
152235
199084
96240
182676
173993
194290
121067
185521
123885
138749
107854
151562
125996
184437
181408
195902
75429
143523
174097
165578
185883
84723
124528
146577
73818
78319
75720
105743
158527
140313
140238
159625
65010
114760
128203
147510
196994
196311
87194
97143
149145
150456
49908
196243
194702
185628
180489
183681
197459
173889
161165
139330
166176
184153
140439
174045
163555
193951
146175
163403
192756
192524
147621
156011
182649
155569
151743
160907
192726
163993
140709
121863
72943
86417
77455
135727
177499
63322
197967
135157
147886
166007
169214
158779
152296
99457
197906
162915
199863
195754
93941
193435
114940
143577
190345
95199
152217
193429
78708
198224
148961
199984
122691
68933
86628
167834
151212
72227
185760
174041
102441
144383
152805
117123
106533
169131
197534
53552
34699
73763
76987
145441
113736
198625
191145
152441
76663
173194
129345
193550
137435
153719
119800
198892
169919
178773
132291
161228
107303
127556
165801
155619
198546
176045
161863
195357
194484
137418
197921
155939
66391
169293
199386
146760
178470
98056
135990
192709
181586
196853
86293
23351
190612
145476
180783
127424
122509
192848
184946
160094
182214
177939
159403
135001
165442
146838
193299
196721
193941
113528
178708
110956
145016
144243
134244
129819
46632
182885
120334
166214
178676
190964
184816
192947
96416
129645
168533
77551
196374
196961
113681
184158
182213
59927
160256
199471
196983
182996
39536
104384
150814
54701
157001
149936
164434
123659
194554
160848
177077
172421
75821
112818
178113
189433
50847
144968
103100
191691
108413
145818
102650
88125
197204
58831
109858
136543
170190
144490
108165
198153
174629
19747
183219
197103
68037
38672
73202
158610
146417
199878
51256
194217
151814
88873
105546
195705
123874
185567
164417
144495
56102
126731
53015
153139
179868
97130
190468
184538
140626
144281
67687
158659
177270
173885
141071
174413
182538
177165
190357
138967
177719
191758
199953
197162
190783
187247
132413
171143
199379
88705
132343
71630
124746
198280
179541
150562
157090
165298
59588
112855
114105
192387
59966
76176
172357
149955
65812
170140
199572
150671
106882
189563
182751
191610
145735
190069
151482
188811
140285
189661
160829
75880
95731
158952
192355
183865
63438
155115
139961
195330
92519
61018
183555
199500
190430
181149
191789
191778
170571
187999
191533
186324
144355
90286
142987
164112
180493
129028
185907
176001
155138
108042
166638
76902
151455
120491
193764
105860
111945
184896
185262
137827
153323
192781
62697
93162
93359
39911
67326
99849
185681
177460
158697
195876
165485
166199
193465
196826
115375
67377
150521
104729
159052
107682
121948
174035
198171
130632
100987
184743
184983
184167
129970
62871
194557
179128
135833
129090
164182
152889
181972
163755
142508
192227
153046
165202
170686
195777
20612
186424
65075
134434
134460
174557
141615
137228
173514
166960
187307
129240
171502
199860
82451
199997
166976
88717
26054
99386
164957
120241
101947
199450
199103
186750
195979
175338
93370
145921
143754
96751
152961
166863
192889
143797
126935
192366
128186
199808
195343
195410
191228
156821
95471
153149
171200
194828
174231
140069
165048
199738
77467
43754
95747
184508
101947
175508
198248
199751
188975
122097
146594
106242
157698
163288
111554
140572
25218
124652
23706
170085
181147
153634
94089
173688
169435
76383
51895
187628
187869
61427
111611
191415
174793
149171
168644
48613
152480
196514
94501
176564
186609
167861
157417
193486
121506
188091
57085
98243
183539
141506
166039
183666
192473
74961
158228
178141
162122
94799
188851
88545
142505
160015
132167
195731
144554
185103
145432
188000
144174
159306
134912
163390
195064
128112
160109
190571
111752
173727
179556
42568
188520
192142
189776
180178
198802
177515
189700
169883
158069
144343
160193
108285
183242
195464
197531
190122
157488
178478
43059
196935
191724
82990
195550
151700
77976
121775
159643
174152
116902
193353
140892
146704
192775
71133
128257
162353
127449
30312
185313
119480
199236
195951
95308
177867
198423
177413
145926
36052
142097
52338
133549
172085
163209
188158
191033
77259
198585
189209
191017
137147
172076
181694
195416
125966
197623
169661
173104
167229
73885
196184
125548
166088
199863
177606
123704
180556
194166
58449
197589
18787
63153
178784
122685
133561
198190
163481
196521
181365
109371
143356
179023
161624
199252
152474
76306
132829
144915
189709
186889
184654
151732
76910
197711
96899
195102
145285
189775
132401
183453
147307
188450
97202
197581
171714
96474
65254
136766
197849
145806
179114
171374
111247
196621
194545
192604
148109
174615
148908
145487
173778
172428
167312
163806
199348
199537
187698
165946
134906
172146
114401
199764
178737
199525
155445
129542
84851
196017
163102
102021
140334
121480
190129
139345
134585
163320
92843
141961
165864
110673
163540
173595
131739
156079
114229
156618
17497
135639
189524
192711
187196
167269
49667
149860
117271
115892
175172
196061
180103
161279
161216
110998
80743
146639
193730
62554
187085
179062
169132
195634
190764
184770
199179
127473
175521
161342
94832
197307
177799
52724
129513
163475
182106
179159
198881
34283
128275
177597
106811
105912
195142
170691
176137
173149
149872
169964
176713
181754
179386
137468
196662
170576
103460
146101
74933
186892
155741
184645
188146
173582
199547
186930
160369
140194
133039
142740
159827
79463
192435
168014
145899
150087
149339
171400
184827
140736
186872
114987
185264
153532
181653
172320
165639
197380
105787
193571
128689
171766
121135
141449
106427
112382
146838
142157
144245
141045
169265
195394
193449
197931
165928
196728
168730
160375
151620
56827
108151
110498
89907
171609
181730
174830
87532
110098
194157
183534
24931
153578
196398
173240
118194
183379
66079
191910
196292
177008
60126
182982
172645
163563
33143
195138
181631
167935
168601
178354
194165
176893
191066
190987
197933
29134
103325
161316
174288
83383
172304
136478
196955
182776
133790
50999
124946
186414
185633
184369
197989
114686
90006
107091
192239
199902
193846
173566
162944
189243
177062
198935
91856
169315
196201
46776
124368
164881
158719
170831
139188
132713
76046
182893
166499
196307
181365
152957
170987
199598
158999
170290
170897
194131
169378
196038
146355
168830
162258
172216
150433
113979
199408
157109
155923
196027
122964
189592
181050
173414
178612
114477
183279
100380
178488
141663
130372
188983
197471
178829
113977
192355
153660
28867
43815
191041
50414
130220
139015
163179
134258
131522
172300
196495
195152
167321
180962
162357
117637
196067
181137
173584
108535
199300
146511
108258
199115
73523
189910
199719
135837
195939
185635
52649
179101
177415
199697
165280
160151
130853
190662
175859
130769
103629
182860
176209
106269
175979
64100
129227
115675
175653
181971
188906
155915
35576
199426
87752
141672
123680
93345
122607
145476
196358
165111
186627
179415
186889
168504
145338
141783
190166
195151
71390
26664
175508
164909
163230
198970
172448
142259
199072
188804
197136
177887
166952
197246
109659
135033
175731
142690
81247
41269
167050
142870
139392
186717
163359
161974
129773
4691
152215
174992
143892
178872
169624
173879
131199
155591
143596
55306
150274
122316
141444
163039
199834
143236
69035
155809
192229
168668
161838
129248
183172
113628
143861
157856
168152
165905
185076
197434
157441
74586
155012
63722
44719
115667
138424
172170
145306
195887
29523
181861
88702
144945
59336
119254
137598
138065
149182
189828
180990
120087
186937
83675
195697
69911
188353
199394
89168
104130
90270
43933
175988
184329
143523
146341
79614
158868
178720
95248
141959
194860
186745
42282
181519
125597
132817
189019
132217
178786
195609
169165
188569
153420
195641
154768
198017
153188
196500
75346
194070
94874
178070
174171
193451
173533
120248
188106
40096
142875
195833
94995
189587
163879
153268
199405
40245
114579
175421
168839
163340
187875
104110
116593
173450
118366
133582
127644
197255
164934
157724
162014
168388
172205
79574
170336
89401
163087
73078
184004
70288
180837
165759
198517
132870
172859
198321
49887
170449
198122
177532
116486
178508
127724
41230
111936
42825
121675
141737
172357
160300
188811
164460
194369
193424
40467
188590
87110
134081
171113
96364
179148
185467
180770
170948
88457
72154
157554
198083
192206
153642
87453
199779
184786
178090
41589
49940
158622
113033
166926
171150
95642
156373
155616
153237
55478
103886
186409
192536
95739
181048
162610
166554
179042
197016
90164
168991
193525
110501
109725
105261
73597
199064
196648
134116
182338
198081
96509
148792
193217
188312
198743
49250
149343
137046
163033
120679
175278
179357
176716
41401
147051
157017
166072
180233
149313
156438
191158
197874
192221
189041
190254
171689
189550
143606
134256
199296
123834
190114
168709
67666
154757
192650
117215
112960
97109
193203
80876
190021
199574
117951
78088
156807
198153
186327
179275
199978
159852
31894
152344
114175
62864
142507
190937
141208
141449
191486
105126
198472
150021
198287
141331
120698
33033
42330
62735
97323
188210
130410
194041
182326
185287
100050
103618
194493
119572
140439
194741
165922
160049
33478
186680
177494
199923
159395
148375
199992
124837
146284
168707
106593
84221
194995
183700
106185
164239
138688
197433
113958
135605
120646
145407
174079
190660
119736
119394
163570
135017
190575
159131
178867
76575
17295
81552
74018
187320
158744
172583
172370
117856
129315
111352
171541
93110
61661
151431
135126
118575
158527
189813
137012
156396
76362
192926
143478
135968
29329
160494
170651
55703
179901
120434
86528
181662
157481
188364
69186
154171
145392
86688
176521
94805
108667
77969
168964
183490
195167
48040
191278
194787
51031
179318
167831
148019
195701
189780
195973
150001
55945
157777
76454
141220
183912
133514
113943
194782
158908
113970
190976
58123
153756
179303
114894
157290
181699
173579
47031
148030
136998
143754
196679
41010
104679
197809
183255
102863
84937
193158
175573
48114
177500
6740
71669
109010
175346
84475
193559
134413
196541
83928
196138
124722
197019
104013
179096
188420
54098
145474
192137
196549
176121
172358
190707
96450
171225
199328
146162
196002
148878
68002
149591
139260
115675
170353
191219
185412
192609
181530
198138
126986
152489
198423
120613
57751
199678
139453
100399
81384
162808
137383
187933
140295
112567
104544
193752
179308
127742
133969
192383
192447
187981
85001
153461
175166
189850
154930
172291
195633
184685
149515
195072
70104
189345
166594
155769
195388
155576
112479
158596
137834
191622
188849
174494
170736
91407
195435
59154
132587
77193
148238
157196
152394
130010
137602
116872
170837
131779
142700
190116
154871
198638
185276
93408
163051
197655
106749
179925
179343
152751
177715
187649
196161
181013
125707
156645
122534
187388
142425
198393
129571
99468
137672
192087
169256
64989
45434
96586
161804
130974
133154
191990
118448
186894
8912
92754
150022
144929
174757
132088
64950
191555
175345
197179
197937
199942
177336
187954
181239
138693
171026
188515
158515
198848
147477
177667
181015
198196
190144
199928
192558
145147
95834
195880
198541
65078
198907
180105
170772
184310
140293
141672
145299
185153
78605
186061
54173
187334
189645
190437
112090
180430
198505
189803
197813
174223
197546
165278
188749
180946
184812
180338
64174
190615
186771
196689
193248
199949
60640
41161
168689
186407
196461
178432
189763
140939
134470
134966
184125
100233
194304
195085
67856
195799
180316
89181
199585
79084
187327
70769
112365
198542
155910
52527
144806
169979
143791
143310
99568
95987
163894
130247
175459
194289
162069
65784
197040
124643
93828
161078
194690
147212
157852
156271
198031
84731
199112
186650
40150
193342
187654
171004
198660
65736
157745
103950
136488
181458
192653
44308
155265
26509
90703
115964
195617
175443
195622
84989
148840
111226
196611
190093
193955
174299
165449
125876
174516
198426
120480
160073
181156
37206
32067
174400
191139
192448
162996
57078
97296
194456
153036
103431
175422
199307
147913
175338
127367
195130
139245
198199
167072
177350
193514
168345
183959
199072
142497
104891
157215
172377
91479
183533
88353
188225
134764
171254
186730
193735
176612
195348
82415
195706
192260
111120
106191
93897
11069
156151
134940
198196
161298
182692
199183
100397
196745
100664
174789
106384
165646
150659
127798
155425
192470
139695
189714
196542
197443
63452
141481
182751
191373
172261
158277
195753
153203
196888
143657
127766
195715
197981
180509
162552
21205
38630
183213
141762
198031
160488
77765
117654
181068
146217
149591
198222
180579
147953
16378
93246
159125
191345
199849
80778
180198
94665
183080
181062
105496
174949
178630
163760
170534
139792
143581
135883
187650
137205
137618
128436
189669
88308
82779
154644
100037
195563
118968
169536
77031
117565
190355
113106
185744
170112
175892
181807
183041
183775
181060
195445
199734
125514
76362
155205
141095
49818
41645
43821
178431
169670
185875
196038
72558
57210
184280
188525
189624
133080
102635
199621
196819
177052
174348
150453
169715
107333
197771
197116
198993
168278
182890
199391
164058
122613
101105
195007
77743
64498
186998
192481
186760
179544
167761
114258
142837
186657
180359
173972
132758
120817
173088
191719
120169
173422
126631
152279
195379
113407
163563
185216
85402
179771
192626
181580
190783
130648
169777
22631
195686
155735
157064
67698
161356
35557
147294
184890
181137
93838
173920
192241
173402
67007
183730
192811
178203
199792
142048
177901
101487
139082
168250
131401
130372
197674
190278
172891
98288
167832
103870
176605
191425
172534
96121
95379
133091
122655
195830
187697
185486
162911
188291
187069
71439
182243
171700
176615
108318
174061
173065
188537
194250
183743
163428
160787
189598
171594
185638
139536
179645
152480
184316
129684
187612
124957
113801
192806
191982
186277
105726
97566
109183
199184
105139
14825
198007
159376
139533
183374
188792
167040
181645
176423
189665
57175
185973
137685
186489
99746
14878
172357
193839
179516
159365
82420
193366
190921
188091
191145
139345
143379
166680
107638
191780
188332
112054
184033
143068
151325
199766
95760
195017
193062
111122
181128
90418
192453
185506
185153
129090
88458
130626
63687
66887
165580
187558
169199
82368
169010
115414
198404
162415
182666
182366
186094
149300
147613
195727
155127
196226
163209
101959
157574
154234
174172
171000
182639
196131
199370
188406
110167
85781
167380
176578
135291
182684
183374
190632
198680
195029
191747
194729
143309
198885
192861
108711
198361
151964
113008
138291
169823
188694
161236
182813
195321
136778
131481
149348
192938
184723
122695
99839
181850
62590
198433
161662
115630
134251
53677
166156
162085
118106
189337
180537
196270
198564
196587
152499
185516
67648
178478
77267
130727
196908
87890
182349
17794
115194
199794
119335
187685
110918
175871
191280
75635
193098
132911
167380
30856
194377
138167
192890
189219
14546
191802
177052
172566
151243
113630
170323
151505
100449
138328
196155
193226
133754
197941
163697
181883
158905
199958
162650
125832
189966
131436
129871
159730
189373
155095
44499
99619
179427
67608
103357
53223
178358
185909
140183
178404
181925
127240
144186
158353
100661
165997
166299
193228
182082
127192
166359
181178
152237
79938
129101
193887
150377
164434
107768
198445
187077
195747
154937
199515
83444
78391
94029
109367
194714
99117
173176
131880
118015
174422
168904
191449
46563
194343
129705
197978
198546
192667
99924
56810
195797
180512
91813
199902
169357
196733
143985
121527
180499
175912
199084
151353
93893
173349
195951
104478
164036
134414
197304
99913
189798
192756
156181
147369
161699
198397
187822
169782
163537
176632
43584
191474
149419
113681
192402
124633
186962
186472
119876
87739
62550
124329
136253
139817
122674
194656
199450
97340
196071
166246
196469
166272
194403
179377
161524
88640
47562
188099
171514
143784
174049
124917
54875
152169
193530
95770
163252
168179
198479
197946
198625
179568
67975
156821
129901
196799
148602
196357
90553
199685
165666
146642
116162
149859
197273
57871
185186
130733
199553
186031
89227
153570
137506
152619
95759
121824
195673
76463
101237
199958
163268
183525
75221
170252
198234
199638
108563
177833
148944
187166
162517
199016
195037
190801
132795
84164
161298
179901
194936
158967
173440
96506
156335
133735
170449
147199
145140
183370
124125
53128
45954
173175
193780
168419
187525
181714
187430
194944
192301
197648
163257
181245
129840
191479
194341
196618
29271
198428
117694
121136
198776
148006
152749
190987
105233
144988
199142
164270
161830
199878
111690
151782
148604
166951
189205
151753
157628
186094
175764
184121
194159
198586
111631
193111
162564
53956
94473
88291
97201
179064
103284
124994
149172
137242
182385
199209
168842
133659
169223
105659
195353
30357
187471
28132
183359
177415
197741
196724
195601
167401
173159
181443
124634
176083
135397
93815
167970
140303
125922
189108
12028
160595
136245
183610
195843
131128
102033
171657
164266
139305
199368
127894
167699
144301
153964
141644
194602
114454
175387
176228
191317
140863
72925
141829
186860
128164
138325
123647
104232
183123
183738
198276
78326
141638
161653
117873
173542
144844
187186
175999
93538
189699
105306
167055
192096
196192
102948
62245
167516
88364
152647
160622
190756
77923
199594
192098
153013
175846
161382
180010
88411
162859
187950
190921
68328
81078
96762
100885
195217
86161
150521
96553
156837
110313
156655
194273
171861
149172
198440
41059
167933
171661
144938
176445
198241
184289
171914
183361
195351
97291
39617
185158
162189
196298
158026
187821
153495
96450
54492
191922
148380
145326
115675
195857
189321
172718
138200
197977
193393
113874
37609
195763
150341
160675
128134
93262
147527
152143
139930
190063
112185
167018
197140
113759
132181
184761
85267
154974
199931
181673
107094
149776
159907
79090
172920
85854
160765
197267
94416
174045
169353
188202
153412
164639
70142
173534
162793
128606
139174
30253
186327
169855
148835
40717
36308
197065
148754
185733
100850
153705
123273
126894
124051
168689
198332
69571
185941
120470
196983
180233
162177
199803
197620
194915
118125
120772
170723
110204
125600
167121
185387
89502
146630
190120
153241
199969
182387
199348
151858
193366
116098
159209
174387
192156
86705
187101
182703
184575
155641
173275
167002
170511
112735
186358
168751
126455
149011
176716
179326
186142
192844
178822
197638
148428
154984
52650
186871
133508
99412
117439
100328
47226
195196
101816
193451
180053
92688
9591
156373
138727
180600
141541
153100
168503
33646
78828
112058
197557
189317
198501
58602
187304
194160
151524
199269
194366
114055
50705
105538
118829
122469
167463
182671
130906
105773
87031
193834
52465
167173
22784
171542
194391
169642
157206
130138
2665
176225
142280
188502
192787
176946
166756
134526
193949
179897
120809
70653
147932
120096
189703
150474
146640
137334
168373
132465
124827
161555
193680
181877
184683
187054
161328
108969
129009
59988
174454
121718
188995
136432
195388
189279
155041
187352
199606
191705
145453
131344
180632
178616
81296
155023
94370
148440
190452
168412
92664
199816
172656
61917
193436
196689
194352
198021
156291
168956
55473
182749
84742
190036
169700
150654
137429
129160
157918
197632
165510
158989
198938
155375
195368
147267
137252
126462
93650
88832
67000
154559
162184
149188
34353
198751
185006
198615
170249
175487
158502
176411
117817
194404
196412
132870
198083
185417
136146
52442
197307
199444
199365
172997
153137
186284
191625
199383
193294
130676
179556
141883
115726
133410
184417
190707
183917
131434
180267
194832
148586
154980
158820
51878
187048
142409
199136
144426
150322
197869
198219
199471
163349
195174
121299
192986
172019
119696
154392
179073
76242
26259
156184
182796
168412
102029
176238
160193
157338
132124
198885
188632
53405
142616
184327
172694
137268
185444
190093
67998
95836
199199
168459
84572
198129
196156
197413
128391
152538
195173
182491
198787
13237
37598
91757
64989
134599
183454
87321
194257
65717
130877
70769
180700
119430
99435
198045
194420
163230
167999
130707
47552
165174
161494
199954
63059
173143
195400
188273
187409
123219
191013
164235
123748
110173
4826
158876
185814
188113
142973
193182
199626
147240
177172
148034
46947
92265
147896
182842
177929
195259
165975
186332
167769
153970
121117
184497
175892
188580
180585
172051
134975
10289
197886
192619
198384
118719
126511
162727
179184
158042
166748
169985
47715
171237
192653
197843
199863
186174
130259
149250
129829
186305
152484
183501
125245
119504
182875
149840
92589
157271
39633
95025
32244
191397
74231
192533
171428
85880
150948
199644
109314
125646
198278
163118
176261
113020
169483
167182
118977
141806
175985
157553
169376
92334
80520
154065
173566
195019
135697
177790
159302
111326
154704
84349
123094
177741
130989
187083
172497
187669
118306
194790
59382
143554
189844
73657
116841
127582
64132
95754
159454
143886
159207
106808
131969
179581
94477
98200
171724
199261
47731
157908
171661
192289
169374
97177
184067
197168
161505
185006
168002
192102
142684
197736
198650
187783
173576
193421
184313
188868
129942
120800
151377
172059
180556
195254
190707
171152
148054
129636
140170
154397
170612
199923
112966
189129
147713
177975
97503
160333
192255
193399
177165
164060
140440
156626
132440
88061
194533
168968
146907
191892
140479
173910
127867
23973
144302
194866
74108
165356
196023
165863
167165
151456
169438
174669
108738
167897
199886
26333
160535
161473
157559
194476
70794
198391
189368
195174
190835
69479
84041
131330
149411
182541
83307
108360
195838
134794
89034
183381
57880
106533
135131
195275
29742
134622
34091
117151
108369
185387
173404
148930
190860
166071
173506
155852
137921
143911
166214
65370
126495
183019
89324
193887
177734
197913
155161
152607
173069
130694
183164
71701
168129
168554
197866
136879
132796
19060
149432
104902
152364
134459
161459
191869
179368
106776
199531
43164
178100
134966
111484
186200
80725
136575
172008
144781
199685
149140
199020
199034
131357
99283
170285
176647
144691
160530
193723
194169
115250
190494
182538
134261
172199
174223
159783
176197
107792
188849
11086
140328
133545
162900
139837
184512
190569
169798
196991
141400
50063
92706
88788
161179
194280
185162
195082
185929
152633
79882
173114
123901
198610
179002
199213
190572
161828
199034
148383
197339
181259
157469
185486
112490
153920
166776
180440
49093
184603
70025
191774
180403
159513
197508
105614
177096
63722
189424
197265
141253
152285
39125
188202
198789
96558
185746
120836
155038
199914
84257
198672
68626
183697
168874
176552
199252
186900
168181
87227
163520
174405
174045
199523
58532
186950
81273
145778
199964
148489
174419
196694
161124
160582
171301
128316
179093
166799
155550
49827
161441
195424
146056
188823
187931
49306
161914
196564
81848
193029
148869
136544
118571
135944
159685
141325
132592
99610
158182
177559
137523
193846
169016
147845
178718
175008
143515
172411
196446
197886
151530
187682
169889
180360
150662
64104
166338
112852
166617
141590
188987
81970
199132
83519
158515
178973
163830
171379
84754
149283
119920
154323
198782
163278
151121
116359
144403
120555
160558
162816
149982
192460
113434
89022
90439
87644
159361
182849
187637
62948
179897
158976
198411
174793
142931
133014
189883
160237
190643
169699
97701
170820
141560
182180
125582
173446
196151
109210
142427
115367
148486
178852
98662
81625
144871
184361
129516
196029
177422
156711
128680
185475
91858
146420
156695
189012
167020
112938
142678
151381
199199
160736
148458
184646
175709
141097
107754
189669
163393
167451
185926
128875
168649
166833
155241
161127
189726
186750
154836
172853
155254
193204
61025
126667
159444
79878
125900
77139
143207
126917
190199
95912
156875
173349
161505
191883
139752
126955
111247
180603
174288
176398
127238
180231
172833
81816
147934
179937
179002
197925
187796
173510
199883
182122
193837
99081
198040
154148
159257
183213
174161
199281
199030
154822
184753
198699
194439
188306
198171
166119
139967
158555
154373
146237
116306
139317
191099
82031
151163
196656
128264
138537
187398
145849
102885
62099
123410
137919
93731
184566
159917
99462
156603
194831
199973
63718
194505
143173
138884
142421
171785
137868
198710
192604
118280
198278
170789
187209
66311
173984
130428
144059
168976
77640
171402
186903
166563
168399
131087
164087
179916
197403
103450
110288
193590
161686
142654
197074
115713
189977
124523
165624
130496
107121
157990
125200
170823
163576
109788
122270
185340
143958
111247
144982
180561
123585
66554
23531
180833
189090
132971
119421
143493
170429
139249
128794
145605
193982
174351
72507
59923
157830
194114
161221
194722
112864
108761
126555
108652
196842
160795
166383
163955
103205
113010
189265
80393
162217
171509
52932
160675
170353
120393
169833
191290
176029
152648
115630
198374
65721
162561
104158
39687
19392
181592
165370
171200
194495
45067
42164
185720
163009
189454
167627
196724
194296
191127
178514
174931
94148
165745
145958
193565
145713
118025
101275
158785
193267
198680
183816
179752
158924
55709
126007
192953
184754
195946
150621
164251
75295
22137
165093
14495
193449
149092
181458
162991
142674
137074
93020
150210
173918
154011
169103
192460
160819
58993
98428
184837
119291
157935
139831
185999
143654
113067
197883
197560
109846
88368
163550
50422
109514
152884
152870
165169
192412
120152
199792
139984
190594
186822
167789
93477
198776
144018
134380
156677
160065
145964
86061
107704
122740
147017
197786
193189
142217
188958
178520
197694
157959
102132
97232
103316
184412
62335
157047
152407
148316
198937
91583
188792
95641
134152
136021
188332
192913
184174
108711
126625
171188
125421
53208
62686
96203
156101
110826
168062
112699
127027
172274
192624
151572
198853
152591
104249
102656
170525
133430
182699
180506
163634
72351
192516
143875
187519
198505
144131
196794
118213
197581
58486
170580
192881
199950
94801
138800
162189
161206
85896
152201
86556
91594
159893
86203
127353
196856
157856
191964
69144
152067
140985
156662
193034
141852
125751
182907
38978
118184
197981
105133
168194
130184
181918
66827
138363
91837
81531
84038
170756
34619
171221
56855
118886
128334
177282
192147
125995
164964
90062
148316
117417
127922
130549
197531
40957
182719
183711
173941
199916
143146
191082
80751
196866
90885
188515
117502
132617
86261
197525
179499
162050
196664
97034
75083
138803
190942
198278
112121
199991
153632
120470
118932
154533
169695
79451
111521
107973
187906
191235
199992
199391
73529
173819
196975
188707
198628
199124
131996
170865
166233
51072
167884
92504
195504
141114
198909
129542
168889
196308
184964
194538
179747
184383
187114
176968
196495
187436
175208
120737
166539
182154
168975
192047
74505
169983
182055
174516
163563
173559
103325
198257
167340
141469
189101
178262
199836
104447
188427
49738
86767
123298
172829
124143
195753
136966
144783
186421
162776
193525
130476
119438
85475
195928
78714
154289
146161
195058
6945
52897
197541
169213
192298
67084
150159
166279
198912
191166
148504
176099
183265
160633
128391
199443
193128
20061
164149
169574
178781
192637
138639
103059
189270
145581
141404
158415
167634
198828
181242
148027
124462
198005
126348
64659
167795
147658
68453
143859
154239
184036
146667
144577
168531
144381
199871
157075
185941
185242
194860
113931
107209
173989
191829
26105
185856
199247
181793
196655
187737
163799
183267
107510
88384
152426
194766
175113
193244
130127
108910
44949
197065
197143
196724
190545
199050
48329
197891
189970
143170
179971
174082
198709
188428
47937
185403
186957
199028
141822
196204
194088
194643
197348
195248
134161
125086
199337
83424
139606
144138
196599
198909
149413
141535
195788
196689
134470
199771
162508
144100
184132
194309
156659
163451
172524
152870
199705
194782
195650
178045
174986
197134
199977
121764
162782
149175
90863
146929
91546
198885
160917
180761
139910
138875
116538
156473
190239
155450
78104
179787
186765
181579
161148
165591
70236
199319
190275
167605
114855
187532
147529
99262
42937
177859
109017
197246
110791
174737
78250
185272
187801
169700
187693
199457
199967
187418
199380
179487
118907
184613
142243
11413
190805
67178
50673
135381
50215
195928
159011
195956
134347
84756
121575
159353
80614
183463
173854
185746
130118
170802
122421
174859
64005
191302
194644
195916
111436
91885
195346
177839
140137
59060
110678
164206
146599
187174
91238
132706
194250
198656
138075
124314
195829
198521
199664
193042
179379
171783
99875
140967
97061
31137
191525
198113
111073
196138
188650
177710
117881
198265
89113
188610
135039
101205
196432
91352
141821
105516
190548
183951
150796
174546
158722
197813
185190
144567
166007
156209
176739
132363
166318
167587
55258
138641
170820
163568
138814
154888
177256
179596
32970
190764
163209
125316
161374
145603
192732
140166
152281
137905
78687
143379
167687
140442
196374
148017
37613
179659
156004
118734
126381
122002
137564
169025
176824
198831
186758
197908
198912
120990
185871
198494
121926
149126
189795
169979
138500
182759
190216
44893
199732
111311
186375
183463
185015
106587
185894
186307
185498
119924
70435
85098
158799
189688
187989
186311
180218
164811
176097
168646
95491
199708
146929
123649
134647
63521
158735
198648
124407
135578
103039
173003
173759
175337
195807
160696
157410
189497
15882
193085
119750
135295
129838
186339
108420
143704
194371
183316
192902
184169
162475
132274
190701
149087
86339
37417
138771
165314
194641
141886
194796
178141
12146
168399
194736
178747
188418
188958
169967
181196
197316
96177
180867
196588
168978
45309
158663
193268
118474
170972
195157
148038
64136
176600
185003
167599
52719
191201
197538
160881
182664
79931
109885
194605
182127
190165
97709
183041
141940
197138
191569
152433
164203
146769
92265
170114
99830
183343
123159
163737
189257
161272
84863
149878
193105
197360
174557
85623
195960
184659
120832
168278
170800
167595
198259
179304
71872
168357
179908
93102
189598
183485
158679
166804
186433
183594
149467
62055
165703
93313
90635
178033
124711
125176
188975
180515
117646
198862
148087
169368
147088
154888
173021
198452
117566
138387
123053
94214
185029
190003
190887
129323
138427
118200
75029
172343
130351
171618
152736
194707
161734
199804
177744
191886
128772
198187
112613
87380
199023
119193
180423
143704
161012
167154
154267
99103
92110
147759
152738
187935
78194
166143
117631
196252
196555
146893
46220
188479
167071
134319
163295
142812
191829
167116
121809
158549
101124
173802
189117
198379
172490
127438
127535
89897
86401
83192
147629
57384
96310
70571
150717
145026
188442
186348
195241
182416
193624
172273
84067
84680
188235
171567
172016
198686
186819
196169
79219
198943
161643
186167
192342
181551
38642
190057
80431
189524
199405
188457
172652
176149
64971
111234
180795
191686
199827
181815
94445
178007
35269
194926
188823
151842
53206
129369
84777
155330
116113
112937
10153
119545
171562
138032
171876
177468
178380
103223
184635
187688
76136
180964
198081
97032
82483
51788
189752
138002
184310
110179
119509
168611
93439
184153
112496
85732
147377
57062
199333
161171
173034
47550
166123
189560
163710
88581
79957
153481
20318
198837
196304
133203
174120
185905
199194
113980
114121
186696
132803
163931
169096
139833
120826
114641
30335
171329
189482
123216
81067
169962
198216
150477
173282
196235
197508
120406
170887
190452
183190
172756
186487
196397
188634
154340
180426
28434
181458
47618
189169
139241
193421
130699
13234
199562
164911
161155
196143
154594
187669
155256
50238
195894
150966
152970
157057
141725
63858
150407
188245
127798
158905
182935
171911
170712
199954
163929
64884
199046
109314
73594
150216
29489
198535
108574
172882
184300
137888
169998
40384
198199
196013
182090
169810
185467
181418
181151
112060
178107
145413
151463
163578
135884
155554
112166
161887
185504
64753
194007
191544
183125
121873
175754
170875
164886
165776
141625
57625
133279
118064
199147
184935
140380
154112
80879
193469
192544
190345
124453
45351
199213
111300
106957
174769
98695
153887
197931
38855
179859
145392
193651
136911
155335
109109
38008
196143
102054
140247
117970
139142
92382
82292
164487
163112
103994
101458
175582
189190
196870
194043
187790
161022
92287
138992
158262
164263
154804
194018
107163
193736
138132
103970
194460
165014
137734
108531
199411
155653
198562
148501
199876
175804
185142
150994
165534
182727
174943
197706
186553
123629
199122
132974
175218
108385
152347
197594
182990
70269
187124
108079
85878
142370
193784
76644
171769
199650
188495
87885
83353
55366
170432
180238
164074
117054
152185
156747
194102
109537
47895
118580
67358
172358
190437
199984
36709
133566
151561
172055
167697
88067
155099
175731
150008
150330
158174
153449
166874
114932
161923
198542
84885
169176
126628
190707
99924
57136
34584
175263
16479
197597
197181
84796
186660
147833
175671
193358
146060
184864
104555
81001
186375
53254
199847
158306
140653
167000
33185
82813
153401
186294
84030
133424
164015
163583
16041
190319
155920
152962
191698
100516
139550
180439
89367
181077
28814
170705
199702
134321
165240
67040
193166
152766
59749
161622
174138
178965
198688
175869
185753
177585
156562
102164
139245
171069
170256
182977
199452
149602
151992
192137
129502
199087
198230
174688
54351
125902
151975
160445
145597
179748
192132
81518
161243
109261
156631
196738
120048
191635
197648
183024
194280
180394
110764
111413
187612
186495
107365
185543
166223
184359
196480
66915
170453
158596
50778
179732
127916
196997
198055
46581
195808
121226
173469
109854
81134
135271
62621
122066
160558
176108
82352
172389
174329
157420
191516
176392
104005
151841
130308
108402
149244
167363
152527
174956
170797
148419
70351
189027
172530
125049
162434
156680
82431
129901
187288
179450
194328
151598
198244
193325
199333
90830
188630
159158
174134
143701
39651
191682
97143
194965
197781
54646
198021
154947
141420
197319
157905
172990
158595
167321
183117
32168
145707
173918
167023
144171
87771
197565
195946
161108
183123
199500
108049
141403
199122
191273
194800
142974
177387
131004
94493
188457
138541
184939
34994
196588
199298
94377
199167
146059
100385
157838
158021
165430
119562
187092
112802
157755
126374
177252
170794
181042
193549
123920
192823
137800
199883
61697
149723
137886
109510
118921
117763
81882
172528
189948
123072
194159
151277
199079
110807
198871
192963
138056
169695
186356
126711
19438
129858
191168
122108
194448
83620
109036
192306
137892
51616
76584
130241
179314
180416
144647
167292
160114
129351
105538
49342
130144
169957
190909
179763
190485
135219
112774
168002
168098
198819
135801
145177
127898
162773
83718
197701
161027
123255
194237
166966
135331
187596
195081
136450
166395
39931
134121
145851
196590
173211
189155
75329
121866
199050
198451
199034
172314
94123
109282
197992
106570
178281
155003
185988
180537
189600
189763
196781
173864
57663
121461
174811
185065
111533
100113
136814
199548
177880
82528
52200
168650
102209
136904
121541
184082
154172
122531
141114
187877
191742
85038
173719
198148
176966
180348
174797
85045
196638
172090
175559
156997
187717
198370
193013
195787
47366
179104
187085
177793
195498
166009
115578
198876
84990
141350
76920
176079
165102
195823
165536
197360
148168
150080
147979
192856
95951
104842
140677
198842
158603
150301
197091
121968
62004
169004
91109
160850
99004
195965
160894
160946
91506
92686
194617
137486
177083
189491
104854
150927
108262
82074
195859
186245
198900
98581
183461
126840
191028
159884
125940
193389
169121
56136
195225
198431
196789
107378
194655
192715
73854
192358
106798
170370
148070
190127
130610
175067
156667
186261
144848
184259
152364
193401
123702
138684
129126
199589
181239
127036
167266
157178
189873
198110
155956
186556
86726
194383
189274
137892
197898
184611
148144
196259
182249
61304
87148
175175
159071
104976
165669
125224
95742
192410
177701
185495
111680
199400
175008
95120
179929
163243
193097
142354
194254
154227
134792
148151
87068
22502
198425
155683
31910
177932
134017
184020
118420
150488
98675
196505
163128
94716
145381
181390
153154
184491
183865
178416
198523
131134
195203
104967
76957
136362
98895
163149
72860
195141
164644
152106
120007
149773
81749
151202
142262
112548
183196
114629
139446
80627
198431
126445
121654
140362
192861
96609
139358
106128
155442
186256
194724
108763
194976
168761
127190
173753
130380
165229
185106
174833
60009
103758
194694
172616
169665
135986
63068
198564
133781
160511
172239
120334
184988
197664
175508
179261
190981
127171
78244
168120
132834
78744
191710
198791
131772
121316
176842
183177
160563
157685
191295
146199
81097
169981
174939
59856
59004
180426
16558
150179
192830
170586
199291
199415
160791
189767
194513
187122
179176
159737
130369
184942
173390
107448
156447
174575
183821
12881
199556
132435
149283
155841
107869
17770
154309
190539
57349
199785
155028
188664
153750
95049
186507
129245
197743
187083
146999
178089
139878
143648
170017
113747
128752
194662
185165
193769
164639
164510
175683
106297
177375
154497
160137
197168
50617
198224
80417
108137
174147
188148
127704
127469
197589
137186
142021
43211
141916
184792
185527
199399
114853
195129
198017
198002
199196
196991
147470
190900
167675
79716
196631
165970
131717
107916
196723
197112
154017
197554
40655
152262
161049
107736
196432
89322
171250
194175
188408
197103
196522
70344
187550
182596
190480
164296
102904
109309
163433
106242
74607
138782
185204
196698
77491
160710
145815
149348
182799
150664
136965
135873
188105
139289
81061
105862
149721
169531
180158
107258
180735
171735
175400
188489
182647
192023
124111
148096
197354
186652
115761
199615
188113
197714
149420
195152
198287
181834
114768
178020
134637
78790
140422
175172
196243
143167
195433
161350
166580
145749
181955
144297
98253
169559
96894
170103
189830
175172
157891
150294
146090
97503
196578
183404
198856
186148
105295
186089
150454
181257
86701
147378
160386
89275
123838
171394
120201
197852
149205
149855
144910
127774
191245
196848
195614
144935
172631
172871
141163
108311
178748
107425
139533
182859
120007
114152
190064
135680
185662
191832
34297
169784
107117
162189
88838
170731
184292
89753
100380
196408
197187
151109
187637
45627
196223
163511
111815
142590
115896
99010
195677
138044
196050
142161
146845
157341
170089
174866
82995
108940
193409
122580
199963
178467
149042
174830
186195
185740
196723
193868
121000
140497
172148
63950
181443
69752
151542
68763
168323
177145
76322
42286
127718
66979
172966
196143
185768
144577
135019
164134
124109
105134
115617
127202
135777
197817
160601
168369
106393
193798
194537
154493
145973
180295
130489
147216
38844
168833
125933
150523
115578
131161
188396
92563
182185
190891
174566
181990
28994
186059
197551
158567
45139
70087
127886
199847
148812
190884
183587
173023
199752
116264
103434
128574
135217
170056
182770
183332
122398
166030
177865
179339
175666
199199
164099
176694
104850
177564
196560
192667
145642
175324
199785
199281
192335
157849
90907
92575
196755
55546
98538
175653
153144
147102
136686
132547
191466
167848
186980
131558
167569
186815
177110
174176
174546
180746
181629
194473
193272
121256
196268
173706
98976
96366
106636
195178
149559
198506
185535
98647
99791
100965
160470
145630
197199
199938
12364
86513
159808
173537
182044
199547
150767
153085
129183
128424
150650
168938
182086
174773
108315
89782
25135
124531
65375
164686
154972
171682
104420
186997
106591
88740
199098
166787
177923
112025
158552
185071
97127
104209
178503
191913
115133
157628
193704
193525
130535
177030
179516
195912
73579
176438
83574
194134
50831
173672
199480
151539
67503
87773
120911
155964
178185
135058
187534
164982
148747
194996
175465
69567
169299
138922
182927
125450
101022
124561
91872
157962
117849
134589
175927
130641
49294
65886
72991
107637
157476
197369
196351
171490
180197
129106
199553
93502
173085
192112
128263
175736
191477
196303
169763
172761
108041
156422
157517
51829
198634
70967
192024
187975
165166
193349
184117
131710
157990
158575
89881
95405
118927
167065
29502
166883
164402
157166
68587
107020
76743
159783
189615
177434
162926
180121
129829
157199
123806
184973
189940
189215
183870
135322
132789
105888
121271
156734
102164
83142
101879
198817
86848
170632
197146
136308
173401
196891
96923
188650
196913
103730
147438
115494
163498
156069
100686
130631
97077
193520
195449
172622
166130
165597
108410
197411
196316
72218
177961
174183
188734
131946
174672
116935
125328
105491
164367
71219
121720
191213
138409
159073
171282
89810
198261
178682
172900
191360
172191
156682
136077
182231
177320
104009
196036
196632
192715
147509
197062
105691
180327
52802
126245
126249
166591
94879
187744
124734
112660
154435
191488
148592
199115
185661
183383
129966
196748
85336
154677
194692
193792
189338
177369
189047
117328
128741
186292
192028
115976
131284
158567
185707
173655
195690
122428
157184
157174
170037
128170
125610
140349
140137
194271
159199
148458
197423
77887
112680
193730
141071
59394
181317
118669
108691
168156
50275
98023
194267
154903
174986
185344
136260
197802
199844
198679
42683
198002
197168
171219
169687
181241
115305
186554
131788
95476
102710
128382
99046
160341
147642
198090
40760
163977
76939
166923
171990
107608
199366
186202
154371
143053
186597
167031
149259
181662
159600
139257
116552
173282
177768
115722
165773
179684
136383
163838
193362
147999
163374
199803
199992
167374
168851
197614
68464
198440
185484
138198
193801
136046
199807
182786
189711
163285
136602
100559
190249
164966
199700
161572
196599
198909
142881
134789
178679
179487
183350
81567
87890
7979
189418
159290
101554
162863
192503
191375
142646
199405
41990
190583
147928
161287
154279
169739
198254
107608
72317
119373
196915
182119
197046
141788
147948
163172
192756
66708
192923
116108
186829
156344
155043
197503
137685
101460
172857
141577
63583
84315
121931
180088
195048
176306
122616
115512
68426
182475
180404
180184
195381
31211
127501
168210
197343
179139
172628
155433
140245
172798
132018
68017
46892
175482
152290
174720
156167
126199
122723
168603
37961
199811
168156
187734
83470
66218
195846
115632
48469
194658
129701
58690
184313
97928
175163
149226
66065
196886
169536
65955
186027
197304
188586
178786
164077
172417
164458
129760
195108
158228
182460
76512
152730
122760
186218
130579
162820
119443
179148
157034
139262
182456
195777
121578
79949
56481
198699
109564
82043
195866
198851
148444
153689
196400
106899
198057
37319
184266
164327
194271
139755
197397
132621
136170
191982
180748
193561
71994
146869
191950
188658
123393
129636
173541
148857
140267
102122
151753
143196
197065
177823
188689
100919
198024
165391
199991
155769
182338
143307
189902
156404
154026
196184
141274
196079
162552
180824
197563
183816
198498
157400
84596
189243
73767
149507
190281
160170
112072
130389
132220
196664
127014
171823
190264
150869
130868
70934
183638
153839
153132
141124
89432
188978
141170
192457
173982
190612
93040
151104
196081
189398
181273
176173
45653
190392
163252
161619
190738
130909
118074
142442
176064
194484
198194
163916
151072
190876
108094
162166
156335
104615
194766
189079
105538
49201
65924
174907
185528
193904
183838
106793
195419
65203
153005
197558
154360
129993
161246
154313
104216
127546
166229
193811
175341
127133
139104
76423
81870
172891
173181
194502
178420
98324
141834
170586
124573
187647
109810
189076
198998
151826
197682
194502
197216
121251
146402
55706
195767
184545
172915
177448
180931
129660
192364
196588
121346
197271
123790
196252
136488
177854
127574
199492
188538
188391
122503
198166
191801
108327
77215
197463
172910
103750
154726
148158
135868
194735
176911
157804
194435
198817
136465
176428
194511
175759
177092
185001
104633
196514
199167
199686
172550
161612
190635
194992
158789
43122
184883
89476
196161
195939
138139
176058
161007
155372
197274
42127
117459
69472
199270
68338
136754
134762
96819
76639
161639
116021
110001
76758
190109
178966
197281
152962
193486
186840
167873
197961
114046
197370
191579
132394
184973
168038
178462
126542
174137
70877
143975
169693
199748
193212
196969
146123
194393
198185
193081
166852
94544
197662
120529
180810
168129
141358
194763
166864
174152
152333
127458
153801
109638
167199
198332
161131
124511
185803
80333
65570
123434
196184
124073
97870
199844
179886
153970
120634
194828
152318
178151
159266
181930
164615
183858
191030
192971
194517
194325
133200
61308
126998
169469
81667
181153
186569
106004
88969
194140
179200
185097
195591
183379
178899
149811
159549
162953
179893
118891
121244
104517
194724
197405
103378
192296
192356
161992
194298
110202
183198
184635
195537
102060
154888
192778
117049
161645
193100
186722
183569
116038
196046
156502
64703
138683
118732
179714
115017
161626
142394
169661
189645
192479
129738
181169
183449
198213
116042
128596
89576
130207
98352
159720
134154
188099
96770
171689
172360
88025
194707
199333
170175
75004
186906
132220
87388
47210
199782
128590
40013
42220
103341
113276
59650
59719
130568
150569
121612
179584
195800
186120
181707
137475
135462
148691
149385
195173
178423
167845
195656
188765
199857
195874
175236
189020
198213
173280
87837
169720
136558
173595
126176
169204
120014
127290
184604
180521
184478
187379
199323
194835
167176
142996
21901
152845
187249
172922
155276
175629
92087
183155
175043
195686
139094
127641
62954
186495
117845
187743
143600
180222
40918
197118
156572
183100
181418
177583
147705
195546
159330
199841
71170
77047
122844
185155
142979
169363
190195
95868
142412
128997
197168
190199
178285
67072
48334
151926
122923
132529
148883
183466
123626
130100
188015
194208
180434
169370
198172
181999
90277
167018
118524
180124
197405
192844
112072
194204
199941
150768
128493
151570
148838
184667
199488
141124
116101
127012
108215
146054
60430
70145
186980
187618
130877
199992
164616
119297
108659
177480
75302
188905
138979
120873
91856
181588
196854
156101
135535
72367
172120
142683
110418
183929
66721
108981
152499
131936
198009
136568
164353
199100
180449
133887
196079
126522
165591
163078
160967
165200
109161
68092
101855
137483
192556
147305
196655
185798
198675
148227
188071
113148
56108
99016
150626
170786
195129
144783
62016
6232
181296
196175
146199
167880
190515
158521
169050
180610
130256
190207
182973
199045
182882
125090
162668
121171
195857
188951
147846
170372
70026
188902
40999
195982
153435
121241
175407
139882
199675
153194
94278
183541
148848
199919
105431
81437
197528
93519
125296
189482
19346
199612
127326
182699
103467
186624
109102
177657
180041
62271
124079
150772
143782
109674
159567
90247
193267
195310
180047
184810
128140
185594
111303
172533
48302
180528
167735
69392
177323
163673
84686
192564
182470
162194
199020
198090
188105
163157
108659
52362
176035
167337
108637
175453
179608
185103
120855
198572
87852
52806
181634
148650
198472
124211
187421
176863
91639
128275
199950
181854
133379
191719
197425
137440
60503
194572
96800
192615
166726
137674
145278
175914
175945
190899
156204
147448
83401
178185
72642
165134
71125
143047
93745
139134
147451
79108
183577
167202
98931
199973
191571
188948
192239
74966
113984
184085
198989
196013
199392
150077
186693
118089
152472
197990
199275
198404
177319
170694
163757
197941
160155
158324
86312
104972
163967
141676
195946
188915
154139
161999
184956
141753
141797
160877
84653
198307
117601
149195
90401
141517
175759
185019
157159
140075
187806
146273
190909
155912
99842
9380
64328
192548
66317
198630
83476
97453
149817
144376
175774
110007
63306
184964
187787
153234
177856
102531
167482
189680
85609
172787
194385
199550
197146
130632
181837
138967
141446
149034
145130
67216
107215
121879
124617
165437
125017
130280
157638
159073
187371
198938
196566
143816
145612
110532
193151
170888
80493
62452
170798
59470
178285
89482
175115
94612
180077
192036
58499
69135
97369
104797
190497
188026
159521
175199
144874
149106
165028
103483
90362
110542
144113
199885
177612
110160
146378
53480
141001
147691
194712
135547
158661
182860
149202
167789
84098
179739
100525
199773
139572
189609
195132
165556
185580
191909
169494
193235
155298
194020
175243
107091
199108
193289
127071
117588
191798
155631
157581
103469
113711
103841
51701
162452
182615
148438
101308
145844
149698
177648
157668
171707
72128
41208
154086
183035
98319
179773
181705
172042
100360
161180
155362
82890
142804
158789
193660
187319
146020
192493
117843
196264
199738
137570
153098
18164
169562
80211
132183
175582
83783
77568
159484
192706
136300
60031
199068
96594
114251
120817
179131
197267
49858
55141
194352
104466
191608
118059
152648
157950
192966
197698
82437
184765
168636
190594
169910
199519
183478
37059
196145
111828
156109
44342
175353
191452
103849
185080
197126
89062
85282
83170
195741
195108
113033
185825
147335
140383
94667
61396
190035
189507
183642
192777
137460
125879
32774
101271
181618
168659
199792
194005
156171
160940
183669
157875
161534
187343
172468
155563
189684
190728
154726
71026
51308
164498
178148
130148
189424
171210
179725
155072
199849
156294
127089
162995
38485
195582
29757
137825
116206
59860
124777
195026
166680
128749
121078
193052
173213
188400
148319
185316
183296
99277
190612
197632
57877
142508
196042
54173
198343
169716
23048
171331
65206
97254
181627
198935
160917
63474
20444
180124
195259
185693
180231
179674
151845
196826
156983
174125
187643
33617
138454
196940
188575
176197
114752
176493
199394
186261
156815
187482
188121
125275
181596
146013
106950
130757
198533
199988
165208
174449
188020
174117
191308
173589
137601
195683
87321
154269
40278
184521
120622
199864
164803
156425
182611
180783
166372
82780
162141
125602
85397
192298
182838
127590
196195
194729
62363
199909
178254
197824
197287
162802
179098
187430
124717
156486
132752
180745
141907
193418
36081
197638
123259
180970
194670
133365
147347
181376
161781
144353
108606
128227
197065
192781
186289
118291
188348
175261
126230
179622
156471
188060
127760
69999
169950
199539
140539
175434
185894
136059
191348
191922
145840
197620
174032
139990
185792
88489
169588
19441
84546
188006
108626
169040
56803
194736
187397
185829
128115
166149
173795
174471
148995
137234
156049
183059
189933
128692
171538
166559
141061
191522
179069
158289
63228
132198
194219
137919
199702
195909
193801
179031
199001
162912
152215
134436
186700
193168
198892
174020
162061
104243
84642
110998
121545
67302
52602
141093
197669
188391
132892
98763
192006
184537
91846
83678
143435
109793
143297
191684
198825
193949
137952
57437
193677
101891
130232
60471
131691
192457
156325
190876
96479
104506
196908
152407
196939
195622
193461
87600
179180
178550
199831
193344
182959
192457
175388
145654
189036
173075
161303
158054
165461
195549
152177
182647
184590
158689
136890
87287
96455
196563
54119
151455
143862
169049
154954
104928
59083
182334
178232
153577
65397
79290
188599
125316
109406
154517
185376
191010
170846
137945
184485
191999
195154
157975
167678
131839
174205
183092
189230
111371
158522
187938
174085
172208
150699
138739
145496
160228
193592
189550
132895
186544
178831
112430
166419
175434
163206
140479
156679
146173
195564
195496
181414
101099
143202
157967
180453
191064
191948
144587
143291
182119
190964
190640
151487
177631
109871
71846
168744
119389
188597
58054
182416
122640
181183
169661
170907
124469
177286
71635
199503
105593
18821
183861
80872
190847
187565
171993
61082
159668
187453
93994
197757
172304
189982
196971
115301
197647
120444
183013
176231
174931
131828
117005
169525
193404
146290
195220
186813
96236
190052
123861
72806
173716
123755
194072
63119
179375
176970
116616
188710
197782
181516
168382
7319
197307
183887
98819
146052
178130
175590
101220
164456
143064
194278
139036
169756
195064
161402
195199
181166
184937
178007
152082
134138
105537
72982
40396
47177
109834
141119
156955
158952
192488
198120
196723
197300
186222
88659
155777
132632
44703
191852
157381
188558
123505
168562
178708
123396
190869
189955
179845
191617
125633
185762
77358
182073
193660
187590
186334
180338
122762
190242
110007
193538
161765
97977
177609
121463
142492
182994
170411
47047
198176
171805
82156
154292
143491
199864
155365
193368
125480
172913
177562
173810
193100
151484
199034
117294
196939
197293
31295
154662
154160
188774
199247
165790
172518
199531
181493
177454
127868
199499
196328
196331
98777
197279
142123
147741
105358
45421
193034
156885
123680
199412
183068
181790
153732
196244
90239
196348
158781
177258
37992
110308
19226
167947
131861
91175
30913
178223
188538
195736
172271
198416
181646
183709
131049
192716
103464
165477
90472
198890
82923
153884
160269
163309
154329
51929
156081
195115
182063
159793
199444
178420
123993
191729
194537
196705
193038
157252
175293
152924
160787
113122
198817
192407
90757
130977
166584
189358
129108
149848
163337
193756
99088
140571
36116
177210
172409
48627
151132
42654
101872
148576
134572
156574
99628
154715
109026
38944
172566
147668
190873
42989
66001
184251
189244
185979
147922
165669
188650
82288
84801
195141
171105
111492
105580
165435
24605
123294
139335
154451
180434
91053
83469
198215
90280
120376
199247
192402
52456
127248
192021
186520
148557
185704
163112
133704
164219
187650
188584
160646
171603
194397
150970
101350
182320
117184
128792
139697
73870
185482
198524
196011
182432
79011
186361
157746
197943
174043
151210
146113
94709
142750
175672
125746
188896
185367
95407
67422
86381
56645
139041
145594
197520
146098
128872
122846
190267
189596
199732
103546
148833
186671
175942
193334
186308
169597
172219
140021
142734
105509
192055
189973
163520
194644
110481
163842
181780
141759
92092
190987
193840
139367
164763
92297
150833
107897
161197
190551
147222
147301
148638
126963
193091
66603
101319
123594
134256
175330
196086
144658
158980
179050
24750
190319
140310
105659
132384
128618
107097
196391
104118
194391
110109
64685
150068
153352
172322
189873
193685
62768
112621
149299
178540
174505
187965
76157
162444
144245
173821
198634
127293
180710
88353
149957
173817
81740
167892
177559
180665
175431
82894
191209
138793
155552
98665
124071
176706
139598
191348
158930
111276
130220
188566
196129
193795
183837
156081
192281
141251
181923
165327
186754
102304
174172
198675
105594
143182
42357
194002
147639
188984
194430
149368
173107
193598
97385
198854
149927
199484
192000
120261
130348
169656
191310
86856
199766
103607
190134
107577
167738
153641
35072
185781
84310
157626
194098
93446
175374
104766
126407
83573
188727
199105
198521
171240
196312
176600
34829
151488
131911
194984
75133
165518
184387
186816
157645
155824
92604
116512
171785
116646
137165
153690
173226
185303
107242
74637
158942
149408
181047
159893
87482
186188
167351
140015
187343
191165
90222
198993
159954
187173
190046
188678
148009
126405
188674
169990
36972
133486
107001
199555
198745
199311
140502
199488
159060
199079
195359
187436
178621
166713
163473
199685
128903
193316
160829
185149
195887
115836
153988
152785
130873
99577
152641
195400
135301
131092
158332
8971
196017
177943
161212
178662
147093
196084
106865
193797
190631
60238
167356
161501
115091
198518
199894
122842
191017
193909
122408
172226
134065
198408
199103
191890
173770
48033
120620
181114
195597
149128
188484
101976
143611
183686
100751
158128
184645
182441
199936
195339
194427
187599
30579
141187
187432
145529
190452
156787
119666
191745
134807
134376
60753
112084
197955
143071
157338
186898
148894
146268
78514
59321
138239
40146
171615
192119
187050
146444
97838
145902
54754
33530
132580
83144
180758
179191
141987
94565
191816
170017
121499
14246
190461
162955
138029
87942
142542
136887
198395
114579
192090
118333
192420
191042
194562
196755
197446
112442
127846
21735
140759
182762
181460
162221
18838
153550
113307
154163
199891
180710
192248
91544
186629
180394
169696
199592
177583
199964
110294
152998
185973
162203
182243
198672
193989
185597
181545
176403
122623
194323
184475
101548
188048
195750
118821
114164
152361
183490
150912
157855
197193
170148
147278
199112
185703
17497
182472
128892
135893
152110
47241
152159
191892
192531
194980
191473
74521
180657
55024
75467
172823
180895
163695
136998
101832
148837
183698
164112
181369
84513
98130
180962
162485
198043
143292
165635
174247
196497
197122
163364
158245
148219
194683
195771
122413
83431
172536
64156
143678
107180
133213
191263
168092
113096
176276
110648
199734
187927
187789
176296
196030
190907
163566
118333
154491
158170
131470
181458
67732
90822
180913
139920
155100
191706
156894
116896
176600
198561
78578
161508
98781
129654
188230
189000
144635
189922
182081
115580
174876
173410
192164
127473
142247
147984
175869
169536
193520
119962
187456
153021
143524
150345
135688
195260
197935
162628
121197
172942
127644
75017
113448
183052
121789
83928
171195
165142
66465
77983
148099
66746
159734
75187
166292
64830
165745
182366
159151
161558
196997
150007
80705
140109
111793
198200
106086
89502
193123
180069
162000
51140
99225
32966
71580
167396
189857
152352
178801
198171
173159
190794
85228
194301
194271
139368
190449
198839
119026
105636
176798
168861
27594
134608
193047
190277
196684
136089
148475
197311
183087
181764
164011
188445
88579
162480
188776
153244
137071
199804
126093
177874
185080
27068
150087
148460
59965
172730
173388
159708
81688
140910
9257
196864
102892
167570
194484
185798
134510
179293
147749
197037
196906
182681
196488
102298
155849
176460
174352
70967
159069
187453
158213
179368
131621
137139
113475
42763
176173
73772
177956
153272
76672
187970
188683
177043
175204
38022
199587
196706
126858
160992
110360
195157
50634
171035
31521
154298
177159
171603
130304
140095
109269
199243
177241
85661
166202
128783
190510
135933
171959
67984
168684
199791
136539
181098
139487
144593
186560
192721
93761
164088
171190
152645
70486
199278
144039
185276
193906
190580
166754
187255
149351
108919
171413
100890
186440
186327
149863
132667
46582
198501
177197
97048
142202
155436
167156
81481
176600
181711
105099
43305
184383
159971
167477
188322
106286
150628
122217
159002
172265
180903
64319
148006
181428
195802
148907
46675
179357
132006
169531
125764
174893
90603
124161
170551
186320
167933
119230
187768
168611
191948
63398
82957
97388
193514
145185
183685
31730
152595
55558
129824
195768
190752
109138
199964
94879
62567
142595
188947
79309
175881
185121
146394
173706
179523
69721
58160
191782
129366
185066
186261
157400
191235
166622
139779
121482
188377
84349
142354
56602
121612
138067
95396
187053
126165
179352
120237
183539
199839
188063
137793
178092
155324
198550
154338
145043
84806
72760
191530
126979
164580
151064
102886
164220
158479
182328
159638
88577
179590
166936
50322
160451
154984
52665
136882
184553
181780
87423
175595
90399
199869
197781
185797
168110
195001
196886
175787
133376
89876
180132
161342
198710
197407
160678
187548
76094
150481
123167
193692
115406
79196
126271
166050
101795
141685
195312
198348
190471
148006
193438
173424
193837
172566
181877
126581
184280
128085
157125
165098
96022
146372
86342
145457
109718
125114
171814
190428
135746
199675
183469
141718
138274
176772
182078
180218
170369
178603
61982
182009
54245
196158
175592
182645
195949
84195
199406
145699
61147
132139
134219
193371
161863
143788
122332
90446
72684
176742
119450
197644
183174
143950
173708
185758
189982
181048
144183
181085
173920
69205
150510
182058
199995
160701
197793
185583
178903
192160
181513
152080
182783
193910
198348
181748
65111
194273
179814
145422
84058
164389
146797
186916
140892
141944
167625
127845
37675
173104
145200
91954
168129
155294
176007
152743
163866
97046
165214
199240
73923
102476
126786
159629
50590
110985
167338
93515
132303
171170
171443
174779
100850
197187
112731
156076
185272
192645
136698
197077
157386
141772
191519
115777
112198
102256
194635
33187
186641
192150
197886
137020
124133
197905
148114
160988
167682
194475
135577
194014
186636
184304
157322
195629
188619
153065
196546
187474
170984
198753
186160
128300
171766
117300
129366
190138
93107
194196
104957
53346
185228
180070
195967
56051
154886
165570
123221
188497
198738
163994
160007
113034
192084
81643
69678
130939
100290
171851
25686
194963
198420
178462
123542
156674
136428
197230
185892
189522
197146
80402
167460
106854
58609
189859
183394
147026
136942
168863
185285
162307
174156
198613
180512
150636
178795
163931
140625
192140
173766
199961
168028
97509
180132
140452
165679
123746
181506
167567
60115
172769
14257
160732
176254
189873
199420
186983
178038
192978
183559
182626
197508
165696
126422
195323
196444
196612
146628
99787
147675
81525
197793
175814
103273
194724
187440
175826
136205
131272
182501
164056
185788
162211
185333
91913
197731
181481
194398
189962
176455
184497
89491
91295
75468
194388
172557
108741
162008
133576
199752
193744
65004
170022
144298
161155
171783
155289
174270
197752
142259
91787
143067
191153
190539
114143
126807
159661
193662
173898
157862
189356
117449
99239
156206
193825
185324
197154
164688
182041
134292
126514
193133
192830
176772
128600
168267
196555
38463
128855
188804
181693
180467
161682
165423
194843
177037
188067
179501
180406
132223
134264
183923
78328
189095
191416
129144
190827
102463
173181
172524
99782
178619
144290
102486
90612
154543
168886
130598
164611
179415
90201
154298
129743
145592
178752
162377
195376
146041
192918
196906
85128
117377
153910
191698
41705
186480
160939
80511
194826
190113
83737
198696
174802
60572
123216
20908
157312
187163
116593
87395
191102
7143
191130
159820
156759
57080
191052
128940
75149
149222
179308
64848
82622
177250
189805
98808
190793
183642
132709
121764
104544
173618
169545
112820
76042
184206
112943
166610
160110
91671
129062
88582
82222
187737
131030
40143
155115
164277
132771
199553
122914
150139
178597
130304
113431
141023
195178
195811
184361
125745
191653
152805
117565
150923
77644
191885
196664
190929
199986
178656
149586
142171
180231
199997
165405
139431
187267
129666
170181
89290
92399
152078
155594
100237
168547
84526
179960
193784
148303
199932
128291
148699
199426
195111
101880
79347
187599
181274
131447
198548
177304
159570
188640
174072
176156
150319
195897
140062
133495
107248
97785
161424
174306
196086
193247
147558
90502
95273
192887
88875
199769
197619
79759
95069
190803
123053
180222
147971
66835
198395
139988
9445
73642
77923
173103
178185
147596
198171
198276
186307
123012
166550
182632
171692
162964
197335
197759
100751
130544
142916
86895
128715
119399
176912
129619
178915
165370
119389
5396
47472
185228
178047
113034
199901
161579
108156
174557
174971
135263
193895
175959
182765
182382
71795
187548
173276
148842
140083
194812
79023
198084
158706
180378
52867
170461
137910
71490
133574
199028
191526
198875
187303
68543
190678
23821
168966
186997
78443
63144
192150
179868
165122
198827
178493
194458
175115
178766
63590
24270
74217
170971
106710
82549
121448
169578
78038
188955
43529
198480
170562
140595
179953
199834
83295
195094
191158
199851
134376
156793
182516
174175
151101
99670
167269
120943
174528
194636
170517
167625
186880
174120
142457
171279
155276
91893
109096
134023
90720
50481
83698
184306
142297
106676
84572
45471
132514
110807
191295
183762
192805
43878
187761
82182
130835
133324
174830
31781
194404
166039
143883
173285
197001
174773
48122
170256
67371
166494
76544
157077
149835
26862
192540
152201
190180
197750
142616
144099
99886
170037
167312
178720
180564
156348
50673
193778
178256
158476
191418
127356
114987
185306
172223
178952
137523
183686
191533
197693
121974
148713
154568
135628
174482
158099
122844
192712
183413
157655
187511
87311
150051
140164
199521
198792
169515
192909
192864
148373
110977
164031
183021
138451
185285
199548
162869
110858
188113
161447
96165
95375
135649
199831
162694
49975
199641
199049
102385
165411
174154
74805
146020
156794
163842
177988
199567
190089
139763
193489
151201
174181
184748
188121
173664
185626
195161
189310
155430
170879
192398
96977
161218
111200
150308
37823
184390
178597
153284
145154
191791
74321
103126
151051
179683
96775
186959
151034
184984
64235
195665
169667
110504
146557
139540
192712
197362
121702
187292
128490
177751
66937
172976
127898
141846
53223
130707
54442
86767
189776
170467
109493
196748
198350
188502
174741
178252
103538
192913
192918
107748
189447
195196
161284
64624
190750
177599
85395
175373
113940
185803
178925
164969
188304
168159
135966
162867
163725
131087
187050
81499
119412
182933
198276
198634
193168
180805
172915
151722
99890
199833
63169
189102
32455
195772
197721
82566
194475
108566
158206
157583
172468
169590
190777
196629
175072
127202
153637
93022
160085
108467
176870
113549
189527
192397
169797
183756
99661
152573
116871
134061
97040
182330
183174
154297
180039
74338
188795
169291
156739
160884
192116
172952
141949
38468
131073
149056
177583
70718
158146
88432
143496
114168
147739
107039
190741
91687
186908
161185
163593
162656
128927
194185
165184
131621
176192
120639
34211
67966
197156
196794
179176
181203
133616
135710
199475
147840
188527
195037
84100
164700
170779
109741
190796
157028
106274
82742
148311
168668
153977
196809
179593
175776
88283
198686
187571
190907
189310
153283
195092
192050
157933
144415
189487
132250
185638
78751
130508
194694
198088
154095
182547
145571
197883
170502
138380
175126
189389
192350
102224
197773
152101
137064
189279
59043
193235
155448
183688
178769
142797
129602
64794
150667
148237
178804
198233
175784
172104
198451
105142
144117
163059
193098
147720
196495
190378
198943
161920
199973
189975
148458
159435
57555
150088
128767
159978
187349
163312
199647
173887
199437
186978
174609
193790
80044
137741
62871
82665
152595
198493
162594
94602
177248
164235
169946
76699
164458
24817
166958
167880
199276
184114
189473
120252
140235
176772
142585
65760
197241
191914
196603
167236
191706
78849
179229
180325
139390
187073
186215
161744
128130
198595
157254
151751
184106
133367
145605
194766
194403
167747
173072
185398
121685
26988
134510
163814
150732
192084
33885
171240
179405
69669
133075
85199
172079
154189
140481
182058
185005
187116
163684
142774
126530
120176
89467
180638
194245
191111
146438
161021
195787
198335
192087
147495
61909
141095
176005
44146
123893
175590
143852
108964
87713
174296
125089
190166
159549
116449
164156
96277
180877
38662
197216
189634
166561
56557
87532
108816
190407
197260
136343
189136
72341
187182
198995
192722
137424
28653
84837
197098
105108
186868
58128
188193
117751
171163
140177
193931
99088
198233
187599
179785
170398
43468
166725
133815
127199
130275
65087
122414
166751
160694
194574
173904
198738
199337
187021
167207
191412
191626
177734
154898
166871
78606
76426
189281
189265
194906
126199
198564
194151
49760
154163
66052
160225
191276
188823
195709
158120
198068
186860
194409
43199
185040
192554
103327
173635
194077
186624
119018
198011
173131
196992
192600
189382
179950
172590
190828
193081
111958
99030
102808
136624
186118
198557
151960
135614
178205
165916
196556
134038
13400
197057
198081
80084
112520
160612
92824
173944
150448
138623
180960
185555
152808
164442
161499
73688
198636
183675
180569
53434
127022
181667
157282
120927
196868
183044
191235
116002
121831
143574
163030
25659
191827
195044
192854
121040
102033
174698
172811
180556
197472
155273
175780
196863
194453
149880
84999
164613
105990
84568
7861
84562
187390
138588
103408
105777
108531
22953
183481
170712
147764
186273
154750
171312
180745
199034
173695
154971
132537
71876
197319
165562
197721
149622
164960
171756
144210
115254
153272
198623
172215
92870
168210
190636
130589
166241
72227
170641
189205
190524
198705
182956
187959
118226
199907
148555
171677
89313
198718
191791
171052
106155
158114
79854
139297
158332
157849
18949
96547
33099
173134
195203
82692
55659
177068
46247
173272
118479
194714
195492
196279
114812
178975
137847
154281
147423
134161
76710
190732
197043
133787
104510
139678
3542
105917
99607
176689
181068
146751
164273
71868
162102
178975
194185
98149
193862
112766
179136
168777
198219
94180
103881
137515
199455
176438
198122
160884
193572
80722
175881
153098
136266
166917
64189
198501
192189
175927
115966
135003
107134
93869
188344
173249
123211
175573
199448
29237
195647
155748
126135
196856
192836
196384
127174
170588
196848
94860
110755
81032
22193
160073
192671
180857
80945
188123
134631
182145
199988
192877
123145
191511
148491
160107
135922
198707
169096
154746
182262
170835
194636
199885
131823
136725
194672
55090
189193
34316
85526
196038
181574
187631
133643
176576
194171
186730
186837
98050
169361
140398
174785
72354
135128
149746
157289
181439
118262
172891
162511
196048
173359
169256
181699
189323
134886
198782
188172
182414
175137
177930
81777
88403
184628
191219
28310
107182
153474
124570
184587
182221
157475
146732
112338
120089
199683
197906
122421
192700
128220
189485
115434
189969
181945
147423
120007
165180
189259
66938
197232
90026
108015
160767
195550
188832
64489
149177
105153
167275
85108
165359
180518
70157
181933
21838
70022
162052
177840
120672
156542
167211
163876
80095
115065
117749
141327
152235
116107
153703
164591
189516
139730
28862
142202
199634
138388
32718
147644
139932
134688
154340
161001
163421
150606
187343
171435
171209
121262
158254
168334
198965
185270
89454
192462
151661
165938
159763
168992
78679
36919
141236
42761
145290
184502
192098
15026
164575
70500
147713
97184
156764
135555
169801
154095
189767
104616
117170
199717
196976
79796
82810
113195
150388
196134
162329
197423
105715
181559
101191
157292
185396
167606
178675
165861
118020
169663
185130
193743
167323
177172
134583
65119
88944
174658
182169
120829
199207
172080
154446
70359
188110
134413
171487
104553
172208
119640
152673
192038
85148
166583
186005
199170
137287
144625
162552
60706
17110
21280
160719
194385
93785
197856
146015
140811
175577
33635
86066
118518
181383
114555
183946
50414
190777
150560
194939
128001
152088
14147
145824
136766
153682
106414
190903
165919
180446
143971
130040
129976
143617
126389
183157
170760
164539
152203
166717
152894
181055
196664
144250
110587
197103
126815
90196
192132
179645
197674
147576
131955
172592
189711
127784
198669
38837
176912
95498
174514
195108
76653
99157
46677
182796
110106
131743
160540
87622
31173
196923
20421
157534
195181
197150
169488
183258
168455
169386
154874
186726
145919
173407
174281
81389
156924
184759
120467
24818
176364
192192
197201
178955
150036
157521
195874
140709
83804
34878
181195
146525
136195
180117
170907
198923
50798
196046
148890
199752
75159
87678
137395
173481
144100
197876
186515
109500
193446
189741
109576
183361
172819
179556
139305
114061
179940
158960
159172
109033
198465
160040
77128
136690
187717
158452
194493
178005
179110
172918
149962
147908
128639
180506
155313
193577
158438
70179
126884
195988
88412
197399
138243
168196
170374
176369
192178
147673
175726
149830
184999
118936
170209
125251
110046
146823
198418
90822
154045
199785
44334
174724
196653
186674
190086
83553
126315
157484
177347
169831
60539
78659
177100
160508
174828
198012
192916
59771
37284
147423
194841
150364
198809
137467
198466
158906
167309
120579
188993
130234
84255
182245
199540
133535
185991
122449
159513
175597
124352
117832
188088
141668
161268
143922
90301
119247
199499
68648
116119
199857
199281
173554
162800
190575
178411
115418
192657
195315
193141
137128
137078
181933
175128
116085
185061
196311
107480
177043
135435
176676
121527
129276
103622
182811
168088
170127
157315
64727
156498
195566
190610
153993
195130
179512
143115
192260
178789
151951
136754
182780
74018
188599
143211
136049
170235
173436
190612
108955
156249
180218
188739
88328
198755
177035
179357
194110
184896
197830
98638
196125
176713
160381
197391
194343
151630
121080
153830
94637
141907
134817
132585
158846
84437
196189
190673
195281
97359
150139
190412
153194
68687
131681
136791
179032
154055
193112
195739
190668
168632
184483
122446
118921
143969
86254
152335
126104
196605
79204
130412
198848
159353
144703
197232
137919
154559
76920
187061
165993
197224
163799
124221
169600
164752
51825
62632
193065
83390
186097
184876
23762
195734
176833
186946
108168
195850
52508
118145
198399
198931
90770
21403
117367
36690
195092
24514
147296
70503
197279
160322
199893
193073
186284
102990
125206
193913
160888
163514
156337
124219
199774
186688
198537
154356
139090
169560
185091
55580
178732
197161
83237
132042
180218
194079
191967
99771
56750
196384
73233
170910
162437
180970
183130
91125
124198
193294
128422
199654
193801
190732
197112
158962
199269
133083
95680
106325
190046
109958
199105
190375
193689
158386
193002
107275
143359
180458
157685
148152
191956
197736
199180
188825
188110
195519
147699
97723
199450
193692
157341
91063
192119
146659
198977
170315
25305
92655
199030
199385
198745
152573
108748
198993
135457
179009
100802
195660
146159
160089
126146
191948
180069
156581
130121
191762
96298
168547
199771
125424
129353
167511
117768
102567
187245
186758
197563
198537
68358
191373
154623
191555
164092
138935
134846
183881
104527
191801
197563
198335
183879
173613
144489
190964
114947
177939
142380
188650
189095
154521
117302
109928
78481
180316
168053
175108
133834
166071
193975
181862
136840
146584
152322
128480
147799
195086
188148
195922
195414
188597
98226
132791
197199
147389
199550
166615
115180
176940
125446
62410
195186
199999
154009
187773
61134
172563
67816
195555
198285
176658
164633
194784
182888
168165
101775
163606
117891
157341
106086
154338
198699
159086
181623
188207
103023
79271
95917
84416
192821
153185
111447
38420
153343
47455
195534
86516
195346
199408
131802
168400
168707
155527
50325
188872
182603
150245
180203
156538
152140
170699
179288
191254
197849
170659
169894
147861
94208
181184
198923
170530
175250
97818
133884
107759
67596
151049
159279
144311
131083
160390
141844
138120
94389
69090
164805
113170
195329
196811
190576
184619
79031
145384
199610
196793
51814
58200
199380
180348
199764
123988
85604
98308
189928
77196
92113
162917
132167
108038
131768
121085
41085
170261
185153
143927
170157
191042
187465
196151
95098
186657
190716
189086
156880
199831
177867
171190
144910
90680
166867
156458
35208
127136
180295
62642
166726
198931
72958
130232
138560
154088
60912
153624
143273
182830
182165
152820
140232
110562
190911
137922
190196
199027
181693
114464
132961
186196
144041
172263
192011
193730
197488
105482
190964
190222
151067
177689
194273
158224
175508
198455
147398
167029
199925
174640
91463
197452
191549
132538
163988
119663
182401
126854
173615
161723
184126
130057
177366
197981
120020
195178
149438
135289
144235
18583
193770
144421
192430
194176
179798
195944
177594
185535
24569
191490
179368
140321
198449
161643
148361
160492
100447
148469
199164
168764
192548
135126
192619
137796
184573
138418
190397
77850
155684
106938
185448
114253
60788
155224
143196
144295
150946
62429
128353
126591
132869
183354
133403
150210
128850
100880
117181
154103
180714
79349
197385
150264
143581
199961
190375
179761
184205
142927
132029
66378
195396
180599
166312
195323
166864
120270
195227
189895
99249
167792
163427
196607
176845
106742
130251
181780
183925
23057
142903
153379
115200
106742
169245
196856
137081
138859
78648
196415
164286
119381
42761
147943
192936
42318
27502
185350
160149
53198
77568
175678
171528
164871
111282
186036
189592
146513
195690
198370
135483
39971
163445
189587
194936
159328
55564
140606
161988
154461
196898
182009
177084
186671
177873
186429
161782
129731
120486
188687
197034
199354
186186
78473
187094
137945
179321
197911
157889
49779
170108
90013
159751
199331
135171
44229
180386
136914
187196
106204
132724
144433
77406
196134
68724
169773
58777
126949
167676
196437
101857
85322
111280
195521
166754
167014
189036
197043
196939
179204
186808
162762
164456
194502
193445
47675
165083
174288
197213
168558
182713
118936
185355
161116
150997
187851
97310
187486
131201
161124
104438
166864
175855
195339
157631
158221
175555
132760
189966
180942
164277
175879
64472
197193
78325
178316
198764
170831
185030
179255
165963
191583
198116
159888
115315
109338
151642
154909
119130
192551
189467
179160
82277
159674
114143
99071
191484
170127
194726
189288
192247
103318
77410
190114
41146
49079
189796
132079
198854
164979
128747
191502
197849
199426
156173
179110
151506
131438
195641
175338
102426
142715
122146
96814
197091
155773
180599
181818
187658
174089
144610
199851
165773
93759
175488
104140
199356
159043
64539
125170
57074
184901
184739
190133
177033
183640
134248
140991
189700
150426
199458
196442
137501
111819
57200
192995
75995
199771
178786
160886
41919
179454
196684
196314
186876
149175
199415
155503
193533
115253
142989
187405
148582
148756
191529
198984
66582
187563
142434
197752
170800
95513
197917
198801
145097
196991
20825
168478
152060
104347
156441
197617
185218
154305
87018
180316
184815
169018
199991
138859
165330
79616
169603
126542
83875
132257
194100
198895
192100
111668
178023
158608
28217
97000
96479
163695
196482
177518
48956
188500
189295
111043
164966
192688
171399
152576
173746
112288
190149
127405
180840
107195
187418
141195
189012
109215
199265
170213
86613
180359
198895
146717
122984
172450
180154
140491
92187
185245
174600
144161
167304
160702
74006
176460
165997
126609
88214
192915
60651
194373
87169
178100
195211
169224
176035
197207
188955
149535
199663
87018
94822
194511
125863
194025
141668
124425
197714
122289
111280
75301
197351
144426
199547
95711
167706
112456
194147
199147
177139
197380
171334
60286
124249
109883
113982
191286
199193
198914
181670
44479
116689
171848
156239
159920
188026
196438
196853
124375
167497
198760
29686
37927
159041
43314
169663
136345
183332
60261
168020
197085
189977
188760
37407
189756
199207
144037
109061
197517
87143
158182
198002
129439
138823
175985
167834
178158
81934
142678
117059
195648
185270
158349
143385
157307
129536
152474
35902
174219
199859
161887
185508
179437
191985
196510
155079
196684
188645
197905
180273
194044
45533
164900
176946
189222
191551
137739
96388
187982
199596
139755
117291
103809
174220
179850
174681
70335
199257
198807
184082
182576
101650
199528
169896
143665
184174
194600
187251
143217
156918
161515
138048
196816
176026
182396
170898
193486
56593
197844
139385
156962
59916
180558
199227
182374
174117
194960
166840
153265
125768
163246
193628
151978
195096
52327
192156
185645
189305
127889
197440
122634
152101
193679
89672
22549
104244
142845
10749
175964
62936
188299
168261
163953
186067
166004
141241
199491
86448
145361
194775
166788
187827
165320
173538
144113
61650
176935
101867
69519
178288
196731
164367
199921
49865
116025
152691
110964
179968
151598
157695
144878
86339
141999
194626
199457
141830
198839
151902
182792
192531
190771
199647
35727
180178
191310
191250
150430
109769
159899
39489
79861
82776
79265
139705
145123
124499
101319
86460
170224
162144
195430
153176
187388
44144
154081
165288
199519
157330
165925
174511
134048
118437
137747
180166
22067
162162
168230
142214
117403
191102
133971
152580
137366
79309
186897
87058
159746
195480
154401
196994
98640
193258
195368
169089
190474
199142
143716
199756
122504
129802
152891
196036
114278
126655
44182
72063
198715
144998
139146
171372
185854
168659
152691
150329
156237
196674
186961
180397
164979
158711
85411
188467
169688
182845
90345
192844
195492
149588
94409
171914
190079
137868
188883
117444
140675
142079
192262
174038
185523
164934
132079
50823
128186
191028
78098
52454
182221
153962
164488
148907
117793
175580
189933
191950
197133
68398
132879
180327
196680
197150
199063
180719
177637
190196
164893
173192
126348
163383
179120
194208
164095
108062
184158
194984
49024
79440
95807
189499
187869
191952
163656
63754
113163
147816
63026
145129
127128
46258
12387
197893
140088
151088
15123
167810
182721
198571
189864
175434
176679
189645
153464
136478
161744
93711
174154
197112
48997
196814
191504
190180
199787
139411
185368
152099
85150
171918
197546
180473
40572
172798
145682
111356
148562
92522
155636
128869
51449
163425
166718
180105
129108
157796
116645
2262
137840
167479
162078
126348
144777
132980
159318
76107
165169
102088
174161
132282
183862
53952
53501
96712
167257
186345
158472
161801
160664
192375
140440
113232
66371
157001
152068
166171
75886
188658
91636
82071
147759
74024
112815
81820
199700
198660
41429
110035
167219
191182
180368
197468
199025
199321
36611
154333
187720
37906
173678
145510
192662
176846
194874
149712
199982
167191
186144
66141
139018
191719
120795
152757
179257
158035
180857
199558
136802
107211
117123
179634
187609
90563
199705
132781
181551
194528
193290
145311
168485
181553
180863
192659
181242
195019
114392
38637
168280
189630
158655
194611
186467
54090
159895
173099
106511
196109
180524
193624
179537
146766
153942
195276
157965
140030
176893
52196
26087
161104
167772
166665
56734
35203
199589
45584
192024
199971
199477
132110
59379
130369
144161
34918
196151
118852
196493
190405
192266
94874
185268
128360
151347
34172
184559
194513
177722
84840
116320
189761
48071
45529
190013
181196
128136
191708
185846
127364
80520
129159
45291
154559
38445
68215
195530
112699
125061
189230
161474
36870
96970
161236
138354
147602
184497
179885
51631
192394
190224
184691
182612
136399
197632
25411
187986
156272
189680
143810
51825
97412
173109
198307
183752
186789
108139
185888
133225
199180
82253
121730
145363
186878
174007
156079
164723
151637
193480
188765
173320
179044
60371
164525
100616
151503
170661
51282
146494
168473
116911
171913
182753
124331
36202
194641
92933
197557
96027
196000
196829
186966
105015
194074
170917
115503
175479
132798
197523
193226
197487
159961
169570
125638
182603
95856
195835
199936
89249
115600
192104
198537
161131
160292
184862
80936
147149
128288
177544
187578
133475
65800
184566
150506
151319
69605
36509
155246
159596
33912
136132
181233
153781
140250
135704
184723
76098
189862
51897
175511
76821
160546
57753
197511
129500
178601
180785
178238
193430
136840
188151
129268
140998
192569
179331
99424
71431
194374
181015
153329
145118
161011
198095
181093
120595
73415
124087
98952
88466
119130
194287
40259
140541
183828
164189
173998
84500
143266
185153
190328
84419
183423
192444
189569
186546
167391
71155
72233
180831
161952
66733
183738
196976
155113
161435
170948
121762
98525
198730
189554
192749
143990
195085
128841
142576
171277
190009
138964
195129
126061
175606
95515
86401
195835
64058
124744
138152
46885
146207
100829
192823
140942
165612
198576
150448
148776
164039
180217
197844
176086
193166
193455
198633
93893
54274
186913
178382
142202
190086
139322
132399
199499
91438
132339
103023
199560
181039
197005
109394
197662
199359
121736
178547
191976
78073
174395
177323
143999
152337
38150
188446
180691
114113
125641
198538
184477
139424
172203
197950
128255
197128
148152
195473
187206
140860
167114
170855
195339
181161
44683
162906
193430
38005
155070
142327
61142
59458
188399
141450
176587
182161
88452
13551
188162
186655
196369
127560
102835
197743
111703
32862
184724
184748
197796
181824
131640
52193
157994
70495
95385
88654
162181
149550
191869
130933
170164
156096
100209
171238
185061
154581
27679
12176
157087
178199
179897
170989
159578
199652
172798
119987
174148
199399
136655
175301
197644
174496
129715
191603
196084
115537
164891
188050
194690
164127
199932
170862
191745
190572
108535
169968
55593
188533
129291
183143
131661
109359
178907
148295
56758
39867
93715
198379
134119
93154
46757
90178
199839
180996
167127
160943
153188
156512
111807
174072
138094
151008
193254
184464
196546
197863
168704
150643
131959
152082
123008
185190
199232
187698
190850
195815
163628
188757
198431
139386
44172
183876
184201
107058
189721
176521
197105
143233
189117
150726
168032
60571
166946
163654
193818
172744
60399
107946
147001
77507
157787
140745
198541
193346
191267
197956
153432
18833
95637
165900
98244
171245
186878
152448
136462
175293
84644
55657
196516
194619
84419
187688
195706
40162
197597
168088
199911
109945
189123
179674
153920
174119
180597
198972
72256
173256
189205
178504
169082
197354
184940
185448
148129
158686
179537
160663
141126
188639
181221
98400
180528
117733
170336
194140
28893
61831
158541
113769
182436
159325
191354
142942
137004
126500
157903
170007
192874
76390
199927
166244
184101
177774
191827
170643
186548
174597
142117
125167
145889
189463
120666
191920
185980
184809
101749
101423
176057
117901
198423
151828
117465
199605
181374
86662
56627
162630
48917
198993
44409
80189
181677
188348
172332
170096
64049
198116
126059
86381
126446
198648
177741
191698
85641
152697
199792
169089
165252
139977
64213
146755
141413
176253
151724
174802
144043
161175
168326
99504
175640
198083
123743
51568
197375
165774
162045
56785
187652
76806
61025
161675
49738
180769
195484
190324
74658
169300
180356
134514
123273
184656
168499
150528
143588
133833
170157
40875
164296
154467
177143
190254
170536
169179
128302
189468
186164
103037
199333
199673
106676
159565
123828
170754
115598
178747
190377
106131
134611
186894
155521
197193
142072
147990
187695
195282
197215
81720
199281
78645
146944
184295
44250
180954
175816
197115
199251
145881
92293
118286
183087
168627
144205
128529
198022
125046
104534
196181
157881
184220
126522
182039
183087
116032
111066
168678
186627
194398
170490
175206
165832
194502
96800
160445
175409
155450
188316
111926
191093
160956
158913
148425
89356
173006
175964
194317
182742
67736
139353
190737
95254
159622
25382
161653
170811
177480
187373
164620
158976
190174
176667
143081
154394
199923
194939
197520
172332
155823
141362
148952
192509
137165
143218
195236
51242
196636
199777
169059
189345
131025
191723
199973
154363
198572
140822
47763
158976
169457
174291
174119
169433
161630
170301
164969
177876
134557
157676
132907
179907
157896
56285
196244
197073
110191
114450
87055
98985
199863
160036
119645
123474
178478
150523
184736
147374
179568
160922
180742
192721
136475
117518
197312
122125
194933
118184
196988
160915
99316
71387
105218
198943
179523
178769
137297
193997
187085
173360
194098
120947
64926
133056
143784
112590
182786
130589
120465
106312
134154
181019
175095
173759
186439
184137
123731
166206
150779
64355
147372
16764
173374
197557
134337
182739
155672
174990
192092
54123
34191
136381
186242
144339
83528
71153
172603
166000
186538
162697
61229
64814
193537
174348
119106
142561
197188
122736
144767
195236
170496
126572
176981
106645
183793
140651
196980
101415
199174
179006
172735
178019
195419
182664
142212
196884
190118
164529
65595
95076
123291
160673
162200
190783
140998
158245
120775
159443
157775
156228
178980
174722
196023
109047
61602
170528
40031
124830
147427
140887
169988
102776
191516
142731
162205
141470
172798
141068
130174
196129
129011
156688
189542
193843
157712
134096
173520
199971
192308
155132
191137
189409
195260
163616
137934
178082
136028
127016
159578
192968
188129
104283
193304
52867
199657
196626
136304
197426
37521
103057
198961
170269
161474
185798
195054
87049
195681
189449
158730
174072
199506
198833
190718
188033
179050
174566
197610
195323
195302
155741
188135
179964
199982
162736
195310
167169
187712
199547
178194
190530
82765
172056
161272
135229
173808
170512
60459
188289
153325
132984
199988
175575
175243
157600
109324
186044
111350
192766
101332
164144
198727
119761
85521
192405
150450
177263
167428
181166
75631
173944
192163
148873
168845
195772
190213
51137
102176
171209
80296
181094
117140
143550
184205
179787
199443
156418
158913
159203
196911
124109
189198
157514
177542
198047
192328
197112
180795
152657
155389
154565
85309
178090
198282
195374
162618
183492
194473
52073
162710
172929
174933
161483
91641
196568
119876
127214
199270
125646
176645
140053
91808
136232
196307
178675
194824
186180
119605
194711
189124
115087
69402
199070
161958
155032
176506
161092
184850
90624
196067
198222
123125
177245
72987
120232
172037
194220
170918
172470
197204
167989
122603
186711
186341
178990
113530
166281
48134
53701
137424
135090
195348
192333
155281
177767
147730
184753
80147
190066
131071
192669
127033
170056
175780
176131
40295
117182
112679
122160
25339
197741
134576
148584
125948
108909
122318
148021
196568
64366
123446
136154
198989
197380
179807
197791
92001
84264
173582
191777
181623
188731
198324
152512
192462
159961
198079
199108
199813
159899
142700
147030
197860
83932
158978
137818
184831
137467
104006
183566
141486
186280
97169
159551
92011
148001
105027
124799
167480
146341
25244
105526
155926
191985
130220
100385
166133
137856
198559
155707
169886
151228
105087
44949
117522
171219
116612
198273
75843
134133
197319
72194
139107
134961
198290
136240
199644
195830
193955
194017
199967
180374
162521
197631
60269
198527
183256
131697
168176
98675
114282
81378
199092
143930
192667
123621
174224
169521
140192
157823
191760
180904
190975
144808
99143
106620
189910
162589
183214
199942
132429
180732
191155
194278
187008
142183
187780
179275
192000
172110
192877
144919
159041
178665
197697
146384
192276
145368
137284
174361
197228
93387
173611
194805
177028
196575
83630
86548
186683
191415
185544
180416
171811
197664
127655
72194
168638
199046
106230
131100
77728
32309
118837
93772
196241
197504
139856
118272
132869
195474
134828
167062
190479
162574
199199
92816
102176
194779
42452
173072
192648
192778
164950
149878
170724
122794
196723
44027
146268
157182
147953
71625
104859
178903
168146
75177
190160
124778
169875
77548
152709
73409
183828
81406
92275
90500
149733
188640
105515
150726
194055
98550
141349
52724
120692
41332
134952
52462
190724
168312
93707
112231
109036
138208
154276
155241
146559
192923
64791
199400
199816
167941
192815
182819
156486
105233
187303
148507
76026
191848
172216
84882
177891
163601
119845
158891
181772
191895
157631
68280
197786
149640
85939
138928
178114
189437
74793
105121
183340
196300
142361
192126
167617
133525
185979
151640
127338
187561
64138
86344
157735
173028
182765
176853
169267
103878
179098
171287
75520
180489
90963
130544
195539
175362
96834
194824
177203
172245
123267
163615
153218
123930
86527
31822
161041
173378
148413
153742
182985
198571
165615
174122
189409
162025
103438
82844
199675
186855
68331
65164
70867
194545
106729
199899
176328
105325
57218
108568
171694
134211
183258
119618
163470
170825
142850
188091
172693
189910
194231
84698
102920
155137
52968
177856
196431
194944
187618
192169
167801
26148
129409
182513
180212
196524
120171
198974
178387
150184
191871
191569
140481
73651
165899
188395
172141
195939
150032
138479
6067
168417
162353
85739
181047
28381
182299
110422
106969
174626
67413
54410
181416
192520
107058
131316
193401
196913
99583
193880
80879
152382
153364
98418
165870
171814
157663
183315
185749
199377
146015
136727
133988
157368
145160
90212
160344
59044
193534
132159
85214
198265
181878
82640
96263
178968
163968
161940
56770
150444
190793
91573
160802
199992
180962
123697
91594
184246
187500
78132
177920
176958
80278
152598
188575
196724
24133
196864
55886
182703
199443
84693
85948
44340
183743
164896
166414
141981
105439
114421
97987
176645
87222
137895
162221
173778
195818
178156
184995
191499
180059
162405
170937
81578
162172
72444
179332
104963
152834
97654
179793
151479
195343
182234
192160
168443
144225
136176
188072
175482
181396
112268
139598
175999
129750
195116
150291
172536
175411
162181
123479
199736
189385
191682
168589
148156
152989
192027
102861
94409
193455
199430
33948
164719
114485
163912
98718
137771
106508
198610
91351
199380
193300
198990
65010
99754
63133
186328
197573
128369
189015
199931
197388
26475
185656
192066
157507
186607
176010
137455
169149
109589
194782
104109
140407
190377
187324
148227
195559
197876
133623
168866
88812
177955
188573
199100
192467
148058
113885
115471
154677
197471
184236
198676
199207
185818
187972
198517
53011
142507
198081
63011
195853
168674
197799
193062
171947
197757
198009
175512
196184
197594
144490
120188
194386
196694
112625
67835
94745
76025
137905
42224
167000
177417
132803
160612
75150
196667
178138
195498
186711
103004
156104
196090
155130
132786
121753
198935
188054
162431
50942
83380
165430
134896
109547
194250
128866
88139
125046
175615
136374
199281
199992
161429
172203
166341
158856
158783
167509
191621
187592
149939
192477
133354
174069
186849
186475
143218
181732
68991
187513
190407
132228
182369
53808
193626
136438
189933
170625
116749
19077
180818
165801
121986
101356
10527
183497
186993
114085
110677
139214
123872
79893
188575
103942
188487
7993
106604
177680
196789
170509
181476
187139
197339
198961
158861
171717
199544
100177
130974
54137
185968
75301
44377
197843
171770
132724
72418
135968
179304
144282
198699
117684
100014
181128
78257
178512
163684
95543
58840
155166
56789
192459
197494
97162
133327
150469
121297
62788
103394
162342
68708
162531
19282
171246
98864
67775
193203
154585
196328
74850
171453
177379
174152
86234
145015
170285
194454
164526
159722
163271
185786
198104
102430
183044
99388
171210
115057
114992
86487
190726
96760
60736
157455
161892
102897
178516
180993
174848
199978
193546
166518
143779
184953
161056
105229
191231
159773
148405
196655
120691
152235
102850
192459
191429
130810
199023
115041
168980
170941
140070
198137
197905
12071
181058
181041
149564
185493
190769
92446
195429
172360
87123
133947
182573
164453
170656
190578
172370
122889
115265
158684
194688
12945
97907
159611
189811
75805
184295
105661
193328
76767
105504
199016
92370
164472
193086
192324
165061
185194
58200
99585
152231
86757
149990
190690
175492
171290
155321
155830
173319
155672
137921
102919
196636
27894
196199
178269
189529
162851
184884
182403
167690
125216
40707
181721
189503
195797
196202
199732
188135
189761
183962
198021
192640
192631
177407
195241
199678
188266
193735
148351
197074
128629
184766
179955
113521
78435
189151
168712
119045
198031
105761
185525
144281
128484
167440
196376
154360
111865
56345
108619
75174
175374
182259
161104
115604
137607
166680
171062
68198
177162
166972
198475
141378
88349
178267
159363
150741
199422
198683
112035
196257
176797
53454
163695
154155
182860
157864
109312
164265
157730
184583
178477
107389
181242
170022
120873
185859
183039
104029
134340
173759
66983
55538
196393
193289
83375
197809
170122
143666
162760
167755
48548
159093
185015
158525
184022
163143
187260
178921
36983
169868
187725
150336
159226
104185
192224
168419
105694
166737
173199
191789
165455
168386
7607
112141
163302
122180
123927
129853
196497
79271
166229
173183
171069
136957
188400
105167
157422
169223
168562
192874
172620
188024
79451
180384
189927
74586
197570
34237
165900
171502
180158
127296
193254
193648
139546
152664
196054
190330
151782
120662
132116
184796
120467
101867
90578
177516
128363
158161
189413
192266
166615
32158
138768
105222
194567
109958
156943
182326
174852
185138
179916
193350
47953
174018
157668
44196
45774
177047
24134
83634
166579
178011
192450
125479
172648
163287
164471
170407
198280
71888
159881
191418
153821
199931
91942
177228
177261
179216
131038
186571
139516
187271
175655
102872
164201
164829
77564
174922
183245
160415
173553
195984
199338
139015
183588
112934
195227
187344
114234
131346
144506
187294
134317
189522
185021
115690
65760
185912
104712
138388
142797
174376
155092
161834
177221
135520
190754
169240
59125
185937
196986
94247
196745
154547
146612
145266
198841
196718
196023
128724
151630
193651
155871
199902
124174
169050
43372
183754
191284
23702
123186
139747
192412
180238
145009
195463
98000
196588
123786
152351
198043
87867
115688
122968
12372
199547
159529
26066
87583
150966
100971
122208
82156
162778
130327
162574
192273
199408
128059
100977
188930
179042
160126
170723
124531
116340
102169
199455
85066
198379
193068
181119
78947
71024
115210
101033
77953
198667
159975
176074
177506
182347
184475
167103
145474
81140
174341
157157
180737
150013
199647
158186
132918
137213
177043
185697
196408
173208
111997
45222
194469
197666
192488
193056
146090
141349
150289
189443
144736
160499
198009
195841
173812
181016
45650
198833
91118
189028
192881
185898
35625
156547
169850
175280
158417
188404
198376
179895
46249
123294
184512
184980
192426
119466
176124
167996
113675
135025
192412
199565
133645
194753
128490
77344
119669
179698
142939
128529
195988
164854
155281
184819
118215
161363
187965
191360
78753
114897
196603
168891
185924
175470
192488
164110
175470
195429
154430
85384
183565
128155
175555
140250
120065
60927
158309
169676
113885
196893
186269
94370
121443
105081
151196
130144
160140
28152
148737
118966
178848
154522
194812
93387
179114
93941
166154
186754
198965
78308
150900
107246
140710
176069
191989
129550
195866
137347
167778
151869
127253
58045
186597
37957
122964
119717
160706
159183
88602
190480
175484
52560
109394
118611
98742
106202
185224
178069
135814
190213
195141
165867
30988
164787
143407
80896
79746
179046
143162
111415
165506
125685
159134
176510
190987
153443
180899
163703
138586
178367
96264
64814
198374
178925
158054
199309
56726
131963
193383
48677
88471
163961
143648
188189
118712
81803
77791
185406
105669
151968
121235
9025
182318
111552
156809
124644
81882
96126
115087
167699
137528
106815
117673
100518
157986
174281
42333
85314
63536
171713
100639
147910
93950
92666
167180
69722
71466
178302
186891
190098
196316
179032
48959
136949
156649
160920
153208
196919
194513
146491
196236
112637
119195
129388
191980
161364
179046
176517
196291
143407
190050
177744
82970
182213
195777
179283
184249
122234
168171
180683
192653
43297
169471
176221
178527
184071
133903
25428
184704
183074
145882
183779
154257
101573
63213
141098
138581
113604
157604
98824
119648
184796
166896
144986
161228
81438
182962
147332
195019
137847
78101
76057
194652
158036
121523
126484
86091
190228
171896
162387
174977
60132
192637
166285
197351
163071
194501
114999
39764
194290
197821
182857
181950
195333
167515
127991
188537
172814
27274
177612
112270
193761
196493
199213
166894
51307
173414
191521
149902
163084
191081
198919
113975
80735
162387
154535
97204
199079
129184
98840
72424
192648
141030
93568
114122
186315
112666
99338
192053
197830
134589
186259
169719
197711
116638
91269
70038
80508
147537
119659
183060
173910
197659
183423
199338
133396
58190
149864
172759
199836
199523
180962
39170
162042
163209
196482
199999
198018
173152
161461
187581
194190
14281
154307
115868
197148
184587
167367
168326
187671
156342
26079
198040
174658
99531
193098
187625
180697
160638
141609
178527
80030
184805
79590
198102
179229
188601
120713
95814
196318
144516
147290
161432
187449
133836
91237
189074
124578
126794
166306
163078
156785
173528
166869
117869
197863
168191
122506
128803
123014
136879
90491
183905
44271
181317
174454
195797
127251
158515
120063
80427
158555
176877
145145
148469
114188
187841
125151
199605
188361
36096
194274
125070
81020
179841
169259
176318
140742
194377
69046
193675
81772
169299
110122
162406
179719
177341
115971
187693
73530
169357
199852
114068
60165
101563
165655
152510
181772
133542
189948
129993
193116
197124
185484
179410
195944
36479
199803
46314
195605
100862
151292
187961
39893
161507
144266
121088
178870
89159
133439
59104
101416
143234
93878
62625
128980
137223
60259
176597
79140
85617
58414
141444
176029
182550
169316
112864
181693
196067
199087
166737
140949
158435
64388
199581
195248
166970
151549
152362
198447
170154
154297
46881
108800
120776
193851
150444
199309
196451
66694
56701
171653
175903
131099
99807
113393
180284
127638
179157
180649
195855
82333
182343
189166
199816
182893
135606
120293
158615
125444
153620
150082
164512
173932
103776
94699
183555
169818
133182
126495
146201
165502
98763
141506
199754
170394
151143
133189
165679
120111
155643
178329
15299
110678
179801
124528
154189
180547
151714
58599
189927
161936
127828
188649
72505
168162
88888
194228
171824
51512
183220
198919
159688
59790
188812
179478
75554
135043
199209
64848
138098
132847
197378
190500
144013
181857
142794
160223
130219
157282
192450
135657
197943
145007
139187
188458
189377
156200
46947
154866
196514
167418
167927
115289
40757
97861
141565
191679
145335
109526
174609
139169
198297
151816
156113
127730
192516
190513
117721
176632
132800
145727
161038
196945
194202
185404
191481
124495
73586
181745
188265
123345
199621
161268
165450
192894
178069
149976
181665
171323
58000
193105
199608
188495
157212
168118
101900
138813
186652
198819
141474
156898
172063
129671
183591
192419
193440
100902
20369
198512
194976
191705
124036
193282
196050
110977
164658
156328
23655
184049
189550
122862
198768
89734
168551
143693
48480
93805
156975
180344
195430
176835
136067
188458
191181
170018
103636
193743
187738
142649
185504
87648
94941
189138
162956
121316
192455
64745
195364
198897
185603
181945
98808
176759
133194
186571
134789
154036
188219
124977
194963
159965
159286
171000
194848
190497
199671
153715
72211
109361
111712
173789
167610
42095
180579
141664
195230
191033
122768
166081
158271
97821
102848
82608
130324
151953
126442
161936
184252
183256
151667
162690
158758
13733
22990
187432
75359
163487
157048
188167
101365
171921
110614
92692
133495
158302
153349
131112
180719
183577
77912
177398
197986
114333
185212
181754
196084
195919
75380
181609
199333
175074
111690
78312
152630
129765
100111
57141
121748
162143
175642
172291
178702
191802
181940
161950
190690
187316
109843
171918
147457
174348
128133
136816
191412
96126
173419
94956
176436
107229
197006
172527
126509
186113
178586
197471
191245
177366
146544
189178
129858
106746
199889
197158
183089
127204
25192
198348
150826
131254
157178
170701
131748
184002
139467
182882
193248
108527
182270
99503
194159
159935
90859
182675
182084
163999
146118
121274
191864
114786
183389
195685
172338
168002
96476
145846
79327
172395
137625
199110
190367
164006
97783
37333
185272
114683
186178
190689
136607
195785
107441
127833
194398
173950
194165
126500
175751
150144
145057
182456
131965
182259
172073
187649
136070
134828
190788
198033
114507
102881
39973
166630
52016
160897
52406
168499
194526
184065
96327
196764
178877
195492
195019
126040
196781
97794
111054
158064
176156
195821
190342
156854
189908
91590
83390
150184
190724
130446
134926
161546
25449
189452
197196
197023
144469
135811
124234
130856
189989
116728
168462
159888
142451
141245
172194
142900
109338
181058
196905
189721
167992
50955
199556
177145
135083
177799
80260
122208
119642
164666
159496
193534
37898
172199
141440
183623
118488
192076
177079
85801
123837
163640
104380
178221
169194
100804
88043
130672
145457
134732
194284
54042
156227
106067
130374
172004
122224
39642
128063
155371
197440
159328
188036
196238
173065
72610
170562
145039
139392
193998
89247
198299
100310
166960
141891
134983
160815
184362
57090
99915
151907
113472
198656
89617
76705
165938
102202
155343
194952
191537
50079
146041
182470
188391
175122
183556
199168
76490
190301
137962
99010
166329
177852
192653
163597
188375
186750
199964
192729
128439
167382
161052
155963
146708
197150
145428
164842
173267
197440
76081
168816
194534
192500
199039
194989
67994
178856
139399
46588
165717
95355
181840
101620
140808
175100
191917
71844
189036
141350
156711
154533
119477
189928
62780
193626
127410
190149
168072
188653
172123
181086
181072
171901
78703
47612
154289
28684
199240
195276
91578
121357
184314
190442
160287
195634
173773
102338
78368
156058
177722
195824
185911
199957
178723
142703
184537
131498
180913
138518
65531
186209
198596
123379
186395
137926
198792
162917
123568
150902
170604
195750
143602
39963
109840
156413
111567
100984
152186
197662
198809
110981
187003
85432
195222
183618
106619
148863
185516
194404
160415
130046
186929
184992
172460
193297
198663
195264
115079
75624
137928
154893
179701
62909
176225
194675
76103
123672
85896
168830
133561
159375
60968
137147
199769
187278
189819
175907
155873
178262
169957
195763
160448
191117
25282
191082
191825
181437
199303
155335
166101
139090
170646
173382
133991
130167
147503
198524
108505
191795
138924
166568
199873
195925
75827
158781
110530
179868
151526
165740
186399
198743
160487
141510
130486
119129
174747
168309
197651
128781
145702
121960
199368
184577
176436
147932
184538
189424
171766
160597
179817
130752
128122
132688
146695
33883
199383
193401
194688
177867
146912
166686
173446
177894
95866
162972
188202
181078
172335
198753
153815
143640
75343
198248
197833
161075
199092
166149
160356
103469
128623
176026
100727
165806
157112
71425
140007
160415
78198
194325
163879
148491
63958
165628
153112
90753
173208
177480
107844
110916
176949
199034
95421
188708
161338
165337
192302
109113
165141
160977
186874
171095
167454
196999
169193
160348
174691
196384
156949
166936
182090
105538
175122
128402
199649
97194
85170
164402
181487
144273
181351
143162
63094
151448
144560
139451
175425
186068
14176
123168
99814
194929
154006
121050
71610
128901
188676
193399
191686
196335
124347
197716
191909
132137
42555
196115
127192
191972
167981
134494
101637
197126
149128
159250
183231
196027
175796
191886
175243
176542
157203
74505
106681
147585
188586
189529
125079
87752
34183
176952
166054
177806
97194
82012
63778
57948
187795
64291
100612
197557
138952
197164
95496
104971
180381
196692
122832
137397
186961
178304
181175
173523
166501
41908
105191
39943
190244
149308
165262
197133
80575
168236
184810
199969
182737
129466
153256
195212
151539
191929
71309
120444
195464
103872
163165
183514
185027
180100
49635
93350
168509
124740
189943
195679
179611
192854
176958
186147
149281
152451
173166
148979
172225
183855
154696
41565
198317
175600
182180
90448
197304
142430
56474
132071
161312
137455
127941
181645
103244
119421
197581
197181
149535
198537
177734
194013
162139
64990
199211
87460
195553
100856
65017
102878
187397
150273
191858
166399
108967
149126
199388
147819
186185
177506
189764
164926
188912
166887
53390
199020
119851
168258
73298
148437
136410
141612
165816
88763
172007
194419
188758
152047
191109
138422
174960
197446
82585
188473
21970
175904
93905
173396
155171
173844
137130
195014
137912
193803
190035
112579
161661
127868
144772
103355
88732
184724
199785
180363
81676
159408
161280
196587
198230
140310
185867
138105
129874
57775
174064
95113
73513
128337
165435
166647
189141
196811
191177
171415
174117
191571
197466
190644
149830
43839
197946
188162
106058
194939
139038
182973
131314
193328
165349
146076
160584
171545
183598
44199
57360
195396
199720
29209
186865
189447
198837
186624
35933
199719
48598
164340
80040
115017
182081
186164
191435
134450
171447
181453
138276
129563
185991
199115
191146
139967
136419
183541
161930
65263
35765
193004
177833
80111
186541
199992
49046
199669
190143
100626
198665
192308
140902
67972
194745
46593
177715
187216
189028
122914
195976
187105
39804
181653
163185
199479
117757
155918
167473
196156
118105
140651
70223
60892
62214
152544
130072
171465
178518
174319
186120
193507
196415
160796
185268
144278
163071
165733
164794
161825
136034
96045
197914
159085
39056
174620
169715
179834
132255
167399
199005
142694
198628
87982
140796
199764
72146
198356
175045
178281
194571
135834
167503
142303
162671
99196
44646
65303
89344
184687
176267
199598
197793
122164
132008
198146
52258
199388
199124
195266
91136
111599
178310
149489
197095
144949
162805
103303
164904
195484
173376
198485
136461
178572
116905
189043
195655
119608
182507
195413
46209
144980
148963
199457
191168
197039
34878
81702
182626
135980
129036
175267
190526
192535
66547
107523
195686
52624
143048
196423
197309
77885
33896
176884
38290
154555
142305
178626
167012
198983
140794
93721
103177
101239
167156
194307
108015
128555
175795
196081
132755
166695
176221
187972
135357
199797
197026
193624
180889
194915
61778
172726
169267
154536
137339
150752
115402
183262
101415
122685
127732
159530
156739
148562
139664
197300
177140
119786
199610
122649
192998
107875
46496
115169
94165
199293
36651
110240
136742
136134
176440
162495
160533
138364
143359
197631
104677
136848
193640
190407
151410
63705
87120
140235
166746
92894
156578
143387
180703
13510
95547
194626
90561
176113
92619
140626
118384
66111
182456
70195
156500
78325
89878
199252
113685
136733
184130
126631
149574
187753
150601
150022
94831
115768
193626
111850
167990
198650
157514
132037
177520
146626
157590
161101
197405
195116
52228
153181
199343
196272
199633
198426
105566
129351
170490
196616
75992
187260
190027
79032
150132
180875
194447
158891
194735
158132
198280
197181
23474
191088
98677
162570
167523
99240
150602
147840
151653
148452
192192
141841
187881
178783
190998
172998
197721
156204
189611
190854
191254
198962
177169
35349
173019
133964
190437
178332
139455
119059
188548
161994
188621
195823
157583
174012
125958
44075
173971
196973
140879
173927
127530
179402
181432
193100
196035
51390
158418
153393
77901
128580
197440
185671
199049
97701
138449
188842
14646
191270
89220
117618
147571
88805
117780
199950
197162
198663
109652
60371
97109
101742
151317
177149
142939
182574
99761
104061
59843
199762
143097
198671
199967
115278
197276
129915
193716
122379
139529
198097
165061
156456
150262
175391
184213
151662
91794
154084
181050
177932
89220
137710
140472
158087
172785
189656
122413
174615
123038
184067
178323
116095
93903
145460
156773
193068
194550
170612
160488
108370
166130
111492
141959
140777
187438
182297
195132
185535
173173
117417
111498
128588
151477
193922
123798
67935
168871
199574
199574
103853
98280
199764
186495
138997
170317
191847
131755
57078
169968
185468
197171
73640
29323
91298
146704
194287
128284
195765
151610
195648
181112
61068
159965
192808
192981
120419
151960
192901
198130
186023
159658
184857
15040
166630
196009
88834
152747
194894
160822
190580
195230
73417
179943
164658
176713
110998
192784
192248
190895
187569
199353
139343
174212
176304
164594
163493
126591
25157
120927
130201
113414
131257
196231
153229
81023
171287
39723
194147
195219
111609
24116
153283
21597
62711
157658
195721
162396
150539
175787
190096
21945
92390
172004
123869
197847
161284
155576
97094
193257
188750
172478
199697
197964
20466
146601
169119
130656
192328
70446
189332
189134
167338
198127
80816
180647
176509
146532
162650
194739
81015
108720
158642
180846
35349
196774
197287
179140
110619
199475
192916
180883
131536
194159
171993
46890
168204
161473
179992
192171
172966
129969
129096
166543
152400
143509
185623
176759
171636
125241
179587
192376
72828
176749
186429
163192
187216
175637
181823
71190
118927
86877
164154
179057
158185
191368
82989
56440
163570
83470
170189
126974
181909
181953
198366
198831
47139
59198
161811
172139
74001
131203
134545
176855
131546
177594
195174
100077
130171
179590
165715
28342
139958
136805
158560
138337
173898
198425
194714
185151
192588
112040
186475
193029
152811
172517
157453
197541
199362
179497
167249
9728
135527
198480
190588
195525
29597
87955
154906
134531
150508
185984
194243
199791
137489
186779
93639
181195
62793
151292
169419
196195
182509
51514
159424
192915
183449
180110
139228
147131
144325
90892
145574
195564
197925
190827
136472
133784
129754
190930
116664
196374
72896
170353
126075
196134
170980
156282
130792
189324
164130
194321
163228
177998
161090
25671
136185
181918
198487
171473
131364
118936
56415
153102
189785
138875
53653
191549
176385
172645
93204
36229
92318
193107
176289
104656
176630
173146
176576
56743
171193
15594
185590
132082
187294
176889
61997
159615
115322
134222
134323
173331
53208
16406
147527
182489
82671
175881
194739
54609
167373
130438
138757
156815
183420
186757
146024
123219
196192
181383
192200
92909
190235
161837
157851
192503
118291
198887
191121
173766
142473
184866
61300
183478
170008
183105
96740
196670
179882
157986
198404
153277
142857
150311
125821
198068
67153
156401
115465
97712
183887
175553
178221
188312
179566
117281
179058
105756
132339
60765
37013
196731
199403
83899
142001
158077
138285
87091
72670
155178
180367
191816
177680
174798
95078
86697
62985
169616
132168
129152
166402
188519
167883
188927
6803
52701
76717
166505
163214
170199
192053
172897
187358
157915
147592
139305
183287
189646
196420
197746
106211
149667
112855
110491
165469
166465
140740
95236
164946
199919
127694
189980
166246
156624
152092
61811
107950
136055
199539
182733
158131
31727
193977
199426
144392
123165
192364
129928
162642
180453
186061
183745
183638
159596
194465
181041
118764
66411
183019
54931
58404
196632
97984
196999
142979
106718
194284
165498
139436
162086
134418
179357
195838
192392
176385
144982
162999
192711
64698
197546
131532
109454
195709
105464
104895
61685
186897
199849
190330
118961
113398
153789
192874
161346
193232
101993
136575
198868
133929
84468
191270
162299
170381
198621
126154
102288
109249
198544
161936
122989
109044
90809
179083
191327
190083
195937
185850
46381
139328
178861
177123
195739
180585
78013
51460
185045
99394
160748
173554
125388
170402
193939
154594
198158
158035
199106
151132
191710
143886
190856
195174
153478
89091
182259
148673
197860
192470
185378
149120
165021
185616
117460
135527
122295
175362
180754
198308
191123
157864
137939
186341
199067
66589
170312
197246
79760
183625
72063
57693
177969
184526
106465
183150
181615
175438
161892
185175
198760
78760
199105
179873
165594
58250
197077
38317
101592
158582
140309
39679
185924
111561
177344
174901
166167
111848
191241
137995
195675
183528
145751
157412
175480
151374
190631
149396
148880
134853
193215
64677
185057
150907
29052
151657
87356
196983
179475
53104
193906
136548
152691
159085
189711
192470
185605
185019
90092
156337
199207
134481
115220
120345
90830
164948
43973
194098
181537
102266
196560
194499
120719
136345
149484
170370
176334
189927
174726
80134
178759
146494
152566
175502
87795
80531
199515
136978
138278
195122
85543
163813
141978
120149
136893
171304
148806
101402
165072
196999
158873
125844
178968
166510
120560
153199
127059
55789
113946
137741
138473
151145
95810
161185
122033
186499
158297
181011
162108
186929
197608
134038
136037
176257
142503
72788
96476
105544
23832
174718
196898
177669
191878
171402
85488
185255
193675
195043
167460
178293
161858
86016
91763
187956
149966
186279
163456
191322
107731
138896
116999
199218
182826
126713
157159
83620
41039
168055
75037
188019
165977
130151
158170
197194
196209
131924
132324
194196
131301
141333
189428
68602
147589
94107
107887
21804
103592
196819
187346
141211
146763
199002
184606
190315
34124
99811
55970
71489
156269
180007
72999
144410
85501
183594
184849
132621
72140
199666
193919
29709
159441
137341
119341
195675
180506
195454
144349
96626
197304
55095
88515
173301
140947
179016
166635
174005
134668
188722
178728
142347
189317
183443
104651
166084
74467
89406
116536
178940
198285
169801
179661
197750
199351
157645
70555
163198
167403
194020
194951
198130
143781
191626
163904
90341
183318
161850
127480
197865
197981
76815
157943
199059
190299
196980
188714
188180
102575
190311
197107
58412
148022
164904
196083
184506
141140
141810
145343
51087
167789
174532
83928
169501
187260
174484
168129
156961
169839
43634
180954
151102
99250
179768
79616
182528
190576
159075
194902
181421
124170
122342
199954
134479
192444
183960
158612
91879
129336
187768
142250
42573
48664
176026
113996
172663
199321
195268
88756
134620
165191
179573
74836
197316
166053
137410
70978
172102
143973
90982
180903
193868
175338
174338
173258
90545
192522
189456
198040
184916
192506
174487
199827
138696
127053
189346
166904
166468
199340
184837
193285
181945
166378
131107
154254
191742
149430
159947
190677
111051
98243
178556
154351
197994
147106
183383
156898
175691
184491
134446
192500
192216
155491
82244
152670
177052
129684
153653
156455
174304
172031
154628
110478
151424
76500
144986
195631
192556
141682
185878
157324
153432
169357
152489
120247
169535
191063
149868
50612
190788
109626
184296
188640
196560
102770
76161
149564
156441
185158
158457
187264
187195
62450
97669
169724
198508
57230
194648
138470
169281
192316
174072
198174
173545
195534
169400
110297
101494
163765
93783
139315
160773
179437
114101
163009
195663
118177
193433
140022
198476
166685
142214
141190
43366
128444
196721
145826
150082
189082
164132
143424
124711
195692
199822
199950
146655
144223
141611
199911
189672
183688
167292
176060
73990
199594
166068
156169
198724
189779
180086
79914
140120
102645
85473
131148
78617
124794
168085
182370
78900
85046
23285
198227
122784
152495
148840
189566
191270
135833
156115
146772
25038
139161
29857
171304
159093
165773
49375
165303
155168
184843
72423
79195
101680
68477
95347
134088
199252
199265
180613
125215
162260
190526
162693
142632
120608
177074
93643
193879
148713
146830
35806
188786
172131
187324
149928
196268
107407
23229
192281
195205
197300
174228
108223
135251
86045
169236
189237
153895
112382
77897
189578
129858
85706
143775
56983
184777
59538
112672
162036
179929
171184
195121
160167
198055
195400
194420
194410
138120
158282
196015
199354
159708
137972
155456
192305
160396
152785
142473
119113
191033
197193
186104
173615
158415
161333
198512
130665
198373
170311
171680
93938
170459
191747
152903
139456
178825
88533
162153
104706
183419
176939
181273
184918
184049
146625
183246
161389
184246
117728
115375
94014
43027
168857
173301
118568
137458
139648
93914
183937
173487
197894
182146
187933
111793
171737
59051
56061
196689
117614
122464
75142
120937
176532
69284
124394
70479
199675
183296
159848
197791
55657
193151
162198
103653
176121
185659
193514
156640
185786
156507
155730
170890
183893
116277
57358
42291
130930
86745
181523
187859
141911
137847
56362
175307
183307
191026
143438
177531
169823
194538
198675
183214
89827
180730
128842
175595
145980
185128
75046
172938
181804
195793
118716
135777
91861
118639
116331
199261
152548
174012
179578
184609
147395
184076
177747
139566
156350
185484
191771
185495
174020
162949
55303
100716
20338
195812
152318
194044
165221
165322
145309
192699
147017
91200
177486
177575
92082
199234
35859
85804
180681
196774
181401
107959
139142
188868
193526
103855
193556
173378
190989
110874
177690
176273
153194
196030
84095
168632
32862
102437
189124
193277
81204
172389
98280
170456
173475
65863
99333
187409
181634
183153
152233
82620
150221
168019
159371
184694
111602
138113
192992
177407
124720
140787
163171
179888
197190
185327
168718
150405
34968
199311
196607
156626
49733
106450
198466
152694
188883
167871
149591
139756
101234
158649
112172
198287
169567
156672
94799
179409
96621
193913
146990
181780
167108
185528
194208
135887
146772
156920
112227
149132
163638
50696
44914
197085
180406
170728
198007
119586
150896
160494
194380
173442
38903
186757
138567
187218
153991
58956
192324
124054
170572
169333
126662
150626
81687
198501
179095
196799
188971
141560
185968
160663
192575
53946
189082
134119
180368
92249
189086
120856
198332
128521
128495
135673
131735
172069
169176
142846
199689
198763
190553
123702
189801
113508
167690
148332
172366
188973
184039
106373
190315
188276
117700
191217
19560
157208
114917
154022
131162
120470
171586
116360
177277
183231
101823
178205
155389
173893
198026
93718
119220
127401
184464
199964
161096
96212
72224
199281
198426
191099
184926
179712
162083
111140
176166
40178
180085
195206
196054
133561
196098
189101
178504
183148
176658
132974
187741
180917
160238
119392
194984
98659
191130
83414
187385
71770
156731
104852
153450
199942
43541
104158
177263
165631
47720
185384
57803
118336
170977
145230
196162
190427
64034
144378
190500
198667
187071
155475
74852
114810
196568
147116
134758
148009
134177
165591
174990
105475
186291
117526
196727
170588
133687
199354
132649
94419
175582
134487
37756
164578
45937
152322
81441
198911
191486
178915
199438
196834
61148
96329
141454
195282
60931
150276
199433
110982
187829
132399
194745
116255
187594
185678
139495
92101
190074
189902
165386
90084
193900
173312
121753
199894
148869
196738
189183
137478
168361
75441
125335
186954
173624
90062
139770
106966
92351
160919
157077
150935
197166
123645
162582
144508
193100
198021
189656
127808
191603
136412
167862
195673
123480
180994
177995
195870
141399
175465
185854
136797
105065
191454
195014
127994
150885
172773
7386
194110
175542
159911
190006
136074
147635
146740
197098
129588
187358
128026
187707
190296
137849
197659
118886
137926
74981
199773
59623
153125
181694
117184
94923
182917
159613
187436
174425
198088
161992
139802
151767
122211
170991
163205
138684
175714
148850
175836
129496
114810
3232
184922
137049
148900
129613
186185
52944
170797
152442
124904
159643
177590
11723
77463
87214
179611
172263
180480
156924
143160
195829
132984
179732
150063
150450
166955
193074
145650
171157
151670
136348
177930
171311
183433
176918
97829
48588
171400
191189
199293
179110
175241
62775
136021
152433
149971
136656
194745
114284
193379
107866
191671
101200
177420
198782
196550
84306
189811
175597
189605
186865
122964
154503
136997
175397
176231
197096
154991
187631
176359
170586
188406
188826
49318
151898
177874
159248
194433
190244
194520
149416
189669
118591
171336
154389
133008
91111
93479
156032
193435
97431
27554
76123
190772
178771
196577
150088
175391
168497
138252
195022
187358
85255
73581
98255
81898
94447
89404
141449
197958
199187
180502
82395
168250
158653
198819
139627
198233
64887
137906
69335
102886
104182
193692
125290
187787
198589
199002
124622
127196
159223
148693
126921
138228
103423
92488
168014
164175
81980
135817
146470
196791
68666
172426
88685
192289
196025
169896
164578
196235
64666
150650
135079
76482
80797
72647
77103
199558
178642
171200
184367
84005
172235
190334
159126
195199
196054
195561
198461
171902
185945
40629
160744
130893
71623
108605
180287
193457
109685
135688
114338
177701
88779
196019
96868
154430
192755
195549
73083
176267
186055
193338
41994
186399
186180
164251
31444
133134
173635
129701
150241
171793
125265
174272
84466
109173
102476
192690
168323
198909
188129
196952
116543
110833
198113
179661
107738
145885
124650
176958
52122
144275
167061
91033
86640
73928
129009
122773
106493
188767
181987
72074
161399
183678
168431
96522
129738
146391
178931
191362
188663
183356
191368
177734
71284
188266
136537
164779
110912
43472
137435
190467
194686
199366
58694
199799
173296
134034
119898
178194
196936
105723
52793
98273
167106
104114
155458
192995
164670
160730
198671
198489
163318
194419
196407
143027
150754
96724
198301
111963
93153
89575
188417
194196
117381
140876
178946
175236
145535
118476
179433
167449
85850
4396
39107
173557
184621
197335
31937
171781
189141
110386
170168
118099
136853
88490
192540
163009
188106
132310
192237
159608
95513
158373
103217
172570
175181
177891
197982
193157
196588
116981
61356
57169
188084
114355
182188
197721
198035
163595
145446
197356
174701
59336
184928
195709
197568
119236
176763
180883
184606
113647
134124
89059
88619
124927
196980
199435
158779
152246
168829
169232
166123
179897
138950
182780
114853
192094
132673
129485
154313
101952
187478
141541
131827
162307
159645
199281
198780
74024
85064
153409
140424
78246
49137
142282
147051
172157
153277
172265
182737
175020
112852
114136
161756
30161
103271
171732
197128
124122
136467
148900
110304
181739
196238
196797
89170
184570
193297
65728
159848
199999
154596
188225
158480
166234
199161
149607
199263
53658
169615
113996
167883
195122
171861
159482
165298
199969
83769
198437
163660
38585
170641
191280
184405
139043
191521
98126
184206
22955
109840
103148
195492
196025
147046
181927
168131
190879
177462
125037
196686
175058
124566
199576
113623
150146
198339
118087
185894
182431
141710
135866
196842
136078
149541
113802
199265
149957
192991
138005
156745
144371
170333
66326
183608
199738
185288
164020
175182
108188
162475
145606
112282
184462
165520
159948
138341
88817
196235
177953
155762
167927
63448
176874
126871
181607
173346
150747
108451
158653
108485
167436
127540
118461
73973
193680
193990
190607
129777
112052
170345
172468
181910
189198
183067
130492
161474
199779
155050
68390
30337
196570
135233
172672
194360
168055
162705
194404
199122
196670
198770
157484
71448
180047
189541
25052
140881
157544
137114
79415
195546
184687
136277
164144
165125
161552
165268
168320
192893
189129
198179
172395
186120
197339
129677
138588
123023
188067
193728
183307
133507
165513
161988
171737
198517
195593
162930
129415
166567
189813
184270
73346
141173
138420
59834
195190
192419
143753
136632
144967
198451
197241
120805
154497
197807
63147
192554
186900
64268
188860
170148
67356
90538
199644
141739
167627
187750
172099
182483
197210
140759
88031
115614
136410
191913
179146
107810
183399
198851
142933
198986
128257
192342
22069
81940
197418
162947
24144
199813
197603
134275
183310
126704
38244
191780
159077
116701
133399
85533
112634
79768
188847
153518
161167
159371
199508
98730
115177
139427
160511
94526
186080
173024
163910
122740
181224
167507
155183
187622
197883
192083
196048
144860
197981
106734
154247
151978
168599
175276
184757
163163
183962
93798
92021
177508
195613
139572
164413
119714
182434
198224
193184
150847
119784
115957
195901
181245
183238
175220
151602
173686
180269
194287
190170
111968
179781
113069
177028
87752
119590
43581
197872
14315
184714
174234
95014
171128
197002
113949
185949
174840
167718
186938
108420
91666
196152
62488
149902
122693
120551
118139
147315
161519
84499
166361
186254
173864
140502
189158
176820
50261
164018
76747
148703
146493
190584
122759
154287
55994
161542
146036
45716
32767
152880
111258
171002
179010
154009
94494
57005
171662
175796
90487
43430
182349
193927
66808
192650
194102
118659
105164
187211
176979
136329
107279
94454
146861
41878
147986
196111
154886
125077
42939
185631
80926
180175
184706
100162
165399
196244
137796
187424
186567
167042
114618
169979
191832
116095
142605
186465
189265
33294
136327
168053
188484
156608
126833
182108
163647
178900
171111
175530
183167
90004
153293
175825
196757
61989
103353
199916
52252
183834
195915
193575
99155
191348
162312
197536
183802
178498
103390
184853
173862
199819
197706
131464
129479
162771
104689
170382
191241
131003
149473
188430
157436
194522
119349
160973
150336
131649
130822
182407
190636
98090
184095
137044
190607
174104
162904
64759
194104
141004
67405
193754
179293
138853
175301
177494
167406
156494
151055
95757
190271
192419
189032
186593
111501
182724
135902
66518
91954
187709
194517
116848
157020
142876
170308
157094
187768
172894
113903
115231
192016
171132
99936
199923
84090
199978
149922
129236
131988
194096
175623
199698
196891
41563
149820
193377
167613
197801
22788
148479
147753
94425
189914
194890
152524
187218
197126
179555
76081
185953
161636
65226
151017
44592
131745
100283
98716
194965
195264
73120
88996
77854
88328
176675
97595
147294
167913
142305
65391
176552
125940
175630
188009
72842
165666
164194
27419
155283
138026
92410
195118
137861
188212
188781
117446
193192
131942
198796
195795
199843
199894
169306
197091
85459
161072
192028
183870
159848
128980
181721
190723
178478
174704
152431
131305
111572
195785
144927
174071
160862
199406
184600
160943
185479
99846
184319
198621
60710
124300
166855
174846
169373
91903
188207
140849
91765
176188
134046
197443
178172
197886
173156
132943
185749
86774
169881
124114
188303
121773
187092
183487
198837
184964
151693
170564
74759
194366
48529
178948
169412
197918
199685
186052
98985
194626
194683
165703
196560
177350
181293
166091
159758
167493
116264
179478
36620
101257
134963
137407
89802
131028
193257
59740
193457
199411
199223
121630
137274
185237
188069
176864
196244
192889
195291
142545
71938
191265
136961
129674
163537
56110
101035
132351
75324
124590
136186
141034
198789
139772
139566
156671
183441
131917
196473
185106
146173
192306
146503
134529
130508
189338
53566
190635
115399
197629
184966
176039
100239
165170
100453
183815
191394
59675
122762
182431
62666
186256
160337
148824
198397
117006
182554
191637
186898
184875
146199
178470
158062
73818
192251
145605
199189
79216
138180
172686
176234
186186
190940
83109
193155
136740
87519
136215
181787
183582
181178
170060
167518
179069
153961
141545
129101
198851
57019
163994
25119
175776
167140
160717
174811
171321
186393
142740
168267
149055
192984
195154
190187
144880
153265
88145
199977
170736
100708
184535
195163
179642
137050
103528
156616
158942
197671
184352
121753
179303
199807
176199
82890
172868
103155
43896
147248
175327
100916
168234
118719
105424
197377
90770
198977
194185
98388
199365
190153
98045
20730
180246
182075
169481
189680
168030
185292
155873
179504
88102
115480
193900
84048
149652
190610
66687
166817
83085
174047
167630
194562
172203
42085
192234
182111
134110
199034
177061
149511
169908
176798
177465
150752
148129
125751
151855
193885
169503
183594
146800
182775
194959
114126
111706
189163
94303
168625
175502
140098
186674
130340
169004
186300
158978
196493
134930
113731
177689
113172
194567
93556
176783
126096
111169
189474
195812
58041
185871
133094
106729
197883
87757
175175
143645
165910
196973
196243
142922
154515
152470
195085
192832
150693
161338
154903
158328
198229
83630
153953
190410
178956
151115
180372
161123
80716
199995
172931
162663
195096
44744
161287
102946
110810
126167
100441
188948
191097
188804
92801
108783
133750
193232
189789
60696
190942
62571
145140
185448
189680
133172
128731
168326
160098
193751
185375
165995
183028
160684
194852
114477
194151
187877
197794
187855
121828
189563
186226
41965
175512
121897
185276
43970
68511
168399
115337
171513
121838
111991
189785
199936
96917
170653
181290
149313
183411
184915
165552
57193
187278
80435
185532
188078
40083
189403
151458
95751
162926
188367
189937
98504
187577
101095
189489
102970
182899
156234
153624
179576
134926
94177
179039
119424
162454
161137
153988
171951
151320
88464
84571
139094
178728
102018
142657
189582
179046
190316
199391
189123
174670
188042
154404
137435
66770
131175
183461
158557
151996
172913
153774
175901
184156
160864
152243
178324
162568
61445
122086
158891
179565
149361
170922
9663
194298
106957
94735
47812
86934
146406
185678
182075
159203
166180
198102
155341
70711
154650
39022
133419
158525
108347
73348
71582
195533
187260
75463
167917
164941
57266
159179
182385
113484
177488
140236
171057
144701
23298
88984
153159
146740
159933
187859
180094
192884
194662
86401
98896
71069
198194
143103
164013
187685
127207
148475
153954
199462
180807
190039
127444
140174
193931
169300
171443
164566
140839
188710
173161
72440
191269
107567
92025
20853
21244
193178
131330
151874
141302
112205
116855
150560
94773
109161
198753
179868
94301
92045
57760
198301
174643
157176
191254
146659
159740
140336
51650
168165
93845
194000
195545
110779
190444
175150
111161
122712
176819
148244
121852
133067
152927
134019
122562
159588
160753
160744
154722
107835
128378
193328
110406
163018
187695
178388
160339
183861
178791
186544
187365
163533
76684
194581
84429
58845
161455
135303
179781
183126
175507
188020
119930
152300
183370
134107
187320
121637
147188
181746
62960
137674
191717
180714
116566
177544
192370
128700
134105
125711
174509
183866
128069
88667
171632
176200
75638
193081
188321
104026
177360
198018
110065
180299
197589
191529
89305
169321
87214
180487
177849
185550
192741
177437
107547
181907
163733
127290
178285
135584
148638
160333
85327
196942
188875
188026
137755
104158
142338
169255
198350
158673
150135
186773
135144
53606
83605
115499
193530
90092
78728
189201
161840
103836
198941
191097
130619
199706
189268
30677
194292
189038
141404
79476
123216
154953
145419
165457
196303
173152
199380
18847
181494
180661
199263
110955
196932
148295
129365
105843
196446
184667
92259
193248
193848
141189
94736
141765
91647
194360
187232
73710
113949
187298
181693
172366
167979
152633
176417
185567
178190
188630
84729
177675
140321
125929
189634
199147
145951
73334
116206
195783
172835
182591
197508
110431
180386
196957
144647
189767
180988
115452
114464
180057
174389
159078
62701
153512
192080
107797
180785
61147
125318
30557
198475
182345
190598
159947
170512
154036
105713
198904
197682
172902
197676
170407
44734
193490
196023
191684
189722
87810
183043
176262
142881
186302
188788
83618
143526
195743
105289
156152
181456
55803
169672
140235
142057
192879
89586
47235
114912
181809
198572
172555
148638
198311
54799
199800
106645
199774
185440
125100
178740
155107
181787
126019
160492
121888
123591
149181
196482
118564
164869
139641
167853
2627
198727
197981
130701
153171
181466
146778
133962
194996
191313
187912
67854
100241
169651
172765
173841
64461
184501
183133
161399
18118
149822
143278
169315
152712
196065
190996
178319
67802
197597
172157
169727
150425
85373
111963
142898
135157
131870
93146
159770
183638
159069
186998
64701
159872
174108
143252
82072
162151
143750
195992
197405
185920
159599
191337
50011
178781
85876
164334
170979
81398
199941
191976
129609
148370
79705
173117
195692
197451
139864
198110
120784
174108
167009
193854
160292
140820
146531
147423
145856
150785
164970
134846
180103
162332
183356
193235
110849
75432
171150
165621
141268
174765
173898
147398
149408
183139
105813
188562
189665
159753
109465
186943
130322
189933
158848
165259
154104
185272
192540
170414
158779
171042
161606
132252
185980
189737
152049
173170
106543
189494
197813
194131
175108
163280
167112
158153
151493
168228
117450
158208
148196
90470
173712
125399
107428
172345
145028
124594
178141
163044
119422
139197
102441
185398
90157
153090
60001
167479
51382
142108
168851
192206
85513
183662
197020
79845
129791
68845
98607
158408
148557
175166
29176
171457
187456
186624
138910
171436
198610
121115
25152
184444
199037
142368
195126
144290
186437
198919
156117
188714
186805
159769
154360
195653
80974
198815
134930
154920
112642
106987
186800
95744
181699
197477
189382
183083
174395
143260
3718
199532
124551
190937
169173
166076
128827
133933
165517
147601
88222
181201
194185
143630
149817
197704
187241
179125
171869
169049
177387
184478
190556
186207
160968
169169
180562
168107
187784
185119
158385
85597
80702
196626
159513
180714
163811
119950
31521
176750
163282
103483
168165
99187
180309
45597
191708
145069
199706
165726
13953
66391
150860
175721
195692
158795
168118
140998
160516
195279
102160
140940
170887
130416
189947
73765
179229
81980
194711
116350
193484
184959
199209
141143
187263
195167
27289
177882
139440
153917
81159
179681
176858
191844
81552
155020
74072
152922
199234
122262
180246
141907
115180
84345
160253
193519
182000
169045
186641
161330
195054
115659
161066
194428
195151
184704
175838
147270
197168
199046
184350
190726
179311
135620
82913
168793
183459
164652
167735
29133
199015
127156
127264
175779
143356
164650
162955
166822
158305
193656
182318
186403
177296
114502
178287
199351
189722
49995
156129
112708
150433
178342
186355
189068
158716
181252
198059
193653
172523
116271
149932
153215
121010
165709
181977
155344
198224
196853
131136
72855
198165
150983
172468
189328
61744
84604
124917
198233
107752
189699
148233
150487
159864
130621
174890
171653
198305
192735
115022
126359
196201
167873
161089
196206
167567
111172
197377
191466
179381
168357
155319
168328
198314
185599
52170
170148
41326
182985
188557
155321
167818
169101
159965
199963
81040
101886
163834
95131
171366
198552
161304
106152
53349
115570
191914
89119
111418
186434
194496
147751
199333
197929
164011
104612
176359
194250
165997
197095
198053
188391
107031
143583
181402
195086
180003
182591
61030
184188
187887
87793
182048
188143
185045
197511
127363
199911
198623
128804
171272
130421
55915
176778
118374
133203
186903
180657
149293
173326
173785
196355
145018
187644
172963
50366
181224
88623
140161
191756
160710
198648
179123
192493
197684
158976
102942
187328
151818
180957
139617
196686
184706
194505
180338
172253
190616
154599
117642
95221
128604
193913
197335
172080
137945
190043
188315
156169
199572
197531
134407
152868
108741
193752
184342
197241
162189
121017
87378
65277
147083
84210
195715
173310
142933
190437
147980
40567
163213
152252
187778
197415
184940
114547
193422
195953
114457
188375
159551
148440
98601
85685
116527
149069
194939
81599
174551
195125
178442
197019
199999
191166
199984
198202
120765
134966
74088
183579
188450
94210
190440
191130
46572
197327
155626
176495
24444
110315
130330
197830
195641
96145
137266
161426
191600
112162
115159
31836
196118
188344
121400
126525
115010
149812
113647
140070
188274
167599
189222
180552
154398
59562
169810
166272
172897
186147
59423
198514
79876
199517
191909
114387
190104
197468
196670
199678
149618
192005
118879
198062
181523
193004
198431
161096
195534
163285
146202
151063
198401
172329
183626
98257
143192
177231
198842
185381
166972
195315
45007
191452
177767
184177
188628
127090
179935
191952
138378
135432
47359
148002
133971
176483
78510
106955
184600
144054
198312
138800
86101
88040
197735
161563
184895
174703
162072
187212
157078
68280
190487
192229
26956
180658
120218
121385
179200
110992
142076
179923
194594
105583
174436
157818
98519
138853
197656
141157
157249
195304
174058
149284
124868
198995
68815
148602
152437
188885
172015
174130
199905
171980
195860
170386
193759
117085
113906
175869
109177
195530
145863
102209
116347
177208
194707
183205
117224
196346
199717
172082
51241
189226
137083
195576
155871
96905
199258
161037
69072
183035
199973
18943
134767
176137
111571
112683
134814
71497
167625
136410
59846
111789
115075
193931
77530
195863
186938
179329
184266
191675
172913
179128
165028
143875
141506
184560
195874
93737
121443
83388
169132
81378
160717
134092
187661
178161
194966
176207
180299
152489
149988
185631
64507
126398
173333
151381
155638
199803
146060
195653
163105
54063
127179
71728
181927
98395
194106
188458
177277
175130
101234
94129
186476
91733
159426
162463
187615
146713
177568
182178
31193
112645
194966
104092
199759
195550
156788
166501
169098
144072
158114
98319
119769
187831
170436
149150
171755
145729
168038
77577
44462
118585
62550
182098
112341
145299
151521
121697
199072
190907
168261
182885
175836
151098
199468
199836
186311
160717
195887
186409
115070
77410
128596
88914
50119
123736
199408
198130
184888
196459
118280
180397
160595
192716
199569
50683
117995
138506
193055
131631
140235
160116
165792
199081
187806
155956
160621
64353
135360
108783
161270
197001
88546
108414
195070
159662
147140
103266
52572
189930
156897
117601
89932
113352
188017
197644
19141
68782
199540
124174
196640
184067
138188
86209
160008
12260
199829
189079
145341
60521
97524
43987
88152
95764
139154
104534
141851
102306
198070
189852
50072
123383
186315
175666
63462
165278
104842
163309
131218
169306
47380
136805
132601
120908
78939
112876
108330
143830
179563
116494
62867
70256
197627
90666
199919
175653
131816
196181
199012
36739
122242
98998
137611
133110
193554
168133
172417
108827
197033
109914
162424
43905
136965
78059
129490
149031
176222
48000
142294
139784
197061
180953
177678
165910
182612
54188
199473
192460
157818
188418
150984
184400
198399
126609
44500
198842
195291
126651
122906
182152
174966
88229
155533
164677
179944
175658
189003
198514
185091
63129
170118
37278
165707
109817
166665
170520
198408
127794
130886
153619
194330
196023
126249
123342
87535
95934
40284
186087
199209
93749
132146
105962
174658
186057
134201
98991
133698
170135
108538
197281
140863
125003
185292
174767
177445
184313
170935
159388
110188
181096
153924
197918
166902
125373
198787
168427
174194
128551
193068
147402
193550
134382
198523
167173
147673
177286
199338
194746
183059
194160
63341
51313
177524
173478
167756
46876
138056
73140
177669
144431
154156
193070
163890
199676
171562
186176
104896
169713
150979
178232
165867
192321
198137
174408
45882
130955
183183
88732
183411
189849
96462
31476
183399
130261
70976
54115
115401
143966
184718
134492
119980
190401
148444
150513
77787
92624
144074
100297
189433
165600
134911
101693
79953
46319
195528
165276
168834
183092
160994
196566
115494
81978
135904
183354
120391
129488
103438
185704
155228
199875
149008
199269
152036
50693
192986
174219
179424
177976
96165
181114
191049
116601
67933
43180
199162
108602
151260
164620
85482
189866
130428
177868
93337
94752
80105
192921
195351
108763
155103
119403
162549
166241
75024
181233
178488
183251
192802
116594
40392
121973
126150
181930
132784
173494
131685
105981
48678
152961
119206
178900
185757
170185
149163
168632
144954
156981
192558
165116
94234
123712
182332
109974
199893
152795
182952
182684
175330
112829
76184
64168
148660
81627
182146
118989
149430
66068
174158
170627
149675
175065
121395
193873
155396
111530
189795
157073
183227
199997
41641
115242
152441
120306
199571
154300
145354
195937
194186
181920
82653
44006
153352
177454
95370
72185
119930
198180
144974
160492
197941
166040
195086
72261
109026
135644
187639
128979
119861
195874
191384
114780
170966
150963
78307
199108
199488
78940
82855
184364
146258
175043
114369
165759
167605
178252
183359
69881
162503
192682
143068
164774
173122
177490
151994
194298
147149
41293
15114
91319
145152
64785
123139
177054
139311
31318
167816
160683
182246
189188
183870
78591
170168
117489
169945
153478
94620
85717
167712
105646
174652
105999
151135
155218
187536
116744
84532
105619
150678
186180
163487
166695
163676
78922
135422
148206
170862
196768
72587
51730
91965
178791
198924
135251
190316
161549
130967
195741
167280
178727
137653
152738
193977
113302
192690
70774
112871
189684
199072
199251
190575
197128
56224
60150
188225
172223
166351
196980
198959
109309
188261
123123
143920
199379
172601
165163
185238
185076
196098
139146
158242
100990
157053
199482
111936
147425
165399
162623
193669
192716
191693
112906
132911
99369
195874
129509
173006
158571
145725
102556
154509
195219
197933
197514
188531
196526
186773
135206
47574
69791
199118
111722
193212
197273
154300
98159
119695
186739
167501
137659
197878
145164
190219
197426
166146
191920
196555
172431
122918
188622
196440
172283
199370
189262
196991
112752
193572
106251
194458
183324
186089
190515
152760
198326
88865
111567
172239
72395
199555
195026
182751
177502
170944
199977
188560
186308
164926
120556
169156
147853
191706
160996
196192
199338
175333
88220
166669
193379
161889
191672
153199
102770
173202
131626
106333
156096
193966
187753
127751
177754
196751
139013
104781
123717
109984
115254
196027
162570
150900
197300
189086
186113
182807
199969
43917
153021
199548
185723
165608
128667
67775
199122
153315
172849
182272
102625
121739
193546
150087
102990
157312
196158
85217
190784
119263
197765
189598
159928
53602
170556
199748
187697
136824
97509
179821
195701
117097
177898
191827
63281
101801
144045
38909
137815
198700
17177
199676
194136
167465
137161
199925
199300
188321
190127
181939
71973
114607
106763
190334
199307
199571
111948
186316
168938
180697
170085
160178
137713
175955
134576
128910
93410
141006
192741
115451
165307
186089
104937
154442
59952
156058
71115
143512
51342
180423
125135
173275
117684
184385
123734
147675
114742
138483
183438
176254
176606
179186
121576
176620
138548
135755
133370
152735
189683
188857
161146
152955
199854
45673
142072
126436
92929
142881
197140
199675
181296
155415
190116
198559
108085
175518
86750
138300
178789
191362
159148
113717
144866
198288
178956
197030
96914
190086
190153
163161
196920
159549
33011
99948
65281
148338
197190
167182
198282
124358
196590
169144
173815
194530
189324
189672
197171
85134
191927
192491
196246
163705
145955
152349
194826
111443
192934
196959
180490
122707
93430
137671
132772
195173
127693
130494
35412
62915
97004
161754
185288
32970
173547
178992
188653
184977
69202
160813
188960
146952
198589
196358
128300
159728
183795
144076
79660
140070
135464
47084
182453
63681
125915
96921
91858
149332
138611
199103
191610
47908
78456
192335
166277
193503
186962
180599
118597
95632
185914
185890
120595
96659
116689
113735
197883
169078
25828
155026
128912
157456
197815
86694
170600
144138
93761
193864
199717
192376
197461
146212
20317
172047
196668
146179
132860
174870
188952
162423
197908
18172
195079
163934
150749
195705
138936
97918
187628
177813
151395
71974
162370
176330
65995
151006
154107
63415
197115
177965
180288
149593
174309
192958
180191
184850
194139
191347
66646
141924
82929
168079
149885
199508
90717
60688
92554
119355
81027
199633
112136
169202
198819
179168
88699
97761
177419
198827
29561
167310
195768
185296
132118
195266
90932
109995
196465
175721
152758
190494
149438
77588
4048
96230
176316
169545
185850
193270
180077
198140
169136
182710
186336
192043
118602
105738
185954
198236
149363
101816
184860
165645
192928
89124
173563
42907
176160
175931
199771
115035
169860
178232
193724
138025
92951
160123
178580
195790
153832
175960
163881
157847
179997
198683
193871
189748
191572
134986
52474
107068
101088
169962
180005
188185
178761
152174
129160
188148
153839
174447
176637
118015
171077
135428
160813
119539
198122
186734
104979
194683
162050
163213
174566
112716
135440
83649
165520
56495
90422
189433
197629
173675
170664
133673
162076
193049
97097
132082
116931
197794
183305
198660
199742
171627
80841
199265
136696
78146
188658
153503
97801
189406
192094
154009
84462
51095
183875
192497
184160
198148
184843
9858
89193
84896
132494
177145
173857
131316
138129
179785
164964
139084
163114
196497
182619
198875
198846
185792
155607
176164
71730
199875
185461
153818
196294
138278
167617
89104
197805
149182
190591
158322
185340
24641
156203
188943
159596
152806
129819
161358
199988
122582
157135
184766
121732
70167
85476
195419
99358
152422
132020
175584
150236
166190
147478
175057
172984
160497
178069
167786
195932
166860
181379
152136
121064
151487
114820
179987
176874
128408
156629
165320
192881
156757
159793
111233
187061
198718
192432
156239
162789
72537
164613
198807
192444
152614
154505
163796
173669
184423
165973
167338
156565
127590
199300
195853
192622
146783
141008
194475
88827
179131
160886
140630
182345
133029
111340
199187
147601
169724
151088
95712
73892
94469
187804
192327
144930
132458
83528
135123
183592
199964
143553
197246
182414
192346
198288
161924
27169
169919
176005
198729
179529
75756
197575
152146
180416
97578
186224
197743
75633
137517
196423
173773
177072
72852
150624
192669
134557
133779
194144
161171
136299
165657
108541
128823
49192
123351
184788
191007
189151
191310
183856
119610
84502
166453
188552
197568
179176
187744
42092
168199
158486
174979
137951
190163
140217
51002
114389
192583
197401
143771
167694
79017
195260
183005
198984
143346
125548
48027
158455
115067
136875
155226
193055
138524
194793
199054
170285
25949
114258
59085
174947
104779
195800
190856
144205
163502
169744
181070
178137
129291
131282
196056
120122
191102
164192
143716
149760
180383
160181
177934
168891
180090
167829
185890
99812
195276
194415
192538
122921
89295
183912
143314
193811
179677
198153
160696
127862
190859
148863
151055
138997
192092
84673
154366
163853
132892
99678
170632
177518
79906
13728
155941
91858
185080
103493
184018
183588
128502
178916
137808
122554
189340
199999
27604
199519
168948
155542
183454
97601
91192
187691
167553
171041
178110
146366
92662
166881
135946
198489
127430
198998
116234
143523
151705
172564
99772
172386
164167
164266
178144
180705
164598
176273
159693
108878
115088
199864
130573
196469
127154
140813
162429
114158
92547
151782
191666
171908
188758
71694
170185
91215
156288
165982
189279
194712
152068
171562
190330
141749
120977
119010
138837
73036
112901
173566
188930
184346
186224
195122
159638
132201
175695
196550
147896
192836
187477
149531
96126
188546
169810
155458
187179
103166
107613
160728
106640
135271
189041
113382
195130
72301
99048
117396
178859
116063
116961
187118
187349
170127
192581
171376
168927
199555
157750
197938
173995
193484
113603
194273
96107
133118
199500
105824
153179
178973
83573
183136
183174
161938
183809
119436
195092
180434
135491
172092
80782
73744
199471
188219
127358
121645
165529
169528
34231
70968
199548
192234
159981
98558
145676
45233
52731
146362
121493
42558
161966
197287
38946
192633
100862
85075
151705
165102
115884
166885
169503
95434
135252
175850
199671
169536
141512
169442
188172
197943
94467
38186
161045
172090
51982
188736
199079
96103
163796
187558
154600
161022
131073
189566
181525
132140
81827
161887
34870
165386
131521
198868
147953
198916
130079
53683
182439
181646
180383
180651
188891
183203
130134
50237
117506
197746
183606
152474
178634
198280
194358
192750
171013
183036
15036
131909
174462
175366
198590
51847
173487
106839
143531
198487
193562
196612
142310
188952
52250
166292
192076
179677
80762
122008
195470
192378
128012
178890
172256
194898
180393
93894
178528
95126
172426
93817
72430
158567
182052
98789
114263
193640
29762
47057
80189
48003
102226
150873
99409
127440
103240
174870
125004
86588
184988
142479
181498
186271
118622
67465
145640
190565
88032
147762
145230
99634
175738
190370
140377
184226
162050
126633
136144
119110
154854
199705
161604
194511
172640
170429
141222
107447
94663
43573
161399
132605
153520
17736
153663
92206
189922
129874
199471
54939
191486
189984
197256
188821
195113
174744
133760
186700
194714
52944
196006
152000
180831
116508
192906
196806
174257
196280
190571
132731
161608
155609
182260
195673
180651
190848
195671
106048
87484
150572
164182
195488
165214
178348
156258
132786
158622
197485
195838
136962
173761
67316
196283
158675
199023
190114
164236
160859
166183
178604
169896
180184
107257
193469
144083
80318
160144
152248
55018
124622
37538
179866
103155
158448
172520
176419
160129
63559
164191
198247
164900
198379
132091
196384
177518
191960
42955
185623
22875
180594
76822
108454
43308
168455
122151
147519
161379
138546
176929
173162
106192
163084
39828
190459
198308
179803
142391
129565
165295
42742
177401
34179
17038
168427
178250
156920
93926
176573
193490
145665
199916
197850
95917
173244
163174
179641
108317
195721
117639
197288
73867
197508
178073
90312
143595
179584
196541
158067
193079
170991
173733
185285
145215
162246
136051
135435
119825
179014
172979
185040
125668
195138
98621
173434
164224
168699
198851
196181
32944
121578
145147
79811
117741
129419
147378
187622
137890
132617
193525
156131
125798
195655
171751
186993
95481
174688
188525
138960
180517
194267
193822
142921
182428
75768
143356
109954
199788
56578
75096
192961
185309
155929
196379
41652
50701
124538
194041
198053
177573
135409
108343
157252
197131
165386
171609
111789
191686
157069
191456
175128
197403
87337
191782
198627
196677
199429
199482
194106
151890
104350
67545
195959
177557
54753
77813
160390
193480
178340
59365
169089
193895
152654
151669
175171
196555
56873
85950
76374
195447
146532
150100
145628
165600
132954
100290
158558
178651
136315
189284
170496
177782
195885
179756
186390
157847
190249
173069
193568
96727
159802
144225
116880
103177
166250
197105
152900
197847
82452
111699
20557
192673
151541
148631
183502
178556
127632
196969
183754
186583
198841
144664
186430
109063
188158
80830
85620
126154
188817
155380
117525
172148
131214
126738
198865
191488
51400
98679
197523
155619
157608
195304
195935
199383
196536
129227
184049
138368
169416
189398
199732
96153
150179
99529
105908
189866
146072
196480
148697
119554
191058
146704
175814
178288
191388
128783
160098
199019
196870
140424
51095
97650
153699
194328
145368
186493
173776
198949
198154
153174
103941
21425
188185
197629
184890
184224
116491
86234
196479
192581
175008
81827
199316
192575
124392
144728
195641
92294
165550
185221
149124
181387
148983
146022
183389
162098
66272
184522
193510
198438
63524
199813
61332
119748
95071
193611
180719
72550
123165
160065
194245
184796
111110
187499
95754
115563
185922
66315
152378
183650
134096
66416
166040
163428
28671
194670
47717
120263
161077
142249
191920
195478
141175
187406
182699
119509
47129
32117
174417
148840
68850
148417
158742
130632
192100
167211
91699
142359
147353
169033
164024
165646
160198
140829
189132
160131
151833
112063
151109
181909
192348
161678
77378
195890
57042
94915
196983
99435
184594
196781
148699
187116
190384
165262
156679
123611
187743
190640
136094
96910
168947
161766
179263
92692
158327
169693
194702
150886
161564
155198
145314
194790
50273
194600
184999
143650
180675
144030
163150
199505
127426
174417
120005
79424
131201
88970
143438
189527
199697
127835
197443
102699
183447
45658
169656
151253
183359
18049
75728
177484
88105
164625
176920
174798
87091
198559
85114
199921
112152
94842
116888
47153
191004
186594
153055
195709
155319
122854
106901
172365
194835
106988
162665
90482
157999
183140
185945
131326
81054
172454
104873
163723
191273
190375
199231
141157
179596
199467
71487
120318
132841
194520
196629
177764
161188
191530
156722
195522
174851
73110
146424
182313
186534
197617
119211
87749
198538
95725
185798
152664
130159
177790
182664
189385
190293
187767
199705
147039
183660
126811
99552
191464
144927
158669
152831
196292
54699
106587
187691
101276
156109
69357
140316
122754
135935
126171
15698
42530
156542
196680
159746
172404
199610
112464
129108
192253
169543
193184
163802
78073
196453
161027
139827
180269
197801
107580
141218
53696
197631
122469
96009
199641
185098
190397
159355
87631
161580
180096
124762
187223
171467
182713
77575
176050
180523
148455
128749
160118
183339
177023
155563
179154
196680
197092
180914
72712
85758
130844
168457
187946
165703
44531
78699
42442
78323
199224
197870
198921
105734
140424
118293
195492
184733
137965
196605
173526
152662
83292
130400
73651
197597
113297
165497
195447
195029
128322
164293
197706
112434
192783
181915
194898
193769
167917
180790
184954
196407
164421
198879
168483
133235
165353
98569
173961
146418
198194
52504
171835
180283
187959
177767
188252
195686
195486
138793
195528
35227
92653
109203
38678
78544
186737
190510
176219
154515
133336
91790
136709
192013
127190
122311
101398
50590
199690
98462
60124
180818
178367
136808
109170
184928
109968
151886
199508
189767
133750
179748
181255
142221
178752
179659
139788
197061
199698
68195
192756
190271
107605
195976
132257
151077
151309
186811
32297
118943
195014
136560
163760
189089
172097
170977
163622
153431
148899
184775
191449
181732
180676
50918
163485
116348
149771
125356
196973
140781
100031
152802
193427
80720
174314
176469
183706
124524
112107
108570
163808
180887
179927
165079
187590
190655
196895
150786
153207
157097
190643
194915
103538
189330
177106
90696
109956
188578
167752
158016
116896
157417
173173
172877
106705
189924
63560
137598
119362
134425
198335
180707
83401
126960
181601
198262
148047
33833
135985
180150
99153
178396
170301
194002
133162
114477
144794
169598
157539
193327
119639
157206
163214
55405
199734
168232
170282
198442
167725
196646
79508
117269
183300
177911
190653
163610
189161
199986
158695
177341
158140
119576
189652
183023
182373
74574
195602
187101
182159
88225
168565
127418
172616
198743
186469
190489
133822
133200
173057
122236
168523
145869
184984
173657
123330
137055
176863
193811
160309
162823
197722
87349
170189
82222
174660
126896
91132
160813
127665
164953
177003
164385
167778
99543
169865
194362
183709
150983
134739
188377
182349
107428
115590
146043
198789
51207
167112
160935
120068
158459
140939
165200
172393
180661
144781
84916
63033
197604
140980
189360
96215
192913
115516
188976
139998
196246
154608
69542
199774
124810
157164
105431
132340
98107
103387
131928
194092
182835
123520
163658
198993
136700
197360
186259
196908
187545
62724
194196
139657
182356
36599
140166
185654
53441
194588
75907
133419
187228
155605
167525
131062
59649
183295
178761
187831
87174
139546
159716
159473
72533
142437
179203
186696
196992
116293
193474
103294
92798
146529
69999
11920
180476
116429
123920
196283
195799
72943
170724
99293
172601
183640
156314
187920
198604
160271
160605
133576
78606
192712
161110
188799
197073
45376
148516
166320
82851
54335
145016
198851
195835
185376
156989
119361
99363
152872
87088
93426
151433
185100
170111
175171
192784
183090
199553
196166
176225
197651
183756
121046
148947
185361
175299
172918
174592
131697
159687
126939
48376
161606
176585
198634
167482
156162
54322
167075
141987
141367
171719
182033
128094
133354
181022
154068
187474
109900
196137
96438
90705
167592
187589
197369
185719
69414
143839
198633
188749
113937
160492
177835
43295
178762
189924
177098
192266
128316
130444
132211
79821
182681
113362
131206
178092
134925
120584
141571
84257
187687
173197
145975
164288
199108
189479
194667
196166
157053
198227
195339
189389
193297
191066
179212
141542
198248
131957
64303
195178
115285
61986
189254
182491
112547
111676
131403
130685
180240
94597
196667
172814
63724
52228
127818
188912
67310
182882
143719
133764
142861
186730
168583
173247
142069
146120
148347
138964
181388
49423
179055
129652
65751
197472
77942
122466
141767
168012
194020
191081
145312
178852
196556
168942
162864
122712
137463
177154
191340
162736
121003
197485
170846
195245
145443
197199
117340
195631
112479
159825
166466
158435
141218
147611
189878
191721
136761
125501
148799
174885
189449
66001
198514
199949
109448
176359
86683
197068
166011
33992
70473
196988
184218
193212
154436
196286
120502
137628
154568
197731
190180
166525
132241
197074
99255
187992
173708
61555
191187
158968
151503
177776
187286
74191
163904
160595
134767
143095
186019
131945
193438
184270
182515
88855
196500
97458
113614
196011
127814
145699
177597
165850
176647
193055
141668
94910
153895
85922
183772
123040
135887
154795
26551
195811
104143
125029
169515
137901
132389
198048
188531
169581
159476
171032
163445
195621
136311
145102
156970
144614
180779
73050
189824
105213
137618
195844
181371
191671
157295
132324
157676
193792
180533
177474
192477
199885
196672
157809
69078
84980
186433
176889
160384
191418
170996
161204
57985
140015
197482
199468
195219
170935
165461
103215
143202
177092
195379
197405
78451
107044
131982
181848
190903
79377
66630
107979
191590
178232
114143
173222
131199
80559
181697
196156
123403
182093
184691
154896
159532
135280
199266
161534
125271
188506
174795
178192
196292
195067
186562
185246
104791
143895
195429
199901
159226
154047
196383
189633
161711
192509
182522
199628
83457
186541
163448
175970
196402
134174
185200
118746
177779
81270
141075
93203
194960
159816
160265
190439
175812
192383
177585
193451
192169
191659
145893
81418
168201
104891
57028
135498
174500
196459
191250
183256
168830
181988
72235
198077
195812
35833
40481
108975
177154
188396
188239
190473
95345
169831
154700
185625
153058
151422
58464
173737
165677
192258
118208
156920
161146
196816
172949
124854
119610
182996
174809
84795
196444
103419
172300
198703
196259
175113
98345
177139
177633
77406
190241
189284
99091
156396
95531
114158
114415
154603
134143
180414
123025
193320
160943
108497
162542
179763
144842
199911
198805
198615
185725
136982
199283
173920
92243
184765
184153
160297
108581
110255
167737
189734
188491
124300
72065
110370
88387
199139
170266
197276
194171
179259
22097
76793
64787
199202
175626
131748
144159
192737
180474
151814
147263
150552
190540
73225
196337
93743
81864
198001
106430
174815
197945
178656
110884
184510
156713
159907
129732
176868
187663
94975
84187
194896
99059
92680
188538
143215
81608
85415
182492
147209
192015
94987
166941
137767
199019
194729
133821
126069
90147
13128
168134
167778
199368
187451
135520
192968
183779
132609
142031
166246
188980
193300
179695
185240
197606
73564
166409
182063
116245
181072
199587
123802
198842
114380
139560
178403
199634
163775
197281
180931
133934
191869
137702
127870
142255
153746
130562
189226
53349
98677
197077
170398
187267
159615
161635
190064
118979
104746
77354
127646
196199
150588
105068
196067
179645
105981
159189
118984
187698
198961
176781
189451
151512
118859
197905
199424
193312
145863
180903
183227
179219
110438
184502
189188
176407
119685
160603
166898
177159
167414
87764
182676
199953
52248
156691
165719
148481
190319
126541
100834
150693
138198
152318
190761
172470
151871
198024
171565
165592
116975
87876
194635
193292
188162
164893
81368
178815
170551
189020
163232
184956
177030
159842
133211
192247
147477
80105
194238
144188
197016
158028
160781
159884
99994
109759
113825
171494
91279
136519
46797
124326
68971
98426
25287
158319
185650
181376
176099
193027
199012
126455
159546
199076
199283
140996
180762
161077
174098
140069
191297
188594
55424
59899
126328
157322
194088
148133
153313
107718
129858
175454
141572
199224
150383
156195
106209
189930
189360
180978
77395
163098
155535
182063
195821
102363
59768
191284
146812
187573
94701
172124
181861
115226
182428
174846
166532
191044
186220
195793
68931
198809
119503
190876
140860
193644
172878
194386
191901
75894
159240
171952
140417
52370
82344
166984
46342
166728
73936
172466
174104
199070
129070
88957
197898
128007
177409
165126
196219
114305
189854
163295
90760
65600
136690
159231
198493
100887
85366
155956
133735
194651
199633
177224
171479
66363
181323
198596
196138
190921
197126
41747
140132
175103
64161
116669
147760
197014
154658
198397
198382
151079
187500
20200
86281
82618
156473
177842
142059
189338
101203
99216
99922
139137
198634
128407
61923
188712
174382
129932
107507
175076
197972
87097
152149
160093
146076
85347
73050
130798
180978
157967
132595
70985
198188
113122
194769
164521
163259
108252
180098
177961
154448
178921
122066
199130
198868
194696
182470
195321
197369
199746
139708
162007
76032
193857
73286
109894
152009
173979
113686
150218
144988
70953
181362
169187
158501
97596
17964
147337
184251
199957
106525
139852
125390
136666
175399
108612
173331
197193
146823
190408
118791
168224
18070
157579
150383
169739
183649
192392
64193
174990
189556
161070
36565
194136
82508
136119
172817
123665
176391
119583
169504
176228
177275
181445
193703
144478
110820
194609
141334
194263
188628
180741
186745
161528
188006
169089
173303
36821
133804
173008
150785
120361
186704
192505
152730
170957
172028
192938
177704
199394
195758
197020
136703
19123
99245
177077
143936
181548
197989
186609
176466
190799
198420
59868
177213
104653
191555
45954
193795
183666
158729
109390
151484
192115
147366
171908
169863
141864
143067
187409
102179
107277
197706
184977
180270
155781
143630
133903
93461
176344
161060
190468
199254
194841
173144
197258
173595
177577
127470
121859
172380
90527
176713
133376
96360
199452
157154
191756
62686
164227
179405
162003
189956
144616
41415
190658
181640
152021
184211
185738
194528
166675
130398
171365
185753
195589
197136
179679
128794
150333
43053
77302
165071
105860
71147
167884
198907
126625
179416
189364
177891
142486
196779
188215
199658
139818
137268
159446
70224
122028
140084
145725
191909
90845
129488
198033
142070
44551
185949
161215
130697
118547
49216
187179
65569
188978
133759
95511
194152
124502
91151
91488
87825
168740
182596
68527
62834
193455
81610
90295
119653
178144
160635
190723
146290
189620
198273
198729
35897
181809
182860
156810
198207
174774
191635
137717
156799
195429
179930
169400
141841
179266
159812
138395
198892
182154
167094
188849
189377
159766
159607
191221
108707
138296
167752
189970
180644
77343
163298
198354
182381
169180
175285
118637
163290
188927
163172
129470
183047
175526
157920
136078
136961
179581
199136
106367
170643
25424
198603
199229
192915
154177
177894
47718
160215
186433
196714
196847
85654
163009
185788
46119
80111
118909
195728
88145
163601
138009
172744
170772
182175
73247
193797
103649
199791
183492
197766
139744
154754
38931
64906
179845
142197
176593
69413
119806
43896
159927
132803
50669
120781
87782
143627
99046
116582
100029
177771
96169
101737
135584
147833
194991
198452
154081
192841
171866
80838
111326
195897
169167
115115
189659
59247
162841
127317
199991
139827
192425
157583
103086
92022
188807
116965
187622
88277
194991
161263
53689
192983
176294
56043
128389
47390
172992
178384
178826
141710
139094
28473
181912
167433
199969
196884
162922
166346
193834
176909
113695
163344
174488
190143
189241
165381
165345
191150
181325
198723
141551
194352
126001
107885
99225
124899
42222
141006
198630
78003
197359
176018
152730
190972
142253
132037
180899
107765
182645
58145
189197
76468
182740
142610
192716
86978
156096
188067
157404
129812
174458
180837
179695
92684
180803
167182
120565
38137
166962
187486
196779
190316
127545
89769
162826
139445
130798
198772
106405
76797
59776
180257
146318
190290
154440
113370
101620
74099
145606
78918
192482
118641
128567
145559
176370
120545
161763
165798
94451
165111
126571
190631
177453
147024
100977
56593
197201
198251
196612
190762
104898
100732
26229
199804
199600
182615
195121
152497
110902
179377
158659
118598
190944
199946
190127
161885
103213
185740
174117
196192
110787
162144
173183
106399
112299
136262
170092
192402
117631
195679
193308
163439
184327
168953
152937
178095
153624
146009
183188
122326
192053
194766
109741
199844
194499
192802
113144
103093
162993
123714
176855
190378
60803
156952
177756
161587
193778
178415
128024
182692
70731
196495
130067
141746
181228
125167
169565
80123
193686
176273
170774
161171
113792
147962
168175
174336
109968
147392
168864
182615
187640
169927
186593
189709
198143
164763
196243
198485
187000
171223
91213
199734
135884
187243
99962
199854
17661
154858
196524
157282
194360
160791
163095
100589
124473
180044
162967
182436
194680
174395
174403
163534
133145
199347
192222
177532
53569
110453
33313
189598
123657
162083
191844
199281
199293
185543
161766
144218
179959
152299
183869
184973
199422
182622
134992
112896
195260
119666
90929
169948
141857
119303
119209
165038
187569
169835
103889
96081
193275
136336
179509
196244
185475
145682
95065
188757
177913
152929
54554
192140
122188
152559
197893
95305
199902
152937
193571
189367
195463
198104
98055
140746
172670
146322
89470
187239
168224
158268
158067
24261
124381
186891
130668
185457
97666
37464
164080
94773
152328
49435
146493
124268
160464
168569
166732
158012
83822
181748
167766
190405
170630
94534
172819
160974
189709
65301
178047
177603
55735
180483
191693
194448
139044
163795
191698
163813
148267
191010
162739
111376
193634
44027
159326
192128
82880
53680
169748
108416
152405
178987
122655
142898
192942
117776
166233
135080
195199
52976
85772
181953
141251
195447
115500
91315
172052
164690
155733
185937
199039
178158
41062
189317
176585
190337
193854
75773
195359
76598
196660
170402
170285
157750
197497
181351
70040
71666
199532
170958
199019
101749
184359
28206
191179
135099
158719
176658
132349
181604
143351
147507
141346
185597
188862
174972
69606
117349
192858
110904
122176
189409
68571
153974
196015
123281
116223
85001
103831
148541
160681
140051
179601
197815
169229
169508
158891
134107
157999
193098
135155
186049
199347
120598
188026
188012
173477
70826
186140
80269
150442
151266
103072
77829
164169
182724
158172
121748
162244
130836
189421
195163
195396
186783
159372
184717
175918
144728
87253
195890
158510
199978
194495
113692
195874
181453
134561
186302
141961
197690
187397
181414
196876
159641
188130
194989
130922
115952
132473
157208
86148
187999
160089
157752
187761
143697
150900
47530
188092
191772
144982
197733
175128
86745
150683
114987
163531
183183
141515
158082
185806
155074
17741
170189
39719
132098
195818
196444
120603
178146
164329
126450
28544
90329
87372
193056
155622
128764
149087
199928
138829
166261
199811
186515
196077
122159
199391
192035
128639
96702
191950
198070
145449
197190
174707
169867
69096
182146
198601
124111
65219
95565
198506
23924
137068
69304
118999
188601
118300
183706
180552
122949
146933
97174
189624
182832
146823
190378
29226
87611
170246
187536
150082
199843
196782
150865
169062
117374
177456
192635
170345
140683
145560
191410
57626
188482
176016
182647
93990
198384
198479
199685
96708
93408
176058
133594
197931
46500
199663
177478
194088
129230
124739
197968
60803
71148
144412
95362
151023
188161
199496
167151
121354
86411
162506
143985
135606
180875
165517
101620
115425
190127
128399
153179
190752
87559
184924
160651
190134
199590
96121
107560
199254
131786
180589
88298
75605
155083
177568
170533
195212
168802
191798
176619
150781
156747
132592
107106
144229
109033
192690
38566
197566
135337
194505
123934
57363
89367
194724
164625
106904
171816
195022
127582
138208
183912
187196
177568
149219
182975
90274
160457
199157
151455
150144
157906
49528
199187
114204
117990
185479
160899
64263
179614
104237
129867
193995
143854
180359
175559
170540
188427
58859
169469
167391
158727
167148
33347
146208
98255
137739
156125
198617
183638
199090
74962
196570
198856
199532
137602
124183
196029
85091
151163
198792
179357
161763
130937
159106
152033
199097
152446
189527
133554
193364
198723
70975
178525
168597
159825
149391
188030
22936
168531
130261
181329
133138
58850
84986
188437
126892
133471
187936
179399
192992
102951
163537
33574
96588
183214
88355
193556
176509
113735
196095
190345
166482
127831
191909
87074
191484
59550
159371
172651
195424
163770
187540
66244
185488
157459
196806
186513
125271
195601
50170
192313
190260
93283
176164
17466
178577
182649
173066
98759
171898
136508
169291
160404
168570
186837
140304
89148
199919
146344
176889
185226
199039
189683
162514
162808
190433
54288
56061
199479
195937
87229
160651
149438
176521
120459
162334
73424
199494
182573
197870
188109
152434
153630
197721
172569
192646
129318
38173
110216
81754
136290
168695
196881
198862
167130
173428
137537
181958
37661
196692
100300
114528
131933
80806
98852
94926
170794
178107
163234
153055
168081
177199
121833
8802
199569
196772
93834
83708
192873
183345
182175
154436
74265
192852
155694
161491
178192
199612
138245
94157
185539
176807
175707
189454
83620
143226
179677
183743
174148
150554
192285
135201
192839
163765
177949
125711
153517
148875
153897
70893
45909
97785
199370
47116
199316
163373
182221
124778
183685
183894
173043
116562
130160
52298
91889
150028
95030
139307
182315
142949
187553
155030
177419
101792
98585
79345
144339
83779
57582
178927
76609
186178
164043
156181
59678
196449
141878
178759
195688
156649
194335
189630
186193
125798
149866
123012
66145
167652
191780
183644
192369
38588
198590
40698
184327
180918
142862
167123
192036
170693
193747
48486
188823
170199
81501
80051
148937
70349
143471
120856
193892
196440
193037
188980
147257
169276
99053
173935
156040
160039
164854
164402
154548
136387
198733
134674
146606
103969
176459
175317
192703
116070
191543
142479
192606
180562
189728
46692
189948
65724
177756
87976
42236
175972
183328
173013
176238
136478
92022
190543
157453
87153
180993
165421
199634
185400
193342
112351
174494
159038
81247
191558
157311
178839
156144
118394
186760
154577
150028
159864
83207
188689
135280
195902
53993
167687
180168
157567
187698
62716
172060
186370
106399
75018
142307
170085
94013
184747
179016
110449
162483
121042
192400
171811
127096
64934
191631
175135
110087
133439
141304
135741
130690
194064
34330
190873
94608
167651
160209
147833
115097
148201
106733
160304
137991
188326
160899
123455
108343
191614
138919
71280
190610
105295
195802
189499
159044
165829
169472
100438
168204
196418
147585
74010
151944
177927
196122
164684
177882
145866
171336
147931
134152
196794
197468
141071
197817
197171
195826
79184
97903
199678
193175
154509
168459
159748
195816
151963
155864
161499
198348
50378
198636
150650
115923
137639
145236
195872
167565
162828
187473
185662
24360
193903
179507
177384
163320
137657
192038
158251
197952
185697
189090
185372
180122
65968
147313
199515
194789
106938
91327
124285
194228
187390
195173
160012
194338
98149
166436
196475
178599
98149
199713
70816
59643
107367
121107
178236
196360
176683
144221
165877
126043
192500
50040
106401
176970
176324
88963
122804
151728
194636
166692
116431
135457
80711
194149
199961
180341
180562
181151
145039
188113
199312
197784
179686
182866
124198
193366
194758
199678
196432
150928
141678
191373
194872
133459
190349
199911
180454
191088
167672
124792
78284
172413
177224
154861
187259
114439
166517
189076
157975
134785
163751
193783
134048
190594
94839
122767
157742
176690
195569
59458
66089
180197
183072
197724
97787
144661
119695
77559
195808
177261
158016
195754
175879
137506
139639
150649
95229
150567
185527
183802
131227
111609
161276
148511
86188
168638
63008
195954
158589
120431
169227
96119
199060
181161
138010
199324
135310
191581
193852
172769
196179
128462
129353
192104
77738
134629
149910
149448
194140
128590
167958
195572
128417
92307
132898
188569
186721
128606
84679
106493
146171
179935
188732
178064
55503
99821
192750
26361
197144
111326
95637
196858
199946
182373
131969
178696
84121
70823
128196
72538
194680
135531
75100
75873
116465
176991
53027
142318
184275
198685
197712
180935
199002
171567
186889
146171
173461
175141
162970
124165
140918
181402
198363
180341
187949
124287
198909
33816
39218
132047
151217
164976
121523
188249
141449
89978
155779
199880
163080
131921
176489
193445
61329
108720
127939
174278
143282
112988
130514
101719
63125
90421
131579
169844
186505
180839
113609
106982
195850
158495
194386
193611
128356
118293
193251
76158
76445
59359
149863
161971
196516
37129
98282
193177
189158
124894
194569
90714
165890
64878
170856
186082
148010
198810
189779
195368
86409
139086
122993
111068
165430
166936
180558
101518
109054
192428
91088
155330
139336
191805
161496
161923
113984
171002
84482
122585
190825
182084
193207
199606
139516
161116
198956
154045
114589
196509
117737
74668
135075
134479
118136
183683
143627
92865
199683
100510
193885
106593
78257
189056
152499
184452
94320
145671
155838
193346
193716
134179
31740
162370
188654
140535
121221
199383
184402
114345
167187
171082
134005
162102
172145
100501
190041
171979
190539
154414
195563
99507
191270
195721
197553
196393
154275
132535
198326
149103
140731
88461
191625
165122
187798
151542
198865
172841
197893
118660
135691
93439
182813
162093
100589
132603
191956
134671
191555
61724
129479
170867
192043
199878
199791
148234
171740
100177
156271
171902
159376
146189
188967
133853
180342
175236
187463
134629
197773
185045
175301
192055
176835
142344
108768
187133
87890
149478
119096
160297
69813
139705
130619
199871
131991
159710
131111
196550
108895
90609
91394
183745
197671
179977
162776
164565
177624
171301
72809
139932
181047
199196
45893
72555
199296
136934
164298
180622
199905
186212
190926
151055
177782
135196
177375
157221
113823
199899
84734
183805
56801
196957
150750
93631
153251
37143
166989
182056
186754
194533
181371
199816
131353
198692
151934
186125
95376
198970
191777
129534
165787
122398
89610
151195
150738
128654
98569
174414
188283
21577
155707
52665
193880
187526
52518
153509
52314
150513
68845
161155
185825
157979
141336
194790
88478
163386
172241
187504
98759
154092
190304
129651
87614
194475
158899
138159
196650
190545
147402
76425
198715
184935
151530
175568
193534
109415
106409
166960
191482
56197
107354
191993
175688
141245
177420
149986
100426
175508
145758
123414
193656
183177
171848
191405
163768
180589
185883
133532
44618
37566
198608
116042
184945
118226
50788
118354
186816
188658
196241
182096
97352
72164
115918
157204
124089
197418
197052
174836
122630
169878
199494
142190
87106
170928
150745
198479
123963
118987
194790
190879
163546
183569
168644
164847
166172
169344
78905
159353
100124
196794
181304
197219
199064
160834
187397
77934
172021
186908
182009
179710
192175
40127
193111
182151
187612
107105
192295
199457
22771
159055
184860
134456
46763
56347
94685
164340
199852
106787
168475
193700
139350
114978
193316
108850
54837
183516
185714
198037
94667
198293
104058
199491
155347
177182
138875
73134
127950
47251
139658
182779
199492
175072
97887
164110
170914
197279
198043
49355
172229
153154
147572
160347
152146
182980
86983
56445
165915
153151
78475
163691
36192
148191
101292
185305
149900
153354
93172
52137
194397
176924
18130
42345
124017
199140
130188
104313
149914
193936
185631
147061
149617
176982
166818
176702
113628
98567
148582
198935
196109
80468
104305
144302
128650
101100
178316
153818
146934
192700
186416
140328
125137
187536
153773
191435
178146
167614
109596
131890
191938
198129
190439
80058
193172
167452
176237
188315
199617
188896
99826
190166
101028
144800
190179
70393
199782
194298
181820
170928
75641
196181
150688
190662
163673
164881
164440
188339
198794
194314
182724
129514
192274
93260
52965
146176
167981
175960
87284
140313
112708
125203
192561
198265
186405
140939
188573
56416
174261
56793
84295
179953
198787
195199
134879
124013
163616
153262
197958
62367
126640
194238
178676
51739
144164
99578
176036
145134
176585
199867
170999
195836
197418
164957
178708
128116
184773
198194
91696
54261
122136
187152
195144
50890
117455
129486
153497
14127
86692
162357
96474
140263
163915
179987
173062
199869
145229
144551
173013
96242
167680
190608
198395
166883
180684
199725
52765
184213
96676
166294
104318
160367
137071
190732
89847
122313
102668
186768
156555
48579
188434
155920
199385
176826
198938
183975
111367
178520
64151
182823
161221
172648
123087
145012
133018
189958
195648
184296
185783
160821
180117
175128
191111
143137
147468
199746
197499
158271
158268
143585
173062
199139
187451
73742
154591
166957
181383
196926
47626
180496
113532
192879
186507
176389
181188
83738
185599
170131
180719
149320
128480
183705
126992
153509
174487
175304
92633
125130
195405
113664
134681
188767
134826
73160
193862
47194
95098
196863
30514
158817
133727
188057
97741
121491
155089
137289
173262
175387
170825
193784
185834
154904
160951
155873
89216
139115
109953
166669
117915
195928
195384
161386
195960
51010
173351
70043
159891
143856
145896
197335
137274
196241
196900
139799
155724
187894
128161
33383
193248
147149
84431
142605
198615
77066
106763
98765
93787
123505
140745
198119
90567
87183
187918
178877
178676
185218
125361
110101
163041
198353
75405
141515
170947
185714
134580
181341
51873
197638
179357
180066
167816
182483
122309
122342
159770
132832
120672
141626
197472
199576
174611
23223
92572
169852
159351
144963
171137
68338
42167
106206
193116
163525
188506
191869
192087
199833
118849
138190
110969
188911
43957
173376
161705
186313
165564
46205
44882
171662
82439
195602
199572
197216
59846
151714
174881
125216
170525
151510
146900
193632
180597
142700
131185
152990
199231
170544
113454
169289
195348
142834
108820
116926
193433
178376
147999
195574
192327
94543
159146
88208
97409
87797
174715
176282
194224
199076
187436
192633
161584
199579
199347
172124
69439
178026
70816
128107
127402
194633
190133
107428
84486
166201
189265
171143
117620
110986
199232
80650
74536
192841
159629
82913
121558
115826
163310
149875
39500
190707
155842
72218
53799
152808
153488
193909
172069
57555
126480
199116
183200
140753
177098
176389
186038
117462
184578
137144
167410
168947
169028
195227
100266
142036
133209
144492
97583
50385
175345
167222
182955
166860
199988
191384
191347
193696
197689
172287
184844
165047
197638
128785
141977
190526
164229
177065
150022
181584
47488
195075
159897
98078
185686
189119
167585
189318
163687
198546
178408
184331
197978
52352
182742
180460
122026
189338
130547
193829
180899
70430
199179
145064
74536
127190
175597
120558
199180
102329
151091
126879
153611
169899
92694
163425
185993
196522
143890
105201
97689
149483
114555
31809
139703
199622
103827
147113
150614
38277
182866
187912
180695
187201
197465
101090
160761
193350
107025
199462
157706
146176
46182
117394
161188
125508
173935
192856
146066
109805
155835
174795
185900
182013
176926
125198
183870
193562
178050
166087
173149
146376
120475
189011
174505
97139
156181
134978
197698
192678
90272
135321
194326
188322
123914
140391
95109
151412
142755
125315
149474
172782
172110
183846
193379
168561
94329
166395
156605
199825
198672
135001
121155
145425
111544
172460
110587
198244
154575
196176
192011
42506
102881
148983
64400
162473
106405
97589
192590
190370
129218
9839
167344
193708
128206
114118
138686
150004
43072
198350
194901
195564
177207
194894
192011
160464
199754
146372
174043
76764
186993
168072
176472
79047
198841
147138
161348
144004
111690
194724
142228
108061
77272
188607
154151
125181
197843
152758
199108
178172
135371
188927
159363
17907
196519
31506
156799
147465
142513
191608
143048
140716
199183
159991
162446
199420
120520
143617
188795
194799
136573
117409
199034
116028
21381
197224
198538
129111
188720
177557
189007
100132
199426
122591
138704
190643
43412
162632
82674
179898
188254
131866
168649
183027
188722
88958
169407
78458
151410
83553
186160
108436
187421
150157
168146
72158
146450
174747
159981
122060
94389
175832
97905
198402
52052
187421
171422
164217
171193
189730
91046
100516
162700
143879
56941
143890
194669
129926
149408
183501
180891
198376
134705
153523
176434
139403
175181
129694
198438
59738
108251
25979
108089
86031
147594
31502
154801
145381
178415
102450
192008
137068
198598
176970
172113
163049
34840
190236
97835
135489
185158
117091
188746
58500
199934
159221
167410
164285
138763
127370
194304
194258
90182
172782
164294
181102
163789
199808
186525
99316
168841
188060
191235
116420
188095
182475
97363
157955
100854
34805
168791
189134
187984
184361
87390
194478
199650
178501
106139
176653
118306
195597
192548
161206
183791
99376
155156
199914
192038
173582
98275
164896
82494
157265
112487
153500
130585
164962
141928
146135
194005
151208
192392
127973
121895
101436
170536
187048
199995
191107
195316
136417
197131
137309
175760
174164
147350
177419
197010
194366
145980
158040
176960
198097
129769
151685
150959
37551
97527
199236
92078
176639
161358
191785
166326
158221
183048
136734
24677
162689
194714
144161
107786
199331
130072
187454
92238
180556
199247
132401
189434
102662
197143
130836
173708
129235
144129
151232
148930
105879
193982
111873
183330
196444
193829
190608
141472
184442
152009
175555
67266
186973
185329
102304
149177
190184
195021
158297
145763
165844
156760
180231
194707
193062
155569
148842
130277
146371
193311
192848
144527
198618
163540
147460
194670
27819
197246
140098
118427
95963
181085
135949
196323
16732
192450
193051
107373
111699
31537
159457
143324
80918
172730
141145
153761
177918
75587
199064
185693
113457
177682
59229
189811
197507
86658
188860
80075
175431
141287
88003
199152
140334
198617
158848
130651
113040
191432
33922
176483
183196
155336
174964
80468
78146
188580
197365
127941
116159
197203
110573
196760
184706
88924
183700
185971
199880
127752
199127
187981
180776
179233
181902
118500
110718
186052
189792
81770
65065
187801
190608
170528
117741
150506
165612
188331
113979
145035
34314
179866
146173
186674
105300
182637
129504
188842
191026
164136
174546
163075
196379
181268
172199
106501
193966
184966
151017
86406
165951
196424
199172
161997
144884
111580
184452
147866
126769
191551
152130
167343
194393
197592
120927
141328
171534
43887
121461
128110
199040
164410
93851
133883
97250
128875
132578
102861
125871
113152
180244
29433
79125
165261
134122
191866
144201
154491
70910
146355
197283
165330
193888
160269
175995
196075
154351
142366
81795
164803
120923
185871
128521
179726
64889
100307
66149
173343
188965
150567
195019
174472
81432
82779
183805
123434
191484
167682
190752
105467
169299
127405
83271
188760
168702
195262
54871
181748
105631
113104
189451
187697
160776
190856
199049
169672
90922
118768
189180
38732
119332
144511
193820
170914
138110
199072
167627
132889
102718
174461
71271
101073
160535
49929
198107
145266
191007
193921
157962
107727
145510
168663
174791
95817
166863
151474
94645
130680
172329
169960
165790
155289
30357
89144
109708
50721
181736
168569
177427
73069
20003
170884
170526
192295
110507
194066
137676
179269
120860
197397
186900
195118
184675
189059
198312
35606
128112
177892
191848
189360
183092
172756
97404
159740
171329
160225
98462
154472
154746
130586
158101
184314
81206
197517
180528
186853
149730
198143
161226
151383
191322
192894
192762
173278
147992
163909
174306
51284
172141
195941
140832
150624
195167
23424
193497
54409
199286
197648
152385
186109
89644
164734
110004
119774
134691
189219
197039
146778
109714
186320
196570
96305
196424
178248
119570
169096
180521
176281
160474
142939
196223
165150
111376
128931
143268
171436
195163
184959
169889
84356
191177
188744
173371
183981
142960
129439
194837
181618
116286
194337
185468
175304
116689
116127
193164
174101
189964
195454
150036
174205
187048
160645
164044
172064
185597
149503
197241
56380
69519
83517
155111
89022
135157
108823
177468
190967
194213
144598
198961
177753
88225
178096
184041
197638
175702
154617
189814
152648
177544
186120
139955
178833
194118
118479
168997
120812
179351
193714
177629
174883
180473
195980
189910
76242
177804
163528
126371
73870
173038
121970
175468
99991
49208
172935
198404
142141
194393
90455
179821
113589
156936
153544
184295
119100
193401
199565
40045
33537
185590
165298
165959
179235
30170
170856
171200
114960
199942
196332
160935
82096
169669
108352
183117
173514
196980
111711
176532
189997
190961
183478
130307
116814
134193
195771
181248
113649
143740
199408
172863
113053
178872
198468
192385
152460
153535
193961
176706
163352
88210
151681
196289
136940
185568
181945
196360
114214
160170
196824
73241
197549
125544
196549
132677
179593
178468
195199
185643
174467
124237
168289
157289
183741
87290
145272
177003
184143
147039
188878
167310
129970
152808
74817
139357
195386
145343
180548
111448
191610
36479
196493
141907
132011
175263
199379
194739
189779
128408
115921
27463
153458
197256
121747
86745
86219
81178
139184
153727
179334
199973
104565
84250
60415
91455
61244
130117
131760
169487
156025
192808
119280
38095
123264
195594
176733
189132
177191
161804
170568
111122
132447
61637
182987
168915
195235
190639
159776
73664
109203
190944
190321
161667
134539
113234
175087
152884
198222
177372
174329
154319
124018
185061
168734
124211
27859
177943
94671
115293
198321
113705
183561
188348
169894
71955
147290
195370
195690
168243
194877
16152
179159
86503
127189
188121
170014
103096
192149
181466
194079
143618
155653
196215
106185
189646
178797
122628
171638
138380
110924
171086
112447
179108
123284
178043
89650
195525
172090
168614
188391
126899
193636
197819
172874
114536
89203
183541
166825
193484
190381
197610
145707
66656
65152
176886
159133
77058
155324
72468
121920
199606
163373
113198
136417
168236
80961
98062
198715
198373
164085
142619
165137
185033
194949
162184
146315
197297
190791
176605
171425
191705
182965
151084
162406
75066
106645
198321
182106
108362
194131
159992
154061
151296
191754
194397
133945
98917
167230
137672
170685
41851
150592
132209
194678
191883
104199
156540
101980
192262
191393
187765
135602
178165
194957
135736
196161
198290
195199
126547
156064
176386
92526
164189
57340
121097
110574
150731
191719
129936
119562
146288
184233
128129
155314
164288
68816
123115
42831
68271
192693
155969
149085
160783
151678
196000
156640
196002
115344
123410
170999
150825
78760
148222
181961
29145
134492
80806
141179
162991
117783
177571
141489
116549
170855
182740
77393
199652
196408
197908
193589
160689
172411
105901
193998
105985
76350
70365
182267
141895
141428
189340
178928
182579
151239
173026
183697
186421
58520
146049
100405
179465
147046
197397
190264
95351
99489
96273
192818
128992
175168
43947
161008
198679
158777
42410
101247
119098
177955
170756
184174
142652
182967
144218
137659
149351
199590
76502
159175
152877
150924
87344
198266
178229
184149
135221
101469
115791
76037
128819
105291
174793
193786
167789
127837
188912
175814
93960
148722
198104
184616
175304
199715
56218
191337
167557
152203
124853
172382
188901
195362
174295
197208
155097
198420
189261
187991
165197
194745
91097
156162
62076
134317
109326
193922
182264
150602
124054
146009
158819
174759
196254
79749
130361
168722
130848
165016
152579
153104
189888
181562
193060
100957
130330
143048
187202
141621
189340
175437
140273
155413
166707
188334
190136
143209
188519
103944
177027
174931
98805
195937
182962
188763
199698
172280
180430
197478
134920
173695
193092
109997
191901
157194
175203
183251
91127
183638
147699
195130
71358
188881
113869
168473
141367
183601
168488
195835
70180
56809
84636
177760
155470
97241
47353
59903
121067
23941
152194
185867
181887
161312
117565
188653
198057
179271
197087
170092
170474
64925
115185
194447
165450
125444
199532
65910
147293
122927
129500
176081
192761
181534
198373
181842
72464
126061
151793
161604
96429
164755
95901
74399
196766
150674
71410
96245
153883
154693
142665
182859
42409
144061
180306
137570
173729
37486
168488
167269
158064
199969
138025
160049
131099
126808
123017
158214
159697
166700
190384
198346
87284
149430
152564
134503
133803
27395
135988
126527
64388
111572
199494
58838
102972
149627
192444
124778
135350
199751
146920
152832
77152
158438
184949
57721
16950
185040
56558
181255
114794
189721
122168
171746
199702
143303
198475
176816
32661
193238
82025
176894
169627
166776
110838
177670
193320
179188
166685
180162
98919
184685
118842
162725
149163
197870
177310
185121
159473
95879
174672
161598
194100
175320
153391
189630
166206
166800
109505
198817
185184
105579
158954
163827
197981
172395
162864
91820
198937
199791
54430
191250
45539
171982
104612
169003
145341
185797
165184
156333
160683
148415
113645
129819
199067
90650
181633
197378
149936
102542
123428
179140
76023
74891
144039
199479
78489
152598
153973
137297
160508
54705
106093
85188
60655
160283
190491
181956
178369
189272
151002
109121
129725
182442
88496
134990
185214
170811
111242
101111
182631
143646
123327
165280
154968
197594
188350
60195
176845
100616
195118
183569
47920
198696
190873
172612
197455
130762
76549
169600
12292
168599
7140
109447
113076
149723
156561
126021
198627
149022
178718
159415
124305
133760
185661
193217
81833
63194
65033
175293
124375
173481
166407
115984
131883
195257
193207
129954
199849
97112
97987
150242
158856
190384
173766
107258
184352
188057
149060
192861
182959
196101
196723
116779
70100
149898
184117
86137
192053
182727
118198
199304
106950
157290
169538
198815
199664
185744
163752
109324
150826
113075
171611
197583
189178
167834
199159
182944
141510
186409
192212
169467
198638
196728
129569
147298
160506
120452
87993
185408
178477
197686
181493
151084
153535
89613
140710
101993
186855
150072
195569
181523
171589
151818
196189
193520
199120
197601
196081
177269
145873
188161
184143
192295
65978
196782
139795
59983
165784
199134
168248
199558
123537
181852
56171
164071
192613
65478
127690
179073
152414
153739
58404
106345
78260
174779
193235
60459
75520
180143
133238
199698
192218
82259
126939
38412
156763
158781
104124
174183
188537
187102
169457
123757
30196
177404
124996
190415
139581
170163
183059
180221
186683
135819
126274
179693
165545
163573
161563
89116
167026
41405
199675
178939
199385
49410
186866
194923
157243
121121
180564
161793
79195
174199
190118
195211
199683
100189
177014
178029
62114
104379
198202
112103
174461
188760
166214
175206
176790
189504
181646
193379
164950
171880
162587
194968
143336
133728
108122
131196
197417
165926
176347
132255
193463
191182
186361
189529
159315
140457
124075
126690
174893
134749
180494
179379
168056
48686
174686
158633
127720
154068
199988
196723
46917
124205
170571
110718
171783
195734
172570
157028
172963
156533
146214
197311
164161
195072
178258
152484
161555
67523
38610
128592
114405
157670
183330
196209
152667
196648
197501
106806
196054
80829
62459
187430
128875
199386
155990
181044
189403
160198
199641
140728
181936
180105
161997
185292
182612
187738
196683
165549
136163
176787
140389
195986
170928
186578
167639
192119
110104
167520
175053
168966
175145
64788
148591
192036
155712
199782
175728
163986
68806
182356
119845
188499
199321
190996
167927
132033
165506
192902
115539
145227
126330
187122
178345
168475
57775
170826
163278
167553
66146
175818
145043
171522
196736
199159
184308
126685
190840
187599
197759
166486
115487
187259
155441
116283
159816
39067
79814
184521
151172
92575
168349
195578
43349
166125
170944
129822
185246
75611
193820
175097
123979
69397
135126
178944
183295
174317
198224
199294
108378
147353
173036
187059
167628
180293
105925
198254
174382
156263
192363
91222
178301
160065
119352
40609
175005
60116
116362
190397
150729
136575
181788
94528
199864
196949
71992
161431
98090
97378
191075
192276
57451
61517
116596
199822
98669
196456
154134
197394
139099
196721
81886
196594
165298
140640
32436
197507
177265
188304
190205
164683
139159
29588
126532
153450
146610
185434
189683
153149
92624
178080
179263
188499
180411
162159
143291
115904
150174
192390
104309
115138
197652
130573
198592
155442
146706
80185
181330
193769
193875
100557
149419
199792
161499
169896
142241
165639
189795
95912
184748
22186
147910
144762
177998
177557
150924
129310
175278
71357
107453
185896
135572
175816
160304
168547
141146
137307
122906
147931
116961
163222
198978
177902
85968
62745
157665
184568
149006
177793
138932
136819
194824
163755
119332
192144
61800
133566
179433
192645
193422
185850
189956
153194
169484
166188
93563
191806
199448
124303
199657
190192
125480
161072
151708
183802
197998
184002
167055
68971
113014
187666
111271
190718
151526
163857
7841
83071
96807
149613
189741
135599
197452
172853
154172
152006
167304
114310
143704
193337
161099
185471
119094
165745
87763
128514
162471
198799
167647
180661
134647
199984
199273
156916
127364
198153
179720
65340
149380
190027
153162
141328
140215
196727
158714
141026
195717
41332
188180
194560
157090
100061
169871
175688
90500
199040
155949
199671
92478
103448
182002
133331
180700
191772
156036
94086
193572
111178
131112
137689
197420
196811
199327
194538
16814
152248
118382
145199
182149
181871
195152
124044
197682
188860
191049
73622
169124
113860
174403
197118
80526
131568
170814
167331
199982
154276
132767
16655
147619
157080
156695
190734
165229
156001
190970
153807
155077
188026
175092
164712
150065
137879
95324
81180
173268
79599
162248
168209
191343
192606
159705
192953
193921
21462
173382
136415
175287
195279
179693
160412
120983
76647
194208
180895
175422
77151
109074
161422
192266
187658
167285
150096
180542
197494
132751
105281
159575
182766
96410
119714
197766
178927
197184
196364
164410
90190
195199
197721
184426
34661
188353
188825
148721
163067
157872
127452
171114
198772
120809
180661
55299
101598
182852
119898
16566
163563
198213
196175
111388
181072
166502
74225
116384
136229
158768
127590
87624
144824
139963
164639
185562
155550
186038
160089
199647
186517
198688
155236
197020
127632
173815
187569
141287
161909
175049
166528
181983
199777
75260
119924
34441
46283
70399
154984
199938
66554
131874
177577
113838
190848
137277
197077
182297
112407
160347
197092
64067
172380
100732
199690
94688
185388
196484
118523
102903
56646
195118
180539
191693
191387
78635
109921
128054
139705
82372
189032
162642
124729
147913
74872
57877
186084
135111
113964
196192
159513
173340
197614
106703
174781
178872
157381
187989
135025
186465
150691
194250
179817
155434
182585
160175
48748
196748
183729
125654
163544
197107
139446
199420
174037
164709
150232
191162
185903
186745
102056
141657
92719
126158
193196
50072
109979
52960
133032
186254
150289
185199
198833
87951
183592
191290
148022
199652
187405
188081
198433
192896
197911
106527
198015
166759
173589
147815
184587
193744
50575
197741
58624
132914
120440
163907
182309
161620
153950
199193
194831
130113
175705
151250
191856
128576
189079
175960
64766
191082
126196
159496
198104
186427
170151
195838
160304
153194
177577
95742
90979
183459
186729
164134
192553
104352
188854
130188
195091
78849
62287
171419
196774
139446
128850
144428
166653
168697
169453
142669
182188
180738
141867
164313
150874
153262
187682
163892
199606
175656
113801
181923
184855
86141
192966
136537
177719
147216
107521
136067
185037
197471
71076
159210
176107
126286
161502
84416
188560
151665
88983
63851
132691
55983
133927
193770
168836
191041
172938
109873
189473
175885
62202
166294
134562
198859
184512
153154
106152
146298
189157
181294
122450
175740
112646
197026
102863
179102
148400
126585
125198
180621
176232
148211
107221
163795
147816
143512
198837
170544
61491
117666
190929
177586
77556
137523
132824
186505
148709
86186
199730
92135
182234
191028
158951
49831
155908
185540
177338
84629
163813
169467
83704
162382
136733
67785
199560
132812
107219
194403
160446
196920
115614
193034
194394
186824
65738
92808
185392
186356
140066
187405
182553
187507
112380
41000
196505
174374
112057
174521
139917
27600
179833
138483
72430
174199
170028
197452
160331
139961
92463
199106
72958
182381
95244
197553
108688
189428
181094
186946
131413
84143
102920
163775
128252
188057
171876
120346
187734
121575
95861
61649
89206
188063
198098
39675
199103
187883
166793
190233
189072
194349
37696
17805
154822
150090
122875
166788
184272
107605
174920
174252
186230
165461
162712
91889
190575
180643
104298
77456
193843
175688
142583
171207
59351
186980
87963
169836
193358
187469
178178
169113
155874
194471
122838
46134
153564
184007
114144
177234
188000
149980
194317
193333
157418
115630
196226
136144
57590
169491
184406
39780
106966
154539
166435
169273
88458
196268
98507
189550
73824
197610
163114
127553
93949
184203
102026
142453
153528
199090
177943
188962
126400
180730
135720
115394
198470
199592
187251
115504
127599
193151
119608
164315
171589
118483
59731
88559
145873
162357
196834
72543
179314
114999
196025
117610
182431
170540
102404
129540
142605
197451
138662
167314
135093
122522
181151
103670
197207
148726
173695
199420
113940
118072
82300
136647
198552
135635
124462
172597
127227
161737
161364
95338
177427
151023
119466
179538
98441
194690
158844
187574
56086
149106
167937
139305
127230
99564
187650
182318
114032
22336
189955
161447
186342
196935
139139
106292
51479
176496
188020
184538
190969
156733
172694
162830
102990
184712
123817
91271
106403
118483
122430
138182
199257
199851
161837
176830
129524
164491
184377
157356
149165
196226
190455
193672
128559
199543
199300
196423
189454
167589
140733
186133
170879
199060
196546
172604
45305
184067
199521
160511
166172
192715
135378
189677
198202
164109
118585
177959
192653
173222
156651
195096
141273
141992
198493
178033
167482
175753
116225
198172
83050
172796
159945
199286
170163
187397
127244
17033
98888
104489
198161
103004
111908
106973
137284
197475
182733
196224
198541
95318
183330
189197
91012
64639
186483
122486
135152
174137
195980
187945
199232
173719
184085
129242
184162
190228
126959
104815
195744
185971
147895
102604
190327
136857
100264
192289
21086
132961
191202
113647
186680
175126
127284
128487
181323
154220
94794
195965
76780
49686
196689
179485
183683
106152
119849
175598
181239
118880
197682
177465
196095
139969
173844
139828
147011
162264
147282
157464
176994
135971
160339
180769
184519
170873
93502
156530
156797
198694
101265
154467
67619
153934
197293
172176
3811
131413
196164
186949
194245
197888
177447
186573
119784
183092
99669
88796
161523
159283
103341
120879
120681
57410
61187
198949
198977
179908
193806
141159
178388
154216
64992
86251
188590
141228
131179
148794
152986
195383
144111
162437
177335
161431
187376
181840
188422
40814
112859
194513
156453
48674
196358
128796
139058
122611
117140
184020
186274
160309
192341
130774
164984
174282
199978
157567
36818
160416
157316
153917
125004
168272
159524
117343
180175
158868
90392
94256
198646
190216
45214
192991
95751
170937
191174
164147
198809
158639
195262
109807
178826
173971
189754
151214
173595
74412
118903
193308
55725
135498
172678
106620
173044
176052
121974
94735
179210
197724
121221
148497
172026
147679
113545
115753
94637
173069
185079
15759
179050
129486
168312
182756
75451
160933
14183
189233
199001
185609
44488
132066
162950
184736
178637
108013
113740
123752
76720
145474
117881
114044
164720
72779
84965
152569
186913
187602
140822
141754
170604
123238
120312
183110
146789
84286
53146
118693
113823
181977
129802
117435
153090
189340
181709
182591
188883
120259
168038
174293
110914
108875
183281
164261
150628
170435
131846
181583
154287
174356
105434
188896
89225
140644
135601
107663
190350
104517
184073
182560
175658
148187
147212
77460
121229
199057
51853
144069
121934
177014
93586
197359
138017
151039
196573
193341
129534
193537
91657
192818
124663
156913
91060
190625
131693
177673
122645
185264
113093
153341
48425
151722
195315
186006
182487
163603
111556
73935
182813
173925
179375
181184
186346
174035
176063
150186
173701
171940
199779
178270
181335
111726
128971
187297
170420
184354
159899
199127
197387
181427
190940
134718
82087
198618
70359
134147
166024
46763
62849
102474
176005
186098
198337
199388
154471
194915
191403
196932
197680
33082
197536
134557
138696
199415
187728
197888
45573
135718
115337
93291
118378
84060
168777
67788
99628
102518
159424
199932
192212
162321
186657
136345
165867
151757
199791
191259
198244
181648
198144
185175
141867
174587
32785
184143
66667
176741
195245
193814
171722
192973
100679
140951
199161
154517
191177
194228
189773
163829
113563
59465
198220
186525
162733
134500
132643
110810
147263
198180
144099
22335
112195
163309
121255
193538
158396
161171
185698
195629
174815
162139
104213
198839
183815
180735
190506
171447
183198
179747
187817
162759
160787
177062
178998
130167
118675
199934
122873
77075
7158
74024
159093
149440
106698
184937
196189
105521
68024
151837
185367
61715
198589
139321
188040
137034
166377
82452
184926
60579
190500
132984
173494
164153
89182
141440
199624
168683
168459
148052
160642
130483
186560
100239
99412
195549
195295
120603
111873
100147
88653
114322
182609
100025
102576
91190
168471
113139
68753
135255
171980
122016
196826
136649
188210
179960
182606
198137
194892
98005
172401
187394
54571
182694
171100
137449
182567
111611
115672
199894
108697
177199
49882
192516
91344
75667
175330
199576
177425
111100
199603
198767
196073
61065
189143
175415
168520
153364
158391
194066
152860
194496
172179
199020
158048
67213
162036
196581
148792
154801
112609
197034
199999
72555
194711
163374
110564
188545
125266
119514
146718
167024
178646
172271
199876
84899
59952
121779
124237
140449
135444
179478
174069
6553
89599
166123
112035
180978
130402
120183
195542
198648
121185
197434
99996
121454
119400
156613
38290
155193
125595
189050
174718
187105
165624
189406
182513
180810
197972
152060
189076
197092
185104
199380
34961
181754
131312
190622
188121
189721
86506
141500
72974
100368
151232
135759
171613
144523
123474
71547
161266
80556
151008
21955
173360
152847
196143
159390
73375
137063
199871
151847
177152
184172
42847
96588
197091
103544
195622
180827
192928
178757
99104
199666
139472
184667
199184
197891
101300
139920
90766
187789
154843
186101
151649
141425
97583
198312
157728
167834
190350
189598
195177
109747
188902
167082
94253
75768
178429
119110
115595
178258
97399
179895
188386
199539
124706
132140
121895
197642
37355
118702
97164
111889
156110
74663
193575
148322
98324
184975
188474
160917
159763
105034
108348
131810
167743
198951
169243
190668
167260
117082
70158
190686
115711
197131
185330
92741
182042
186614
160943
199799
197134
104522
134561
22071
184853
191037
139759
116067
151274
175103
169750
68597
89159
121802
188700
148366
188473
192718
55489
159664
135147
129192
116905
21188
167810
137721
182076
27960
153798
120879
149774
162449
144469
15668
199084
139825
114204
193060
179439
175341
84248
179537
94454
172261
120782
168782
104896
196611
195306
123867
195108
197824
158292
67514
112012
185811
162162
181516
74753
191267
172616
27739
141873
198174
66102
156218
139399
82080
197745
152828
73621
96425
199059
177929
177106
158525
176215
171862
143845
66957
198821
35201
196621
147496
25529
195521
69402
170576
92779
199992
181443
168020
168236
106912
156404
130747
178625
173152
89196
14650
151902
194166
158513
74180
130685
189219
44272
197866
198498
85450
177789
193055
57384
199919
170412
195004
179709
194439
194581
173971
128603
184020
171556
162656
187558
95522
109096
186865
194362
189398
136495
149199
165993
133701
159879
193561
133423
195367
188577
169306
171749
28434
146318
105442
142626
94137
33011
175163
172120
72960
196314
193379
151243
186353
185356
153401
86403
94016
80316
195997
144325
186395
126910
39553
162431
191878
156589
199822
192874
187837
197918
152362
168646
168393
189270
199909
143366
193942
180175
191463
199978
194121
94713
130377
194499
186010
147435
198491
183769
196192
159224
148351
185814
28192
96693
197010
170930
185896
152120
195959
153464
197821
197623
89412
192718
149050
141721
156169
110751
67369
197949
193182
169844
131805
168820
140090
196073
59672
184583
134374
71443
152186
57240
157469
109701
130826
85176
187961
160056
25229
152262
122135
116749
141098
113461
179648
72213
189440
152802
118602
179911
97535
183265
148311
187542
120367
172509
113037
178555
148995
190597
180212
193105
156939
130905
154830
177611
25061
179160
189896
74784
131982
107942
139903
170591
101287
115758
181348
190984
19253
77039
187936
158378
46462
58249
196383
148165
195392
123353
157320
172949
106894
105879
167933
130163
113516
199978
111332
133158
120329
166393
80468
176922
181044
166703
192588
98167
129268
199480
68751
197433
172711
24584
168743
141867
51907
104762
168283
69294
158459
138391
153807
181576
117294
147039
187177
93339
159674
185544
47155
84944
183582
170809
98043
23368
176143
176568
195408
157121
152033
148790
86106
103863
73397
143402
129105
172849
167047
66089
184194
109783
161940
186913
149804
169236
186071
85172
122597
157614
130926
172920
94758
196506
105872
117721
115627
182591
192426
51194
177998
123825
176750
52316
148241
194202
106959
136074
160628
77441
198161
177288
159538
190545
192375
183502
182000
112520
141821
116958
56885
114872
141061
192398
126150
159036
150460
196906
158328
188364
43395
99239
194974
173268
192593
78086
81239
196098
91271
101479
194092
171999
152538
142734
194898
184687
80117
175623
170693
178704
121331
96597
148614
42817
163415
172279
169605
151034
165461
171586
189190
19566
171410
187878
198569
198734
112895
171704
177659
119083
169408
181287
112903
188135
158797
190982
106405
82429
199496
184522
192813
96001
178085
152314
168129
176243
164974
169201
161977
136961
78307
191944
195534
140414
187000
185968
155584
77765
147908
199400
195468
161257
188584
199217
175089
197538
115079
180599
199528
61813
161382
191950
135386
103928
98985
157812
136072
73055
41637
182112
193272
100205
76423
153057
143359
199641
156770
151484
93768
185740
192409
193153
186683
62164
181548
190607
107554
195815
100561
171366
127981
167264
133983
115030
177751
196210
100700
186370
125929
79258
137643
191533
108300
141190
96983
144151
120152
99019
153134
43096
147776
159357
183620
174800
97191
117556
185335
145777
148303
162503
184181
153773
136805
126613
192486
185296
197931
194676
141957
188300
137858
85745
159450
159658
75212
150297
189012
42334
139370
149737
44490
191046
93383
191399
169885
192533
154781
193880
197193
150115
54910
161175
184555
198709
176079
199012
163143
170228
184387
130609
168539
187212
64750
122908
107263
64385
176221
177316
69718
177466
116272
155065
192080
162449
151769
177139
198466
39363
83393
136126
150602
187081
198542
185647
148458
198571
196842
187129
141297
197517
196011
180579
172723
178464
196510
190840
185839
187908
199471
196171
64330
196444
168320
151217
193995
183188
197083
138327
183441
179420
196713
173395
169507
78291
119769
151917
75411
180218
196097
136558
141371
184224
127042
186102
199278
152261
121301
195546
185406
39008
186515
174413
181797
177650
151782
199886
152078
165349
89379
143798
181616
163157
154169
173882
160205
95032
154147
52908
182300
107058
182924
150166
105028
189938
155236
169355
146204
70450
113212
61286
143908
104447
44272
128252
155129
198827
107544
124879
139385
131710
142671
126889
137098
118738
195106
196045
173165
109371
167460
196546
195208
158004
199785
186358
191018
197045
112773
190367
109058
169023
164140
198848
103394
57049
187536
161676
138594
100937
190312
166088
182799
146016
174811
189059
186783
17213
93812
92041
124742
157510
180065
195663
176463
183727
161032
159538
199327
44049
199788
114621
194427
58732
78991
24195
197293
125646
184979
196913
170518
164955
198861
30691
156498
191964
153588
170858
191007
190422
151221
195783
155130
144313
68458
77386
180735
97945
121718
195136
129519
184597
174669
182106
45791
122800
154798
168370
96288
191403
44817
159158
156978
178931
179939
94129
135141
195846
134826
135788
198339
188746
97227
103644
111676
158676
156237
147932
157358
99291
195348
102881
183389
108646
66059
107164
85521
121833
164039
152657
37030
122760
28925
169175
180727
135545
169798
188886
180990
161374
173461
199441
171999
135069
162979
191437
195785
192769
35056
196607
89527
150768
95625
175700
193055
169939
36804
178113
55945
48011
190934
28910
144506
181245
46748
72241
8103
192745
153085
73366
185370
34491
153908
175405
115671
197058
144889
84283
39648
164565
192773
166628
191937
187228
93878
197006
155263
193634
196224
79928
121654
162449
179488
163324
195058
192536
197065
174282
152524
162276
176922
137884
138036
153684
141392
194847
141873
196863
157638
155018
162321
155910
193545
168853
170575
144419
143127
99132
143485
198550
174494
115148
148863
151093
177072
175113
65705
152060
104449
196711
173233
99585
197682
155794
192216
180599
99321
188292
197739
143485
168973
118983
139184
123284
57947
174526
186129
186195
175725
189288
193646
89386
50914
185309
160230
191348
111552
135971
123786
165273
191081
197333
168175
92532
169066
130609
173240
107589
136962
184853
189360
190673
106430
146687
199127
73780
197420
197071
190316
122560
197010
199263
156922
193975
171215
172404
186815
178209
196316
195360
195901
196690
98530
176310
185606
163986
148739
171921
175108
90660
45452
195607
130528
171805
191985
188753
196171
163192
194404
145966
193002
192522
170869
199902
156655
143124
164558
53423
197351
194533
189503
198875
183660
171973
120057
191297
137692
173965
170898
138544
191895
93204
198200
157410
195960
81065
184649
161935
177660
161580
138442
110560
35977
197006
198524
135840
131775
145101
114430
194263
168885
186224
57844
170533
174031
32135
181251
184786
120691
104587
191997
25302
192323
188599
172597
199405
190025
166976
188371
196674
132496
194008
194816
88617
198946
195345
113198
168000
196882
198590
137141
165283
171890
193711
157343
167680
104475
141725
60022
182082
195205
146032
74167
109837
190066
77296
182716
51528
169648
139670
46759
132639
178488
132767
72673
81121
171303
197721
192383
146992
125654
135852
169315
196853
184308
175759
185186
28557
161730
196337
160789
143658
198095
156998
139508
112141
159024
135338
163566
190309
181439
162303
134521
107146
167034
117468
172707
191723
187062
185006
33289
161263
93826
92265
144571
198168
170393
176911
195655
176324
193297
174896
150614
163705
197122
197938
160524
166662
102761
199827
174143
198116
145139
167969
67893
189744
185211
139115
143867
154707
152167
131401
198162
169605
195041
137121
129383
194776
170007
196640
110888
145012
29440
198912
162456
141503
196092
162162
150570
161614
199676
83086
137298
43801
84239
176531
110459
87589
188554
171635
113505
138349
42982
191987
115275
185684
113873
199328
150412
78598
196360
171004
162640
124128
97273
183121
161804
99811
178717
186752
192344
113333
135198
186765
45660
69568
86484
76421
165978
57558
147429
179139
111880
150374
192879
172524
186020
185726
151601
187744
45227
171190
180697
196391
108634
112071
154448
184194
198095
80930
76543
183887
139799
166279
179331
52033
106292
168267
116253
185502
186747
135957
142282
180707
96799
187547
183435
183077
123374
153352
69785
185330
193598
156165
181583
132085
29948
143532
198459
163872
46727
198028
176822
176323
120126
124250
195890
182424
116764
154478
154276
182442
198548
148219
196581
79029
196772
153458
119855
139624
150896
175409
149447
169764
198932
164862
110188
183727
125303
119461
171069
112922
198554
181917
148498
93356
142153
100988
187534
198983
186185
158476
85911
145565
199647
36835
184590
135954
146605
189606
82117
193160
165816
148403
148647
184519
110333
91893
175189
149562
178592
165418
79111
187626
178013
86104
149971
128419
42909
20629
186840
142952
115874
25319
137449
180493
174744
167505
40580
158208
176761
187247
107810
165604
191566
64763
180112
157328
127921
109338
177341
82338
56499
180468
116308
141953
186619
161519
195927
139995
172988
198401
185943
87986
186876
141052
198601
98901
111289
192058
172478
125226
137325
148840
85234
182268
196449
157610
193825
72216
193851
185619
158388
183143
111584
153259
193851
62066
168740
186250
99279
122740
53437
187554
127620
198018
174701
147924
96400
114613
193660
168361
199752
195815
126214
194708
172444
199886
188729
135381
156456
162098
148498
154378
111016
109067
158346
145213
192936
129703
193831
182318
97345
128264
189776
160416
169767
167410
55215
22955
133878
32527
170869
196874
193714
142987
102886
196814
150847
141883
51878
191496
169442
103881
150928
177100
197228
44090
189491
165069
112498
48550
109092
119000
186399
74983
133297
87682
37635
73807
85471
133433
142772
126514
39038
197703
194318
68931
180762
181203
198470
181942
197066
169695
197297
177894
177356
132411
118637
176573
70503
149733
147718
180050
197241
149866
185075
150796
192104
90066
178801
44345
162680
156522
92646
191321
137076
121343
167258
98707
168826
191825
199977
160269
151190
150717
182790
141353
186718
104646
66411
111149
184792
120862
115081
105065
192945
190355
181111
182089
132540
141532
195118
196966
116545
175889
178590
126252
145554
190731
108828
189463
175931
184799
127893
177191
183283
199343
118809
81705
180156
178146
117738
87893
115202
106674
199243
24369
181470
197894
197343
199281
162095
146388
109657
181323
125440
190440
170745
120613
150920
23611
163013
197465
122573
163972
183711
198812
126044
190918
182291
156178
149016
184626
177871
194513
160748
163255
142335
188978
87576
185742
140225
191394
196717
157851
153871
187319
74253
197656
182078
126549
142101
41781
198261
197652
198796
186507
198748
126002
128847
170122
52107
187034
198949
74731
91421
195362
62516
148473
182226
173898
181396
165012
198254
128177
192847
172472
185001
190712
173950
78614
199847
117625
161521
195454
159852
158928
175348
187157
140279
183310
190506
199008
115433
150276
175330
193391
196216
43281
144127
154891
184359
179821
8930
138070
195793
162460
191010
199417
87955
114827
183705
194591
183328
89404
199579
191558
194930
54074
197302
167613
198656
169953
189892
129433
101952
125623
147178
179023
172462
171648
185749
185084
143291
179175
100782
165309
156638
184918
144089
181325
149515
134220
123224
185945
183483
162061
124536
145062
119126
168357
143090
162244
161346
196758
118205
191037
143081
168334
74233
108347
191920
183364
189510
130547
164820
189883
183435
155028
160182
158095
101886
199999
46457
198282
173076
97380
161708
197956
146371
157979
53837
197219
51313
193111
127304
114392
134865
164036
181660
158042
126381
181848
187298
116114
176016
191149
145301
100222
50192
135887
117396
61768
122364
139636
166571
191425
197213
190268
185875
145505
124692
169340
196216
144884
64824
147691
59714
150847
191189
75821
196662
119229
130431
192058
173126
109775
199811
149515
192344
188746
197865
111313
186964
159722
158502
161612
195478
192158
199698
191639
193816
199243
175960
110622
196983
195468
132629
79597
175651
132189
188783
174069
186233
179209
104774
181101
184506
167741
121197
195959
197307
199503
93396
167697
169253
97254
133698
171945
105218
172349
85262
152747
165633
180722
177434
198897
186726
158167
134240
196405
194044
144490
134787
141783
124744
199921
197796
56449
92281
176769
47191
137476
191938
51109
17165
72629
183406
177326
150647
151905
95513
158517
72123
108156
193864
157849
88649
130141
185412
171121
193995
74268
198758
189487
13724
163768
198397
189617
164996
137886
194189
82253
193128
150030
134586
153810
131143
197399
186525
147636
179016
199742
187469
160262
144851
182863
168068
179665
160693
184675
86658
196794
191920
155743
174403
60616
152233
189830
150601
104722
61872
70561
66518
131441
195982
110447
187486
132416
167688
160533
158131
104449
155935
183083
173151
187079
125483
184575
163393
135223
195108
190278
123668
110707
189993
131299
141300
188639
154413
83377
148894
127326
193936
148883
128640
63491
155861
86267
182744
189262
179212
124912
158484
199641
88606
125666
182030
192852
190995
191150
196181
198208
31325
160719
192873
92004
96641
187561
75607
192706
169515
186263
191145
170518
143618
199438
156110
155079
83262
173094
198764
180255
65408
159240
115035
188235
14066
73575
178498
152884
193407
37243
192562
82716
180562
171960
196226
195211
176651
89404
64607
149677
135327
198935
197024
192871
157843
131417
169074
165421
185353
199005
171901
180039
167049
155028
199686
179811
173550
199211
178474
182699
174658
185568
191490
85854
156190
160994
52673
178306
198449
168655
145031
108196
173317
196945
158036
103383
182353
73402
83769
193236
106102
117881
169953
199603
128419
149494
176199
199673
161723
119465
85333
157660
180418
154781
190831
32585
161449
61346
198233
111421
190405
172938
199508
178825
179826
167845
83937
195353
81948
166879
77302
166552
165538
173335
119618
194735
165180
130757
164562
194100
198634
196513
185543
110761
175428
183200
157589
79130
187925
155004
143466
66406
148504
111690
180347
80368
159975
118684
134975
84279
166213
12480
139623
198527
94742
45045
132126
183905
110530
196196
158916
199452
130186
45649
164594
198445
82770
196440
197849
191637
194773
113203
192310
171731
170394
154103
70103
146671
195439
63644
192509
138997
148964
195976
163517
167862
171052
189510
177273
176182
175236
178437
199353
151943
85411
89432
188458
92236
176156
154511
142299
112816
98264
199576
189994
160451
198227
166561
121437
76135
170326
165449
177328
48199
119287
186520
175846
144083
133423
196797
186250
148120
192290
199353
163273
132722
186489
26231
93903
122476
110550
199060
153638
155923
154662
30063
107215
32612
115627
99358
124807
168922
184075
86608
137182
185991
21750
148341
93989
165093
67479
148009
166149
185376
165292
193529
23403
62727
143657
135606
74859
152838
182456
168351
197589
188943
168715
184701
186773
148033
59500
150392
148924
198287
194735
75208
187912
162857
145295
182050
97293
126179
163526
184428
191429
154709
90333
195295
165867
122961
174299
194147
165569
178038
165370
28508
121569
88357
93945
139997
168558
155180
168539
198562
195443
55405
128040
154326
94929
190555
181171
197746
97677
191521
89133
185411
136761
129181
183008
171824
175203
196296
194296
196535
199562
184890
182788
171783
169176
193752
185668
176801
172732
190569
190391
106912
131032
130489
173984
183789
140647
180300
165396
163531
150433
177588
95762
133036
152962
129482
198288
157840
178043
174458
128424
115057
197208
196140
66570
26661
131017
95807
181846
186815
94332
168678
172097
183492
188732
170145
189862
138107
184091
137951
182459
104791
133788
155856
188835
103550
104548
108751
142330
186416
186209
127637
172763
179128
104954
130340
185979
184350
177300
77286
81078
152802
134102
191668
186369
190889
189219
153297
95168
192548
78003
152389
132626
194694
197693
149206
196873
195539
158427
39162
198862
180622
172854
91375
186116
114295
179674
36860
196893
191581
180962
123021
137341
1587
185089
192200
181236
123117
165047
41487
157675
115808
155887
195017
185140
59751
100870
186169
193380
196400
186721
96346
195997
145290
100842
139621
131679
116894
140774
101458
124633
185226
73169
32349
161519
195946
199936
126103
170975
182021
168068
125216
147556
74432
163493
102482
154172
159954
157498
165047
150032
159387
195271
197184
169165
174101
142903
160378
129443
120297
90599
189454
141054
157851
192385
193116
185631
165303
132500
185157
170814
71759
134255
181248
174274
155518
181277
104303
156119
198554
72246
184751
170688
153779
168087
129621
192058
150859
199149
118110
177502
198938
138724
123479
130446
128783
173017
95053
135742
111853
199995
193477
99277
137984
190963
192171
75040
182224
199752
67914
139683
119635
186533
137787
168656
144834
178769
53320
187243
179001
197768
121973
194114
174482
108170
189864
161385
179980
185237
186467
189937
190929
188955
78955
199807
184907
149860
170290
179519
184185
155690
199351
171248
197491
139491
163226
141593
59942
191844
106938
154269
168438
198190
197378
198445
192135
185211
148754
161954
131729
194125
185983
174793
163246
71090
175006
192934
102516
176405
173065
104699
180080
135977
167040
197763
115998
65407
108359
172750
142572
90163
178702
183364
181611
127564
183745
199174
196476
176587
177139
92737
121404
102391
89286
193016
198671
177146
111860
163723
164700
89457
56950
148326
182585
199130
137995
180666
167820
184770
191086
165498
192258
93372
176667
106695
102463
199331
191391
190170
176752
178354
186889
105424
134326
31103
145881
197107
126346
142051
173222
98367
193403
175557
196179
195622
180240
176658
199907
161411
185274
183605
156227
191380
180610
196438
162750
126707
109082
134640
190658
197766
191097
151026
125156
100483
18253
191933
187855
143487
192400
182790
114088
65295
133545
155933
192096
151488
118572
137196
184439
197006
146268
93795
85736
132463
180977
134023
178206
59604
163647
168299
193844
104939
124087
147071
73202
174106
186747
187861
195291
147074
176830
198650
84466
54648
131112
172918
148816
120171
23815
53837
176756
150931
181816
198229
179081
169098
169187
199180
156606
135303
188273
198239
174407
188542
199180
111763
180112
196616
96334
175686
190580
141374
153620
158217
175453
146830
195340
190922
195260
116781
166316
106228
192957
172680
71334
157735
110817
194949
199499
155492
130215
83295
142181
160501
129932
141249
194913
157410
179619
188778
90257
127724
102858
46921
151445
152115
199019
125061
169737
191612
130702
197201
149026
97907
190848
185461
112614
76189
188411
113837
17308
121597
129336
102280
199157
54793
98986
168520
192493
151471
163224
194784
193139
45311
170714
181740
161550
196866
113565
151323
188084
93973
118123
153425
124268
192057
95534
156536
112087
184624
155173
183265
117269
96817
184837
132834
161999
177581
153458
56013
48609
158103
198401
142578
98991
146990
116017
135144
174677
119143
100082
81211
122720
58979
165754
188594
198406
197575
196179
142740
176933
86831
114152
81728
181199
109423
147769
191393
178058
133811
181801
175032
161999
181620
185251
177061
169648
152676
97130
167154
173613
187632
121739
130111
173841
130247
7671
192577
134391
178474
153027
182495
144648
160630
104118
196686
154013
185762
183727
145092
125335
184654
189449
199811
130421
93159
170712
173442
99291
11633
105489
155452
50777
170336
176755
64847
13234
184447
67626
6220
144880
169816
151508
162697
199450
199885
144239
123659
165072
185535
183203
164780
43921
199202
180138
188534
197328
174487
179599
160884
73727
185753
125898
62340
199083
107219
195318
159203
178019
135883
65099
149166
166320
195706
102494
177117
146225
156699
163080
199986
199919
185512
196042
143015
143442
169294
194403
198962
171590
76109
143095
117165
156832
140511
107213
197698
140440
181065
119125
117060
197002
199366
191590
166156
165031
153865
194901
153807
166535
148107
106171
196257
164731
92153
186015
132095
173371
160082
170991
173366
180464
175768
156015
102788
195937
163869
166535
197985
196040
146529
194702
196640
194686
182962
176570
198716
178401
190961
191822
181893
68266
170467
193182
171857
182224
38230
141184
178890
171630
135233
186245
193695
174487
131185
197439
123446
41055
173329
197587
125139
179696
189859
158538
194020
111238
180428
147895
133399
113195
199754
156086
199494
131945
59663
154553
190450
146609
85870
185388
179298
62821
12758
137101
196992
191295
195464
176298
199925
195553
160838
176487
193843
190929
171380
159369
120679
126834
97356
102070
64852
156734
151669
71353
186703
118539
155852
141373
82570
196502
180767
173117
193730
166172
180988
59598
187241
176115
78972
148721
132749
198154
185589
143965
165534
190546
134787
101143
20425
197010
100318
195433
151059
103950
156394
169008
198345
199312
195336
197468
198986
113414
186429
137845
191486
197830
154641
199725
183591
165133
189004
179093
121082
122792
100807
170559
198586
193196
183118
192419
138544
182826
143884
178037
187316
194369
152703
137689
180024
163467
74218
186827
77159
145074
98308
59910
193235
82113
118333
92713
69623
188905
179108
198734
38618
198433
84504
193316
197587
73128
191093
199596
169767
81898
151763
177366
58006
119288
172181
145419
119368
194057
199283
194237
149380
194902
168593
84959
188689
194736
197961
191809
180517
153913
195821
199500
78681
190169
164357
125380
178089
180737
176389
45586
176679
65591
117184
192015
134741
122456
154036
174786
177035
189582
140249
147983
173317
125965
74702
198776
92569
171013
65611
195750
196819
109652
187290
176460
189922
23749
62857
143569
147614
179710
172563
197503
99493
149870
162874
187390
189609
178654
184118
170173
135764
178323
1911
126828
182823
196736
127560
191250
160756
179345
198321
106100
46584
65004
193813
156551
192766
95723
119298
146925
37480
160419
160933
171365
164006
125922
151890
154055
111853
17059
110333
169784
171382
78690
155097
133042
198984
199234
81754
194435
174243
189888
71493
117637
188991
152626
192648
146195
137685
177454
190604
169090
195853
192321
98845
186240
93215
188172
140746
177799
61974
108032
181008
177894
148808
76494
59680
120434
163192
135780
136219
193583
64456
196590
74507
148649
179666
67734
194995
24907
135079
114906
168095
115711
184216
148653
157265
180187
199652
58224
136222
195185
85776
136219
177323
191697
184585
160026
158418
193304
144070
197367
135196
153774
133216
135551
153080
190747
196583
79062
174920
198873
169985
172909
117239
163152
171827
190805
123362
114016
192633
129288
133707
171707
172476
86608
124348
141203
183258
180928
190731
136931
179595
63764
191558
99913
199191
186780
196510
176510
117275
168836
194226
137781
154458
195698
110616
199919
146972
111544
148385
165193
160120
162223
123129
187064
194943
190709
184181
97709
115574
181971
118497
198502
184860
181031
198659
192938
195116
142700
192305
182612
81161
162837
199744
168583
144974
142776
80762
163904
199457
120132
153934
196454
191329
126527
195082
199905
115302
91184
196215
175220
159937
197741
158633
165273
119895
199411
199791
172612
118866
54590
73014
146968
158440
186880
169389
144662
193903
160243
107797
176095
152483
195041
43377
170104
189667
188145
187013
86574
164655
159293
173317
145077
137365
198257
195885
151720
137602
198199
145379
164706
194441
189656
177898
136918
120252
133027
198544
147039
187471
143343
107819
181178
174274
88504
196952
169449
189649
154506
184983
131144
180088
183811
178026
69532
103859
166510
188433
198207
178401
166078
166169
96061
190249
194944
169636
174395
146866
164020
173686
172647
141802
170745
120067
98154
135116
16996
197647
60590
79618
62034
169889
96119
107009
55596
167047
94710
124107
188741
175832
199800
181482
187873
189345
181774
88235
90850
190856
186133
174314
185935
79317
168614
161793
179537
173336
94145
178935
193529
85836
96225
7218
132076
128914
108753
180270
164377
171948
196667
122809
131729
92128
117123
164282
186819
195677
87618
98328
123365
93260
64495
94033
79495
172779
118553
199100
187339
107043
185594
199291
141299
160756
162055
164911
140419
107664
180484
109484
164536
122306
70807
193292
152344
102197
85898
177915
123827
178555
170909
145826
148042
118364
197497
77066
62090
165938
49219
174592
144398
96022
167970
175756
194090
156388
197077
87955
193517
197952
196969
199060
44969
94755
105749
26446
94562
154553
107711
170512
166322
56368
190401
193318
161119
198956
120914
199885
158815
180542
198912
157960
64999
197504
82126
109463
27426
196705
80460
127780
176137
46357
198414
86866
129283
192852
144089
191050
188783
186361
142396
56534
173132
75891
198625
107551
88129
138387
116857
56242
167873
133448
173904
154073
180255
189283
195445
194194
193977
139362
174743
101262
117232
157135
153773
183210
181570
165903
175304
198468
185376
124757
171857
185473
181019
189944
193299
131760
95312
170237
96609
189144
158103
125271
152787
93383
153420
119130
160584
120409
183011
124403
183214
196134
182715
132369
105655
127681
111305
178856
147199
161066
128501
194851
69825
187073
153750
144866
177600
103855
82242
161200
125938
161342
161050
172468
170334
138723
143990
94263
184299
131180
115220
196040
169066
93652
172965
185597
168864
58107
128998
151896
93798
188245
84097
90209
142927
73579
115859
101943
90210
162970
197517
179029
76529
113924
164213
75893
168989
167867
126233
172220
173113
123773
108628
108624
174043
19948
182860
189482
192506
149013
194999
199227
155234
109141
91509
195564
170677
190127
112576
191603
177094
117680
199032
179096
161801
171528
192856
155125
198070
62477
162964
150100
182967
127169
178121
153220
175990
193141
198837
184437
131012
35524
110673
125245
167112
198859
152366
168983
147150
199348
160302
64280
187569
151039
196976
158589
188172
163808
142157
195473
126945
187456
196335
184932
171372
182940
197913
160940
115697
48609
182813
172827
193380
8146
194169
93527
196874
74023
195325
57087
129099
107936
109353
180547
144374
103678
184041
135376
107171
148001
177612
79742
10347
176185
171835
137453
