2038572368
1809953023
1917373735
1956835983
1924914152
2000503985
1938099534
1980176672
2072083866
2060915692
2050888651
1873470732
1852549180
2017309081
1924343373
1859467484
1838320437
1812390287
2047779924
1999548064
1853092949
1892766010
2020791092
1824754684
1804420433
2003896784
2011643653
1993535168
1990025207
2070752741
2061094196
2048574714
2048055355
2027056686
2076309518
2091392912
2085872219
2051024153
2023322235
2040172090
2088802127
2059626885
2016461781
2072788562
1994846511
2021629730
2026625361
2022842412
2022305200
2045378353
2045152917
2042219808
2037524317
2109128402
2089931671
2071260518
2068157286
2067896881
2066246594
2058849259
2051343832
2035020111
2013380954
2080022415
2078799508
2007656676
2062255723
2007023296
1991818966
1991704603
1982147122
1980509014
2087089239
1978026571
1971635256
2140486129
2138717498
2135689531
2129186745
2142054683
2146052376
2132689288
2125184216
2117111787
2116681109
2103334327
2100491661
2106635697
2108593405
2098765577
2098302967
2094600887
2094139209
2092232000
2149693130
2140283077
2127520326
2123146533
2116222353
2142917279
2115145439
2148586992
2111753852
2110213721
2109985622
2101114522
2100032901
2098560986
2093818744
2092049347
2088896633
2088148266
2080068813
2077826910
2074323476
2073592040
2072769052
2068443177
2155395924
2153778405
2145227924
2125099974
2113258756
2134743477
2118863346
2116482091
2112590667
2115444490
2114231989
2111335606
2110449056
2137186302
2093912995
2090610702
2089290017
2086932366
2083872789
2083029964
2082486178
2075774804
2075308437
2104432227
2103305913
2094445254
2094381534
2088894892
2088764037
2106801027
2080931745
2080267017
2075226680
2075060609
2073087469
2070632314
2070543769
2068930697
2099832295
2116818425
2098049171
2085685810
2083273307
2108069060
2082857784
2082842854
2079356014
2118362644
2077786805
2100358245
2105068972
2103764107
2118403796
2118347462
2116095569
2069686693
2101664262
2080673057
2101621187
2086185513
2091470023
2074106188
2073959184
2106282999
2098728902
2121091484
2122398107
2120310898
2123823188
2126882231
2125334980
2119050084
2092699422
2087465629
2072709960
2067343996
2066975281
2064677086
2064534767
2125229788
2128014680
2093779991
2059360357
2115433009
2099492338
2095159038
2071251765
2137403738
2068528015
2068009668
2127910746
2104742578
2086634222
2112348099
2083254860
2070728234
2061049493
2139175007
2067083751
2066871596
2066757852
2066424473
2069040021
2065567387
2064561760
2083178950
2143102860
2143008322
2110502756
2144210371
2101617943
2093410067
2072386153
2091735589
2091737531
2091123211
2088603359
2084689793
2079512743
2074165280
2063140554
2059250188
2058691322
2058137029
2057662369
2095823587
2057122493
2138729054
2095461673
2094215738
2083203374
2064402302
2055007762
2054368716
2051038423
2049479589
2047950032
2046029105
2045119141
2044509569
2042666668
2042608976
2045715247
2087426540
2096557540
2060461887
2050272974
2042535525
2096741071
2041635477
2040114066
2039769824
2111758376
2118427628
2119412702
2116603962
2097098354
2074903478
2155412842
2155368699
2154063999
2151098573
2154954960
2070630751
2065263477
2122584717
2154836561
2150240774
2150115405
2127238500
2124099318
2123476053
2118466261
2119186690
2089303578
2088369379
2086049741
2083030287
2082237319
2120792777
2051501235
2077227387
2149690349
2149447868
2149274468
2124341413
2113035260
2099870794
2090595306
2072387257
2095838736
2045697718
2148845371
2069421059
2062306727
2150841030
2058345902
2104292523
2062768673
2060841690
2047307214
2068114649
2043734260
2092320207
2040464907
2157319899
2156377739
2157795457
2155897609
2146465077
2141704674
2139720569
2137980805
2137270570
2135169375
2129892332
2115579905
2075645990
2063516602
2052683211
2146614353
2134955281
2085019423
2099377937
2073854477
2150616318
2132451898
2121295117
2072331019
2068537456
2054968961
2050426788
2125351782
2049593599
2039643790
2084673071
2048855356
2039268661
2038554724
2038252968
2159372372
2159348285
2159275583
2158889106
2149395906
2128349288
2128113138
2160564258
2160243338
2160235961
2161472495
2149220444
2126766290
2125708503
2125539754
2121769708
2122927638
2119419679
2107046094
2105011642
2100141986
2096632093
2094453691
2120806281
2090496621
2162245830
2161957070
2077795641
2069479776
2063012296
2058486483
2094703540
2079613846
2054221236
2051690370
2046672174
2163095867
2163340934
2161951345
2164253826
2164946096
2154161327
2152042100
2099254689
2098369229
2095423485
2164579823
2164573975
2165799380
2126643073
2095285153
2164353301
2146112877
2144444361
2144228831
2142382054
2141127941
2135042124
2121933448
2094509192
2093957943
2089235002
2063011917
2059278997
2123011619
2104641608
2093691014
2155471078
2135032112
2130902487
2107243583
2049232827
2048724400
2046618078
2046548458
2124763780
2078169896
2158113189
2167149268
2132568261
2132377274
2132139251
2143031752
2142709190
2133652720
2133232706
2132834781
2131970341
2137092857
2132083569
2130178876
2154372308
2126833313
2126111613
2123823585
2123726876
2123493380
2121367157
2119611035
2119346400
2118943916
2117537112
2117650891
2114344640
2153242844
2144223694
2133065594
2122239825
2112036710
2110393314
2094676934
2087326856
2086980550
2077121957
2070451441
2068622253
2044872964
2114300051
2044339619
2042937109
2135038472
2142650319
2131256878
2128423533
2103812468
2097026755
2067731753
2043386326
2140621808
2136313529
2133304861
2129102463
2118004288
2115007664
2112444577
2123410082
2122438196
2135775321
2136102958
2114200361
2128520848
2147433601
2112249617
2112024093
2111657336
2141958044
2111278311
2126511677
2113691780
2107107253
2098908938
2150581237
2130172984
2127395373
2115234996
2110732987
2110095087
2109117143
2105875871
2095039351
2085388159
2082619615
2106820503
2081483802
2121526598
2108997436
2106238442
2114991684
2135335300
2073580346
2135683525
2135612089
2129715689
2124150367
2105762865
2115812085
2099345824
2058946631
2056640662
2056484621
2054708133
2096114173
2089036414
2081073685
2072204702
2046983983
2152801804
2141302499
2104916153
2104913720
2103947460
2102939609
2099809370
2099180904
2098002754
2097574309
2131857186
2148496584
2126118071
2114238021
2136136801
2133392332
2119820522
2118653267
2129278496
2102748028
2137910549
2099689976
2096871959
2096788277
2096776911
2096486607
2115892732
2100743318
2101484390
2110139447
2089286596
2083605883
2076746569
2093312952
2071177181
2154844530
2154586833
2140048867
2131678197
2123401426
2096131492
2130063877
2129859303
2079384660
2070115079
2084397783
2134059790
2130581504
2134246638
2122043356
2111936318
2095736865
2095696444
2094805763
2124817030
2116107709
2070544358
2071090252
2093675229
2069969084
2120694724
2114239590
2094743133
2094369021
2094296447
2094065316
2093905485
2092290879
2091649633
2091391330
2091015084
2090029213
2120179966
2131420703
2094713008
2089651624
2089554844
2125374769
2109347161
2136711910
2136093531
2108927023
2136232541
2108114080
2089660565
2108595903
2080733254
2076390525
2070337794
2151906725
2122652765
2100248284
2099134388
2091025132
2073530877
2070024389
2142575369
2089349511
2103063504
2068374844
2102589514
2100630562
2096888643
2067041068
2065483996
2078875682
2064583354
2105361693
2063025015
2099578391
2061563282
2144357326
2146600525
2132821846
2131970881
2129748296
2136439617
2096539964
2081575291
2064385327
2125963838
2063914438
2105252852
2060491883
2059687949
2130855284
2115200613
2101852552
2148610232
2148378036
2143047654
2142764010
2114382766
2105982560
2102487461
2081667437
2104386436
2056386749
2073507951
2055571293
2126407047
2119598417
2105121004
2054109295
2076800145
2099831341
2053342454
2052739294
2053300016
2052583644
2149593058
2134224120
2131702440
2131191046
2127845486
2127491291
2126436894
2123366216
2120200843
2115132387
2113636815
2107185315
2130373424
2121730567
2134601965
2106323453
2106108760
2105677681
2133377073
2119272417
2109004019
2108016025
2085274146
2077758404
2133011663
2116469191
2101741271
2083887749
2102530801
2098297551
2089147377
2111920137
2127307073
2088865072
2088469957
2087739248
2085215455
2084654146
2084547485
2084515398
2084500580
2084084448
2083707373
2128861426
2123422996
2119342419
2110372909
2126318690
2107291254
2092809402
2090456087
2088915513
2088663562
2141055699
2084049404
2083171387
2082952937
2082562799
2082415395
2080967086
2080904827
2080889673
2080849053
2080811628
2080407071
2093423322
2080211993
2080018343
2130744087
2122502264
2087782480
2084733520
2126366896
2080528195
2075070248
2124953733
2085405080
2129552784
2103179101
2083247853
2073868610
2085888091
2072014409
2071217222
2102883353
2087708724
2079992461
2145772574
2079531645
2150758154
2082370096
2079422964
2079202163
2117994234
2107509631
2100105877
2079175750
2079135264
2078875820
2142401581
2151669148
2078854317
2108198587
2135423531
2092391168
2084120402
2097368172
2068892669
2068426983
2059514856
2057205851
2054732296
2152083311
2140271188
2134092307
2075302754
2059369424
2057828531
2067780846
2053108718
2050777799
2126622278
2129200660
2120399463
2084182588
2120110520
2153841547
2117240469
2112867891
2111592810
2119957542
2117648138
2108186179
2125744688
2137763582
2088289917
2086056880
2079545681
2078830331
2078804261
2078567766
2114862854
2087845390
2135702118
2092285123
2090130967
2077620802
2077163366
2065916491
2061218884
2060865916
2085385711
2081319121
2136787360
2057113113
2050669934
2049743145
2137204432
2049189722
2154783524
2156007861
2156559990
2156307847
2155959982
2155763121
2149855401
2141221923
2138156210
2134773571
2137588130
2138089390
2137867535
2131426153
2130364793
2125492438
2110860402
2110765915
2099293865
2099152462
2147469709
2139902585
2095899993
2095435631
2094897688
2090248468
2090246503
2075469485
2064389800
2145234705
2129932883
2103372432
2088083830
2057335765
2054724883
2127918211
2151910572
2132602534
2125510045
2124000040
2122098081
2121669537
2108244585
2092151302
2081309654
2078522375
2146063489
2062612621
2050537253
2049007461
2048502700
2048404056
2047090001
2084961720
2046535580
2046003920
2045668192
2045617212
2045517600
2070757749
2045145252
2045145050
2045134808
2044910992
2043611195
2043078945
2097617522
2061866554
2042979227
2157284274
2107958793
2045965668
2042301153
2042046643
2041845421
2110015982
2041535809
2040902937
2040283791
2039950676
2148496563
2148191610
2144994060
2144816378
2143732565
2131066852
2130956204
2126265798
2117448235
2100361237
2124806550
2097141155
2095281468
2125302025
2092699109
2062503873
2039089608
2052076634
2038589901
2135295893
2129216022
2125075281
2121460189
2119173517
2093761085
2046437674
2038552214
2038484072
2140786477
2137495089
2118504014
2038137036
2038134175
2037365631
2140888557
2117074198
2124178446
2100546200
2105692217
2130788699
2115720845
2113815753
2112861564
2131699239
2112134317
2110979349
2112532641
2100628959
2095167812
2090607445
2079529078
2129572893
2068322261
2123075468
2110807288
2110634418
2110580623
2131680495
2120051271
2136659722
2124696425
2110373275
2090099154
2087810784
2055211835
2047102904
2133733904
2133477939
2128555393
2124538516
2078440705
2120746320
2110536560
2107813095
2107242998
2119821837
2075919271
2071518138
2069249975
2061393134
2054865893
2054864128
2123733578
2046647243
2045092155
2040777567
2071967158
2065050460
2114628181
2106665268
2123544873
2106492090
2106218911
2104281898
2118100543
2057769978
2051103257
2038010746
2149256489
2103344679
2144144411
2101567470
2101497133
2101322569
2136317176
2099794183
2099374619
2097188809
2095953798
2095808650
2094586738
2122104606
2093503386
2121021895
2093742752
2152742979
2093390638
2090129113
2089438547
2085038672
2089117934
2087924725
2144759307
2153281258
2122440150
2103995779
2079073965
2060180617
2055329887
2087617205
2080068757
2054963392
2052347615
2049947854
2122995609
2146601045
2134945779
2132537029
2128241107
2128009589
2127295265
2124876443
2122730864
2117555620
2114567905
2090312774
2089979009
2127307722
2124297275
2114796789
2103584518
2101122564
2099175763
2099115618
2130440445
2121219168
2089458895
2093138756
2127308537
2074463203
2071624037
2068609412
2065893475
2063526865
2094678218
2056036844
2051469125
2104660107
2102252308
2097146185
2068758064
2050198399
2148562192
2091423072
2137222661
2136092375
2135886628
2101526862
2100323514
2046533442
2045587037
2139400633
2137682481
2129770871
2126944502
2133645343
2113412687
2109586221
2103341268
2094518595
2126640826
2121640862
2115376289
2115193724
2109996910
2108538772
2093955358
2109084942
2082611749
2057537797
2098283599
2044574069
2047966557
2044066545
2042216744
2042197313
2040449165
2115999636
2039705488
2038184049
2146381099
2142536143
2131628969
2131317843
2137056725
2116096282
2106459373
2130620337
2095594123
2066342261
2046507470
2043228022
2038079192
2056721554
2037746132
2037653608
2110156881
2037313685
2037263832
2036896738
2036828832
2036797649
2145845651
2124640214
2113169258
2109940022
2134344199
2092048995
2091271554
2086676188
2086502284
2085450475
2134648369
2148685335
2135405174
2133316128
2123516870
2135955414
2135322733
2115060063
2110141291
2148881649
2133761868
2125991235
2113963515
2107987494
2105983068
2113741200
2105717546
2103707356
2149576924
2116878982
2129412215
2110244580
2109547709
2149926914
2097307249
2097229519
2103325191
2094515463
2105251038
2102580662
2101171358
2129748628
2106443301
2104460934
2093984529
2128998578
2134612730
2132604332
2091651680
2090801317
2088486997
2088219252
2084780137
2084161643
2083435885
2120774464
2107429147
2101054545
2099899052
2097675025
2096741121
2127162162
2092849084
2100831440
2129822094
2091298919
2086874582
2081436169
2147140272
2116967874
2075480834
2115307392
2106348223
2100470410
2100407635
2128828193
2095826703
2095755006
2095740978
2091590940
2087817819
2083438493
2083365836
2133440062
2120106782
2105973494
2102353754
2100600701
2085266612
2097233943
2141603773
2148554936
2148532708
2119971621
2125252667
2083424178
2099631014
2082220256
2074923138
2096028584
2074800085
2136784925
2128961573
2127275743
2122297823
2109425017
2126158941
2083704336
2074770199
2121066961
2097182383
2072854863
2108113428
2088248116
2084154711
2134422182
2083287451
2083210540
2083185330
2083033430
2113119934
2082952900
2082802704
2082640024
2082432876
2118385147
2102664724
2098563973
2096972073
2082100518
2070883682
2114740278
2081775133
2081437156
2081304234
2081063672
2081040490
2080921552
2080688086
2080542188
2080439185
2081406766
2135679355
2132817690
2130869454
2126245150
2115196048
2123818608
2070879622
2117044938
2080175337
2126540566
2068913682
2068734808
2068171076
2067853035
2067660853
2067492442
2067311402
2100947220
2123478957
2075915525
2073398924
2065097936
2064816584
2062343186
2058871313
2056598790
2054518074
2147830525
2146952761
2146590853
2135175050
2111639268
2111242015
2088627312
2080135977
2117456287
2116506830
2053618066
2076715602
2050689682
2049447727
2046389549
2046366873
2079194437
2137030935
2136945788
2046210450
2144123648
2091833830
2090599700
2100203886
2079917576
2079260155
2078987878
2137853801
2139659402
2149100234
2119067858
2138507131
2139023289
2138406908
2139278498
2139271950
2138300258
2137795260
2137754013
2137652534
2137419185
2137407684
2137140085
2137097863
2112364069
2098544546
2087208778
2115084863
2075910997
2069885881
2136188705
2143469322
2096164083
2091616472
2089022659
2085198725
2083178791
2078818452
2078191072
2078138556
2136528215
2129346577
2079423821
2138186999
2114890187
2085464641
2116371402
2104942593
2143957964
2100292570
2114328268
2094081313
2124808879
2126350070
2122331461
2077931314
2057170101
2149451061
2141213497
2120871550
2055122901
2053497668
2120769699
2053915422
2053455906
2051181933
2045890974
2055149837
2084125215
2045451268
2073199593
2068733794
2045428256
2136252602
2130122250
2123493419
2115172922
2150296933
2102702230
2098666100
2064323782
2135648656
2110763692
2151204299
2151310403
2120182726
2129369823
2142730715
2137744432
2108848796
2107394195
2119225405
2109663400
2105862603
2105693154
2096722285
2092290134
2089688826
2088391416
2088167653
2079075910
2078134531
2077826429
2077771649
2127267871
2077732650
2077471279
2114277085
2113413701
2109509885
2109182660
2102961821
2102609753
2146510739
2116661934
2101835233
2101267584
2134715922
2101264487
2096464318
2092555715
2091299719
2125359541
2100223919
2111508277
2129847410
2085705895
2085207264
2091300184
2083927595
2131736432
2116868545
2137603813
2138843751
2123094610
2115554345
2094716881
2090939875
2087453834
2084302045
2139499505
2139624828
2139591744
2142955562
2138819372
2133973407
2134763726
2113437031
2107264300
2084190716
2081818008
2079792778
2141305042
2152090367
2100544350
2105283010
2098534929
2089699519
2089720460
2083777273
2082120166
2079439664
2090442852
2099667769
2082866434
2080998373
2078088803
2077193820
2074862553
2139304712
2077389814
2079134328
2077318349
2077240830
2098223983
2077223927
2077177152
2077138575
2076863296
2131779755
2090394068
2090328730
2086214093
2074862202
2074716088
2103387767
2133457299
2083692250
2074651032
2074236897
2073533730
2072033324
2071779638
2073215690
2071272457
2068860781
2068043803
2066600438
2065969817
2112518297
2135275386
2133287346
2132692175
2089975702
2087902928
2064912831
2063845142
2062853445
2122439691
2070049722
2061022854
2064057581
2146537654
2130572161
2127559939
2121743336
2148775472
2121278127
2134132520
2121731145
2121677046
2135987221
2117135513
2114975662
2110956117
2088442753
2086343838
2143654025
2113664749
2080182876
2063142975
2112028286
2120866641
2059708387
2059246134
2057579299
2057403039
2087950448
2056229264
2124539060
2124043865
2119101011
2094095719
2081633745
2076558342
2127301295
2072409117
2057503241
2055329404
2054214407
2135587081
2117148639
2116310478
2114959731
2114621063
2113971043
2110556252
2115621993
2107959577
2144089567
2106934359
2104520592
2098792917
2105481658
2098068738
2097080969
2133381489
2096183428
2131278399
2124815235
2118184507
2112560334
2110153560
2107049717
2106461380
2109376171
2094886321
2093678669
2091556886
2089499496
2123310589
2113749280
2142952633
2139881224
2118909586
2104674544
2104339767
2139867402
2133281445
2120952013
2104299870
2097681435
2097631951
2128625155
2109810898
2105819322
2141024189
2114971146
2112588112
2101912253
2101838684
2097388631
2085974326
2083767958
2073433394
2071852939
2068456375
2067357432
2066358263
2103782646
2097085970
2129243991
2138886357
2092858668
2087415376
2151497376
2084300441
2083421540
2083126816
2099405588
2081916025
2136557743
2134861801
2081291332
2081146673
2076856994
2147167198
2089415132
2134730380
2130760716
2122560391
2119238458
2097813611
2088389380
2085545579
2118877504
2080916802
2076757366
2076706465
2076677071
2135739173
2135299141
2108023390
2076671589
2091296059
2076007928
2152470077
2139307073
2137831227
2134085481
2116181079
2120111486
2113230139
2111388798
2109087504
2108756044
2107404116
2105472261
2101319201
2100818024
2099550535
2088408997
2084609923
2082549284
2108351606
2082085443
2133155306
2126442438
2118191189
2123823653
2117546549
2140439199
2115113976
2107571013
2105798428
2114358417
2106767468
2083822406
2080835257
2071842279
2068417045
2065709035
2099699713
2065326797
2063321419
2105917491
2059452203
2058961895
2058121318
2053541463
2053410673
2053218226
2126049880
2104378812
2100844226
2094151228
2093805343
2087008608
2153016168
2153118293
2115038825
2114069036
2138961683
2079794162
2090871876
2133971758
2072020337
2153392182
2153013646
2150247919
2094631337
2067807702
2062282454
2052451050
2051745114
2051345988
2051253534
2085259428
2083189532
2076121189
2076013655
2075919443
2075772722
2075771113
2075729698
2075634604
2051170212
2075123565
2075062044
2074954606
2074826804
2074761421
2074690931
2074668019
2074422370
2074275604
2074275082
2074256051
2074040955
2073991861
2073944468
2073809801
2050223049
2073806116
2073778486
2073764061
2049178196
2073716362
2073537925
2073416593
2073287751
2048947154
2048906615
2048788439
2047433074
2046958109
2073081428
2093021130
2073004704
2072997166
2072971547
2072894343
2072744772
2072594105
2045375084
2153865031
2072521721
2071970067
2071888476
2071629167
2071536215
2071529893
2071439604
2124496038
2045265622
2045122818
2044942694
2044885076
2044744234
2044426161
2044034360
2153905269
2153902045
2043958154
2043851191
2043731007
2043367798
2153887373
2071389979
2071264598
2071163568
2071064537
2071012392
2070951440
2070774970
2046599258
2043109846
2043052431
2042220767
2041616621
2041584127
2041233224
2040936074
2040266412
2070514121
2070503407
2070260086
2070108810
2040129650
2039413839
2039327340
2039107069
2038448637
2038072569
2037023948
2036982563
2036323520
2036284741
2036126139
2070061325
2069725955
2069611232
2069426415
2069399035
2069183743
2069088877
2068508969
2036037926
2035853554
2089769129
2068499100
2068339951
2035831250
2035789523
2035558279
2035534470
2035473492
2035373560
2035159216
2035073349
2068277989
2067795585
2067231899
2067222232
2035016264
2034978173
2034974652
2034948328
2067212513
2034881683
2034842170
2034717614
2034599143
2034467808
2034392247
2034334603
2034207487
2033291817
2033277398
2067061004
2067043056
2033251150
2066832858
2066749729
2066702850
2066646501
2066561797
2066550815
2066444659
2066281065
2066210653
2066201361
2066141993
2066094535
2066014305
2065757608
2065573351
2033223687
2033090627
2032930578
2065446185
2065439357
2065416307
2065381879
2065322271
2065282657
2065218100
2065194683
2065056292
2064849488
2064763018
2064688790
2064606882
2064599008
2064488889
2064432981
2063936769
2106996410
2063771232
2063696977
2063662028
2063607961
2063570867
2063476516
2063188040
2059721411
2032836988
2032833924
2063077591
2062879149
2062787803
2032797340
2032766115
2062723825
2062669660
2062315034
2062144054
2032523839
2062111530
2061871487
2061373320
2032503748
2032388032
2032384047
2032360234
2032170530
2032115345
2031914682
2031800945
2031623356
2031460927
2031296773
2031141322
2031128856
2031005069
2030843647
2030843482
2061168010
2060874936
2060698858
2060682557
2060613678
2060396491
2060308750
2030694218
2030518474
2030443089
2030255179
2060132913
2030160409
2030136274
2030104931
2030002216
2029759215
2029693096
2029689887
2122594709
2029657166
2060057196
2029611208
2029608769
2060005427
2059929700
2029595687
2029396253
2029323428
2029299944
2059900129
2059712790
2059446276
2059337609
2059030052
2058991157
2058527546
2029082913
2029034705
2028887681
2028761118
2028683706
2028399153
2028254501
2028228125
2058242491
2058196116
2058099989
2028071983
2027715679
2027489929
2027136567
2027079067
2027035963
2026950754
2026444122
2026230267
2026211062
2026175673
2026087376
2026061275
2058044180
2057949254
2057881467
2025918028
2025842161
2025795355
2025708934
2025594350
2025520718
2057880797
2057846009
2057801397
2057681896
2057576691
2057507894
2057488969
2057338122
2057221345
2057127243
2056960740
2056899308
2025503447
2025461026
2056892082
2056796656
2056793633
2025226960
2025175658
2025131609
2056735127
2025113628
2056351656
2025045110
2056312023
2055765909
2055677799
2055634663
2024971797
2024915307
2024604045
2024444430
2024399149
2024309216
2024145540
2024029186
2023997149
2023700474
2023623379
2023480539
2023327388
2023294239
2023294116
2089551207
2023204176
2023120930
2055542305
2055379702
2055293294
2023082712
2022930996
2022919519
2022816599
2022697340
2055289545
2055182425
2055147891
2055115874
2054990640
2022146510
2054742088
2021613273
2021598179
2054720307
2054673939
2054582559
2021575612
2021572264
2054513294
2054467226
2054461921
2021437332
2116850683
2021426378
2054429563
2054059426
2053881579
2053578054
2021323373
2053386598
2021225346
2020815496
2053357055
2053233905
2053223940
2052924551
2052895411
2052844552
2020684891
2020670493
2020635593
2052372875
2052163912
2052141305
2052106160
2052071907
2020616467
2020616151
2020594101
2052060604
2020572332
2020425585
2020148845
2020072738
2052020038
2051993698
2051946911
2051940015
2051513407
2051468168
2020035505
2019939510
2019782872
2019674932
2051219913
2019642854
2019544214
2051088605
2050880401
2050750758
2050749204
2050690620
2050654038
2050576793
2050525499
2050382826
2050342209
2050083539
2050056550
2049589451
2049549788
2049542739
2049429659
2019423641
2019351071
2019304009
2049184415
2049138349
2048901412
2048661690
2048540338
2048304814
2048304556
2048114881
2018899303
2018887723
2047782041
2047716325
2047573999
2047547507
2047311545
2047306095
2047253504
2018606959
2018574050
2047148757
2018568127
2018552827
2018472544
2018471315
2018415629
2018354011
2018235137
2018194613
2046970344
2046895387
2046786172
2046770101
2046751282
2104608941
2018109477
2017899172
2017866893
2017770908
2017704642
2017510832
2046748553
2046369074
2046306708
2046241760
2046212099
2017463623
2017385856
2017378106
2046130226
2045936177
2045719118
2045662461
2045371215
2045360667
2017281625
2045118743
2045059139
2044909754
2044868545
2044851213
2044661009
2044589740
2044549185
2044487849
2017234949
2017231312
2044455935
2044314812
2044136984
2044023315
2091603502
2087573375
2017002507
2016975444
2016621649
2016594112
2016491076
2016311887
2016220417
2016011247
2015978656
2015956545
2015807559
2015670448
2015447692
2015446442
2015385708
2015381202
2015364056
2048344490
2043977711
2043977450
2043549493
2043500593
2043336559
2060616031
2015323154
2015271992
2015149454
2043307593
2043287962
2043276019
2043142832
2014458261
2014321599
2013961393
2013947015
2132769869
2013927413
2013871273
2013841378
2013407197
2013385531
2013241350
2012826761
2012820871
2043137241
2043095384
2043077724
2012679048
2012521424
2012515253
2012179236
2012139826
2012034427
2042945272
2011992916
2042897049
2042828749
2042780991
2042704195
2011555960
2011494575
2011489541
2042656063
2042528615
2011103898
2011097221
2011021718
2010949795
2010608735
2010398127
2010363495
2010197853
2010113997
2010071332
2010051406
2009951657
2009829698
2009814284
2009617936
2009541185
2009406211
2042476303
2094354454
2009351612
2042462538
2042452992
2042155529
2042022100
2042014148
2041898494
2041801801
2041410761
2041373340
2119106965
2041193547
2040993978
2040929698
2040872003
2040750818
2040719435
2121899037
2009331407
2009227770
2009188415
2040660730
2040368750
2040364098
2040237688
2040005098
2039983704
2039778953
2039677761
2039466935
2039386829
2039374247
2039347344
2039208950
2039201546
2039188586
2009136693
2009024017
2008943624
2008928752
2008883187
2008854534
2008834765
2008655341
2008427386
2008397745
2008369702
2008361166
2008269697
2008146883
2007943877
2007940287
2007911674
2007821211
2007656813
2007362606
2007307860
2039187469
2039167897
2038898210
2038718067
2038678659
2038526658
2038508151
2038383915
2038149733
2038021254
2007289986
2037686400
2037659411
2007184015
2006961189
2006943353
2006941235
2006796610
2006753456
2040318689
2037476955
2037465355
2037411251
2006635976
2006605809
2006501088
2006421981
2006421295
2006400086
2006194359
2037271739
2037235343
2036970092
2036783758
2044997204
2006126696
2036557260
2036357084
2036319089
2036315945
2036301668
2036185731
2006014130
2035843315
2005644137
2005633809
2005616936
2005580218
2005352501
2005342497
2005287528
2088318419
2035819957
2035807306
2035698037
2119822655
2035687876
2035605903
2035597361
2035553394
2035210407
2035198329
2005242521
2005091261
2005042411
2004860912
2004834409
2035134490
2035033166
2035015511
2034660513
2034638615
2034581336
2034347153
2004493364
2004430889
2004386247
2034303880
2034146344
2033813107
2033724495
2033599905
2033567188
2033452570
2033343523
2033342568
2033157995
2033081190
2032518375
2127974109
2004121442
2004109582
2004028450
2032444036
2032407551
2003862905
2003755236
2003630766
2003532236
2003437747
2003210308
2003203958
2109106744
2003131284
2032363461
2003081307
2032350591
2032283083
2032147622
2003042553
2002999402
2002980640
2002892476
2002818641
2002818363
2002630995
2002530646
2137356612
2002497359
2002159435
2002116308
2001849318
2001544730
2001529748
2001496410
2001281446
2001265993
2001226023
2032142775
2031830589
2031754885
2031744096
2000999548
2000973869
2000948073
2000895001
2000878427
2000830534
2000782630
2000778908
2031726048
2031724604
2031539528
2031491840
2000544483
2031427839
2031407511
2030976340
2000521840
2000466949
2032655371
2000224876
2000111376
2030847702
2000063215
1999970790
1999786965
2100243681
1999707797
1999641073
1999545890
1999495933
2097461271
1999483514
1999353780
1999256092
1999216455
1999089839
1999061123
1999047292
1998961560
2030801158
2030786928
2030677415
2030615080
2030378051
2030352183
2030299144
2030271284
2030137699
1998867527
2030122259
2030118004
2030000847
2029952771
2029727423
2029586165
2029486381
2029391780
2029350387
2029311963
1998841006
1998833168
1998767983
1998652386
1998497495
1998377560
1998315043
1998305860
1998206441
1998149107
1997989021
1997886301
1997851718
1997848168
1997812197
1997781347
2029251977
2029065643
2029036416
1997735129
2028950085
2028873459
2028821299
2028663178
1997649062
2028631271
1997427932
2030814660
2028418748
2028331054
2028293714
1997257573
2028127266
2028088621
2027889506
2027780461
2027777010
2027551354
2139297754
2027526017
1997189761
1997168406
1997167748
2027371103
1996783851
1996764090
1996636305
2027284828
2027255850
2027232064
2027225866
2026885915
2053701275
2026878746
2139465591
1997021988
1996452452
1996183637
1996178335
1995813186
1995756344
1995723421
1995702123
2026849286
2026706930
2026669879
2026652841
2026487683
2026370422
2026351062
2026144794
2131351704
2026107929
2026043603
1995652549
2025753563
2025700900
2025485100
2025435133
2025289688
2025008630
2024980393
2024875851
2024802261
1995615085
1995581347
1995530918
1995518121
1995359698
2115056113
2075306702
1995334288
2024577383
2024427268
2024222712
2023717204
2023473442
2023391415
2023067793
2023042554
2022942477
2022842640
2022766621
2022716649
2022613314
2022480572
2022339521
2022218885
2022165763
2022046280
2021973469
2021926623
2021921669
2021898888
2021836846
2021819177
1995302917
1995270656
1995265084
1994958119
1994935935
1994879362
2087827236
2021696483
2021380895
2021166015
1994814600
1994752096
1994701888
1994535348
1994228564
1993939947
2020952439
2020948618
2020881586
2020734493
2020724433
2020655484
1993919752
1993900839
1993861817
2074846559
1993803334
1993709093
2101676629
2020551871
2020469803
2020397766
2020305972
2020248636
2020070165
2019995344
1993565595
1993097548
1993066088
1992994499
1992932419
2019975610
2019966609
2019952812
2019813452
2019676340
2019571878
1992751490
1992741237
1992739606
2019520528
2019421415
2019356697
2019254056
2019228592
2155234007
2019127330
2018977094
2018590226
2018573232
1992550061
1992543768
1992414435
1992394929
1992382471
2018471690
2018471124
1992290676
1992199460
1992195233
1992063270
1991988902
1991971300
2018468095
1991782767
1991747096
1991735103
1991594323
1991374198
1991368632
1991343981
1991111206
1991024626
1990748145
1990544034
1990522540
1990466483
1990438427
1990372009
2059962486
2018326470
2092326193
1990337115
1990171444
1989914130
2018246848
2018215314
2018188057
1989904389
1989861624
2018122440
2018114255
1989699765
1989613729
1989477761
1989459976
2018051141
2018031369
2017703740
1989324215
2017451008
2017409449
2017370552
2017174916
2017121266
1989314951
1989175821
1988990788
1988740787
1988739863
1988372117
1988211898
2016938381
2016917990
2016533078
1988121586
1988048178
2085610210
2016521797
2016494108
2016401488
2016380975
1987936494
2016370337
2016141445
2016089254
2019572814
2016079340
2016074158
1987928316
2016061052
2016013651
2015998357
2015922361
2015898567
2015837123
1987805923
2015803086
2015439580
2015298043
2015297771
2015190502
2015156601
2015124605
1987744684
1987668284
1987629663
1987606283
1987367008
2015068480
2014953201
1987333660
1986973764
1986803155
1986694732
1986648874
1986597654
2014862500
2014751180
1986574473
1986492712
1986482008
2139778826
2014691354
1986355844
2014649478
1986132008
1985992396
1985768930
1985766806
1985616878
1985425848
1985311096
1985297935
1985136245
1985128855
1984949763
1984769169
1984757956
2014547352
2014390451
2014353443
2014347217
1984747962
1984610648
1984522108
1984433057
1984410891
1984176511
1983861808
1983825575
2139911435
1983823844
1983671713
1983460474
1983361302
1983149683
1983108099
1983052857
1983025859
1983024122
1982970280
2014317072
2014315633
2014159270
2013803252
2013711577
2013659134
1982892511
1982844195
1982749621
1982624513
2013615777
2013493264
2013332165
2013764696
2013289478
2013276144
2013076821
2013031598
2013006093
2012718470
2012658015
2012562218
2012553068
2012525744
2012516117
2012436585
2012154911
1982514126
1982368027
1982282438
2140230787
2140297805
1982166140
1982052281
2012141385
2012121851
1981596499
2011809063
2011575479
2011366769
2011256833
2010885412
2010806454
2010756934
2010533341
2010526066
2010463597
2076613818
1981092680
1980980498
1980778916
1980739269
1980546467
1980514035
1980452398
1980404501
1980226291
2010346901
2010332673
1980217445
1980182544
2101091599
1980082264
2010320502
2010294623
2010171062
1979714935
2010021810
2010011957
1979565144
1979398114
1979364270
2009808941
2009720994
2009594931
2009589812
2009274370
2009118533
2009097094
2009006888
2008999058
1979087843
1979085173
1979010501
1979001513
1978644793
1978607508
1978487429
1978427565
2008993079
2008716199
2008691456
2008666984
2008608076
2008596913
2008574583
2008504753
2011985015
1978274841
1978117969
1978032693
1977994683
1977941750
1977916267
1977903613
1977608559
2008423093
2008190678
2007959035
2007886003
2007776820
2007699304
2007519418
2007504162
2007469443
1977525832
1977219442
1977172010
1977039065
1976849533
1976844903
1976819489
1976812853
1976238449
1976098504
2115446365
2007369545
2007213318
2007132960
2007117948
2007106108
2006916564
2006614550
2027255392
2006470498
2006448343
2006416984
2006208224
2005851574
2005794640
2005791429
2005724981
2005670986
2005668580
2005549414
2005321000
2132375008
2005097260
2140506492
2140468631
2089830540
1976027412
2005007399
1975856689
1975853546
1975804730
2004976956
2004951076
2004889625
2004663811
2004499161
2004289295
2004281549
1975767984
1975607461
1975557259
1975332106
1975029715
1974994400
1974921349
2004275828
1974678445
2004213633
1974643605
1974481528
1974405898
1974250539
1974195007
1973890448
1973835984
1973695204
1973605299
1973590669
1973493865
1972955367
2004139764
2004080150
1972665433
2003994424
2003807347
2003779790
2003611794
2003418082
2003246837
1972641309
1972506848
1972472851
1972424073
2003207589
2003032691
2002836992
2002805216
2002558069
2002389306
2002378132
2140759576
2140748733
2140894450
2140784530
2002279245
2002207185
2140777424
1971954223
1971878432
1971842615
1971784362
1971663014
1971649449
1971606094
1971151115
2001654385
2001411522
2001327291
2001141467
1971073952
1971070367
1970969409
2001076656
2001039114
1970953973
1970943282
1970707287
1970395121
1970346126
1969881684
1969879763
1969864738
1969853787
1969749881
2000882053
2000769113
2000661208
2000581152
1969688288
1969448768
1969353201
1969309331
2130977770
2003579053
2000395543
1969134314
2000359268
2000307826
2000295825
2000177230
1999949730
1999918040
1999754995
1999718369
1999660314
1999657281
1999589279
1969034286
1999413851
1999378778
1999375538
1969016497
1969009499
1968924588
1968887329
1999351664
1999284885
1968584051
1968576320
1999224506
1999152740
1999044558
1998949125
1998831221
1998776268
1998723169
2132107819
2044954735
1968550912
1968325721
1968310308
1998677541
1998580946
1998501108
1998051332
2140936253
1997953094
1997634921
1997294759
1968296856
1968031524
1967780629
1967764950
1967742282
1967577271
1967528114
1967395356
1967319394
1967179873
1967113577
1997194514
1997153083
1997079228
1996746602
1996732207
1996726870
1996523170
1996443995
1996398262
2007098511
1996332750
1996296545
1979701695
1966702495
1966682371
1996244564
1966682347
1966649233
1966421906
1966351643
1966328896
1966241937
1966240186
1966201025
1966159928
1966077377
1966047525
1966035549
1965992722
1965957489
1965798990
1965738339
1965674838
1965648332
1965545899
1965494202
1965446610
2155512924
1996132998
1996089614
1996051762
1995871881
1995828589
1995714560
1995614254
1995473701
1995437096
1995362668
1995264277
1995128092
1994907208
1994830016
1994795485
1994704422
1994608705
1994485512
2087884556
1994135571
1994064703
1994054234
1993933683
2095470697
1965432255
1965422134
1965402967
1965260745
1965178944
1965150580
1965118820
1965038057
1964851790
1964841920
2155630556
2096873633
1964797699
1964718085
1964685484
1993812034
1993763976
1993748544
2155628329
1993696385
1993547540
1993500298
1964579213
1993474973
1993407648
1964396479
1964348795
2141250877
1993309490
1993102690
1993089075
2141255776
2027897034
1964088680
1963979072
2141426873
1963969824
2141477367
1963650961
1963615622
1963575604
1963569056
2155713729
2096905753
1993083744
1993063597
1992994777
1963553328
1963509464
1963355302
1963324368
2014141416
1963164466
1966617900
2141543753
1962825900
2141592884
1992901077
1992757287
1992725605
1992718249
1992696680
1985220456
1962775104
1962706607
1962572223
1962194126
1992420019
1992276261
1992235602
1992183563
1962171405
1962023212
1961891106
1961645503
1992180302
1992004146
1991910323
1991839216
1991714599
1991709479
1991584357
1991518637
1991437548
1991366155
1991156112
1991098933
1990811651
1990798937
1990532855
1961604433
1990483795
1990407042
1961596358
1961577205
1961347462
2023056122
1961334824
1961315642
1990392539
1990150182
2030941595
1961092231
1961009912
1960998899
1960887930
1990128503
1990064663
1990026691
1989997056
1989968162
1989934614
1989867527
1960816183
1960700304
1989600208
1989298086
1989060792
1988974349
1988851819
1988825911
1988729981
2156062500
1988662975
1988568298
1988339649
1988276310
1988126732
1988091664
1988086242
2006965526
1969332343
2013629936
1988043504
1987953339
1987938186
1987908557
1987892100
1987867212
2141653658
1960517487
1960468219
1960353644
2141878991
1960271516
1960255138
2156097724
1987857867
1960199769
1987847203
1987835794
1987736578
1987698966
1987637227
1987594346
1987336748
1987271502
1987108694
1986965171
1986829660
1986774312
1986745207
1986648476
1986637920
2014224053
1986324127
1959994668
1959977076
1959944871
2141938497
1959846580
1986023933
1986019923
1985891590
1985889792
1985503045
1959799984
1959711121
1959643133
1959630746
1985325183
1985320779
1985236626
1985132404
1959182049
1959153276
1959097445
1985110964
1984829190
1984747289
1984621689
1984576656
1984572249
1984344007
2142084309
2142082213
2141947252
1984328360
1984195527
1958979667
1958967369
2142287551
1984056002
1983770931
1958938285
1958633692
1958527493
1983708833
1958507814
1958495595
1958491321
1958453290
1958452614
2142437640
2142397120
1958361792
1957867264
1957862922
2015168975
1983538773
1957829797
1983413559
1983285601
1983198043
1983137402
1983096746
1982998409
1982842587
1982700653
1982572339
1957796700
2076700878
2015269279
1957628243
1957616696
1957436826
1957396180
1957368048
2142550418
1957349768
1957317180
1956933084
1956883375
1956816363
1956730385
2142629955
1956460320
1956312786
1956273410
1956027440
1955964628
1955720476
1955654362
1955595805
1955528640
1955336455
1955267817
1955243387
1955191540
1955165145
1954981685
1954971325
1954923642
2142716715
1954903955
2156466997
2156360282
2156258813
1982518077
1982495605
2156635487
1982415708
1982338331
1973437251
1982221001
1982115645
1982020098
2051792304
1981958946
1981921763
2031183457
1992046466
1962345892
1954795458
1954635779
2005817391
1954630980
1954616999
1981811693
1954598306
1981673797
1981601946
2156791509
1954428834
1954421689
2138643249
1981458125
1981418855
1981100780
1954329807
1954236438
1954183995
1954077813
1980815243
1980746229
1980718467
1980496263
1980492816
1980348974
1980343668
1980326188
1980296920
1954012405
1953969380
1980219067
1979889383
1979854634
1979762227
1953566009
1953375275
1953356208
1953312453
1979692313
1953206675
1952931970
1952770372
1952711444
2088586441
1952642287
1952349147
1952311808
2081238442
1979527433
1979462725
1979373211
1979368280
1979364612
1979112857
1978831980
1978790696
1952278722
1951992925
1951891261
1978705561
2070857428
2057118930
1978690852
1978441159
1978323848
1978317130
1978245834
1978158378
2156958618
1977948507
1977848038
1977744369
1977519976
2024701960
1964334237
2157029637
2157029229
2069517531
1977439963
1977139634
1976889203
1976880871
2157124111
1951877592
1951724609
1951472271
2157118215
1951458792
1951137338
2076151209
1950997108
1950956955
1950614745
1976577140
1976474840
1976297401
1976163920
2132435721
1950603128
1950594477
1950542522
1950512851
1950383515
1950132550
1975589290
1949936185
1949858011
1949630607
1975563078
1949613401
1949611920
1949511754
1949340053
1949216611
1949200654
1949034441
1948978001
2137006481
1948843826
1975540928
1975319077
1975299056
1975256444
1975134539
1975089161
1975084572
1948763919
1948667986
1948634170
1974932907
1974882133
1974842828
1974767402
1974717540
1974690486
1974532005
1948618568
1948446800
1974527224
2157323780
1974484760
1974430559
1974258262
1974069595
1973975617
2157405700
1973903049
1948427617
1948331851
1948287536
1973811935
1973722983
1973658034
1973585955
1948101279
1948024735
1947941261
1973343512
1947821821
1947797859
1947718990
1947643661
1947625329
1947545697
1947525984
2127600081
1947522837
1947514157
1973243394
1973188556
1973176768
1973153235
1947428141
1947376120
1947222792
1973136391
1973013684
1972895397
1972873535
1974445006
1972579978
1972555584
1972514436
1947151284
1972431591
1972329339
1972095567
2060773633
1971966316
1971958625
1971870312
1971849424
1971777043
1971664393
2129888907
1971661925
1947054256
1947044013
1946980855
1946863715
1971655770
1971620724
1971326458
1971222669
2072336958
1963036866
1946779626
1971139949
1971045381
1970976050
1970636059
2104027331
1946759837
1946705035
1946700000
1946440644
1946407833
1970199154
1970184006
1970144981
1970137174
1969879185
1969764099
1946392427
1946335425
1946247050
1946158009
1946152171
1946081460
2142909649
1969659943
1969624809
1969549211
1969521199
1969479215
1946033272
1946018508
1945998387
1945848643
1969458864
1969393977
1969014370
1968968889
1968845984
1968809235
1968659795
1945613878
1945385708
1945364050
1968567195
2101114093
2094076464
1945325129
1945208663
1945199926
1968215898
1968076379
1967746822
1967496953
1967468748
1967227225
1967026021
1945156377
1945054829
1945044431
1945037394
1944905868
2029199706
1966969827
1966855040
1966737706
1966685330
1944803062
1944772429
1944594316
1944586534
2157509377
1966524216
1944545159
1966249275
1966238909
1966222818
1944481682
1966221426
1966187600
1966113668
1965891601
1965751234
1965748331
1965621975
1965614103
1965590983
2157711830
1944274871
1965376342
1944244617
1944228269
1944204265
2118103760
1965336229
2021723097
1965275781
1965180926
1965042567
1964880849
1964423268
1964394081
1964373892
1944022596
1944019209
2033418804
1944000649
1989001993
1964133541
1964109913
2106383469
1943807741
1943772317
1943614444
1943599638
1963795471
2157736772
1963786795
1963751659
1963616262
1963544620
1963539096
1963410326
1943533300
1943104604
1943052244
1943008337
1942992063
2040065934
1963396550
1963353616
1975221463
1963263048
1963076637
1942957777
2091739288
1962932644
1942935242
1942934643
1962880497
1962814956
1962743938
1962333559
2157884532
1962329414
1962318751
1962314936
1962215589
2128022279
2038584148
1962181965
2157987823
2158012565
1942920792
1942790730
1942778141
1942657569
1942637284
1942612534
2157974644
1962151757
1962118845
1961873672
1961807658
1942574408
1942175793
1942171010
1942126099
1961747442
1961709091
2158108730
1961675108
1961586812
2158198068
2158180209
1961450921
1961438721
1961352796
1961315026
1961285312
1942100824
1942056660
2143211673
1961127625
1961089924
1961057220
1961040100
2143235900
1960775608
1960687857
1960658531
1941922418
1941856212
1941745892
1941692996
2143337071
1941577564
1941408930
1941396563
1941076272
1940782995
1964696782
1960648584
1960380213
2143408794
1940721090
1940591463
1940562383
1960290816
1960246224
1940517297
2097723303
1939797922
1939760605
1939572650
1939498778
1939376639
1939175693
1939120698
1939045612
1960160888
1960100136
1959996998
2058349996
2143503118
2143527299
1938828422
1938516147
1938413004
1938321065
1959782953
1959662156
1959355948
1959205152
1959170198
1959165343
1958858124
1958851818
1958793156
2143604893
1938293839
2014588708
1938225423
1938169810
1937846262
1937813145
1937775375
1937415755
1937179608
1937022329
2049857365
2008153452
1937018776
2158528370
1958773622
1958737984
2143817677
2143765284
1936942727
1936899584
1936704511
1936342660
1936184198
1936152470
1936089289
2038246400
1958628147
1958557581
1936058433
1935901661
1935899854
1935789977
1958513240
1958422391
1958364837
1958198405
1958119167
1935708477
1935665823
1935604439
1935545383
1935508245
1935364108
1935030214
1935007984
1957747457
1957640301
1957612790
1957582896
1934938794
1934804052
1957565567
1957383776
1957243679
1956764860
1956761260
1947550515
2098347361
1956677812
1956614560
1956609733
1956570008
1956477267
1934801776
2144633305
1956430528
1956315937
2158657146
1956308223
1956304533
1934721708
1934577046
1934550616
1934547106
1934450627
1934420848
1934375825
1934317538
1934253611
1934126916
1934122789
1934044961
1933999221
1933989498
1933955573
1933861285
1933854140
1933772264
1933581383
1933481345
2158887696
2158852728
1956105702
1955963535
1955826995
1955788106
1955578661
1955429185
1933450200
1933386911
1933371111
1933289795
1933279762
2008515852
1955406781
1955216201
1967376512
1954981449
1954696267
1954228369
1954196366
1954167277
1954090899
1954052196
1954020552
1953940935
1953885216
1953769707
1953756039
2060474151
1953744346
1953729718
1953619722
1953412434
1952223016
2037886433
1953260877
1953159928
1953101299
1952885752
1952802341
1952697633
1952638109
1952543681
1952542884
1952354326
1952303412
1933207874
1933032845
1933018002
1932734216
1952235253
1932725864
1932715193
1960243483
1952163971
1952033426
1952029453
1952002839
1951882114
2003021436
1956067020
1944241887
1932616413
1951877050
1932569137
1932488114
1932342664
1932342525
1932184321
1931794534
1931719841
1931550534
1931499677
1931431926
1931029482
1930947521
1930791952
1930673608
2159280014
2159433425
2159431352
1930665196
1930511731
1930340770
1930246050
1930195371
1930163311
2103436629
1930116586
1951769515
1930016014
2144153657
1930004785
1951514408
2101962563
2144215437
1951493296
1951451058
1951293126
1951087275
1951053969
1929963097
1929960697
1929955826
1929836051
1929712955
1950726769
1950672687
1950486759
1950179708
1929643801
1929457635
1929261400
1949932805
1949917600
1949917382
1929226929
1929195162
1929045551
1928593984
1928580141
1949777837
1949646173
1949645887
1949586507
2073851495
1949398992
1949337005
1928474777
1948669487
1948641128
1948414656
1948404790
1928343187
1928337120
1928323090
1928257763
1928224474
1928168897
1928113368
1928022822
2156621254
1975923923
1948198838
1948156408
1927994236
1927954579
1927824333
1927808466
1955878504
1947937648
1947871388
1947834161
1927771299
1927751696
1947759576
1947753168
1947595609
1946979537
1927685265
1927250337
1927169820
1927111687
1926746847
1926601568
1926541299
1926478805
1926370267
1926278130
1926236871
1926187999
2104499697
1946969996
1946847890
1946813828
1946591888
1946500438
1946459385
1946359466
1991635652
1946334764
1946323571
1946111695
1946043533
1946013672
2135927288
1945773013
1945772441
1945556585
1945497328
1945295417
1945015281
2144576616
2144546730
2144532101
2116552726
2063402637
1926181365
1944951063
2029393604
2000181227
1926087794
1926067549
1926061452
1926057819
1926057151
1945288713
1944908984
2159554820
1944309077
1944201330
2142684316
2144649053
1943996165
1943606469
1943509243
1943426257
1943334852
1943227252
1943202393
1943185993
2144597817
2037370027
1926028944
1925978706
2159670988
1943115815
1925978357
1925852492
1943054295
1943011743
1942939344
1995236472
1925761895
1925736753
1925549061
1925522937
1925331880
1925287604
1942932701
1942759763
1942746225
1942643176
1925279271
1925271117
1924975019
1924915933
1924849971
1924778275
2127865008
1942639263
1924717904
1924626163
1924502981
1924459058
1924312113
1924127584
1923851896
1923665779
1923501906
2159715484
1942479532
2144729324
1923151299
1923083123
1922997023
1922897677
1922758274
1922748901
1942465302
2090556799
1922450515
1922357221
1922270925
1922037124
1921871858
1921817648
1921725995
1921609081
1921332324
1921176711
1921114152
1921074188
1921063419
1920995632
1920818440
1920773253
1920767986
1942399777
1942165346
1942026184
1941897878
1920701319
1920598243
1920597005
1920377169
1941742020
1941671935
1941671335
1941616445
1941424675
1941412038
1941345649
1920236343
1920166900
1920165645
1919917689
1919876722
1941128091
1919781583
1919712719
1919668503
2124073077
1940997110
2046245888
1940988074
1940920373
1940857305
1940797291
1919553736
1940379049
1940331321
1919438464
1940244329
1919044422
1919002181
1918986902
1918890207
1918836902
1940217571
1940138315
1940028838
1939832420
1939413999
1939413545
1939333940
1918828272
1939265922
1939252967
1939161928
1938991252
1938979586
1938830143
1938751655
1938748147
2049973062
1938596096
1935326374
1932310518
1918670809
1918523956
1918445103
1918334257
1918159040
1918042628
1917866410
1917846811
1917759968
1917725927
1917546498
2095246635
1917309393
1917257256
1917255049
1917233812
1917193489
1917107475
1931562022
2069773177
1938505898
2160030429
2138803326
1938414100
1938380915
1938360401
1917040122
1916976214
1916887423
1916808618
1916452666
1938325994
1938300086
2043205690
1942505941
1916413289
1916370262
1938288291
2093048342
1915693670
1915527978
1915475379
1915436247
1915337926
1915244890
1915128949
1915068129
1914952731
1914557687
1914334916
1914219336
1914155097
1914042002
1914012176
1913886426
1913838869
1913718194
1913579692
1913339105
2100720150
1938284357
1938264824
1938086228
1937591733
1937480930
1937474978
1937460629
1937417900
1937369577
1913301620
1913261493
2144890947
1913260585
1912974626
1937165755
1937151867
1956249877
1912580002
1937019732
1912532885
1912237344
1912195092
1936936492
1936880128
1912172793
1936798020
1936505142
1912133984
1936401392
1912021341
1936392784
1936330948
1936320751
1911994279
1911830227
1911748105
1935994746
1935959487
1935941585
1911729009
1911671746
1935904148
1935864111
1935848434
1935844111
1935674036
1935638215
1935396501
1911496417
1911421362
1935385828
1935301521
1911409984
1911189620
2160202516
1911150709
1911148786
1911010799
1910999295
1935278144
1935174582
1935022633
1934970628
1934729735
1934551750
1934213423
1934049706
1933987734
1933951871
1933901552
1933760544
1933756530
1933744504
1933674380
1933663176
1933606397
1933411778
2080838339
1933286357
2145019003
1933211975
2145010240
1933203481
1933109830
1932723709
1932706592
1932608576
1932608481
1932604977
1932570356
1932525719
1910980806
2160289874
2093588363
1910828918
1910776104
1910593248
1910408584
1910331567
1910259437
1909966045
1909786106
1909689873
2160504891
2160376146
1932281635
1932118913
1932021703
1909623236
1909447836
1909387120
1909146233
1909079960
1931993320
1931928010
1931840813
2160613780
2160648809
1931692919
1931521129
1909019743
1908989860
1908960981
1908692867
2092943943
2073841635
1931379433
1931248328
1908645587
1908345783
1908103756
1908042464
1907988165
1907963662
1907784098
1907716495
1907679801
1907602484
1907515025
1907438839
1907367289
2141877972
2160725222
2160715568
2145181417
2145158296
2145157426
1907312889
2145265745
1907272442
1907268357
1907037596
1906957805
1906936672
1906828967
1906713101
1906581375
1906456777
1906248949
1931180416
1931144051
1931100197
2145363472
2145333604
1930830827
1930732759
1930731319
1930576545
1930532235
1930516868
2160959654
1930492346
1930480311
1930406977
1906178680
1930185821
1930183653
1930141350
1930059874
1930030243
2116016424
1905922917
1905819302
1905690735
1905609298
1905555268
1905495856
1905462166
2161042342
1929987203
1929853493
1929844719
1929704974
1929345813
1921060292
1905380864
1905340592
1905138743
1905036325
1904816004
1904760943
1929233232
1904708594
1904688023
2063210090
1904591987
1904582043
2014057078
1929189839
1929172754
1929127547
1929121681
1928950411
1928917613
1928902153
1928848853
1928777642
1903874737
1903851643
1903806759
1928772928
1928764166
1903727919
1903715767
1903664319
1903503071
1903343698
1903206117
2130339268
1903162100
1928717373
1928579587
1902939404
1902897607
1902743029
1902708534
1902632923
1902554507
1902455930
1928547091
1928514780
1928413123
2000602732
1928385324
1928376623
1928277826
1927602204
1927571349
2114297333
1902305712
1901858729
1901725378
1927528155
1927468618
1927410351
1901698567
1901553400
1927220946
1977913347
1901528883
1901256075
1911582914
2025210740
1901153626
1901102036
1901038603
1900949693
1900855818
1927148929
1927128355
1926995177
1926810496
1900563180
1900562465
1926774291
1926758897
1900505311
1900299226
1900266888
1900146840
1899819669
1899801792
1899487364
1899438282
1990790393
1899425362
1899411172
1899162872
1899035976
1899017926
1898944831
1898746265
1898693776
1898663808
1898631255
1898417550
1926749971
1926667927
1926356900
1926333036
1926285695
1926255376
1926252977
1926135893
1925627416
1925537211
1925267978
1925182890
1925079264
2145321963
1898370293
1898247867
1898122959
1898097933
1898095603
1898093367
1898081964
1898006634
1897999205
1897989811
1897955123
1897853456
1897643891
2065011452
1897643800
1925030218
1924820777
1924736999
1924667643
1924357874
1924319974
1924142914
1924027892
1897569328
1897296704
1923731274
1923315955
1923253992
1923211745
1923132191
1923063217
1922796221
2001617716
1897248071
1922737560
1922406691
1922243793
1946326856
1897028171
1896970760
1896749407
1896627834
1896616586
1896538947
1896530850
1896523969
2091216073
1896325880
1896183813
1896084285
1896076995
1896000248
2161418031
1926545920
1895924761
1922076183
1895457424
1895404667
1895336759
1895305205
1895296253
1921974611
1921342562
1895259079
1895154667
1921295897
1921294034
2128433897
1895105266
1895088123
1894861504
1921161489
1921118790
1921087042
1921077826
1921077044
1920953944
1894760307
1894736988
1894649994
1894535085
1894466649
1894431324
1894334085
1920552294
1920534824
1920519663
1920350392
1920286172
1920268468
1920235197
1920217970
1920171545
1920080636
1920034201
2143866591
2142081915
1919828381
2092862569
1986774909
1894253483
1894111946
1893871185
1893821217
1893750995
1893709264
1893480521
1893470421
1893270315
1893249124
1893211519
2039541525
1919758262
1919645110
1919585839
1919531095
1919286703
1919263731
1919166426
1918945551
1918791156
1908706995
1893183339
1893089221
1893055893
1918709928
1918676517
1918575229
1892964818
1892903554
1918281609
1918271945
1917957399
1892702922
1917889332
1892394492
1892339253
1892288024
1892235373
1892119768
1892049537
1891951661
2120888685
1917676694
1917438315
2026101580
1917433091
1917376573
1917115612
1916987260
1916915722
1916539143
1916477832
1916315906
1916295876
1891931857
1891688245
1891636653
2080652769
1916273906
1916121050
1916092474
1915990081
1915943551
1915929456
1915909937
1915902163
1915892998
1915824000
1915613431
1915559708
1915488459
1891403839
1891312602
1891100874
1891087926
1890896180
1890745140
1915395529
1915204244
1890603571
1890532133
1890481003
1991983983
1915118677
1915087023
1915034005
1914992626
1914585367
1890362034
1890322724
1890098452
1889977376
1889623275
1914270387
1913987803
1913944052
1913848740
1889418346
1999575460
1935229737
1913742096
1913620875
1913604866
1913478923
1913459062
1913426819
1913050424
1913035407
1912994950
1912950109
1912793932
1912772908
1912594995
1912451878
1912399247
1912347754
1922766946
1889400948
1889346431
1889267175
1889241146
1889142487
1889097642
1889090527
1889022090
1889002663
1888878822
1888863627
1888833638
1912322146
1888599415
1888522709
1912209611
1912172437
1912132669
1912057285
1912017043
1911953686
1911945837
1911888147
1911766551
2079108321
1911741846
1911714516
1911711787
1888469457
1888170489
1888002383
1911604104
1887826125
1911539111
1911498723
1911247007
1911127306
1911084571
1911067713
1887736825
1887604311
1887588365
1887569520
1887513433
1910882822
1910833951
1887479539
1887407588
1887349452
1887141190
1886839471
1910811036
1910567958
1910558962
1910262666
1909921697
1909684991
2005600722
1889589916
1909641580
1909629877
1909502391
1909434980
1909398790
1909344791
2064702715
1909229696
2121154823
1886649739
1886308786
1886136507
1885964484
1885582504
1885532593
1885501191
1885493013
1885434705
2034182593
1909215343
1909193928
1909180949
1909059703
1885307049
1885130624
1885116081
1884957578
2019166996
1908918672
1908749169
1908726930
1908470031
1908445491
1884779505
1884736186
1884557301
1884500257
1884411522
1884241512
1884216202
1884215807
1908203026
1908109268
1884194495
1883983690
1883981018
1917312592
1987009438
1883910231
1883804213
1883792331
1883658434
1883614143
1883482986
1883290131
1908064692
1908018733
1907947853
1907839599
1907795893
1882993107
1907700536
1907685960
1907658283
1907517935
1907475078
1882990939
1907275759
1882746273
1882737803
1882680427
1907272530
1907239404
1882640781
1882549319
1882523428
1882480469
1882289407
1907022486
1907018072
1907005465
1906999545
1906809475
1906780336
2037283309
1906618447
1906579121
1906519811
1906502141
1906487304
1906442925
1906257896
1882011813
1881648482
1881494883
1881446953
1881393132
1881371271
1911839395
1881339768
1881098903
1880955949
1920323233
1915247249
1967588694
1906237109
1906126985
1906053396
1905884952
1905788034
1905729251
1905710504
1905633010
1880935636
1880869535
1880836443
1880757561
1880689188
1880500791
1880355548
1880172140
1879973453
1879959514
2000071469
1905546036
1950841686
1905406281
1879811159
1879666877
1879612195
1879599858
1879595494
1879560066
1905388921
1905230229
1905185834
1905162340
1904974311
1904964714
1904923542
1904864550
2049707611
1943940596
1879488196
1885206924
2086441046
1879418554
1904726484
1904694747
1921511484
1904692596
1904621721
1879411347
1879393908
2145686497
1879124712
1879110707
1879067541
1878972669
1878961531
1878929509
1878815903
1949134687
1904594963
1904497270
1904318635
1904302921
1904286554
1904271979
1903766989
1903732459
1903732428
1903657783
1903656520
1878700858
1903474696
1903458089
1903346875
2024352724
1903330836
1903133967
1903015912
1902728593
1902719952
1902497316
1902494161
1902362424
2052712793
1882394311
1878689851
2068199172
1902308948
1878661222
1878636678
1878143265
1902089511
1901909168
1878041171
1878006169
1877741218
1877626681
1877579005
1877486308
2009257834
1901664314
1949416020
1901660004
1901558422
1901509627
1901330763
1901145624
1900910807
1900840630
1900768682
1900636093
1900221752
1973742570
1938031181
1925813159
1877444759
1877267938
1877255077
1877239843
1877135888
1877116804
1876896691
1876878400
1900160900
1900150346
1900104114
1899901059
1899812301
1899785946
1899731147
1899696904
1899353248
1899193345
1899142437
1930561637
1899082503
2145715529
1876697014
1876571330
1876569058
1876548140
2145840951
1876503009
1876354448
1876284987
1876206901
1875871905
1881530872
1875800209
1875779319
1875567537
1875335197
1875290325
1875212355
1875111423
2145901147
2084176551
1899071760
1898909707
1875078562
1875056146
1874178349
2145895969
1874085133
2145900648
1873854877
1901785266
2146039252
2145982805
1873791711
1873593466
1873559404
1898904199
1898883977
1898879164
1898864027
1898781809
1898702977
1898541661
1898496246
1873450777
1898425235
1898282820
1898202016
1898175107
1898149237
1898144170
2086652666
1898098101
1898078800
2146100530
2146075441
1873412552
1873305595
1873272048
1898030530
1897991627
1897919987
1897868779
1873223784
1873207126
1873201500
1873140827
1873104067
2111429055
1993575745
1897792427
1897777449
1897765717
1897698519
1897684893
1897558858
1897525206
1897451328
1897424511
1897417754
1897187136
1897110203
2058079264
1897093232
1897055253
1897028601
1896822383
1896595931
1896403794
1896173757
1873088569
2003338767
1895996957
1895671725
1895637160
1895571475
1895445687
1977626559
1873075223
1873019637
1872725753
1872678972
1895440502
2139156837
1872574314
1872519759
1872486769
1872360834
1872283604
2025535089
1872269403
1872225410
1872060597
1872045687
1872039750
1871981503
2010271707
1895373963
1895355090
2130863632
1871973397
1871891227
1871858533
1895278812
1895067297
1895057299
1985876735
1871845212
1871731956
1871663231
1894836989
1871555708
1965058950
1871477984
1871472572
1871462915
1871316820
1871305897
1871284837
1894737531
1894708579
1894699544
1894641386
1894638999
1894604249
1871237144
1894551572
1968113537
2018111229
1894541696
1891636262
1870871552
1870858932
1870506822
1870476535
1894459292
1894242335
1894144706
1894117749
1894082341
1893984717
1893564746
1893555090
2124168470
1893525894
1899951844
1870371030
2094771008
1893413199
1893341965
1893214251
1893083276
1893068801
1893064881
1893034233
2146263288
2146243522
2146171517
1892849564
1892768630
1892745363
1892605481
1892568396
1892551320
1892210202
1892157968
1891945003
1891934580
2129311002
1891923042
1891587655
1891509771
1870353573
1870262648
1870254457
2024784379
1870212412
1870205973
1870204344
1870168136
1870151499
1870129834
1870113023
1870053552
1891487210
1891468775
1870049752
1869968910
1891386160
1891219520
1891216929
1869602307
1869446415
1891167272
1890996793
1890983730
1890752904
1890668412
1890602184
1890226514
2146714263
1869329075
1869220201
1869082373
1869074449
1868800525
1868728880
1868387725
1890053857
1889815932
1868212668
1867936020
1867901001
1867885632
1867792258
1889697329
1889649580
1889594534
1889574348
1889544934
1889473867
2146928519
1889291026
1889156369
1889102256
1889019593
1867713163
1867549979
1867543975
1867469622
1888765607
1888761056
1867410586
1888540724
1888512517
1888347733
1888224067
1888209729
1888106358
1888025977
1887974924
1887853876
2147118770
1879768439
1887781538
2160709451
1887778525
1887734852
1887731789
1887674175
1887651059
1887415938
2161562401
1887372039
1887241828
1887178883
1887027844
1886988417
2147234358
1886964996
2068887842
2011878818
2008103441
1867385864
1866872891
1866739949
1866696191
1866650172
2161599955
1866595639
1866546632
1886856113
1886820779
1886781789
1866263661
1866241767
1886645863
1886496342
1886452991
1886328266
1886186995
2146215597
1886029041
1885686967
1885499132
1885454501
2050239759
1972885393
1866129174
1865809367
1865803401
1865735877
1865616162
1865577951
1885450679
1885369879
1865518689
1865319883
1865181420
1889413262
1993958227
1865172885
1865062097
2012194931
1865040543
1865009849
1864637763
1885188656
2131538261
2013470993
1885170776
1885124530
1884938567
1884852114
1884644027
1884621040
1884510294
1884415906
1884365524
1884307068
2041129181
1864636725
1864607200
1864405219
1864307544
1864261295
1884250785
1884100947
1884087033
1864256570
1864089273
1863966651
1863911431
1863788584
1863726527
1863582609
1882317246
1863368939
1863313464
1862880825
1862722309
1941199663
1862721621
1862587319
1862452877
1884045269
1884040109
1883714703
1883701560
1883673872
1883595316
2147335068
1862452320
1862438192
2147428003
2147386089
1883506540
1862432204
1862221121
1862142809
1862119647
2147471037
2147457855
1895518605
1883413649
1862112357
1862036850
1861926971
1861878917
1861840160
1861539156
1861284776
2117850959
1926779619
1861262307
1941004348
1861234838
1861185753
1998071997
1861111384
1986309922
1883391722
1883343815
1882898209
2070433232
1882746141
1882707047
1882516152
2027986239
2008825320
2087493924
1997656938
1978369047
1882258229
1861053439
1860958595
1860919196
1860883306
1860684191
1860684009
1860637889
1860560737
1860172944
1860096748
1860031639
1859944604
1859763991
1859689530
1859620007
2141275743
2072081821
1859492895
2038180528
2005060701
1898790090
1892538262
1859148557
1858967894
1858929072
1858888020
1858739780
1858714225
2033972288
1882147378
1882094262
1881992762
2031587460
1858534578
1881979339
1881938644
1881886377
1881802025
1881772931
1858385319
1858317367
1858236899
1858163887
1858156315
1858142031
1858063487
1857936208
1857863252
1857822658
1881754392
1881488449
1881342996
1881326048
1881197004
1881145357
1880941365
1880918163
1880819425
1880727485
1880709536
1880684904
1880671431
1880637157
2032812361
1913950339
1880623082
1880583367
1880407841
1880387558
1880309827
1880214450
1880204662
1880133980
1879933799
1879906842
1879801510
1879632747
1879597764
1879454768
1879291568
2147533515
1879279245
2051306005
1879286164
1879135249
1857582347
1857542740
1857417219
1857365462
1879110188
1878937897
1878745014
2147698420
1857363773
1857267653
1857222651
1857106370
1878552870
1878404986
1878392118
1878326456
1877783126
1877760817
1877677081
2147813725
2147769239
1857082810
1857079339
1857033096
1856995296
1856648496
1856543474
1877615335
1877596666
1877590543
1877580699
1877521440
1877490923
1877350234
1877320585
1877296853
1877129681
1876960706
1876830565
1876829224
1876432623
1876324588
2147935962
2070536232
2148003928
1983135542
1876174303
1966915035
1876102922
1876100949
1875919288
1875674304
1875559938
2148077340
2148048911
2148133245
2141968086
1875540598
1875470800
1875465839
1875443520
1875313971
1875268967
1918748769
1856409514
1856385213
1856354049
2148232338
2148195606
1856345600
1856241642
2161938506
2161934381
2073472990
1856217679
2148283964
1856016584
1855952566
1855751146
1855736479
1974497274
1855646515
1855504075
1855467016
1855464385
2148417709
1964694838
1957669213
1875202540
1875117272
2148480541
2148404870
1875058144
1875057842
1874935821
1874620515
1874535577
1874475341
1874390825
1874373863
1874078576
1874050989
1873845141
1873666250
1975294306
2148372474
2125598299
1855261232
1873643461
1873639212
1855258349
1855162748
1854793906
1979851480
1854526603
1854517977
1854414965
1854208201
1873610665
1873555991
1873462991
1873438747
1873402145
1873173532
1873121440
1873110737
1966598267
1872894407
1872812384
1872811315
1872792133
1854129635
1854079910
1853986180
1853956052
1853876761
1853649635
2159290487
1872328556
1872111947
1872101699
1871751685
1871733889
2017938009
1871645698
1853589711
1853548283
1853457691
1853360036
1853358363
1853336096
1853221009
1853096136
1852938906
2162233583
1897886674
1883365485
1871554325
1871525440
1871283844
1871222336
1871065257
1870959737
1870911709
1870904252
1870875156
1870859908
1870804739
1870792194
1852466191
1852409658
1852299693
1852287133
1852150953
2007330268
1870697312
1870582050
1870496513
1870196130
1869798215
1869776483
1869562332
1869491348
1869420582
1869245019
1869106816
1869005401
1868985571
1868890596
1926417281
1852149395
2148863800
2148800851
1852089163
1868711816
1868700081
1868481974
1868463895
1851969750
1927405823
1851734848
1851732988
1851723718
1868411345
1868296321
1868227688
1868224991
1868201983
1851650933
1868151800
1868074343
1851538272
1851350012
1851253846
1850997872
1850903531
1850789762
1850669411
1850631108
1850474151
1850231748
1849960331
1849955687
1849949276
2015575820
1868000173
1867953313
1849776858
1849513363
1849445987
1849356419
1849181385
1849125347
1849060593
1848747541
1848543255
1848521172
1939585239
1848487792
1848110397
1867924576
1867916033
2106532841
1867842376
1848107989
1867794311
1867719353
1867618630
1867552422
1867425707
1867403017
1848019350
1847958119
1847871498
1847739715
1867390412
1867160440
1847665685
1962294127
1847097511
1846885817
1846827506
1846811317
1846475135
1846249868
1846189087
1845808433
1867116771
1845802979
1867050778
1866958897
1866760895
1866711303
1866698972
1866585871
1845744172
1866436928
1866432121
1845673039
1866342407
1866217743
1866009850
1865992186
1865776787
1865739156
1865722556
1865676271
1865533858
1865491613
1865320497
1845402890
1865051361
1921362731
1865034212
1845388083
1845351408
1845228383
1845119670
1845110701
1845014454
1844989167
1844934532
1844893714
1844861936
2078716252
1844773738
2080712460
1864929680
1864713503
1844701156
1844634265
1844523329
1920388759
1844475332
1844350500
1844270122
1844207729
1844130372
1843876369
1864657036
1864633723
1843844470
1843834418
1843742790
1864447963
1864356100
1899772967
1843671670
1864053077
1863689113
1863643531
1863562687
2162460704
1863498422
2130529345
1951808755
1843574122
1843533400
1843333217
1843280531
2162460118
1843153495
1863303418
1863262439
1863166215
1863067435
1862783547
1862456295
1862360111
1842948964
1842755151
1842482662
1842406179
1842381979
1842337452
1842245929
1842064529
2034637969
1939999033
1862344458
1862333892
1862323524
1841989932
1887257527
1862272492
1862051506
1841842066
1841767888
1861992264
1861927575
1861812391
1861797107
1861793907
1861791991
1861737337
1861633311
1861289058
2032276551
1841457634
1841329391
1841320441
1841066456
1841015012
2161538920
1861040885
1944228506
1840831618
1840735120
1861013830
1860972530
1860505552
1860464447
1943064135
1860430301
1860389796
1860322995
1860251127
1860227435
1860142105
1859702871
1859692565
2009494726
1859639169
2077679184
2073295829
1840499012
1840255818
1933207323
1859519383
1859470427
1840122497
1840057356
1839998629
1839908368
1839753707
1839433302
1839348392
1838982857
1838902329
1838788314
1838661279
1859467324
1838629137
1859377771
1838620536
1838480539
1859331683
1859292268
1859244162
1859085274
1858979442
1858677943
1858393174
1858294847
1838298150
1838214909
1837824707
1837723248
1911658232
1837603457
1837499736
1837464141
1837432324
1837236357
1837232869
1837161909
2096233201
1965995513
1909082045
1837071189
1837065291
1858286645
1837061507
1836979987
1836944743
1836918027
1836883594
1836729243
1858219255
1858183605
1858141397
1858117476
1858095536
1858088717
1858049333
1858022352
1857984787
1857867629
1902282931
1857744113
1836427115
1836392907
1836297364
1857728268
1857666811
1857601958
1836100547
1836085942
1836052999
1835961659
1835836288
1835514664
1835359556
1835119588
1882674962
1834940912
1857590009
1857484444
1857462247
1857433804
1857243767
1857194375
2056385542
2006596114
1881481991
1887445384
1857098952
1857097062
1941383488
1857057690
1857033504
1856978795
2029421830
1834897127
1914141719
1856847945
1834797525
1834719363
1834656810
1868128504
1856802548
1856662634
1856647901
1931138786
1834640079
1856578075
1856400385
1856308828
1856217464
1856166013
1855671713
1855600168
1855566137
1855553940
1855543410
1855384676
1855378640
2015529712
1854974781
1854878513
1854838011
1854685000
1854624198
1854569311
1854542498
1854358808
1854164432
1854154963
1854144817
1995611785
1834596892
1834556180
1854132892
1854084530
1853900581
1834500113
2149192973
1834428089
1834343002
1834335576
1834297980
2163234572
1853841011
1853742504
2092010997
1853423947
2163382680
1853387243
1853332676
1853293759
1853272147
1853147692
1852902917
2013499280
1834000917
1954350090
1833910324
1833889199
1833813592
1833804255
1833687750
1833663739
1903744612
1833628682
2149257994
1833618344
1833614214
1833584039
2006628107
2163471035
1852701515
1852675570
1852537382
1852442008
2091129347
1833464624
1833299768
1833166031
1852370435
1852258687
1851914233
1851866593
1851674731
1851616584
1851552445
2163693872
1851528570
1851478146
1851430348
1850819665
1850767921
1850734858
1850559108
1850467892
1850113933
1850072263
1849993515
1849987971
1833045026
1849904291
1880964638
1832925907
1832817852
1832675260
1832651011
1832594471
1832386700
1970257201
1853089560
1849826060
1849559145
2088275420
1832296269
1849525386
1849438117
1849387997
1849128308
1832265709
1832226348
1832162733
1848958077
1832154271
1831869210
1831661643
1831634664
1831394215
1831319493
1831298952
1848878130
1848817143
1848644505
2119783508
1831280417
1848553132
1901400660
1831259190
1831126456
1831104585
1831084858
1848504981
1848448276
1848418973
1831056747
1831008581
1831007429
1830794967
1830789035
1848385333
2063108890
1830771414
2133045901
1848353641
1847844180
1847694738
1847487865
1900498785
1830655216
1939231280
1830532130
1830431284
1913234847
1846977736
1846936892
1846907491
1846889194
1846867546
1846856287
1846832114
1830395641
1830337707
1830256818
1830211894
1830171587
1829996549
1846830722
1846806263
1846799640
1919191479
1829971177
2149423336
2149391753
1829947562
1829868985
1829849490
1829808307
1991124450
1901105723
1846798833
1846685912
2149518452
1829555084
2149544470
2095337685
2044151362
1846676538
1846635856
2149556901
1829496746
1829476368
1829296370
1829052315
1828947503
1828944482
1828942473
1828928835
2017605296
2071620386
1884373874
1846603058
2163745545
1846408504
1828890125
1828883919
1828770161
1828691876
1828482402
1977438159
1828422279
1828342665
1846137628
1846076700
1828207067
1828004137
2005623363
1846037184
1827978134
1827737331
1827581356
1827430828
2163791936
1845969132
1845870354
1845796248
2091109911
1978622242
1921521387
1827422663
1827362695
1827190693
1827135180
1845747443
1845573562
1827026951
1826655234
1826537634
2095782272
1845552547
1845464205
1845311499
1845304509
1845155281
1845149888
2164137996
2164083744
2031672158
1826492909
1826450022
1826113544
1918583674
1826092217
1826083071
1825998483
1825983967
2118675341
1845113971
1825954612
1859746934
1845079720
1988447853
1825938539
1825842933
1825818400
1825721841
1825706924
1825503955
1825465633
1825219682
1845052875
1845040390
1825219618
1824991264
1824730145
1916711401
2149677577
1844770567
1844761808
1844675820
1844648181
2149749665
1844553538
2149816324
1824664825
1824602051
1824495647
2149877099
2149855601
2149843500
1824190680
1824175977
1824160602
1864813848
1844443540
1844246076
1844169985
1844139476
1844008507
1843897336
1843867221
1843729271
1843619747
1843589723
1843582592
1843581631
1843292839
1843238585
1842829832
2164529232
1842808675
2079344984
1842797335
1842700956
1842651980
1842619475
1842563222
2018160660
2164609715
2164603922
1842479413
1842310362
1842287162
1842175431
1842173228
1874778281
1824053616
1823956870
1823850307
2149957654
1823676886
1823633195
1842072839
1841955667
1841926045
1841792753
2164780778
1841780767
1841669959
1841662730
2044476016
2032104630
1823592826
1823525830
1823486112
2164900273
1841479904
1841420303
2144860083
1823338011
1841080023
1841061001
1841042213
1841024292
1840930427
1840780598
2164932698
1854135451
1823221428
1823117452
1823086760
1823072978
1822976403
2165056743
1822873957
1822804724
2165098082
2165037109
2003462063
1840756996
1840698393
2126623032
1830796405
1822673884
2105455207
1840529123
1840385653
1840367104
1840363537
1840335139
1840139315
1822601818
2048657048
1822492090
1840086690
1839827581
1839807157
2141483380
1839780076
1822389250
1822272746
1822125512
1821908253
1839713984
1839704265
2165446201
1839594949
1839531032
1839457823
1960968478
2165499125
2165580301
2165576068
1839425926
2165586567
1839402043
2050257915
1839299973
1839272069
1839243349
1839193607
1839093274
1838975814
1838949047
1838947352
2055754225
1821874301
1821815831
1838621280
1838609583
1821815528
1821777811
1821768433
1838493976
1838484964
1838337023
1838185112
1838183382
1838062818
1837930981
1821678309
1821560483
1821084073
1821065058
2165929060
2165924429
1837809328
1837748603
1837671625
1837458371
1837368434
1820916479
1820891048
1837191051
1836979828
1836778816
1836725001
1836613842
1836610571
1836576082
1836431418
2025255734
1836417376
1836222945
1820750532
1820705928
1820701808
1820682871
1820537194
1820515794
1820333501
1820295909
1820222000
1820181355
1820128315
1820059155
1820018598
1854293664
1819896164
1819583062
1819429819
2166065739
2166042842
1926952095
1836017540
2166195299
1835996100
1819080825
1818877506
1818785750
2166266057
2166256259
1835970840
1818673817
1835848490
1818661853
1835726370
1818605908
1818490379
1944702662
1858319559
1818325685
1835670214
1835644200
1835570587
1835565227
1835279846
1835075599
1834871287
1834679748
2091795330
1818306463
1818094479
1817923316
1817646893
1817543586
1817452657
2149990409
1817399527
1817189138
2150048147
1817185789
1817165829
1817129087
2150109364
2150187818
2052608472
2150316672
2150203190
2150155410
2074399075
1816999498
2120868107
1931566584
1851604035
1834672881
1834639770
1834442051
1834440268
1834302561
1834265405
1816746245
1816745741
1816712260
1816668865
1816491667
1834260589
1834197187
1816476505
2120260102
1816412408
1816323660
1816287138
2105849677
1834197075
1834139565
1833950691
1833782464
1833652118
1833582968
1833297435
1997144008
1816161224
1816102728
1816038822
2166619251
1833184488
1833100118
1815840812
1815675919
1815673831
1815655510
1815635076
1815556224
2150504613
2166692904
1833083729
2166703853
1833070757
1832964890
2166789811
1832950022
1832949611
1832914237
2150604319
2150603356
2147692284
2026370398
2037549036
1920487814
2150580582
1815468447
1815300156
1815139349
1814901741
1814735932
1814640513
1814580870
2018928019
1832690957
1832477665
1832401928
1832189034
1832162762
1832157952
1832011028
1831970216
2006528366
1831756859
1831676941
1831615041
1831613148
1814390726
1814365907
1831592723
1831336673
2074368478
1854934684
1814363265
1814147504
1814105025
1814040388
1814003463
2151015595
2150960391
1813991026
1813902850
1831290737
1831258314
1813879514
1813834857
1813720157
2013481011
1888287988
1813702180
1813655130
2151148105
1831161927
1831053154
1830894125
1830810138
1830793943
1813609948
1813598205
1813512178
1813434943
1830718065
1830619008
1830563651
1830553628
1830457251
1830434118
1830371047
2094266321
1813290296
1813243133
1813139226
1813059988
1812889768
1812807039
1812739949
1812681315
1812531599
1812519841
2031325489
2106413274
2151330869
2151273024
1812483719
1812434879
1830187057
1830114260
1830080380
1830049609
1829961920
2151403151
2151394407
1812321804
1812314215
1829948391
1812227313
1812226216
1812215897
1812062641
1812017769
1829902219
1811953235
1811805453
1811801573
1811757386
1829805319
1829768578
2151600656
2151659786
2151579093
1885016806
1829618973
1829445978
1829417537
1829248489
1829248197
1829181135
1829077130
1829067723
1828892879
1828461807
1828444290
1828337338
1828288031
1828084972
1828041548
1827958729
1827887677
1892422300
2032080710
1843465576
1811511345
1811465235
1827871114
1827643482
1827602201
1811461974
1811337319
1811329827
1811294486
1811036060
1811013364
2008708256
1810985833
1810668754
1810655819
1827563280
1827146053
1826899688
1826862239
1810512569
1810410656
1810382330
1810304693
2038683313
1810154439
1810141122
1810063647
1809699277
1809493775
1809490445
2001464975
1826586053
1826488479
1826357333
1858831393
1826306520
1809419284
1809414564
1857900067
1866318689
1809218344
1809207779
1809140513
1892890246
1826247256
1825953498
1825933452
1825922660
1825843362
2093877296
1825770544
1825770092
1825710791
1825514244
1825476298
2151800941
2151789698
2151774717
2087965112
2151925851
2151896938
2166932015
1825410274
1825381504
1825322570
1825306892
1825293101
2151977010
1912328332
1809054583
1808808112
2167193580
2167149010
2167145388
2039653987
1808768169
2099107641
1825287575
1825285821
1825275798
1808710933
1808527183
1808356724
1808156625
1807946591
1807767031
1960228856
1945843522
1807752441
1807567880
1807331829
1807321833
1807127007
1807125740
1807000679
1806858516
1806342749
1806300629
1806110387
2016633160
1825158368
1825071872
1825046557
1825004073
1824802929
1805950599
1805782119
1805741837
1805734129
1805328845
1805320637
1805270178
2131860733
1824788257
1824776452
1824773749
2041753608
1805157345
1824763175
1805082449
1805053951
1804908387
1804761743
1804632346
2152903335
1824549509
1824527056
1824271059
1824169324
1824140102
2115077849
1804479431
1804309261
2079937535
1823893142
1823812251
1823788244
1804252595
1823765395
1823646189
1804006617
1823552642
1823477088
1823337515
1823313356
1823311764
2102048562
1823292300
1823221524
1823057127
1822997892
1822914134
1822798855
1822775481
1822654138
1822522831
1915555103
1803944177
1803923499
1803884252
1803698920
1822153012
1822145076
1822135583
1803657781
1803653267
1803585283
1803539664
1803463909
1822105233
1822044676
1821967339
1821207076
1821195145
1821117138
1927415363
1856666289
1820676447
1820447274
1820243599
1820199348
1803304493
1803255162
1803160417
1959313513
1891850016
1820177335
1820169520
1820098293
1820063647
1819875365
1819824249
1819667296
1873106185
1821145900
1802923442
1819642791
1802759065
1802669797
1867623611
1819581940
1819565538
1819474874
1819172535
1818879577
1818427795
1818230895
1818149735
1817913029
1817837559
1860548949
1817720011
1817649736
1817640827
1817611400
1802576488
1802563319
1802491551
1817494809
1817396473
1802359547
1802353671
1802338607
1802323194
1802319401
1887030793
2053060679
2001088698
1828125341
2152655394
1905173987
1817376805
1817360762
2152742150
2152725759
2152641311
2152640698
1917960951
1867870827
1802315305
1802264261
1817351738
1817236193
1817142433
1817066423
1817058179
1817030840
1816975685
1816629316
1816623650
2152857768
1816564378
1816457105
1816259312
1816207728
1816188708
1816108281
1816088764
1815893476
1815881580
2152904217
2152840411
2166111411
1815743312
1815576962
1815391048
1815371863
2106217876
2009273697
1815357857
1815309425
1815280301
1815255488
1815179322
2105776282
2025266047
1849244822
1815128779
1815074353
1980814928
1814942283
1814872187
1814803932
1814706342
1814685065
1814671085
1814666362
1814415065
1802204219
1802180391
1896594767
1802058069
1801984451
1801923714
1801645177
1801534088
1938671128
2150858064
2057505728
1814345253
1814239517
1813940181
1813924168
1813785978
1813744812
1813696417
1813528264
2153268847
2153265065
1813492988
1813369690
1812982209
1812968017
1812946244
2153143913
1801323896
2030348927
1801160595
1801140122
1801083556
1801080477
2034093865
1801013847
1800906935
1970712102
1812905340
1812781032
1812585941
1812569437
1812567859
2147599736
1812323125
1812270106
1800899447
1800829336
1800569105
1800532040
1800257519
1800131286
1800068188
1799972332
2153295015
1799960920
2089427222
1799884850
1799709874
1799709559
1812112495
1812019810
2125810183
1799697300
1811568565
1811483840
1811459355
1811444836
1811397553
1811321799
1799683043
1799478920
1811263752
1811116516
1811089030
1829473480
1810960514
1810844599
1810722307
1810629351
1810610984
1810496532
2153653603
2153515251
2153502600
1799378321
1799295526
1799134640
1799112450
1810480328
1810475996
1798977795
2153792511
1810352987
1810194307
1810139127
1809959562
1809732681
1809609657
1809578831
1809469804
1809415914
2038245103
1999529167
1798928420
1798853895
1798577572
1809372472
1809361436
1809358626
2153820355
1861628370
1809296448
2161062134
1808808689
1846042026
1808754466
2166662234
2127131477
2081707953
1808722834
1808673346
1808458506
1808410053
1981064428
1964774461
2154033796
2154032605
2153900885
2131063095
2101000460
2092999127
2084796663
1855597498
1833076321
2113077670
1981860818
1981789127
2154132170
1830723426
1808404879
1808167389
1808153082
1834056071
1798526760
1798526127
1911918065
1985118963
1974137210
1807845871
1807821647
1947739519
1839959673
1798187272
1798183401
1798163847
1798021972
1797909847
1797838699
1797450180
1797375722
1797072898
1796883478
1796817286
1796754928
1796721994
1796666233
1796508152
1796504437
1973264551
1807800033
1807723789
1796333863
1796278448
1796097331
1796003616
2118051252
1807711177
1807632835
1807598007
1807538401
1807470081
2095953922
1795718281
1795707379
1795651168
1795376441
1973895058
1795252162
1795222417
1795040034
1794840073
1794757537
1794675133
1794535322
1794331591
1926081411
1794300629
1794208825
2112899288
2154272765
2154226621
2154205793
1793977633
1793936075
1807379334
1807345752
1807202570
1807050752
1806796945
2154317547
2062027258
1793930489
1793863632
1793785252
1793782199
1793614936
1956385604
1895079195
1806787153
1908568691
1824724787
1793317014
1806602326
2154494581
2036004800
2084814507
2011041994
2153455635
1806411244
1806387036
1806376368
1806267578
1806003795
1805981287
1805761137
1805447144
1805420946
1805331520
1805225227
1805065041
2154762023
2154715910
2154592278
2154592067
1805055881
2033102527
2015576247
1950138172
1793004835
1792887523
1792882273
1792864496
2091102571
1805039119
1805018279
1804988205
1804961745
1804772003
1804746147
1804674482
1804666715
1804629712
1804590444
1804498809
1990260499
1792742466
2000382776
1792567188
1792523003
1792421477
1792173835
1792069417
1804494003
2091301358
1792024659
1915831085
1791962045
1898808220
1804401721
1791885271
1791879510
1791699779
1791652369
1791552940
1791534303
1791529891
1791214409
1790986308
1790710758
1804308459
2128182459
1790670150
1790664050
1804084297
1804007754
1803971226
1803765079
1803735365
1939045926
1867167161
1790548306
1790335649
1790238564
1790093025
1790074253
1790003469
1789659624
1803674274
1803556696
1803522198
1803328749
1789352710
1789204251
1789017465
1788749551
1803257725
2136431392
1803244296
1803164802
1803130634
1803036039
1817282350
1788747225
1788739337
1788728076
1788403206
1788281381
1788225596
1788187209
1788133021
1787930979
1787820466
1960878997
1787798678
1802726264
1802563843
2090480832
1787761747
1851785665
1802557567
1787735635
2026059112
1787695016
2086173599
2037122579
1802533213
1802210539
1787638319
1787621049
1787471265
1787469818
2059425175
1787439376
2076566857
1801917591
1787414371
1787233795
1787194276
1787055217
1787044120
1786888948
1786624576
1801772763
1801731248
1801627764
1801277209
1801114082
1786439219
1786405532
1786355078
1786285385
1786248490
1786167955
1786125984
1786119186
1801062377
1800981764
1800686963
1800679180
1800636045
1800533476
1800450581
1800444669
1800407660
1800308826
1800185188
1785928553
1785869846
1785853434
1785821786
1785777072
1785568625
1799934052
1785461473
1785242804
1785218978
1785116495
2167707755
1799845014
1912671028
1799776879
1799685369
2154597354
1785101306
1784943559
1799458344
1799328396
1799080298
1799077655
1784941901
1784940594
2167920789
1798989802
1798771841
1798766465
1798590783
1798467856
1798463823
1798461725
2168057048
2168057893
1784922036
1784883857
1784876193
1784865613
1784765479
1798420277
1798382442
2168149819
2168107074
2127934598
1784699189
1784597548
1798203200
1798121056
1797994667
1797969777
1797955079
1797952674
1797824106
2154892582
1784508765
1784468020
1784449031
1784407900
1993307583
2022352052
1784290083
1783816147
1783626953
1783584599
1797679433
1783502312
1783379316
1783228551
1783195411
1797546485
1797528476
1797379871
1797360416
1797332463
1797059172
1797056393
1796951800
1796875169
1796838138
1796806612
1796579787
1796484154
1796471642
1796157415
2103902085
1783022298
1782969824
1796154805
1796146744
2168206109
2168203963
1796125670
1795982985
1795972882
1795758531
2168423175
1821952266
2168436858
2155113373
2037308515
1974651613
1922887957
1796365677
1782820847
1782684577
1782590416
1782457635
1782281562
1782214996
1782044618
1782010193
1782003821
1781922471
1781730034
1781679165
1781530072
1781308769
1781258247
2161785884
2155239830
2155157493
1781178005
1781126904
1781036057
1780883067
2168582274
2168564314
2168525281
1812600495
1795658429
1795569677
1795287556
1795016101
1794934039
1794822368
1780875926
1794667173
1780723812
1780712903
1780653160
1780639515
2155268284
1780513839
1780416503
1780304269
1794644119
1794601780
1794569427
1794478938
1794314618
1794098821
2021361188
1794059091
1794020956
1794003234
1912113516
1780262817
1780188001
1780167728
1780118867
1901255688
1847045958
1823335215
1810033596
2155330001
1780078425
1780043784
1780026087
2155361896
2168741327
2168721924
2168721575
1793941445
1793825037
1793634988
1793400314
1793256496
1792968203
1792875512
1792865558
1792780156
1792698467
1792695888
1792583622
2155428659
2043074106
1820426383
1779952193
1779880371
1779866652
1779816152
1779763556
1779668985
1779645932
1779626929
1779617792
1779617756
1779602873
1779589643
1779520539
1779494787
1779434653
1779231001
1779091752
1778989224
1778903036
1778750408
1778689128
1999694775
1792265034
1792207927
1792204700
1778576845
1792174748
1792143069
1792122815
1792034403
1792015721
1778535082
1778484218
1778337057
1792006147
1791992433
1791931545
1795097098
1778303914
1791784409
1791774593
2169135728
1791565939
1778151328
1778070934
1777952240
1777816626
2169297755
2169192074
1989646533
1791398247
1777666696
1777425016
1777321992
1777115219
1776991339
1776940159
1776850719
1776809376
1776785702
1776694554
1776671461
1776656256
1776581896
1776571619
1776289514
1776261427
1776224243
1776159938
1776000247
1775921683
1775810733
1775533677
1775531679
1836672482
1825447059
1791219999
1836657693
1775364508
1775327235
1775246808
1791058784
1790693581
1790669522
1790590848
1790556051
1790481165
1790179087
1790037012
1775164154
1775133498
2050088266
1790020524
1979240252
1789993651
1789972909
1789922987
1775065033
1774864796
1774856338
1774762506
2155772999
1774559466
1774521417
1774330860
1920623452
1789803324
1789754931
2155853114
1789655279
1789610105
2155834279
2064276364
2029966915
2038074267
2045889929
1860734868
1789457556
1789274391
2006929008
1923940737
1786532019
1774263818
1774207159
1774035296
1774024866
1773985609
1773983876
1773976331
1975242911
1863875887
2169491428
1835781799
2108297647
1789243327
1789228768
1789204711
1789128867
1789071972
1773957104
1773912927
1773912037
1773727191
1773605315
1773508047
1773470923
1788725903
1788703531
1788596512
1788575203
1788571535
1788548364
1968498677
1875980360
1772880283
1772840163
2147840117
1772797071
1772742363
1772570923
1788421043
1788297557
1788230209
1788143836
1788095186
1788070813
1772358388
1772273455
1788037041
1787902925
1787498476
1771884069
1771772516
1771726000
1818253317
1787369618
1787285185
1787214919
1771446250
1787158642
1786996390
1786768907
1786447805
1771442441
1771315411
1771065809
1770848691
1770785731
1770757493
1770439018
1786357242
1786351444
1786320947
1786206959
1786164979
1786159861
1786144293
1786035277
1786003146
1785943114
1926990485
1785927450
1785842410
1785838871
1785818220
1785721376
2050006839
1785610388
1785466032
1785369393
1785334074
1784896204
1784766040
2085895818
1960879325
1784668104
1770385798
1770330268
1770321171
1770090377
1769924630
1870853028
1784590868
1784539706
1784466246
1784445843
1784312481
1769541043
1783988203
1783916284
1783877474
1783760817
1783465637
1783448632
1783156452
2169561034
2169551914
1783150841
2169630098
1783024465
2156367117
1812757900
1769495715
1769425573
1769364787
1769361941
1769184197
1768931995
1768640861
2156426080
1768634088
1782986902
1782945853
1768431827
1768197513
2156621123
1768103931
1782937417
1782780117
1782699618
1767768871
2156698243
1767673283
1767629469
1782651980
1941708204
1782618790
1782603224
1782578711
1782445609
1782112710
1782071044
2156768672
1972738343
1781996294
1781986694
1781977258
2033304701
1964529891
1781690549
1781643860
1836355542
1781390193
1781292064
1781267364
1767330143
1767215915
2122358089
1781100787
2061481025
1902125262
1767167258
2061394777
1767083605
2134495571
1766914388
1766890236
1766706768
1766674219
1781091388
1781079308
1781024874
1780804416
2157142108
2157126264
2157086415
2157036887
1825881645
1814781507
1780709899
1780607941
2138560732
1780556080
1766555703
1766435347
1766383458
1765861273
1874155461
1780514175
1932704324
1780371299
1780370016
2001452210
1902649259
1780327416
1780254719
1780085554
1779926469
1779797634
1765839367
1765566781
1765526822
1765505989
2157300678
1765475092
1765438682
1765235535
1779685171
1779685065
1779523224
1779475179
1779322964
1779210351
1779176988
2156489284
2089021293
1849253240
1765133444
1765120856
1779020744
1778904821
1778740123
2042766015
2016459824
1778553572
1765064455
1778534213
1778518192
2157345613
2157491887
2157334440
1765015085
1764946886
1918449252
1764742609
1764741941
2082887816
1777304774
2037222434
2082820754
1995418125
1777193995
1777120021
2124066814
1843685344
1764481967
1764139347
1764077673
1763750563
1984811945
1763686680
1776994240
1776811428
1776766103
1776721317
1776702266
1986304812
1776646187
1946432653
1763625906
1763608136
1763493743
1763465322
1763371058
1989804675
1776531498
1776526914
2157907089
2157819723
1810696778
1763168421
1763062852
1763044648
1762807298
2157921153
1762397189
1762318248
1966068860
1776504741
1776440013
1776014544
1775818936
1775671029
1775643607
1775600714
1775478755
1775341561
1775341360
1775298523
1775182474
2107600757
1762240025
1762115732
1780150019
1762114739
1762037286
1762007813
1775154512
1774760752
1774749739
1881454917
2158095245
1994581780
1993508663
1761906253
2158117708
1761894081
1761718035
1761631157
1761527697
1761264225
1978894082
1761196257
1761194562
1761077157
1761007642
1873831881
1760754347
1760743280
2158229715
1760649881
1774723513
1774684485
1774452560
1774395299
1774257064
1774164234
1774106598
1773932310
1773909117
1773853564
1773819340
1773738794
1776509585
1773593682
1773589343
1773575936
2158334723
1773299164
2117015743
2004074199
1773164861
1773140976
1773125201
1926839701
2158331954
2158309872
2158264653
2158251708
1998807889
1998102621
1932286461
1828245145
1766563952
2151946719
1760561105
1773025485
1773010548
1772981821
1772733617
1772583330
1772569104
2158509500
1760544615
1760364777
2169716736
1760300003
1760071333
1759952962
1759824647
2158557933
1759703592
2112823967
1772558923
1963298334
1759684053
1759574348
1772327648
1772156775
1772104239
2169900251
2169881748
1772041921
1771992701
1771984538
1771927466
1771897618
2101584103
1759492725
1759409475
1771693273
1771532957
1759346933
2012571637
2006606226
1759312314
1771406666
2063451390
1759251711
1759220130
1861274177
1771402247
1771313895
1771271207
1759175047
1759164311
1759067715
1771185628
1759008688
1758812040
1934852055
1770963720
1770891667
1770720186
1770558564
1770482914
1770399079
1877480104
1770386087
1770278491
1770198269
1980202249
1758789955
1758735624
1758573700
2158617222
1758572780
1758451011
2169999306
1770177959
2055896122
1758261953
1758246947
1758070983
1757988493
1995867244
1992071860
1974058316
1757853633
1757797549
1757700194
1770005965
1769590401
1769580367
1769485426
1769355437
1769263409
1846924219
1757414875
2106402343
1782365203
1757413172
1757392191
1757291330
1757231944
1757101131
2158694260
1756938928
1965059705
1768939647
1768928148
1768873923
1768824205
1768585478
1768524937
1768444506
1768317333
1768312565
1995097993
1756763597
1756763104
2072722205
1756680753
1756635748
2158753977
1756618704
1756574455
2158786625
1756532305
1756506831
1756461520
1756260247
1756119068
1755856865
2023026817
1755845709
1768041435
1755845001
1755756712
1755666003
1755665253
1755654452
1755538135
1755426877
1755396096
1755253564
1755240586
1755078114
1755066106
1755024068
1754701306
1754645269
1894866159
1767986127
1767964358
1754492513
1754465605
1754420439
1754391664
1754374854
1767952192
1767925689
1767894753
1767880943
2170013018
1754345679
1767862939
1767722666
1767698372
1767325561
1767110898
1879766702
1767083044
1766939171
1766819028
1754332889
1754276989
1754166659
1766649440
1766486635
1766178676
1766123450
1754106461
1753953159
1753858461
1753682603
1753662695
1753643658
1753556132
2158911240
1753465764
1753329043
1753270918
1753054192
2128645702
1985691562
1753046616
1752865611
1752732935
1752728679
1923875148
1752724954
1752472785
1752396422
1752375400
1752267954
1766013855
1752130120
1752108735
1752016005
1751730100
1751628177
1751609665
1751395167
1751381826
1751372042
2170172199
1765977275
1765814405
2170221855
1765586695
1934123746
2154515058
1765510915
1765379176
1765321432
1751343686
1751241612
1751228495
1751206271
1751088857
1751073707
1751059947
1750885151
1750862163
2131720049
1765147472
1750852674
1897945396
1750779296
1750768203
2159053011
1841419957
1772851543
1750699029
2159106867
1750621835
1971097496
1796921552
1750557264
1750505685
1765093503
1765087829
1765080679
1765019527
1764951564
1764866569
1764784495
1764637979
1764548872
1764335413
1764313723
1764270104
2095865110
1750311890
2087352023
1764224851
1764121574
1763903924
1885724191
1763878724
1750273073
1750241936
1750206851
1750201971
2170352133
2170327175
2015744999
1781308956
1750079544
1766400614
1763674017
1913778477
1763667980
1763042431
1930301052
1763012079
1762970850
1762890301
1762700728
2155362720
1954771885
1900934740
1762638077
1762625247
1762439455
1762158717
1761948703
1761945417
1870374133
1749923208
1749884003
1749877048
1757493087
1749871455
1749804903
1749773309
1945725658
1749568592
1749333234
1749313474
1767788555
1911234630
1749217954
2170576975
1761926861
1749215530
1749181347
1749049877
1749030621
1748920991
1748863429
1748741866
1748710027
1748692337
1748562896
1748488843
1748221434
1748183665
1972378362
1832479147
1817149835
1761876655
1761815266
1761776049
1761714601
1761638239
1761558424
2105142652
1748178002
1748147437
1748024778
1747932618
2087085267
1761542052
1761424872
1747684223
1747250516
1747180916
1747071375
1781836538
1959230402
1746972305
1746885724
1746780961
1746752867
1746710467
1746649708
1746543538
1746518431
2013877403
1761407709
1761334599
1761049119
1760944294
1760895573
1760797442
1760727320
1760590387
1760544432
1760535058
1760486559
1760428373
1760365151
1760347457
1760286351
1760234790
1746461347
1746348955
1759995935
1759970609
1759828578
1759769754
1746156165
1759747448
1759638697
1746057613
1745980404
1745824696
1745631510
1745364826
1745272267
1759528428
1759497911
1745222578
1745173933
1759486447
1759437634
1759362603
1759109513
1758839947
1983333989
2112392271
1758815239
1758735947
1758731127
1758688252
1870407840
2093973283
1869040680
1823733147
1745169937
1745062541
1744826132
1744536122
1744490685
1744408595
2084583045
1744327437
1744254104
1744068666
1744040841
2170914451
1899127204
1743989059
1743921826
1743911690
1743854247
1743763593
1997339441
1830261044
1758668596
1743642788
1758529343
1758427302
1758349176
1758193943
1743619156
1758174459
1757981724
1757882954
1757813941
1757776493
1757714639
1743608101
1939039962
1743536513
1743434711
1743387107
1743361768
1743275079
1743154769
1743130922
1742942427
1742511052
2110983907
1742496179
2171334011
1996280824
2070653083
1742490275
1742239539
1742209575
1742108493
1742093895
1742061931
1742015458
1786878819
1757655159
1921720817
1761119037
1741933719
1741879877
1741853012
1741817256
1741663881
1798732012
1757359331
2068862371
2089091715
2002971315
1757300295
1757238965
1757201495
1988755158
1757170189
1757134291
2013939081
1837395259
1741459552
2005245029
1741281655
1752864110
1741278210
1756964289
1756916067
2055877515
1756776232
2171377520
1756661691
1936599203
1756637867
1756573229
1741096220
1741058164
1740981192
1740958884
2171553522
1756571203
1756468960
1740793375
1756207110
1740650106
1756134939
1863636279
1740321258
1740187869
1740112888
1756064955
1740082345
1739814221
1739738897
1739668002
1739507027
1755808697
1755474962
1755305549
1755196839
1755171553
1754942837
1754940765
1754927664
1754812332
1977584311
1754544930
1754516772
1754513851
1754366316
1754300732
1754277457
1754190460
1754173968
1754143561
2171724429
2171684731
2171651151
1754138706
1753890852
2121999743
2108169040
1962920251
1780253478
1739498482
1739432714
1739301863
1739207661
1739127482
1957311110
1803264651
1739093124
1738955545
1738887877
1738656816
2171778671
1738648204
2054391720
1972580786
1753731767
1753675002
2171873739
1753543175
2171884296
1752609729
1752532491
1752419743
1752282776
1738633468
1836413470
1738591364
1738587760
2172080423
2172051535
2171949735
2152134603
1752181683
1738573257
2172145041
1752095151
1752089047
1752001786
1751931521
1751874627
1751636589
1751483405
1751209175
1751184499
1751177745
1751062674
1750976181
1750930608
1959669824
1738533618
1738521958
1738368524
1738280272
1738053373
1737800969
2172240146
1750875794
1737766255
1750852863
2012440417
1750844999
1750706884
1737710007
2063113059
1737695256
1737515280
1737421756
1737334330
1737314999
1737174088
1737093167
1736819521
1736792962
1736552285
1736528655
1736483610
1736326296
1736048996
1735966316
1735934105
1735822649
1735635496
1735377528
1735329084
1734892141
1734600336
1734503437
1734484015
1734104440
1733988521
2172541573
1733447594
2172486437
2172480378
1935811613
1889471743
1774145776
1733359603
1733200185
1733189248
1733062861
1732882613
1732676754
1732542892
1732504169
1732444425
1750642487
1750589319
1750493051
1747626959
1732379584
1732236913
1731982255
1731974097
1750448447
1750444721
1750440137
1750197569
1750065255
1749943901
1749812934
1749474229
1771869760
1731953171
1731827107
1749445205
1749392449
1749169196
1749067928
1731511084
1731407601
1731196524
1847124191
1749058997
1748905880
1796245421
1748844217
1748826097
1748577154
1748439163
1748370300
1748009880
2100811658
1748009637
1747872153
2057342424
1747808948
1840720772
1964861622
1772288457
1772929340
1747774655
1731112440
1730872461
1747726763
1747718288
1747656387
1730636780
1730530100
2172836749
1747551837
1747531146
1747509577
1747269871
1747217944
1747164458
1746848968
1746769842
1746737940
1730511644
1730482855
1730447682
1746723367
1746700281
1746693449
1730431981
2172934707
1730324138
1730153074
1730095651
1730064930
1730038817
1729849005
1729817285
1729632501
1729505555
1729498977
1729373545
1729343977
1729255986
1729189893
1921230529
1729123808
1728991348
1728975340
1728925093
2141152776
2114092514
1748759656
1746569427
1728830205
1728694012
1728659954
1728373940
1728318634
1746496696
1746290505
1746216594
1746161830
2173142053
1745893421
2103482737
1728316582
1728302374
1728298524
1728278474
1728183930
1728122741
1727911881
1727906825
1727802107
1727762329
1727698380
1727473487
1971763276
1727325323
1727300210
1727281922
1890567688
1745766331
1745640399
1745610948
1745523715
1745423713
2115957816
1727200080
1727140676
1727123705
1727032683
1745352529
1745130309
1745058239
1745021338
1745016913
1727000073
1744889803
1726956616
1726884243
1726809485
1726757488
1726670236
1726650945
1726649201
1726641697
1726559376
1726544304
1726474039
1726255655
2173343947
1877188289
1744879786
1744392405
1744326754
1744243096
2173382285
2173387633
1744180672
1744160834
1744151744
1726250442
1726238866
1726221012
2173498765
2173529645
2108331923
1744041288
1743976626
1743936583
1743770941
1743692903
1743450485
1726167271
1726118548
1743425234
1743193944
1743107040
1742829723
2173550387
1742796796
1742600917
1742472314
1742449051
1742351795
2173642249
1725996682
1742897430
1725767441
1725727937
1725632839
1725519712
1813699360
1725351767
1758644568
1742302789
1742265213
1742241933
1880092828
1742137350
1741959009
1741861789
1741782545
1741725920
1741616655
1725204482
1725169274
1725168871
2103648693
1741588038
1725136678
2173771924
1829673988
1741403092
1741332276
1741213954
1741188546
2035494740
1740951357
1725080538
1725068005
1740827421
2174008489
1725057403
1725052335
1900915521
1740612140
1740603156
2014695345
1914299964
2158965541
2173991747
1740457520
1740301916
1740259664
1725028930
1724944530
2174047610
1740174147
1740158369
1724685340
1724526778
1724271989
1724182642
1724010146
1752430149
1740071592
1739916752
1739916565
1739867784
1723989853
1723835965
1723655608
2159356610
1739860042
1739766816
1739721395
1739695093
1723626485
1723546594
2174381170
1993434285
1739694346
1904262917
1739667548
1739647440
1749589219
1723448809
1723433787
1739486223
1739412514
1739387039
1739261528
2174493215
1739186240
1739142063
1739137786
1738900311
1723396457
1723387623
1723182719
1738633192
1738518609
1738495453
2159557557
1723136753
1722679797
2159626855
1722622840
1722580258
1738438900
1738436760
1738271865
1738209292
1738171136
2159813226
2174521348
1738126485
2159752553
2159881040
1738020756
1737982928
2159718827
1737912614
1737704992
1737574205
1737572551
1737489825
1737423420
2159686995
2159656792
1875255372
1772800152
1737368368
1737227146
1737149513
1737065912
1737048754
1737044175
1736762524
1907195500
1809293552
1784673777
1761150468
1729763971
1897686679
1722509573
1722507483
1722449916
1722166461
1722035853
2094731104
1833703555
1778608569
1736699105
1736641469
1721996179
1721926456
1721911896
1721802442
1721604817
1721565593
2160103093
1721437285
1876214821
1794474590
1736514285
1736456235
1736324387
1736025702
1735882869
1721326491
2008062737
1721302789
1721094322
1721080779
2160180152
1805372637
1720794525
1833150651
1735865767
1735805891
1804926988
1735793882
1720790534
1720720816
1720646704
1720526725
1720388169
1720351491
1720250093
1720132785
1720092787
1735622964
1735604809
2174798861
1720091396
1719975792
1719881623
2160221652
1719879376
1719829712
1719683430
1719652696
1719558260
1849625778
1719266375
1772642260
1718846827
1718820312
2006781231
2174910214
1951686387
1718740450
1718719972
1718634892
2160286035
1718572617
1718407210
1718380646
1718152107
1717873232
1894399270
1900844638
1977078160
1891673017
1776133609
1717630531
1717535267
1717527858
1717473669
1717467418
2155337253
2114586052
1735460476
1735457121
1735212103
1735202726
1735129531
1734959648
1734941688
1734904808
1734878349
1734852680
1734785812
1734665465
1734409154
1734332735
2161714471
1734298424
2002067620
1956937463
1717457098
1717408841
2129177897
2000210602
1717189101
1899173291
1717043031
1717042772
2041085986
1978662321
1785721557
1768183211
1734256941
1734240132
1734145051
1734064444
1734058703
1733930647
1964469428
1815131942
1733782818
1733715080
1733675097
1791394901
1716964678
1716706632
1716686540
1716614436
1716607146
2174986051
2083405088
1895036605
1716510653
1716464123
1716424391
1716404961
2054712359
1716298845
1716291462
1716222939
1749452521
2160520516
1716183840
2160535223
1716085474
1715934704
1715730157
1715684853
1715657837
1715630596
1715539712
1733671457
1733642746
1986366944
1757588948
1715356594
1715284829
1715222496
1715003210
1714881290
1944770860
1714853967
2175413410
1877234098
1733639829
1733602970
1733465935
2175553517
1733395919
1714747632
1714646519
1714311416
1714255903
1714172796
1713900520
1713755824
2175666464
2175622495
1733358874
1733341120
1735132253
1713704930
1713651282
1713633690
1713584947
1713558074
1713518223
2160567476
1933248195
1713480104
1713473906
1713473813
1713448025
1713442905
1713417192
1713382276
1713335631
1713277156
1713190977
1713143664
1713072068
1712601667
1712488498
1712439847
1712109215
2175866956
2175847571
1783932955
1762961192
1733331252
2160730354
1733264874
1733261865
1733155359
1732850581
2176004378
1712103217
1712047663
2135402534
1866370854
1732791677
1732778829
1732724736
1732705743
1732606717
1732594048
1712036546
1711838605
1732186424
2176084266
1732155933
1731950625
1711800333
1711732056
1711381399
2060947441
1731946127
1731909843
1731532314
1731489080
1711338256
1715354194
1711337897
1917096364
1711313084
1711134278
1710795328
1710692545
1710652661
1710648085
1710264140
1710191032
2160924096
1849810923
1731459241
1731193171
1731122936
1731045551
1730946923
1730912072
1730447724
1730139883
1710091786
1710009811
1710008784
1709965738
2019242271
1709906112
1709895841
1709846946
1709768038
1709588299
1709587481
1709509132
2176396898
1826589540
1730106448
1730072168
1730041713
1730022983
1729961785
1729861793
1729764697
1729751578
1729454210
1729284409
2108298611
1729278576
2176679575
2176784609
2176779637
2017514911
1709446496
1709392166
2098330983
1709327014
2176993927
2176960003
2177014397
2176944884
1729262330
1729025420
1728981813
1709304196
1709251164
1709248992
2177068738
1728915905
1728546047
1728491943
1728416411
1728415856
1709230491
1954233419
1709162664
1709143048
1709020469
1708982729
1708911885
2090925813
1728277080
1728262799
1728258000
1708855380
1708844585
1708783968
1708760578
1708622537
1708438513
1708429500
1708094504
1708084102
1707953645
1707804468
2177307001
1728224092
1728194475
1728141761
1727973252
1727860528
1727847244
1707679509
1707575069
1707538899
1707422693
1707365132
1811176514
1707361009
1707159644
1727747959
2177536144
1727590864
2177627349
1707129853
1706803649
1706781736
1706603943
1706454549
1706245357
1706229290
1776983175
1706082991
1826713863
1727584829
2177619113
2177618557
1827732037
1727414347
1727261419
1727193937
2177716017
1727128031
1726948672
2094919851
1706027090
2177824253
2177769665
2177761641
1726795481
1726719420
1726659771
2177895558
1992492695
1705955247
1705911209
1705762918
1705528870
1705394039
1705285575
1705282307
1816381066
1705124914
1704974645
1704862648
1704762655
2128695549
1704731053
1704708152
2103500530
1726630647
1726588943
1704606863
1704601856
1704572613
1726550970
1704524917
1704468058
1726544457
1726377051
1704133284
1703938347
1703814812
1726213202
1726094480
1703765509
1703734795
1703727232
1703618655
1703585193
1725844432
1725556968
1814888756
1725402122
1725352269
1725204217
1725016485
1724993953
1724941804
1724850882
1724737555
1886650709
1703362117
1703293788
1724685209
1724649977
1724627804
1724204037
1724065503
1723980035
1723961124
1846950489
1723957267
1723889212
1723882243
1723252857
1703213033
1703193609
1703119238
1723211171
1723043955
1722914009
1722908952
1703110115
1703030989
1703030944
1702876635
1702666040
1702555615
1702434297
1702182396
2019729472
1702005451
1701989864
1701903835
1701668796
1701664345
1702443848
1722882640
1701600519
1701582693
1701564795
1701521825
1701328704
1701161563
1701157824
1700729225
1700675387
1700649060
1700291804
1747316624
1722851978
1722735568
1700237905
2047274798
1722467021
1722457924
2178200578
2178192741
1722327435
1722324623
1722176252
1721864831
1721828626
1721802111
1890840147
1700119731
2178269629
1828528705
1841399141
1721655026
2067134096
1700053437
1700046236
2178302255
1721526128
1700006821
1699831007
1889011271
1699596721
1721525445
2178329045
1721518200
1721473830
1721472660
1721420099
1699371780
1699264826
1699180697
1699106996
1698972461
1698704210
2178364585
2063220699
1721383685
1952500945
1698646380
1698543923
1698229665
2060755192
2094078632
1738823842
2178451940
1868833014
1703780131
1698106820
1698041644
1916218974
1697971458
1787399679
1697965440
1697893239
1697870264
1697854095
1697723235
1697703151
2178429600
2150673377
1810625434
1721348856
2161281917
1721081957
1721007497
1720734244
1720621568
1720562959
1720468256
1720407845
1720166324
1720160868
1720136909
1720123504
1719779985
1719672499
1719462523
1719431268
1719292266
2178596069
2161414662
2161413158
1719252964
1719184893
2161299329
2161289255
2161198913
2161100535
2127110822
1719183739
1719129898
1719011923
2026632578
1697536541
1871317846
1718870489
1718843047
1697532627
1697508112
1697506283
1697443916
1817421434
1718831385
1953725114
1697391688
1697386704
1697290859
1697216722
1718797778
1718740466
1718683218
1718565824
1718539324
1718460698
1718292241
1718229195
1718222460
2161718292
2161691877
2161490811
2116404703
2161485263
1921679609
1718021506
2086730816
2123728977
1999662487
1718018055
1717958028
1717894210
1717691044
1912138158
1770674752
1719971590
1697028089
1696976858
1696912570
1696891378
1696703747
2179011599
2116370303
1696538513
1717684967
1717529521
1696528811
1696434428
1716903099
1716767151
1716747162
1716513861
1715828709
1715734579
1715625091
1849077101
1715607594
1696378679
1696373940
1696358915
2162136068
1696322768
1696208261
1715563620
1715260841
1695973299
1695894906
2141859570
1715170552
1715021641
1714922467
1714869721
1714865949
2179331132
1701520115
1851561834
1714810935
1714759285
2179354440
1980229296
2153495244
1714691025
1698996671
1695794372
1695751524
1695741738
1989179760
1695711146
1695636061
1695301711
1695279871
1695206772
1695180721
1695132283
1840960875
1714622720
1714600139
1714566185
1714422549
1695075173
1694797858
1714387142
1714358657
1694758221
1694745645
1694639453
1694632476
1714338893
1714273162
1714200779
1714078095
1713999684
1713924991
1713799884
2006308368
1961365849
1694585623
1694433212
1693801263
1693635064
1693351856
1693247568
1693133972
1692961875
1756424661
1692952308
1692857107
2179522489
2179502432
2179415149
2179389057
1719902795
1713752493
1713737754
1713697039
1692694912
1692560768
2179791635
1708341595
1692530048
1692345063
2179786172
2179772369
2179746113
1713640300
1713565716
1713375519
1713372575
1713292059
1692277092
1691859764
1691789491
1691658517
1691656864
1691604492
1691584678
1691527928
1691354722
1691345956
1691309925
1691286860
2180136717
2180112460
2179993197
2179979840
2179956730
2179922333
2171042564
2013903892
1951012747
1946321869
1713127600
2161885513
2152722078
2045334499
1744773528
2180193756
2180179765
2108661389
2015700079
2110105898
1750864022
1713117481
1713091549
1691195154
2161988921
1881051074
1691085058
2162014103
2054100812
1959347306
1810441884
1713048861
1712965926
1712893340
1732300352
1712820234
1712811853
1712667610
1712608236
1711998848
1711865227
1691074115
1691069567
1691059495
2162143171
1690991401
1711366603
1858828372
1711235560
1711215762
1711211709
1711127568
1710806124
1710799129
1710660657
1870722860
1865491579
1712006212
1690969485
1690779727
1690664077
1710579461
1710553787
1710523075
1710374944
1710320312
2043731863
1920040603
1851276663
1995714147
1690376487
1690338357
1690252209
1710177109
1710140550
1710100415
1710027482
1710003593
1709942331
1709907404
1709857103
1709732645
1709683723
1709494053
2063511239
1709462580
1709407857
1709403169
2180470244
1709252612
2180478868
1709232461
1709211341
1709055517
2166455254
1708844301
1708759738
1708632483
1708602385
1708590105
2180573770
1708315405
1708307200
2099509332
1855428119
1690216787
1690111856
2180654374
2180620557
1708295135
1708186313
1708134257
1707911346
1707888361
1707846929
1707810221
1707710684
2180839265
1707623522
2096547989
1690035093
1690008202
1689917215
1689868732
1689780468
2180830805
1707593480
1707365329
1707157407
1706953945
1706871658
1891662129
1744258308
1689780383
1689667043
1689636489
1706820643
1706699965
1706657847
2181004512
1706657216
1706600800
1706476677
1706438389
1706259475
2153491370
1706156820
1705974240
2013263648
2104583359
1689483864
1689464164
1705922258
1705800389
1705745546
1705581715
1705578691
1757300377
1689292833
2162385004
1705578362
1705529285
1910951037
1705522050
1705438690
2181320456
1874090221
1705368173
1689160641
1863159131
1860604909
2045798021
2132983419
2162561085
2004146705
1689118162
1749282600
1705284241
1705233375
1705219553
1705159891
1705159295
1689074676
1688986580
2108410820
2025458597
1704873137
1704687241
1704675985
1704543110
1704493644
1704440018
1928057252
1688835012
1688715121
1688620041
2181466097
2059762572
1688616115
1688584127
2162673587
1688516160
1803141884
1704428557
1704276940
1704174932
1704170146
1704089568
2181534744
1704034087
1703974123
1703820001
1703654226
2162853480
2162749772
2181673478
2181621346
1703528197
2181699268
2162953820
2181728772
1703289737
1703257599
1703231784
1954154502
1901889623
1688357743
2162941173
2162994906
1688211183
1688080489
1687963151
1687869829
1687430282
1907785396
1703180602
1687342650
1703125082
1703106615
1702972876
1702745203
1702614530
1897621924
1702471762
1702390788
2163158915
2163104234
2129604423
1739002817
1687103743
2163292353
1687074913
1687069341
1687011002
2163318923
1702245795
1701960801
1701859883
1866647460
1686914089
1686884940
1686798695
1686726492
1686642922
1686626667
1686586897
1686558617
1701572818
1686519914
1686380579
1686269705
1686257481
1686247495
1686241988
1686088024
1685957186
1685872164
1685845567
1685695869
1685645455
1685611884
1685486955
1685375740
1685190487
1685160608
1685103434
1685051304
2163516595
1857737158
1758978041
1701556953
1701432777
2163582763
2163537328
2163535441
1870913019
1684992476
1900419685
1701375853
1701355787
2163624227
1684573693
1950979687
1701326448
1701260597
1701250855
1701187412
1701093963
1701044995
1700940652
1708999556
1700876955
1700855069
1700748015
1684564391
1684451881
1684409591
1684380001
1837455785
1684346680
1684230600
1684205487
1684118354
1684051121
1683958881
1752962019
1683925520
1683882855
1966246222
1683882584
1683854381
1683839531
1683804143
1700697442
1700633762
1683703188
1683366825
1683339153
1683304799
1683260240
1683257570
1683077340
1683013953
2097465155
1700489127
1700478530
1682910369
1682721914
1737660615
1682673881
1682640875
1900214133
1682386244
1682377716
1823661161
1700068155
1700035457
1699995472
1699958783
1699938756
1699910389
2086391236
1699910184
1682373034
1682327396
1682302810
1682233690
1682168580
1682069244
2150711325
1871077026
2163746396
2163742435
2068366708
1681872458
1681690655
1681686789
1681620247
1765395605
1699780311
1699727002
1699612341
1699408778
1699375056
1699364400
1699253989
1837009079
1681500373
1681434037
1681372993
1681357135
1681343200
1681307868
1681284333
1680994860
1680801523
1680708952
1680696085
1728823692
1699240463
1699180986
1699119329
1699083115
2181898274
2181927335
1680591074
2182133099
2182006983
2182005189
2182125175
1698997115
1698875344
1717283334
1698868752
1698608791
1698525348
1698358840
2067122727
1942809861
1697983817
1697898929
2163930756
1904753800
1688466679
2182257611
1777248811
1697825807
1697808064
1697721313
2094396614
1772010809
1680511456
2182271375
1680385720
1680323981
1680276416
1680184695
2008143259
1680028642
2182361912
2182245997
1679987777
1679864948
2182351341
2046694056
1974251806
1967961337
1715813651
1706248620
1697630135
1697593354
1697575140
1697564515
2182501152
1697451228
1697421928
1697003972
1696948176
1696784400
1696752511
1696553836
2116595771
2164024621
2048481261
1679598371
1679351723
1679215467
1679161727
1679108611
1679056762
1862717008
1679052890
2164267329
1679025474
1678987175
1678975333
1832025597
1795443079
1696470200
1696416161
1696248191
1695882031
1695876196
1695865357
1695842557
1695778663
2058363667
1822125967
1973466309
1695663336
1695558837
2101399872
1695499337
2162266539
1695495848
1678943937
1695437293
1678898639
1695405762
1678898588
1695357987
1695355082
1695232218
1695163479
1695159402
1789613389
1695152013
1695063279
1695025525
1694973234
1694818456
1846856199
1678860426
1678828717
1694791969
1678723362
1678501175
1678492091
1678475953
2149621840
1678470953
1678326146
1678252517
1694758196
2182580911
1677909127
1694581754
1926204606
1694355051
1694269251
1694260754
1694059287
2132179656
1694028951
1693937824
1693720304
2039455037
1693713368
1693421465
1692986531
1692959496
1677776761
1692882291
1692878207
1692870781
1692735799
1677755073
1677657591
1677429497
1677379229
1692687351
1677291404
2073828540
1692681612
1677239759
1677193003
1692622598
1692554835
1692547700
1692263097
1692231817
1692053797
1691941344
1691852218
1691843889
1691757675
1676949690
2182710268
1676711471
1676647879
1676634859
1676607244
1676560659
1676514223
1676451289
2164308498
1676445990
1676433440
1929059322
1791559321
1676066977
1676059767
2079738608
1675960689
1675876684
1675778605
1675718659
1675560477
1675540676
1746288163
1723536359
1691636447
1691590649
1691573981
1691520487
1691486404
1691464925
1691418307
2136689545
2163459927
1691351208
1691255895
1691235507
1691152939
2110499992
2011406448
1675400585
1675336455
1691108127
1690905785
2103599893
1675263264
1690834185
1690589370
1675258261
1675081931
1690442583
1690275513
1690121476
1689854775
1675021376
1674969276
2182784231
1689742239
1689738665
1689728987
1689678738
1689601757
1689476735
1689423616
1689379312
2182974490
2182967265
2182943335
1782667948
1689249201
1768115247
1689207735
1689080531
1688934573
2183063897
1688927060
1782832191
1674842216
1838649253
1674515514
1674449705
1674393722
1674291884
1674279773
1674171458
1673954889
1673947512
2183097729
2183252341
1867763093
1688921314
2103204327
1673891714
1673687907
1673659368
1673622040
1673614034
1673594483
1673492736
1673334008
1673275064
1673226429
1673207194
2183495077
1673185212
1673173320
1672905768
1672735369
1672516883
2183490761
2183393029
2158068577
1672413088
2118760634
1672321287
2183650355
2100421712
1861423275
1768912927
2134014568
2115516298
1672195280
1672113451
1672047853
1834169981
1790781442
1688764739
1671943942
1671755242
1671627776
1671576668
1671574099
1671545842
1688528400
1688376631
2183819463
1688236753
1688217562
1688158026
1687806896
1687788784
1687748546
1687706947
1844855354
1687644720
1687571991
1687533007
2164599686
2164490352
2183981703
1687324668
1687191697
1687052738
1687040198
1686982595
1686963714
1988878135
1671524087
2164726947
1671465898
2033681661
1671416138
1671390514
1671373050
1671256248
1671251571
2164867671
1671237591
1671102875
1670981735
1670938148
1670916848
2164935730
1670431863
1670329045
1670191136
1670122763
2066466269
1984473136
2164993067
1669994136
1669852413
1871230605
1710415305
1701992738
1686861255
1686829700
1686667948
1949078371
1686592476
1686528665
1686509596
1686452885
1686397327
1686275910
1686238775
1686210367
1686133488
1669755044
1669749185
1669661393
1669308972
1669244099
1669184733
1669139493
1668960099
1668886352
1668833877
1668801931
2077681564
1686087554
1685954083
1685911021
1780217443
1685734303
1996453256
1730450846
1668730995
1668728931
1668705418
1668434365
1668361075
1668342105
1668293105
1668240794
1668240006
1668195675
1779138476
1982741035
1685550555
1685511559
1685451250
1685396839
1685378495
1685144567
1685037407
1684852191
1684705051
1726309946
1668102631
1668094451
1776766639
1684595897
1907122491
1684556020
1684461611
1684432775
1684257034
1684183008
1683715284
1763322632
1957714602
1694774916
1725496105
1667930674
1667906082
1683688744
1683542569
1683490980
1667807152
1667785768
1667770959
1909037215
1683481144
1683292825
2023694812
1683164484
2184139692
1683164249
1682733153
1682718762
2184250464
1682469922
2184287535
2184273001
1682377655
2165294538
2165266079
1667758044
1682004383
2184410500
2100783630
1682002704
2165389691
1667210695
1667056771
2165534761
1667045908
1927216161
1681856660
2165612553
2011516052
1666952381
1666906627
1666847881
1666622327
1666498325
1666495221
1666492160
2176433177
1681696757
1666477328
1666317483
1666152421
1681638300
1758606512
1666070232
1666043911
1681583452
1681567170
2057108659
1665995824
1665750474
1665677972
1665484665
1665477383
1665403737
1742763452
1963138122
1681558168
1681426072
2165828389
2165789329
1665364017
1665134553
2165916793
2151248147
1896914335
1681211656
1995716477
1681192194
1781955938
1664949085
1664900337
1664884292
1664791813
1664389051
1664372586
1664282903
1664111779
1942338487
1664065862
1663878210
2166102959
1663823663
1663727202
1663635817
1663382101
1663380400
1663367335
1663338791
1663160303
1663079522
2166287808
2166354002
1662994185
2166359144
1662809091
1662750320
1736018973
1712322182
1681186756
1680951400
1680933339
1680931680
2184494812
1680789277
1951102748
1662687685
1662618159
1662612020
1662519064
2166515288
1662487146
1662417744
1662358131
1662273292
1662180175
1661875503
1661787456
1661600531
1661523034
1793249101
1661482144
1661402300
2184731957
2184691381
2184642469
1855648021
1680767538
1680747554
2184767602
1680742495
1738793630
2159376427
1976615605
1667202856
1661377853
1661339749
1680711540
1867812163
1680673708
1913933333
1680632902
2185006464
1680564083
1680555092
1680433277
2166710772
1680206210
2069492327
1872597841
1702710941
1661334537
1919952413
1661101642
1661078149
1661060397
1660887985
1697114476
1910473107
1660839793
1945861055
1719100529
1680159924
1680102551
1679725632
1679512711
1729040390
1660811396
1660805336
1660802436
1660578556
1660433842
1660405152
2166815874
2185025266
1895147760
2166839168
2166895890
1660356697
1660027706
1659998082
2167008121
1659928688
1659716869
2185186541
1783964004
1659478564
2185120467
1752403507
1749819548
2185142648
1700352583
1659416725
1659414923
1659269895
2148972329
1679476240
1795611801
1679382116
1679377669
1679271514
1679228252
1659250304
2126995041
2185140929
1844755026
1678952026
1678948393
1678823141
1678794096
1659187058
1659060784
1658925601
2065317210
1658736971
2185298556
2185341109
2185321936
2185297386
1678741596
2185360984
1678718719
1678604729
2185461674
2167260704
2185442964
2185538871
1969857107
1678472928
2167476204
2185637072
2185571143
1820059247
1678422408
1678416642
1678372466
2167512420
2167216881
2089476042
1944809237
1658714832
1658703893
1658698569
1658656842
1678333805
1678270428
1678116435
2107161412
1678002694
1677964364
1677963879
1677842992
1677786074
1677670125
1677620836
1915893611
1754698316
1658592065
1658256380
1810322628
1658255242
1931664646
1658213258
2179886971
1677459323
1677344954
1677199092
1677170216
1677055858
1676947895
1658130991
1657942923
1657833272
2185696033
2185694329
1676928049
1676524459
2185728964
1676260359
1676241223
1676227440
1676195961
1676081720
1675744338
1675670147
1675546832
2185769674
1890904321
1675456131
2185863081
1675374584
1675311831
2167720554
2185945058
2167756544
2152582176
2185945005
1675211168
1675042548
2186023324
2138713113
1657701187
1657694493
1778947765
1657513237
1657437082
1657322865
1657284172
1657178803
1657026075
1656899133
1674987995
1674981132
1674914280
1674599571
1674597215
1656753904
2109470593
1888262778
1674527458
1674519505
1674441929
1674435024
1674430013
1674330279
1674277831
1724954789
2108092860
1685146550
1674009575
1673910728
1673907712
1673507334
2104018156
2030012607
2029072067
1656616482
1656601216
1656538105
2167903103
2167882976
1673501402
1656448621
1656443172
1656190417
1673496125
1673451424
1656162440
1655949371
1655910556
1655899852
1655572913
1655519493
1655458533
1655375942
2186331756
1673303131
2186276468
1673299079
1673156165
1673003367
2029780568
1655215898
1672968149
1655158016
1654822898
1654531273
1654483895
1654370859
1672831788
1672798156
1672522411
1739388856
1857144777
1672504499
1672472189
1672444165
1672199686
1672118595
1672068659
1654347423
1654337509
2087725954
1654284091
1654104827
2033483076
1671661675
1671575993
1671566769
1671541339
1671526987
1671432076
1671405445
1671201026
1671073339
1671066115
1653934729
1653811257
1653528973
1653505716
1653481983
1696923984
2156354970
1671055127
1670997840
1670695431
1768514341
2062467082
1670421941
1670394781
1748586252
1653406237
1653273385
1653190343
1653133765
2057316166
2024584842
2186466161
1789402930
2168229452
1670317621
1670294435
2186511485
1670228747
1670217151
1670201532
1670137881
1670062344
1669928429
1669884408
1669637220
2040704141
1652867892
1652704049
1669595271
2167086975
1669373973
1669357095
1652391234
1652361237
1652262258
1652181459
1652160658
1652066279
1651974687
1651897281
1877809437
2075373657
2186659065
2126846536
2186823520
2039604255
2006229651
1786925239
1669356225
1669204611
1763725257
1693068889
1651879993
1651800971
2168355163
1669192280
1669160157
1669116106
1669101282
1669085769
1669059320
2167215409
1651791191
2168649507
2168491618
2168489670
1651631688
1651591541
1746376792
1651583231
1651272863
2168789841
2168789455
1651009337
1668915769
1650920194
2161168742
2085098744
1650789137
1668912543
1650705104
1650684705
1650657660
1650646631
1650182237
1649897912
1668867210
1668813484
1668801151
1668757328
1649707208
1649656623
1668579784
1668536018
1649656593
1649571767
1649457593
1649401793
1649348327
1649217731
2057361933
1678100060
1668432792
1668409469
1668403635
2126651986
2068705005
1675943110
1668201218
1668010508
1667962987
1667957656
1667887283
1667810963
1667787217
2186867856
2169181705
1667684376
1667227801
2060128067
1821426865
1667172720
1808200466
1667059580
1666950680
2169243945
1977896514
1921887052
1649138229
1719993172
2186933898
1668561947
1666948405
1666875922
1666699841
1666655884
1666639407
1666459959
1666312501
1790212282
1684102679
1649079051
1648950482
1648862984
1648854848
1648790849
1758877517
2108027554
1648615269
1648592059
1648430660
1648348911
1648301357
1703479907
1666258234
1666164573
1666121339
1666012637
1665983337
1665887810
1665857895
2100510535
1648294264
1648292727
1648229395
1648072292
1648013540
1647929232
1647859863
1647797648
1647781847
1647656135
1665855379
1665835985
1665818890
1665749010
2066709126
1647647931
1665716200
2018510906
1665698367
1665525180
1665501130
1665222907
1664907652
1664535924
1664535048
1664530887
1664487217
1664398063
1664273562
1664153090
2187100970
2054729644
1647610246
1647554356
1647351500
1647304034
1647147889
1647016431
1646925333
1646853455
1767107523
1865975916
1664152627
1873279001
2187150364
1820913736
1663963807
1663816712
1663727845
2169625478
1663672677
1663632884
1663606662
1663451119
2160484530
1646638061
1663405837
1663326161
1663306581
1825104067
1663193173
1663070880
2187325527
2187322706
1663031515
1662823730
1662766058
2149303065
1679119146
1646578965
1646560399
2169697913
2169746803
2169730021
2169712429
2097590714
2002893784
1662579417
1662421479
1646509119
1646233552
1646092544
1646047864
1645717175
2169871866
2152350977
1645695435
1645614371
1645498056
1645463251
1662310193
1662299136
1662202161
2134799760
2037491979
1803745013
1662184852
1662163491
1740357784
1662103925
2021624978
1708357724
1645295451
1645287655
1645226178
1644987715
1644779431
1644695653
1644516241
1840957011
1644426061
1644418403
1970433231
1898322705
1662080909
1661990027
2164418126
1661961680
1661924421
2112815293
1661923946
1661776619
1661702529
1661641957
1661590840
1661569475
2092806936
1975042759
1955717891
1661558170
1661320826
1661261968
1661234125
1661134267
2070730058
1661099568
1661077599
1644377087
1644200469
1644194434
1644005911
1643964548
1643932866
1643821717
2170006280
2169994002
1643727156
1643718996
1851209290
1661054172
2187421003
1661039836
1660981732
1987265223
1809429727
1643716391
1643698715
1643611999
1643286171
1643268890
1643079984
1642983693
2170072491
2170056885
2170056405
1642977445
1970305216
1937593755
1891443668
1660981680
1660967275
1660957293
1660937229
1660918402
1660906161
1660888090
1660755315
1660754589
1660671545
1660629831
1660354328
1660242887
2035072380
1642895160
1642857949
2046779104
1938525039
1642818511
1971042772
1642784786
1659861466
1659413460
1642731451
2170164077
1642715034
1642574697
1659178530
1659085978
1642517215
1642245407
1945930714
1659033783
1658908059
1658894301
1658850980
1658788931
2109238842
1979569429
1642214461
1642010679
2114225189
1658517145
1658415754
2170385067
1641993667
1641985133
1641958932
1641815530
2170441257
1641785157
1641692811
1658380637
1658358983
1641455353
1641191812
1641125932
1658216599
1641000889
1811854294
1640917616
1694015666
1640873953
1640665687
1640638050
1640630204
1742448193
1640630101
1640610883
1640569615
1640532060
1658202496
1658180465
1658175329
1658139961
1658037415
1657986324
1657916175
1836101288
1640506618
1640475207
1657912229
1657727200
1657722415
1657675157
1929494041
1992324082
1701093239
1657627355
1779704576
2114321795
1759889251
1640404385
1640383585
1640378569
1640291461
2170639066
1640263794
1657543970
1640240959
1640117320
1640076976
1640049915
2170740235
1640021944
1640014677
1800862642
1640013738
1639913977
1639911280
1639277465
1639251645
1639251143
1639225469
1963066867
1639006229
1807190012
2074979119
1657392064
1657363356
1657245169
2031634082
1638957268
1657138161
1638910945
1638897514
1638881208
1638801823
1638788337
1638702355
1808929018
1717754018
1657094434
1638625049
1657078524
1638558829
1638416821
1657051925
1656951559
1837389615
1656623405
1656581572
1656559819
1656423551
1638357874
2170975987
1638286125
1656322004
1638163185
1638090240
1638050647
1656165612
1656148105
1656013203
1655978319
1638003993
1637987823
1637905138
1637618721
1637530593
1637530402
1637425158
1637329387
1637187271
1655853576
1655728375
1775040672
1637177696
1859125811
1636959048
1636913023
1636846666
1636831716
1636765805
1636704617
1636687680
1636258438
1636209205
1636164947
2134508056
2171116921
1852415240
1660272437
1636155834
1636083151
2171161592
1636040416
1928254081
2063561677
1636002591
1636000684
2018043392
1878338321
1770595818
1635902458
1892841555
1693304722
1655701496
1655567777
1655445581
1655346866
1655335441
1964392183
1655260370
1655225635
1655211496
1655134472
1655051032
1815521223
1655040904
1654949623
1654838359
1654812517
1654708569
1689220135
1654677325
1654605651
1654468927
1654445333
1654413708
1654197466
1654179875
1654131315
1653861472
1653728199
2144205332
2001465152
1901079993
1839436719
1788651773
1726301261
1890837472
1680684600
1635797952
1635732074
1635540207
1635371053
1653684324
2022151608
1635365711
1744106222
1635348241
1635282160
1653497981
2171267869
1635271003
1635252309
1635184405
1635147069
1779622047
1653477136
1653472447
1653420533
1634933716
1634921181
2171348815
1634915323
1875112041
1634454095
1634381233
1634074610
1633961784
1747210291
1633940435
1860668205
1653362840
2028894725
1914834858
2171496103
2010497177
1633930786
1633907827
1633799379
1633664271
1683054389
1653237391
1653046052
1652852491
1652845915
1652838075
1652832789
1652756946
1652739105
1652615068
1652557609
1652451819
1633645962
1633384147
1633248048
1633172296
1632958778
1652180872
1738619123
2171789527
2171778540
1632874229
1632663493
2171863624
1632640599
1632561419
1632546861
1632534451
1632499285
1866813487
1996009408
1632440314
1632418789
2143656266
1651956513
1631993482
1631983835
1631958184
1651819285
1651698108
1651681029
1651670962
1651472221
1651419461
1651266263
1651214111
1651099252
1883050667
1745027968
1650997912
1650928272
1650926451
1650898219
2187952239
1650640663
1650549215
1650545963
1631923260
1631915305
1631883811
1631867123
1631805136
1631769627
1631682642
1631440767
1631440442
1631425077
1631309114
1631107687
2105322631
1650510040
1910232899
1631016815
2115597306
1975729081
1685165180
1650465812
1650450975
1650413679
1650174125
1650162419
1985724632
1650057065
1649991946
1649940051
2044195443
1649779241
1630892641
1630831746
1630814941
1828927284
1630726537
1630668650
1630608352
1905338500
1698287919
1663745436
1649737231
1630438329
1630336685
2118242956
1840599427
1630276977
1754658465
1685660169
1649714668
1649463215
1719274411
1714886462
1630264087
2180896812
1649419161
1649404129
2188157831
1990775714
1942055167
1630252273
1899051708
1630157723
1630157027
1630132629
1630101356
1629960063
2067539156
2141712894
1629949274
2158339664
1753885281
1629776023
1978044844
1740468633
1649380812
2138278990
2096109291
1629725335
1649293426
1649005301
1648858660
1648857159
1648772071
1648680626
1648667964
1648643624
1648537602
1648480063
1648406364
1648229759
1817667534
1648118399
1648001319
1999101794
1660348325
1629656331
1629617976
1629582899
1629139981
1628924393
1628880554
1867435414
2171372984
1856741701
1647775524
1647601861
1980492905
1923967457
1647575193
1647421619
1647318808
1647292631
1647263871
1647156753
1647065130
1647008392
1646971303
1628875093
1628793553
1646946039
1646627124
1646519760
1646144586
1646105557
1628748112
1628705197
1628665370
1628641291
1646003853
1645714549
1645647698
1645573776
2188220136
1979478019
1645569563
1741905609
1628421667
1628409216
2123760478
1628287936
1645518314
1645487711
1645382117
2188302131
1645357044
2123086315
1628253116
1628154025
1628058840
1628045756
1628034487
1627971941
1627897288
1627662635
1928721292
1627609730
1627437323
1627411737
1627368813
1627006319
1645263705
1645232399
1645211299
1626495155
1626402919
1645171522
1645154826
1645130698
1644986524
1644960285
1644831957
1644703923
1626353275
1626254554
1626129395
1626085092
1625970976
1625951095
1625847365
1790188858
1785472963
1625847037
1625840516
1625744497
2045194379
1625511073
1625398247
1875474334
1743958042
1644626604
1625255215
1624964539
1624826800
1722692705
1624825509
1624771749
1624754924
1624729780
1624620908
1928097643
1644445113
1644383266
1644253540
2040260741
1644216892
1643707745
1643487391
1643378385
1643335221
1643334055
1643139476
1643070856
1643070627
1643004378
1642997675
1642987120
1642981090
1642844403
2188470505
2188446221
1642828247
1877525591
1867912204
1902442620
1843505337
1806728325
1771775065
1624596932
1624514648
1624512945
2057250064
1642466477
2188565497
1642436437
1642388729
1642379167
1642361210
1624452120
2188732627
1624448601
1624416943
1624263563
1624076448
2111934865
1623918247
1623877016
1623711163
1623691035
1623585703
1642311069
1623559947
1642309275
1641944951
1641899955
1652600837
1623250181
1623225465
1623196122
1623091524
1622929970
1622913072
1622859395
1622713223
1622527018
2188678240
2188646117
2174815351
1641853755
1955820586
1924332939
1622506865
2007346952
1641774439
1641688977
1641346676
1640960857
1640848954
2051033553
1622429240
1640848138
1640690197
1640534298
1698627323
1622407825
1622383016
1622314567
1622307963
1622232589
1965000392
2013786605
1622222959
1622207878
1622148704
1640509707
1748687621
1763423372
1622030982
1621994824
1621747383
1621732899
1683173029
1640195842
1640155847
1874311733
2189058436
1640025909
1639997992
1639964073
1639914496
2172118099
1758059588
1621710316
1621696849
1639765883
1639696320
1639593528
1639523488
2172543629
1639441841
2172444124
1621545042
2189225308
1639395719
1621451344
1621425108
1621282972
2170982750
1621227178
2052568112
1639380543
1639378802
1639362967
2172570521
2006335082
1639287866
1872106597
1639185915
1639183665
2189459039
1638948757
1638937508
2008744795
1854480284
2189449304
1638893144
1638891617
2078065159
1902188203
1783721475
1780055849
2010505762
1851691665
1638798983
1621196447
1638726445
1638446555
2189524613
1621098080
1620951780
2140482957
1620927800
1620860185
1620854789
1620762264
1620658976
1620654383
1620569444
2189572400
1871850720
1654610099
1638368208
2172702073
2189758900
2176009491
1849712117
1730157267
1945434476
1900953434
1866424295
1664736986
1620424042
2189879925
2084318702
1683220157
1638138612
1961046444
1669921872
1620284600
2014680244
1638085465
2076139348
1767936565
1637860458
1695932340
1637663025
1663606339
2172737065
1620108819
1637560700
1637425947
1637308613
1619947244
1619923195
1619829365
2172782249
2172844849
1619828075
2172868605
1908491276
1884003089
1785254938
2162152315
1637245586
2064235944
1637237548
1637086652
1637050693
1637003640
1636865064
1636770375
1619668816
1756120552
1636252433
1636204700
2172923460
2172905269
1636181796
1636139497
2190159108
2190180811
2011074056
1636085317
1636013707
1833382705
1635830665
1635610665
2190270625
1635608701
1635497084
1635444645
1635317391
1631474845
1635275419
1635032087
1634790649
1836310193
1619665545
1619498184
1619386268
1883082590
1634738887
1634669580
1634652589
1619335441
1619332651
1619331660
1634633573
2190417160
1634617511
1634594885
1634370324
1634283384
1634142636
1822160172
1628011034
1619302280
1634070082
1633987307
1619246753
1619206135
1919388623
1619164163
1619127832
1619109346
2189014208
1633886076
1633824512
1633718427
1633538076
1633455400
1633336855
1970913853
1619080106
1619060810
1619001195
1895520268
1618998409
1618782912
1633271912
1633256227
1633191018
1618410443
1670530889
1633131975
1633112500
1632981659
1632886908
1632748002
2190641248
1618361396
2173057385
2173039442
1632595735
1632457711
2044364142
1618178552
1632419386
2190849455
1617935648
1617823418
1617652631
1617337104
2173118783
1617297147
1617231162
1632244554
1632208290
1816657784
2190908175
2140423511
1782329535
1695327401
1798651772
1632147869
1632065834
2173214788
1617161058
2173185553
2173182071
1995826295
1801998059
1797218216
1771554804
1736999824
1631840655
1631766338
1631709152
2173320869
1631619445
2173214727
2173189584
2173165911
1648924175
1617106346
1616994877
1616868948
1685259848
1631545085
1631479669
2034933410
1616592441
1616564220
1631453555
1631343315
1631238645
1631174547
1616533579
1616406386
1616380364
1825631446
1616365450
1616364239
2137677566
1837216218
2024582595
1925057869
1616206759
1615955874
1615839168
1615808309
1615711215
1615352435
1992071144
1615189149
1615133993
1615068584
1748022249
2134336571
1941077558
1659419992
1631110460
1630765663
1630757059
1630733768
2173336597
1926270492
1615054943
1890156765
1630706543
1630620861
1819373963
1630563645
1630530882
2096769165
1955134376
1756621817
1779574124
1640117818
1630467676
1630181917
1630002993
1629955733
1614864010
1614793855
1850574452
1629942700
1629813708
1629790897
1629785573
1629768168
1629732096
1629633648
1629616696
1629603539
1629246607
1629236272
1629174836
1629067931
1628995218
1628964986
1628922485
1628863508
1628751140
1628681570
1628625458
1628574938
1628550011
1628245444
1628120259
1628028068
1627536783
2173538978
1627475833
1627475665
1627365699
1627262193
2029965291
2173466345
2110668079
1837536234
2064904413
1627159347
1626979781
1759331564
1674167315
1614749709
2173656568
1614670749
1626857272
2191299569
1768945851
1670034055
1614593914
2072273842
2173712003
2173792610
2173768020
2173735747
2173699984
1614588268
1614486314
1614277495
1614156754
1614056914
2173943347
2191399255
2191394292
2191333585
1681045551
2191281299
2040625327
1717451919
1613872845
2054420848
1613649103
1613582727
1613544256
1934706744
2191241995
2156581379
1867700164
1810649673
1613510928
2041316371
1873393883
1613219225
1613091313
1771299324
1626731849
1626576026
1626224357
1626156537
1626122513
1626074247
1612933771
1612863074
1612730389
2191429437
1626022791
1625892873
1625700507
2191581395
1625571156
1625495371
1729406111
1612705504
1612615700
1612254339
1612205611
1612127149
1612033088
1975864862
1611961056
1611952263
1884838260
1625479521
1625444120
1611812903
1611688771
1611587010
1611551079
1611389847
1611281517
2178326791
1625366301
1625317924
1625219125
1611097570
1638439995
2130213852
1611074613
1611068807
1610987313
1610963408
1610603065
1625180153
1625166379
1698172676
2077650539
1610480841
1610341722
1610204921
1610103625
1610046801
1609664933
1609657623
1625154370
1625134284
1625059570
1625011619
2174087666
2174007124
1609652849
1609651233
1609629601
1609534567
1609342325
1624981425
1624894341
1609337263
1609213100
1609176601
1609013455
1608954531
1608891308
1608844267
2022226844
2014234444
1969945353
1624772916
1624323343
1624217656
1624091130
2174314762
2174287569
2108690736
1623939809
1608755088
1608616255
1623771553
1623715242
1623671437
1623607696
1623604695
2163976421
1608552907
1608480948
1617267905
1877952925
1623590907
1623398242
1623305352
1608310666
1608306663
2174512483
1608278220
1608222903
1608204640
1976227778
1623296063
1623172155
1623163917
1623115259
1622824007
1622711999
1622678626
1937269245
1608147008
2060432742
1607897233
1607838769
1607801999
1607353989
1607178952
1798414601
1606944223
1606813319
1606787032
1606751901
1606517802
1606306391
1606143332
1606050143
2102389072
1877783502
1622438713
1622436840
1622136650
1622102756
1622088837
1622036722
2146123093
2014513158
1838869566
1621939553
1621925994
1932086907
1621913267
1621891951
1621865815
1621860274
1621737027
1621727172
1621704849
1621664020
1621591105
1621470296
1621341397
1621289713
1621235883
1621175514
1621129935
1621099068
2113485376
1923381988
1715779248
1605892937
1605877043
1605788173
1605696329
1605452597
1605322571
1605261496
1605207807
2174717028
2029577748
1605014844
1881971412
1855916821
2174773881
2071247014
1732957502
1647983175
1604980972
1604943261
1604701341
1604678012
1621065873
1621057274
1620959133
2093632266
2174937672
1604639387
1604462461
2175040143
1604156827
1604073845
1783261854
1949836883
1603952975
1603940761
1603337083
1603335757
1603280844
2162868600
2152562969
2016088165
2175237267
1853586756
1603255984
1603173401
2048645436
1603105455
1603039376
1603010843
1602687850
2125207800
2023589689
1929600183
1716267133
1709637543
1685416002
1620915170
1620815628
1620800690
1602631291
1602422965
1602278619
1602134631
1643417671
1602123271
1602111234
1601723669
1601687488
2147888007
1620740503
1620680971
1620648111
1620643700
1620598096
1620491985
1601665229
1601606706
1601493861
1601360651
2189478632
1920098136
1738264130
1724986983
2057745517
1839527928
1620451952
1620394447
1620366632
1620342129
1958023712
1688727461
1601004034
1600965920
1600943292
1600809475
1600806914
1600756937
2175373956
2069457651
2029315600
2059666243
1768032828
1847955475
1600539440
1600270620
1600218477
1600201983
1600090212
1599935032
1599862179
1599847653
1599769336
1599662457
2175409348
1599614359
2175419184
1599585388
2175477707
2187373751
2184043665
1851980778
1620328036
2175463316
1599455451
2175553647
1599390421
1599284079
2055384632
1849141632
2175721209
2175612317
2040324111
1599239962
1599164501
1598896684
1598861829
1598852991
1598819225
1598814962
1598800322
1598721044
1598718215
2113831721
1620190660
1620025779
1619986977
1619971780
1619909571
2120660186
1598618389
1598526660
1598482217
1619517679
2018979715
1598445991
1619514407
1619488791
1619461530
1619451993
1619444228
2168522376
1597870252
1619297855
2191663751
2191662037
1619121111
1619036858
1678675701
1597815373
1597769976
1597750869
1597735458
1597641257
1728014537
1618913938
1618815852
1619516679
1782734073
1618805280
2191748159
2125633783
1618769977
1618753636
1835837785
1618697651
2051323650
1876572132
1597605548
1597542128
1658125975
1618434664
2098039441
1618425498
1618376504
2047022456
1618299332
1618294048
1618263452
1618205125
2191856179
1597365959
1597246139
1597239475
1597233919
1597227250
1597199101
1618167056
1618162777
1618099210
1618071389
1617935227
1617878853
1772391846
2100328871
1617832666
1617663171
1617556754
2191853791
1617538994
1617451895
1617186763
1617185589
2191967563
1617133240
1616999383
1616953557
1616938552
2064541270
1616907005
1616826257
1616823743
2158038262
1616743029
1616599376
1616555571
1616544921
1616403988
1616397756
2004975075
1850127224
1597158723
1597011586
2192102943
2192068164
2192062545
2192060507
1790763744
1616308975
1616229287
1615978450
1945407467
1597009748
1615811122
1615795337
1615778304
2192231073
1772860040
1596914549
1615635092
2020488578
1615490347
1615457417
1743336325
1596710592
1596642436
1596615991
2192415004
2192383843
2176149457
2192359931
2176092339
2192291207
2003973916
1724146198
1669656311
1615353811
1615348811
1913628917
1615335363
1847534360
1728469559
1596442065
1615192481
1614797808
1866435344
1596374791
1614657803
1614593456
1614544372
1596303765
1596277927
1596273619
1596076697
1614459272
1614293106
1614093976
2176333423
1595951615
1595947034
1614008659
1613998007
1595866530
1595831797
1595823303
2063608926
1595815585
1595694019
1595525714
1778723129
1613962354
1613929463
1613806564
1613652658
1613587364
1613484265
1613483834
2079384429
1595428412
1613448000
1613393620
2176383155
1595275771
1595144249
1595082260
2112152320
1613390575
2192593063
1613263305
1595063737
1595012080
1594715972
2192673881
1882508392
1613059023
1613024379
1612911792
1612892210
1714343408
2192772893
2192767244
2192752003
1674894763
2168112929
1987045322
1954105920
1787651480
1612684532
2192839104
1612674248
2192894578
2192845521
1612514848
2176492532
2110750319
2106377599
1612200721
1612062041
1612020971
1611967853
1611670495
2083555536
1947333432
1719761731
1919882215
1633532530
1851675933
1594596564
1594503721
1594422911
1594411035
1594177316
1611623640
1611433186
1594168200
2176586889
2176578691
1594061176
1594058527
1593780031
1611387437
1593641237
1593549451
1593460783
1593453504
2176645432
1803988830
1730784201
1593349785
1611353439
1611324080
1611260258
1611242368
1611190980
1610754537
1610628290
2007090829
1610355901
2193068025
1610283424
2176907200
2193149391
2176902329
1781161793
1609931101
1609929698
1609910645
1868320360
1740071941
1609896185
2176783272
2176724753
2176715868
2157989625
1707006527
2137868847
1609822895
1609699431
1609674712
1609539917
1609515489
1609354449
1704202921
1613250065
1608702405
1593147330
1593092319
1593044520
2176944273
1593040413
1593021873
1609315831
1932026731
1609297672
1592985511
1592821003
1592609356
1592501210
1592274820
1699131392
1609190396
1609128236
1609105729
1953539091
1609024297
1609019348
2193349851
1706709010
1592241698
1591985919
1591952959
1591865423
2095594538
2092006666
1852288801
2193340010
1608903051
2193411251
1630482234
1608883066
1608854299
1711132561
1591780719
1865799672
1591760876
1591529772
1591439512
1591355586
1591315436
1591308565
1591303240
1591287492
1591282716
1591258061
1591116497
1591083714
2004983937
1591010354
1591006391
1590972824
1590939067
2006329115
1590934691
1734561899
2135283124
1590888623
2092252768
2086315620
1590877011
1590767691
1624343437
1590703669
1590592661
1590399955
1590356920
1970652100
1866759788
1608789269
1608779200
1608623563
1608603620
1608549921
1590332017
1590190395
1590040431
2177387749
1590009320
2105029559
1608483375
1589930659
1589814825
1589782716
1589710906
1589473623
1589215659
1589215291
2177442372
1679252006
2165393507
2132229028
1588965397
2177453002
2090942927
1989900188
1890875018
1919084188
1694788054
1620398579
1588957232
1588770860
1588686097
1588654807
1608447837
1608293667
1604238537
1588529724
1883109975
1608279349
1588471508
1951302512
1608156730
1588392677
1588107461
1588075412
1587983823
1587862164
1608120327
2193612587
1607773748
1607729434
2193674465
1607723352
1607711433
2038506045
1790385281
1607692176
1745987220
1619803762
1587819618
1587810743
1587756643
1587496941
1587483032
1587427604
1587347280
1987933963
1587315187
1607686788
1587091184
1607490024
1975492395
1607400433
2150437624
1608099327
2119000975
1587026763
1586971121
1586857356
1586806771
1586721387
1613238385
1586718315
1586692914
1586489948
2193802121
1607394988
1607267807
2193950089
1946085690
1586471468
1638245892
1586414426
1586379786
1975473184
1893503963
2177562995
2177628211
1648169556
1607106763
1606888284
1991328994
2177604427
2194068035
1606749836
1606685369
1600804893
1586292147
2006686248
1606521220
1860755149
1606468236
1606438725
1606108050
2177761595
2032574011
1960746723
2177859871
1605975784
1605962002
1605921744
1605771291
1605678159
1881836634
1851228469
1586165639
2177892073
1586104147
1586075543
1585757081
1692710348
2145945742
1585707880
1585695365
1605407924
1605387608
1605369452
1605347243
1855214680
1635606026
1605221243
1605191144
1605009481
1604981488
1604921730
1604916372
1604736837
1604684474
1604680155
1604652987
1604570495
1604486298
1604315717
1585643615
1585486567
1585381269
1687180014
1585375059
1585310525
1990874402
2178076419
1585199504
1585196212
2178146703
1585164053
1585009503
1585003641
1584993965
1584973781
1584801111
1584690768
1584576503
2178238097
2031974543
2020125781
1902017947
1810583380
1604294669
1604238914
1604140499
1604003241
1603990984
2178343048
2178231567
2178226415
2178462528
1603893704
2178524425
1584558623
1584520240
1584508131
1584439040
1658905004
1752570559
1584376687
1584330551
2113325952
2102823325
1831741344
1584197538
2178689372
1584024421
1583828376
2025865508
1603864635
1603828274
1603731003
1640677704
1603645940
1603608483
1603585231
1603488435
1603115194
1603073834
1603019729
1602538093
1602350885
1602145152
1602060419
1601936679
1601778405
1601130656
2077620829
1601061328
1601030231
1600923063
1600862945
1600833298
1600821984
1600729672
1600566708
1600557827
1605763655
2178774004
2161676247
2161484296
1929809249
1846467239
2136214410
1878900693
1694595003
2086787611
1971902618
1867449395
1820339124
2189334648
1600340180
1599920836
1796189095
1778008035
1738687305
1599776297
1599734873
1599648004
1599609296
1599559768
1657648528
1652425943
1627041477
1583592288
2194230488
1614994334
1583334419
1583042924
1599521171
1599443608
2178871420
1655291783
1583031229
1599416418
1815914650
1599307154
1884609199
2194343474
1599204524
2058735885
1583018607
1582990994
1582967431
1582827973
1582803132
1582708274
1582677275
1582548813
2178982457
1582496900
1582450445
1582423301
1582405619
1582196460
1582128264
1582048917
2172222768
1581957195
1581670271
1581664215
2179105412
2151182496
1832428753
1953348250
1691982512
1599192897
1783086847
2179161768
1581581261
1581499029
1691238375
1599158592
1599123380
1598986531
2179245033
2008898925
1740310365
1581429379
1581413240
1581329001
1581316484
1964155337
1598709232
1598704563
1598483898
1598420562
1598417850
1598410993
2179434144
1581257575
2053871548
1581217098
2179525394
2048642811
1995860408
1581173704
1581040842
1580807317
1580743757
1760776232
1598220667
1598159472
1598067963
1597924693
1597917773
1580705720
1580651383
1580639976
1597903443
1597901857
1597726403
1597687887
1597597047
1597577684
1597527162
1597417100
1597372409
1633158715
2156688378
1847296626
1774472772
1749617421
1580636185
1580629204
1580586274
1580413365
1580290063
1580143861
1580107509
1580012855
1579863450
1995001432
1597253923
1597177528
1597107251
2179575895
1596928869
1596889671
1596823604
1743100260
2179546383
2083015817
1579815363
1579681621
1966347422
2055467125
1766713222
1579626923
1579601316
1607949738
1579336781
1579278489
1579249705
1579153400
1579143633
1789528938
1596749656
1596609605
1596588943
1596544239
2019152063
1596524983
2150904023
1838743241
1596504233
1596365624
2179932571
2179932505
2179952010
1596236176
1726181041
1579120840
1578902101
1578822373
1578788541
1596202829
2083838315
1819090831
1578772252
1578659560
1597342837
2180086911
1578313048
1578180938
1596046613
1596041671
1595805707
1595535083
1595534360
1701499903
1577984946
1577875049
1577680778
2180149260
1577488605
1577344325
1577242599
1645909839
1595527252
1595332711
1595275721
2030244341
1595256952
1595216627
1595200813
1595193811
1594946741
1594675996
1594551277
1966491385
1577138772
1577118602
1577115163
1577050765
1577045519
1576954235
1576919080
1576855205
1576840649
1846250731
2061075298
1949811936
1740289392
1670771299
1627706911
1700182204
1576837641
1576809759
1576612850
2079421828
1594493904
1594124816
1593905383
1593837465
1593760220
1576356071
1576212245
1576100932
1576041098
1593545656
2180319841
1593536986
2180311250
2109327553
1575869989
1575866527
1593461648
1593411715
1593329089
1593259700
1593148167
1592943698
1757169831
1592722868
1592654568
1592586867
1930536184
1592576159
1941720922
1592501688
2081497756
1592492995
1592404772
2194518689
1591984712
2194564181
1591925651
1591858839
2194654164
2180476642
2138831047
2130499281
1713062178
1666432629
2194668248
2194620711
2191421277
2164657335
2037903081
1925594883
1711157751
1654282508
1609326532
1575614592
1575523125
1575485340
1575474224
1575382319
1575322172
2180651442
2092717957
1575232048
1575080997
2194843340
1854646358
2103925543
2179084796
1591652401
1591567415
1805167058
1591533968
1591453379
1591297663
1591247209
1591132708
1591096744
1591090463
1590879496
2194878319
1590862771
1590772852
2181152694
1590582817
2194922643
2106454925
1590538131
1590375597
1590366855
1590319673
1590299833
2195026840
1828733038
1590217713
2143016640
1708642535
1677563745
1610314237
1575059813
1575058933
1575036105
1590104469
1590006633
1589926588
1589921973
1589876387
1636364320
2195096747
1589784987
1589722821
1575010477
1574925661
1574872163
1574861408
1574707258
1574666205
1574620393
1809034209
2195179487
2195155640
1840213645
1769984948
2195270299
1574590754
1574588288
1574584032
1574128538
1574066948
1573882428
1573692195
1573656349
1573481304
2195469583
2195448311
2195394132
2143147861
2133574188
2195365994
2120651463
1831414899
1738646991
1654415818
1622994487
2093866835
1845618264
1659710973
1573454164
1573420090
1573283851
1902723239
1589655085
1589508383
1589422484
1589409964
1589256993
1589158916
1573281850
1589109898
1588985295
1588901879
1588598333
1739997498
1574372114
1573014949
1573000460
1572823912
1572817219
1572813479
1572795285
1572794897
1572762360
1572664715
1887389038
2195558899
1878167783
1572405724
1572183301
1572068810
1571869074
2180702868
1944374141
1803090099
1588584820
1588549807
1587923571
1964141188
1625545442
1571783376
1571783096
2085753564
1587843607
1587788869
1587544973
1815517141
2083661973
1571674088
1571642301
1587413960
1587411008
1587383183
1587363849
1587232109
1587212595
1587088384
1587063943
1587009967
2195795250
1816356559
1571443936
1570846002
1646066022
1570778787
1570652855
1570563824
1586995680
1586743456
2180930759
2180914325
2117041780
1586661293
1753815560
2195820727
2123987045
1663528386
2180860295
1570521063
1586657779
1570437215
2030130713
1570192735
1735418561
1569635996
1569450992
1569403952
1569236224
1569213612
2135020636
1569083075
1569079013
2180889319
1586404409
1586214435
2164570294
1598992565
1586186509
1586180943
1586155527
1586155288
1727999997
1569051035
1569011705
1568863684
1585959195
1585958168
1568735477
1568711869
1568655877
1568604283
1568565224
1568022779
1972591930
1585898274
1585867440
1585797992
1585718417
2196019587
2196017077
1585669789
1585602204
1585499809
1585470391
1585402061
1585322669
1585167304
2196126376
1585129136
1585069747
2196219111
1585060881
2181026109
1747668927
1572074898
1567962048
1567835717
2135741797
1584997492
1834091514
1584903797
1584858708
2196362242
1584698538
1584546330
1584291220
2181217306
2181205084
1726948189
2125129280
1998887842
1567803101
1584169616
1584169595
1584078117
2196477520
1583963756
1583906395
1583442499
1583343537
1583285665
1583221823
1583187791
1583148824
1583131986
2196622057
1583109976
1582884447
1582853466
1974339524
1910520403
1582618860
2181638200
1567696028
2022104773
2020158707
1582540884
1567616469
1567607309
1567584109
2181788019
1567573836
1567562372
1582538250
1582256586
1582110477
1802748236
1581778282
1581772713
1581771725
1581694336
1581376708
1924355281
1581241279
1581208066
1581184247
1748986665
1857512768
2084270544
1713535458
1567372743
1567254985
1649294077
1566841780
1720591846
1580991991
1580914459
1580838568
1580820741
1566558848
2196899784
1720110402
1774722448
1566558156
1566553072
1566434040
1566410339
2197075633
2197041585
2196966671
1978277564
1884628454
1728133601
1580810346
1580674845
1566283559
1566228835
1566162596
1579997428
2107220333
1566156567
1566027177
1565999258
1579854492
1579845916
1579705591
1579647988
1565886269
1565862824
2181997775
1902746326
1565859937
1565729863
1565645059
2176387095
1565409380
1565247501
1565225731
1991166187
1565190818
1565170791
1565115175
1801016035
1565046788
1663033836
1564977756
1564951928
1650360633
1579647396
1579644337
1579634026
1579581512
1579522301
1564861539
1564800012
1564674109
1564654039
1564626032
1564536130
1564460336
2182123385
1564447267
2182147351
1564261064
1564252765
1564186140
1564008119
1579383429
1579361241
1579301309
1579262351
1579222993
1563886010
1563830713
1765847613
1563817647
2018528039
1579108647
1579020812
1578927875
1578825955
1578719015
1578662223
1578607001
1578477341
1578352343
1578140386
1577684320
2140925688
1577660385
1577583671
2059002578
1577279613
2197313693
2101842367
1859876034
1950310707
1767835609
1577260107
1577147648
1577143897
1576898149
2057093544
1577483170
1576786048
2011074297
2124430229
2089607074
1576766391
1576728245
1576644201
2072422328
1569925060
1563782868
1576471807
1563753848
1965806832
1576365746
1576266277
1576259745
1576139927
2075245227
1576044371
1575990455
1575966792
1575895381
1575675179
1811409140
1563734817
1563623536
1563554683
1563535819
1563535557
1563531561
1563482210
1563432559
1563428035
1563416043
1563387356
1563380859
1563376732
2067477989
1574002527
1563365234
1563336211
1855466849
1822914527
1723461057
1563301034
1563042292
1563038786
1562935627
1562899437
1562890564
1562866005
1589939511
1562818189
1562772905
1562742581
1591180232
1562638861
1562588205
1562564800
1562469861
1562431010
1562330666
1562314661
1562283125
1854132927
1800809301
1713908909
1685739953
1562264675
1562224866
1562210680
1562198663
1562164769
1562149482
1561982434
1725446832
1581697426
1971679031
2182435689
1561957402
1561410866
1561410064
1560704963
1560604628
1560515024
1560273042
1560205661
1602228801
1646622208
1580942773
1575645927
1575550474
1575528964
2093447987
1560179544
1560171730
1560127209
1560001531
2182649069
1575302745
1709240995
1559954778
1559896709
1559508964
1559367089
2182452295
2182670843
1559316924
1559256539
1788564130
1725355095
1575117234
1575041221
1574992132
1574968444
1574952588
1574677849
1574642736
1574494490
1574264188
1574236031
1574194648
1770579870
2031007241
2182766917
1833289813
1928952848
2081946481
1778696984
1558923433
1558840125
1558569389
1558554659
1558548768
1947787411
1736680303
1558362553
1894057680
1558297312
1558181707
1557991247
1865053344
1557976081
2137407117
2065112904
2019593877
2017331162
2164764156
1849089767
1710699197
1670054146
1574117039
1574065492
1574037364
1573902698
1573859437
1835298179
1557943419
1557930664
2012714801
2177767279
1804946208
1573806908
1573746268
1573739337
1573720448
1573652163
1573634876
1573597855
1928633317
1616691428
1557887259
1557878516
1557818415
1557732959
1573587460
1557684876
1573458552
1942789236
1573436335
1573414978
1573386147
1573354024
1573246783
1572797650
1557631971
1557564564
1557540416
1572762217
1572665658
2175653472
1572664290
1572579423
1572505407
1572483131
1830429978
1723230469
1557480865
1603052071
1751150411
1693531311
1572311495
1572218824
2132711519
1963659485
1572158851
2016254584
1742873289
1557464625
1557260127
1557072924
1557029240
1556609961
1556566688
2197540065
1572079835
1572077504
1821553755
1556212506
1573842828
1556151941
1938070386
1555922573
2152990655
2086733642
1796907001
1555862180
1572047763
1555792474
1555702104
1555457113
2183106455
1555386905
1555174305
1555152162
1555063607
2183171737
1554901613
1554872423
1554739914
1554547059
1554488434
1554472709
1554456839
1554430175
2183349628
1554413945
1554393530
1554174624
1554069361
2050924148
1553930849
1572007108
1571988305
2197618773
1571985610
1571877544
1825245779
1571804392
1553768583
1553716129
1553633919
2183543761
1553590827
1553589613
1571799069
1571734693
1571657083
1571654562
1821100370
1571638117
1571588269
1797464122
1571252701
1571181362
2023226018
1999806419
1571178080
1571032402
1571003155
1570771347
1570762435
1570747778
2009805599
1916640987
1954030509
1885489631
1604733117
1588002295
2186427160
1758029576
1553500701
1553283122
1553220834
1570725775
1570653311
1570606564
1570598507
1570531162
1553012328
1552798731
1552592712
1552578410
1552553515
1552403895
1552346312
1551890681
1567481152
2059474252
1570470851
1570376116
1570279331
1570268594
1570268049
1569975619
1569872400
1569817675
1551771140
1704884011
1551579545
1551396972
1551332811
1551318997
1569698092
1569646183
2183543499
2183534663
1551265219
1635816087
1550886033
2111408768
1569619384
1569475589
2183585442
1550783531
1550690323
1550487091
1550450315
1550315221
1584265691
1569382719
1746889014
1569329676
2022673756
1550245561
1550187994
2183797268
2183864595
1550046170
1549778779
1911078395
1685782263
1593970855
1569296503
1569060443
2050399669
1569019233
1568990888
1568880824
1568845743
1568788082
1886716939
1568763239
1551576448
1549692777
1549640076
1549553745
1549420149
2181686436
2197859573
1910631639
1874051287
2197855436
1990630988
1985999896
1890513305
1549359084
1549346187
1549327052
1549298417
1859838484
1549259874
1549171716
1549164369
1549039312
1548997792
1669612738
2192544344
1568688961
1548991835
1548764330
2198049249
2141280012
2026692963
2112912370
1898509801
1548750523
1548730111
1548627739
1548593988
1548510732
1548459648
1568575410
2120892794
1568221737
1568219496
1568182055
2107877208
1567865328
2198145360
1878998592
2042759081
1548268377
2184050514
1548262315
1548083879
1548055691
1548030480
1547968961
1547932425
2184059194
1547884304
1547848610
2198196329
2181058569
1567425017
1567305517
1567233084
1566657536
1566621924
2184156951
1566557905
1566349978
2184140172
2129545042
1547838679
1547755634
2184226117
1685117589
1547740667
1547533049
1662133410
1566340289
1566320531
1566146479
1566110745
1566002840
2152172224
1547428442
1547313117
1547039799
1596917183
1546948578
1999334600
1546942997
1546929360
1565987041
1546810867
1546764586
1546618943
1546604186
1546489728
1546300820
1546289660
2184452387
1546112807
1546104513
1546070597
2184499491
1545876297
1545869208
1545790021
1545771131
2184561756
1831909523
1545741874
1545733715
1778201932
2103944652
1565870616
1545495733
1545424248
1565687161
1565600941
1565598199
1565521225
1565457687
2029274717
1625130908
1634485999
1545337839
1545316488
1545186443
2184760361
1935689790
1565362443
1565346337
2166540458
1786439485
1565081657
1565054008
1564827749
1564778987
1564721023
2136067493
1564617804
1564617037
1564592628
1564511656
1564393593
2085404649
1653976571
1545144959
1984462316
1545069370
1544969056
1724739225
1544707765
1544696211
1564161282
1765183232
1544450258
2198355636
1563932532
1544366444
2198487628
2198449052
1563699895
2139185497
1563420682
1563369858
1563326811
1563324451
2198590520
1563238268
1563212107
1563194456
2198627458
1563143178
1562995655
2184871242
2184838564
1544302672
1544117913
1543890883
2184890385
1543822155
2198667719
2118052506
2033377901
1804050160
2184924209
2139708063
1747665981
1543747053
2097218389
2184994272
1543623369
1543617191
1543540082
1694496994
1562975906
2198841687
2198841369
1562921339
1562869120
1562848263
2198903362
1879344904
1543432503
1543363469
2106311797
1882933496
2089510769
1860837353
1543338898
1562679827
1562664946
1562632345
1562612843
1759344081
1562536418
1562470999
2197566163
1562470045
1562422555
1562420009
2064588995
1562019680
1561970297
2198960931
1561866756
1561835573
1561828187
1561541113
1660064370
1561511860
1561479144
2098435640
1756850409
1703271725
1601655194
1543313700
1543286833
1542956391
2157433825
2122526618
1542952207
1542859360
1561288914
1561255346
1561154984
2199110352
1561021001
2199103112
1560990301
1560848225
1560777431
1560765123
1560725417
2199203848
1560709780
1560653515
1560629085
1560628738
1560588194
1560544333
2199378361
1560515843
2185217195
1807794143
1542530415
1542378880
1542341661
1560495644
1542222468
1542073521
1542033232
1560494233
1560471703
1541796338
1541789199
1560467909
1560463599
1560114507
1559993596
1541689235
1892572217
1541665473
1541597113
1541534807
1541524764
1892607115
1852909379
1541338306
1541253009
1914583374
1559953205
1559930365
1637456730
1559746341
1559688943
1559651357
1559555842
1559555191
2012765233
2029340175
1541252927
1541200931
1541048837
1892107196
1540984379
1540975604
1540904217
1731672342
1540803448
1540671053
1540393575
1540352660
2185584432
1540329736
1540184551
1540150751
2185628122
2033928199
1540131232
1540076731
1540071149
1539874643
1539734261
1539720563
1539622345
1855218907
1822373905
1713766378
1539606620
1539590186
1539573079
1539454912
1539381362
1559526340
1559491927
2185689713
1793955623
1549449293
2185932937
2185820575
1539261746
1539206975
2185964834
1539175689
1539121475
1539111311
2186080133
2110821869
2076405436
1910893210
1755332319
1675596187
1570143884
1655769661
1559200524
1559112635
1559096709
1559061338
1598760784
1539059106
1559030298
1558775495
1558736936
1558429035
1558428816
1558424610
1558332451
1558291927
2199541799
1558162740
1558024441
1557960239
1557883650
1557801050
1557669933
1557616595
1557530433
1557476555
1745767001
1539051209
1538971561
1538844716
1538844211
1538593163
1557448578
1557432184
1557307999
1557270869
1557205123
1557141288
1947479017
1538543504
2186121243
2059730427
1670385991
1557133001
1557080843
1556757065
1556743385
1556731026
2199672433
1556697732
2199694935
1556656328
2199709113
2005186585
1556627460
1969480143
1538488567
1538390557
1653557892
1556526641
1556497209
1556320759
1550679991
2186141336
2171466730
2120160567
1900985108
1807358316
1538331935
1538325180
1807963341
1602365983
1556217632
1556101073
1732416129
1556013836
2126612419
1555965152
1555809669
2199898605
2199868483
2199953780
2199949722
1789769335
1555638867
1555599508
2200024687
2186325284
1898165265
1538306930
2158967183
1538254685
1538073843
2186395768
1764158748
1555468827
2186467633
1897145940
1538035619
2186523723
1538013295
1537904389
1537784867
1555419919
1537504224
1624740137
1537498208
1537491187
1537464921
1536861783
2186643658
1536725685
1536709152
1555417891
2200115917
1555401031
1555399668
1555381137
1555307546
2110667711
1536699707
1536691010
1555273175
1555222519
1555112231
1554890882
2149080761
1695924378
1554806208
1554764645
1554756915
1554713115
1554494043
1939495509
1637939909
1850686270
1554402775
1554294498
1536566051
1554290570
1554178827
1553936727
2090735071
1553896701
1553781154
1553748759
1553688352
1553669111
2200233404
1739805233
1594719744
1540198837
1536453560
1536231905
1536227875
1536189871
1536172064
1674175123
1553645961
1928321628
1553561056
1553454416
1553435983
1536090269
1535963632
1535933936
1535923213
2200380675
2103424049
2068496687
1803754729
1556190629
1535919201
1535911929
1553400944
1553365781
2186686981
2053988455
1535907623
1535853914
1553323986
1553233735
1553178835
1553056876
1553044140
1552965887
2200416153
1552815331
1552742431
1552688727
1552532991
1552518554
1552507637
1552388170
1833990431
1552385420
1552329586
1535819306
1703057138
1535570346
1535521256
1535336913
1552321783
1552299968
1551974759
2185912085
1551860426
2200715994
1535204035
2200687325
1551701900
2200783065
2200791121
1535100621
1535022951
1865396849
1551655689
1551632632
2130151759
1923228422
1804757499
1534849828
2186776258
1933984279
1534619059
1534179987
1534118275
1533886181
1533812171
1560469900
1551439117
1551252754
1533779538
1533702501
1533641873
2186905794
1533528851
1533511184
1533426740
1533326827
1853289483
1852197260
1551168085
1551086108
1551009239
1551000115
1550923061
2200820293
1985951616
2200823632
2200958165
2200954434
1798434472
1773727732
1569557264
1560993379
1533163375
1532994701
1836557091
1550787733
1550665170
1532990509
1532890361
1532863605
1532829276
1532716733
1532634072
1694127656
1761737863
1892072903
1532309912
1532242151
1532059594
1532038224
1532010807
1570526096
1806008532
1532000411
1531994338
1531833888
1627819605
2200971978
2200968087
1601467496
2035462473
1717848263
1531803385
1531671989
1531572656
1531444745
1531245464
1647461559
1531082812
1530889778
1530613421
1530365011
1996735608
1550509657
1550488541
2097212704
1530337552
1529864744
1550325004
1550299509
1529774503
1529759682
1529749699
2187218533
2187204889
1529582731
1529538297
1529504202
1948764540
1529503389
1529393323
1529381076
1529372968
2187316549
2027824565
1529266301
1529078944
1528801316
1528745243
1528669071
1528632036
2168618931
1606658593
1717648042
1528359025
1528283237
2187486538
1528206897
1528089876
1923790613
1690978730
1528077146
1528043368
1527884875
1527867759
1566563215
1562993868
1550180295
1550101120
1566098325
1549732468
1549689663
2003642858
1527822103
1549609005
1549520801
1691256053
1527699561
1884676101
1549464311
1527695554
1527581266
1527558309
1527286831
1526959424
1526917017
1526795801
1526715653
1526331087
1526117239
1525836783
1525760868
1525660733
1525628401
1748568673
1525457762
1839297270
1525439931
1525360082
1525261587
1525134707
1525038442
1524889032
1909837399
1524823436
1843708259
1745024331
1549349848
1549311192
1549054208
1549005913
1548872824
1548574941
2187756527
2030585140
1548428763
1548291468
1597625336
1548133816
1548068434
2029852452
2187860960
2201037975
1547990212
2009288077
1524727571
1524684784
2187901083
2087213139
2146176009
1547852387
1547832831
1547740845
1547659761
1547658085
1547608409
1547593907
2019562248
1786120514
1524604224
1524488322
1524311137
1523934803
1523616059
1999770275
1547455299
2201255579
2201241541
1547406152
2201303885
1547343114
2201358259
1523166338
1523158679
1523003836
2201347757
1547304458
2201376079
1547292839
1777235904
2201399082
2201372689
1811077024
1547285312
1547134277
1547092068
1547010756
1546906218
1546841129
1546650666
1897666676
1522887925
1522883148
1522812191
1522760996
2187989372
2187984090
1522741980
1697938047
1620606988
1522668361
1737277097
1942888501
1626321340
1546601016
1546412437
2188212316
1522646209
1522501964
1546334875
2201703352
1545822605
1545793052
1949810355
2087296658
2097726694
1545579239
1545555985
1832283498
1545252204
1545203827
1545113379
1545041140
1544992067
2077328508
2057741068
2046556757
1942525675
1522296781
1522221237
1522207588
2188267576
1522119712
2201827532
1544765444
1582149678
1544635128
1544607908
1544473475
1544464355
2054988626
1544453026
1544419682
1544393009
1544336579
1544234057
2188444977
1544213519
1544137688
1544098893
2201977627
1930833940
1522102980
2045955649
1521911112
1521882320
1521867992
1521763063
1987645281
1521761804
1521748747
1521630338
2041902628
1886708974
1871728057
1831573980
1797192642
1703173082
1628996268
1574473287
1544013125
1543966760
2075220133
2007558166
1776640191
1664371783
1521525933
1543958220
1880871204
1521503299
1543638447
1543622972
1521381450
1521353780
1521201135
2158992405
1583765384
1521079915
1735191535
1543582226
2099536731
1521047113
1521001135
1520681489
1520482385
1520406547
1520265938
1520062866
1519921442
1658405441
1519886440
1519794219
1519688144
1984596751
1543547251
1634040117
1567786194
1519333543
2109396610
2188852826
1543411347
2201984843
1543318996
2179130303
1543242035
2134628908
1789007466
1519206989
1519033293
1543178971
1543153016
1518719097
1518520713
1518305824
2202151769
2189044761
1518296962
1518112875
1518097375
1518052640
2202200143
1518050619
1518050122
1517959029
1517772880
1517684799
1796506156
1712183149
1543085680
1517589141
1895415639
1517443564
1517342015
2055197317
1872512377
2141587818
2055519906
1757553951
1676959748
1517327337
2141284191
1577423839
2202260949
1889685755
1517196159
1517173935
1569376363
1516836860
1516746178
1516643828
1516527251
1542945736
1542925996
1516319464
1890439452
1516284583
2189343387
1516284433
1516272088
1516101316
2189461217
1704614140
1895459151
1829017680
1615904699
1542925338
1542807717
1542616659
1542584301
1542489325
1542411392
1542281066
1689717935
1684064793
1572712963
1516082505
1516060180
2189579081
1516019899
1515945944
1515595978
1982065145
1515592851
1640649905
1561664667
1542275442
1542233316
2001976314
2189662410
1944770209
1865910179
2189700396
1515474058
1515345972
2202323794
2178915865
1611247915
1542206571
1542175184
2189781137
1515335456
1515324540
1515249314
1515245215
1514983921
2202426010
2202339441
1675752212
1541937400
1541801296
1541612476
1541583115
1541582541
2202431781
1541556983
1514780872
1514231803
1514163260
1514153912
1514119056
1514112463
2025808884
2202509396
2202507532
2189980393
2189974753
1995097348
2124197630
1514012843
1513824687
1513761045
1513629189
1880835924
1691984682
2084778173
1872894969
2113951667
1644887754
1606082452
1513545858
1541502493
1541495704
1541230697
1541212481
1513514890
1513480037
1513208885
2179528991
1841158337
1541142992
1540997437
1540889913
1540603151
1540585381
1540548656
1513159210
1513078114
1513054737
1512842666
1512809875
1512680388
2190095559
1512671864
1512556106
2190125920
1512533955
1512365248
2148502587
1512224691
1580749489
1512149473
1512145730
1512035700
1836857492
2202602056
1512016927
1512011167
1511698730
1511683408
1620608830
1511669280
2190184812
2202669775
1675135985
1655625233
1548232329
1540437972
1540223095
2190421304
2190420271
2190350220
2092737115
2202939291
2036014256
1948876283
2202928652
1926585327
1800440160
2190468156
2173083174
1599486592
2202883587
2003594701
1830321653
1736887552
1723661085
2028053401
1969020309
1598834029
1511666159
1511661613
1511608628
2190465141
1565925044
1540165657
1540082965
1511349967
1539963159
1511237179
1511110495
1511087068
1511080665
1510769481
1510730549
1672038712
1539822781
1539777299
1539742762
1539696205
1510716138
1510630871
1510518466
1510168253
1539490604
1539442253
1510115084
1509848157
1509829451
2190701200
1714565071
1509708003
1539318140
1539313673
1667001415
2190779202
1509697519
2190792223
1539289288
1539210360
2141459576
2047754468
2040791176
1861880039
1509659955
1509606852
1509561818
1509521048
1509500160
2190879458
2190876000
1509466313
2190908199
1509465081
2190998826
2190988553
2088477984
2190967176
2203307487
1758220237
1671370375
1623502807
1539197543
1539171100
1539155801
1975983328
1845592346
1897361037
2203433175
1914714999
1731716281
1509349499
1509168213
1509141042
1508974627
1508864312
1508640517
2139900997
1974617899
1780890126
1508511600
1508501588
1508470036
1539142469
1795193126
1508369765
2203387773
1657879273
1508025172
1630746744
1809381108
1507981627
1507892855
1597903712
1539086136
1539031919
1507883599
1507846024
1538911752
1538835864
1538763618
1507826979
1507761405
1507481140
1507341729
1507317928
1897376091
1507243170
1507182100
1507180995
1507095071
1949657391
1507037381
1506843178
1506759709
1506665053
1506633653
1506596395
1506423626
1506281841
2080016435
1857283892
1841719597
1538692204
1506064541
1506055228
1506041065
2191210952
1505972755
1505960565
2061249631
1738819538
1538659995
1538613252
1538538691
1538430219
1898051021
1545817045
1505886093
1505879229
1538355895
1538347032
1538209941
1538184770
1538115650
1538000827
1537852940
2008003497
1537734321
1537553485
2166623352
1505854407
2191346039
2191383795
2089426826
1505542083
1505518719
1695728525
1614981959
1537469464
1537467145
1537351378
1537290508
1537190377
1537073842
1536796125
1536559372
1536514548
1536394128
1536328578
1536311187
1536270124
1808089494
1577622951
1536206055
1505495443
1505453319
1505354288
1505308196
1505202288
1505177636
1766453556
1702561522
1630023416
1505054643
1795632393
1504952346
2104685740
1504805895
1975397310
1536196996
1536028805
1504800916
1535794313
1535661980
1666376807
1535568265
1535449145
1535341040
1535169720
1535167007
1535105280
1535076949
2191805408
1901653833
1659897128
1504767181
2191919097
1504555505
2017621685
1535049482
1504417515
1549542399
1504314370
2068242072
2032164633
1535023708
1535006569
1534985375
1534930615
1534619291
1534600770
1534459611
1534449041
2203592223
1534416576
1534314581
1534290161
1533674055
1533669397
1533527239
1533471775
1533414808
1533277739
1533227136
1741875632
1533148996
1533054731
1533025293
2203793292
2203762401
2203871341
2203864689
1697179131
1533023863
1532852020
2203931487
1968490304
1644796223
1504244311
1504217743
1504132563
1503822029
1801849370
1503713981
2098082749
1605171735
1532709617
1532640825
1532538154
1618498260
1532366120
1532253732
1865714583
1503691613
2105538707
1503382023
1532130003
1532110549
1532060617
1896195273
1503340451
1532058025
1532051701
1531948447
1531869847
1531834412
1531658642
1531526244
1531399618
1828497512
1531357608
1531332071
1531305325
1531169442
1531112011
1531084593
1531075979
1531051332
1531044167
2203966349
1530861056
2120776339
1870688101
1608081780
1503334738
1503241895
1502870323
1502701610
1502655512
2140143472
1607579514
1530799945
1530619216
1530610312
1530499540
1530312235
1530230959
1530226053
1530209972
2192107042
1502560573
1502441020
1530175559
1683744219
1530162705
2192242015
1502222479
2192292845
1502146327
2192315055
1502071500
2192333034
1501961860
1501595306
2052632002
2180796611
1562635420
1530131384
1530088076
1530044855
1636719452
1529921168
2192389265
1952463716
1529906269
1529863048
2028235146
1529550291
1529501875
1529458892
1529453698
2048561542
1529435273
1529325074
2204136651
2204118819
1529272099
2019391086
1722681569
2204198615
1501582141
1529231555
1528883677
2005309330
1902445520
1528767375
2204268181
2204306615
1528499522
1528362887
1840532170
1808277545
1982286437
1501521770
2204353980
1528039763
1527970418
2204455637
1527855139
1527727874
1527721781
1527609197
1527369299
1527308081
1501515832
1501411431
1501331097
1501218249
1527146739
1527090531
1501171381
1925532497
1501169481
1501160289
1501102839
1501073432
1501069292
1500970141
1500906915
2179585032
1908163576
1613474899
1500887412
1500792045
1500784049
1571073970
1500778319
1702248525
1526994572
1860967113
1782938600
1526955573
1526923851
1526783330
1526648196
1526555818
1526554172
1526488487
1526392687
1899860767
1749223388
1500534329
1906625721
1825507308
2093078965
2204553116
1526375211
1526224801
1526069956
1526064900
1525914473
1525879316
1525789445
1969534158
1500521634
1500480331
1500377703
1499962257
1499881609
1499605967
1499340023
1728897757
1665850981
1498983368
1525766965
2192586087
2173663735
1525625445
1525486011
1525196995
1498948380
2204683243
2038896723
2192703416
2192691212
1498937843
2192750411
1498862940
2192825756
1498641795
1498582052
1498504919
1498485492
1498476848
2141190482
2204771708
1592443927
2192963653
2192909277
1525093320
1498457743
1498338136
1498240076
2029804511
1525063448
1764276981
1524998883
1524936145
1894171844
2018285694
1898302691
1524875664
1524753714
1957606490
2101452768
1803374852
1524661231
1780162635
1524655032
1524334557
1524287615
1524054227
1524020316
1523996322
1523928652
1523913661
2182905231
1680629607
1523907755
1523886563
1523881549
1523876268
1523824293
1523669160
2204851882
2172792232
2008637067
1752810098
2204867695
1579778454
1508697250
1498227797
1498013437
1497883611
1497881195
1497795503
1497771788
1497638536
2204837129
1775791012
1523211250
1523207613
1497470697
1523131476
1794584982
1976198236
1523112147
1522988383
1522890651
1497452715
1497366781
1497351557
1522813341
1522765026
1522712087
1497320128
1497201697
2205092244
1522626907
1522439496
1522295379
1522193240
1522103282
1521956741
1521952044
2192995610
2205265301
1497197789
2205343784
2205328451
1634788475
1655554861
1497166360
1497166049
1497095872
1497066450
1496934015
1496880441
1496807484
1496776967
1521857328
1521784292
1521718824
2193330586
1805766498
1521617405
1521548475
1521211232
1520922871
1851608700
1496687588
1496568025
1496487232
1496388433
2205428232
2205421130
2193372303
1496158444
1496107644
1496051019
1978785591
1520878692
2193606155
2019569055
1926638211
1520846432
1520736236
1520660850
2064615599
2193462173
2183408627
1788130364
1495920825
1495723249
1495703580
1495668735
1495594364
1495565371
2193653648
1495458983
2193652071
1520619835
1520598469
1520440956
1520343979
1520129520
1520124159
1495429151
1495271042
1495245737
1495158291
1495034685
1494967393
1494887368
1494739919
2193767083
1494556196
1494552228
1494511236
1494340131
1519985215
1519905992
1519750075
1519681219
1519674256
1519661202
1519564705
1519474386
1519254768
1519197509
1519196097
1518969960
1518953368
1949212610
2116649928
1518944017
2099233236
1518902730
2193896173
2193880996
1885657621
2205826018
2205825056
1627514306
1518889779
1518881581
1518871135
1518786004
1518758410
1518620925
2205920512
1642213189
1496291823
1518567575
1518563055
2205899281
1518533683
1494033264
1518463621
1518450875
1518347475
1518307688
1518299663
1518112996
1517763789
1517720108
1517684019
1517451979
1517322996
1629811896
1517322647
1950926436
1915434161
1785209199
1560814432
1517267015
1496042047
1493988499
1517236514
1493900765
1493878762
1493830972
1493808644
1493626669
1493618299
1493518025
1493446170
1493329433
1517228083
1493251743
1493006765
1492927240
1492709117
1492327276
1492307045
1492244287
1492239303
1492105413
2178665300
1783621369
1492088180
2161319084
2136316848
2150689130
2017692652
2090929963
1492068676
1492050199
1492020620
2194214839
2194299242
1979777141
1857899697
1727306367
2015912135
1491945968
1491845149
1491794527
2194237288
2194260177
1696572736
1636039261
1629687789
2194248616
1722584804
1491757008
2009405393
1491729400
2206145033
2206113987
2178201761
1828361611
2085354564
1491719644
1491647475
1491639891
1491598335
1491422973
1491350287
1491275593
1491271600
1491226921
1491207943
1491160709
1491152924
2206059659
2099563432
1678999817
1630837165
1607296901
1517222416
1517161380
1517099509
1516944963
1516936739
1516896075
1516687843
1516578027
1735266290
2206376048
1491014651
1490731629
1490555548
2206419003
2206437663
2206406780
2206390602
1516446223
1785676993
1768543015
1490467045
1490256289
1516434325
1516383381
1678793463
2206582263
1516383008
1944641887
1861172392
1966122670
1490126948
1490073715
1489952289
1489893657
2206642169
1838518902
2206714937
2206712617
1489812023
1677436686
1489755850
2194508388
2206773061
2206874147
1914626138
1489654427
1489638160
1795514175
1516367799
1516291883
1778875005
1489607559
1489551189
1489358322
1489354395
1489062812
1489005581
1738384858
1591203582
1489004994
2194572954
1854554855
2107244194
1698868703
1488991146
1488677693
2194566012
2009509665
2194531412
1488610351
1488583332
1655961805
2201675897
1516077791
1664751123
1488493371
1488445938
1488401904
1488289620
2006419728
1488191506
1960212547
1487997601
1599378384
1487981762
2064243392
1842143009
1487963793
1487694181
1581013151
2194665208
1487681588
1487666681
2194689724
2111660126
1487477314
1968225132
1487461636
1487261043
1487253551
1487141676
1699277507
2207086420
2207123460
2201857484
2194748495
2013775346
1721549039
1487114141
1994669669
1878045664
2080724307
1830673675
1749556431
1515795618
1515763136
1515719243
1515672834
1515555008
1515502610
2207161887
1875933646
1515475786
1819723106
1515382547
1515132372
1515113522
1515064779
1515046011
1859686483
1843259860
2153652415
1652656313
1632761841
1726065893
2207309681
1515018391
1659708296
1563794825
1516106713
1486917463
2207281685
1514978300
1514954905
1514932025
2207508124
1595975739
1514832194
1514800781
1514766730
2000980551
1790742495
1752854011
1668928789
1514510769
1514451175
1940588821
2115336155
1486694137
1486637607
1486464613
1486460386
1486324016
1486320831
1486254851
1486147583
1486090763
1486062887
1486028504
1801389848
1485918984
2079441896
1740493318
1485878293
1485800721
2119429729
1785715880
1612914645
1514444189
1638020330
1514277309
1514254816
1514249643
1513932685
1513693760
1513471340
1513442529
1513419911
1513314914
1513150688
1485643551
1485621941
1485539552
1485411564
1485375737
1685846810
1485326216
1485262271
1485249855
2195015237
1485243968
1500600429
1485215005
1744410964
1561835602
2011873653
1915156792
1542882227
1513052704
1513000391
1512871608
1512705789
1485062939
1485046965
1485046408
1485042513
1485026372
1800231745
2168559760
1484924619
1484918770
1484735074
1484710433
1484707914
2207747149
1512604239
1512404657
2207848095
1512308087
1512194387
2207904738
2207892969
1484555776
1484519905
1696711460
1484478267
2207881119
1938826097
1934457232
1546687501
1484442527
1484313284
1484270623
1995310826
1483987549
2195383644
1703804736
1687856975
1527989537
1725796767
1483983241
1483975091
1483951057
1899424922
1512029817
1511955400
1511951956
1511925639
1511637916
2195473561
1511480433
1511206087
1511158587
1511111015
2182714367
2171414814
1855346256
1640548938
1581698714
1483761058
1483581951
1483560512
1483543517
1483206411
2180945282
1792616098
1746095144
1482856868
1511083079
1482804223
1482670413
1482532363
1482406072
1482396847
1579546194
1721246396
1511071340
1510975416
1510933444
1482335403
1510931284
1510847466
1510569319
1510551293
1510504485
1510302408
2109903147
1510162084
1482290651
1482283227
1482266121
2195659635
1482144962
1482102685
2116263009
1481882347
1481851340
1481781849
1481772640
1510015981
1509769602
1972727871
1481765112
1481752600
1481742538
1509766115
1509716160
1509442003
2208315685
1509435084
1481514020
2208406208
1769971283
2208423525
2208341243
2173243838
1509414181
1509342989
1509166319
1509164267
1509149549
2088650057
1481467801
1596899992
1481467509
1481390357
1816348521
1508997348
1508911303
1508886860
2208588285
2208595426
2117343121
2047793240
1481374783
1481282136
2195760386
1508868135
1508544104
1508507591
1508448015
1508427656
2208685845
1907437770
1961929275
1700237175
1481233012
1481208900
1508416909
1508337849
1480910396
2008665634
1967305977
2208711417
1508190472
2208755245
1508064959
1507920187
1507865647
1507765145
1507630570
1507486757
1507469784
1507313032
2208890743
1507299941
1507232596
1506988114
1993239737
1480868608
2170892399
1804765186
2023646051
1599209123
1573665856
1565391997
1506961351
2209012729
2209040761
1506947786
1540401341
1480849627
2087605299
1480840708
1985219800
1974771818
1745079691
1625203032
1480733719
2209204176
2209165536
1480703393
2209111367
1506916187
1480641307
1480549360
1697811687
1506836768
1506800701
1506729215
1506656579
1506466690
1506407801
2209422905
2209392146
1506312699
1506217543
1537134349
1480454666
1480442863
1480146587
1480090424
1869230730
1868649679
2058586642
1962559922
1675898825
1479985875
1479973785
1689815547
1479868355
1479568415
1620832637
1782976877
1506181808
1506030178
2151397863
1505990185
1505918692
1505906053
1505807490
2209417368
1505806795
2209441152
1505797456
1505777332
1505729720
1505704345
2209510555
1505647097
1505614561
1505590396
1505367416
1505342760
1505115849
1504987489
2209552364
1504914772
1504728931
1525040379
1479478704
1479399148
1479336562
1479335295
1582559403
1479316113
2209585892
2209566425
2198250272
1504673591
1479289629
1479029427
1478996045
1649078044
2195897186
2195839719
2043311311
1504612941
1504598960
1504144810
1504091277
1503850964
2196051116
2196044949
2196106585
1503784081
1503749154
1995039859
1503627275
1503478210
1503402858
2209727477
1503320002
1503229728
2195776517
2123423488
1992133740
1907007258
1902914649
1862605148
1853768691
2209894408
1503165713
1502968504
1502931035
1502878945
1502785743
1502680009
1502614760
1502485821
1601961391
1502411428
1964957225
1586266614
1502300012
2003475625
1805244185
1667061019
1478975648
1478852957
1478817927
1502298103
2031895728
1478741363
2196397832
1502292605
1502148400
1502121384
1501771796
1501663204
1501560003
1501528431
1501461956
1501439265
2210211240
2144848338
2196395647
1598004334
1501255799
1960120004
1478645651
1478541474
1478346673
1500973999
1500714984
1500568595
2073158218
1500537893
1500525665
1478210197
1478153804
1477963492
2196488552
2210420522
2210419865
2210405554
1833859808
1477959279
1477936039
2210354563
2016233698
1708152280
1558431636
1500177192
2196497396
1797515187
2196607743
2144210991
1889184940
1477916809
2196632887
1639310823
1477895777
1500171485
1500091144
1764825036
1500014113
1499970841
1499957592
1499901450
1499795596
2196742284
2196723255
2196712343
1499778360
1499735891
1499733991
2196703773
2116121389
1477838885
1499685071
1477629322
1477599064
1477581339
1477507387
1477444241
1477361816
1477184571
2196958707
1477040563
1476992499
1476943740
1499349963
1691954645
1791154015
1476904147
1476859827
1476823322
2197227783
2197226786
2064103559
1476526929
1499275041
1476384104
1476351485
1476307055
1629174104
1499177619
1499095667
1499035836
1498944552
1498854205
1498716170
2210749327
1498697575
1498695076
1498541744
2210818276
1765449481
1751871871
2197355003
1686896491
2197363921
1476298237
1476267773
1476031135
1475957037
1498466890
1498426081
1489204939
1475936937
1475910115
1475867722
1475742538
1527750895
1498379471
1498369779
1980811118
1498353628
1985587559
1498325405
1498149452
1498117258
1987822395
1498108466
1498104255
1497977579
1497862692
1497830513
1497742287
1497573736
2075998237
1987687618
2153275768
1978235842
1626471495
1497374043
1929758988
1828720194
1819014146
1714556746
1649202892
1475582364
1475547825
1475416988
2210864489
2194699271
1475300267
1475159146
1475048040
1475039659
1474936713
1505660373
1497235564
1474846905
1474816882
1474735813
1474718440
1932734073
1496957616
1496819205
1496630207
1474652039
1474649216
2197484140
2211104627
2079115003
1659151697
1474480808
2197525226
2197509093
1619824060
2162414871
1944606820
1892442028
1474416404
1489292749
1474335673
1474323693
1474259504
2211138345
1638966209
1474199177
1474179858
1474044031
2197652533
2197612901
2211135145
1473914477
1473890239
2141866631
1473787000
1592468660
1513768796
1496526704
1865928071
1496518019
1496212040
1496121354
1495962483
1495894213
1495884716
1495812987
1495697683
1495562801
1495438929
1495406992
2197770203
2118644547
2038362395
1767589023
2057878334
2055960674
1633184883
2211359700
1473657907
1473639284
1473571476
1473551808
1473548319
1473506741
1473416775
1473394466
2211536753
2211449029
2211341447
1725939991
1473300517
1473227237
1473153168
1473027394
2172316746
1789794819
1472766085
1472765504
1472580089
1886840344
2197982037
1472404239
1472169117
1472065525
1471990901
1471878579
2198194274
1471872115
2198225009
1763271697
1682376881
1669214320
1495308056
1495306188
1495304747
1495099332
1495039050
2198320895
1471815967
2198414116
2198401800
2198392114
1471796202
1471779199
1471742279
1990292272
1471490203
2198477948
1471480332
1471459801
2167418309
1972533384
2211597228
1902033608
1779033671
1495024117
1494957016
1494860444
1494790969
1494725941
2086447790
1494723085
1494542980
2016454079
2118509967
1850169492
1666914084
1658183874
1591975596
1494428201
1494384969
1494326440
1494036533
1493924403
2211770397
1493909042
2211819909
1493794745
1493733653
1493696087
1493664227
1493581333
1493578221
1493554825
1493544882
1493422771
1823751599
1817020753
1704739576
1624926387
1540113983
2046705857
1525954142
2211997984
2002039255
1481096037
1471445109
1471260259
1471217952
1471094727
1470995593
1470986804
1470984020
1470896205
1470818576
1470812676
1470769403
1470687119
2198551756
1470654226
1470653411
1470552821
2173856677
2110035825
1908321876
1811016316
2080472251
1675163084
2061787704
1470379401
1470236099
1557899939
1493337064
1493275177
1493107359
1492984339
1492959715
1492791722
1492787769
1492731364
1846946570
1470110733
1605752506
2198802681
1469990076
2094948221
2198861723
1912559793
1469980383
1469873016
1469823820
1469768003
1469739165
1469734378
1469602914
1842294826
1469570213
1469538901
1469524239
2198889156
1469459985
1469392253
1739713682
1886515170
1831907413
1469388347
2198984755
1469341012
2199002292
1469076831
1636546408
2212093681
2212079396
1468988197
1468874180
2199036915
1778569445
1468740991
1468627776
1468508331
1916696301
1496665216
1492693944
1492601161
1492574450
1492572559
1468486162
1468403560
1468356573
2199063172
1468339123
2212155616
2212144808
1492529221
1492447004
1492175331
2212279992
1981457984
1492088381
1492071135
1491985605
2199092636
1957057563
1932492090
2212386767
1850045503
1825510689
1491975753
1920713759
2199170597
1842435722
1640324601
2199226255
1621077781
1553644027
1468159684
2199331204
1468129954
1468023618
1467979347
2199387200
1467911307
1467904824
1467834252
2199539541
2199514425
2199488516
1467682101
2212613704
2212552715
1976783653
1675090562
1491942127
1935301530
1541202242
1467457909
2122653120
1491914972
1491838193
2212648832
1491791840
1491618597
2212694644
1974674572
1744955961
1467449052
1467031868
1467024817
2199746343
2078218419
1745713765
1466930421
1466881724
1466831045
2027217933
1886816693
1491601433
1491580704
1491437167
1491170200
1766114995
1466625895
1466624663
1466534715
1466401339
1466356720
1491122632
1491073501
1714275912
1466352946
1491068452
1490792619
1490757716
1490740497
1490446664
1729734108
1490409845
1490323288
1490256839
1490230368
2186798105
2212924786
2199945352
1466247560
1466219064
2200028660
1466067684
1466052231
1466048273
2213082084
2200068113
1714537230
1465975267
2213118853
2213076656
2213039144
1465879372
1465736480
2200244935
1465694709
1465586257
1465554295
1465470275
1465369933
1465354013
1465252192
2102185669
1900369940
1490157868
1490063372
1489982815
1489886075
1489648002
1489533410
1489481909
2213018784
1489434833
1489379077
1489289821
2200367819
1521851218
1489081573
1488930521
1488909137
1488865419
1488499339
1729436226
1464984594
1464954179
1464771433
1645192767
1586344424
1488306371
1488283003
1488209549
1807878592
1464555640
1464484767
1464451640
1922750436
1464398028
1464355503
2019920339
2195631558
1464288612
1464268714
1464205972
2213364843
2213428767
1472108796
2200517881
1464138577
1464074388
1463866322
1463838386
2200631831
2213492521
2213477164
2213443235
2213240116
2164732522
2200666560
2200642928
1949642710
1760746552
1463356970
1463313042
1463282421
1462978002
1462925215
2213645476
2213636407
2049830216
2024185341
1462921175
1462863986
2200780426
2200709716
1462844426
1462578089
1462504644
2200919540
2200900443
1462502739
1462391561
1462285195
1462268355
1462231777
1462231128
2201036784
2201031793
1462197177
1462086792
2201097653
1893421255
1839616799
1674350109
1667209866
1488167369
1488073138
1461959436
1461912464
1461843379
1461780015
1461740073
2179701165
1461660817
1461655330
2201222484
1503509842
1487964348
1987391641
1487867149
1487860012
1487773428
2201379272
2201330717
1487619889
2201293171
2201250989
1930382393
1656079388
1566163772
1487617336
1487599940
1886496457
1703282089
1637284857
1558770061
2201446610
1701340869
1461530986
1487415012
1821972209
1487239571
1487192183
1461340549
1461192392
1461161845
1461126340
1461040464
1487063280
1486964781
1486928736
1486904676
1461002424
1486898442
1486698797
1486605059
1486577010
1567472411
2201636980
1906412756
1460991148
1460748863
1460406933
1460387656
1460380399
1619371745
1460367689
2201774659
1460338117
1460316785
1460176655
1529789565
1459915499
1459656083
1459511683
1459424764
1459406826
1677047268
1486351844
1486345573
1486328273
2201968289
2202033501
2201948579
2201937135
1936002160
1486262314
1909176851
1820580418
1496142473
1459269464
1459106863
1459004825
1458990193
1458819519
1458810791
2197151703
1903417851
1458746263
1543309893
1486132136
1486080994
1486063141
1485931348
1485908375
2010818771
1973459701
1572193538
1485791714
2011630236
2070463857
1908444305
1725192804
1852435022
1485657319
2184378006
1458652201
1458645592
1458623579
1458599733
1458575448
1458525012
1458498000
1458477602
2202250353
2214022128
1776424382
1524332044
2202246908
2038652917
1458347680
2202310346
1485528362
1485411988
1552416612
1485321356
1485265339
1458296928
1458278557
2202393477
2202387475
1458187089
1458065023
1457750176
2202463824
1905141951
1820034823
1457680881
1457619491
1745510650
1637604093
1534421332
1457487978
1457444591
1457178605
1457013675
1456903283
1456837045
1456437289
1456367503
1587110348
1865390745
1456297771
1485163666
1485030975
1484976850
1484901355
2202501687
1484846033
1484724559
1484419117
1484418413
1748531779
1484248488
1483951923
1483864727
1802518031
1728118298
1689494924
1483573617
1483479757
1483358996
1483183085
1654633336
1797525464
1483084284
1483057835
1456110859
1456088155
1456051026
1455947605
1455916058
1808721561
1455771796
1980647499
1864920719
1482880699
1455576697
1455517579
1455249751
1455210512
1455138580
1733091339
1455047348
1454969340
1454584113
1454583801
1454568114
1454407945
1454382579
2202544283
1454282112
1454087899
1482802378
1454063023
1610082828
1482750268
1482735844
1482643892
2122641416
1482597337
1482563357
1482478335
2214263113
2117352849
1795319013
1588582557
2214262589
2006999296
1572760035
1482204073
1482193954
2161113449
1453955913
2024443443
1482010773
1481977780
1453809795
1453626711
1453582993
1453560097
1453404681
1453293105
1453281013
2202824519
1452964023
1748835841
2202872144
1452963801
1452963433
1452930861
1640835197
1481897760
1452822658
2203043330
2145153168
1452705994
1452415467
2057099451
1481853660
1481697116
1481677691
1481591393
1481557229
1481213456
1481053328
1820056510
1698899366
1481020563
1481006434
1480943291
1480933724
2089850277
1661894980
2035558226
1471685877
1452269991
2203144996
1452164285
2203195213
1451951565
2203210215
1451814003
1451784375
1524405682
1480834101
1480659154
1480562044
1480397284
1451725349
1451611081
1940511377
2203347458
1451596909
1451319536
1451255113
2214330872
1480368395
2214399133
1480146823
1479544754
1606365593
1479544258
1479122296
2214507305
1479094400
1479049333
1478723353
1478642260
1478576167
1478353444
2214689477
1870872473
2214751579
1478345661
1478143698
1478110667
1478078811
2214806644
1477990932
1451226099
1451225637
1450839544
1477990109
2214829331
1477925479
1450806357
1973874396
1556218838
1450588681
1477794197
2214890435
1477791116
1477536991
2063875140
1968099781
1477521536
2059851847
2203656855
2203655965
1450500524
1576005393
2111216451
2203669412
2162888279
1477455042
2094475802
1477297656
1477232693
2203735307
1450355586
1450283754
1450221300
1450155999
2203841122
1450147369
1450139498
1450027869
1450019210
1449943618
1449887357
2203925200
2039518303
1596773328
1477211850
1477037433
1476992159
1476967841
1476837695
1476816653
1476788720
1476773600
1476639241
1476636049
1476630513
2200973576
1660069522
1576877648
1476377226
1475974171
2121885741
1599249991
1475927848
1449775504
1449752221
1449715559
2204052757
2204107480
1482770375
1475895700
1475865035
2215308908
2215275552
1828693592
1475603282
1475573404
1449663713
1449590109
1449564573
1449474925
1449231279
1449209356
2110760408
1981764978
1809624673
1791830038
1475421885
1475395439
1475320077
1475165890
1475029443
2215356880
1821004780
1449108917
1449085275
2204283595
2170314774
2101857242
1448961405
1942658420
1681172149
1474879448
1474866463
1474852371
1474750801
1855859607
1474748432
2204408785
1801820381
1448824171
1448718471
1448668684
2204527732
2204522781
1448528751
1448448561
1448428928
1448397706
2204668928
1583049573
1474621821
1474184081
1474151780
1653104564
1448389079
1448080025
1588190418
1474104580
1646415588
1448027857
1448024655
1448020971
1447949938
2204739860
2204733617
1447572280
2204763583
2197225072
1623364384
1474033213
1473904268
1473556611
2054932145
1447548092
1447529323
1447259609
2030422089
1447184425
2204752199
1447086035
1446950989
2204785482
1446861652
2204818941
1446831712
1553694768
2204895804
1446560753
1446199362
2215400637
2215377962
1473415535
2215445213
1446173250
1446147107
1446081250
1445996877
2019640295
1473284432
1473209237
1473201567
1473114108
2215428961
1473077532
2215495047
1541469265
1473067748
1473016128
1472880793
1472753620
1472730472
2041845248
1488861157
2205062999
2205173733
2204933419
1862716989
1472683871
1772181311
1445920293
1472561997
1472467560
1472465385
1445606634
1712602143
1472382931
1519094819
2010258469
1741798287
1445552964
2205223848
1445389514
2205252569
1919036812
1704063087
1683854912
1445237920
1929085492
1445232642
2215948717
2215818539
1445116368
1444962321
1444951511
1444835217
1444735477
1444668197
1444638152
2215799655
2215710936
2182234481
1465282960
1444544199
1444378285
2205419731
1444294423
1444252970
1444179051
1444155498
1444016778
1652063703
1443994928
1443976960
1443805203
2205540880
1443744819
1443731916
2205655905
1443687612
1443619096
1443530736
1443528703
2216173617
2216111757
2216100778
2216048109
2205796079
2205784466
2216030892
1887427245
2205754425
1939191863
1443502387
1443473993
1443335051
1443323178
1443271912
2205868535
1866476183
1841958415
1716941796
1958426768
1698486856
1670422169
1443067210
1443041677
1442873011
1464105941
1442823421
1442702914
1442663183
2205968532
1442616397
1442532493
1442499183
2051022961
1640722888
1442314184
1442267221
1733677256
1533075907
1525174223
1980575777
1472350386
1472282588
1472049223
2130269337
1471926745
1980973376
1856351874
1483956861
1471838240
1442080024
2206225802
2025357746
1831941809
2206268035
1983085378
1442042852
1471693571
2206263103
2216264535
1471606027
2216310601
1471435119
1471056386
1471013104
2216376801
1441919812
1441912386
1441750514
1441584468
1441506440
1441493425
2206380418
1441343316
1441200700
1441189111
1441053928
2129830540
2030663911
1910854551
1739586521
1440987671
1440933411
1440917616
1440660731
1863398107
1779106294
1470952528
1470933408
1470538812
1883752443
1910823672
1596499958
2216426773
1470392691
1470199947
2174850809
1440651476
1751734685
1440595564
1440543396
2169170085
1440311058
1440222177
2206734453
1440129796
1440064906
2206758029
1439956386
1439592202
1439566521
1439520868
1439396325
1439386501
1439317672
1439224283
1439193407
1439099052
1438750621
1438385407
2206820900
1438324465
1438283296
2206902368
1438278036
2206943576
1438276463
1438259260
1438164837
2207000991
1437809305
1437139232
2216867883
2216658880
2216609324
2216516780
1567222481
2216512281
1436966316
2176853955
2089485970
2006210365
1470092245
1470029066
1469937099
1947600705
1469889773
2216934607
1436933807
1436824292
1507848698
1436766389
1436764279
1436596949
1436506276
1765474618
1436468501
1469799292
2216897476
1469752307
1469720039
1469487235
1469444138
1795733906
1469310503
1469234642
2216970120
1469208815
1469113492
1469075394
1468893844
1468885772
2217164137
2217081873
2157259359
1436346725
1436343639
1436316239
2217061717
2203345572
1505843377
1468850779
1468520713
1468500187
2190643881
1577664934
2217315488
2217273585
1468331411
1703145827
1436293037
1436199591
1436129305
1436129080
1436073877
2191648590
1871592910
1436055714
1831402298
2217406226
1683119011
1468206157
1468204695
1436030067
1468156107
1468123123
2217412065
1900518597
1467796305
1467755954
1467458698
2217449779
1467361425
1467280352
2217510155
1467169777
2200277035
1503344671
1435666121
1435583707
1466991993
1466970461
1466863251
1435535087
2039407225
2217587485
1466839195
1435503906
1435439100
1435418184
1466821607
1852211866
1778612024
1466771479
1435237715
1435162491
1435132747
1435115748
1434890155
1466706481
1466443953
1466337439
1466061849
1466024528
2217773749
1465854577
1465763053
1465720439
1465542736
1465375443
2217896707
1434847652
1465322674
2217921779
1464845096
2217940072
1913495974
1865597712
1464717097
1434715549
1434711308
1434703460
1434658289
1464617564
1453882741
1434583698
1434566639
1434558659
1886720679
1578725187
1434514492
1434473137
1434434951
2207327857
2207298145
1434405925
1434350925
1434282388
1434203852
1433944199
1433657007
1433602919
1433445065
1433251047
1433202983
1493994643
1433175353
2016781311
1432905748
1432885179
1432878115
2079458028
2207651065
1464365909
1464318736
1464271213
1464134309
1464128720
2207667871
2091425275
1464115360
2207749272
2154224611
1432794473
1432638433
1432630592
1432510634
1464079728
1463980216
2207914192
2207807877
1432459425
1432400556
2207966802
2207964731
1432226613
1432051791
2208025696
2208020769
1814780003
1432039999
1431930921
1431760994
2087355364
1431556411
1431544053
1431535503
1431294316
1431207141
1431167799
1431138308
1431123708
1431008456
1430991407
1430933392
2218122257
2057845329
1493847629
1463903972
1962778105
1463855995
2218332373
1463780815
1463735223
1463536178
1470316267
1463524905
1463464002
1463387353
1463375248
1488526299
1463348673
1568486691
1463252813
1462760476
1507040255
1430744548
1430692439
1430558823
1430301328
1430159695
1430110299
1429902611
1429855307
1462661768
2208367635
1429736265
2208414955
1429684271
1462554952
2216739633
1462545081
1429633263
1429620069
1462487714
1462396546
1938648519
1582305949
1462396488
1462392900
1462169785
1462132561
2208568393
1586016877
1462041187
2208493215
1530418425
1465869961
2208578623
1461918169
1461871496
1461816467
2007723229
1461768148
1461685001
1461645869
1461627805
1461450740
1461434653
1852551863
1577972542
1461197205
1429524370
1429510058
1429450592
1429349443
2208612812
1429271170
1461171912
2208693135
1461066651
1461059253
1460632848
2208675941
1568831122
1429246396
1429224877
1460614264
1460553115
1460500599
1460495091
1460454443
1460415044
1460229095
1429118450
1428776188
1460212450
1460119659
1460034499
1459849746
1459801535
1459682516
1459630704
1998912925
1945208525
1459604381
1459359144
1581294252
1428634762
1428489287
1428466692
2061735366
1428453386
1428343407
2208879828
1428338337
2208858984
1428261194
1428081556
1427961005
1638326931
1427886514
1427838372
1427751900
1427612099
2218823596
2218800029
1427345938
1923731289
1427106900
2218765964
2218756427
2218748937
2218663691
1427040308
1426841889
1426828583
2209048104
2083411996
1770198388
1684585069
1684069283
1619045663
1602472893
1543974825
1492099060
1459245011
2202813998
2159390952
1426743772
1426517241
1597333697
1614156048
1426367895
1426363199
2209076370
2091494873
1426304735
2209101346
1733984880
1426285564
1426236251
2021278807
1693709179
1877544242
2209119388
2035970285
1517548193
1426085348
1426006072
1425982499
2209259760
1889261697
1425629778
2218970865
1425548377
1901033394
1425536274
1836278943
1425516257
1425455811
2209376775
2107365279
1425330173
1481012356
2065251767
1459202332
1459058612
1459036137
1905289534
1546188389
1425277055
1459017232
2209486183
1425181455
1425129933
1425068500
1424980401
1424953620
1972327306
2045974012
1764715377
1623569748
1598756837
1458855924
1536846284
1424927377
2209735931
2111982666
2003298057
1424869724
1424650026
1424607289
1424559177
1424471945
2185201509
1424364130
1424346993
1424283367
1525898480
2209793016
2209790889
1424279165
2131376053
1547445002
1809403183
1424257348
2030629892
1424209265
1458780176
1458759826
1901509884
1712983348
1448619678
1424120895
1423976674
1423906420
2148562504
1733078150
1458739319
1754700595
1562906704
1423861629
1423806023
1846904706
1423684492
2210066864
2210134285
2210112100
2210045139
2113397987
1809543931
1606841140
1587973504
1911284006
1477808184
1558238935
1458620607
1458593863
1458565493
1458494228
1763559581
1458378613
1458294877
1716077865
2085711962
1657887603
1458032707
2025432583
1799616831
1780498539
1738372239
1446842425
1423683986
1715252308
1457942703
2207779913
1848934938
1457886537
1457806872
1457735999
1457684047
1457639367
1457567151
1457537753
1457481756
1423665224
1457394612
1457363292
1457353522
1691013570
1423553096
1605833201
1457299251
2086239790
1457154482
1423522889
2210248906
1423471249
2210324170
2027237327
1456921227
1456830520
1456812132
1456728300
1456467213
1456216304
1456152679
1456122876
1991019334
1456106040
1456001015
1455917541
1795735610
1423385773
1486146759
1423210917
1423199204
1423127979
1423103719
1423019397
2210419465
1423014528
1422941525
1903790290
2127755073
1589459618
1455874723
1455771197
2151017858
1455658620
2210507444
2210452727
1711229497
1455618800
1455524883
1455509028
1455493501
1455437959
1455417495
1455416800
1455256821
1454961297
1535928081
1422800660
2118964490
1660003366
1422720898
2015286161
1454858491
1454830104
1454823180
1454778759
1454777161
2219450525
2219413923
1422634514
2219523616
2219459019
1454773587
1422582029
1422415419
1422402403
1422396605
1422297264
1422293258
1422265187
1422252295
1911369035
2210778801
1422247129
1422238019
1422168687
1422138787
2024545786
2005192567
1832336157
1617229633
1422121612
1422066775
2030636873
1720129587
1570287715
1421926771
1928296617
1686686365
1822458984
1472011880
1421771268
1421760203
1421226002
1421182880
1420871906
2219601373
2219562989
1728012577
1420764594
1420667237
1420534101
2088678739
1454765535
1454577161
1454367460
2183948972
1454287749
2058053548
1713255929
1476130598
1441433028
1420463909
1454141651
1454067027
2197105828
1453923403
1453826692
1453714196
1453690320
1453164036
1453093236
1452923152
1452743645
1452674698
1452643455
2206198801
1452329775
1452306765
1451954115
2056446493
1451825280
1451639801
1451535116
2219689713
1451471957
1451459640
1451349529
1451333016
1451068600
2219767528
2219764868
1451003609
1501877763
2211546642
2211465548
2211368861
2211360561
2211300561
2085031221
1820343836
1420442623
1420435714
2023916291
2006009405
1994639974
1420432605
1420308817
2211587928
1883829264
1865400097
1570635267
1968533285
1444484865
1420306089
2211619657
1420262431
2211658955
1419873964
1419863043
2211744657
1910448149
1548228276
1522438585
1450887815
1450869511
2152689330
1419631597
1419580832
1419533759
1419498988
2211723635
1419473864
1450827725
1450827275
1450612721
1624050621
1488418811
1450516397
1642467683
1419446311
1450422020
1450412975
1450410347
1450360128
1450263141
1419403244
1419352914
1419214233
1419190585
1419172159
1419114933
1419046403
1534419827
1450248312
1450155616
1450050756
1450027047
1449986658
2219922164
1449965837
2219879960
2219913660
1449867309
2211899178
2211921189
2211885819
1449829642
2211955728
2211803499
1449746327
1449430226
1449425069
1448712968
1448508565
1847694731
1815077391
1755770021
1537570112
1731187242
1448451036
1663007958
1448397455
1448365439
1448347523
1987757356
1450861180
1418836283
1418762244
1418419809
2212020223
1418196723
1418116361
1418102380
1417853053
1417831440
1417810122
2212050247
1417769732
2212069880
1673185748
2220069048
1448205892
2220099303
1417729679
1417643440
2012268571
1417615296
1417541503
1628791552
1616716887
1448116833
1447472673
2047313062
1447149537
1447064243
1417485560
2220261976
2212164541
1982103779
2220227233
1447024841
1446979628
1446928044
2020396939
2017961201
1493348991
1446921545
1446876976
2212441346
1446867317
1803524475
2212531235
1479961524
2212525485
1417474547
2181492927
2171364022
2170631128
1623903809
2022369017
1950540650
1759179037
1724737513
1446847568
1476257999
2220484495
1734744361
1417307604
1446766165
2220585522
1446617981
2220638797
1446606507
1446477916
2093480633
1924053331
1756252533
1446202826
1431040488
1417234829
1417230405
1417099453
1417093211
1417025299
1446174759
1446132244
1446126204
1446118055
1446083332
1446056258
1446053625
1445926442
1445926367
1445833207
1445820792
1445807975
1445788909
1445716199
1445704072
1417008207
1589989101
1416999849
1570182085
1445540428
1445419948
1445418323
1445248546
1445246377
2049035843
1445222636
1416899752
2061393069
2220868757
2091265800
1416792687
2220864339
2220838056
1445129554
1445031744
2221034941
1444436065
1444220505
2221127919
2221119968
1444183007
1416601487
1416597824
1444110226
1444056363
1996183021
1444013769
1444012936
1443972735
2221153236
1443700532
1443637295
1512293823
1443338680
1443251127
1442958453
1442905560
1442820903
1442789218
1442592111
1442572667
1442539389
2157967417
1814461115
1442538103
1534680234
2052823498
1416462689
1436730353
1416386120
1623652536
1736779780
1416373073
1416358311
1416342757
1416288433
1442470178
1442354003
2221306468
2221372431
2132241872
1442347112
2221362244
1834428303
1442314288
1442119804
1442095392
1442071419
1441927010
1858276382
2221433132
2201274959
1675824277
1441715332
1441698146
1441371835
1441219483
1441092321
1440965733
1440964589
2127661037
2049625613
1975357657
1928627691
1872030347
1742179491
1728419863
1416242307
1416030452
1415965392
1415927492
1415886848
2183591167
1440916123
2221828879
1440894835
1440814073
1440783747
1837170605
1415811123
1415661095
1415604815
1415601147
1415575449
1415552981
1415520928
1415516773
2219059887
1440780651
1440721373
1415372644
2066804843
1440643236
1440594292
1440526863
1440509469
1440294052
1440291572
1544265408
1440282892
1440274651
1782621071
1743260739
1605639367
1415364045
1415281043
1415274453
1415161079
1415131151
1415091572
1415055989
1415025683
1414917640
1414836105
1414798509
2125062491
1414637632
1486042137
1623488350
1440274589
1803973669
1414574427
1414487250
1947295650
1440238171
1440236248
1440103020
1440035303
1439950595
1414475820
1414420369
1414399835
1414390620
1811130181
1695578004
1439888677
1439855187
1439657827
1439603671
1439374992
1439373364
2131371013
1488633251
1439249644
1438956921
1774491317
2202111331
1890631291
1740691272
1438950820
1438892987
1438841285
2222073448
1769452364
1438827271
1438714571
1769418516
1438565073
1438556463
1438482251
2222194300
1518212633
1438480075
2222245601
2222245411
2222296279
1438177204
1438134383
1414339348
2222377887
2222370664
1414284820
1414225529
1414206803
1414179768
2222357077
1949614651
1807754442
1437991625
1437976052
1437647253
1437538412
1437137741
1925481590
2043919657
1437077552
1436813672
1436770321
1646372976
1436514577
1436470829
1942102528
2222592259
1662154577
1432760725
1413888354
2222476444
1436370690
1436343483
2222687343
1816834681
1647343585
1446493936
1413717130
1413628987
1413527594
1435936632
1435680386
1435677682
2212582824
2212704980
2212575644
2023553512
1413508497
2212791754
1413335521
2212822352
2222804155
2222678828
2060042005
1734949011
2186629587
1435569811
1435207363
1435044452
1435003491
1434798979
1780922198
1434755995
1434743544
2223122273
1434664210
2163924849
2126157693
1903635445
1682822628
1434660188
1434356200
1434255823
1434214807
1434143251
1434073495
1778567975
1434039463
1588979477
2099536555
1933263382
1854962096
1725918965
1475853137
1994454716
1413269540
1413239491
1527760645
1433599304
1433581329
2006003881
1899678190
1711337163
2114421937
1433567199
1433546215
1433524465
1433153524
2026338745
1681631682
1652930443
1413186777
1903512425
1946465971
1433112394
1433103004
1432995315
1432924379
1466237343
1413117731
1413106057
1432900677
1413090658
1412974531
1412879712
1702104289
1432844981
1432813335
1432619180
1631140850
1412823891
1412715469
1412618509
1412553421
1432414981
1432337792
1432265908
1432238217
1432025143
1431924392
1431476362
1431475170
1431381316
1431258404
1431252971
2013436488
1412425512
1412240963
1412168900
1412136388
2139023969
1412124421
1412105605
2212902405
1412071581
1412052397
1430965074
1430905392
1430578429
1430486754
1430480898
1430300633
1430239296
1430154073
1777073688
1411990687
1430112639
1429832770
1411772931
2067423722
1429736580
1429681778
1429582515
1429486717
2213149266
1897913327
1628371533
1429468473
1429444706
1429397024
1602535348
2213271164
1411750816
2097093791
2223302997
1429373173
1429294484
1429290255
1476065530
2023373901
1429229451
2223441379
1429206915
1429103760
1428863885
1428760300
1428753827
1428446187
1428402690
1428291181
1428269264
1428202925
1984805809
1860843140
1553099880
1411687698
1411667359
1411603820
2223521589
2223474824
1427749537
2223635879
1427683957
1879218363
1427554506
1427472621
1681942807
1411580496
1411549136
1411509119
1411484779
1604893897
1411463391
1411440900
2223675065
1853077471
1427346036
1427201840
1427161187
1427083760
1427040242
1426978404
2213475929
1426970577
2203565991
2116797200
1997318132
2082085003
2080179193
1967617628
1426893649
1426861843
2176688039
1624067463
1426738391
1687420911
1411243555
1411159095
1411126651
2172840644
2213789282
2213759985
2213757305
2213752187
2213746037
2213740431
2129025211
1937232582
1410892204
1410843531
1426709200
1426518827
2213896116
2213884127
1426467048
1426319439
1426289570
1426081748
1426017324
1425967490
1425884661
1425862691
1425821536
1425753291
1425727517
1795403627
1410666677
2213913912
2029550115
2213992105
2083044570
1410572675
2030805065
2001551416
2119442901
1744759699
1425642181
2223915093
1425625999
2223939979
1425578367
1425422675
2224048800
1899123764
1410492569
1410289992
1410219795
1410207781
2171428744
2213428127
1410083844
1410046225
2209988999
1409978128
1409844667
1409814964
1720379581
2214095721
2224244021
2224161309
2076355210
1910358211
1506906683
1409729225
2214120591
1409628491
1409510023
1409393841
1973300437
1409309077
1409185666
1409149700
1409119632
1425395372
1425016768
1424818829
1424750525
1424433261
1424417586
1424406129
1547584845
1409114859
2214294242
1409053659
2214312617
1409008069
1408717049
1521166072
1408648143
2214344469
1408529527
1424225320
1424139397
1424040504
1423969657
1423919387
1423807977
1423728419
2224332893
1423605141
1423247429
1423240532
1423057996
1486760051
1422925021
2224466405
2143511922
2005114375
1408477211
2055944521
1671949257
1422854659
1422845396
2214447892
2214425938
1408448363
1408383027
1408095441
1408061503
1407944588
2005802520
1407763057
1895111909
1422810511
1422799595
1422619869
1422497656
1457311464
1817256658
1407714468
1407682858
1407677880
1407631897
2214788359
1446524968
2224445711
1497882877
2224532373
1422352168
2224530539
1422301624
1422176475
2224566213
1422175812
2117677292
2065449855
1407566111
1407552581
1407371729
2224580216
2070971882
1731948681
2214933173
1407355816
1422116210
1422110123
1422107325
2224678093
1421878306
1421843698
1421841956
1421833628
1421623677
2224775992
1421546751
1421482452
1421342651
2224800233
2224793851
1421220125
1695662264
1815481016
1576998594
1421166281
2225007215
1421001700
1420835993
1710729817
2173993991
1969176648
1892873395
1420647184
1420576640
1420107615
1420024989
2215169343
2130291149
2080966599
1722317090
2090207989
1419916849
1419796007
1419655384
1693829027
1734124495
1488880869
1439634139
1438083573
1407327961
1407255957
1407214440
2187226796
2081071580
2215307999
1945392580
2215408151
1407207223
2225295907
2011736551
1407167151
1487612197
1407047032
1406991193
1406988264
1406977719
1406944601
1406939729
1406887836
1406860178
1406848393
1406774988
1979805897
1419596907
1815128176
2201431287
1903103441
1406700836
1406465440
1406426089
1406237895
1406003931
1789159532
1419393216
1419251661
2215456580
1930121709
1617118371
2225468259
1995177778
1419192625
1419114973
1419096547
1419044655
1418791068
1964883727
1405920467
1405910319
2003617733
1849312040
1418669621
1854022368
1893562123
1810446292
1584683543
1572942315
1418430741
1405800684
1405621106
1405529721
1405493172
1405419624
1405404706
1405386121
1405006994
1404970281
1404936523
1404860109
1404793967
1404783764
2180717778
1925567505
1534353683
2215597549
1404649896
2173685682
1404597516
2215664115
2054666398
2225649437
2107458383
2057817307
2008518492
1404555937
1404540061
1404504671
1404288042
2215746660
1404277752
2118288745
2016359928
1968776507
1907324791
1404157535
2129482627
1403993452
1403992737
1403805815
2215807672
2177053508
1901779765
1822106674
1530944161
1403795459
1403709563
1403652354
1403561108
1403414851
1426218797
1403295747
1418328903
1418323780
1418259709
1418240817
1418120381
1418110752
1418016608
2215980325
1403293648
2216034819
1403292676
1702468419
1403292015
1403192016
1660753454
1963899727
1755295333
1403055796
1615068597
1491045906
1794558165
2155752556
1518700714
1417945215
1635994759
1403038346
1403027039
1402872864
1402777745
1402713120
1402665929
1402615787
1402564490
1402546032
1402529655
1402527363
1402516277
1402425607
1402111912
1401910049
2216085741
2191374136
2105114918
1868737957
2225814817
2225804204
2186147231
2170011972
1870846756
1771066626
1488353654
1673310309
1417912721
2075433876
1930391110
1791609908
1583522725
1546749289
1899103380
1605757931
1417597639
1417527828
1562249341
1417497817
2216130507
2161399874
2059736746
1905495906
2226168247
2226056933
1752728456
1417435671
1416808252
1416658658
1416591256
2138398962
1462496213
1401795728
1401738523
1401561925
2226188425
2100105547
1416507229
1416474172
1416104946
1804879748
1416017813
1415909137
1415780210
1415602359
1415517322
1415485440
1415423800
2226381219
2226434431
2226418115
2226374872
2219575818
1415155763
1415149781
1415082728
2116160699
1414956955
1414849475
1414511337
2226563532
2122148647
1414458452
1414424069
1414379333
2059634621
1414358417
1414321361
1804227621
1756989936
1652203357
1521761490
2226706051
2226630114
1414293480
1414146119
1414073039
1413796928
1413492907
2055964838
1978433131
1413459618
1413452112
1413361416
1413147589
1413085427
1413051119
1652988493
1629429234
1426405955
1401541884
2091779184
1401354895
2093272245
1401211243
1401183055
1401182493
1413002888
1401066873
1462466469
1401055464
1401020485
1400908817
2216325481
1400844241
2216356020
1431425170
1400722235
1412872072
1412695140
2139765865
1412631075
1412422636
1412133944
2216375032
1400602500
1400443856
1400365279
1400296531
1400289682
1400167400
1400122475
1557854927
2226915645
2226913821
2226898221
2226837852
2226785408
2010288162
1412113828
2216651987
2084268857
2045262689
1916220930
1916201629
1679606449
1411994021
1411932579
1411788556
1400045724
2134610488
2216606375
1400028296
1399487271
1399430772
1399386608
1399375306
1977500255
1923809671
1399322668
1399164757
1617650828
1399131568
1905624084
2227072779
1984135607
1837938911
1612016457
1399075323
1398965561
1398902981
2157201196
2133080921
1609718021
1588076503
1418615781
2216806637
1970766934
1584861818
2197115356
1618297824
1398898825
1398697928
1398578956
1398569831
2217024269
1398475463
1398450873
1398317829
1398113408
2217116577
1491405327
2217115256
1761870006
1398092981
1398051101
1397996709
1397945602
1397902794
1397889026
1814735063
1791607677
1786444211
1411756357
2189977905
2040333832
1851943053
1654955054
1411737223
1411697913
2154908035
1411522064
1516463468
1489858389
1397856361
1411392757
2227155986
1654024215
1613940910
1543834927
1509535536
2191467698
2217283160
2213566069
2093038502
1720500724
2217332837
1411304893
1397639647
1397630077
1397605940
1397514818
1411240416
1411224168
1686112160
1411179360
2217378645
2217374779
1949416937
1397485203
1397481763
2217447042
1397260572
1397227423
1397109195
1397098408
2217525417
1397047084
1396954707
1396767759
1396411515
1744412585
1411151698
1411121191
2217561947
1396392963
1685882733
1411102283
1411046882
1410976724
1410898500
1963354874
1396258047
1396230943
2178943477
1987390403
1728030701
2023605653
1410747212
1410747169
1410595748
1640207741
1396219384
2217727314
1396108892
1971277108
2197413696
1416233564
1396082565
1395979448
2217922120
2217843479
2008968116
1395971216
1410560264
1410542773
1410528565
1410417457
1410405477
1562025757
1395945319
2218047693
2218004626
1395895965
2218091109
2218089138
1517615028
1395894196
2010467185
1686473075
1476630100
1410396939
1410259108
1410128693
1410021480
1410016189
2227373520
2227372362
2179563550
2218222066
1409960841
1409935051
1409875505
1409872965
1923475116
2186526311
1947684236
1937220716
2218327605
1856541766
2080145922
1763645239
1409826635
1409616650
1409535895
1467986498
1864041371
1409425615
1409373341
1409272879
1494771578
1622945913
1520764217
1395581283
1395467849
2137430055
1409261364
1409190205
2227535817
2227523767
2227603205
2227570903
1409018219
1408963593
2020331358
1408828393
1747367145
1408510223
1688065988
1395451564
1395411453
1395337209
1408474483
1408440823
2227705616
2169187398
1577811357
1395313904
1996960083
1978938370
1651019026
1395259344
1395093981
1952266308
1489527299
1465789972
2227756432
2003487844
1408427652
1408352912
1408335538
1408141901
1407797216
1407722885
1407665569
1407551515
1407456347
1407355624
1677471829
1395020644
1407346783
1394832524
1394815583
1960398727
2001292255
1394704415
1394690610
1394632471
1394607456
1407270359
2178142304
2049327781
1407155020
1890590766
1407058631
1407032927
1557816692
1812149490
1686919785
1564295403
1394520786
2055931807
1653530933
1559200249
1671278001
1394382088
1394250767
1394183376
1393925432
1393713809
1393615323
1393608273
2138432088
1822804431
1393436540
2218345461
1393402153
2228053092
2218356304
1393386919
2218396559
2227980363
2136865561
1701191211
1630942421
1851002206
1406995592
1406916245
1406874415
1393359587
1393315795
1393301973
1393177132
1393139320
1393092068
1393025341
1393015817
1392941357
1716581113
1392813076
1392807943
1392786039
1392635348
1392632400
1392521546
1392486617
2218819928
1549339809
1703255095
1406772705
2158903834
1406695523
1406673656
1406648956
1535673156
2165234991
1406162607
1406104905
2228383399
2228374635
2228344850
1392479931
1392476923
1994395564
1405851247
1697596703
1405828108
1405816156
1405764091
1405728731
1405713351
1392399789
1405453506
1392399557
2098630647
1392392163
1392323769
1410091972
1407358032
1405348027
1405218544
1404992736
2228617666
1689015119
1651628412
1404991039
1404973877
1404923396
1404864367
2228811079
1404633895
2228895675
2228846940
2027233505
1677854879
1400089159
1392314568
1392311672
1392303013
1624406229
1392266130
1918534269
1392222000
1392130525
1391941617
1391937279
1391834736
1778185981
1391773143
1391758594
2218893157
2228964243
1736293679
1664270659
1651928612
1404484564
2082893924
1949988565
1404420212
1404419757
1404372904
1722690687
1404291180
1404117213
2021785539
1794033864
2229150179
1404103639
1404101237
1825776809
1766640016
1615939185
1404061128
1403979010
1403882863
1417734904
1391549421
1740617348
1624862220
1403593465
1403474274
1630985909
1391445250
1391408872
2229329428
1904668246
1758401467
1403390107
1403345186
1624932033
1961227687
1403301111
1403280029
1403075011
1403072669
1403070968
1403015191
1391395601
1391231567
1391093153
1973259458
1391042375
1390954642
1390883089
1947956322
1390512552
1390394863
1390382549
1390359100
1390344367
1390252810
1390196063
1389953207
1389949341
1389944120
1389940447
1389881218
1389870311
1389844490
1389713644
1389712059
1389611107
2219006082
1711948268
1389580077
1389386700
1880484340
2156523014
1389368276
2219139960
1389254072
2100568654
1389092021
1389002972
1388953137
1388762424
1388715744
1388695623
1388302748
1544775143
1388166132
2229673617
1580312079
1539672147
1472068709
1771999554
1388092376
2219160178
1851906383
1388057943
2219182450
1388046653
1387990463
1387922658
1387805065
1387711919
1387703618
1387610885
1387601640
2229944691
2229868447
1425483244
2229963235
2229962627
2229959631
1402949477
1387275183
1387219864
1387144697
1426385471
1387123600
1386615192
1555600310
1386562892
1386550697
1386497940
1386403435
1386367906
2219461743
1690878024
1386305831
1386081097
1386039256
1385953599
1385732051
1385722513
1385584177
1385474872
2219592272
2219591475
1646328598
1385275328
2190159754
2219689599
2219699991
1835945717
1385237363
1385186797
2219757171
1781108278
1385043844
2219758053
1746614381
2219797160
1384948896
1384904498
2219844121
1384831749
1384828379
1402918241
1402820168
2230092480
1402690258
1402649442
1402619749
1470289153
1402583167
1402359170
1639017684
1402256765
1402150109
1987206523
1402130997
2230257960
2007129915
1962044667
1402053445
1401913031
1401902263
1401764571
2230444170
1849955460
1818372877
1772663225
2219938185
1715310039
1675714853
1615575260
1533008696
1964406264
1489958588
1483458254
1465681687
1384810255
1384608715
1384473418
2230454067
2219976203
1384404133
2220036327
1559337055
1639828353
1384370823
1933039419
1384301577
1384300524
1384083805
2220080429
1384065485
1384053395
1383915293
1383895074
1383840876
2220279161
2095654857
1383675003
1383578194
1383498404
1383482589
1383418299
2068361980
2220466882
1383336140
1383307959
1383303709
2220603311
1739164393
2220583408
1519879468
1858067855
1772886555
1682764329
1562910905
1403647660
1383178323
1401729128
1382955103
1382887765
1382876717
1382855468
2016263287
2015862076
1607183011
2124120576
1401725907
1382819519
1382779548
1382724244
1382690093
1401655029
1401645683
1382665103
2148342382
1382500746
1382373237
1382262031
2220636679
1382237808
1382232265
1382145316
1382010993
2100150032
1559243223
1401631080
1401478748
1401381141
1401335020
1591317132
2230621344
2230539195
2038633653
1381963879
1381941525
1401010025
1400992948
1381890160
2230679861
1400716109
1400632063
1648097674
1400609412
1400578637
1400472656
1400192272
1400082863
2220847586
1898118199
1400071410
2230930063
1738723127
1399872996
2048940725
1429201352
1381082333
1380960604
2230998517
2171106817
2119169319
1613528919
1399821497
2231087725
2230037585
1399779304
2231108756
1399697906
2220999309
1727183758
1399538967
1399516829
2231138995
1399363785
1399131419
2053840279
2018746100
1380940265
1380898152
1399005735
1380855717
1415147968
1398769627
1398542264
1398396696
2231167467
1398337727
1398161231
2231235849
1401011784
1380840875
1380830599
1380710276
1398082915
1398069620
1397853884
1397583844
1807568936
1397579058
1397544594
1397253343
1399064694
1396886129
1396616139
1396615264
1396578909
1396546496
1396529680
2220987992
2011469169
1931746355
1396355033
2221158611
2221231391
1380702770
1911474447
1396161124
1396155755
1661162344
1380295492
2231463615
2143589586
1396063160
1396030640
1395986197
1380028883
1379727048
1379719559
2221282145
1379719380
1379448448
2231672716
2231659960
2231629921
1395974235
2231721732
1395949812
2221311928
1379383637
1379355864
1379325586
1379237420
1379182604
2231818411
2231789432
1395930189
1395907505
1395753732
1395604575
1395517785
2231897049
1395447879
2231918065
1395400207
1728511623
1569900139
1532776736
1395394707
1395185428
1395070253
1394905955
1394885757
2231950056
2232003237
2231986316
1514216115
1449986982
1394584755
2159104498
1394583687
1394439711
2187105671
1394374404
2232141601
2232128375
1394334764
2221565577
1916188113
1882588516
1576808224
1379169160
2232286609
2221831935
2221798379
2221790555
2221951648
2221761639
1723066273
1396014376
1985975759
1831566680
1660490604
1394265333
1394250917
1378841351
1378700348
1378614157
1378449996
1394242400
2232223669
1394077608
1394033364
1394025027
1393999929
2222039887
1378296837
1378259864
2222118380
2222104731
2002432696
1864564301
1378128930
1378128588
1895363151
1874156676
2231944972
1378116530
1553234117
1538243033
1378046127
1776364863
1377993296
1377964484
2222296561
2222285138
1377840765
1859701828
1393920725
1393892178
1393852611
1911281156
1377817700
1377782733
1377700004
1377680399
1393742777
1412816018
1393604288
1680581344
1393571532
2232350738
1393543283
1599998339
1377672144
1377358327
1377323554
1377309688
1377257644
2222613887
2232471152
2222611065
2222609749
2197241405
2126883189
1637202167
1393510306
1930092979
2232627327
1708539087
1377021176
1376947007
1376718340
1393399917
1393328947
1853127181
1376689567
1393309570
1393021048
1392969380
2232686345
1392948245
1392916853
1392874633
2153365711
1392516324
1427057344
1986847708
1392492372
1392428786
2094423734
1376617933
1926414433
1604575567
1392197258
2222856418
1928919181
1633323955
1392152252
2222872831
1568284168
1556425556
1471428811
1445955997
1428931926
2222927976
1392007476
1391798251
1391672423
1391574277
1391491849
2233028455
1391372556
2233080548
1391281933
1390853145
2233171733
2219308965
2014950282
1977347219
1821670618
1454825295
1399184717
1689170709
1393657911
1376484867
1376463607
1376440499
1376315274
1376167939
2222889577
1375966276
1375939656
1375816752
1375765120
1375664700
1463523637
1435947221
1390744036
2233275636
2233228428
1390736796
1390712835
1390704707
1390460583
1390345017
1390331499
2101003457
1390302689
1390199321
2233396387
2233482948
2233474259
2233463857
2024255346
1390175472
2157516755
1390135217
1389833561
1389808940
1389789431
1389787985
1389780626
1634111872
2063817491
1914519814
1773903259
2091836862
1936888383
1615490014
1548557766
2174167901
2132244514
1487092306
1471922793
1389778711
1812900134
1375657012
1375645219
1375483939
1375365440
1375351147
1374965504
1389748491
1389365881
2233814979
1389323039
1389101667
1388982257
1701747530
1374960514
1374913696
1388803732
2233894281
1374881843
1374823709
1374791968
1398281805
1388687405
2233971539
1388589920
2034338091
1706159347
1388509931
1374788717
1374732004
1374626012
1374623753
1374606395
1374510024
1540756913
1374452482
1374385327
2223077073
1374337599
1388471904
1374231153
1373839373
1373780056
1373729027
1373678419
1388420372
1388389451
1388293201
1388202953
1373555280
1930920201
1724610394
1897313253
1373546875
2223291900
2223291708
2234134588
1373502274
1373395729
1849135016
1791428968
1761081376
2223375975
2223370890
2223311589
2223416868
2209084250
1672062827
1824383434
1373301799
1864604528
1668985668
2095106405
1373230171
1373045055
1563485428
1388168549
1388135255
1387856754
1795488960
1387743324
1387561986
2177804646
1805594027
1387272322
1387240060
1387075794
1387047229
2223715003
2223609491
2223546835
2171472442
2043500937
1386977282
1386835505
1386834488
1386828047
1957410758
1386819047
1386738245
1386675256
1386566735
2234366196
1386274720
1386259231
1386128925
2234408883
1386051192
2234456624
1386017475
1385969103
1898442173
1623817511
1458424376
1372721511
1372627036
1372619745
1372558553
2021017447
1543024789
1385921157
1660796938
1660308315
1372529218
1372473828
1372465057
1372412867
1372303560
1372189984
1372046436
1980776027
2234497314
2032574376
1371999643
1371942291
1385838835
2234587103
2012873397
1429181668
1371915387
1371780156
2185812258
1371777676
1371765200
1943432332
1825306339
1444439500
1371763927
2223671303
2160028669
1419191740
1385753675
1385683887
1385602336
1385357548
1424588794
1385136333
1385024821
2234764693
1384910996
1384606113
1384516767
1371654896
2234914100
1384404821
1384187391
1384035988
2234960427
1371632651
2181245590
1708731865
1384017171
1384013026
1383978388
1383972412
1371620783
1371447112
1474328036
1371444913
1383947525
2188794397
1371383500
1956785673
1383714093
1383706740
1383534117
1383493842
1371136328
1371133593
1371077876
1371013524
2235007095
1383487668
2234999639
2234988672
1383409475
1370973884
1370775347
2235078161
2235055976
1495021431
1383312876
1510888239
1383264133
2235200626
1382916008
1382886063
1382734191
1382482536
1382440975
1382435940
2224165755
2224067557
2224043999
2224030075
1959310215
2123782756
2221538132
1956441945
1816043664
2201914515
1724290037
1679317793
1972758063
2199607876
1382402772
1382355856
1572592057
1382301107
1789799824
2156604398
1381845436
2224232229
1667712105
1959897348
1601183796
2224352265
1908876332
1370582297
1369965368
1369932987
1369925852
1369900647
1369877977
1369810531
1369768525
2003008636
2234507612
2191605980
1872192413
1748372786
1381231719
1381201506
2230083084
1381191707
1381146519
2213432405
1907805440
1818653404
1381140152
2224423197
1369698208
1369687117
1369647389
1369179293
1381020821
1468512084
1368968159
1972353145
1368958931
2224669864
1368796011
1368754716
1368574249
1368534659
2224752079
1368518461
2224778293
1368490200
1368328967
1368226616
2044544124
1664798735
1516162662
1368208241
1368141039
1368092143
1368057481
1368043740
1367827970
1367825251
1367757085
1380905883
1380646772
1995762056
1380541585
1380336386
1380329042
1380260051
1781547721
1621329727
1367712315
1367679997
1380232125
1380179765
1380041649
1379987467
1379846307
1379835745
1379746850
2224072991
1379606208
1379581212
1379532267
1379288807
1397578441
1379195881
1379047025
1378960601
1378911217
1378888139
2191609262
1378885661
1595422450
1378858952
2235305298
2108161030
1378791810
1378706260
1378675863
1378644411
1378592050
1378563803
2095676489
2224999856
2048414329
1378416604
1378384675
1378235138
1378218613
1378117885
1378114674
1378114114
1894559025
1833895940
1662229060
1367561781
1367397360
2225081119
1367397081
1367347977
1367328804
1367215721
1367004997
1366941264
1366938509
1366631941
1366470484
1366420523
1366212773
1366211536
1366156155
1366141763
1365992943
1365949661
2225249890
2235648509
2235711372
2235566052
1685192827
2235801607
1634163110
1378074163
2235850788
1377906913
1961385314
1464677513
1365740649
1365462301
2235903584
2235876082
2235865561
1753232204
1377731330
2236003069
2235995171
1732728831
1608834595
2225427877
1377583203
1377459939
1377323033
2028436982
2225374801
2225371909
2225307413
2225285821
1904663128
1836905666
1878391135
1365432265
1365316657
1365192036
1365189829
2000729729
2225601853
1365125472
2225623141
1582708028
1365069202
1364982411
1364920964
1857440929
1377287249
1377255777
1377111205
1377698885
1377029240
1376970492
1364824019
1364810417
1364787992
1364675210
2236243970
2236189143
1708157416
1364660087
1364652034
1364570025
1376824635
1376822107
2060087530
1376794792
2104437998
1376789740
1376751693
1376593229
2236389810
1376585195
1376548777
1376318044
2236475812
1376098215
2236550065
2236516999
2102451377
1846438684
2054121928
1993882911
1538999795
1364383445
1364227939
1376018381
1375914425
1375881428
1375810637
2122208440
1690210603
1856571502
1364045612
1363936800
1905321893
1363919564
2028952274
1706218886
1363870930
1363659157
1363625673
1363599548
2236597232
2199824567
2136813095
1843427269
1829266244
1758794706
2120205122
1363387181
1363371351
1363165907
1996388020
1375803463
1375733912
1375676575
1864789751
1375618436
1375551893
1375508587
2236759644
2236754225
1375460440
1375386756
1375311976
1375018335
2226216211
2226180815
2226125692
2079969671
2085134133
1374992264
1374963767
1374947907
1374591754
2025562168
1363047608
1648758608
1362972536
1362847789
2236841516
2116924188
1930484392
2226523520
2226498669
2226460755
2226425203
2021109508
1857225012
1362682104
1362511056
1362440635
1362274929
2163884346
2226626419
2236959348
2236982496
2236937105
1653239728
2226738863
2226699844
1876505094
2237059827
2237042924
1783818961
1698412557
1362212761
1361943865
1361754481
1374419554
1374381908
2237042539
2237066882
2121532253
1511453971
1374334213
1583875711
2226885933
1812925263
1767714004
1379631337
1361513949
1361512194
1361502457
1374228457
2237168871
1785352857
1627190361
1361355787
2226943703
1361298628
1433071215
1361290975
1361188315
1361134397
1361125757
2047655806
1361115416
1374040376
2227022763
2227018021
1373909895
1894028428
1373876699
1424239102
1373875421
1373872132
1373419264
1373404399
1373362239
1858557814
1373280844
1714664370
1470497468
1745787009
2206428324
1361003672
2227126210
2039805758
2227095277
2227128946
1361000107
1915998391
1707861423
1687064823
1360971757
1360785896
1360711138
1360692384
2213733755
1360667765
1360607132
1360585264
1360467957
1360462408
1360335540
2227265561
1360287627
2237148471
1843647563
1360249343
1360207668
2237386643
2237382740
2237251757
1360166802
1360143383
1392203974
1360115360
1359832074
2237446220
2143311769
2012568256
1621736265
1373154737
1615897943
1359743779
1359732093
1359724369
2227304916
1373127263
1373099276
1373002837
1372873672
1359650477
1372847639
1359472456
1359330048
2237606079
2237525634
1372653139
1372544514
2151239323
1484445112
1359319253
1358840002
1358757753
1906862523
1358666668
2237683051
1795468873
1570182252
1358568588
1888155210
1358554793
1358528580
1358396066
1358117231
2227382199
1358035955
1883016668
1694563119
1357892746
1548832482
1372459735
1372329719
2237758831
1372265559
2237858811
2237814803
2237786480
2237783309
1372237216
1372197384
1372149032
1372059245
1371879447
1371862660
2238093043
1837957544
1371731267
2198640955
2081705072
1357750072
1870525595
1835270577
1371605724
1357668785
1357502316
1357438345
1357395338
1357375928
2238337617
1371602380
1371543426
1357261940
1915386624
1637967461
1357088559
1356780023
1356761943
1356695457
1356692321
1494263687
2227596883
1929876052
1422184226
1910869234
1356643602
1356609181
1356469623
1356376911
1356240482
1525613838
1356209419
2215846281
1356147575
1356088229
1356079008
1356051629
1356039607
1355873867
1355819289
1355752683
1355727867
2227806149
1355693711
1355638715
1355587761
2227840369
1896981894
1355520703
2173205995
1970691260
2227905819
1355390061
1549752871
1659468399
1454177907
1441562203
1371414932
1371389193
1371276956
1371250372
1371242581
1371235730
1371077024
1370935442
2228126472
2227998749
2228187108
2228158565
2228140930
1877691575
1869622578
2227978677
2227960112
1739628548
1370669488
1448416396
1405469919
2228239843
2228238460
2157324906
1370452583
2227930053
1986991619
1370436019
1370360671
1370092435
2173839266
2075573821
1932572125
1824376152
1815658777
1642933740
1458869171
1441883657
2101847391
2095793561
2019666211
1370061332
2068760943
1864092556
1370515584
1355337653
1355293556
1369969714
1369921641
1369916380
1355281010
1355095115
2032666849
2228377681
1457583099
1369731288
1369658789
1369640600
1369551503
1369551224
1369486585
1658665937
2228358589
1355030828
1355011687
1354970559
1354924957
1354706741
1354577378
2228493103
1369425624
1369410205
1369274114
1354364321
1354158007
1833673497
1354105347
1353908852
1353860146
1353748069
1369237219
2013893837
1684922237
1450825823
1353709115
1369223394
1369127923
1353656596
1353542983
1353482879
1353438087
1368936624
2178162745
1368861090
1368788537
1368679401
1368510165
1368509227
1368454687
1368443785
1368368744
2228744925
2040729858
1949583236
1368323440
1368225937
2228885599
2166323704
1365757194
1353274264
1367912383
1367718499
1367664635
1367479259
2096672251
1982881979
1367411952
1367342706
2151220376
1483319018
1876331331
1814013047
1783695065
1367309421
2238431584
1367252509
1367064279
1367022483
1467377801
2137461751
1353108991
1572730334
1366847947
1366726269
1366712903
1412332221
1389849369
2043945019
1423086614
1366490423
1366397324
2238525919
2238586883
2238586156
1366148098
1366141576
2195834077
1382676134
2238726663
2238692336
2238656347
2091999574
1353096968
1991452875
1353084820
1352888223
1352852711
1352589643
2228934257
2238436656
2174334801
2145156009
1938406971
2064350042
1751947541
1499182550
1352588840
1727117379
1646824565
1366031445
1366024663
1366005597
1365894579
1365855557
1365711063
2174000738
2102648098
1815308430
2168601280
2105511476
1977448171
2209989788
1926526357
1894932603
1868223208
1588831018
1395722877
1365645459
1365549288
2014156434
1689826204
1761000873
1365466232
1365362644
2206175349
2032046129
1522116110
1365352497
1365307772
1955739092
1579421636
1442312008
1424340185
2238651189
2079350800
1365161585
1375695680
1371372505
1352375868
1352278930
2228982953
1352270568
1352226984
2229026856
1352035793
1351974501
2071596930
1351966347
2238813576
1952485516
1940369487
1718890844
1447113837
1365158251
1365150860
1351928868
1351678297
1365111268
1440509905
2239140421
1492635488
1351673507
2170039552
2239104029
1365095413
2053662099
2052011172
1351635091
2125124296
1351321909
1351313595
1600596029
1350811512
1350725349
1350691077
1350621041
1365080211
1365038121
1581688413
1516226190
2146467682
2031029462
1365037311
1895094804
1364956324
1364810596
1364772715
1364757584
1364729861
1364723272
2239282148
1511894253
1364614703
1350401186
1350379717
1350253823
2229309487
2190897621
1364432287
1364262275
1364139747
1364040265
1470024662
1975817141
1865349120
1363907751
1363770853
1382094847
1349981688
1742167032
1363451435
1750944237
1349969399
1871754067
1363394248
1349923795
1349697524
2064555193
1349687957
1349624229
1349222664
1760336395
1507229153
1363315695
2239417745
1363184053
1363043691
1362806065
1349160719
1349145938
1349062547
1349057586
1574705081
1349044849
1348945203
1348929833
1348929282
2207419625
1936076645
1362370907
1787237100
1720422871
1823904687
1667609031
1362320260
2239620147
1348720743
1348705252
1362277280
2239659993
1362116738
1348661103
1348657211
1659952311
1630586670
1348587327
1419925320
1362107651
1361950002
1361945339
1361860037
1361841341
1361683523
1361623005
1348415451
1348259633
1348250143
1348175893
1348173915
1361150768
1361044479
1361003409
1360970924
1360930776
1348164482
1348040117
1347958832
1347937076
1347783136
2239838519
2239757284
1360810191
2019700134
1801849819
1347654820
1739001526
2229494099
1347557781
1441438604
1434903458
1347480901
1347393105
1360638242
1360608583
1360595117
2229565762
2229546824
2229543912
2229523504
1627400660
1347155483
1544942719
1360589730
1360506937
1360235961
2239898768
1360077605
1360047847
1360043303
1359704067
1359609113
1359603591
1359538755
2116430501
1886778072
1346990453
1346942180
1346938105
1346775042
1346688776
1346667372
1346593835
1346571249
1346496461
1834295602
1835310929
1835047554
1710839463
2229608303
1803069399
1646999594
1359453785
1359360236
1359192945
1359192767
1358961344
1358818578
2221928893
1619217535
1358815268
1358795225
1358591276
1358564169
1651479411
1526479791
1430851437
1346495237
2229690043
1346472901
2229708639
2229736205
2229727348
1786710104
1554002502
1938269808
1726254419
1846554351
1450417533
1346446825
1430251356
1812709148
1465443358
1700221296
1358538300
1812248094
1485102008
1427048219
1346251235
1855799482
1684224871
1376175276
1619503993
1346106952
1346103215
1346087023
1682635536
1358529193
1358493881
1358460895
1358402271
1358243823
1358097757
1541084807
1346015371
1345999572
1345827081
1345717947
1345647783
1345519791
1737812049
1658221777
1357632927
1357557938
1357549629
1357476722
1357261996
1882436806
1759860064
1345274152
2229903794
2229903289
2229898780
2229887712
1947607410
1345261963
1583567325
1382556827
1370096935
1345240803
1345239733
1345166861
1345054284
1344943007
1344881991
1615014495
1344870404
1357203123
1357117397
1357035405
1356716232
1356700875
1356590053
1624464745
1611589157
2082494321
1955961156
1928054759
2220836832
2240414393
1356453628
1356369289
1527310636
1753738553
2240499677
1344698033
1356268663
2203470641
1344675476
2240525570
1356150383
1344523512
1344504045
1344478775
1344398825
1344342652
1344338265
1344329785
1344137079
1344107596
1344098569
1874169697
1746804879
2196826131
1719660346
1356111733
1356090098
1355987063
1355979586
1355909448
1571672004
1355708103
1355699261
1355298004
1355260852
1355224724
1355223084
1355153573
2196178119
1787094916
1355114515
1355054411
1354908208
1354824146
2240775508
1354779199
1354724985
1729998002
1536063357
2240844127
2240815570
1820865527
1600573767
1354566485
1354329536
1971567967
1354322995
1354305953
1846423883
1344075627
2230077372
2230074514
2230059932
2230058643
2128777094
1984525764
2241006607
1354256568
1354166361
1354134217
1704843951
2159137436
1344004747
1343967197
2230208800
2230230901
2230207272
2185407845
2112399789
1343914460
2017713425
2241198813
2241160849
2050486705
1343845179
1343842483
1343762449
1343739688
1343733555
1343501335
1343227314
2230277411
1943737260
1596467596
2241086595
2183053245
2138427544
2013319794
1504773873
1656826961
2230346820
1342887104
1342824095
1342619788
1342553069
2002271538
1353929859
1353746786
1353714857
1342552545
1342525951
1342400991
1342173491
1342037213
2230465442
1473944875
1449190950
1341800140
1353633236
1353535945
2241375740
1353525871
1353358693
1353314721
1353267611
1353190803
1353141703
1352993954
1352971051
1352949944
1917473654
1352903716
1352862735
1352720416
1352395683
1352346820
2039158484
2230669683
2230650738
2230621183
2037787441
1637193127
2230715099
1352333081
1352278603
1352141897
1447500266
2197171505
1351979131
1351920925
1626790808
1341703073
1341675928
1341455464
2198764346
1341413972
1541332780
1680962943
1351767733
1886481985
1351744236
1351744112
1351586617
1351578148
1729472798
1351545351
1351516367
1957420503
2230733157
2038734360
2230747423
1487527684
1341389167
1341194613
1341004671
1340955005
1694615180
1340808465
1340707373
1513686580
1351509047
1351362843
1340616016
1340506925
1340451052
1340449368
1340415785
1340239572
1340224905
1340172651
2230812404
1340160753
2230856368
1340052256
2111802138
1804976856
1893153648
2080195150
2067159633
1340019111
1339992873
1339970867
1339932935
1351221897
1351191764
1351012452
1339932557
1350899145
1350716397
1350711715
1350603256
1350529333
1991922532
1339865805
1339833380
1339798743
1350390619
1350290445
1350254223
1350205488
1731639319
1339773161
1350191784
1350111116
1350088457
1349970668
2231062013
1339770748
1339714929
1339691903
1410524406
1339690164
1339671699
1339667357
2231216035
2231262611
2231244393
2160672536
1764669656
1349781329
1349718341
1349675381
1555069567
1349663253
1349508368
1356587681
1349469362
1349373015
1893558717
1349365985
1349274060
1349260681
1348961480
2241747105
2231358357
1348849276
2241826116
2207661010
1348839185
2241877042
2231427972
2231410576
2231343207
1975635117
1645250937
1449872557
1339538040
1339500888
1339419721
1933433071
1799706546
1348799411
1348700377
1348281344
1348270800
2053243979
1695001754
1521194747
1348258167
1348248208
1348148169
2023120730
1348116498
1348110397
1347923525
1347742898
1820914134
2192479742
2093760730
1643625623
2037312220
1942890096
1928079101
1758288649
1468050973
1448114028
1339380725
1339132129
1347674045
1347649796
1347589075
1516499682
1347588489
1347484701
1347415285
2242031044
1826700899
1416542342
1347268841
2242143199
2242159289
2167448491
1906492389
1815665858
2231517537
1339037004
2231671701
1339011459
1685451833
1339010839
2242234551
1573076095
1346722946
1339009907
1338837280
1338789547
1338785108
1346625041
1346398756
1995205644
1346216988
1346124338
1345948904
2231931180
2231764337
1492381415
2069703964
1852479055
1338778041
1338694495
1338362252
1338245965
2232039083
2232023538
1372337009
1345728779
1345714184
1345480700
1862379842
1684423450
2091573416
1338165653
2232150724
1338088733
1338045448
2232194208
1338015858
2242283411
2155313728
1563475341
1345415336
1726101897
1345290386
1345262818
2068812562
1953883906
2232380060
1566960743
1345248260
1345080487
1344973200
2037943347
1344915692
1344880876
2232399225
1876675036
1708126332
1489723141
1337208033
2242539881
2242495904
1896506163
1963688135
1473938266
1337166068
1950984948
1815607268
1491490136
1337152059
1654996265
1494207753
1490844260
2232614680
1336917267
2232665131
1390801141
1336346235
1336307107
1336272308
1336260839
1336257456
1344815555
2232774994
2154665646
1335977427
1666875884
2000322416
1465990543
2232758864
1335862347
1335739408
1335706168
1335677223
1335460696
1335449053
1335428706
1816969055
1335356093
1335208599
1695235874
1335196688
2232980083
2232978937
2232961468
1335181139
1335179017
1335139775
2233042615
1334992873
1334927679
2233040327
2196119950
1344806532
1344666152
1344612883
1344480852
2233278050
1936173104
1704620303
1334897956
1334868080
2233412647
2233463280
1367223625
1334847019
1334503171
1334324191
1334196515
2091666007
1756482114
1587840242
1541929691
1344363491
2233588063
2185249676
2233647522
2083133175
1366863540
1344323221
1344300395
1334043967
1511435475
1333958036
1333898653
1333877695
1933224626
1841309893
2197183708
1643177035
1344064591
1344018665
1333853317
1333809592
1333777459
1545046546
1830338148
1343899719
1343791511
1343749458
1439991930
1343721437
1343619664
1343592211
1343581341
1343494690
1343486420
1343420340
1343355885
2100947744
2242712553
1343121896
1343065168
1343017675
2242751442
1667683019
1333717767
1343017163
1342993279
1342979149
1342961243
1342929058
2242817139
1333596345
1333437067
1342891123
2148288535
1918523516
1342826445
1342772375
1342606207
2174344466
1342510067
1380286084
2242887388
1342496066
1903422008
1333296465
1598758909
1342397251
1888592680
1782022119
1342371297
1342346911
1342309645
2242983151
1342246953
1581230672
1709205444
1682125578
1342222020
2176094025
2243180383
2243099458
2158118761
2140783864
2243068818
1724383086
1723163375
1365625847
1333258103
1333163711
1333148577
2089469055
1502401839
1342150029
1342141651
1342113077
1341901135
1341864475
1341765700
1341721967
2197181032
1972199775
1872184791
1333044073
1332959385
1493398197
1389002428
1332767096
1660233997
1404276486
2056924432
1332675941
1332646119
1332576712
1332431375
1332415810
1332410944
1332385648
1332346544
1692844506
1332267944
1332103084
2243233299
2243304291
2243226851
1588471449
1332002513
1331911071
1331894113
1331875236
1331794149
1331697954
2243203440
2243192201
2233769676
1331671042
1331667111
1331650439
1331547888
1331539756
1331450344
1331339044
2085034271
2053781716
2233901031
2233881533
1792897652
1611860485
1444027529
1387405550
1372009728
1346564018
1341619148
1955217421
1341454565
1341435555
1341392237
1341226485
1341176092
1341175399
1341171273
1341013688
1340929058
1340903397
1340854840
1340683981
1340638353
2243626437
2113633951
2052699041
1874258240
1400831760
1331084719
1374509897
2243666176
1340586759
1331053728
2093447584
1716923829
1340456296
1340353257
1340349700
1360250411
1331040018
2233958172
1330971672
1330780895
2234039076
1629208947
2234023121
2234111213
1330775587
1637892699
1422986779
1330769716
2234188109
1330725923
1330674656
1737734028
2243850084
1645023902
2234252187
1330652263
1340281324
1340276709
1340062633
1340021161
1642925733
1339804296
2234249954
1803671371
1339771247
1339768112
1339653199
2243929083
1339624239
1339583872
1330574531
1330462483
1330290921
2234298659
1330284427
2234311512
1330283179
1330274530
1330221388
1690512753
1630023107
1339534082
1330182387
1339422825
1339397229
2108559977
2181416933
1339197712
1879243335
1373863543
1363147714
1330142117
1364389888
1330092263
1805218072
1329879735
1329607147
1329440652
1329344152
1329294000
2234462675
2244146005
2244104905
2244097467
2234447733
2119980002
1882706930
1339175335
2201743944
2165360969
1916917349
2234516731
1864108171
1876872710
1593730085
2234536820
1329226300
1329196396
1329044701
2234643232
1328980924
2033154831
2089026099
1604443039
2068200371
1864627255
1328875212
1328732299
2007014183
1366066525
1339087164
1328725189
1339051939
1328714449
1868215058
1338950148
2244381553
2244381272
2244472429
2234869627
2234862775
1328689061
1742771256
1328577692
2244605411
1720533589
1328187963
1328033611
1328016012
2235120952
1327879880
1327462205
1666422608
1486956425
2244637152
2244585260
1327444273
1327423700
1327407484
1327375885
1327043607
2244564365
2244559185
2244462873
1327011897
1326918257
1326819783
1326572465
1619680759
1326548312
1326470219
1926514435
1896457308
2244732531
1556050479
1490425533
1416574539
1338799431
1338610963
1928813864
1338512889
1338471089
2104009396
1644254980
1326403461
1326190319
1326163113
1326142715
1326052443
1326034063
2223781256
1775648227
1351018009
1338461033
1818947507
1338365856
1338353041
2244853877
2235479551
1326029320
1338278268
1910506475
2244826296
1338254706
1338204936
2244866751
1338036493
1326021911
1325856146
1337967304
1337953225
2245001207
2235618616
1325809176
2245071121
2245025495
2244948733
1325782904
2244939349
1325717509
1325671872
1669202828
1628154524
2245084539
1528157392
2245211324
1488793506
2245238663
1433602920
1846776400
1923029390
2223427887
1828869308
1684177118
2185928088
1661107820
1372709123
1890720789
1357215151
1847426467
1515943668
1340964809
1337939241
1337927282
1337747315
2199926642
1325635780
1325541001
1337744184
1337619600
1337571618
1337528687
1337505989
1337464178
2245378722
1337451961
2245366609
2003772886
1337313333
2216899549
1918053899
1568054789
1325528861
1894959822
1617631259
1325528284
1325512226
1325508748
1325364128
2000425228
1597045101
2120598223
1535015625
1337290323
1337281458
1337203100
2245640387
1337094475
2076633879
1956420553
1325347744
1325299595
2245680441
1933029464
1337063531
2245716424
1336943042
1336910411
1623064765
1457974405
1366628594
1638053051
1325240657
1325189253
1325137746
1325082404
2235765900
2245784601
2245741805
2122353579
2169369391
2152937594
1844814769
1324586020
1324259816
1324236764
1324141820
1324069936
1324061458
1924869204
2245872589
1886417892
1807716115
1694981036
1709867671
1324009671
2235885293
1323976508
1323975685
1746159166
1654979452
1336881764
1336867580
1336730861
1454532799
1323875637
1434756649
1336316251
1336032467
1335934811
1360961717
1323800237
1323687901
1323600524
1619354016
2120272048
1335903417
1335736197
1335698908
1335411538
1335380596
1335336306
1335212098
1335196642
1335185778
1335097373
1334995103
2246063756
1334989849
1334908077
2246126309
1334907136
1334884689
1334495769
1334443618
2246222845
1334415576
1334198437
1414900126
1334075432
1334006681
1333833944
1333802755
1333600645
1333573827
2246424571
2236319716
2236199651
2236114603
2236103650
2246495442
1944452006
2246584548
2236488632
2235979845
2182508401
1667869625
2236553908
1632275244
1582252072
1643261893
2246699361
1442799613
1857799493
1599943779
1412780571
1323265111
1323242752
1323066594
1323002274
1322825160
1322802665
2236587379
2228411005
1689931913
1333497399
1361897875
1322788139
1322761500
1322549488
1322530488
1322504215
1322445987
1322410204
1322326381
2236729955
1322221287
1322216459
1322003986
1321979875
1321766296
1321691618
1321640839
1321539004
1321271441
2067751838
1321242493
1321147317
1321052233
2236776107
1320999305
1320980768
2236879813
1320966776
1950065220
1333413009
1333397157
1333388629
1546881970
1507948069
1624053949
1755326818
1805967117
1544814679
1333325225
1333321112
1333104619
1320938948
1320899204
1320824255
1320600136
2236974671
1320593096
1320468043
1320161373
2246843995
1320036420
1851764019
2034311982
1704934349
1320003124
1319811506
1319538065
2246959285
2246924848
1639285650
2246988652
1559448114
1333026611
1333007177
1332911650
1332610149
2247082536
2247080299
2073204818
1361763339
2247063164
1332594071
1332515348
2247162495
2247119368
1332388615
2237054916
1319138552
2237073289
1319103263
2237094786
1319089144
1319004099
1318916816
1318805485
1844647195
1709209195
1318652456
2095103177
1332376080
1332353489
1910620402
1332307216
2247241570
2237321448
2237283268
1405791245
1318573707
1318501813
1318433712
1318432516
1318366738
2237464657
1318315496
1921027173
1318290039
2237507571
2247339625
2247458423
2247450469
2247379648
2247316281
2247289805
2100475376
1914630227
2247513347
1984264917
2061310162
1887009471
1342160789
2141943848
1332270844
1749054892
1466234883
1589179319
1332262612
1332230343
1322037523
1318275373
1318175245
1318032293
1317880768
1317795040
2237544914
1317704002
1317678916
1317630059
2247712931
2247682964
1317430544
2247643161
1835173971
1332229084
1317231767
1317087725
1316995283
1316909625
1316863020
1316860032
2128537613
1316852484
2237765087
1316759755
2237833079
1519622939
1332217847
2223247251
2029313604
1316726875
1316702946
1316658672
2237870915
2237868203
1815681905
1845047059
1540614752
1847063871
2247904677
2247867688
1929649241
1316538631
1316309140
1316300308
2238091497
1316287835
1316273477
1316203115
2247923695
1593025023
1316170460
1316115895
2208719107
1806615913
2035897286
1316114569
1315942421
1315779519
1315712443
1315696792
1315695378
2179479433
2169599933
2093251808
1315676085
1894005625
1976279649
1877327400
1402650280
1332179023
1315635313
1315527596
1315507330
1315489639
1315459620
1647115778
1315257724
1315052880
1314871192
1314855407
1314792136
1314656130
1700208796
1332114013
2247988939
1640382054
2114911467
1332111909
1332049719
1696733279
1331970816
1860547825
1362120593
2229154217
1399579899
1314653792
1314478685
1314469831
1314434929
1314389009
1314126116
1314113851
2248084549
1314077532
1314050335
1314003180
1313886644
1313848195
1313785105
2248190048
1765432703
2217195299
1313738079
1313679513
1313642257
1313498428
1638802994
1331947173
1331885139
1331794508
1691830240
1331793826
1473524948
1331692319
1331597805
1680998512
1313413328
2133061533
2107865365
1331370260
1451028798
1331231276
2248295877
1785188456
2238761203
1648434481
2238769144
1526877400
1313410617
1313264800
2248389298
2238830631
1634485445
1368958365
1313196048
2047032850
1850654004
1733961017
1331178185
2151214302
1331163538
1331143711
1331047746
1827593287
1330941929
1330936045
1330895921
1330673244
1330573545
1313051936
1330517945
2248586892
1330488208
1330481879
1330186553
1330012533
2012323684
1329903825
2239194599
2239132615
2239016828
1369217645
1312962441
1329813352
1801011988
1312910928
1312836073
1881393827
1312710236
1958566368
2248974213
2248955599
1931119383
1312627973
1312551593
1312521929
1312265879
1312003663
2248877503
1679511922
1311971988
1311960124
1311956345
1311949714
1311862700
1311850459
2249060725
2249047829
2248869081
2090088013
1831038815
1651107595
1647401945
1554327386
1311848631
1311781432
1560130734
2036023285
1893222813
1496879824
1766029709
1413807701
1329811109
1329796604
1369574585
1329698976
1329650304
1329507632
1429437381
1458408801
2215204697
2069404556
1329464292
1329445863
1329352172
1898505816
1766789320
1586835049
2239392037
1412892396
1412286948
1311644719
2239480655
2068930819
1993943848
2105041305
2239477016
1643541768
1311546029
1311381976
1311373523
1972450399
1708402754
1548996736
1437372633
1408844447
1311235296
1311120561
2239603084
1310879529
2210592889
1310821247
1310815476
1310772480
1894199213
1782448308
1310704099
1501173259
1310629771
1310567698
1843365599
1310548032
1310537740
2239714284
2043627183
2036789397
1689824351
1574423468
1901590597
2081683059
1526347404
1379775487
1826511917
1310456339
1310240953
1329294921
1329212273
1329168649
1328986809
1394846865
2249169889
1757064243
1569428759
1310215906
1310189197
1489219406
1310065567
1309924057
1309825888
1309811827
1850331397
1718316911
1446048354
1328923167
1328866131
1328852401
1328795001
1328786663
1328609044
1455300303
1328574946
1328536185
1328427228
1328364689
2249185511
2249169300
1709899773
2249226752
1445670155
1328293821
1328190320
2190762847
2183025295
1328188308
1328125427
1790880549
1475220563
1328014427
1360851426
1862980647
1309758087
1309734943
1309711251
1309693228
1359222951
1327988039
1327922885
1327794227
1309675019
1309658388
2222986769
1309624647
1891040981
1837098153
1638672480
1327619901
1552524851
1327532639
2249349154
1327415024
1309557948
2249393496
1626086022
1327396857
1327380187
1327365720
1926009901
1327307463
2157689362
1309485500
1583373994
1309460965
1309328799
1309156659
1649869096
1587663686
1327165903
2249440285
1537361486
1327118413
1535459701
1326834952
1308692692
1308677171
1308555435
1308550585
1308539923
1327050097
1308452892
1308093839
1308041777
1791970131
1326934623
1326740179
2249497168
1308031703
1308027844
1307957779
1307807667
2164693667
1307624557
1307595045
1320116520
1307557425
2022336077
1743995817
1624028602
1326705555
1326661129
1326645507
1326401008
1326383437
2085554984
1353863648
1307403548
1307374388
1307247501
1307187040
1307186923
1498883169
1326356450
1326309965
1326227448
1307079560
1306993452
1306981103
2249635468
2249602587
2249585699
2005027671
1945005305
1447389463
1306842172
1425530598
1326178141
1306832543
1326164411
1326056637
1326025005
1326005175
1601321926
1306824261
1995750475
1306800036
1306650009
1306132819
1528710492
1325874007
2249787826
2249783544
1889355748
1325779159
1325677432
1538835103
1325643908
2239814811
2239797473
1843333791
2239879221
1463292377
1707028127
1306127793
2239960049
2239949049
2239932092
1969643591
1449644567
1306085600
2239928221
1306067675
1305909264
1305541893
1305378996
1305271307
1305040945
2240065746
1304987357
1304952661
1304890647
1827761502
1769126377
2077222699
1811936853
2250050292
1808251717
1705486139
2250126505
2092727010
1870743052
2163872046
2004041736
1862495890
1824109439
1815896614
2180691578
1891659878
1819803903
1578697386
1549612752
1416518762
1304528891
1304448787
1304282165
1766657636
1754491012
1652270671
1543375249
1461800988
1304132685
1406623570
1325628904
2250330864
1519163358
1325594917
1325389527
1325369531
2250450456
2250486767
2250467755
2250412981
1431482059
1325246873
2218663424
2217683252
2209720557
1352754203
1304111119
1304097824
1304033292
1303989165
1303850779
1303707589
1325238227
1924483081
1325221668
2250619796
2225832009
1725114191
1710610007
2250652389
2000168659
1687099172
1686611545
1325277235
1325106579
1325095829
1303605555
1532455557
1844303962
2250804172
1325074127
1988460578
1755050798
2179880063
1413618157
1755514771
1324841547
1324753992
1412770233
1842514257
1324498076
1324095250
1324058557
1324041321
1323737256
1323590903
1323579225
2250946485
2250933015
1323542629
1323410283
2250982149
2147722255
1370710402
1357126927
1303414288
2108345637
1463421172
1834091396
1323332364
1323159945
1303369636
1844950333
1478477664
1395530419
2251040527
1713631463
1303289320
1303175536
1303070229
2192732840
1303026223
1302984212
1302951516
1302849900
1302805844
2251248859
1302796051
1302380829
2210208196
1302298082
2251296987
2174862521
1656868954
1448068862
1302229967
1302062199
2251141055
1827484687
2251391899
2251116949
2251076147
2251048537
2117990880
2078597223
1946222891
1759161799
2237613733
1585940923
1302016785
1301869456
1348540213
1301860978
1301686669
1301507477
2240594909
2240615985
2240571760
2240566420
2040343991
1734899535
2251780275
2251699693
2251811167
2251794804
1560527849
1543756624
2229006281
2147952368
2025301532
1775734201
2251860893
2139707144
1594044834
1530176744
1472323551
2137556418
1385816287
1323433641
2240801298
1301502880
1607542123
1491800495
1407778880
1391002007
1864056260
1675456433
1322816557
2252036172
1322729339
2252073485
1656901566
1322606691
1322343149
1742984242
1301473378
1301240123
1365093175
1301098265
1300849388
1300802370
1300743273
1300741984
1300515976
2252326681
2252293460
2252266592
2252214384
1300509319
1300402855
1300315136
2228226850
1300290315
1299841871
2252160276
2132267825
1499804576
1322263027
1322088933
1299811403
2240796717
1299657517
1300566786
1299608708
2252209417
1944570851
1322072239
1321985624
2050035348
1299523923
1299394699
1299077345
1299062050
1299059141
2241010079
1298950905
1321953533
1298690271
1321796577
1321709525
1298682240
2180647882
1298577381
1298490996
1298467080
1298422041
1298340575
1298309385
1298237335
1298186884
1807080232
1672613675
1321444025
1494755346
1298172964
1297786121
1297685241
1321438267
1321354101
2252380600
1861749502
1321308589
1321302559
1321272354
1321247972
1297599789
1297568740
2252436163
1321121061
1297559957
1425453070
1297525599
1297516797
1297299633
2241259215
2241210337
1297201651
1297197523
2241245517
1297137384
1297035119
1597497686
2204820529
1737152733
2072308035
1321100521
1428882795
1321096435
1296825026
1320980224
1389698377
1296760332
2017403067
1320863353
1320797353
1320628709
1320620748
1320550749
2252598803
1320511764
2252616165
1412674578
1296738653
1296714771
1296705907
1296704820
1296590489
1296540636
1296366165
1296293077
2212168405
2070152383
1296252296
1706408125
1296065677
2241404885
1295943096
2241485837
2241581537
1295931536
2157750654
1394776393
1295924823
1295889721
1295714260
1863696772
1295623581
1295559592
2241671119
2132143627
1295317917
2072833785
2241826040
2180252727
1835055071
1572270532
1537878532
2113602993
2026029183
1701759696
2241881964
1569300885
1522710589
1438939446
1642941541
1414998959
2173283971
1682793413
1450394298
1295179215
1295110389
1320352323
1320169095
1319815477
1319703161
1446404371
1733839277
1319580877
1319538065
1787419499
1626133777
1531397884
2252749224
2252695944
2019082421
1295018316
2109420500
1389761772
1319281471
1524966212
1319278457
2252800499
2138965729
1404791834
1319181261
1319166780
1318942095
1318680635
1318675744
1318599551
1318556917
1766573788
1318555371
1318511448
1346313199
1318383900
2252884004
1318366692
2252892671
1318152271
1294831575
1294757980
1318040208
1317921405
2253008871
1317874396
1294739652
1317610521
1317478229
1841828423
1599586197
2253049429
2216541915
1972107311
1317425515
2140415847
2137070532
2062466675
1821513914
1317349773
1317247325
1317148528
1317018520
1317001922
2253225379
1316786498
1316747416
1316726855
1316635957
1316558279
1316542624
2253357067
1316453165
1316387296
2253406589
2210087507
1616915372
1294686754
1294659729
2169823633
2067092971
1679762017
1316342857
1294244892
1294112909
1294080264
1633901182
1294066201
1294063115
1294017724
2116587205
1956763823
1316211651
1316116657
1316093235
1316051963
1316013348
1552655113
1315914116
2253453756
1315803820
1315737107
2085760501
1461655260
1315683223
1851313090
1293991202
1293805395
1293777551
2241992464
1293769003
2253626405
2253603044
2253588827
2253544603
1908005447
2169024791
1510961104
1315565860
1315469864
1315459120
1315188104
2253788427
1314995916
1314967729
1314933616
1314920176
2242401884
2242329304
2242207956
2242152789
2242089423
2181806792
1612316618
2253925164
2131691039
1384770268
1305471541
1293735359
1293614733
2242539884
1452744946
2029413312
2130606765
1314849280
2253964847
1314778605
1314371975
1314339106
1314305129
1314241666
1314204112
1923991104
1314112317
1314077588
1293539506
1293473836
1293296916
2254232765
2072556480
1313977800
2254461269
1848218959
1773019361
1293294349
1293223458
1293195187
1963057562
2205685832
2242796791
2242783309
2242640827
1679183558
1293136507
2166860594
1293081260
1892302191
1293039880
1292900347
2064617868
1292698194
1292611295
1292436456
1292430297
1292416015
1785413463
1647711463
1418445524
2091491001
1570754939
1347812333
1292227991
1292115563
1292073065
1291991823
1291833693
1291753583
1291658835
1291561879
1291560435
1291496274
1291338173
1328358535
1313945275
1291059305
1291046306
1399190540
1612888223
1290994841
1535604864
1290982135
1313745721
2071805744
1290870381
1290688620
1290652188
1290392151
1313705506
1313600220
1290129077
1289856341
2243445938
1675690127
1650171330
1289837607
1289486527
1289483456
1289478643
1600272920
1313478464
1313459805
1313309128
1313216047
1884134948
1313176691
1312947263
1312796547
1312761547
1892816311
1312669705
2217771184
2243530917
1533197073
1289453893
2243579609
1289445403
1289441858
1289198037
1289074341
1289028235
1950170787
1878251145
1415540197
1539016099
1312650425
1312624807
1312609917
1312558961
1312507092
1312378827
1312280837
2162066948
1585143185
1351096400
1969149839
1288971719
2254431549
2160717349
1652122320
1358125538
1523272175
1312254433
2254631392
2235603095
1312124569
2254721476
1312019123
1311953591
1311872508
1311778568
2254826687
2254908323
1525872727
2254939027
2135070153
2033009524
1819769751
2254930999
2197895318
1434744544
2254987984
1311517025
1311357155
1786835109
1640943795
1988772045
1625095333
2243664324
2222620397
2129240669
1311310181
1765225150
1311247151
1311238829
2255081785
1311073592
1292797413
1288970828
1540983287
1534411645
1288857717
1288698844
1288690115
1288322804
1288236839
1524732870
1316673769
1288223513
1288208159
1288145058
1288121676
2243832520
2243826744
1585470769
2243885762
2242450289
2149919265
1757183735
2117413562
1621109711
1311017739
1310974152
1310915863
1310876013
1310769508
1310751179
2159879949
1671059288
1288116095
1288066130
1287987853
1287964684
1287883277
1715892408
1580429670
1343945555
1287744041
1287674631
1287616031
1287360100
1287115793
1287057341
1286993371
1286962632
1286798565
1286789810
1366622663
1310737679
1839090004
1286742178
1286731767
1286593735
1286498321
1286225892
1310722007
1310555184
1310533645
1310482135
2255301157
2255362212
1310479492
2255455247
1310438563
2035150817
1393186163
1285859453
1285811405
2005171793
1310281195
1446490648
1285776153
1285706395
1285679727
1285553808
2255566513
1285418072
1285279357
2255631413
1285247648
2244185613
1284960115
1284832347
1674649656
1284830515
1927745889
2255589400
2255588723
1284756276
2244328217
1284739072
1284607468
1284537799
2244389296
1284327583
1284130661
2244448239
2244444061
1606192347
1305128920
1284030365
1283986664
1283944408
1519755961
2244485893
2244439141
1283926528
1283724515
2160629842
1687475676
1504122092
1310272396
1310133869
2173263551
1283699245
2244656512
2244646200
2244545026
1762667607
2244714283
1283694889
1283684482
2255750660
2255742557
2255705945
2255697365
1883506251
2019333448
1283683751
1844803351
1917957850
1638891316
1451369444
1283660048
1283411019
2244778328
1518749719
1437744019
1386171757
2255949657
1310089569
1310043220
1309909217
2140979336
2108086669
1802022501
1309738072
1309681808
1309621538
1309498018
1309425309
2256145516
2256144749
2256143800
1309129827
2234321509
2143144988
1939254340
1798771019
1448584132
1423983700
1736142124
2256272643
1822328817
1806713519
1719972511
1309058944
1309038738
1308899085
2256242530
2210767771
1703276813
1308575561
1308500242
2256476047
1308213855
1714500846
1308154199
1308025075
1308000295
1307937139
1307933020
1307721769
1307609877
2256695865
1635529488
1620393227
1583141131
1367178194
1316443319
1283367403
1307556451
1307445379
1555899590
1307408044
1733487220
1307386075
1307311953
1307260216
1307254359
2256844139
1307048693
1307013847
2256841468
1306997689
1306820073
2256951607
2063759295
1306748896
1467895999
1306668088
2181528767
1306665538
2257048217
1306607843
2210458315
2177946904
2004254441
1306594311
2084886013
1510313192
1283316275
1283280155
1283088818
1282663979
1306428917
2257110795
2257098899
1399005186
1306323655
2227136399
2181869921
1981687091
1586400578
1282658609
1282595805
1282471733
1282398412
1282388915
1282299988
2200475979
2257295275
2164083838
1282090909
1281987064
1281871621
2188858611
1824133392
1281792079
1281658299
1742630515
1779897674
1579811988
1306289976
1306247963
1306215508
1305936313
1305935525
1305883736
1305825604
1899458386
1433955786
1305570893
1756926357
1688317904
1612696547
1305512914
1305452773
1348045673
2007568905
1951195985
1713002508
1511124243
1438776885
1281649988
1281587984
1831606168
1813983901
1281577746
1281573421
1281470183
1641254623
1307254240
1281329109
2031286108
1521077060
1957005023
1387526285
1484170589
2061924115
1369804944
1280960553
2100673095
1448609328
1424767516
1529907439
1343035703
1769731097
1341891637
1305311604
1280768045
1305216619
1304921235
1304890153
1304804643
1304648384
1304645056
1304487097
1386237942
2191169606
1280696130
2245020539
2245006445
2237224881
1973274948
1280693932
2245053757
2245148460
1888428691
1606886837
1304312227
1304173959
1304046381
2257292619
1303843083
2257346224
2257336914
1561829247
2035886971
1280669573
2245049077
1280594551
1280585868
1280518067
1280464388
1280281426
1280260059
1280222973
1866919861
1901988257
1280173881
1280094695
1280058007
1906826396
1633586328
1622235202
1968787191
1280051220
1280044301
1800534904
1393888772
1279979884
1279941675
2245252309
1279914951
2245277497
1279892947
1279559965
2231276210
1596090440
1279511936
2245358840
1431807975
1580524694
1398200831
1345413432
1313780913
1303836425
1303537923
2096053411
2210229035
1303117965
1303108711
1492839319
1421171859
1303066519
1302941472
2217230753
2031712611
1302840885
1302799337
1302779600
1302749524
1853771863
1302671195
1302556960
1429629046
1302515768
2245354572
1882783249
1302399152
1302343124
1302235288
1302227096
1302219212
1302194929
2245463497
1302019211
1464840528
1962581539
1498513889
1399441148
1948183485
1839847431
2257370639
1301908546
1382611385
1380178996
1320742347
1279439659
1279155849
1941596615
1919934319
2245591773
2051567391
1627449232
1402982683
1279142027
1278724503
2149766377
1575458773
1278620009
2245684339
1278371805
1278364288
1506454207
1781960452
1769028834
1278272610
1301820721
1301710116
1301663897
1301422751
1301408115
1301283474
1301165164
1301015397
1850764305
1300863259
1300735161
2022872479
1300674136
1451009648
1300594192
2032840593
1278223668
1277841149
2245824156
1415876155
1501975463
2120412400
1300470417
2257591400
2245961087
2245954735
2245948443
1912678814
1784968127
1683375127
1319807786
1300333507
1300232925
1300208450
2230947259
2245848962
1963363533
1300194687
1640883769
1300194123
1300162853
1300121997
1300100592
1300087189
1300040853
1300033424
1299974511
1299729725
2014501608
1770444416
1277773776
1277746451
2257875603
2257850812
2257810853
2257776978
2257731554
2257684255
2207918467
1277734513
1277711400
1277658978
1277550027
1277538717
1835610261
1277452660
2204667545
2068253165
1757473437
1663409080
1511042967
1277329388
1277288963
1277245309
1277161011
1277106033
1487732613
1276989651
1276904420
1276843977
1276738419
1956098791
1276737791
1276704921
1726600624
1299666651
1299275628
1299211816
1369581181
1299159921
1298982112
1298957197
2246044105
1609367176
1337767324
1298874421
1298680724
1687674356
1828585957
1298265669
2023216083
2016374271
2246115728
1979022471
1344877132
1276515088
1276472722
1276463919
1276461425
1276421801
1276257936
1276243801
1276119803
1275789529
1275735821
1393575028
1298098952
1297952489
1297899916
2246320935
1275695939
2246452130
1275535260
1275386244
1275280845
1275251400
1275007321
2068702473
1409466369
1297857923
1297723488
1297691810
1633380647
1274922376
1274709165
1749897528
1297422999
1297310408
2257944928
1297103424
2257976735
1725003371
1274677880
2258014940
1297018963
1296933067
1296932263
1296790353
1724066640
1274648463
1274613985
1990102551
1296685405
1296614317
1296565839
2258241224
1296092364
1815799075
1564274258
2258353784
1421590119
1274488261
2142210314
1274428637
1274400340
1274375016
2258346509
2258318865
1295957152
2258462021
1295788089
1295786471
1821059931
1295631175
1295451026
1295368313
1295301367
1295214631
1295192031
1295100181
1295017613
1295006477
1411893383
1354458685
1339333473
1274342248
1274190914
1473315720
1294998424
1294994048
1294979907
1274169973
1273899627
1541397512
1505291758
1294964946
1294909609
1294674419
2118103178
1294583871
1294576248
2258865969
1831699264
2258900443
1773976258
1400950921
1273878876
1273877492
1273856659
1273836251
1273536760
1273186735
2258887988
1962995687
1656822722
1319359084
1294571537
2258998699
1294339657
1294216981
1294210477
1574643136
1273040916
1975930362
1272884725
2239643607
2026675461
1906714841
1510781555
1272794208
1272712047
1765550798
1272687709
2202397611
1899353624
2259040637
1574476363
2047002247
1896429674
1702515884
1551871828
1973025000
1773197681
2259206788
1613570760
1850849407
1272626953
1272607343
1272560469
1397293164
1272412028
1272338761
1272096511
1937155962
1272051013
1272013604
1294209999
1294178928
1294126325
2067544478
1926534059
1889186912
1339994296
1271911417
1271687859
1271670865
2246586228
1271557144
2246610175
1271478993
2259334037
2259317201
1385137772
1294064503
1293998865
2259605211
2259502987
1271455344
2124807490
1458519077
2048698193
1293993623
2259763689
2259751906
1841827494
1328186923
1293953588
1293858176
1814476541
1590605851
1552167099
1385240621
1271426220
1271402109
1271391591
2170368098
2222950972
1271377016
1271147635
1270988025
2143777687
2066221715
1829118357
2255161147
1970206543
1293752497
1293641739
1387395242
1293391631
2244459842
2074061708
1936828386
1270925644
1270837760
1270659897
1270482132
2259880776
1692143680
1594900166
1359881019
1293362315
1293339687
1293321271
2260026605
1311440012
1293209855
1293096585
1293080179
1293020641
2186778871
2111531310
1277493589
1270395020
1270328247
1270249339
1270080047
1270066707
1270019215
1270009923
1319872355
1269950541
1269897269
1269869393
1708122737
2234525057
1269762115
2175012189
1720252073
1685968635
1269651501
1269644563
1269387237
1469710585
1292911299
1269328004
1269276487
2246994275
2169519996
1268918076
1268835869
2184199795
1559751133
2134254593
2218989187
1292838208
1292700369
1292698920
2247149063
2247080749
1268795202
1467459175
2247317628
1962612166
1268786883
1268737748
1727228363
2247427714
1268676559
1268578052
1485576901
1268568795
2247515305
1268382108
1268379719
2235785792
1875120789
1930696349
1521757156
1392858068
1292686869
1471657692
1845439890
2247604447
1268366184
2247657784
2083730709
1445354705
1268286967
1507460612
1268089468
2173630567
2026420361
1398780303
2247780901
2247747659
2247882349
2247829063
1998632771
1362132276
2247904927
1627719942
2112226114
1867135985
1537642082
1676204627
1579656314
1519810791
1452746193
1313707551
1292646481
1292626160
1292446274
2014557116
1292445645
1292413787
1292409515
1883476241
1267857392
1267829842
1267823443
1267820423
1843542859
1267680428
2194113584
1292324226
1292140641
1292132016
1292126360
1292031149
1291990591
1291979497
2260154903
1291898833
2260178192
1466257357
1912858572
2260251752
2260246635
2260198658
1576063044
2124984684
1267558825
1267539202
1291625771
1291510861
1291502011
2260321071
1291473487
1291379011
1291047609
2260319184
1291036927
1290984850
1290964209
1290930908
1290781447
1290662487
1290551403
2260464761
1290225602
2260469295
1680019855
1755395582
1948564971
1694145006
1290016551
1595263279
1289993132
1289969136
1289943010
1289907271
1289867195
1289831768
1289758227
1289706117
1289682711
1289674781
1289644863
2045609122
1660974570
2195465261
1289552803
1289551491
1289420300
2260726459
1267535586
1267512127
1289242631
2091027645
1770993550
1289138532
2186496112
1267456516
1267360403
1267163219
1267148477
1505819810
1289038023
1552037804
1288987484
1288927992
1288873111
1288608145
2001038402
2119091059
1901058707
1889456481
1288507881
1288495277
1288474160
1288300437
1288278427
1288207067
2079155392
2027893032
1920634091
1774511276
2260972514
2260972280
1978198090
1267141837
1980576456
1631238507
1380718850
1267093883
2260776023
1801547065
1288204575
2261073187
1856924366
1690045533
1267003063
1266988423
1861542511
1288085373
1287863757
1287584104
1878135567
1287560755
1287487632
1287431880
1287292480
1287221887
2109599920
1980766136
1533219108
1634150038
1266881740
1266701200
1868621658
1266603583
1266588463
1287137204
2261148804
2261148379
2261115161
1783081143
1792579547
1529199341
1287091138
1287036485
1287015256
1286967207
1838508261
1286927216
1286914627
1518243386
1286791331
1748049764
1545162669
2261260876
1853002544
1286769360
1455756802
1986964498
1617605917
2221004161
1616446698
1416396753
1266498780
1266325908
2261277527
2018065316
1286753348
2211818170
1330838201
2247926756
1814499358
2261469039
1266316073
2261449389
1925923689
1286593363
1286517032
1286495928
1286455059
1286345788
1286252066
1286175319
1286151461
2095160887
1387479520
2006459592
1330647564
1714721992
1266252499
2248045512
2261583423
1991980097
1589222405
1286123033
1286073791
1286067811
2158705004
1964298311
1623721285
1885700841
2189250913
2179826554
1628415321
1285981865
1285979565
1285924881
2261710248
1285876659
1848595507
1285846173
1285687148
1285603996
2204684019
1388341864
1424757902
1560538137
2261933971
1941145252
2106018819
1379485325
1283744549
1285456580
1285387247
2262006289
1285386248
1546988812
1453788264
2262163288
2262062040
1285362715
2262182647
2197230548
1832238463
1268292455
1266232247
1893406012
1876955988
1714008817
1599407640
1266230733
1266077139
1265937084
1285034370
1285014541
1284925343
2219186061
1449627316
1265771155
1265566373
1284801529
1597903704
1265474388
1265248258
2143200725
2106865902
1284799813
2262210248
1265199567
1265119161
1264999776
1264853348
2087430418
2262181473
1928338833
1914545152
1859459981
2180470771
2248172472
1264840405
2212010367
1836128835
1481608291
1503958307
1681900570
1284732823
1284614525
1284446539
1284432805
1264755285
1264598521
1264548873
1264531388
2262407586
2262378443
1293177050
1264522169
2062421536
2073481263
2046771808
1264502423
1264388584
1264371491
2232108221
1264085907
1264072803
2248272728
2248257399
1264002345
2248281419
2248325401
2248280853
2015139765
2012039993
1302629469
1263919060
1263831167
1263691959
1263683928
2007178676
1417706991
1383098564
1284057768
1284050599
1283911089
2045990416
2151689777
1283850916
2262563165
1283697011
1263670031
1263667956
2262584482
1451029417
1789122749
1423763665
2262598779
1561168786
1283676324
1283577667
1350769831
1263593176
1263519660
1263434248
2262712909
2262683807
1283534739
1283502207
1283469257
1283284536
1283240869
1283198665
2230635825
1276907618
1283197571
1283136739
1283001109
2239196987
1282996855
1282970929
1282882631
1282864573
1263338546
1282783015
2263221968
2263262972
2247167721
2168750445
1282735944
1282651708
1796084111
1263224184
1263196519
1263035704
1473879537
2005524017
1323964515
1262978744
1262971324
1262914847
2263445223
2263407987
2263373759
1992579478
1282548354
1774843226
1262806080
1717470559
2116814951
1667955409
1282525293
1282335136
1282323972
1282083879
1282002296
1281989981
2248540943
1964249659
1262770169
1281955805
1281757493
2263580667
1281578829
1281436372
1262679512
1262496717
1645056390
1262436443
2164192331
1702373581
1262436307
1262408514
2248625216
1262353912
2248664515
2263673385
1262298360
1262247627
1434180511
1281389048
1261960021
2248821026
1261908589
1812601347
1606515797
1261708868
1261429573
2263705792
1281123248
1281066380
2248919613
1688140404
1655585686
1281002179
1280976244
1280944968
2263895701
2248886191
2248863052
1871013427
2263882553
1692316093
1280920373
1280884480
1672717463
1582764748
1469701122
1261280052
2133372434
1280871010
1280832207
2264006018
1280791049
1280784205
1280387844
2264122533
1280337817
1294192830
1280270754
2264180339
2207418846
1950615574
1889794581
1280252749
1807760013
2145737321
2011326827
1868371861
1788507545
1261154232
1261030685
2189500815
1260981032
1260961920
1260711844
1260687675
2249033712
1806398149
1260590345
1260453628
2244943220
1697895442
1319030149
1290271240
2114921251
1260267191
1260181676
1260181027
1260007495
1259990912
1259841480
1828102205
1413866290
1603567347
1259821851
1259712571
1259566626
2249183399
2249203829
1259256876
2229497984
1837880529
1280069083
1279948639
2095259017
1259169607
2171225430
2027798889
1803437832
1939295204
1877204783
1535136139
1447208972
1259062344
1259044727
1326843045
1258970381
1258782831
1334795358
1258736523
1258722463
1258606546
1258556496
1664625165
1258473292
1817073823
1258459096
1258445135
1785776105
1664499119
1279884002
1279722831
1279712621
1279553885
1279503263
1279292944
1279217401
1258432447
2034543330
2088529804
1755788080
1258421435
1258403170
1258395261
1258382316
1258357276
1258308587
1258269984
2249200023
2242359345
2249230632
2249226573
2249253329
1799516404
1279130178
1279079100
1278952228
2249354002
1427614745
1258228856
1392681123
1258218052
2229715966
1834916924
2163449024
1975731131
1278889444
1771768389
1631327162
1258014619
1257499889
1257474188
1257419376
1548180109
2264307157
2258634146
1669758679
1257390253
1257372208
1257341937
2264355714
1278571380
2264432743
2249478751
2072022642
1278544547
1278482652
1876822256
1645830951
2249563380
1731347405
1435671141
2240660272
2264562770
1553906022
1480639081
1257268345
1257251417
2249728096
1257226820
1257125660
2264811923
2264688964
2249777619
2168707059
1956626750
1716373980
1665840335
2249772367
1908711079
2132957206
2249814423
1512282719
1442425358
1368985443
1278441172
1556756379
1504928245
1257015305
1257009052
1256834464
1461021995
1256820744
1256798251
1256778551
1256771544
2249925175
1256758411
1256598041
1256356729
1256029503
1255961747
1278315429
1278268621
1278159433
1255832387
2181074782
1856682332
1278157923
1277921524
1277900063
1277867071
2159933045
2036736015
1277671555
1277647896
1277609719
1277453865
1799676943
1255700439
2161516521
1698798780
1255505455
1969216910
2105886572
1277421115
1336919357
1933722957
1335405233
1255485916
1277140843
1277140051
1277113007
1277108339
1276904162
2121527212
1923481682
