99953
1 1925295955
2
1 3743430222
1 3514425746
1 2803244916
1 3708722862
1 2348425000
1 4188041816
1 3835539147
1 2627633620
1 4046842295
1 1371436057
1 1820959845
1 4272071814
1 1347139130
1 962943997
1 1693614217
1 132813363
1 564222217
1 2530478781
1 1418784879
1 620135899
1 3769196418
1 1429497875
1 3612928824
1 1794656070
1 2802862126
1 1748590158
1 1117072928
1 4155448932
1 286887908
1 3652695032
1 1795374317
1 2239772476
1 700515011
1 3205302757
1 1600692780
1 2182156138
1 17618376
1 1783255844
1 1525737733
1 1520222834
1 1573453117
1 1122604237
1 2564555874
1 742838682
1 62331595
1 3563963319
1 3061253999
1 1039104618
1 3114590858
1 2343005368
1 3027516491
1 3858396476
1 957808535
1 3043866598
1 2447897745
1 2793145251
1 1320134091
1 2000657787
1 799166414
2
1 2432164826
1 660458219
1 3114083444
1 1361720549
1 1269013751
1 1616922818
1 4269569425
1 886167702
1 871995777
1 2344009903
1 1494383795
2
1 1699366486
2
1 3654905379
1 3013213534
1 2481618697
1 4112643455
1 3699985457
1 3236101340
1 3662759113
1 1518398069
1 3863106918
1 3998078525
1 623191301
1 1932450392
1 347576583
1 388062605
1 3150203628
1 58611556
1 3348975721
1 513660048
2
1 164940962
1 3839889527
1 4192086415
1 1918547718
1 4196047061
1 663771943
1 4037285446
1 1622401055
1 2121324670
1 192671511
1 1814379366
1 3232485858
1 4056120197
1 3805668822
1 1494935511
1 353828237
1 862542219
1 1270562939
1 1009333877
1 3373600058
1 989388873
1 3603955515
1 1891183380
1 1500305408
2
1 3159143936
2
1 1427338447
1 3049806603
1 1608475154
1 4033534831
1 1642539599
1 2772074076
1 3390105308
1 3886611914
1 354991386
1 3196622993
1 1526676129
1 821072525
1 198356217
1 573654543
1 374607400
1 2560206282
1 1439363581
1 2806977525
1 2968982439
1 2827756029
1 1031024599
1 1561574095
1 727388233
1 4100516177
1 933240454
1 456589017
1 3914112438
1 662706399
1 1072725611
1 859126538
1 1661583994
1 704554030
1 1342151976
1 1958939156
1 1066394151
1 2977316027
1 2675598314
1 1379114284
1 596250776
1 1157519312
1 1262718
1 1802234762
1 2340296616
1 2061255180
1 1080574886
1 776251898
2
1 228225428
1 1622413906
1 1040710214
1 550323079
1 1469181861
1 1094998335
1 4250468628
1 2035815079
1 1431508604
1 41138293
1 971215977
1 713773108
1 80203062
1 4006322720
2
1 3604443033
1 2173640129
1 2630428916
2
1 3573889910
1 3728717773
1 20017690
1 1815703941
2
1 4288568879
1 1816043490
1 315385799
1 965749779
1 1679690439
1 4044917226
1 127735946
1 4289326092
1 3439228162
1 425679870
1 3580515315
1 3001838584
1 2884789774
1 24270101
1 2562365664
1 1392497861
1 1406168134
1 2246893226
1 2499474179
1 3994655767
1 4079649661
1 3374590531
1 3656238572
1 115139438
1 1751292832
1 4292725624
1 2411488474
1 1083765268
1 119167085
1 3479357992
1 547337514
1 974858188
1 3864957487
1 236179817
1 1845914508
1 3823092701
1 3041325648
1 1603726896
1 1849705067
1 1391765795
2
1 3242243079
1 1593264607
1 2243983440
1 3494134492
1 458651237
1 1145094035
1 1774695504
1 2472683278
1 2359293794
1 2677956773
1 2372673330
1 3470614111
1 2350841093
1 1628172434
1 1995571907
1 1535305577
1 2516078019
1 519845170
1 760752573
1 3277130115
1 1899188426
1 289628059
1 201125624
1 1171215507
1 501056450
1 4004528545
1 2987375027
1 3270283236
2
1 1681548736
1 573774579
1 3484924766
1 186770426
1 2394879093
1 2332427912
1 1800009786
1 235429774
1 2094132363
1 3641137056
1 1245372700
1 1214623973
1 3732712295
1 1377689274
1 2986885934
1 935703599
1 4270391003
1 856403605
1 4264985080
1 3557883477
1 2025494218
1 700074434
1 3956199612
1 73244221
1 549381712
1 2396324287
1 420828858
1 1721732707
1 3430357103
1 2068180687
1 3630479942
1 1214495555
1 904699860
1 321841284
1 2796905656
1 3415670374
3
3
1 2045952753
1 1161383900
1 1395246584
2
1 1624326508
1 1770692871
1 88594784
1 1575514737
1 4176916595
2
1 4195232169
1 2083855287
1 282214468
1 1778355433
1 1199573009
1 431905380
1 2700838107
3
1 3362488783
1 1176340878
1 49676438
1 3901278723
1 3713950033
1 2458009378
1 3627043332
1 3586913229
1 467489285
1 3182527487
1 213440276
1 3877026871
1 1688182291
1 930374239
1 3514879712
1 2225183658
1 38813574
1 3673384941
1 514605618
1 3483895631
1 24094853
1 583358742
1 1423561396
1 3561956485
1 2301804491
1 1817413974
1 512693480
1 1061844726
1 89465523
1 1198289334
1 2395771387
1 3012950522
1 1622813550
1 2879134134
1 2555938145
1 3160775266
1 2984380044
1 800323790
1 533632280
1 729655498
1 2420032474
1 2483435546
1 826489380
1 1023192379
1 303877496
1 858941973
1 66655072
1 482845419
1 3895733443
1 420888170
1 1799270505
1 190164427
1 173971845
1 4113281921
1 1200266746
1 481511857
1 1290178972
2
1 318463577
1 504241524
1 2107351940
1 1861945357
1 742169422
1 2022878079
1 1886041377
1 576967422
1 627108738
1 814601264
1 1256362899
1 3524845028
1 1888730935
1 1411037615
1 1335835164
1 3348498510
1 3583513444
1 636397444
1 1720913511
1 2083025234
1 3716027486
1 158612647
1 665738750
1 3158743049
1 11860162
1 3742299860
1 889374101
1 3308531007
1 2281392370
1 2604627110
1 4119143049
1 3398609121
1 1985626116
1 3369880848
1 2742943225
1 444161226
1 3152574630
1 1087943841
2
1 790726271
1 3889903003
1 68003990
1 2546576573
1 1337498472
1 3423631302
1 3927525576
1 2207429437
1 2493459519
1 70918180
1 33801926
1 3691429054
1 3830272684
1 3137106819
1 3181485452
1 3756530601
1 1145330247
1 1505391289
1 4054274641
1 141030591
1 4232253570
1 610426394
1 1089650701
2
1 859932719
1 2880147031
1 683379378
1 399551702
2
1 1673746228
1 3365351218
1 749191335
1 2396145609
1 3878462296
1 3907576227
1 2289911451
1 3953839140
1 2044949650
1 2661821046
1 2718320063
1 2185108133
1 1758054834
1 3832491753
1 1833211519
1 1482412221
1 3063832917
1 1779783430
1 4276699682
1 476693283
1 3808012058
2
1 1658475554
1 1062414346
1 3550363090
1 1922971564
1 375547940
1 2038537811
1 1812556895
1 729818630
1 1831289861
1 3995890254
1 1168775787
1 1471162151
1 2693406232
1 2511217866
1 2830945298
1 3159435086
1 1342484184
1 79943384
1 783646102
1 2934821148
1 3002964934
1 1448255076
1 2589655268
1 3239554988
1 1665109498
1 2591400860
1 244042082
1 1604353732
1 3848172116
1 675774551
3
1 466219229
1 2034839060
1 2606686702
1 665652617
1 3829078009
1 343780699
3
1 3807723774
1 994774843
1 4048941504
1 807977789
1 2263519937
1 2585456232
1 2487524683
1 4273427441
1 955547083
1 2780841389
1 3655066417
1 1086376711
1 351398623
1 240323165
1 945895495
1 2003577087
1 334521738
1 341614159
1 3733873436
1 3181966281
1 1221253676
1 2405986704
1 1247905532
1 1017154819
1 3279639071
2
1 331162642
1 2600738469
1 615620586
2
1 482392777
1 1561520314
1 436867845
1 3814876484
1 624387094
2
1 4102271304
1 1986784298
1 1677878474
1 2549034573
1 1633814447
1 260431616
1 4290628694
1 1618255601
1 4207562669
1 1968612172
1 3337673034
1 1658861437
1 1788269991
1 1192390886
1 2453096096
1 1557605452
2
1 2972750666
1 1867643480
1 3192840780
1 4077634168
1 2455184397
1 2932117014
1 2590644349
1 1134230332
1 3420077620
1 3191782464
1 846221971
1 3504120830
1 2583496330
1 4006134726
1 47434671
1 3010898669
1 4221318771
1 4167621792
1 1014206427
1 1686570640
2
1 4263044302
1 217265471
1 1033528401
1 337836556
1 2818609155
1 2140302660
1 3707104194
1 172854749
1 2009040811
1 3950468119
1 1669597701
1 612754274
1 2126973070
1 3492843434
1 3732066315
1 3936239654
1 3092984169
1 3656775443
1 3942546761
1 765403671
1 2431108427
1 584145067
2
1 2245645902
1 900279722
1 2566887461
1 1249035582
2
1 1255320404
1 3799731583
1 1532688133
1 1905751779
1 235669924
1 3335560986
1 1165425867
1 3994383494
1 204409003
1 4209660168
1 666527861
1 1560534805
1 4120066848
1 2398102036
1 3854282200
1 3587221913
1 1138080334
1 3181274356
1 1275756169
1 678754752
1 567687441
1 2189932682
1 3716796993
1 1163314512
1 2194792747
1 2844787337
2
2
1 2142101703
1 640781777
1 837438607
1 2891915430
1 3271558746
1 290509057
1 2517301698
1 328317588
1 3689878222
1 974516240
1 2992084452
1 2198687452
1 4249304751
1 3483131748
1 1184173330
1 465275434
1 1424750079
1 3141551241
1 3205849838
1 2419756438
3
1 3703678036
1 1404963940
1 2040865205
1 3055479799
1 1964044335
1 99674511
2
1 1797831109
1 3785690677
1 3500000462
1 3060200660
1 3208479909
1 2627622942
1 4158798987
1 147661686
1 3956557703
1 1851892070
1 2444859887
1 383578345
1 1571080198
1 774618710
1 264861200
1 1972723523
1 3957701380
1 3726640269
1 2693173997
1 3094404284
1 1620139559
1 2298061390
1 1575844157
1 2649352538
1 1174950123
1 3988689315
1 127388299
1 4257667906
1 4153697659
1 4082663398
1 1309603622
1 1674897859
1 3667419798
1 2390406702
1 2105105506
1 2895530752
1 3164214327
1 4294277623
3
1 1766518023
1 2590808701
1 4025404412
1 1151360906
1 1473857614
1 599096565
1 3834595425
1 3149786442
1 2902236220
1 3325586583
1 578201067
1 1687779294
1 184469639
2
1 2164615839
1 485985216
1 479254169
1 1496058801
1 2962489931
1 143972813
1 932309346
1 2622030240
1 1863609436
1 1686843866
1 1111633673
1 3686736200
1 1769156491
1 40551922
1 2492906666
1 3646894368
1 2441677515
1 464691123
1 2999202039
1 3000516222
1 111383291
1 373840444
1 2269660872
1 2322855657
1 3583442673
1 1003075022
1 4073318419
1 56968798
1 2067812959
1 1558338091
1 484670078
1 253714614
1 2075560967
1 2375707429
1 47638386
1 778009199
1 1053368154
1 1683443427
1 105465280
2
1 1222416222
1 354388512
1 3249150636
3
1 2838687328
1 3307727390
1 986269623
1 3802335877
1 1208096748
1 250289336
1 207136638
1 1518930765
1 2026416644
1 3503804116
1 4121516625
1 3120460416
1 4063562654
1 566166146
1 758804540
1 645984602
1 1676976970
1 3976713583
1 4111606343
1 1567245778
1 3570396991
1 1423434460
1 1413288938
1 1311832723
1 3783677855
1 1877247540
1 4207690691
1 578304587
1 623792592
2
2
1 3015887463
1 4290917532
1 1531161853
1 928646604
1 250381961
1 1752753186
1 2378561926
2
1 1372746467
1 1927167520
1 1457820162
2
1 2072563767
1 910158883
1 2681488946
1 1921212262
1 3057199127
1 1564916511
1 1162136836
1 3654393704
1 4146105517
1 783920127
1 947761954
1 765842061
1 3427126468
1 2059657417
1 1962919364
1 1253996630
1 3880636747
1 2995797561
1 1101816618
1 2322580873
1 1906759324
2
1 1844755982
1 955669398
1 2067250014
1 2060613475
1 343802090
1 266846843
1 2518671443
1 3858830598
1 1419765437
1 1070266234
1 4227852555
1 4201180788
1 740677673
1 1221514189
1 3693127358
1 2456062871
1 3771600351
1 1837136009
1 4136064667
1 624554859
3
1 4001435397
1 3505842097
1 4281206330
1 4048221785
1 87800494
1 396910381
1 3597050769
1 1701582550
1 1626125179
1 3404980495
1 3460660131
1 3914702612
1 1797746948
1 3141956853
1 3595349481
1 2859266519
1 1143144046
1 471315183
1 3742110737
1 1285566181
1 1648232785
1 1135108585
1 2461438801
1 3159210498
1 6689588
1 33774616
1 2834007941
1 717498947
1 767505558
1 2721986782
1 2869678352
1 998375113
1 4066376556
1 2839738935
1 4239606730
2
1 2786985297
1 2761448658
1 3317373199
1 3116401147
1 1932600235
1 3250286862
1 2368986255
1 2197120026
1 985208779
1 1968390817
1 2740585544
1 2159311778
1 3431098976
1 2299784446
1 2828530999
1 3635739842
1 889896655
1 3732020876
1 3469978570
1 3521633716
1 4133971498
1 2091131877
1 2105572328
1 2568773662
2
1 2637356375
2
1 2234987548
1 3821668211
1 2383520452
1 2059583368
1 2823326349
1 1093884958
1 3360995205
1 1373086993
1 596976839
1 4195616222
1 885307607
2
1 4286928774
1 3354658557
1 4220731533
1 4112705023
2
1 3220118692
1 1920805116
1 741440394
1 3393424694
1 2751291122
1 107863584
1 2130416948
1 3016755520
1 2775976174
1 3428762637
1 1496802135
1 1675974056
1 2282604098
1 3992347122
1 3344204305
1 2381276627
1 2377058213
1 1188530073
1 4206462809
1 3220092179
1 563511278
1 1719404401
1 4206419638
1 3991368100
1 3006725381
1 1235917678
1 446945405
1 3087572904
1 3729995234
1 1331556936
1 2463829313
1 364442357
1 4105209426
1 1820471111
1 990175113
1 1555835823
1 1944929306
1 280166327
1 367522925
1 83175557
1 857353089
1 764228226
1 93906124
1 4009393437
1 3812259990
1 2132947703
1 86057719
1 325593134
1 1219242473
1 1003284557
1 4265795420
1 542217629
1 329170382
1 672219701
1 4220339276
1 4211742276
1 3173727482
1 1658113098
1 2254473864
1 273762059
1 2853023331
1 530911175
1 128856449
1 54227326
1 126909962
2
1 2322296951
1 1697131261
1 1825175809
1 786403275
1 2467768889
1 3670346741
1 1423289311
1 3955621525
1 2712632116
1 3846427684
1 38047756
1 3005170706
1 666130548
1 3240660833
1 1836627459
1 1047437886
1 2722517664
1 3125030035
1 3006278725
1 2892161473
1 1828566383
1 459589269
1 656926727
1 3418562622
1 3106868681
1 574076428
1 494607716
1 288876562
1 1442106821
1 293367636
2
1 3993810355
1 4236656926
1 456485212
2
2
1 4247919119
1 692449570
1 2725701756
1 1084056244
1 3956365656
1 4182796933
1 3310932836
1 731344631
1 3943440605
1 3910163536
1 2665712945
1 3111327638
1 263680645
1 1742497954
1 2565360929
2
1 627452268
1 1937509729
1 65306036
1 2909472636
1 2828112877
1 1462181473
1 1594891466
1 504921103
1 247589652
1 1136433039
1 2497643774
1 4186103659
1 2496975266
2
1 239579061
2
1 2631924972
1 2713275296
1 3075274609
1 1246894149
1 2501969437
1 1213948938
1 4003868623
1 3722028641
1 673915741
1 2611576179
1 60187178
1 590224654
1 2052214661
1 2210700060
1 2175631601
1 3808609222
1 4160954502
1 711062756
1 3305599156
1 3208656425
1 1549380071
1 3961472077
1 2608266507
1 3034314226
1 532752110
1 4116004890
1 1017446538
1 1610127886
1 2034531528
1 1315988377
1 3760018876
1 344017166
1 1470773933
1 3390953333
1 2868298108
1 1620929322
1 2329659302
1 1711247796
1 3687650751
1 3111555616
2
1 1475088085
1 2491153597
1 2440670671
1 1401809560
1 1369629124
1 265782061
1 3395989121
1 894293172
1 3221283351
1 3900853504
1 2598121430
1 3634868513
1 69753608
1 2745366990
2
1 2334390774
1 461184281
1 637652201
1 1027426490
1 3647476391
1 2286873472
1 656011598
1 3918622217
1 1257402921
1 3866269696
1 2235853028
1 250850952
1 4262771852
1 390459078
1 2941079426
1 3796959264
1 2416658682
1 1991862256
1 93506029
1 2122473098
1 1689080393
1 3206019290
1 3618622977
1 4061867584
1 1013339042
1 2055441388
1 1063539917
1 2800258851
1 3963918157
1 295593246
1 3768905928
1 1610951581
1 1226160171
1 740203805
1 231935676
1 438116187
1 4155521509
1 747809556
1 3345984733
1 2946554745
1 2499015883
1 2212694138
1 1438289830
1 2030633512
1 3287968085
1 1711472472
1 1408473383
1 1039558331
1 127953198
1 4161129604
1 2277951824
1 2641361148
1 3510629669
1 1353275507
1 502460244
1 252510749
1 1888849630
1 2906542616
1 1020076982
1 3087751287
1 2087754380
1 1043910960
1 1270173500
1 4212826061
1 1203982549
1 2245106434
3
1 3312439481
1 714022159
1 4149151225
1 2650536546
1 1024837270
1 3054243810
1 3577526584
1 1576853716
1 3469014787
1 761128362
2
1 3006689991
1 2891027245
1 3126548230
1 3379424037
1 4073008425
1 804698600
1 2042655752
1 3262664415
1 3775214300
1 3096555858
1 2262408300
1 3008218026
1 3698800858
1 387963283
1 3320398353
1 946637327
1 3684491436
1 868447328
1 4032762436
1 3774002179
1 1194893322
1 2727602853
1 1921297098
1 4060561941
1 1306892750
1 2468313679
2
1 876179569
1 2407284078
1 955138455
1 926223711
1 963388602
1 2984972752
1 2259764532
1 3516138864
1 784637630
1 3166869503
1 2243717976
1 3878724212
1 1476033985
1 1782425747
2
1 398427889
1 92982005
1 3167062071
1 627413123
1 1751082759
1 4066542579
1 2707447835
1 3867198
1 1938651445
1 3600362667
1 3200127409
1 1839807194
1 1078045757
1 1013921203
1 425474357
1 3905762759
2
1 4290809756
1 2381483518
1 1061385302
1 2390183481
1 288455992
1 3138260604
1 2972196264
1 420759751
1 3750852539
1 3407793487
1 2262494734
1 4277484443
2
1 2410269345
1 2582656197
1 2346732334
1 1883976685
1 2513781274
1 3687367679
1 2945538033
1 3506981457
1 2339308460
1 361867297
1 3170155071
1 3640833568
1 100907076
1 648701346
1 1597254899
1 4009018613
1 2110512517
1 1767352374
2
1 1610347288
1 821450396
2
1 2149528044
1 3558971298
1 372924138
1 2131817199
1 1859817547
2
1 730696370
1 3049098515
1 3680992393
1 1776829328
1 2208990238
1 4223853783
1 704679796
1 1332388543
1 4172537970
1 1662968108
1 478204264
1 395262905
1 1890311114
1 1561327767
1 3548445411
1 466521127
1 675457921
1 3075947402
1 2883859653
3
1 2746988811
2
1 2588160623
1 1885184987
1 3363612932
1 206266465
1 2879819218
1 3493205426
1 3122484356
1 810382656
1 3289626122
1 1268620008
1 2138999792
1 477166103
1 3789974064
1 2867714986
1 747602160
1 233134959
1 1112120471
1 2796469561
1 2197833712
1 2175144544
1 620249977
2
1 3470206074
1 2676904891
1 1818686175
1 3394074416
1 3737896529
1 2411489959
1 3192540004
1 2902054217
1 2488667159
1 1229563077
1 3645662962
1 3963676196
1 60723760
1 3012676786
1 388955155
1 860313980
1 1277870099
1 579874962
1 2534282379
1 3604996329
2
1 2556227800
1 1623048998
1 2109530753
1 590343281
1 2652225909
3
1 1420372779
1 2862325523
1 1236080750
1 819130515
1 971762725
1 880348338
1 2719708147
1 399881580
1 1914731122
1 3533477996
1 808646529
1 167386566
2
1 3836902345
1 1116680226
1 3607007117
1 1464811713
1 3590829115
1 3586910162
1 497760378
1 880372817
1 3386069636
1 2490134633
1 2185075526
2
1 817844428
1 1659525792
1 378651628
1 111418476
1 1971063930
1 3761064036
1 4001786234
1 2669074969
1 3078620622
1 1472742543
1 3291644271
1 128425922
1 3043306262
1 4061589879
1 3746392551
1 4178451663
1 1635779583
1 2572168210
1 3741638844
1 3088956836
1 2870529439
1 1355223374
1 1661960974
1 2027179645
2
1 3229617325
1 981348470
1 3757124019
1 4166385016
1 3647881083
1 4193880768
1 2166076847
2
1 3879031103
1 2636259672
1 4016976169
1 1849020315
1 3364139694
1 1882569893
1 1885636884
1 270208564
1 1271528324
1 2416747063
1 2423087878
1 1345893549
1 1556674136
1 272609386
1 2224475712
1 1918317145
1 1527744184
1 848572174
1 2817214015
1 3316185307
1 3943028233
1 41998647
1 1957594725
1 93486046
1 1896631667
1 2540812181
1 522983348
1 602283382
1 646519776
1 4153258243
1 3203740409
1 3462116695
1 2950404407
1 1758750
1 3061399628
1 3835581779
1 4032884822
1 1654427344
1 3884085138
1 1672048348
1 2957305786
1 499930789
1 1625700339
1 2048346189
1 442259510
1 3388110992
1 2411990627
1 2486915529
1 1742339089
1 3453349565
1 1186767277
1 1852354509
3
1 2722883072
1 1289481370
1 2339997270
1 202632938
2
1 693018251
1 997915717
1 1356583770
1 1000527804
1 1595616609
1 51667484
1 2441934634
1 2693316994
1 3177055753
1 3940931597
1 3760199542
1 3493304212
1 3294284755
1 1759683408
1 3519421381
1 1199106366
2
1 3691180050
1 2623475689
1 1683897619
1 2425319828
1 2176827247
1 1242861842
1 3416444862
1 1785505587
1 383221699
1 2292254056
2
1 604835339
1 2041766722
1 1454187666
1 1263147275
1 2235282649
1 2594694698
1 3734890519
1 2390739136
1 1073900879
1 161555220
1 1268799923
1 3618610914
1 2036818669
1 1955874730
1 1189926382
1 4093210576
1 3310656616
1 1846484503
1 3277941404
1 557422403
1 1252777816
1 3118258756
1 1639628214
1 2376753444
1 249484976
1 1858393866
1 941794395
1 3432270852
1 3115158316
1 2508863253
1 3417796255
2
1 572482082
1 2452245662
1 2401121352
1 4156344091
1 538555906
1 865603994
1 1163201932
1 3625875273
1 1682700885
1 1506804293
1 3633389567
1 3903382574
1 1763174418
1 1064416908
1 698755059
1 318078581
1 1515207401
1 4276597488
1 1583377877
1 865397563
2
1 1218523094
1 172976283
1 1274746251
1 3934277631
1 114500891
1 240494384
1 3804411377
1 153767715
1 4271941611
1 226659751
1 775007713
1 2448281908
1 2169421209
1 1921050842
1 3631030040
1 588308259
1 3820110400
1 3504056440
1 3445349525
1 1479350630
1 2496064989
1 1436364507
1 1980489028
1 1689001730
1 573753207
1 3177159721
1 4199106258
1 481288094
1 2080753086
1 1560437881
1 3734383255
1 2935154827
1 1113890621
1 849922795
1 417742143
1 3394980469
1 2335117374
1 3130081305
1 1285695236
1 568191195
1 1886918492
1 2021381580
1 3212657917
1 2218471096
1 1926346736
1 2512157263
1 3075407620
1 1392788554
1 2218756344
1 727720704
1 1561500955
1 3678013150
1 3265375912
1 2657884053
1 3798834399
1 803660323
1 3401841320
1 2838516660
1 4113669047
2
1 1204171997
1 492571326
1 3495615167
1 3683053204
1 3498055414
1 829559288
1 3287798590
1 1430351655
1 3738362468
1 3658560468
1 2081923321
1 2206502063
1 2880646589
1 2850671537
1 2726565126
1 3681176658
1 3560711660
1 71581919
1 984044812
1 3894142562
1 1240496329
1 1717992434
1 2459890039
1 4238446397
3
1 3951030978
1 2438783246
1 3556218032
1 2382410416
1 1860470826
1 2869028445
1 1969455878
1 1480459868
1 157167088
1 3850729789
1 1012385933
1 1181822954
1 1692858858
1 4273622349
2
1 2838221520
1 3169062739
1 3114384902
1 2331025841
1 2093669728
1 183878575
1 2003472448
1 2478791123
1 1939058979
1 2653546352
1 1530371473
1 4024033063
1 669920854
1 2363506924
1 1527789802
1 761156469
1 1858539902
1 3252672010
1 2618242334
1 1437759044
1 1955076737
1 1653568323
1 822051062
2
1 1543140104
1 1982092278
1 3644967966
1 4282535757
1 3356676175
1 4044134177
1 1885152708
1 3355472799
1 777661174
1 487408682
1 3669873131
1 2845389113
1 1554320512
1 810933111
1 62054827
1 2149363524
2
1 3795539861
1 3746349344
1 986497612
1 1420489063
1 796427675
1 4259569359
1 535891048
2
1 1703219840
1 3535652830
1 1568848
1 3034226697
1 27854977
1 1275470964
1 712078822
1 587830351
1 2618852146
1 867872868
1 835478564
1 1103143578
2
1 2629681692
1 3399770492
1 1912283530
1 3766796801
2
1 4145799840
1 3165563540
1 401973690
1 1639569555
1 978756219
1 3945763775
1 2978837192
1 2705651534
1 350547120
1 2502281187
1 3473343119
1 3480590383
1 2309232748
1 379947045
1 3964784495
1 221953470
1 2952471930
1 523666789
1 82961020
1 3321391938
1 1664223366
1 4042643024
1 1335866941
1 729664346
2
1 936808009
1 3621985217
1 2753075494
1 209048155
1 2457445973
1 2615514271
1 888284025
1 3410741974
1 1419453580
1 2668230601
1 2310022104
1 1978973011
1 2750283112
1 868812717
1 4224001113
1 1167162919
1 1331284799
1 1082213505
1 2107405463
2
1 199575236
1 1831593991
1 3732848365
1 1465751343
1 69893609
2
1 301290639
3
1 1053485352
1 1405162904
1 3393807319
1 3499119735
1 2739375321
1 3892677926
1 1888505709
1 2910202728
1 169906732
1 3439446193
1 4089215032
1 4186464478
1 799367432
1 179480222
1 1834695842
1 1791612831
1 1697036984
1 3052355831
1 4109406292
1 1562282050
1 1301005257
1 2738056953
1 356634383
1 1898186408
1 4097475438
1 3696422012
1 1613689782
1 315459368
1 583840882
1 1475258957
1 1553065060
1 1582021169
1 357776261
1 3082759890
1 2785322793
1 1558389100
1 3771291185
1 2769169181
1 2845097814
1 2477344294
1 2875488284
1 634932381
1 2778630157
1 2846843464
2
1 1236133262
1 1129977568
1 4177706622
1 1304069194
1 1097388826
1 2084568715
1 1439171591
1 1106293078
1 2681626391
1 809058734
1 397945446
1 4194053817
1 3168753582
1 4029392561
1 4168459331
1 3270488082
1 952146173
1 2816683701
1 1024331284
1 2613148377
1 2561844441
1 1852011714
1 2639724268
1 4223432582
1 2981628455
1 492424665
1 2593155477
1 1518468166
1 2183429810
1 2132497728
1 3953060662
1 3654553963
1 4246432921
2
1 563682608
1 420689854
1 4246429481
1 850096319
1 670595117
1 1880118429
1 2464857233
1 2925820680
1 3529244536
1 1239602678
1 3918665925
1 2486678126
1 4212083502
1 107666984
1 178338023
1 2069512705
1 3931119824
1 1696910323
1 3415030642
1 1892100177
1 2792346061
1 305579428
1 1309042351
1 2943319020
1 1672572286
1 1991277035
1 711104229
1 832187310
1 3963505188
1 1782887425
1 287172817
1 3856798699
1 2570356386
1 2934965595
1 1803200675
1 1737900264
1 2315952741
1 1695517750
1 3688374423
2
1 2015939258
1 1829714745
1 4131720730
1 3498011491
1 3449048568
1 689299969
1 1566642416
1 1534623412
1 3178753730
1 3081038205
1 1214137631
1 1649586128
1 2403473843
1 2330563584
1 427686985
1 2886104013
1 3539694622
1 2936403557
1 733022242
1 288031172
1 2146771681
1 804638656
1 3867743105
1 1768176838
1 3561402800
1 3637294807
1 4202878614
1 4253823808
1 3541351913
1 2957540193
1 1292208909
1 2906430984
1 604674397
1 254935585
1 1957745216
2
1 4220974063
1 4030531904
2
1 3315962073
1 1764183892
2
1 3487139409
1 847588916
1 2277715346
1 3077608686
1 2259695908
1 3673825435
1 1785889123
3
1 351705881
1 3944708272
1 2503841032
1 132239574
1 111022260
1 1637674884
1 3468914644
1 162842184
1 4222780359
1 2281880463
1 2794431006
1 3410784215
1 62937862
1 1441909832
2
1 1186118864
1 2860126150
1 4176121954
1 2973292324
1 1365582404
1 2527762602
1 3292674240
1 2895789858
1 1596186259
1 391075385
1 741738550
1 2295955676
1 2616247193
1 2560617124
1 231620308
1 1310051617
1 4088876062
1 1859745527
1 120301686
1 2885087158
1 354858067
1 154162068
1 4071746287
1 3663699780
1 1811253804
1 2174081529
1 3471863211
1 3489643800
1 1279371771
1 1101845193
1 4273252957
1 340891752
1 196184354
1 1365601798
1 3208169956
1 1064908760
1 2107431092
1 4262524361
1 1681035713
1 798813122
1 758612444
1 1459106674
1 1657818237
1 286818451
1 2717978883
1 3689652611
1 3365135508
1 505929950
1 2748746358
1 1377167592
1 1615352147
1 2976501928
1 2523837727
1 1811506072
1 3837600643
1 1408999118
1 3244132339
1 3218899441
1 820056669
1 3801599686
1 2207555385
1 2428772732
1 1119020402
1 1211552437
1 927541137
1 4002424953
1 477364978
1 4152995173
1 132042517
1 3796495982
1 2419979202
1 3846180959
1 1186699128
1 983832768
1 3582848709
1 4041015933
1 3739778535
1 578113179
1 1342398895
1 2317890229
1 4119521806
1 539635827
1 3981211451
1 3172297349
1 1182183725
1 1012253285
1 1359969225
1 3593854023
1 2372673579
1 3800942822
1 3602551385
1 2098587703
1 3087208864
1 3368596242
1 2421937931
1 3883747233
1 4257082977
2
1 2451740474
1 1349883788
1 2598412347
1 2633111553
1 2235067539
1 1544415286
1 305491130
1 1059918402
1 4284390163
1 3246584226
1 158012126
1 1316147363
2
1 375733972
1 2405929955
1 2474121849
1 3402698604
1 662419994
1 1663587388
1 1253141387
1 2706355625
1 2630222301
1 11408401
1 1913218688
1 1440207028
1 2850249630
1 3147391754
1 1570195053
1 3441418140
1 2816140537
1 1292293141
1 3347147189
1 4211768587
1 3945624214
1 720664411
1 2366066199
1 2607869075
1 1226762445
1 1450494729
1 1207422778
1 241042811
1 3406874262
1 1725245564
1 2031984334
1 2163053210
1 4276013092
1 2624806665
1 2684241129
3
1 3965461820
1 4288560652
1 3398153505
1 3320652679
1 2620614027
1 1781320236
1 3608926712
1 2169860500
1 683305420
1 1121521324
1 3846428205
1 3638323748
1 1404610632
1 3877688076
1 2408498074
1 281711276
1 2989292056
1 870643352
1 2253448458
1 1175626687
1 2345545213
1 3855669548
1 3550353293
1 888841147
1 3859281356
1 4077363259
1 112035439
1 4216740682
1 2888923679
1 868145424
1 412003611
1 3377428006
1 1319548714
1 1808472280
1 615870454
1 936224195
1 14295277
1 1442701386
2
1 4009985455
1 264457624
1 578523075
1 1435614485
1 3737535523
1 2324729668
1 1651010033
1 2341459411
1 379765076
1 3866486274
1 2629852561
1 2876551022
1 815516062
1 3603101031
1 590975899
1 541803860
2
1 1952650399
1 3412216632
2
1 36976474
1 1058195775
1 1726148735
1 3191945191
1 1510129
1 3985916061
1 4249440296
1 2725959433
1 3499264829
1 898064659
1 1109314457
1 4146845356
1 3013734227
1 2466564431
1 3532372691
1 1136134048
1 430353789
1 3911551219
1 661741677
1 2863316480
1 513093599
1 2889977190
1 1041786688
1 2279457498
1 35392021
1 3430865834
1 3780306477
1 3776847107
1 3106288098
1 3195483737
1 2802899605
1 1323776364
1 806265119
1 3372355372
1 1689979941
1 3236286046
1 615033400
2
1 2367838163
1 3811001618
1 1141114178
1 1406266903
1 839532704
1 1132396606
1 2016382350
1 1393775421
2
1 2535072228
1 4171609969
1 1936259119
1 4130770500
1 2894598953
1 820842590
1 3014667818
1 3235102699
1 1652823882
1 2645452015
1 84754268
1 3479784933
1 3436678805
1 1943864039
1 2393172736
1 2733115371
1 1869762265
1 2934236857
1 1762765991
1 3224219022
1 1227010059
1 2658747481
1 3370586962
1 3804513061
1 3468030839
3
1 944878216
1 2180232129
1 796169697
1 966983354
1 3193676787
2
2
1 3850063275
1 1498465377
1 847927952
1 372194109
1 1476331279
1 71281662
1 689725852
1 711773491
2
1 1280819371
1 2288818165
1 1147253044
1 2242570436
1 3133365578
1 355743549
1 1187188998
1 3841620808
1 1649439305
1 3533021903
1 2783491280
1 3970081573
1 832408884
1 3513534588
1 4088248978
1 1064203292
1 2046646387
1 2208198008
1 2335190150
1 2535257561
1 4218822222
1 1704250669
1 3326163959
1 2792217234
1 1448050248
2
1 3615598433
1 485170989
1 1005355137
1 1739936503
1 1253998080
1 225076770
1 101485292
1 2086129775
1 2875720900
1 2986736092
1 4037964360
1 3311731881
1 3352572067
1 3621346607
1 1052151180
1 2747890824
1 98090126
1 2056552721
1 1819853141
1 1085402257
1 2521955357
1 3724825915
1 1742401670
1 3813754510
1 3418902324
1 3871312522
1 2272218990
1 249469258
1 3484176559
1 417248214
1 123020166
1 4092423654
1 4035477511
1 71089327
2
1 4281130570
1 292707026
1 2494408604
1 2543446898
1 3364671927
1 3363875182
1 447991881
1 607605734
1 4192839984
1 3526672818
1 2294840988
1 1806614755
1 1219192554
1 2094359801
1 1717826597
1 1352306066
1 977766569
1 2933049384
1 3927040318
1 159781175
1 2919123164
1 3535507128
1 2365350399
1 977068662
1 3719589155
1 4277305637
1 3933657624
1 3449526205
1 240788402
1 4038609544
1 3355090058
1 3628050524
1 4174014664
1 2394678025
1 587183268
1 4154970476
1 681835204
1 1914272124
1 2402987838
1 2910528945
1 2953893596
1 2767936840
1 2442167111
1 1399073869
1 1280028784
1 1480140776
2
1 1432278358
1 2768871192
1 1984068598
1 2739991015
1 4226432140
1 511580427
1 1244371616
1 2530010549
1 1008552964
1 1486770159
1 3128638259
1 2250128024
1 945632976
1 1143363679
1 4290568080
1 1457563897
1 1968440418
1 908666726
1 1329877367
1 3726763549
1 1206639478
1 2117687325
1 301490766
1 3456443267
1 543825478
1 3925634246
1 1570255538
1 1617673427
1 2535925208
1 3030307542
1 4118595055
1 839707077
1 4233320750
1 3778788409
1 18987072
1 2852293795
1 1501905071
1 3179714034
1 464432028
1 3464197512
1 3694313022
1 1997231517
1 1828008922
1 955087838
1 2246359346
1 2418510292
1 1377926972
1 793993043
1 62873595
1 3538735045
1 1562005049
1 3311094726
1 1787248307
1 2388605557
1 456652257
1 783727663
1 1799612049
1 2083997533
1 3557894361
1 1110324499
1 1400537116
1 354489943
2
1 72883063
1 304427038
1 3522418555
1 1334190406
1 3841409198
1 1704763238
1 1350780368
1 3771221033
1 99414882
1 3663177543
1 2571956485
1 2595694782
1 3889036607
1 3429325804
1 1885196
1 3041305458
1 3475596928
1 696700545
2
1 2914072325
1 353928184
1 1553052899
1 3926231130
1 3383013751
1 1954042778
1 2278099140
2
1 2313449825
1 245265152
1 192065618
1 3376904499
1 2209545447
1 2706877429
1 2277510940
1 3961490346
1 2875416542
3
1 4006200478
1 198894573
1 4246400416
1 2146900318
1 669884781
1 2972786954
1 2585467914
1 3168981680
1 2509794811
1 1047298131
1 3257701586
1 604725951
1 2755361841
1 761737425
1 1990444571
1 2210680604
1 1192132064
3
1 4122135820
1 2757421925
2
3
1 3693068995
1 417819172
1 4275252772
1 3921610578
1 4238998010
1 3358926942
1 2436825693
1 3938728098
1 941318817
1 2254507580
1 3807304930
1 1522344120
1 1649922239
1 466221035
1 1053700661
1 1426265063
1 2945563916
1 153539261
1 2842344400
1 2057968716
1 123479138
1 302297951
1 2636137145
1 40693401
1 4291484058
1 2095055740
1 3296645468
1 154444277
1 2823390129
1 91023268
2
1 2312993937
1 2920687339
2
1 1196708945
1 1524280963
1 2498479091
2
1 4123591780
1 2255493725
1 488012050
1 2007144266
1 4058061280
1 2933473117
1 2605256509
1 1931510885
1 2412990282
1 4172781551
1 2943285610
1 609364706
1 649362080
1 2842326768
1 2160149870
1 4087206749
1 3409136951
1 2164006264
1 4062133349
1 4011873632
1 1587507397
1 1720073379
1 2947627585
1 1334394483
1 2842178580
1 3756044014
1 3861358521
1 1220762574
1 856762846
3
1 1606045445
1 4037040341
1 1110088558
1 3106483553
1 2623894757
1 1641373127
1 1523383802
1 3738528888
1 419542481
1 3188793039
1 3017120326
1 2159235342
1 797259626
1 791056486
1 2094619429
1 611736700
1 3748159924
1 977704972
1 789861326
1 3489155624
1 3558091184
1 3645953624
1 621470866
1 1884750127
2
1 1377044064
1 701401309
1 880633134
1 843611769
1 3724492368
1 4269029487
1 2610497296
1 1102668973
1 174924558
1 480837804
1 2217445002
1 675660500
1 557218351
1 1115570928
1 1432897676
2
1 668326713
1 1809707776
1 406627458
1 1722108877
1 1890153058
1 3827657599
1 4226419581
2
1 118603295
1 39033415
1 612305051
1 3252573894
1 2611253411
1 902834097
1 3572207013
1 4286356610
1 108926753
2
1 1656220871
1 17501076
1 494126854
1 4289803571
1 2324466453
1 1455163072
1 868455618
1 2339396366
1 3636244752
1 3832805324
1 3912421467
1 434363538
1 2498548649
1 1628086320
1 950217531
1 3036495089
1 3872578399
1 3463713469
1 2533248536
1 987687322
1 2138066906
1 903677531
3
1 3901405289
1 1983802599
1 2491533736
1 839255036
1 2390337615
1 1046955904
1 1448502170
1 2032537196
1 1661798470
1 3138051596
1 98144319
1 3140065591
1 3657105621
1 2596973739
1 1452063657
1 2114462043
1 2532753050
1 1284537514
1 2317950568
1 3990768449
1 1851165365
1 3272233992
1 1397470415
1 2090486879
1 1373144780
1 2430683069
1 3394577416
1 3288122841
1 129229305
2
1 3601094668
1 2798555681
1 758875733
1 532598762
1 1822918658
1 1406038661
1 392117498
1 3787735903
1 1360534507
1 125331975
1 3992904609
1 3357832242
1 1966189937
1 1853103741
1 127088619
1 244833986
1 215153181
1 318693161
1 3233874681
1 3008009985
1 3535071188
1 539178041
1 2852547411
1 1787644557
1 242565369
1 2862827753
1 2147519238
1 1918984325
1 652566636
1 2602032900
1 463302326
1 2865646032
1 2504503790
1 4140610
1 3922429507
2
1 2762165469
1 3165025550
1 2683936078
1 390058736
1 3405619826
1 1210705601
1 748411371
1 3361363205
1 1101154788
1 1371527717
1 2372047870
1 3061373336
1 25292150
1 758065995
1 106989099
1 3729477592
1 3117095892
1 2247864804
1 1987436557
1 1307857811
3
1 828320348
3
1 535484868
1 3819187937
1 3103275970
1 2338122241
1 4277261693
1 4174833639
1 2052505958
1 2983368243
1 2410453714
1 3519454721
1 2464177582
1 2558540025
1 2341780148
1 4242682220
1 496101173
1 560970369
1 712255423
1 101920601
1 3217260067
1 1752844073
1 1407364620
1 3202083987
1 362781691
1 3371788488
1 1100986251
1 1468441432
1 3183736161
1 4225607502
1 1823610215
1 3557969095
1 3584492605
2
1 1509024288
1 3254424467
1 1554186206
2
1 230966106
1 1046519972
1 1075776098
1 2066788582
1 3122320574
1 3321774793
1 982258716
1 941869736
1 3294585019
1 616152708
1 3204014868
1 3803800662
1 2084298473
1 2682525477
1 970366507
1 232385273
2
1 1922931623
1 2294896522
1 1206816988
1 3155759710
1 3611618358
1 2390445721
1 4096429031
2
1 3230857593
1 1462548189
2
1 2643774735
1 1155849131
1 3327907234
1 297238956
2
1 1024125230
1 665385327
1 797604025
1 2849167775
1 4031959326
1 2246330303
1 959641542
1 3508797705
1 3534344029
1 4034029137
2
1 2270143414
1 3023622134
1 2813822599
1 4279710064
1 2586811279
1 1472310636
1 1404695534
1 3264059055
1 687420179
3
1 1267410826
1 1705874983
2
1 2233482342
1 3136890696
1 3603746558
1 1639023724
1 2347820735
1 959860770
1 1134206145
1 1095060036
1 3177994936
1 3637918875
1 920879891
1 3498121931
1 222471060
1 1095675204
1 3182035379
1 690712189
1 2135307990
1 1055735500
1 3110382106
1 1185303475
1 1815542496
1 804424609
1 811229008
1 2048421148
1 1346159346
1 507967629
1 3726543422
1 166545771
1 953906857
1 784853052
1 630921824
1 4085125313
1 1694208898
1 145733938
1 1977007105
1 2616517542
1 674494788
1 4290998074
1 3906857217
2
1 2820295694
1 2294798059
1 3746298052
1 190666104
1 2761655747
1 257329105
1 3177935309
1 4209637983
1 3097809197
1 2964611891
1 1294349776
1 4055089333
1 3612047293
1 4023209042
1 3562248841
1 956828434
1 3078255963
1 3195806515
1 3761610355
1 3372581531
1 4006781999
1 1434911382
1 2182207620
1 2849222324
1 2643335038
1 3589735375
1 895685643
1 3180003240
1 1124136165
1 498507588
1 3726742225
1 2662549274
1 4029092846
1 2260930209
3
1 3391722432
2
1 735217600
1 2017520371
1 1879196575
1 967266693
1 1419880145
1 3090766668
1 2059060153
1 245560149
1 2788944182
1 1026588621
1 1365449330
1 2468117771
1 1953401465
1 165619211
1 1955454937
1 211186470
1 1361326782
1 2509909588
1 1795196741
1 2311173470
1 2988213867
1 687042559
1 1565922657
1 3932079376
1 3109237622
1 1171616465
1 2298086222
1 470076613
1 3096667790
1 1771128742
1 3019767284
1 2000673555
1 1189177119
1 2773453231
1 1295412293
1 3045924863
1 903733040
1 952154183
1 386816153
1 1662846253
1 2550025658
1 1571945122
1 3496054600
2
1 293983914
1 2836990062
1 699513240
1 3143211340
1 1275554979
1 1892454361
1 2493981720
1 4110951959
1 1404564921
1 553924062
1 2612296460
1 1151691799
1 3107376259
2
1 4106868226
1 1250399017
1 227936907
1 3475009282
1 5387156
1 4272151093
1 880919911
1 3985831112
1 404772538
2
1 2581247667
1 2876151558
1 2035228866
1 1458324858
1 3194775883
1 2744272667
1 3660951531
1 4113429398
1 2444358730
1 4017346240
1 3289742662
1 1776238869
1 1850084153
1 3906370541
1 917909205
1 225820756
1 2589473706
1 708007922
1 1062911114
1 2057520784
1 1241119394
1 1425402948
1 2662302943
1 2837085615
1 3993402955
1 507343936
1 2699672866
1 980538125
2
1 538086331
1 1852727741
1 1320101036
1 1010299520
1 1355238181
1 2486352602
2
1 4261986876
1 2188981308
1 219948164
1 1570862527
1 3708707415
1 3272860619
1 1722919815
1 1296448743
1 2460106496
1 718522891
1 3646390758
1 2852671723
1 1282845856
1 4156144416
1 4006743623
1 1253799323
1 2017131745
1 3482523997
1 1251911866
1 1662513485
1 786621297
1 3609985186
1 3920397702
1 3276505699
1 1517281224
1 55558424
1 2994254743
1 1039375559
1 313970477
1 450175090
1 446571501
1 3228223983
1 231786518
1 514501054
1 4126476980
1 2435559348
1 257161581
1 2439346212
1 2779480557
1 1639981030
1 578542705
1 3186417053
1 1334863849
1 3397775854
1 2091659363
1 1010342569
1 2861833944
1 860930897
1 2901397537
1 1149331267
1 2123454476
1 2422224946
1 356801084
1 1145337151
1 1821848018
1 390213581
1 534425823
1 3775919729
1 709131995
1 625045641
1 916295265
1 4185225961
1 267272242
1 1849295059
1 1415554583
1 838922795
1 1052293910
1 37052286
1 4097352966
1 1871162202
1 1053408121
1 16618803
1 830457484
1 765349384
1 2024216500
1 512765650
2
1 3565428353
1 1826818227
1 360089623
1 1307829043
1 2091646555
1 675547030
1 1495303178
1 1367732649
1 2387591091
1 2647404553
1 664628746
1 486565378
1 3693827817
1 2993799061
1 219624035
1 1001687010
1 1963313818
1 443576637
1 1901000051
1 2280217718
1 3008485867
1 208687164
1 3713728891
1 710441633
2
1 268741105
2
1 3122252898
1 3181723292
1 3495058348
1 3172785911
1 2214511263
1 132711522
1 3348305062
1 4114010724
1 2329940112
1 3669172876
1 2613278764
1 2556712589
1 553295855
2
1 728179926
1 634694074
1 1845014939
3
1 2844337487
1 237493306
1 3497739464
2
1 1717704563
1 755133786
1 353165268
1 1547871901
1 3617626724
1 256011720
1 1471002494
1 234675281
1 2572575611
1 2327539928
1 3119515743
1 2142002177
1 3861710498
1 173648972
1 1304589671
1 881164914
1 2038185838
1 2267882791
1 133023689
1 4174160007
1 1320498182
1 112491613
1 3271489859
1 2130522823
1 2869254000
1 1771097870
1 548706482
1 3869057707
1 799777181
1 4282885070
1 1621214834
1 1810618647
1 3273782739
1 3117470886
1 4234490476
1 1629236858
1 1298748848
1 3757966254
1 2341827814
1 1294373917
1 398540743
1 1437485900
1 3143780639
1 2949104598
1 2335304571
1 3762394914
1 1161760843
1 1909073484
1 3447638688
1 469685770
1 2691719844
1 1255953357
1 1724864085
1 3975944668
1 1345177180
1 2637864535
1 942616294
1 1437833860
1 2849267862
1 461596030
1 4185075684
1 1460434966
1 2571993024
1 132901971
1 1379629017
1 2157178007
2
1 236386074
1 3352221942
1 1859973298
1 2581619419
3
1 243590110
1 2016376415
1 3316476700
1 2708407143
1 620029610
1 1045274252
1 2781657890
1 3930616609
1 2593996631
2
1 1978243635
1 3463431916
1 4265638326
1 2071702222
1 719999541
1 2655773978
1 3719844790
1 3744273307
1 2884535896
1 3808768724
1 1085756288
1 1154560955
1 2235196913
1 353042587
1 3192404757
1 803721360
1 2377737106
1 1188248990
1 36741416
1 2924313065
1 1879917397
1 2455646755
1 1543852805
1 372311099
1 252923057
1 2884900443
1 4233415080
1 4184335593
1 1755190876
1 1895077002
1 2927121903
1 1231564164
1 3541084760
1 822781055
1 1371164731
1 1494245130
1 3129838746
1 4283026694
1 4156949150
2
1 1499725661
1 2998283619
1 593450146
1 2030944578
1 2453779606
3
1 2249599762
1 1316073861
1 2434429625
1 3804449171
1 2877874947
1 3078816680
1 2436661244
1 3928772788
1 2782253995
1 3906222313
1 1238882326
1 337320953
1 2313708669
1 2490509280
1 1315417746
1 2740092370
1 3439848823
1 703359554
1 3746979644
1 3824978060
1 4198019350
1 2354925360
1 350978590
1 2925045880
1 4071418600
2
1 384452385
1 3152432388
1 623991627
1 4142591734
1 750285432
1 2706642239
1 3050162489
1 1654352554
1 526436328
1 836712493
1 716689962
1 716250612
1 1124098773
1 452459237
1 3851241584
1 3517609081
1 3787048353
1 1595607750
1 993565233
1 3366499304
2
1 1451060446
1 2730391375
1 3743381112
1 3917020219
1 3608535014
1 1334585481
1 2923883313
2
1 4204495451
1 1163700267
1 225014448
3
1 4009841911
1 2109329431
1 273192434
1 4261598339
1 2484381584
1 443654273
1 3931354614
1 1880416160
3
1 1032089465
1 3195060892
1 3575762554
1 203658
1 1907521055
1 2702263649
1 1348392121
1 2793296660
1 1331662667
1 3291396952
1 2153480589
1 1287378971
1 169764858
1 611518981
1 3184524332
1 2237919179
1 510032666
1 1944435762
1 964287032
1 2885947452
1 183222571
1 2955325605
1 2567472678
1 4224861615
1 3724193462
2
1 1212723051
1 70226064
1 4061757003
1 4213813324
1 666184453
1 3914420921
2
3
1 320949914
1 1252166797
1 1339591288
1 2660370081
1 1096191717
1 3130144596
1 3918750947
1 1760302436
1 836412851
2
1 450179086
1 263547123
1 93547098
1 2509702077
1 2608723323
1 126180678
1 813028531
1 2529414579
1 1729774154
1 4273127502
1 2967393693
1 2766458939
1 519008797
1 3227661215
1 3112506489
1 4099035216
1 2356562720
1 2638793269
1 3441148496
1 2465786994
1 3661127241
1 2502543373
1 800789113
1 2999602990
1 716427213
1 3410328370
2
1 3372662236
1 2071061196
2
1 1312426599
1 2697698017
1 1822939530
1 1325921657
1 174640069
1 775899497
1 3626146394
1 3337791442
1 1846854260
1 1956758424
1 1767193156
1 4158734923
1 1753815581
1 1964005751
1 2507936072
1 2705827587
1 2092975211
1 2376810816
1 2805111489
1 3145623741
2
1 3782213895
1 1812043719
1 1001612928
1 2422450303
1 2189305409
1 462651868
1 2102076984
1 1548200451
1 4083244341
1 2148379107
1 79881524
1 4085931304
1 3841821042
1 1434510619
1 1925632796
1 183477458
1 659003698
1 2790154015
1 1557310505
1 1401804800
1 403718587
1 44503788
1 2351260612
1 1916069828
1 3303471316
1 2383773602
1 3935802574
1 2505738130
1 3545763111
1 3496067681
1 1201986597
1 3313857478
1 415850094
1 1289907713
1 1063321847
1 3567431188
1 1105320348
1 2736128019
1 2164335157
1 1225044650
1 3156432923
1 3652149585
1 2295845739
1 1344603674
1 4150962261
1 1879216474
1 3669828805
1 559664320
1 631325833
1 3444960336
2
1 238910675
1 261738852
1 2454860626
1 2421028432
1 1456800207
1 3541689577
1 3233263437
1 1427652050
1 323367814
1 3798495939
1 857548367
1 1089770715
1 1555955740
1 3677215878
1 1366006953
1 2338292875
1 2425640198
1 79368284
1 4104301263
2
1 2352998595
1 139775406
1 2159316636
2
1 455435605
1 2438705043
1 309251358
1 4172187284
1 2762107539
1 2764315504
1 861369343
1 1603130382
1 792260574
1 1820609851
2
1 2357681722
1 971874964
1 3561680355
1 2462851955
1 7713942
1 3937958382
1 415989895
1 4229081452
1 1392609143
1 3098849267
1 4015331265
1 591508354
1 2412983885
1 788620141
1 3869496680
1 3767883468
1 510776855
1 193277613
1 1174906162
1 1155082617
1 3853848417
1 3492290175
1 2350329386
1 2782497109
2
1 1654387221
1 2177836771
1 1024538634
1 3332941189
1 633774277
1 2600772646
1 155023222
1 2024892248
1 3442436296
1 2037144146
1 4252896633
2
1 155546713
1 3406469360
1 2560950292
1 124510868
1 2722744187
1 1927179475
1 3068210878
1 1183612322
1 358633417
1 1445200033
1 1053555029
1 3059611176
1 1478848624
1 462680137
1 2331447399
1 257716948
1 37863186
1 3818719819
1 3242999026
1 918138176
1 4287410527
1 2444905496
1 3877780990
1 4012809134
1 1839018818
1 3184974646
1 1458907032
1 2834161770
1 3601393223
1 2690506747
1 43750569
1 2961044853
1 595204471
1 3896507757
1 2843347401
1 4230393651
1 4055174876
1 20430933
1 1936479449
1 2786556079
1 2669307317
1 2409068305
1 991237964
1 1710015563
1 11099444
1 2874458705
1 3088016021
1 1041215059
2
1 1786212264
1 2594734346
1 2193439204
1 4094059459
1 1941486064
1 4259517586
1 3493892195
1 1336091125
1 2554798517
1 687676167
1 153606477
1 2734234282
1 765525960
1 2024298672
1 101393021
1 2356517490
1 1049728460
1 3469657628
1 2814260613
1 1037015306
1 1428793930
1 1129238513
1 2039681178
1 945508679
1 1941789182
2
1 1400454926
1 268085248
1 4116013806
1 2257003792
1 4159147590
1 1551718473
1 141625743
1 1016820398
1 1287979703
1 2079316671
1 2789112400
1 3704140052
1 2666808421
1 2468606251
1 2783470461
1 3101045448
1 1273663885
1 1911133687
1 3560862921
1 1582250826
1 4036076451
1 913958351
1 774343521
1 955658267
1 151309214
1 3324037218
1 896544800
1 4110142346
1 1797462126
1 2218442547
1 2071008503
1 732135214
1 4198219617
1 2496035189
1 3511250155
1 36670312
1 2535387184
1 211440935
1 3628868388
2
1 484740935
1 1868555848
1 3462098523
1 605301493
1 633101272
1 2173608364
1 3042540551
1 1049009927
1 161080800
1 340798149
1 2587324034
1 1888333001
1 926405276
1 3756919230
1 1605626718
1 1146951452
1 2145575072
1 2451321555
1 3889185602
1 1011824692
1 2285524645
1 450925718
1 691087141
1 393439968
1 3382698521
1 989948992
1 2919573196
1 939565341
1 3047389801
1 546733695
1 48053128
1 3433795031
1 356214626
1 1274820949
1 3378545117
1 1823561932
1 1939211443
1 813879606
1 2947344636
1 2203426522
1 2940985896
1 2170959741
1 45354727
1 1427110957
1 4189127927
1 422333534
1 1246593818
1 3298532664
1 2586016786
1 404344273
1 1287473289
3
2
1 2947027750
1 1234424191
1 3113072746
2
1 3387033801
1 3473693915
1 2641208515
1 2718583738
2
1 4148184998
1 1498306420
1 2928215739
1 2426386011
1 2467502082
1 1460332469
1 2059691618
1 3651543882
1 2229996376
1 77808948
1 4274579215
1 3300915582
1 2206450995
1 3776617253
1 2292111725
1 3876199192
1 2087702695
1 380897988
1 425117984
1 3192268979
1 3513118324
1 364678630
1 1986525440
1 97418472
1 208684521
1 3825805677
1 2523300192
1 4176584174
2
1 885798114
1 828776170
1 4158122586
1 2897293368
1 234660171
1 1804479960
1 4039672810
1 2561533871
1 3561825884
1 3062344483
1 1102516552
1 1792370984
1 413757246
1 412365954
1 1473034583
1 782085127
1 2422237539
1 1548966419
1 3121407993
1 3403472069
1 2213642758
1 1483428977
1 3363368826
1 2746532266
1 1502283683
1 2540313824
1 3702184262
1 2988647588
1 687086189
1 1460049659
1 1006193246
1 569937431
1 114020788
1 274663736
1 712875608
1 1989015056
1 1999421179
1 3408836249
1 2391514942
1 185613316
1 2579693856
1 2526611030
1 4266792112
1 2073047511
1 3643801744
1 3093640590
1 1382327054
1 2450415118
1 3027266692
1 3017324894
1 1613214090
1 2798609595
1 2429102665
1 1618130709
1 377355813
1 1827130686
1 810178543
1 712099118
1 3861629415
1 1003980255
1 4123653910
1 587995483
1 971455862
1 3034094401
1 2740088574
1 1025066794
1 3185703646
1 1636109939
1 476250031
1 529720064
1 2733093756
1 1794285493
1 3797081991
2
1 2989500199
1 706545857
1 3693486449
1 2826067841
1 4236365460
1 2662074398
1 373381778
1 3797609648
1 572995913
1 3003427859
1 3525629421
1 2513527551
1 928043573
1 3956187181
1 3564141155
2
1 2593263306
1 11395964
1 1275545451
1 1625201652
1 527980281
1 2581104913
1 2425076317
1 3344900580
1 4121086327
1 2118916455
1 1510624397
1 1683648147
1 1995896503
1 3120469569
1 2508838970
1 3855281844
1 1393149808
1 2199118019
1 1351395992
1 2532818057
1 1546606986
1 3688132625
1 3732988758
1 2579877836
1 329694363
1 3370749563
1 620720769
1 741401501
1 3995112969
1 2053677860
1 4252124417
1 3908032211
1 1601743262
1 1311998799
1 2567245563
1 1912423421
1 2706833243
1 914133606
1 1541408486
1 4158696640
2
1 2929094619
1 1280092328
1 19275876
1 34575879
1 1979522532
1 2114289948
1 2824782492
1 371723008
1 3340864926
1 494809615
1 3651147139
1 705602960
1 2151102273
1 787919516
1 2812608132
1 1039007818
1 516648259
1 65286384
3
1 2289782466
1 2074044297
1 1225691213
1 4162636932
1 2286138408
1 1402134436
2
2
1 3591563125
1 3919930045
1 718127150
1 1199807919
1 2634499573
1 3726624587
1 1680906252
1 1900600390
1 2265708018
1 3325404406
1 4276377277
1 2003809311
1 3375519777
1 3434280537
1 3393567130
1 2340255184
1 2812335585
3
2
1 3178728520
1 3641283687
1 1323082364
1 1921227203
1 4263832092
1 3503798329
1 509336422
1 3923937541
1 1206154723
1 2989553924
1 391502066
1 1372032700
1 2774938735
1 1743607412
2
1 2094909019
1 1913680045
1 2213215597
1 47846431
1 2701819311
1 3800987065
1 3394574175
2
1 3206763319
1 430998447
1 1751129138
1 4259305741
1 1192384829
1 4031321033
1 3313011749
2
1 2044281846
1 216160283
1 2093223356
1 1448189337
1 3296916150
1 351921521
1 1802438556
1 2339814595
1 1273630927
1 1770392705
1 986064956
1 4014873672
1 2836671491
1 1419218391
1 1782231216
1 3701040090
1 1089356699
1 2640572421
1 2041134366
1 429661522
1 4034258278
1 2279279180
1 2113169191
1 1806949837
1 2080486652
1 2383263612
1 608847369
1 330494136
1 2169310399
1 764932377
1 1758651922
1 3843994742
1 971207832
1 1765784233
1 4265336622
2
1 1814421594
1 2802004748
1 4029505664
1 3552230654
1 3971201039
1 1327410450
1 3552617361
1 1297303151
1 2596944694
1 290695194
1 4234234460
1 3863930937
1 3683434485
1 2166773103
1 1749221045
1 738077590
1 2234464805
1 989145547
1 3248492535
1 3881827103
1 514994611
1 958481681
1 15994830
1 3279776070
2
1 2788994803
1 1748722200
1 3923995386
1 3037578712
1 4163359329
1 3299116148
1 3226235682
1 3830011090
1 971184116
1 855015797
1 2072357069
2
1 3041660289
1 798038569
1 4059625244
1 266519425
1 2953264993
1 593758009
1 1772594133
1 502364357
1 1960112550
1 2861178356
1 2015564421
1 3882399491
1 3102684287
1 1072722086
1 1962401094
1 368899905
1 453355798
1 1532496561
1 2576948006
1 345012668
1 357550332
1 1146110088
1 2750300932
1 717989067
1 2107555592
1 1442652783
1 1792148604
1 3900979639
1 3490839048
1 3481792385
1 373016477
1 4225751967
1 1530410436
1 3740922538
1 859848293
1 2151382464
1 1379335511
1 3836154573
1 2563434786
1 1905257724
1 3443255858
1 1735008770
1 2045592493
1 268974462
2
1 2190151485
1 3769077607
1 2250567046
1 3288560543
1 2239245684
3
1 3888681502
1 419469381
1 616698170
1 3177862537
1 1872203246
1 2093490441
1 3685902483
1 4150702110
1 1573233511
1 457706471
1 3695321420
1 258093972
1 2283104897
1 2915596104
1 3820051183
1 1702468310
1 1176650269
1 11106174
1 3143998796
1 2086592134
2
1 1693541223
1 1012176452
1 1760795793
1 581221617
1 2375818347
1 2100835690
1 1088379765
1 1487823574
1 4118999659
1 42372445
1 153142925
1 1770762792
1 1758601230
1 1968631271
1 2699652569
1 323727829
1 665869621
1 1378695050
2
1 3881513879
1 1917409331
1 324505713
1 767590680
1 1024002246
1 2944157908
1 3316712481
1 2321122774
1 3630038305
1 3399178699
1 1161919897
1 885527079
1 3390110181
1 1221043104
1 2931967071
1 1945636560
3
1 3260183855
1 954161719
1 479845336
1 1446045972
1 2400380705
1 1224863104
1 2736242757
1 3810552510
1 2720338218
2
1 334012805
1 4063458044
1 4048271573
2
1 1437795774
1 1793624708
1 1434626082
1 3112292047
1 2263580616
1 3436881276
1 2992747405
1 3950529530
1 2820691614
1 91434754
1 3282693147
1 773844352
3
1 1354683303
1 423641089
1 950994171
2
1 3617224476
1 430458289
2
1 1494618700
1 2515824131
1 4149754755
1 1090474578
1 1668435301
1 2282415252
1 712684733
1 3366624115
2
1 873996574
1 4045406505
1 1120423499
1 3199064572
1 2517818158
1 2906790459
1 3344315616
1 1886628308
1 1959745724
1 3627237055
1 482706160
1 3930495218
1 2055397268
3
1 396807321
1 3102841093
2
3
1 2028453201
1 880797240
1 2917411396
1 1675679556
1 2762513550
1 120064593
1 575481222
1 3351612885
1 123935486
1 2611385875
1 1551362353
1 796334860
1 3143085731
1 2680217441
2
1 2117915859
1 4244353375
1 3521531857
1 2008394898
1 1228440890
1 2664298822
1 2646654952
1 1787129106
1 872393299
1 1613221013
1 518280830
1 103965576
1 748674911
1 3717649408
1 1945950009
1 2949751371
1 418114587
1 3940924974
1 384876644
1 371157570
1 286700611
1 2876927551
1 628522468
1 1631333331
1 4004876150
1 3176419718
1 987632373
3
1 3645591875
1 1439203985
2
1 1570527001
1 1251901556
1 4160949973
1 1059551370
1 2309494683
1 23289447
1 3862028721
1 635070683
1 3168944357
1 1412102586
1 1022287126
1 2085265417
1 428654111
1 2870162492
1 3429708033
1 1121709756
1 18540209
2
1 3423280118
1 2317362625
2
1 1351307551
1 62285333
1 3758609181
1 2939583925
1 1182708248
1 361286787
2
1 3655833433
1 3004944181
1 3585635860
1 2792708336
1 3109623082
1 1255020909
1 1530690700
1 1185138473
1 1754340895
1 2305914653
1 3094059634
1 4218512137
1 2973806224
1 1906809862
1 2836284701
1 3218115030
1 3391279841
1 756628409
1 572007958
1 1101769271
1 2844557069
1 4207582866
1 1551015654
1 800279584
1 3209788371
1 1353709566
1 2273582739
1 1621856431
1 4169251165
1 2910573644
1 3807761797
1 1825298094
1 3593503320
2
1 3324806974
1 1956044344
1 330984341
1 540457444
1 1512015947
1 3770091540
1 4217323382
1 2914277056
1 3896216531
1 2466189811
1 1788337439
1 892048744
1 1689722607
2
1 4108537754
1 2205659087
1 1469925844
1 3588643017
1 2343287383
1 3235991937
1 3558697941
1 1578079909
1 1299780295
1 4127218199
1 955921822
1 2652011459
1 1927514754
1 846197066
1 1240535453
1 1934156500
1 4029970053
1 884342698
1 2352481881
1 4046977685
1 2633510386
1 4098781440
1 1039119664
1 3197495478
1 2272597946
1 2536714167
1 2828495683
2
1 2013824547
1 3328314959
1 1178147099
1 433919175
1 37279055
1 1171933663
1 1119604811
1 1901411044
1 2963835283
1 4022559174
1 1013919128
1 3133946963
1 1676441363
1 1700521519
1 687837587
1 1310090192
3
1 752900940
2
1 3294818474
1 321535618
1 1964755094
1 1393279620
1 3520922371
1 3086938712
1 3439357060
2
1 1078284750
1 522021327
1 4025833432
1 976108403
1 732326528
1 947333854
1 1142702054
1 2034669979
1 4282612801
1 1223627924
1 2735998035
1 2569231011
1 288159259
1 3963858833
1 2693033581
1 1118583630
1 2600175429
1 4226617163
2
1 3800263176
1 548980876
1 3392793414
1 3893208340
1 3048741732
1 522069944
1 1893873594
1 98463449
2
1 3333377650
1 1416073320
1 2719545365
1 479556769
1 1963571822
1 3492827094
1 4167312173
1 2477968812
1 3103527135
1 1945548033
1 1944270391
1 95994416
1 3880427505
1 1261696130
1 340214974
1 3557870573
1 3006872125
1 264060626
1 3257948313
1 3084914666
1 1716717078
1 234687852
1 2325324079
1 3214801756
1 1146901943
1 415927850
1 1302596599
2
1 1364845199
1 1959102828
1 666268042
1 738391775
1 3839745111
1 53562929
1 3306069073
1 2162378826
1 3215925658
1 2009548930
1 1227760926
1 3439916787
1 2236208382
1 1400189049
1 3846097158
1 1952063546
1 105950479
1 2322237284
1 1586455487
1 2156363196
1 4037531250
1 3224391832
1 4170262019
1 3565415626
1 3306149352
1 1466340277
1 2322288599
1 159231675
1 1018469091
1 2782638764
1 275831759
1 1838435610
1 1270656211
2
1 3453025709
1 4166137870
1 3101748185
1 3984920301
1 1892851448
1 1663525382
1 2299995582
1 4027237115
1 4180914597
1 4147636948
1 1887471027
1 2390401336
1 210443798
1 588533752
1 1180250449
1 23176374
1 1509524427
1 1069171251
1 162821133
1 4252732879
1 848981221
1 2550613403
1 1330126589
1 3638708446
1 1983858805
1 1389087127
1 434823049
1 4004932957
1 200288152
1 3793695882
1 520811981
1 4008818002
1 1597380358
1 692543986
1 1541721761
1 71118010
1 1287413725
1 3144317776
1 1692047881
1 2362039188
1 1184158845
1 333229958
1 2360368694
1 1024409524
1 3165503804
1 3041640646
1 1262459928
1 1047722600
2
1 1193537760
1 975793536
1 575358153
2
1 1990288760
1 3240677608
1 3475939541
1 666049158
1 877610831
1 2955182846
1 2167609416
1 1185626814
1 3812292457
1 633897090
3
1 2969850010
1 3668694840
1 120936847
1 86405917
1 3394375459
1 3216510681
1 3500382581
1 3659798666
1 3471653272
1 190904461
1 3409211208
1 2178876564
1 1681396089
1 1134988909
1 3583948936
1 3795243535
1 1411339025
3
1 181027881
1 3793590141
1 2800267456
1 3756055704
1 2820135465
1 3602476994
1 3715106169
1 2242994938
1 3268442132
1 2951548625
1 534194182
1 1715309495
1 880601717
2
1 1724991395
1 1114745063
1 1412323414
1 3562157824
1 2635512778
2
1 18596502
1 1754950735
1 3655452116
1 505115161
1 3344463376
1 2178017549
1 1315546482
1 1281074965
1 2567089890
1 2081907143
1 1314038964
1 394455822
1 916316780
1 3879762167
2
1 2668510486
1 2509080826
1 3167698296
1 3511534932
1 2700515423
1 1325529694
1 2657878321
1 897013618
1 744691281
1 1824908254
1 1782365439
1 2233321019
1 4112141264
1 3887687485
1 1840816566
1 3977047333
1 2957144227
1 3329604931
1 1651386722
1 2042136528
1 785017083
1 3763401021
1 1367281257
1 1112613118
1 529000098
1 397768859
1 357365594
1 3602013309
1 3114265446
1 2494342164
1 3577221901
1 3132437698
1 2374932036
1 1990666946
1 2022698840
3
1 2827849829
1 946335278
2
1 620942231
1 2258046684
1 2934701396
1 1077162628
2
1 1651605415
1 1177931152
1 3185028202
1 2674132664
1 3357081350
1 2028385795
1 470330337
1 2564548593
1 1696676893
1 1625515015
1 1147383397
2
1 2274737040
1 2457994870
1 425153421
1 3082566881
1 320022847
1 629022002
1 1528007099
1 2021895086
1 1035565662
1 369739918
1 2893551355
1 1950888520
1 1604995064
1 1637400221
1 2803009600
1 2087354812
1 2673546022
1 305273679
1 1388419447
1 2301434816
1 2847777452
1 960177995
1 509215236
1 4183240315
1 82846130
1 1398830710
1 1974046437
1 3496629272
1 3298365999
1 2872659003
1 2271553049
1 1578824174
1 212360712
1 3102428
1 3315316891
1 406638737
1 1467616325
1 3767358899
1 3124677700
1 1359602460
1 4123761887
1 762613752
1 1126317374
1 2094049768
3
1 3912294074
1 765135002
1 72169945
1 3618204124
1 1051524574
2
1 506893921
1 364769224
1 3237094583
1 3103130268
1 2233331728
3
1 568357666
1 3368653397
1 988704345
1 1762903293
1 1691025511
1 3163929706
1 1581028689
1 2492695774
1 2992090708
1 3325513485
1 3769586424
1 3751012845
2
1 3486995207
2
1 3924425200
1 3672766343
1 1165716589
1 3092990529
1 1388848319
1 1436697661
1 382229175
1 1274629408
1 86603661
2
1 1285668736
1 4261421257
1 2489254818
1 1762260143
1 3688995893
1 1717458509
1 2254378705
1 56993528
1 1619497908
1 1115855617
1 1440690776
1 3991222769
1 2371636361
1 3957697540
1 3829359934
1 224466869
1 1806938079
1 411743636
1 4251340349
1 77942786
1 3083903486
1 3437774406
1 982865347
1 2013117983
1 2512595563
1 1920267045
1 767676001
1 3193427131
1 1217960221
1 4189947323
1 3707416020
1 203528475
1 683854167
1 1577250076
1 3866249921
1 1135287261
1 4129243572
1 2141686988
1 772786039
1 3499742832
1 4116169326
1 2623227680
1 165319592
1 2700055037
1 4182350572
1 1546681294
1 68452843
1 492844262
1 366681761
2
1 445129104
1 2421134954
1 960202412
1 2222055161
1 1933527449
1 4202935287
1 2733695146
1 3746184787
1 4143356600
1 1397636530
1 1856445348
1 628234472
1 3958963022
1 1632233962
1 1377402697
1 1688218257
1 3864852466
1 742406465
1 2460231009
1 3861512664
1 3935888126
1 1919316409
1 3916743854
1 2171861859
1 1396177837
1 3781213224
1 1044351271
1 3402028955
1 3590828356
1 3460390870
1 931631237
1 2539902138
1 1791353754
1 254254885
1 1083254756
1 1574860566
1 1431051967
1 3882944167
1 1121051277
1 3260934165
1 978051772
1 3777105346
1 1990412414
1 2965816232
1 3873211349
2
2
2
1 3150539143
2
1 2620641386
1 1808818201
1 147613687
1 1777016152
1 1872171074
1 3017834743
1 777220497
1 2683427504
1 1031987322
1 2555859841
1 2444546426
1 215478877
2
1 932871542
1 3927877639
1 1194717708
2
1 1457475254
1 4280093983
1 3067982868
1 4293275213
1 1479595379
1 578419816
1 2550049722
1 1041437191
1 108671772
1 1870137980
1 852901136
1 573675474
1 671361412
1 3989145631
1 1151948780
1 3013138760
1 3445160427
1 930960027
1 1787160925
1 1661605036
2
1 4110702899
1 1156418567
1 1785739828
1 348339664
1 2617007374
1 2800535755
1 2312017364
1 551828172
1 3762923418
1 1770239063
1 1595645153
1 4108023104
1 2766387305
1 1471879359
1 1840681820
1 3234375256
1 1090204213
1 3821510158
2
1 1161123327
1 2772170381
1 613427737
1 2483526123
1 1969074807
1 4131633855
1 2023637919
1 2791478054
1 3407161729
1 2128185829
1 684946705
1 573780801
1 350759232
1 1800361344
1 4149999396
1 3158456774
1 331094881
1 1754711844
1 3349961300
1 971632269
1 105341961
1 2638420124
1 2107164674
1 1065452170
1 1719858872
1 3489314347
1 3075835932
1 2367733780
1 989768071
1 923409916
1 1581668406
1 948385754
1 3866593480
1 3007154201
1 1842601446
1 2357207073
1 1757816405
1 2198027212
1 735421291
1 2579075736
1 83320210
1 1016102273
1 2149424328
1 2927355816
1 737399268
1 2332979165
2
2
1 1359042369
1 857992979
2
1 2799891890
1 185378321
1 1877338997
1 3167294780
1 1152797511
1 2853459668
1 3708741511
1 2802158157
2
1 97866310
1 3182371308
1 2392453859
1 4059866683
1 1815136720
1 3504277877
1 1129753560
1 318578499
1 2754571101
1 4064862189
1 3329355946
1 3386893087
2
1 1135552129
1 3153732476
1 616768325
1 935635424
1 4097458744
1 46186684
1 2795588440
1 2376180787
1 456123139
1 692407726
1 1934838338
1 931351981
1 2879723609
1 3283854569
1 4092648724
1 3423529953
1 2899554177
1 29816220
1 3365447949
1 3908031389
1 999833982
1 2100531857
1 2419549132
1 2588686354
1 63486555
1 3555503289
1 924820418
1 1383084635
1 1636286658
1 3611546683
1 1436885317
1 3283901340
1 2779980921
1 1489366068
1 2525963706
1 258943732
1 667578205
1 3987001031
1 259316853
1 27183624
1 2546736501
1 1289251781
1 843288744
1 1835263148
1 2853980187
1 1921641496
2
1 819048139
1 3077561720
1 4167937713
1 3657611410
1 247547193
1 299660507
1 3671110919
1 921222132
1 886114538
1 2887523216
1 238785330
1 1367583882
1 2579963318
1 3450661416
1 3723009490
1 1483023610
1 3206974471
1 867949199
1 2281831646
1 2889536499
1 939528911
1 1602947120
1 3967196586
1 2232285991
1 287184788
1 2622018840
1 2388978178
1 625603466
1 2706615257
1 1237290229
1 4192917776
1 1192782259
1 3894093392
1 812717818
1 3089124407
1 3346167578
1 3202804480
1 3783640049
1 1459243803
1 138933769
1 1371413801
1 1181125775
1 1494443015
2
1 1360941522
1 971922838
1 947747975
1 166769501
1 1451846107
1 753702453
1 4111793326
1 3883692506
1 2819438691
1 3755748907
3
1 2089980404
1 2400767110
1 1059596138
1 305814624
1 636666167
1 60497237
1 1896672264
1 1346802659
1 858508258
1 3797108423
1 1515022960
1 871590879
1 943288219
1 3609240032
1 3411178990
1 4253313018
1 4207691377
1 1202841406
1 3641747989
1 2802544509
1 2619350395
1 2552551819
1 3877325351
1 1843671780
1 32436264
1 3028018093
1 1153347017
1 3700700977
1 3871024577
1 3117211588
1 702050700
1 990215465
1 1239070615
1 861642655
2
2
1 3296837656
1 3652546278
1 3136038114
1 1751788174
2
1 3625248608
1 4281492553
1 1667600242
1 1774490908
1 3419418294
1 2068057722
1 306522335
1 3800354833
1 743617787
1 1440617042
1 3327416738
1 3628506332
1 4188794786
1 1279117404
1 3988964242
1 1770539561
1 3031632568
1 1543702446
1 1797178084
1 609209292
1 2118723503
1 4209773038
1 1979834374
1 504896395
1 2511032457
1 3026975666
1 1086538067
1 3115217201
1 952405298
1 3176231349
1 2297476300
2
1 1597290650
1 73879172
1 86330749
1 4074478698
1 1834682881
1 2630669798
2
1 2356562317
1 591334799
1 4543003
1 3000358151
1 2652693742
1 4105964041
1 1663095872
1 1196766719
1 3918579601
1 1687433498
1 3720018909
2
1 277466736
1 1901816615
1 1431175594
1 484924843
1 142559230
1 2716380609
1 436397325
2
1 1960033076
1 4003564696
1 133573230
1 3341342856
1 1168293804
1 1529701852
1 1579098554
1 1184367615
1 1243654935
1 3692742491
1 1229063353
1 2318585078
1 3133521155
1 2783886126
1 1685195835
1 1213851309
1 903809539
1 4091912191
1 173865092
1 2457268691
3
1 2246291439
1 2875802357
1 3747558203
1 749354240
1 1433609019
1 2008106470
1 1146014505
1 3846377529
1 3961026976
1 3747130140
1 2622512557
1 1225264254
1 3640863170
1 2849282820
1 1480006242
1 2440443831
1 2267563089
1 1785207267
1 3294234080
1 352146134
1 1511856593
1 4265895746
1 3576567725
1 750030990
1 1384701819
1 418853402
1 3645712060
1 3637357233
1 4058211197
1 4225320621
1 1319047856
1 1637131068
3
1 923027728
1 2859366815
1 3990481349
1 2756850814
1 67328663
1 2116479436
1 3018802743
1 2668502257
1 4285049078
1 1251016036
1 657057239
1 3828031357
1 3589395105
1 3901823231
1 2261164799
1 1079090784
1 1069538884
1 1135601033
1 2485660091
1 910928611
1 585040512
1 1693027073
1 123248772
1 661863830
1 1602766561
1 2909358768
1 1151771116
1 1604104880
1 2778106972
1 4229542972
1 3719112172
1 1218118368
1 2191483028
1 4199743313
1 1630534269
1 3770421660
1 3176890102
1 3783876160
1 1692612624
1 1960774256
1 3456087611
1 2224107057
1 3184231815
1 2886398432
1 1451034485
1 1282190300
1 3851446468
1 2309140976
1 832817454
1 1015997897
1 3658063255
1 3473243744
1 2408220445
1 1467137902
1 369527437
1 658881268
1 520416544
1 447346354
1 45207585
1 991858861
1 2999828590
1 3914223344
1 353539349
1 778983160
1 4144898105
1 408406189
1 2676478214
1 1504000661
1 235672697
1 3013864307
1 2461540552
1 209105681
1 258787905
1 1242203446
1 3919846797
1 2227566885
1 2582068696
1 3404040393
2
1 2976370819
1 3721805164
1 3107296481
1 4261723860
1 1870808865
1 372217773
1 924734960
1 2081231692
1 2117512654
1 2462898131
1 375650490
1 3873112860
1 604494913
1 1671489353
1 2296242145
2
1 3446557703
1 190299620
1 865599009
1 500707386
1 2733450406
1 3970243992
1 74068294
1 2757614554
1 891597151
1 137501817
1 2623408221
1 402127030
1 3676587905
1 2297049176
1 1478053708
1 944126766
1 2248151501
2
1 715853986
1 3840920798
1 2027531419
2
1 2040183492
1 1563786319
1 1939921143
1 944327603
1 2573343732
1 1682523108
1 2821044477
1 17515435
1 2889695277
1 362073806
1 1570442051
1 23149185
1 23515567
1 2249303490
1 1372484194
1 4251161112
1 2423905207
1 328831376
1 1935668445
1 2212958644
1 1857019063
1 39137567
1 1723168611
1 952259799
1 1947700053
1 2821383783
1 1178525815
1 3401932244
1 937102450
1 1495689272
2
1 1433266429
1 4130835088
1 3090117313
1 1244250413
1 2574803324
1 3012407099
1 1060967542
1 628013381
1 1831985631
1 2158149033
1 3491815341
1 3564455200
1 2562727059
1 3194205372
1 2853900710
1 785051608
1 3724429690
1 1442020923
1 3321694752
1 3383473716
1 3661186711
1 719489395
1 238394632
1 2680454737
1 3309776434
1 1831498731
1 2123023778
1 4239444443
1 2682099818
1 1841094180
1 977981629
1 3564268010
2
1 3058864402
1 3477824852
1 4096696797
1 2776654229
2
1 3538728439
1 2144463575
1 2565252202
1 2883500849
1 3914147766
1 2318958694
1 2190464396
1 3344596371
1 3089250217
1 3234834878
1 1266930139
1 3960624414
1 2010171128
1 252323659
1 3663572567
1 773473495
1 3259715440
1 4155381946
1 4090846613
1 967316757
1 374231107
1 2944938943
1 2392162486
1 2360970370
1 2718987154
1 148967647
1 3782403835
1 2492576027
1 3462998806
1 2248606979
1 3407760560
1 771641464
1 20510807
1 3521358026
1 3026642017
1 3712503220
1 1622709239
1 3675858397
1 743480394
1 1553853802
1 3875666640
2
1 1156841375
1 3771593329
1 1340151602
1 2550533433
1 924753230
1 4238019325
1 2407167353
2
1 274087028
1 707675607
1 315532474
1 4047066431
2
1 2625831872
1 548439570
1 1153696445
1 247685007
1 1784427379
1 1239121826
1 393239622
2
1 2411775765
1 1870662418
1 2689240678
2
1 468875911
1 465288269
3
1 1179441316
1 624299349
1 2160990761
1 3112725089
1 1801715581
1 732683209
1 3787178065
1 1061157870
1 2440599815
1 4104689049
3
1 3688270585
1 2410701510
1 3456889498
1 3637863852
1 247288383
1 3454794864
3
1 991324032
1 1231926625
1 657538687
1 1090266903
1 1296721266
1 2629018119
1 927739296
1 630843642
1 310860736
1 191975126
1 2036539449
1 756610905
1 1235048694
1 3855257804
1 1082092877
1 1134395189
1 3294542693
1 656983658
1 2761567278
1 1422821127
1 1478157166
1 1186136413
1 531389813
1 444993097
1 3937899770
1 1458420528
1 512765423
1 1814136329
1 2499582283
1 2139845472
1 2269747602
1 4112228531
1 4052470266
1 635808149
1 1248030915
1 4241688871
1 4066653183
1 2188206919
1 604291262
3
1 2100572794
1 1347842368
1 1517254502
1 3309936735
1 2399596252
1 486591715
1 97932615
2
1 850582510
1 4020703019
2
1 3573716389
1 2470589637
1 3274142897
1 3904232241
1 3005021080
1 3156228107
1 3924504679
1 2501580044
1 24984340
1 68061245
1 278899752
1 25165546
1 1062025053
1 1677501859
1 1451517950
1 2855005767
1 495219388
1 1265847818
1 3002477408
1 2853548202
1 1758984622
3
1 2499043122
3
1 540171468
1 3125284547
1 1071342111
1 4120265036
1 2713175710
1 1501497617
1 2296878676
1 2098361470
1 731162471
2
1 2658448442
1 1376768133
1 1600977831
1 2443365746
1 1544695208
1 2155667773
1 2108142723
1 3985663088
1 241901974
1 1529993940
1 3794444241
1 1086793585
1 1041905289
1 3246472170
1 706260857
1 1734125007
1 3736316444
1 2838620975
1 132058290
1 2178698877
1 1390709909
1 1181233655
1 2040600448
1 3346715771
1 3071160379
1 1860391018
1 229515491
1 1629334005
1 1628179879
1 3780349023
2
1 255145199
1 1039555265
1 4190784058
1 181688182
1 4200271737
1 4264754379
1 69576275
1 754790378
1 1516568709
1 3640138373
2
1 1799189375
1 1620289444
1 162112577
1 2224706924
1 1197849515
1 504093399
1 4083303421
1 3416459015
1 3082883934
1 3098193766
1 3218063058
1 2147744217
1 1679190806
1 3504804935
1 423412450
1 2342659599
1 2287861385
1 1467363558
2
1 515608169
2
1 2323654163
1 1649328354
1 1333049242
1 1409806240
1 2988612442
1 1989066626
1 1133987130
1 2018296621
1 3598928234
1 3489413550
1 348757241
1 1311543363
1 816510827
1 284847434
1 4126578350
1 1112271907
1 223176990
1 1699673461
1 1576367951
1 1191678390
1 3566797437
1 2078861287
1 1173665181
1 4214840694
1 1489799059
1 3397032808
1 278963752
1 3819422298
1 4228332825
1 881049980
1 3508625664
1 1703340236
1 148613000
1 3252997053
1 3668623084
1 1829083374
2
1 1261170027
1 310548596
1 1196697740
2
1 3520980784
1 2104389864
1 3696003153
1 2936676490
1 1754219801
1 1921939556
1 3561144726
1 3050588992
1 3136605511
1 2967627572
1 2937901803
1 497958799
1 2205528441
1 3593690756
1 3397253741
1 961878296
1 316400688
1 4247384436
1 3592676686
1 2779560924
1 15647983
1 3010327803
1 254511544
1 4195700399
1 1543555067
1 2173658080
1 2186572005
1 1162381723
1 2600882491
1 854614878
1 732670235
1 1418318525
1 830583457
1 977691075
1 2870735261
1 3708900583
1 3195298050
1 2048073168
1 904128744
1 2668581748
1 2675457965
1 1496397244
1 27739738
1 4269876135
1 2123229894
1 1202385249
1 3828646441
1 1449805648
1 1643728570
1 3916208429
1 1854048283
2
1 1988541534
1 2073268183
1 2721216565
1 2068734509
1 3972146374
1 3282088246
1 172266218
1 2795961597
1 2750367578
1 512503847
1 592701722
1 993438365
1 1173120741
1 3007848949
1 3410447503
1 2286531983
1 3070244206
1 2847250606
1 2458786332
1 842884022
1 2112467132
1 3705448801
1 2034540021
1 1631589304
1 464674853
1 538094737
1 2660968172
1 1912037938
1 2747989869
1 4193608342
1 255142685
1 3059793514
1 651434069
1 480257194
1 1774577907
1 2621359693
1 3723580926
1 4174133909
1 1219794045
1 2954148015
1 1117918457
1 2366213432
1 1332743920
1 2762098973
1 3086358640
1 2776049226
1 1572841205
2
1 3350996717
1 1389320096
2
1 4099365926
1 1919038432
1 3108284577
1 3239852836
1 4251369596
1 1730477062
1 4157008104
1 3872733636
1 902792216
1 46028136
2
1 3344141635
1 399025453
1 506872959
1 2970011158
3
1 4219371244
1 1451664834
1 3972439743
1 447201814
1 3006453977
1 542035226
1 3943283756
1 1039246133
1 1689056379
1 817918337
1 725550115
1 3843988597
2
1 2280049038
1 1158789168
1 1825837696
1 3487447654
1 1547545542
1 2771329732
1 521763018
1 1151330487
1 1726357588
2
1 2487332923
1 4171937550
1 4006576637
1 2429383545
1 3837120023
1 616338782
1 1180703620
1 1334343554
1 4045731026
1 2131655151
1 3235740249
1 687580499
1 1045213649
1 1978142825
1 3148724834
1 3188662507
1 1216418884
1 3104339814
1 2608060362
1 3983407776
1 1495787631
2
3
1 1663362659
1 2208171602
1 2595443562
1 2852210785
1 1929813381
1 1911266835
1 2380312684
1 893844473
2
3
1 2695686022
1 1830795337
1 344017813
1 4097482632
1 1220706920
1 3158810371
1 676876375
1 1475088081
1 3823735310
1 2904932816
1 661814878
1 2462380725
1 3862609246
1 3366111149
1 9471737
1 1445569475
1 16439792
1 773815191
1 4062901797
1 1981372129
1 4269339929
1 2285429541
1 2986428148
1 1873397368
1 1615554372
1 1363904690
1 4017870982
1 2555840625
1 1302517848
1 1320574709
1 183653627
2
1 3239973996
1 2509169288
1 3585993300
1 1091802257
1 784957154
1 2077167765
1 2003227392
1 2238697728
1 3272409634
1 2697308163
1 3729439957
1 2511602491
1 3867956978
1 1448494655
1 1794707972
1 2466569680
1 3435402928
1 727845534
1 1644709350
1 669635627
1 2907070155
1 2027873981
1 4038759791
1 1945650319
1 3786177513
1 2930598007
1 677521861
1 4152141910
1 604927078
1 1697835475
1 2049465511
1 377937944
1 1379624256
1 3590322259
1 1573129852
1 2256972551
1 4229126354
1 1686895340
1 1009018019
1 4162351163
1 1779734612
1 1881812039
1 4084804054
1 2427382310
1 749959482
1 1133759209
1 123905617
1 2860414386
1 2471153160
1 2948106615
1 1857544803
1 2310152549
1 1712057125
1 958642095
1 425147567
1 4145223739
1 514333864
1 3517842440
1 1484799585
1 1002259181
1 675141149
2
1 4152249856
1 1246440059
1 540450454
1 1850970135
1 3275148730
1 1891667459
2
1 375624371
1 3902205967
1 3077167255
1 1738783288
1 1871830918
1 1935995028
1 386798926
1 2208658963
1 1064237719
1 165685503
1 4104472114
1 1789834376
1 557497020
1 85140678
1 3875297906
1 588830730
1 2092477744
1 2611038830
1 1135268524
1 4035722132
1 912915167
1 3956149081
1 1556506992
1 4060905904
1 3466387687
1 3179479750
1 4176695082
1 906972432
1 391401300
1 2835935275
1 668553545
1 344855797
1 3556861793
2
1 1650739928
1 2721012684
1 2464347732
1 3498344343
1 3451984057
1 3531910787
1 1441408925
1 3110350201
1 1946385682
1 2900365100
1 1900784021
1 1734264403
1 797165130
1 2311622550
1 2720446318
1 2803749455
1 2130214708
1 1802322133
1 2473163688
1 1661296310
1 4210126153
1 2078398621
1 2845497114
1 2556516878
1 4119025002
1 3647435344
1 3120672076
1 3764997094
1 2593278208
1 3566311975
1 4168453714
1 3168307719
1 3564692900
1 3924270797
1 7703229
1 3482511356
1 3910177071
2
1 2442985514
1 1840674358
1 716445019
1 1784199750
1 3637834009
1 1590168739
1 3558750218
1 1621095572
1 4185437028
1 1152585054
1 899819707
1 1652214686
1 1287358171
1 3850792555
1 2770773135
1 1754859657
1 2940666199
1 4008911890
1 3492871359
2
1 1326872693
1 2579626323
1 1783008596
1 1053076900
1 2705900766
1 2809472247
1 3701246789
1 4053294914
1 483617323
1 3423469443
1 21374977
1 4222704520
1 1070474083
1 417360094
1 3647480329
1 3318820867
1 399926904
1 2581186037
1 1150632404
1 950735413
1 4022050545
1 3779960623
1 3848831790
1 3263632670
1 491915476
1 1098706658
1 3724945002
1 2353306164
1 3181570909
1 2877149847
1 1526201658
1 76226244
1 3438962165
1 3623461623
1 2231793509
1 2482220208
1 1975075372
2
1 1351299413
1 4120420200
1 3676763999
1 3472575353
1 847097300
1 295997417
1 3778928278
1 1742426687
1 543791301
1 1623996169
1 1744885303
1 3200196460
1 2915988995
1 384567157
1 1179206809
3
1 4004933894
1 154524170
1 1339446805
1 82271808
1 1687054511
1 1416155590
2
1 2136076319
1 2858204956
1 3858404898
1 1915864063
1 694357355
1 1535454099
1 3227713272
1 3288169824
1 3242180605
1 2585742685
1 2719651591
2
1 571011082
1 1351647320
1 3427494950
1 1259477256
1 764328163
1 1056490795
1 621121906
1 3327068148
1 7693930
1 3501987637
1 5434653
1 62949871
1 1127267381
1 2286354204
1 2179944834
1 2453297067
1 2514874811
1 3141064434
1 488959428
1 1351451823
1 2346588501
1 3093818147
1 1852873110
1 350661369
1 1392478279
1 4005549838
1 2978794202
1 3760757176
1 1325464367
1 649805226
1 3676312331
1 1037737592
1 932406236
1 4224759977
1 437497310
1 1120247998
1 2081693740
1 3171734612
1 3680308087
1 1289734613
1 4146339968
2
1 1608704396
1 3461401292
1 2534920032
1 1921356444
1 1432824609
1 3923438201
1 348249806
1 1835150960
1 32241477
1 360606031
1 675708577
1 2926563000
1 3975320433
1 66314218
1 153618015
1 1446972425
1 3623186715
1 1299973380
1 1325285167
1 2797870197
1 193685852
1 3702762565
1 3555960644
1 2024590908
1 770676235
2
1 3071466218
1 3430366420
1 2442671261
1 4174165975
1 81971436
1 123652743
1 1329835866
1 2088450490
2
1 2350586880
1 73058335
1 4246665660
1 3706548848
1 981970998
1 1797546231
1 1250947136
1 3976897368
1 36629083
1 2025615125
1 1525916797
1 1405789494
1 1209850896
1 3631631788
1 2745011911
1 2150561786
1 3781326657
1 445936253
1 1442115176
1 190896941
1 3607129963
1 706927931
1 2701242092
1 2338474537
1 3045066882
1 689018393
1 1626309120
1 87927730
1 645961481
1 1574002281
1 3960126516
1 3105989438
1 3681465846
1 3746318649
1 1253669125
2
1 3313168685
1 95666786
1 757094628
1 506327068
1 4158489976
1 353431571
1 2042835464
1 1155133811
1 3518206010
1 396330138
1 3282376013
1 2584641391
1 1985674225
1 2919902573
1 3260979967
1 435269302
1 675778649
1 3007764298
1 3304589749
1 3590050126
1 3542070465
1 3099521111
2
1 3735395362
1 225470533
1 2904264792
1 4116631736
2
1 3848921855
1 1298279059
1 4123634572
1 406889644
1 2010092111
1 3528342876
1 831838942
1 1793168244
1 3475181998
1 1854945269
1 2865712515
1 2392013801
1 133001682
1 3611183972
1 1587573862
1 2312616244
1 3518657513
1 2563959983
1 4136857519
1 1212571711
1 949198176
1 3697300134
1 976478387
1 1715170819
1 1619248271
1 2677205029
1 2863555650
1 464377648
1 1478748884
1 145671795
1 1991545732
2
1 4054126849
1 2573029207
1 4293342537
1 3507390685
1 986134215
1 2169099698
1 2610894617
1 3416852660
1 2046136640
1 3590474757
1 1351002264
2
1 2583097123
1 1175918960
1 3593237585
1 2744087395
1 3736561157
1 1466304997
1 3192983859
1 2736686007
1 3302759235
1 731834520
1 3329409662
1 3652359835
1 1944103891
1 1485688055
1 68572160
1 1592760927
1 1148727015
1 929902328
1 3325152741
1 1294769873
1 3210813416
1 901115474
1 3117287180
1 2755054205
1 2455174844
1 545589839
1 81590216
1 1857864587
1 282417163
2
1 1101913558
1 1849208332
1 564968802
1 982762555
1 995248706
1 1665913556
1 4130897505
1 4133681889
1 2807743173
1 1223284152
1 3675545012
1 2874545571
1 4205868938
1 210942500
1 1948031751
1 4016504269
1 653782138
1 1862092361
1 2333708760
1 2163889057
1 3109516694
1 3944862800
1 1509729362
1 4130333748
1 896110835
1 3087749874
1 2400036995
1 1749659373
1 838237370
1 1662601574
1 270485539
1 1591434935
1 3190435862
2
1 1280931217
2
2
1 794418003
1 3790164738
1 517141754
1 2484864289
3
1 442691219
1 3801977612
1 3787995396
1 4162516656
1 762042603
1 3580532077
1 4196523925
2
1 1797551827
1 3969225241
1 3877513388
2
2
2
1 2698883041
1 4110843835
1 1177929182
1 2352079801
1 3730945334
1 2782591661
1 907049926
1 317041488
1 2011196847
1 4194512814
1 2817820050
1 2619230015
1 2475870526
1 1354403459
1 1060573539
1 4095175478
1 825494703
1 3344167040
1 1812210844
1 2782360122
2
1 3230894054
1 3179550713
1 1594448077
1 1549588482
1 4017393973
1 2104050528
1 958959855
1 771511588
1 4024638713
1 2342561329
1 323865136
1 2375594468
1 492568461
1 3282241515
1 2096696106
1 1012182216
1 1153023139
1 1839142237
1 731283983
1 642374372
1 2870820419
1 2551356336
1 2040628981
1 2044406051
1 3739902193
1 403900432
1 605986506
1 1526485811
1 1378447488
1 1978155280
1 3205217717
1 277991729
1 4085085241
1 2007190861
1 2412096024
1 3752979868
1 1499488645
1 1473781242
1 2827891268
1 4078095717
1 1099069602
1 1757791717
1 3064870522
1 4040546411
1 2697015335
1 3232967233
1 1608998471
1 349372501
1 747406165
1 4152446587
1 3184262756
1 759613056
1 2187655304
1 1111803852
1 2577332309
1 3900832266
1 2643011028
1 2484368851
3
1 1646794097
1 843043288
1 3303642114
1 602728560
1 4146800429
1 2384624836
1 4159853407
1 258243891
1 3323645756
1 914339259
1 1468316366
1 3867214623
1 4088848064
1 2903045727
1 2058723006
1 4242579369
1 2067096781
1 3293965950
1 866145907
1 2176192239
1 3393364233
2
1 2368355951
1 542713028
1 1748081659
1 274650489
1 2206889240
1 2940326403
1 1339716188
1 693530649
1 2102580786
1 2217227890
1 2924149739
1 1087803964
1 4035367026
1 287761874
1 1558319558
1 2236602013
1 1532611786
2
1 1802828153
2
1 4217285671
1 30369757
1 2452962666
1 2221023232
2
1 970125893
1 3199970884
1 2824561391
1 4060866042
1 1874711389
1 1236045020
1 2567722630
1 2015420806
1 1608573910
1 2208668767
1 3951148153
1 3563058689
1 1365890378
1 4149592508
1 1766077505
1 556656997
1 781109703
1 2079852792
1 3236430674
1 3116650220
1 2692450178
1 2202828937
1 2620842257
1 3800431815
1 4006809560
1 3068318674
1 2073018249
1 3104051708
2
1 78789095
1 3815874055
1 443328702
1 3921076429
1 2695087487
1 253339387
1 2143211861
1 2798277956
1 3176976089
1 3309917544
1 2302552193
1 2028359277
1 144923893
1 3064182878
1 2359839757
1 1426952717
1 3449985301
1 2222383060
1 988833614
1 91921860
2
1 1784918202
1 3335358682
1 831431522
1 2256637604
1 3918126064
1 677989027
1 40850752
1 2646882523
1 3983547988
1 2079174371
1 3105317408
1 2068096153
1 614879557
1 3241815129
1 2816680909
1 3592074699
3
2
1 1292515898
1 1287747009
1 2976458956
1 1322772204
1 2656644529
1 4148648307
1 1571911555
1 673543376
1 3096117471
1 1228763590
1 1136383955
1 939565373
1 3555828051
1 3430243987
1 4159784545
1 3164354097
1 18565539
1 1394092124
1 1196205765
1 763650274
1 3158181070
1 1120876999
1 4195215691
1 1127526761
1 445704801
1 4132323040
1 1106164931
1 1350245226
1 1388541504
1 1681532877
1 2300847300
1 258905943
1 535834146
1 2572710617
1 55603577
1 4231042888
1 3987597662
1 66388589
1 35920841
1 291304912
1 2566311536
1 3168188125
1 2650518739
1 664854810
1 2083233330
1 3472295218
1 1613440170
1 2978053518
1 3060530466
1 2107791359
1 2223772450
1 3090896827
1 3047962208
1 1373335475
1 13197230
1 685238129
1 383904701
1 2330859916
1 3586216372
1 3696730137
1 385567373
1 4277460339
1 640752721
2
1 1498120224
1 508511082
1 3575026403
1 3729010350
1 2732696228
1 2658042371
1 252178801
1 2295898314
1 1917060404
1 2560546155
1 2154524585
1 2484264973
1 404430830
1 2850179176
1 1134255059
1 3518057940
1 517029749
1 2296855065
1 896784837
1 1219391716
1 3430082321
1 730064283
1 3574534003
1 3197106396
1 4291074294
1 4093037682
1 989752268
1 507160648
1 639871224
1 893274183
1 984903961
1 1118331152
1 2435663951
1 1192343615
1 868486474
1 2488856510
1 359843992
1 2327157739
1 3586566662
1 1499289962
1 114688376
1 2600625016
1 2157555312
1 3559220219
1 592898217
1 2177825535
1 1988382492
1 1862346285
1 1466989932
1 1130586239
1 1977519091
1 3709491401
1 1364178181
1 2357917160
1 2188020254
1 3068278601
1 650194145
3
1 851219591
2
1 3230236442
1 1959818879
1 1560363600
1 1976106544
1 2759687726
1 1238092337
1 3154451164
1 2415442781
1 1718985892
1 2032130578
1 4287832741
1 816975423
1 2925135716
1 392691115
1 3336037562
1 2604848814
2
1 4012133970
1 641795001
1 3915561313
1 4051469816
1 4249772634
1 1734528118
1 3550281567
3
1 3578842805
1 970181753
1 2979220190
1 2632905184
1 2725650745
1 713861469
1 2590302148
1 3105520583
1 1287903507
1 668258179
1 984624978
1 2731833747
2
2
1 3290952321
1 4048766212
1 2558555543
1 4269633957
2
1 173485102
1 1419545458
1 2430868777
1 4093816581
1 3352542942
1 3251663196
1 2892871518
1 4226326792
1 73656570
1 2422277072
2
1 1938080952
1 3258288393
1 1424554048
1 728608358
1 3642291012
1 2422136689
1 3986294491
1 4153118925
1 834892795
1 943659949
1 3877042069
1 4238868414
1 662519927
1 1060993511
3
1 2894497416
1 1752926280
1 3171483097
1 3751298145
1 1281716002
1 3244826848
2
1 3995677649
1 1779010969
2
2
1 1602136471
1 2552169492
1 3875054818
1 636369618
1 3693804299
1 2375435925
1 4251259860
1 1133201730
1 3075492580
1 746303174
1 764782971
1 3012537611
1 1720997499
1 853759345
1 3150063302
1 1529623102
1 2611898011
1 1919472184
1 1591669898
1 3578946726
1 3716578075
1 3105575669
1 3619201359
1 1663054466
1 1166424361
2
1 857893964
1 542302962
1 3581586145
1 194143199
1 1792156709
1 3775372254
1 3052290595
1 3426435156
1 2996169048
1 2886280310
1 4140103270
1 2097054451
1 4147613933
1 1885019150
1 2042267053
1 1205263785
1 339390819
2
1 1999863773
1 3797550090
1 1517014651
1 2455536738
1 3651226557
1 2088983844
1 2138560266
1 3195437394
1 1639197742
1 1966268505
1 1825859639
1 331228425
1 2603293187
1 1840142755
1 15494828
1 2318880529
1 2778734884
2
1 1875560997
1 1215788328
1 1538350159
1 1007344696
1 2083391134
1 1544580409
1 3394699513
1 900811677
1 3484984027
1 75092801
1 259665960
1 2002410169
1 538445906
1 2753545480
1 1085434520
1 1255750527
1 2412327490
1 1958272282
2
1 2765409682
1 3193807230
1 2085872660
1 2973008153
1 3618288283
1 3123790734
1 727939098
1 2076513081
1 2993547093
1 2203140696
1 2573471432
1 3199483934
1 2055329197
1 1862177100
1 3353580019
1 1405712195
1 3292254650
1 127939362
1 2877200413
1 1351987927
1 1837715886
1 4171230192
1 1761904122
1 1439056531
1 912872213
1 2311908232
1 3805208412
1 1513557836
1 3433728948
1 4232565466
1 3649759090
1 908525793
1 2162395322
1 3420474992
1 3340190771
1 38968313
1 4054100134
1 1884639780
1 3258713421
1 42386159
1 2417118434
1 1500988987
1 1066238414
1 346777744
1 3586748038
1 2396572679
1 3471171527
1 2336854271
1 3257975273
1 3324708419
1 145639946
1 900411013
1 2680784722
2
1 2678924476
1 2013599374
1 495426200
1 3293453942
1 2708755662
2
1 1664256360
1 2843361722
1 725606515
1 1027050546
1 1003525540
1 1936654983
1 1709369291
1 1065284343
1 2134115621
1 1862087724
1 536883660
1 2787587050
1 2261159793
1 1279924667
1 3394086369
1 3028944734
1 1246746091
1 14607302
1 2567063756
1 810342734
2
1 2073899618
1 4087469860
1 742314881
1 3214545754
1 4273747747
1 4202681974
1 1526653588
1 3781176306
1 2915750859
1 1267231953
1 1148205422
1 2713537845
1 1128831224
1 2182603645
1 2880633252
1 1967968796
1 1239744793
1 396810877
1 1324385310
1 298502603
1 2757930331
1 2493716451
1 2061376886
1 1054000932
1 153963047
1 3320739717
1 1689522555
1 2331362337
1 1917142256
1 2148902524
1 515192812
1 2888201205
1 3349557514
1 4278467881
1 1408572384
1 3251242418
1 2409690367
1 2711429043
1 2769331150
1 2575195689
1 4031195742
1 2636032860
1 1020556472
1 3215619616
1 513508396
1 2900636146
1 2040168238
1 3700571370
2
1 1150515787
1 1694260540
1 1493975464
2
1 1384791189
1 1851267930
1 2806862938
1 3370513161
1 4268341731
1 1065742080
1 1266238247
1 264267859
1 1902441638
1 552285500
1 1255376712
1 1034644343
1 3035676790
1 2181625923
1 1337383610
1 1516562880
1 1086455814
1 1477934125
1 1356833509
1 3708534300
1 3681949583
1 3235465514
1 220295535
1 1405648006
1 881395670
1 4221501783
1 905191077
1 4045701703
1 2250456581
1 518357500
1 2746507682
1 2738030944
1 3925685200
1 778979628
1 3848165243
1 71165438
1 507630303
1 2168282565
1 358583687
1 1881451471
1 3901853409
1 2797928423
1 1440805058
1 723815573
1 2826443487
1 2930433546
1 153996450
1 2622954387
1 570070421
1 860815573
1 2317083832
1 527035114
1 1827664438
1 3816334103
3
1 279878366
1 849265641
1 4156109080
1 3790014817
1 2091919710
1 226247532
1 3809354139
1 1475440247
1 1970635099
1 1881315245
1 2033476434
1 537539114
1 352497592
3
1 2205713139
1 2323429230
1 5740606
1 1808648604
2
1 3596472779
1 473251876
1 987402447
1 4110230754
1 3407498004
1 914938077
1 737015634
1 1691922873
1 1956321974
1 3971080056
1 4221239211
1 3328995428
1 369378850
2
1 1856868553
1 1722855420
1 2039941417
1 3372593195
1 1859719756
1 778881837
1 473491885
1 4099512716
2
1 2716307075
1 1020329045
1 2831055608
1 4072053792
1 4051733431
1 1223448519
1 4096864134
1 1926890401
1 3848711873
1 285813179
1 1871196077
1 3929383095
1 84903996
1 3099890625
1 1853053817
1 4266939915
2
1 2099165306
1 4234831447
1 123247290
1 1747424577
1 195194337
1 2486271677
1 2581119927
1 3020635922
1 1154366022
1 2785679617
1 1644998683
1 1048071647
2
1 4146635797
1 4176465429
1 2327729636
1 1749770358
1 1002456454
1 1697780409
1 1034685495
1 257492018
1 3444078880
1 2611484152
1 1467652143
1 2750973876
1 2206804480
3
1 186339519
3
1 4208872897
1 119517275
1 3146067458
1 3923291106
1 586015415
1 2560692913
1 2036674519
1 2071278728
1 301359278
1 3625933469
2
1 198637177
1 4187086664
1 254831704
1 1150016435
1 2467679036
1 2816069446
1 4063858456
1 2760643804
1 1593085233
1 3163855265
1 2916207854
1 2417474824
1 109723548
1 3761367200
1 2601470032
1 3682641549
1 4195673635
1 1767673016
1 3425163109
3
1 3670659818
1 831550439
1 2944257393
1 1236486123
1 336859730
1 3099983226
1 3456825130
1 3767395680
1 2865538759
1 2333548949
1 1810497011
1 2611572997
1 2302629763
1 4115739997
1 3187561061
1 2055634500
1 2690031105
1 2467995068
1 434714107
1 3187985543
1 2612475711
1 3519141632
1 927189597
1 2816277731
1 359311934
2
2
1 2553013254
1 1491831112
1 3566145763
1 3913241620
1 854879620
1 3000828235
1 2962708522
1 895893637
1 2491318419
1 1282446767
1 1389253813
1 2123346999
1 1176627645
1 3744912763
1 1846226783
1 900667182
1 1669160321
1 4180663626
1 1990459219
1 322641415
1 2929804599
1 4117858881
1 3491227542
1 2632444688
1 3928532858
1 3763411185
1 3388917391
1 2647495538
1 3507564675
1 2998529519
1 2023296091
1 2695795207
1 309791805
1 1153502234
1 1182801405
1 233063817
1 1893281118
1 1281798228
1 1634924248
1 2536093888
1 573391095
1 2651784120
1 1486032208
2
1 2801721618
1 3174597512
1 1259467643
1 3306347456
1 2869378871
1 1209586818
1 2241627447
1 2156644656
1 169625738
1 1873393544
1 983274696
1 4153016067
1 3483136296
1 1398899249
1 56906107
1 2023683039
1 4069313642
1 2892021442
1 1744889669
1 3793716546
1 872783876
1 3199549082
1 2116896376
1 2034747180
1 1775794883
1 172081681
1 622530146
1 2706354324
2
1 2937435970
1 985123161
1 2782403520
1 1075856320
1 3828005456
1 461743294
1 2036100941
1 4139630979
1 3776408382
1 4081192544
1 15090328
1 537512948
1 1046248490
1 3732187759
1 1171355005
1 3405156124
1 3942365036
1 968880175
1 3801738996
1 3765970449
1 3626266919
1 3756862921
1 2356494838
1 1076900242
1 487034334
1 3260094473
1 1876433832
1 2682603721
1 2259569261
1 3945919451
1 2727258065
1 672693116
1 1189701460
1 3039586463
1 3834961651
1 3993723715
2
1 538485557
1 509013930
1 970655476
1 3937903254
1 4160922012
1 4174807957
1 29503819
1 3069364823
1 1753707621
1 155971827
3
1 1389234241
2
1 2982365641
1 125412971
1 452225433
1 802149842
1 2044918970
1 1278598663
1 2564619558
1 3104110442
1 3081758886
1 1424536802
1 2048107063
1 3847342007
1 1116447519
1 2724455840
1 2858866048
1 173390863
2
1 4020697919
1 4200334791
1 2110531463
1 1934406432
1 383063868
1 195654975
1 4114924371
1 1654545217
1 3582463991
1 2931832494
1 263636244
1 2209443371
1 2626855655
1 637922107
1 2812789300
1 2569477287
1 3954009659
1 2834833940
1 1885589871
1 562152343
1 2446595063
1 2173767794
1 1605760669
1 2856814647
1 2746172207
1 4250060371
1 512277351
1 2304138317
1 108084413
1 2415780405
1 476829733
1 489991974
1 741018564
1 322664306
1 1021041958
1 1837850193
1 3215355010
1 710906204
1 805407165
3
1 2702843136
1 2787599012
1 3746499731
1 19445149
1 4000404061
1 2224628037
1 1427101911
1 4028787451
1 3207722219
1 2940182025
1 2172468735
1 2856464790
1 457852080
1 4135391286
1 2224238570
1 4025085799
1 659518235
1 184618781
1 579412249
2
1 1091571609
1 1940237043
1 2691817694
2
1 916606679
1 2340676545
1 3890857071
1 882639263
1 663077029
1 2078624338
1 540698768
1 1611794844
1 3016070293
1 702029689
1 2346744917
1 1746289526
1 1013263688
1 267918087
1 3887058709
1 1032458101
1 2496866333
1 1099299633
1 2233838151
1 3744542029
1 3471551326
1 3579703249
1 3763437245
1 328797216
1 3688899012
1 2362517179
3
1 2216668444
1 3735729034
1 1719330887
1 464917978
1 2087313557
1 1763151305
1 3769059795
1 374329285
1 1800693766
1 4087667686
1 2825461993
2
1 1803583819
1 3677989294
1 1240467451
1 3352698048
1 1426539412
1 1920083732
1 16512463
1 31746931
1 3307712363
1 3429298315
1 1315460232
1 1317195306
1 2247880024
1 2591525410
1 3989287720
1 2301443364
1 1336281755
1 2646214066
1 1838363789
1 3283441102
1 1124260114
1 939737867
1 3590385497
1 484658126
1 2898396727
1 879562848
1 4019730901
1 2914782266
1 2110618009
1 277737171
2
1 738952217
1 3419130879
1 1611671903
1 2565808338
1 1400551565
1 3372269110
1 1460682435
1 2932361187
1 1868912947
1 3488213921
1 915108343
1 3603973941
1 861715595
1 972882027
1 2044829970
1 3705573807
1 3684299832
1 1043175469
1 1472401784
1 3670673625
1 1971744583
1 1762129836
1 1336982513
1 3528537349
1 2860982184
1 2725645510
1 192391118
1 959778285
1 2981101143
1 1121602041
1 1633290838
1 1380189846
1 1417500029
1 1445169144
1 3937517430
1 1793885780
3
1 588484231
1 1103983228
1 1482645976
1 4252114628
1 4259609735
1 1000936876
1 4150978301
1 4158967612
1 3950499039
1 2389545079
1 3344364229
1 576542586
1 290263882
1 2665349524
1 2366310152
1 1951947110
1 4080424694
1 2059736706
1 3065941684
1 738268113
1 4259653818
1 464190907
1 4254982725
1 1260345400
1 3870008444
1 1759634236
1 1676903757
1 3196708557
1 3056869219
1 1679964843
1 3802343183
1 1423340657
1 3463235633
2
1 2398941654
1 3111719442
1 4294624974
1 3062919175
1 3655840494
1 1872079443
1 1618807502
1 1064982933
1 86691964
1 890905619
1 1384640335
1 4116769210
1 896270560
1 1562933047
1 254034375
1 4074432511
3
1 2355677992
1 1146509102
1 246127765
1 2173156861
1 1341773682
1 2226037828
1 860450711
1 3273218647
1 2488589741
1 2289853961
1 459905757
1 2604602656
1 529319470
1 3416385532
1 3982919110
1 2857364216
1 1049635005
1 2023769276
1 1302891887
1 1695774128
1 2193607862
1 3813781670
1 2988884064
1 3092771
1 2612158517
1 1506209585
1 1129606239
1 1534063754
1 2704023652
1 3665660584
1 1129127116
1 2108838785
1 915662757
1 3843182961
1 1924800985
1 2265615502
2
1 1806144938
1 1408900280
1 3519024486
1 586798855
2
1 3777662181
1 3766453963
1 2898834030
1 3566433752
2
2
1 2202642360
1 2121185277
1 3457946362
1 1083559694
1 4161851774
1 3718369366
1 1672762139
1 1530312724
1 3633534246
1 2559564478
1 3298176739
1 1475739564
1 2830985568
3
1 1237451540
1 3118245205
1 442710076
1 2291524853
1 1466833927
1 3066502703
1 2637015866
1 3281984047
1 615627475
1 1807023742
1 3623068374
1 1567428106
1 2814750789
1 3533810242
1 3940784919
1 154161865
1 2040185069
1 1378748393
1 818619506
1 1783321325
1 509060806
1 713695363
1 988674566
1 3847165381
1 4265355228
1 1649580121
1 2334121602
1 931607469
1 1118402808
1 3476726522
1 3362967491
1 4262637351
1 257606804
1 3032426460
1 680860370
1 2003039077
1 558382140
1 2995536501
1 103911341
2
2
1 1092704076
1 979484394
1 2564541301
1 2544560774
1 1308607931
1 3666454369
1 3925804917
1 759140920
1 2751406111
3
1 2993035454
1 3139627766
1 3950542982
1 2012844710
1 147748355
1 3174111739
1 3088523533
1 4035239561
1 667329615
1 79559851
1 4111107162
1 2847955861
1 178073530
1 3597385018
1 3106107704
1 2734604783
1 1303600736
1 1928585986
1 4264191737
1 55279314
1 1276766077
1 2845768521
1 1855319319
1 108070309
1 4186326754
1 2214718873
1 3483715879
1 986200519
1 4144289582
1 1424248448
1 3671450745
1 2667829880
1 2216317536
1 3581941772
1 150208613
1 2283262042
1 4199843758
1 160921740
1 436283370
1 3888729491
1 3122647436
1 1440301172
1 2761784674
1 2039573426
1 1353504425
1 2445611142
1 1885122334
3
1 2496279536
1 2848727002
1 2985123008
1 1478220566
1 3101216153
1 647358797
1 3948734153
1 964420514
1 3309443930
1 1915822539
1 373841229
1 3283227197
1 2101176671
1 880434520
1 456591731
1 3630474176
1 2087976560
1 3697763467
2
1 2908356994
1 3637857224
1 3934801612
1 2172127823
1 3833729640
1 4139886038
1 3351693489
1 264695076
1 2433325591
1 2089861378
3
2
1 469475001
1 2249888495
1 1988876715
1 1885830106
1 2963844100
1 3872385923
1 3814925886
1 1427962369
1 1191364810
1 1749361557
1 3705668032
1 3825439931
2
1 2677606190
1 3109449440
1 1152726258
1 1938169244
2
1 65069595
1 1661358808
1 421995272
1 4036859671
1 3551945434
1 831032466
1 865761550
1 1177500043
1 1355533351
1 1941588471
1 3111263370
1 1848896267
1 3755681815
1 2872582280
1 1374957201
1 3866311269
1 114538614
1 2007268663
1 1282127372
1 4163743562
1 2813466558
1 2646505797
1 2629812103
1 2810240235
1 1576546096
1 2024767043
1 2480827007
1 1180047196
1 4050530518
1 49429530
1 4142120313
1 1304574137
1 3144458523
2
1 4231395207
1 2159809742
1 2639727147
1 2074650407
1 2590068272
1 1482521182
1 4032001989
3
1 2411693150
2
1 469056374
1 3504367442
1 3554130505
1 1676641550
1 2001450837
1 1790482872
1 1759191076
1 1856797705
1 453416254
1 602478537
1 2972134269
1 476796880
1 3434403075
1 941246021
1 1808214067
1 1476108249
3
1 3467717331
1 1008063713
1 585509907
1 2535415782
1 382512113
1 1559555360
1 2456307387
1 3134740349
1 99490624
1 1336926598
1 3251682755
1 3370847897
1 3465225302
1 2454282178
1 1142635241
1 1256714474
1 1927940524
1 52496015
1 3683007138
1 1913982329
1 3579916894
1 4201069129
1 1995384037
1 2129695701
1 203220546
1 139359581
1 3115678265
1 2608590512
1 3723275509
1 3189566115
1 3073068105
1 3974516000
1 3252915232
1 3880415779
1 598404461
1 3957804496
1 2644268485
1 312069943
1 3146861650
1 452076873
1 2228296593
1 1015382041
1 1403916245
1 2799829903
1 1870788088
1 1358286384
1 874098052
1 189388119
1 264503183
1 3953060695
1 1788555354
1 1694493490
1 42231052
1 2289572326
1 2645509381
1 2865997949
1 4235784493
3
1 3202804884
1 2103750566
1 374568706
1 2437378045
1 424393026
1 3126490900
1 3191899719
1 2661249787
1 858006209
1 2717677339
1 1880515283
1 2599599436
1 3385855261
1 2688058773
1 695549196
1 1768556168
1 3102040179
1 1356369010
1 3774399339
1 3222935124
1 3883246024
1 488501203
1 4287619867
1 3069167612
1 3771046210
1 3569691992
1 3125017761
1 498499980
1 2582636766
1 647928608
1 3210226357
1 2095354894
1 2210663320
1 1512718936
1 3956028666
1 2902352971
1 4181725352
1 3019191681
1 3493640516
1 3341099223
1 733922518
1 1849959740
1 3694698685
1 248729371
3
3
1 2956360038
1 2950620058
1 3056899057
1 1486299791
1 2260019238
1 3423430425
1 1091899548
1 770223452
1 349880386
1 185682694
2
1 333613732
1 580829453
1 4202221534
1 3683829027
1 2356802921
1 2131762530
2
1 1312528980
1 2433499926
1 1308118106
1 616687484
1 397804729
1 1427802937
1 83326394
1 1355933880
1 2958545580
1 3909916405
1 1716048070
1 1781385201
1 537338046
1 1559028755
1 3142703361
1 3343625277
1 1804669511
1 141194721
1 1509758582
1 2794291593
1 1712989141
1 3279955572
1 1496317993
1 309661542
1 695429631
1 2582109759
1 2348361682
1 3146728573
1 3735504790
1 1862940406
1 4214630673
1 3026314953
1 346189674
1 26007015
1 3700369512
1 4231839387
1 1928456985
1 854407603
1 388959875
1 2907732110
1 778441080
1 1032245005
1 4092719372
1 2545438742
1 3162798326
1 1919141453
1 2106652796
1 2509743318
1 3490485733
1 862244078
1 1808737888
1 849111997
1 3957268185
2
1 3260802162
1 2549777085
2
1 1793458536
1 1593248061
1 1415064549
1 2506035732
1 447203175
1 667941276
1 1371742155
1 862032893
1 2992501921
1 1148059168
1 1164543747
1 2357631819
1 225221684
1 884755217
1 2464444306
1 2969029132
1 2295099863
1 2129225428
1 4143504240
1 1784225228
1 3515052236
1 203161792
1 1533202228
1 1981457711
1 2237710175
1 173750206
1 3140982425
1 2725758368
1 4215419594
1 2591191775
1 412917771
1 3763207741
1 294619237
1 607065885
1 3914452250
1 4091615023
1 363917342
1 656390328
1 2073267279
1 1693196029
1 1678525474
1 3920248124
1 1897407674
1 2176430941
2
1 2225293036
2
1 777567864
1 1195511295
1 2659950306
1 386406843
1 357694837
1 3373469279
1 539235647
1 1840044745
1 1352174810
1 1872650218
1 115277112
1 3810766469
1 564050901
1 2911525639
1 2402126538
1 1321575799
1 592240718
1 31288396
1 2992506351
1 193318796
1 4031041108
1 3474724587
1 3498795569
1 3200679327
1 3978576826
1 374010565
1 3082015659
1 1971927845
1 1118274450
1 3095828086
1 2691996160
1 4056235508
1 730174239
1 3406200555
1 2823264493
1 2993886583
1 1958113879
1 3728284201
1 3319009931
1 3589389869
1 1027025686
1 1612135728
1 3428049444
1 3983155660
1 405782309
1 3498662868
1 865493993
1 518767270
1 111880282
1 2060499109
1 2613247686
1 1500319476
1 1809274106
1 3839250786
1 3485210492
1 2919741226
1 2256332750
1 3425367269
1 4187227922
1 979298032
1 1360687542
1 4147674330
1 2566476842
1 986448858
1 1327282977
1 456168738
1 3564209721
1 1354468354
1 485439117
1 2177078797
1 2071459512
1 942706734
1 3065514499
1 2914403979
2
1 1921195250
1 1998580554
1 1642782772
1 3655102696
1 2067141628
1 4031786329
1 3672542243
2
1 1893774903
1 310154967
1 3145291725
1 3586081854
1 2617119214
2
1 79125754
1 677137742
1 3084846384
1 2290415441
1 3438786110
1 3812197058
1 138348571
1 3076547760
1 1926314219
1 454985209
1 454778674
1 4266462637
1 74302452
1 3323589356
1 3291512559
2
1 1476139290
1 2091668844
1 3970840712
1 974664234
1 1809880542
1 3559240717
1 2055002476
1 1385859725
1 2080736981
2
1 2488407918
1 679068306
1 99839224
1 1887851769
1 2709150608
1 2694065698
1 3515138425
1 76377170
1 2298537377
1 2785008526
1 332408082
1 1312579474
1 2795195533
1 2557379981
1 3116226746
1 2564346111
1 4259184132
1 2024939270
1 156152144
1 1778974143
1 432718269
1 4207716900
1 1025826215
1 1969493962
1 4192924203
1 2161196430
1 237726055
1 1674827020
1 645291330
1 3666723712
2
1 346921688
1 1791887762
1 1908182045
1 234306739
1 908752765
1 3486327861
1 507033746
1 3585715228
1 3729910670
1 552152247
1 1332881936
1 3158363867
1 999381905
1 3533845616
1 2192652804
1 1360821021
1 813920852
2
1 4203240345
1 3008454079
1 258078438
1 1110206541
1 2012620919
1 2190646809
2
1 3885729995
1 3584649637
1 3360177841
1 1468265018
1 448816641
1 1927827816
1 3208580348
1 1465676508
1 1907000322
1 2648075913
1 1538627719
1 4223758578
1 2321246901
1 4182860776
1 2272742738
1 5066634
1 188547734
1 2502449459
1 312515934
1 1538167644
1 1398329713
1 2829310479
1 2483738709
1 1878844185
1 2330351546
1 2006249317
1 2342216979
1 2676293735
1 1026755370
1 269719810
1 2364304326
1 2393838857
1 488188756
1 1298869299
1 3731148411
1 3918838626
1 2233352512
1 4130014669
1 1081105800
1 2040750733
1 3871405751
2
1 3331984018
2
1 1438301778
1 1007537801
1 2863612007
1 3242996778
1 3228518477
1 3600572587
1 2807841947
1 2890528582
1 1126264619
1 2484462111
1 3692041142
2
1 3493907739
1 4029595131
3
1 1991994921
1 523031562
1 3133139794
3
1 2406236311
1 2641179470
1 4125793791
1 3144294505
1 2391537641
1 2468232247
2
1 1029790307
1 3769392607
1 3867204305
1 491512041
1 1567761303
1 3912952648
1 1771734697
1 1533800058
1 4059597680
1 2558327569
1 3191335479
1 1534265845
2
1 67252114
1 515239587
1 1754960074
1 1121257760
1 2301503235
1 1234031866
1 2398233565
1 3527644802
1 3524785208
1 220543690
1 1844577155
1 2738730110
1 1959752081
1 2503391793
1 12975630
1 3825384900
1 1203186142
1 1097262461
1 837699738
1 2795390315
1 788067625
1 2793606998
1 3405501043
1 3408058354
1 1381866164
1 2688055993
1 4007399774
1 400616741
1 72653108
1 3761300556
1 3691865778
1 810469429
1 4209077065
1 1760442804
1 2286510401
1 866634543
1 3833819088
3
1 1323264
1 2923807002
1 1976593056
1 1724962892
1 2671267257
1 2226518579
1 3929853215
1 2340581352
1 2130312836
1 1572915255
1 1447665998
1 554255658
1 3085004576
1 3089981553
1 2101627639
1 3434354153
1 2861467094
1 1351251504
1 3134912867
1 825504188
1 2223605049
1 579500245
1 2185249402
1 2816335997
1 1661848948
1 3613830946
1 1567700526
1 1393370220
1 696494750
1 1767974585
1 2487819551
2
1 1684147539
1 3548686489
1 1909777142
1 490613254
1 3792475696
1 1187134582
1 1551970718
1 245147949
1 4268515404
1 2708041333
1 3739704946
1 3003710244
1 2986183262
1 3103339893
1 1545259252
1 855111202
1 3911496787
1 860004270
1 1844527167
1 3766057402
1 438784020
1 822788945
1 2653144059
1 825618848
1 4176906185
1 3269977997
2
1 2489360190
1 1797086855
1 2674129772
1 39452994
1 459912846
1 437255227
1 1141373944
1 2701933317
3
1 3515006105
1 3281148539
1 1413162202
1 813605773
1 860545178
1 896273272
1 418458487
1 1095303405
1 2305276707
3
1 3571894187
1 3567585736
1 4039790429
1 3614807298
1 2626466868
1 3936346197
1 1930812121
1 3256422857
1 1335013109
1 926201074
1 4093774381
1 1454428195
1 171608452
1 653283532
1 2252533808
1 3213492550
1 3474937095
1 2006391959
1 1394584263
1 1882427103
1 2508869977
1 2431345454
1 1639284272
1 1764430538
1 3927160544
1 2238663831
1 3472890453
1 4130113002
1 271238528
1 2187801454
1 761736736
1 1733461362
1 941752040
1 456574014
1 2347610638
2
1 3723004422
1 4063903857
1 1086928561
1 2501149736
1 2907523702
1 1253564629
1 2726143283
1 683447600
1 2663471715
1 558338147
1 2622484273
1 2294512914
1 409887087
2
1 2956428151
1 52295435
2
1 157379303
1 2667627324
1 1398838600
1 4054219958
1 43736559
1 2069638246
2
1 2897298493
1 1284966089
1 2709230520
1 1009967278
2
1 2889004040
1 2941561153
1 4062462685
1 4275375646
1 3512938478
1 3863709394
1 1151895114
1 2507765886
2
1 2372111718
1 1706002384
1 1381971970
1 2602428843
1 2653741879
1 418524778
1 1161501190
1 3165511723
1 4149804455
1 3176774297
1 2996446905
1 827611915
1 4045798666
1 2633762008
1 4006241830
1 664217821
1 706671217
1 2341100065
1 4221141668
1 4260446372
2
1 4082064311
1 924417502
1 2952741459
1 1748379780
1 984744570
1 3374496376
1 2675383236
1 2248748567
1 3516893143
1 2508519755
1 1200794793
1 1470206804
1 1027578114
1 2184131348
1 1978799378
1 3844584607
1 3549099026
1 2807253512
1 1155138568
1 2823984773
1 3524118092
1 3854343013
1 968913656
1 986645036
1 4249486136
1 2313882105
1 218961567
1 1414245840
1 1295631515
1 2726845151
1 2638374178
1 1915054220
1 4042904997
1 1638761449
1 1068913377
1 3655467954
1 465177617
1 2604990540
1 3093044935
1 3196942926
1 4010486589
2
1 1544864972
1 2305676857
1 325642248
1 581434770
1 2453407105
2
1 339758254
1 1578469055
1 3973325155
1 297241271
1 2610755411
1 191092459
1 1485159466
1 3446853357
1 275285241
1 927682827
1 3171709625
1 3350365331
1 1682960720
1 391007326
1 3327398299
1 3866923276
3
1 2102853323
1 149709627
1 1349490113
1 2928652997
1 3058803488
1 2642133088
1 176036162
1 3060093466
1 691670284
1 2459237891
1 741276163
1 664234478
1 1240060803
1 3587010232
1 4108916416
1 744216098
1 3668918668
1 1329831585
1 1027095793
1 2050909241
1 1507456849
2
1 4110528452
1 4046783058
1 1035349925
1 152065345
1 1603340808
1 142855017
2
1 2607330187
1 2104965388
1 3285800749
1 3694403931
2
1 2201562641
2
1 3698208151
1 1423072436
1 753744091
1 1233966819
1 1229559525
1 2968953803
1 699560467
1 2995356282
1 757613068
1 3871355628
1 4141523870
2
1 2507237004
1 2056216028
1 3795565404
1 3888453113
1 3475314423
1 1156947292
1 3606705273
1 3896412157
1 3489805975
1 1033335802
1 3463005119
1 2959833273
1 3556308422
1 3562169936
1 790916671
1 2231526284
1 117199583
1 429217738
1 742896545
1 2285067310
1 2398811043
1 1469519588
1 3183458537
1 2905218858
1 4240619776
1 2566554645
1 3192082620
1 3732878132
1 898016425
1 2409296705
1 1236119449
2
1 1047236111
1 2195606138
1 203020585
1 960362801
1 82595778
1 1876381416
1 406945197
1 1010051752
1 2738140948
1 90657476
1 3150254246
1 1021749923
1 2419435032
1 3816588970
1 869732911
1 2243603368
2
1 1076396181
1 3751548505
1 816202720
1 4113967712
1 3844436094
1 2863570064
1 748488690
1 2662264050
1 994272973
1 2115428072
1 1689638848
1 1151646478
1 2480046668
1 2979960675
1 615980017
1 322594624
1 1823849991
1 4039035795
1 2812766484
1 3154548952
1 4073087400
1 2446205840
1 4156457798
3
1 3639691880
1 609193455
1 2124845617
1 3355849676
1 3592385693
1 3021979886
1 4036062539
2
1 2165272194
1 863050410
1 2370298685
1 3736505010
1 3338224096
1 3424064482
1 1192439695
1 1845063442
1 429419576
1 725032097
1 983889445
1 2069873304
1 2108919952
1 3428655939
1 2532271331
1 235562568
1 3199983894
1 2993273730
1 335194822
1 3549009413
1 2921779473
1 2412901102
1 1001945283
1 1094549761
1 807852150
1 2175707208
1 2505962506
1 2177447916
1 139384749
1 1885942209
1 2792817177
1 2199354326
1 4278185929
1 3873588647
2
1 2553857861
1 2382573071
1 415240101
1 2526212948
1 5829641
1 3965743616
1 4294705669
1 1538788993
1 1856849004
1 587824253
1 395344371
1 1712430216
1 244036918
1 2900924837
1 1505930339
1 1084737244
1 4144639168
1 1758068417
1 3754711474
1 3269456423
1 2344837934
1 2934789543
1 2492210727
1 979433952
1 3390916927
1 838845370
1 484984844
1 703531390
1 68922262
1 1591632502
1 3424866370
1 2880466923
1 2975603952
1 2455909988
1 3410248085
2
1 2922182859
1 2788767511
1 1587693469
1 3938189501
1 3197412554
1 2833145085
2
1 1731301081
1 834535521
1 3252433986
1 2763799054
1 3009009590
1 336698432
1 638213976
1 1149315367
1 3534400781
1 2003499343
1 2690088737
1 3026856710
1 2054404969
1 1748304923
1 3147723245
1 2410962288
1 2796403660
1 843769062
1 3861903966
1 1173643323
1 3539534615
1 262602650
1 1835870403
1 637302909
1 139149295
1 1314940679
1 2533332138
1 3099418601
2
1 3490550892
1 4151122842
1 2504054733
1 757390603
1 427753480
1 2222151283
1 1732768497
1 1031820243
1 4143830574
1 3569812053
1 1440052587
1 3703189730
1 2602941780
1 1298786228
1 2481667771
1 1370482222
1 1510397113
1 459776210
1 390908440
1 859412710
1 3417779518
1 869621621
1 1595537864
1 2082722973
1 3085331549
1 1707271271
1 3927390783
1 3631701785
1 439146873
1 2756847106
1 2516248610
1 1724524155
1 2154480186
1 1550010899
1 2069333879
1 509580294
1 3557252978
1 861024607
1 758338066
1 1532051015
1 3090528201
1 3614528816
1 568738506
1 1993877058
1 1782090173
1 3054061405
2
1 1635169362
1 3827977701
1 3607973817
1 3610825000
1 2924740099
1 3965387959
1 3284944412
1 1695570740
1 4046785652
1 3933845439
1 4227339515
1 525765832
1 2293320804
1 3540788164
1 900689752
1 2847755937
1 486374520
1 3774959747
1 1224734453
1 2533128689
1 2630381121
1 4100530656
1 335575432
1 233141217
1 2198861236
1 3137130151
1 2595603259
1 2628300821
1 3559017635
1 4147199799
2
1 297198717
1 1300526966
1 1387835327
1 874798238
1 760415943
1 474890121
3
1 3774876262
1 2913154915
2
1 8429049
1 3043521872
3
1 343049509
1 566959113
1 2057189646
1 3534259535
1 3559870522
1 670415022
1 3514453371
1 3590340954
1 3440203185
1 2667573921
1 3045136718
1 1910584168
1 986912323
1 2300832411
1 4020879502
1 3825730797
1 1599053490
1 2895898354
1 307519766
1 812669626
1 2425417079
1 2152413569
1 1537951061
1 1211761616
1 3767539953
1 3650033105
1 3157713259
1 2245245138
1 2295122029
1 3936167436
1 4222258506
1 649905680
1 162046730
1 4076940292
1 4245091455
1 2569630968
1 2311963516
1 3960420105
1 3376126096
1 4279701056
2
1 3727888490
1 806727879
1 1048016050
1 2127065262
1 1774405043
1 3381135273
1 3178197321
1 1524309685
1 2815026452
1 3656227691
1 3400003728
1 899487154
2
1 1844980944
1 1185658506
1 1439791461
2
1 1912936544
1 2063282451
1 2763450844
1 1169001977
1 1154678847
1 3612598239
1 2586717123
1 2227257593
1 846321079
1 1329710110
1 957792838
1 1035721770
1 2763450737
1 1701283425
1 1742404515
1 208344790
1 52617464
1 2936214413
1 4058033180
1 1099285347
1 3426725585
1 2585041407
1 741968811
1 2257429892
1 2656697980
1 2319273769
1 890322786
1 4249135949
1 972370570
1 2198577182
1 2952269631
1 3748424843
1 3893788802
1 3572746288
1 3907376481
1 3275420845
2
1 3972201219
1 801904062
1 4142284366
1 760786694
1 1067617293
1 2441975806
1 2847488360
1 3902851805
1 1528136272
1 1327093154
1 2655942529
2
1 3658002070
1 2299084701
1 1294364769
1 625027726
1 3165293606
1 3570701091
1 1836699433
1 1555443780
1 240595771
1 618161487
1 1813518886
1 1636192926
1 452877829
1 1822383286
1 1382996199
1 1088546492
3
1 1382621335
1 3561203164
1 3395290160
1 58325060
3
2
1 283642644
1 896907663
1 1923856613
1 3057004223
1 3338174303
1 361061355
1 3782909217
1 1611953493
1 1084016992
1 972303822
1 47300674
1 1640279669
1 3250656964
1 3514015105
1 4259083465
1 125535386
1 2278000692
1 969201079
1 3688111711
1 2856370479
1 924026775
1 1874076464
1 2855752691
1 950767319
1 3718777953
1 143075944
1 3407170481
1 1113475403
1 672551983
1 2447160030
1 3924792681
1 2112476907
1 3753878127
1 1268343401
1 3208624666
1 3073505197
2
1 3993849986
2
1 1124043831
1 2566801507
1 2031865590
1 765980293
1 539208938
1 1683435076
1 3957953784
1 207288317
1 3667594586
1 4021070055
1 3105726092
1 3783283423
1 3670820829
1 3653148402
1 3680338784
3
1 2417921997
1 4039353566
1 1241107505
1 991605514
1 2783576148
1 2815124754
1 2193023763
1 83985192
1 889469565
1 2958640691
1 3369947421
1 3433678548
1 1113148959
1 4104793541
1 470670612
1 2821945702
1 3303562431
1 715341959
1 1256221958
1 4016057200
1 1505473508
1 673746450
1 3985852479
1 2580783881
1 3244413187
1 4058028321
1 2449374781
1 726389721
1 2175952059
1 1704708168
1 4286726637
1 1609290909
1 240008406
1 193536669
1 679850308
1 1034005547
1 1242885278
1 4122956845
1 196356896
1 4092600477
1 2268521356
1 2647617241
1 1214933937
1 2359215844
1 305149144
1 1657407076
1 1710869635
1 3336796764
1 2457657214
1 2320129300
1 4186227672
2
1 1229398703
1 1594816419
1 447330193
1 1270413535
1 2479405163
1 3486218952
1 2208558167
1 2931764821
1 292357509
1 3466089514
1 1411613696
1 2012965647
1 2464861130
1 2486440712
1 2577016040
1 4038177216
1 1305004108
1 1108364048
1 3644712472
1 1950398363
1 2605063312
1 2343949959
1 3315144619
1 2660211105
1 2052409546
1 3073893904
1 150071761
1 336620965
1 3093788000
1 674684285
1 2647106510
1 2526334881
1 3313717356
1 1512028366
1 3256569154
1 3206164867
1 3627299379
1 3482223835
1 2606948936
1 593835742
1 2375358165
1 2533820267
1 3229489499
1 472129787
1 3052131849
1 4131212606
1 3390449596
1 840502414
1 2976910828
1 3644750481
1 3481482571
1 2657247362
1 3727545290
1 1591851929
1 3890495360
1 785709007
1 1656608672
2
1 2388947453
1 850279188
1 4271749328
1 1798457832
1 4202968223
1 3149397200
2
1 2484585486
1 1685246073
1 3979827501
1 2222240980
1 3775599443
1 1361197835
1 2347236423
1 1027426264
1 254952133
1 3124148903
1 1305347821
1 2472202155
1 953449303
1 618086385
1 862567779
1 1662490251
1 2204590606
1 3831379774
1 2147740829
1 2746068751
1 1682109321
1 977819631
2
1 139216970
1 2241359639
1 3756643240
1 1112681576
1 1820736774
1 2999790650
1 2956482964
1 149338946
1 2498390758
1 1636244639
1 173030645
1 2697773439
1 2339636459
1 342483836
1 4013509343
1 3749246329
1 1066659523
1 2702074603
1 4137346860
1 1148184197
1 1870345291
1 2571367925
1 1538296865
1 1238723710
1 3429361772
1 709437580
1 3348886004
1 855704122
1 1479028134
1 3891519000
1 410025723
1 2684546665
1 2453388563
1 1168955934
2
1 4163570911
1 3938438664
1 485017804
1 622822873
1 3663126177
1 1017444328
2
1 3545497422
1 1192079443
1 1892450012
1 3831078255
1 3245406602
1 3741421671
1 2334739174
1 2785076895
1 3593130822
1 3222675398
1 3520610781
1 3242192767
1 3059580703
2
1 2805159259
1 3529824413
1 204598165
1 2500501967
1 158774491
1 3620168063
1 469955067
1 3666453343
1 396602042
1 1071485980
1 1823783147
1 3039828760
1 4210863620
1 3354789138
1 2024962462
1 712188939
1 1443091123
1 2327022254
1 242529299
1 177737954
1 1996356399
1 4201055733
1 2269351956
1 2984625629
1 3010799243
1 3894703303
1 421633753
1 4272408562
1 884550950
1 2316224992
1 4113165736
1 3704170849
1 2316610334
1 760776103
1 2566895630
1 3949167484
1 3172183764
1 3978107428
1 4213450016
1 484467745
1 1507422222
1 622440753
1 1635337814
1 851336505
1 222598708
1 2421227878
1 4050303713
1 909196601
1 4034946104
1 443684373
1 2221216483
1 27967323
1 1515234691
1 257094729
1 1458205364
1 897585771
1 1286415284
1 1800253194
1 1549856727
1 1516863679
1 2628545697
1 2717713281
1 1819800887
1 3244038861
1 495419995
1 2386850191
1 1098170793
1 3868821862
1 4141969916
1 3295349865
1 1472317991
1 3020390508
1 3553219097
1 1642218293
1 803649291
1 3082104856
1 2562029863
1 3866033720
1 613451044
1 2623064892
1 2343624112
1 1919701056
1 2570365272
1 2631406062
1 2096857997
1 690934514
1 1007451637
1 2714965643
1 1155112882
1 4116460556
1 4199844675
1 550891868
1 1013410856
1 952447742
1 3907069207
1 3197962777
1 2586446871
1 2980698813
1 942031749
2
1 3084642370
1 3191496482
1 830380881
1 1976365748
1 3951844515
1 4218994231
1 4131442403
1 1932357124
2
1 2357437582
1 1079267373
1 3241226458
1 387655837
1 740224595
1 3457750635
1 2272207147
3
1 1439117468
1 4020606073
1 3669852389
1 1618961382
1 1763192198
1 3932411096
2
1 3309516209
1 3231638007
1 2149030217
1 1326629068
1 1771464251
1 3934155999
1 711625013
1 2118474942
1 2087231579
1 3668181351
1 1094612453
1 3337714473
1 2762355517
1 1974405921
2
2
1 1468116682
1 373529839
1 925598115
1 4083673888
1 458224951
1 1741338526
1 1880528223
1 693449593
1 1720235739
1 2868995330
1 1228366061
1 502767568
1 1202037321
1 639286728
1 2354493266
1 3530948920
1 2358421455
2
1 381226181
1 829009691
1 3169187169
2
1 647182051
1 2124659964
1 3425135961
1 4158018251
1 2177384627
1 905409848
1 2493542417
1 3680678052
1 4289015455
1 1809660375
1 4121597015
1 1629640039
1 68400468
1 3106039488
1 2318523875
2
1 3581854655
1 448445877
1 3828455278
1 3217138084
1 1824210466
1 2727764538
1 1449281272
1 2794172322
1 4126785847
1 2394102967
1 1206724568
1 334961720
1 860934669
1 3536048929
1 15209003
1 1717530524
1 2197148893
1 3086060062
1 1712442932
1 2149567933
1 1110932039
1 516758261
1 287830268
1 2763023164
1 3078332663
1 1481062657
1 4288304976
1 3900356940
1 3060918889
3
1 3554635024
1 1643280867
1 2043683823
1 1929869038
1 921019795
1 526502246
1 3944437994
1 1949553278
1 1284053355
1 441768450
1 2248290113
1 562287209
1 1137398334
1 651366266
1 962047507
1 867374178
1 4040217574
1 3433174593
1 4124565564
1 1816998819
1 2883302291
1 3938890582
1 1868543931
1 2855037316
1 516355746
1 1772238689
1 2940673244
1 3406389967
1 1297903359
1 1491077128
1 4030318464
1 1393064562
1 811327101
1 2034421229
1 3017707693
1 2070488874
1 3618828326
1 4282039473
1 2943363859
1 1646529629
1 4117449263
1 660463221
1 3893878617
1 3962736565
1 675528118
2
1 1446105033
1 3510465628
1 1003339177
1 491658927
1 3274528153
1 683710578
1 2242476636
1 512332107
1 320400460
1 4049378725
1 317507541
1 3219601275
1 2631326873
1 1679160376
1 2802686176
1 1169094508
1 980943556
1 3883661126
1 3883464348
1 3852454022
3
1 3633598904
1 2642760937
1 111589293
1 2126099669
1 741073994
1 191578081
2
1 2126849736
1 264334323
1 2011777299
1 1351958786
1 3925111723
1 2370286343
1 3843884375
1 2952675382
1 3396515774
1 463878057
1 411489986
1 1428560446
1 3267359851
1 2204305892
1 4206279470
1 399377332
1 1881922094
1 3143685410
2
1 2339778197
1 3019658545
1 2830208733
1 2269281762
1 4144440704
1 2509347294
1 837196450
1 259862387
1 343478494
1 2574498804
1 1464516854
1 2724853581
1 662155370
1 237617908
1 3095720844
1 903233765
1 980963720
1 2684812997
1 3392218737
1 2199868267
1 1372216216
1 3904809305
1 1064841606
1 3022476502
1 1912674255
1 2182512054
1 2855083877
1 3906838840
1 4273730712
1 2925370059
1 3516261888
1 1590619670
1 67801982
1 4013265459
1 3138965929
1 1091268153
1 1062459670
1 2465492548
1 2198933939
1 1682648418
1 2301436657
1 3031390967
1 3126551971
1 1263327203
1 524140839
1 2926809146
1 3585343005
1 3906093878
1 2739800582
1 1615664807
1 772604098
1 1787693206
1 2558384672
1 2580809764
1 206471136
1 1609470667
1 3819848426
1 1366378611
1 4209723208
1 905568942
2
1 717896495
1 471715442
1 879761872
1 3067901600
1 3364988884
1 2990999344
2
1 2046365871
1 873880437
1 1270665244
1 3583433574
1 3465111693
1 812332659
1 1477310205
1 2091062355
1 4284411919
1 628039242
1 64822417
1 2321369377
1 3820391518
1 3893585235
1 4125947655
1 2856933828
1 3290710584
1 3613823661
1 2189212758
1 286136279
1 3234397942
1 1167201676
1 3254336617
1 2777866504
1 1463604556
1 2419786313
1 1081106770
1 49665195
1 3861237001
1 2065003384
1 2632742972
1 3440706443
1 581699709
1 2997851252
1 1093704578
1 3452350114
1 3960045370
1 3236286456
1 3662353052
1 2349831056
1 2999884950
1 3312359376
1 2943807831
1 3385695409
1 3328863043
1 1458516917
2
1 3645226933
1 1308031725
1 212991614
1 3801276189
1 1382468975
1 2825365995
1 3704498266
1 675207949
1 3294221831
1 1962933015
1 813215912
1 1178981767
1 4092198200
3
1 1081566260
1 198500727
1 3971507288
1 3108303592
1 901206387
1 1058602220
1 2281720333
1 1152475241
1 2210321284
1 3377451173
1 345953807
1 1121774471
1 2669132824
1 1396686237
1 3219552312
1 533469615
2
1 3586957328
1 1311857731
2
1 2888526717
1 3819885431
1 3919981376
1 3064097918
1 3645099065
1 434230853
1 1764421402
1 1847309534
1 2970514131
1 908825639
1 2500488303
1 687333061
1 3987807809
1 798891712
1 1004421717
1 4040848666
1 382059016
1 1954599560
1 3082903278
1 3669795656
1 1842050204
1 2829956979
1 622834935
1 3015249465
1 784695248
1 2560788782
1 122438097
1 1097669979
1 529219515
1 3237577810
1 2098327644
1 2582210937
1 78473417
1 2141795560
1 4101585351
1 2664481152
1 2000916632
1 2000721003
1 2098664122
1 1890970351
1 2407656681
1 4058808703
3
2
1 466078111
1 2054836029
2
1 3714811967
1 2327734514
1 1202447086
1 1488672674
1 3432064425
1 2402292107
1 3339111514
1 3983505871
1 1124863461
1 1082400119
1 1326080503
1 1427436068
1 3086715301
1 4294901921
1 659841067
1 845355378
1 2294889234
1 1947781880
1 3926777127
1 1251113059
1 252090043
1 2407461585
1 2729457041
1 1461496555
1 1517140496
1 4086467117
1 3068723929
1 2158039088
1 2945973486
1 4210518363
1 1645674652
1 2064998068
1 4237808433
1 2683253287
1 871083859
1 4050588894
1 2816104726
1 43892978
1 4026827006
1 3549513235
1 2758877359
1 3795206796
1 944737576
2
1 2755804501
1 4289623036
1 3274818279
1 991991134
1 4110739232
1 894672580
1 1569258353
1 701254858
1 2975049944
1 1861421401
1 3069905582
1 1960299431
1 1092701165
1 89133511
1 2744052587
1 2046338095
1 962887771
1 1251918940
1 2602447652
1 1362423340
1 1023374581
1 667687463
1 2030461466
1 3431906318
1 1567943811
1 1717882338
1 3913625225
2
1 3256805119
1 130777065
1 2229756812
1 1447884583
1 1680002400
1 2481305761
1 3760273803
1 588424910
1 4057380081
1 2428725519
1 876556304
1 4229760258
1 3949125851
1 2668889025
1 2741643155
1 1878799805
1 2910895486
1 3471679208
1 4239845441
1 3537435287
3
2
1 1898991244
1 1065476809
1 3837847363
1 2063126371
1 2120725594
1 4095634005
1 3862304221
1 1132694338
1 1626149921
1 1366793565
1 3665355751
1 127473676
1 2012121957
1 247174906
1 3851297492
1 3129318926
1 3962558882
1 3538872995
1 3221763227
1 3612490747
1 4151391586
1 56890254
1 200318440
1 1620167946
1 1761601424
1 130549863
1 675662307
1 2265410703
1 217519857
1 3485636593
1 4292909817
1 3760698378
1 4005720277
1 3307683347
1 3943903423
1 3288690185
1 63744184
1 3255917259
1 4090387868
1 1990974893
1 1502302881
1 1946281395
1 156630992
1 1834375864
1 635870031
1 2222734577
1 1762745172
1 4107869810
1 4271958147
1 3180930872
1 2195656224
1 2368281592
1 1950860501
1 1912811983
1 338736924
1 1031850310
1 3651114399
1 3250041606
1 3653851071
1 90538874
1 1284469526
1 3878346802
1 1220598063
1 770818981
1 3998910787
1 3220609169
1 1271481097
1 4117713537
1 3384895687
1 4220448888
1 1048004538
1 3744313957
1 874460011
1 3788770683
1 1120638515
1 4209236971
1 3883605647
1 3404521024
1 4174159785
1 234380862
1 547233286
1 1067190203
2
1 3070097489
1 1794019210
1 1080293307
1 2359522123
1 1016661942
1 4282004348
1 29550109
1 3201507820
1 3910870913
1 2066670972
1 1981759771
1 3595559776
2
1 798221931
1 3382224735
1 2308683607
1 3415889089
1 2695309505
1 2460110342
1 1145980169
1 2783933440
1 2329530261
1 2598850133
1 4046790877
1 346288840
1 1031648561
1 4079284718
1 229164560
1 1304734523
2
1 3463223584
1 1388619561
1 383963000
1 2816510811
1 521862588
1 1862838721
1 601835973
1 1894705754
1 3860045745
1 2504613093
1 65081955
1 668764739
1 1789637372
2
1 1907625277
1 4015056729
1 2406819331
1 2521836698
1 366426089
1 314666483
1 2424413384
1 3435803090
1 1921941791
1 1339842110
1 2816097821
1 61865821
1 86210605
1 2103232873
1 1653120406
1 3401202097
1 3767858725
1 1989802262
1 4194738363
1 1018910670
1 156178998
1 537499492
1 2253330882
1 2901526784
1 1189269296
1 726676155
1 1887892554
1 28532844
1 1200169812
1 3759980029
1 2739874648
1 2202250845
1 1202806468
1 403722479
1 2938742387
1 1775674047
1 2981674039
1 1725401060
1 1735887982
1 1754335602
1 1579879447
1 152490547
1 1093153164
1 1392825407
2
1 3844605576
1 2785915968
1 1619095704
1 2350422021
1 1318046757
1 3570740685
1 1614415841
1 1313974305
1 4006268106
1 2547498514
1 2028234093
1 1281476030
1 3929587280
1 3273427270
1 2939369542
1 3398201467
1 166315571
1 1923809062
1 1904188339
1 796226784
1 407835575
1 1036909517
1 1163524255
1 352265202
1 2064676856
1 422059700
1 1727019462
1 814070791
1 2861143111
1 9961793
1 4242840622
1 268964595
1 3170745661
1 1659005510
1 1353854868
1 3339622726
1 419343590
1 2133112784
1 364554954
1 3587180502
1 4026270305
1 3288429343
1 143898164
1 787252421
1 3421431057
1 3198767951
1 1592447970
1 3050598064
1 3318448254
1 3933769301
1 368549332
1 4094926189
2
1 2931457142
1 2710707127
1 1077504381
1 3715202269
1 1336639356
1 2287221029
1 3548728924
1 3219931198
1 127385792
1 1840828632
1 454187879
1 1816405094
1 3577098907
1 1041237539
1 1921512866
1 3707522505
1 4249455599
1 686852172
1 1946293127
1 4285605173
1 4145343546
1 1787216339
1 319275842
1 3426688108
1 2140863456
1 2329623044
1 3523512962
1 2783744355
1 1725007551
1 2683293723
1 73166107
1 1319956146
1 4176871908
1 1717579167
1 837249198
1 144882953
1 74553683
1 2176615873
1 3307793407
1 1210420921
1 2143422765
1 4100604036
1 2807530019
1 2575982006
1 1874709025
1 390723937
1 3390335398
1 2968305896
1 2501857304
1 887607042
1 2298946147
1 831117886
1 2419567382
1 3206391914
2
1 4180888670
1 2720715023
1 3674378885
1 3302755305
1 2892591901
1 2674475739
1 4080071066
1 1536565402
1 307222401
1 478554612
1 3953283814
1 3024769306
1 485531939
1 3149694561
1 649239146
1 3864307590
1 2914054809
1 1592216515
1 3539907524
1 2907580629
1 2888253005
1 1260458120
1 2776854756
1 2196313366
1 2569769968
1 2547450581
1 590602516
1 3426564847
1 1939051310
1 2894410411
1 230586003
1 3219677984
1 1453875761
1 3598847228
1 1661841498
1 2450999407
1 3954609897
1 1953879047
1 3121381309
1 82347958
2
1 2334260184
1 2880088924
1 3595216756
1 2004983032
1 1947109571
1 2293776142
1 149357657
1 3331586525
1 1389764934
1 3020867389
1 3026030320
2
1 3115087406
1 2968156276
1 1971652295
1 2324400505
1 3718470055
1 2332442270
1 573084195
1 30248651
1 3556163994
1 2880525911
1 2099435966
1 3345610372
1 3455714359
1 1829999330
1 804702599
1 127633764
1 2760504762
1 1131523253
1 1015602345
1 1321757125
2
1 1724834715
1 2665088017
1 905841633
1 619926502
1 4278972125
2
1 2768648904
1 3809344201
1 1611500988
1 479823493
1 2279581576
1 2472646232
1 1749278705
1 1652188380
1 2975897174
1 3013980203
1 2059699594
1 3183469436
1 3959037249
1 1087332579
1 195915952
1 3088513582
1 1967899391
1 2399284035
1 1415013102
1 2381434578
1 498186870
1 3718454788
1 3864336686
1 3513542338
1 1491849928
1 2984468644
1 726957369
1 2496141338
1 61724688
1 2315281231
1 1739050592
1 2818863130
1 2298894196
1 2716771631
1 1275297966
1 846556570
1 1970897062
1 362963673
1 951984863
1 1934645707
1 4098222904
1 1941338079
1 1842256158
1 1289156760
1 1760615888
1 837187585
1 234480999
1 2521974248
1 1861409984
1 705895980
1 2669301913
1 3164468070
1 2562823372
1 54309129
1 1064033932
1 3749610679
1 4228680480
1 2787890134
1 2032379977
1 3889924668
1 2796170623
1 1925537140
1 1125493944
1 1283540291
1 1055675909
1 3511819838
1 1194399538
1 2507843427
1 3984854090
1 4062644706
1 3856016477
1 4259597114
1 942139982
1 2747711794
1 2548954195
1 2642067187
1 3158985036
1 3857189957
2
1 3712161447
1 4231142585
1 2764317427
1 1292357637
1 2185931252
1 2737575359
1 4176692415
1 2362316419
1 948272833
1 2046679978
1 1849243140
1 497142462
2
1 4012552336
1 3421294105
1 2012290525
1 1841619038
1 3571475238
1 2100512969
1 1717999464
1 278024338
1 3462120942
1 388825474
1 1379191483
1 2156600396
1 620309411
1 914794376
1 1537211861
1 3535601360
1 12139096
1 318017894
1 622793302
1 2655930131
1 3093350792
1 4292234439
1 3002713490
1 188386704
1 941729822
1 1011414191
1 4110025670
1 1796971543
1 1252213493
1 1637532193
1 1711203058
1 640731243
2
1 4225087446
2
1 3236339213
1 871860971
1 1442300517
1 811510565
1 411516143
1 3990580925
1 1624249174
1 3395158624
1 3636617605
1 2601266351
1 3092464975
1 2420720519
2
1 4217194548
1 2372181173
1 4224006624
1 3280948155
1 1491949605
1 3415032300
1 4135267160
1 223229165
1 3265524174
1 2707283432
1 2895354448
1 3358726419
1 152067845
1 804775926
1 1334114449
1 2152874319
1 2886076933
2
1 1378980776
1 1162805670
1 3601778840
1 1731969797
1 3541770347
1 1727567597
1 3601323382
1 4007878938
1 1687781465
1 1501566282
1 497153274
1 3329875931
1 3398020102
1 2637546161
1 3751937501
1 2278160914
1 3405216918
1 11078142
1 3115318066
1 565243134
1 3773653182
1 3810730771
1 3588643818
1 399070678
1 1807358860
1 3544275020
1 1333126570
1 757165381
3
1 3383342865
1 4034937040
1 459889149
1 505546617
1 3328103469
1 656775753
1 3804775938
1 1441621588
1 1742768212
1 2966079487
1 145525969
1 356741675
1 4055221036
1 1835322267
1 3299199548
1 2530998383
1 338361071
1 3787389481
1 553769864
1 3703817399
1 2988895199
1 14640728
1 743010422
1 738480083
1 1160330956
1 378785853
1 3743491986
1 1406124037
1 1062027253
1 3941801722
1 546945969
1 1552586964
2
2
1 3784747685
1 1418819387
1 3216079571
1 2157187062
1 876520161
1 4324914
1 1100603204
1 2233612487
1 3198406728
1 176415842
1 855048348
1 1764057963
1 3796298950
1 1897802921
1 3645017671
1 453614615
2
1 2471864458
1 2768508952
1 1250553046
1 132401826
1 2947512452
1 1695023790
1 3050847734
1 2967906997
1 4060218246
1 2797392062
1 4216890546
1 2504211741
1 1496091364
1 821920064
1 3141241674
1 3622934739
1 2017510932
1 2946263444
1 64743512
1 507428432
1 1675800747
1 3487684973
1 2842112472
1 3449970233
1 2940572604
1 2637233338
1 2241470424
1 929358112
1 551073020
1 88384922
2
1 1484243726
1 2875556032
1 3543562080
1 1740585495
1 3400812086
1 1349658799
1 3103543098
1 1462456858
1 943167211
1 3924239838
1 3830159555
2
1 196523362
1 663770126
1 1860292915
1 424434147
1 254243778
1 1281559233
1 3821862213
1 1297317855
1 3340018169
1 4057804606
1 2616908832
1 1555118034
1 2097789082
1 1079016614
1 1556138894
1 3636954494
1 2641044365
1 1712668249
1 1274649868
1 1162564621
1 1398057088
1 3213913293
1 3813485511
2
1 2112954088
1 2046355468
1 2508445048
1 3512419619
1 3810520395
1 1078611769
1 855235793
1 3075985205
1 2684032803
1 1412100138
1 4270502026
1 2349832396
1 318805600
1 1052280392
1 2380951211
1 2993708238
2
1 146471340
1 4060031731
1 3173750405
1 2710376771
1 3195053338
2
1 2133483648
1 2691157699
1 2221017703
1 2768364374
1 2874501525
1 1445569565
1 1771243778
1 3147523507
1 3756396646
1 629316720
1 2507127118
1 2982312324
1 73243377
1 1569790724
1 1133474025
1 1800033616
1 501988304
1 1900954811
1 606421294
1 2518474541
1 3615137221
1 175494017
1 1471006811
1 2151377477
1 566926024
1 1574287213
1 3573125437
1 3301346329
1 1130085385
1 1285546823
1 3310580665
1 1515914033
1 2914807690
1 495567437
1 430334985
1 1415239405
2
1 1471453892
1 3909083223
1 3642225279
1 3333493211
1 2541784972
1 2828324238
1 2481019411
1 2635125526
1 2732792033
3
1 1326717443
1 2684541486
1 1602424561
1 4202922989
1 4156535224
1 201284740
1 2612931328
1 2588638860
1 1175901580
1 1109515146
2
1 3323825244
1 4235445444
1 90752666
1 1832377797
1 2619164661
1 3709483648
1 3979309398
1 2851873989
1 1215598136
1 3654069017
1 3204297255
1 2862818020
1 726608225
1 2219487904
1 1363373921
3
1 3141382088
1 897560905
1 3247256791
1 3129005155
1 3920512949
1 4209568306
1 1360021643
1 168137625
1 2805622518
1 3973205533
1 3881186615
1 3895921250
1 3929459149
2
1 1992983866
1 3384981187
1 1184574321
1 3303873255
1 1023104607
1 1311644357
1 3388128513
1 1163481980
1 219187887
1 1435554156
1 3364098035
1 583972102
1 1370565016
1 872106157
1 2428608541
1 243742399
1 4069371649
1 4079425868
1 2677739308
1 2868462341
1 2503343605
1 4089632949
1 2048778933
1 1633513656
1 2983584991
1 1830431542
1 2261216977
1 3038588100
1 3028630219
1 736050507
1 4117511120
1 1697395776
1 2800684219
1 4115853216
1 719487812
1 1729809474
1 3652743225
1 2222259017
1 1472697639
1 1107873154
1 3144763315
1 1436065299
1 2783920513
1 2505990370
1 59762022
1 2071132230
1 1823937511
1 101215646
2
1 1890710129
1 3862246364
1 2095188512
1 1165922870
1 1815836607
1 1302261480
1 2412133895
1 2959892810
1 4008000240
1 1974123675
1 1960116850
1 2086696694
1 1207457431
1 3299791017
1 4132532408
1 2688830990
1 2751592418
1 928738635
1 1973220282
1 3487975831
1 963653558
1 2360585213
2
1 3090733444
1 4284873984
1 1366649114
1 1293321472
1 3644131990
1 3855262321
1 4059210299
1 2072075046
1 2035691241
1 1164134942
1 391630856
1 2171432863
1 1338544799
1 959614320
1 3367066081
2
1 1836988245
1 2829873980
1 1704418163
1 203085458
1 430061614
1 2784839189
1 865379954
1 3246395839
1 1291193962
1 2898829577
1 3186520694
1 2908754781
1 260447237
1 2896092636
1 2800722471
1 3708158621
1 2404625566
1 3569787244
1 4263796027
1 2091145141
1 1788596496
1 1663413987
1 3095344140
1 2432700220
1 1646585336
2
1 420096515
1 2689791467
1 3156516488
1 1391354005
1 2916485702
1 1965436381
1 1426411821
1 3883625937
1 2506629432
1 2392017482
1 2135752343
1 1569530396
1 2064877559
1 3027279125
1 767863068
1 2324427693
1 2174879555
1 1274556896
1 2848008118
1 1482833172
1 2574527836
1 2367075333
1 2001771257
1 1691903353
1 2386463876
1 153797013
1 2769371563
1 3388698282
1 1030155493
1 655139398
1 3394217786
1 1281327610
1 6169504
1 2886988453
1 4185146839
1 2882686323
1 2757023442
1 3758439862
1 2912751843
1 14007506
2
1 2523917998
1 1489703859
1 4250496976
1 3124834478
1 328941076
1 1182183823
1 2531997479
1 3022156808
1 3843912663
1 2016768065
1 547975228
1 1219471168
1 1800984457
1 1949415365
1 1259680815
1 4108135210
1 1623548604
1 3002100545
1 1606381140
1 1026918770
1 2625479790
1 48080335
1 2210663219
1 2483821645
1 961067184
1 652451981
1 2566088713
1 2165896009
1 2538938834
1 3354212450
1 2761279251
1 787107418
1 658471023
1 3104588131
1 4267944698
1 3757925435
1 2199371093
1 3330243911
1 3021962352
1 2490237113
1 2292966124
1 2484331035
1 3696317228
1 1473495641
1 1243413022
1 2147689970
1 3698064687
1 827268795
1 1431864786
1 1157644963
1 1683498988
1 3167873204
2
1 3204977948
1 3226488149
1 2672461393
1 2656999579
1 1884486500
1 2499711513
1 1806637596
1 760893256
1 740648777
1 1723846723
1 2408952243
1 1839111021
1 2276004154
1 514920494
1 2404708256
1 566534681
1 1167521538
1 737752181
1 3431019551
1 1875792781
1 2152800865
1 2371095421
1 2769646663
3
1 1505631929
1 71664277
1 1941072434
1 1553144160
2
1 1861969891
1 2392910277
1 1302207733
1 3424300981
1 12615143
1 3521717225
1 3024900539
1 3682780837
1 1650736470
1 2901456837
1 3411882220
1 2348912042
1 3243555456
1 3301122663
1 1538285083
1 115229529
2
1 3894708723
1 1651375386
1 4181493797
1 1780556365
1 2406988261
1 1069804121
1 684786503
1 3729291504
1 157121194
1 1539986779
1 1502124903
1 1381915140
1 678352431
1 3635144677
1 3269893556
1 3277805218
1 1630684687
1 3925068509
1 299200445
1 1875627537
1 4270129718
1 516821724
1 2854600510
1 2594238508
1 60093124
1 3574547261
1 466392387
1 1118266315
1 1804855826
1 3823689503
1 625008454
1 276940485
1 3292018369
1 1152637214
1 2518581573
1 2714984529
1 1485502690
1 150628451
1 2225410459
1 774007852
1 1878368294
1 2433554244
1 59575349
1 2272896428
1 2069969959
1 3424863806
1 2173256257
1 1942096521
1 1280961888
1 3891107375
1 3734920257
1 88615073
1 4004442269
1 2538635809
1 979264587
1 2654828754
1 4027655260
1 488353748
1 1477437017
1 2281223083
1 1568441561
1 2460048024
1 1326881327
1 2886248664
1 1127957683
2
1 3858729998
1 977752431
1 750323393
1 1158210854
1 1723921001
1 1242563776
1 1413129601
1 3079975664
1 2747133788
1 1078523482
1 3151735541
1 988251305
1 1471209886
1 2152791094
1 1994995588
1 3479828297
1 1787039109
1 1222218393
1 4063109869
1 1730354936
1 3358063671
1 188181678
1 2585586281
1 904265587
1 2059809318
1 1228283163
1 2348693880
1 4088543970
1 2025547415
1 1280936883
1 3696911856
1 1466436494
1 3281129076
1 3958162595
1 2457289882
1 2963652066
1 2850295787
1 2390302184
1 621936110
1 1283288005
1 1449386528
1 3839922369
1 795770282
1 2325105689
1 2815539538
1 1505003595
1 3239372124
1 3312544105
1 2247417016
1 872210259
1 526706471
1 1838536434
1 3663600503
1 3097648252
1 3746175612
1 2290461356
1 790936588
1 2233022360
1 1273070350
1 1852368843
1 3181339891
1 1438607978
1 2808049316
1 2048151883
1 2952193522
1 771233815
1 3145393922
1 3679675414
1 2946827369
1 4003530670
1 2349065797
3
1 2884373839
1 2795547703
1 3024966519
3
1 2607221211
1 1044716322
1 1441479797
1 879228976
1 498971427
1 2189235055
1 824513085
1 1987545272
1 61088957
1 2665627341
1 1474454674
1 4116761193
1 2596187248
1 3762161773
1 1601282900
1 1396940790
1 1784994767
1 3678140825
1 2302605210
1 2544999103
1 886728256
2
1 4256411625
1 926833781
1 2617217084
1 1767825003
1 2027196200
1 61258486
1 1087431834
1 2783802563
1 384805377
1 1441521765
1 2368895182
1 1368121333
1 1841782475
1 2561866436
1 1341941690
1 60399975
1 2256642244
1 2937793729
1 3906747679
1 1587011886
1 2480584670
1 4128454267
1 3236372707
1 2321343304
1 3650082934
1 2650634387
1 1621285021
1 487684498
1 525149428
1 2833130842
1 2894226723
1 1744815433
1 2168611557
1 506306665
1 1591172571
1 2856811349
1 837582963
1 488223686
1 178174975
1 2880876518
2
1 3246097285
1 1118156483
1 1723991768
1 3881641296
1 3640799992
1 1709213867
1 195026258
1 36262381
1 2790010303
1 4031736368
1 1329984982
1 267946138
1 3671556486
1 2022120275
1 2091257647
1 866537896
1 1927654364
1 1232118997
1 3055840795
1 988326482
1 264961859
1 2689908804
1 2949766564
1 2627856633
1 316038847
1 508275571
1 1092989704
1 2713845974
1 3216516544
1 1034488955
1 3538883774
1 951607435
1 300334612
1 1121015686
1 905023881
1 2046140569
1 2561470764
1 1846353895
1 2858821604
1 1230966902
1 4034582006
1 2164000400
1 3598145609
1 2467332796
1 2945357895
1 4001542743
1 293384723
1 2795636595
1 3557656744
1 2980577913
1 1780130998
1 2054305930
1 2232233140
1 3064925007
3
1 2138849666
1 3072583894
1 2698035713
1 779952232
1 2995703241
1 1937092586
1 2757776596
1 3074951804
1 3159185236
1 3196332559
1 3033622023
1 1400315247
1 1678832694
1 2880921028
1 1545412891
1 2414470228
1 1501884127
1 2944195342
1 2206624524
1 1604114243
1 4263064796
1 73427499
1 2304147005
1 804212632
1 2085017785
1 1413978527
1 2351064553
1 1032416855
1 664743578
1 3663434086
1 1172119822
1 53969682
1 1108424931
1 2560752233
1 1296460560
1 4164450259
1 2245136929
1 1427860236
1 1778862365
1 1018635296
1 82133220
1 3402054828
2
1 1176426244
1 1418006171
1 1927770200
1 2031657669
1 2743025857
1 2607184401
1 1679220364
1 906873522
1 863807347
1 1045827280
1 2015753028
1 2762434273
1 1777056154
1 4038236289
1 1881343545
1 526352842
1 830431689
1 4224299446
1 2813689625
1 181731296
1 1348690664
1 2086796380
1 1429751326
1 430482065
1 1699000384
1 398773925
1 1032127795
1 849146181
1 2941328846
1 607675805
1 1367314129
1 2243837841
1 3185107919
1 626319105
1 2209642071
1 1133963859
1 2142091859
1 1703646291
1 3640570718
1 586767161
1 2897199154
1 2106754720
1 1240488814
1 1463264980
1 3919796054
1 3933352160
2
1 3919900626
1 1844012024
1 619717130
1 3612223213
1 1490935702
2
1 483494146
1 2439583751
1 4219865360
1 621770468
1 2836254991
1 3875081107
1 1265877684
1 346254426
1 4177131390
1 2864465662
1 1981684172
1 836571928
1 3928224394
1 4014551830
1 472446603
1 829815054
1 1361286381
1 344250585
1 4200903662
1 1164060950
1 1656031595
1 1232395315
1 2680629626
1 1990686617
1 4275776800
1 2032686079
1 2544190712
1 2975337980
1 740164168
1 11489660
1 2893575709
1 257220952
1 2051965719
1 3872691726
1 1017479429
1 2207664177
1 3856716109
1 2410662445
2
1 4187357712
1 1359158854
1 849867606
1 3754407977
1 3877527012
1 1537326537
1 3483066216
1 3034631430
1 1776295988
1 1945615900
1 1260127220
1 1967422895
1 3149023382
1 1558837389
1 2481729905
1 4128618380
1 1083623318
1 1662202742
1 3076077104
2
1 2749211906
1 3553014036
1 634541825
1 4181384191
1 3366088631
1 1243666050
1 2920868370
1 3449037374
1 1827599750
1 1236760945
1 2656945524
1 4204121885
3
1 1013885344
2
1 2674196252
1 366488848
1 3440547903
1 1264697723
1 4280664956
1 745529610
1 2660210625
1 1966182985
1 4237188712
1 3896471875
1 1730460301
1 3608606468
1 1050497787
1 1330815737
1 3917274621
1 3802998187
1 4026739042
1 412022003
1 1418429692
1 1947118864
1 3994244675
1 2428785795
1 2447289316
1 4252153141
1 4051567160
1 1498968061
1 2506939034
1 3534109091
1 1888980093
1 3502959170
1 3380981873
1 4137544711
1 2088065964
1 1148698374
1 913459103
1 269853544
1 3739890412
1 747731868
1 2971662263
1 2431417382
1 2239825793
1 1597445474
1 2392640535
1 38703697
1 1749047119
1 1116024799
1 645903402
1 3109514850
1 3849787908
1 1020177737
1 3881885950
1 2373082450
1 669660931
1 1373272492
1 3353631177
1 290029440
1 346038045
1 4221481119
1 1368633946
1 2638319407
1 3576305357
1 3813985606
1 1717822917
1 2711729856
1 1057100608
1 3213163661
1 3786170279
1 2992261998
1 2003532684
1 1877224274
1 3037620632
1 2057643597
1 3553309789
1 2823394960
1 1724933670
1 936807335
1 1113797036
1 341709992
1 3800907553
1 3612654887
1 1065472522
1 3376754211
1 541524764
1 1974058351
1 652892358
1 1905894410
1 700006235
1 600795378
1 2516255237
1 3940965391
1 1496968231
1 572506601
1 3897315422
1 1265712656
1 1596606544
1 1934450287
1 3242814177
1 2076154380
1 4127462296
1 1922042356
1 2198236656
1 2643061063
1 2728889887
1 154884159
1 3907333455
1 1623505671
1 1060380991
2
1 1504207473
1 3932999776
1 158748207
1 2691089840
2
3
1 451046083
1 3701389897
1 293777511
1 694095040
1 3878210504
1 3608688189
1 3800301363
1 1969129251
1 202344165
1 537847823
1 2779130469
1 1583695028
1 474330958
1 3014991284
1 4219452861
1 969853564
1 322918540
1 1123056645
1 3976433262
1 2018438688
1 1228634728
1 2142770531
1 844982670
1 1842701104
1 3261390996
1 1499324441
1 3914530118
1 3816045269
1 1962773221
1 3505821593
2
1 2021268142
1 2678391249
1 3853807178
1 1232601965
1 1146998206
1 3594788902
1 243501295
1 2607881396
1 292537203
1 920940301
2
1 772009815
1 1058282395
1 925423093
1 3849679313
1 2748603355
1 3943907404
1 1663612101
1 735287255
1 1354683719
2
1 143469347
1 3796947614
1 2524808767
1 3768362637
1 3152400091
1 1914188351
1 3376218200
1 3374211673
1 232068887
1 1158123370
1 3983054584
1 3372568267
1 470135270
1 3348425731
1 3558194190
1 376533456
1 1045665474
1 455048548
1 3029900543
1 3831785455
2
2
1 3087062815
1 3818199386
1 3295223869
1 1996331596
1 3381403223
1 1077968831
1 1013846908
1 1481590538
1 2591621711
1 1172711125
1 1522677252
2
1 673975754
1 2460649541
1 220670802
1 2427875855
1 2143870987
1 2396929616
1 2109707061
1 847960817
1 1630778205
1 598276419
1 1310601301
1 4093177605
1 2844916877
1 792830152
1 134991352
1 296504872
2
1 1374823043
2
2
1 3408441319
1 553293952
1 2404269058
1 563417279
1 3569608454
1 3880197138
1 2263524688
1 1575760591
1 3178464089
1 447793840
1 1751128900
1 1187497576
1 3649824177
1 2990004909
1 3684836357
2
1 1229389156
1 4224136218
1 11468816
1 965874962
1 3024736278
1 3703166302
1 129501372
1 1627181737
1 1561609492
1 1628099788
1 1913745324
1 1949367321
1 1456109554
1 3521338324
1 2100608162
1 4176523813
1 3644696861
1 3094689953
1 3290990448
1 2247762965
1 4177334014
1 3205424467
1 3953467512
1 1259858770
1 4202447397
1 1828976663
1 2790505822
1 1812888434
2
1 3504970872
1 3916320424
1 3011911276
1 168597251
2
2
1 1370933425
1 3080113317
1 1827949441
1 3963651032
1 1575164311
1 27559657
1 1173498804
1 199177600
1 986330610
1 3819331342
1 289481104
1 2059740308
1 2560953699
1 1356741919
1 1612288651
1 1121620015
1 2537118311
1 881765393
1 3571183134
1 1036274126
1 3554716136
1 1365276178
1 640079295
1 1257991561
1 1819780611
1 177989356
1 2338266893
1 1619695843
1 219168262
1 2146604902
1 3923904307
1 2345736684
1 4166287243
1 260525611
1 3033092120
1 95207256
1 2769511253
1 1833713876
1 2891536732
1 304621595
1 3955104590
1 2452812712
1 768189093
1 1724356267
1 2432233799
1 3150494733
1 2139113017
1 2806950729
1 1031501849
1 1443053615
1 1520342317
1 141917262
1 696297560
1 2259374777
1 903047050
1 3853237085
1 3082156132
1 169808859
1 734011247
1 1975407291
1 1989983175
1 2492507558
1 3578982745
1 2387541923
1 3949887240
1 3533629007
1 78133631
1 3602647482
1 919157777
1 1333894886
1 2128121540
1 2202899693
1 1021794033
1 1967916884
1 2369654978
2
1 1355593303
1 212669328
1 24623946
1 3111188164
1 591461906
1 745447897
1 2902060029
1 3001875938
1 1477861929
1 295212905
1 1808273770
1 958114687
1 631354680
1 1144937598
1 3575994832
1 1946292171
1 1015268590
1 2838761035
1 1179366503
1 1000035331
1 1055513171
1 2571596371
1 1654620113
1 1296902719
1 2734764348
1 1179863915
1 2453327425
1 250478943
1 3022690717
1 2116773054
1 2495864004
1 1200384591
1 2012834308
1 2027535896
1 2332871171
1 3442666949
1 4076917117
1 4039950351
2
1 86142391
1 183604805
1 2380129008
1 3349503984
1 660108379
1 169278468
1 1140218168
1 1332148795
1 216453453
2
1 3260495045
1 4285791
1 897511557
1 1410097813
1 2803677880
1 3607291154
1 2721524317
1 4274187146
1 3918240125
1 950568172
1 757272682
1 685017446
1 1291221501
1 740834200
1 1694105583
1 502869028
1 3646841538
1 2707900399
1 346680644
1 318626617
1 935857022
1 3606672156
1 1074995132
1 128360975
1 842046242
3
1 1978423671
1 4076938784
1 2645296291
1 4131043460
1 61271464
3
1 2588054381
1 2674392467
1 3413898287
1 263002905
1 1586370085
1 865523854
1 884969479
1 1369240976
1 413765508
1 1165784312
1 2884694771
1 1806346318
1 921727553
1 642492668
1 1733043789
1 691845165
1 3564510718
1 2448610927
1 1060425305
1 3864693635
1 938461654
1 4188235592
1 1333593905
1 2354711444
1 1713952698
1 491813233
1 2669748124
1 1021090686
1 669987186
1 3546949075
1 927761384
1 2829397585
1 83525791
1 1275368574
1 2308764026
1 4050264163
1 3558542857
1 1159360937
1 1651022222
1 1153365082
1 3546594726
1 320090166
1 1475511350
1 3278014070
1 3134340379
1 2899096377
1 376272601
1 448562661
1 3918822265
1 2769096233
1 252386430
1 164226101
1 415997823
1 1346736402
1 1499347689
1 360914599
1 3288528690
1 4224585246
1 3763461290
1 3493201932
1 722609671
2
2
1 3090752640
2
1 2187856475
1 3976266766
1 1938702091
1 871131456
1 1282069666
1 4069389003
1 1725814813
1 3274514507
1 1784024154
1 3300574383
1 2414662639
1 2021264609
1 3944018762
1 783317667
1 2733467978
1 3190573886
1 3930643091
1 1947936345
1 281037579
1 783508905
1 997642453
1 4004684345
1 3324048306
1 3561926582
1 2958984972
1 3195045856
1 3237453290
1 3436362821
1 3637485371
1 4204812626
1 3923732617
1 2159109293
1 3283117335
2
1 1778455759
1 3264154695
1 1865005556
1 3043551745
1 602537104
1 1094396652
1 744910777
1 1197946265
1 4256970131
3
1 2330330322
1 1090015280
1 3706070819
1 3450111735
1 3811692725
1 1564295263
1 1489247909
1 2165078355
1 3772808484
1 3145211416
1 3870216586
1 2032520351
1 3623604298
1 106048960
1 1594544698
1 2099450024
1 951814592
1 1964902359
1 3015148087
1 954345882
1 1820833406
1 3749589183
1 769089523
1 297836040
1 3621050353
2
1 688340082
1 3365275953
1 2593257321
1 19606121
1 3764895890
1 2541001686
1 1153287207
2
1 2024188418
1 3083193620
1 2592035292
1 1184266070
1 3047568180
1 237371778
2
1 1409398056
1 2845512614
1 1542781294
1 3775096126
1 3563948304
1 911151282
1 452819876
1 2767482316
1 2269366953
1 533903040
1 728081499
1 751234859
1 69609068
1 586761713
1 2102370806
2
1 3921923252
1 674952349
1 1181524274
1 1072162948
1 1666893821
1 362447217
1 3266367578
1 4057077158
1 1002218041
1 664168151
1 3832135831
1 3076344751
1 1934729533
1 3880764274
1 2588642565
1 2835862333
1 2746514331
1 2145650349
1 1399316553
1 842102615
1 3367699221
1 4271586705
1 71993784
1 1961523753
1 1184192889
2
2
1 3986306382
1 1719253193
1 2076181270
1 516408253
1 1875547735
1 1359181670
1 1419410007
1 4091361005
1 832360606
1 3065889717
1 738473904
1 3579719543
1 3700338118
1 2204838823
1 1720541501
1 2290375597
1 672350989
1 568934669
1 597685430
1 2952871401
1 3067636849
1 411240707
1 549405635
1 3462903329
1 2496017377
1 1409408006
1 2492565784
1 1392205443
2
1 3742139319
1 1752751330
1 613694262
1 499758353
1 1613081631
1 4235191013
1 377034787
1 3729847618
1 2072867153
1 1220316992
1 4077837881
1 2052562490
1 1640499280
2
1 3646847530
1 1905786312
1 4114229149
1 1746817843
1 451974581
1 3886651591
1 1928170674
1 831874205
1 1951940188
1 4135872062
1 2006655772
1 3051750727
1 390888835
1 2781143088
1 173865862
1 1356423763
1 3385635191
1 4270309525
1 4085015234
1 1529993714
1 3847771817
1 3712995393
1 4193713001
1 1149916017
1 3107672724
1 2779322063
1 1158383687
1 2385956949
1 886728622
1 3641711791
2
1 2981489112
1 1706967528
1 3286967572
1 1088121667
1 2436373892
1 2796291965
1 2713153960
1 1074294719
1 3897321933
1 394856314
1 1016777617
1 3930640655
1 142369628
1 1500992022
1 704381911
1 2425153927
1 3398391481
1 1759373369
1 1448220690
1 3240848584
1 1912437432
1 2485797045
1 3370433918
1 1748202731
1 3305242373
1 529159033
1 2402208593
1 2115365586
1 204047496
1 2317657886
1 1728194487
1 2480979402
1 266815236
1 3331040887
1 3319169385
1 43994303
1 1206464578
1 2906313784
1 489770367
1 3552141957
1 2855434937
1 4153275476
1 4096699818
1 1072088013
1 3682871936
1 3853494665
1 3327117139
1 1562458727
1 2541345083
1 392400001
1 4010659207
1 2534182324
1 1035583327
1 4027513708
1 509109490
2
1 2690568314
1 2591857943
2
1 2760576880
1 1163064460
1 2559420523
1 3848046593
1 4101184879
1 1165171133
1 2939884957
1 2467804827
1 1423041148
1 4276749858
1 2917833849
1 928550208
1 3587885871
1 3972179877
1 908726334
1 236711120
1 271417217
1 2797065683
1 1834210774
3
1 4261073427
2
1 1314102318
1 3244497217
1 3758148731
1 726226429
1 2892631704
1 2951660722
1 3073575480
1 311141458
1 3845018945
1 875897830
1 906929951
1 3211430621
1 3722517173
1 167585893
1 3005599151
1 2458340138
1 20726014
1 2582734927
1 2681117485
1 4103888068
1 4107802626
1 3323083178
1 2164066422
1 2641031301
1 2921402318
1 3576762208
1 648164849
1 1740920529
1 2151570646
1 1884409219
1 1972872394
1 4227831714
1 2646153780
1 1267499029
1 2439241517
1 3659012095
1 1048239808
1 1255837007
1 1801998995
1 755264057
1 158777914
1 2437683986
1 3508296019
1 1843894745
1 123367024
1 3009460944
1 2466082240
1 17656275
1 2299955108
1 1029690814
1 948348093
1 3589056816
3
1 3055093600
1 1510240942
1 2681869518
1 3787882656
1 4052132688
1 3456456347
1 4289311480
1 1164743275
1 1388007024
1 4062260615
1 363874584
1 3753167848
1 475330067
1 2584436848
1 3365329948
1 3235650925
1 677937508
1 120039474
1 566591108
1 556889737
1 473777525
1 1949805576
1 1371873512
1 1485134957
1 612898508
1 2306520707
1 2609338980
1 2318211721
1 42409045
1 1791642702
1 4294868189
1 1267546579
1 520910678
1 2475648767
1 2817944843
1 3767978595
2
1 2255048419
1 3578236096
1 1803404728
1 4045922638
1 2132777980
1 2490544570
1 3636847749
1 2764803687
1 599927930
1 1844867602
1 2227066649
1 361597543
3
1 4294540311
1 4289734796
1 3261913834
1 315556659
1 1289602689
1 893486253
1 3074217590
1 3117517769
1 2403777595
1 555081551
1 3697591118
1 517062742
1 4186339478
1 3720263635
1 2798669253
1 3027430105
1 52589998
1 1097480185
1 2276252742
1 4263235438
2
1 2518466007
1 3691386300
1 4060213531
1 1457590276
1 2340798008
1 2454944175
1 68314070
1 600116286
1 745001406
1 453947394
1 3531055280
1 3779442854
1 1087609111
1 321062128
2
1 2880841637
1 639975973
1 3837353166
1 816030346
1 2070165901
1 3382130127
2
2
1 3272845871
1 2272726966
1 2681099913
1 564980315
1 46471435
1 4073065001
1 190215184
1 3250466234
1 2032536700
1 215425343
1 2508528800
1 3747323752
1 7215173
1 867759528
1 2077817565
1 1303331897
1 3297758790
1 2846638586
1 166103241
1 797912112
1 388998102
1 3004983405
1 3804121460
1 711926444
1 916425242
1 481283696
1 2405741366
1 3693362569
1 61569388
1 3681547031
1 1657649508
1 2383665373
1 3632603800
1 2878342410
1 1589554262
1 1261638023
2
1 3603524935
1 3362281155
1 1958334014
1 467911111
1 3963294139
1 1440647416
1 3247340456
1 1950590561
1 3132947359
1 170631932
1 2705236111
1 216204707
1 3716069977
1 3963883909
1 1691995163
1 1037593815
1 830760768
1 1086854727
1 1877504589
1 2561378411
1 3733210495
1 3942218530
1 677405141
1 2649642785
1 3094142882
1 3187049133
2
1 295549258
1 429525034
1 3612730367
1 3930631258
1 2487484864
1 1734318267
1 1881715705
1 1833636067
1 1578544698
1 3462495167
3
1 1141578675
1 404479170
1 387547444
1 3237138325
1 4108154034
1 261582922
1 283734824
1 1039268238
1 341191823
1 3449384340
1 168823684
1 4213211089
2
1 2847293297
1 1145193829
1 863469719
1 1066845215
1 3538132905
2
1 3563078075
1 2566142571
1 1329421224
1 790474467
1 3697568023
1 700856400
1 794949816
1 312583748
1 928186651
1 2310441810
1 1007169608
1 1542298845
1 3990322810
1 227629646
1 701693037
1 2070291389
1 3439068739
1 1690903539
1 2162561463
1 4158799036
1 2316150398
1 409212492
1 639322400
1 17059850
1 3278714699
1 2093129224
1 3524851480
1 1583358888
1 2082597368
2
1 2661578327
1 2328198261
1 3609596732
1 2410914229
1 3333627501
1 776078005
2
1 2103003093
1 1234008852
1 2747431217
2
1 1562452167
1 3705610467
1 362437679
1 913300655
3
1 12904930
1 3845620467
2
1 559652189
1 1317998146
1 2046060982
1 4100761208
1 63194015
1 3477995893
1 1762478827
1 740557672
1 2758596226
1 4034931812
1 1242892239
1 1000979597
1 726688889
1 3268294447
1 4037160989
1 2680381867
1 2106590676
1 4113875210
1 3627424000
1 2825762207
1 1212175097
1 195985836
1 1692484922
1 3551385001
1 1193249626
1 4294676438
1 544832742
1 3324039039
2
1 896491701
1 651123049
1 3986395147
1 3644918795
1 1163500705
1 2828412451
1 3701566678
1 1180081880
1 1774730309
1 3132263459
1 248514423
1 3074440829
1 794198927
1 3819203927
1 1345377213
1 2274469956
1 774305873
1 619786913
1 3664909238
1 3518265918
1 1347822564
1 1814070193
1 3386532181
1 2645631701
2
1 3744365430
1 633557483
1 271344961
1 172514839
3
1 4087354382
1 3268993646
1 480889218
1 1722339797
1 3260144481
1 338578250
1 466575206
1 2918818645
1 1503242725
1 309318014
1 2885295216
1 95406459
1 487739380
1 3655214667
1 493635295
1 3037985755
1 1236948667
1 1714619472
1 3064972174
1 1619213810
1 3590166916
1 697743624
1 1307762745
1 1082113499
1 1078026582
1 1334886402
1 2627728403
1 1969199338
1 1947790867
1 1178094943
1 1632824968
1 4213301085
1 2989745604
1 2941824783
1 420422824
2
1 335424191
1 1004194716
1 3218363691
1 3090112353
1 906311715
1 2984796226
1 3729912380
1 3550532841
1 1950514651
1 543113065
1 3520061161
1 3736952092
1 1398466851
1 3297331752
1 382493688
1 3340900622
1 2880536854
1 1783599326
1 1989824005
1 3407369196
1 2473016311
1 133291643
1 3202226584
2
1 1250565582
1 953467860
1 4246447894
1 2255489235
1 2788079507
1 1016750110
1 2891543147
1 2658150111
1 939309924
1 237157006
1 1194328072
1 3534060564
1 1326549778
1 2555261280
3
1 1884862820
1 2666329202
1 1486517773
1 4204632855
1 853632502
1 4009837621
1 1207591461
1 737075058
1 2390981946
1 880282889
1 639572545
1 2121119678
1 3237744182
1 1254582389
1 3154671213
1 1671630489
1 1660636225
1 1525761408
1 3487089650
1 935875131
1 339177462
1 1472039443
2
1 2647186321
1 2774453608
1 2217630314
1 843867304
1 3821571989
1 3675556488
1 3878704030
1 2262304353
1 1771556173
1 1710452604
1 2315168298
1 302588023
1 3449288552
1 334801552
1 1239337716
1 263179657
1 1525568942
1 1158932492
1 3114119957
1 3740610309
1 1577359682
1 2341161743
1 1273557420
1 868120463
1 804733266
1 4158749722
1 4206643204
1 1572180487
2
1 4136736323
2
1 69842829
1 3038973657
1 1221387574
1 2558581628
1 3952935860
1 2512179616
1 900573947
1 1303737887
1 3094348117
1 347134500
2
1 1718771576
1 4115515289
2
1 916635358
1 1433948887
1 2968024168
1 286870666
1 1428430821
1 3276752653
1 3423260949
1 1382261866
1 91915600
1 1778842130
1 3526229293
1 1281073390
1 3271866776
1 1467509125
1 675415247
1 43756731
1 4183474236
1 132501761
1 4015330633
1 2415792368
1 427266665
1 1557484254
1 1120505841
1 3440547760
1 3526925542
1 2612626754
1 38632335
1 539360444
1 1340550593
1 3331830901
1 2627898072
1 2606407419
1 3216737038
1 3282857922
1 3374113241
1 3873277463
1 144650360
1 1430900466
1 3002293456
1 3478882540
1 2146001956
1 3885642562
1 3223135081
1 2082400568
1 1235748376
1 3086704700
1 1735393155
1 2336209962
1 2876354081
1 2231717334
1 3050365099
1 3017647705
1 3590362331
1 2069486571
1 3337095753
1 2313781652
1 127517717
1 1098203734
1 195880625
1 2201235698
1 1258990818
1 186585659
1 3106447752
1 1456325957
1 1137644057
1 2452202779
1 2085365016
1 373133160
2
1 1423411744
1 3391280624
3
1 1082615699
1 4154657347
1 3765085611
1 198981102
1 3467012231
1 1381233067
1 3517909078
1 62616418
1 2781976008
1 2388084957
1 845519790
1 3799609070
1 2104135516
1 3122127589
1 87838240
1 1642692014
2
1 2518483210
1 855893794
1 2737754101
1 3143304980
1 1186563014
1 1608303832
1 2694407817
1 1424209859
1 4064144723
1 1364157694
1 3753267104
1 2031605041
1 3020615709
1 3547238842
1 2666849790
1 3576018091
1 4092655554
1 1705657162
1 2915283347
1 114449747
1 3778735462
1 1888259210
1 2619601090
1 3661759438
1 2931289186
1 2761575020
1 2584532270
1 486233002
1 2354486386
1 2362381807
1 942592859
2
1 46988582
1 1757463817
1 4249120759
1 910125174
1 3461058899
1 4058163826
1 1142221879
2
1 1010222674
1 3866185554
1 3336150274
1 2256850946
1 3503678191
1 1948874368
1 1903850549
2
1 2900406244
1 3933941709
1 324922176
1 1315307700
1 2521948380
1 1704847051
1 3951249532
1 412308040
2
2
1 3893546624
1 3003723421
1 1315300503
1 1363490607
1 1136688877
1 711590113
1 1210568709
1 1262402513
1 4090943620
1 1432510875
1 3621094387
1 2856497789
1 3567307380
1 4198534382
1 3190137031
1 3907614975
1 643824824
1 57364952
1 584528591
1 3357527182
1 967420353
1 3379226141
1 1790459635
1 2241224879
1 1522591692
1 168159476
1 3580916820
1 3559370681
1 2990929080
1 3832538299
1 3153347870
1 2630655140
1 1351538231
1 3825892043
1 2429655402
1 779818923
1 2174455655
1 1026906674
1 1085712435
1 4049047677
1 3955001065
1 1682311983
2
1 1541090983
1 1428901706
1 178936458
1 1692686669
1 1317665928
2
1 1046175792
1 1428044633
1 2987597340
1 1697759485
1 675184986
1 681441326
1 2281987769
1 116533589
1 1074418850
1 2919070556
1 4056263665
3
1 1470029086
1 1742361023
1 470727850
1 2194381479
1 2691255876
1 997650514
1 991556434
1 696590201
1 2190451899
1 2284417772
1 2035557310
1 2971157315
1 2800540300
1 2111205150
1 2869718570
1 4256472475
1 917524911
1 1644298237
1 4256341882
1 3243624662
1 2808204354
1 2203625364
1 2435255384
1 387516953
1 2307077330
1 487615084
1 2450649506
1 592234095
1 1041943998
1 3224003453
1 4130422811
1 1061715591
1 4019876531
1 3720446119
1 3475783665
1 748495164
2
1 371712432
1 16107656
1 3218077609
1 2845993025
1 90536962
1 454751536
1 630043789
1 3570814537
1 2038641948
1 612373082
1 1501933990
1 2792924599
1 2172038695
1 2181402010
1 1438360419
1 2229596135
1 1725681208
1 549910053
1 3586466603
1 2767294772
1 2651667574
1 16360942
1 2838679941
1 503066676
1 2675269822
1 1631113012
1 766163965
1 4151531517
1 3221013707
1 1848502305
1 3057752259
1 3079317383
1 358412916
1 4112254042
1 3027210410
2
1 1464635838
1 3888192891
1 2876009410
1 1056054968
1 677471692
1 4225236366
1 3882792022
1 1182654801
1 1097803478
1 1289116788
1 2418878517
1 199056940
1 2933775956
1 3020637866
1 2551267630
1 3894135663
1 3182493870
1 3899070485
1 720746563
1 733360043
1 117945790
1 1652506525
1 4069624849
1 2714877921
1 1826743839
1 2693296170
1 350226659
1 1983527511
1 680378224
1 4091206746
1 1032580646
1 1132663924
1 3938210098
1 1673726137
1 684217902
1 2301765780
1 3131930874
1 3625570598
1 3338587635
1 3361441203
1 2087303991
1 3753619831
1 498353489
1 2519258500
1 2700620864
1 1007537251
1 4250734067
1 2559684194
1 3109137222
1 3166100406
1 2847193092
1 3989689721
1 155402264
1 2385466070
1 304504439
1 4063519821
1 738415316
1 1954574693
1 1830769543
1 657136814
1 1391066204
1 2681012673
1 253369
1 175102654
1 2306487867
1 1659647995
1 818924490
1 1016241004
1 168123326
1 4186418461
1 718198797
1 3931055648
1 396868557
1 550273560
1 1639979136
1 3377288407
1 2833294051
1 885105959
1 2902657954
1 2203610433
1 1939417727
1 1627711625
1 1785954847
1 1602696440
1 3153285856
1 415582782
1 2719110184
1 2971711233
1 774153224
1 2953330291
1 3209972345
1 2340563764
1 667484566
1 128716688
1 4146907852
1 1910210413
1 2430581093
1 4132148789
1 4281504204
1 4184384368
1 4190405193
1 2852372705
1 2956604128
1 3777468977
1 1702798938
1 2056139092
1 2485761506
1 171272818
1 1365877307
1 3632408830
1 2636349281
1 2483781298
1 355664484
1 1470621291
1 226358926
1 4033427317
1 734049919
1 1052561637
2
1 1791559576
1 553122195
1 1532189736
1 2264970701
1 702462703
1 1627952714
1 2775128583
1 1402924683
1 48012140
1 1978363864
1 1021211239
1 2634182626
1 4092553231
1 3056708417
1 557245657
1 4075151289
1 3807238542
1 1337251078
1 1501861505
1 3322765629
1 1541528103
1 4185502491
1 4003212672
1 655370848
1 1417619932
1 1143566720
1 3452330138
2
1 2505156525
1 964607501
1 3039505129
2
1 2392971867
1 523925958
3
1 3613705504
1 1512738002
1 1336288214
1 1756951176
1 3769596740
1 126617419
1 111317001
1 3504629279
1 506961867
1 576375360
1 3822971061
1 531923551
1 3887905714
1 3567548907
1 3947805530
2
1 1341841460
1 940832019
1 501059041
1 1103131868
1 3222618178
1 1756845873
1 403339881
1 4121641770
1 2865814921
1 2096292102
1 3706954462
1 2321657489
1 4243824340
1 3311423085
1 4166383526
1 176150504
1 2629855405
1 2836762236
1 3068416950
1 3276975028
1 814335057
1 3916122689
1 1914806597
1 2984891460
1 3507191450
1 4256912305
1 589669083
1 2945970969
1 1618565154
1 2419840640
1 3745644024
1 325177965
1 4275696749
1 2595897744
1 488806942
1 2715294598
1 684486472
1 1471810536
1 3157538492
1 668512035
1 65902176
1 3826800701
1 2517996839
1 3232084246
1 3588927781
1 718446961
1 58024209
1 711666917
1 3526174769
1 3092645454
1 1401811149
1 3843857639
1 1324523691
1 461732057
1 3164162358
1 3305759561
1 3179870589
1 3872807780
1 3820601770
1 2199808187
1 2853652713
1 119134363
1 2745949696
1 3654589368
2
1 1649699617
1 4265402499
1 100182994
1 3039302880
1 3142885943
1 2950508896
1 1192339055
1 2236279685
1 2210286691
1 3154044285
1 632925712
1 1764182310
1 210575483
1 2429426815
1 1867546634
1 1308521591
1 670312019
1 1513239868
1 2578886990
1 1016848795
1 2164607673
1 2294790769
1 895029286
1 4223214398
1 3036138411
1 3884850074
1 3123244680
1 4083346567
1 1699572024
1 1858564751
1 4260965063
1 929379855
1 1929545273
1 3903985847
1 3033967837
1 1280341717
1 811572722
1 601552419
1 3311786773
1 2529147844
1 3015971036
1 999463420
1 316148181
1 868880790
1 3024181522
1 2254702401
2
1 2773748760
1 3370889269
1 813142315
1 1101771064
1 423909099
1 519270938
1 1214045574
1 4256316197
1 3304735527
1 2041011928
1 4162807683
1 31168622
1 4151058359
1 3643586698
1 934529466
1 1612686289
1 623238150
1 3008446980
1 3481114526
1 2014232
1 752211683
1 1062836253
1 3476276735
1 3706735734
1 3011609696
1 4090690742
2
1 1299678874
1 3757466269
1 488816525
1 988319526
1 677288872
1 3266000113
1 818166841
1 2831046802
1 1094020300
1 1774648918
1 1805130016
1 864774033
1 3642002805
1 563279997
1 2172334413
1 1577126207
1 608356053
1 2757955437
1 3349821603
1 1979302000
1 2131095022
1 2811889558
1 2347380778
1 2863654636
1 9036761
1 2822044991
1 2150197987
1 3091635144
1 2450448205
1 1317127343
1 2101367998
1 774598940
1 3020206588
1 562847910
1 2752676178
1 3738427080
1 2412153810
2
1 4033338174
1 2884120970
3
1 1178556088
1 2181605549
1 4100609959
1 1671866329
1 2634353238
1 4291918292
1 3886584475
1 1167721912
1 721314919
1 1119593268
1 358838294
1 295682492
1 2656611539
1 2681187170
1 2241840443
1 2293345069
1 3422331464
1 4266120155
1 1532655691
1 1681254883
1 4032449819
1 734913290
1 3990584342
1 2489479062
1 1330689698
1 825767110
1 4025598439
1 3929985238
1 1264322637
1 872594480
1 852850089
1 3402084195
1 1899898390
1 2140151106
1 1683320901
1 3743670653
1 2618234057
1 2966139109
1 492129456
1 3434046379
1 2855186317
1 2825189644
1 315707519
1 3911763721
1 1478109003
1 782602486
1 2260422850
1 3505272103
1 1097776644
1 3320255248
1 703699765
1 2755065184
1 1546092666
1 4272476606
1 3349878975
1 2032231860
1 522706942
1 2774397890
1 462125186
1 2777642826
1 3499073306
1 1392720974
1 798281406
1 2607537172
1 1080999808
1 3529987791
1 2782815847
2
1 3465421428
1 1626216095
1 1093897498
1 2774126050
1 346249829
1 3069184876
1 2976058947
1 3827724502
1 34428924
1 1672761569
1 2447934474
1 84236795
1 3104088701
2
1 835504938
1 1479488696
1 1697152040
1 2077337547
1 4251873733
1 391301760
1 2066156913
1 4167494677
1 3730332531
1 2832461870
1 2191643339
1 872686957
1 2832084631
1 180041005
1 993226525
1 940692695
1 4079412796
1 3038540043
1 3506673235
1 536912478
1 4078455768
1 1665545021
1 2732458405
1 744578830
1 524156051
2
1 1246309177
1 2805990773
1 1517524843
1 252297552
1 3162641539
1 2577071991
3
1 3331820659
1 3019887963
1 2693836601
1 482139660
1 2499532415
1 2023005692
1 2816045322
1 1225870013
1 103723460
1 1124539198
1 766435639
1 4277407020
1 299530488
1 2485462967
1 2227794173
1 3916566197
1 1105963657
1 837226015
1 3370617257
1 2958112426
1 276990812
1 812926053
1 1665495987
1 2431746598
1 3315696132
1 3762500873
1 1156127897
1 2966695301
1 3595737667
1 814877623
1 2191963112
1 1046870721
1 2966887246
1 1834389157
1 615346476
1 1395981676
1 4007233296
1 4068530209
1 714296236
1 599980903
1 3416634892
1 2351797625
1 4052509756
1 4240429171
1 1405204627
1 2116748880
1 339609541
1 1539870825
1 3111472174
1 240445388
1 4080887879
1 4142776058
1 3236568666
1 3749584504
1 1868635668
1 4157208527
1 3291391505
1 2717024119
1 1911982444
1 1627910512
1 2880765778
1 3564748679
1 3250135673
1 2100533381
1 2506624398
1 1513252287
1 1315244489
1 1116436545
1 2725939580
1 144311890
1 51615832
1 2016543356
1 2942729002
1 1948479643
1 3215496096
1 2547420433
1 299544142
1 3489414419
1 3010083101
1 1038061714
1 2120183649
1 1587214003
1 900819627
1 454940519
1 906125877
1 178734781
1 2272322339
1 273511294
1 196817367
1 2021077140
1 1872959474
1 1517701100
1 1195940132
1 194820346
1 907152830
1 1133436998
1 251664392
1 882690709
1 1668981964
1 2719152811
1 885752004
1 2370755381
1 675539927
1 813904555
1 2062892966
1 1576532201
1 2349964484
1 2038345903
1 2637138782
1 264991502
1 1838255803
1 3206167451
1 698306156
2
1 1627403532
1 1709960374
1 762340460
1 2282914849
1 3765053146
1 3984520940
1 2082462742
1 597549165
1 2752474016
1 2355011190
1 246881746
1 2317054563
1 1529597776
1 3961322917
1 1910912646
1 4075386006
1 174170798
1 2585150511
2
1 1058524257
1 3923059618
1 2248009907
1 2960997830
1 4173421232
1 179075286
1 1221236149
1 3754967385
1 1240075328
1 369386613
1 1257335213
1 1861406105
3
1 3075489295
1 2273713618
1 1436169540
1 4177066437
1 3658961715
1 3836301502
1 2191941986
1 704373701
1 1542493473
1 4092355414
1 3234417167
1 1394156412
1 576907962
1 120327318
1 3811622446
1 536870632
1 603605823
1 989043192
1 1033191528
1 2571127017
1 2234422249
1 1069477517
1 683119566
1 2706498852
1 3053482594
1 988578062
1 3523223891
1 2357684385
1 2757501818
1 2803634352
1 2770730705
1 1716246329
1 1660486387
1 2227536594
1 2653033037
1 2798817784
1 1094754077
1 1639457694
1 3018804175
1 3784397437
1 3261221909
1 2604650548
1 2581059045
1 1391563982
1 1934497256
1 443675982
1 3333478524
1 3059718793
1 3595719667
2
1 771752744
1 2027789849
1 1603237934
1 2853156650
1 1957501480
1 135747643
1 165537062
1 1421769881
1 1427628555
1 3378078403
1 1907490834
2
1 2453308431
1 3585092178
1 772362763
1 4220244618
1 374546108
1 3424024312
1 2747536971
1 714032389
1 275066677
1 3638532620
1 982097708
1 2646793358
1 1284288986
1 3419206505
1 3900050319
1 1264600640
1 3463468117
1 413448621
1 2575266701
1 1197364136
1 1060813768
1 1456552567
1 2032177496
1 2318866665
1 1216539676
1 3176638903
1 1401191574
1 2141052696
1 2076831724
1 1162035340
1 1534486793
1 3192428716
1 91941535
2
1 622761575
1 3639768609
3
1 1437099344
1 2751055636
1 2203061558
1 440232382
1 3248737529
1 844930085
1 1664013599
1 1151152575
1 2421851241
1 3863399554
1 1662188260
1 3938287072
1 136160518
1 3140230014
2
1 1956067682
1 4068173563
1 945254729
1 2945947407
1 490286372
1 2583423190
1 3542582327
1 1371650108
1 3179609513
1 1649456914
1 3168823816
1 3584061335
1 4132325814
1 77545746
1 1406920056
1 1698820176
1 3534758196
1 2301527242
1 3961703162
1 3324433096
1 2783390700
1 3636649494
1 226101842
1 3889516123
1 2497985109
1 388984696
1 2789209668
1 2510967109
1 2602675359
1 2467060252
1 4236123407
1 3754692784
1 192926251
1 1175787353
1 1877702908
1 216753038
1 3495526854
1 1607249756
1 1083271253
1 2785007282
2
1 4039234818
1 3238389826
1 1374024593
1 2325364184
1 336615897
1 3249521814
1 1449051392
1 1876774579
3
1 4243486400
1 2345076306
1 3477817420
1 3201792994
1 4055332375
1 423433826
1 4183059902
1 3114997151
1 2372458491
1 2738242727
1 180013005
1 1027309253
1 2768035488
1 2016030266
1 40882414
2
1 48199616
2
1 3337865700
1 996689308
1 2296662131
1 2845415996
1 2622878749
3
1 2692110761
1 736883307
1 2188652400
1 896536689
1 1037117736
1 37462378
1 3017638253
1 3510421714
1 1300891526
1 1378140527
1 77016761
1 168579306
1 3834478926
1 1738433857
1 2801052417
1 1551549287
1 2053063708
1 2762437056
1 3963189088
1 1263406227
1 1217816533
3
1 3498797371
1 3415897977
1 3257498418
1 1164237099
1 3611288206
1 813843800
1 1886977497
1 743833038
1 211467180
1 577147897
1 2023099652
1 3585691828
1 1018804174
1 4292777253
1 3265395967
1 310771778
1 2856012687
1 2298710050
2
1 1982892442
1 597797359
1 1744027618
1 3824374283
1 3427770867
1 3995641475
1 1827137916
1 2386451606
1 3980375762
1 1038565834
1 2601479553
1 1955851189
1 2430687619
1 624479412
1 624514661
1 4089525165
1 3669486364
1 2889570929
1 1496577560
1 142501112
1 3749293137
1 2628362430
1 592636993
1 2320706848
1 3716683431
1 1573960119
1 2342814411
1 2503230817
1 1810013520
1 2297612734
1 1833474673
1 2153001165
1 2357178387
1 3555887713
1 2483913589
1 938874815
1 287144942
1 6260696
1 1544168662
1 1453355572
1 750161458
1 3176384469
3
1 529234340
1 846177054
1 2388338546
1 1355000366
1 1513487038
2
1 650933885
1 3514271270
1 793309985
1 3138910002
1 3556003054
1 2669172858
1 3562479471
1 1973673050
1 1579532646
1 3844385074
1 2619607071
1 2651786689
1 473130724
1 3088291387
1 115325739
1 1740095426
1 313464119
1 656758554
1 4193752134
1 4255642081
1 1760469392
1 833049998
1 586449247
1 4263562436
1 3226084805
1 901064944
2
1 1022444121
2
1 695959384
1 3981004693
1 3355925944
1 4287886166
2
1 861014968
1 1690167832
2
1 3167888691
1 691009417
1 4201564902
1 1071133943
1 1954860735
1 3482752435
1 1144883146
1 3747517323
1 2751720965
1 4169639155
1 558173969
1 3612930249
1 164040825
1 318536199
1 1665849505
1 948211167
1 3411748424
1 121933915
1 2974330839
1 91777716
1 4083871503
1 2162102860
1 396661478
2
1 648228347
1 132621876
1 1793972956
1 245666059
1 1641296885
1 2028897175
1 2603042570
1 1767729473
1 2397513393
1 1666159805
1 4099727583
1 3069904931
1 3424580994
1 399329089
1 4138350583
1 3828843280
1 614699361
1 330014717
1 1867060441
1 444625410
1 2875311765
1 467493439
1 2067097732
1 394781871
1 352700943
1 811328033
1 2604689023
1 3285659992
1 3169184191
1 2543714469
1 3642960557
1 168786125
1 3347673821
1 2799350051
1 86701097
1 603022413
1 4252509737
1 1272700389
1 3489934837
1 3223116948
1 827362496
1 3390523519
1 2373120282
1 303605190
1 913491835
1 274384306
1 2822692366
1 250150877
1 3496897365
1 3616295894
1 1456629518
1 1697021464
1 1448339301
1 1067517696
1 2644589369
1 221727855
1 1907157584
1 2621328884
1 2528169892
1 1354473081
1 3932094182
1 3007886798
1 578790101
1 2791244297
1 3625421759
1 2998438852
2
1 3723216440
1 2516062170
1 487054607
1 2459358385
1 1041300847
2
1 2427671047
1 3125669168
1 2100308620
1 3921798015
1 75129971
1 673188291
1 1843274876
2
1 875316626
1 1075088094
1 1021230187
1 3057989904
1 249873367
1 3699293875
1 960320039
1 1299300337
1 714619953
1 131745451
1 1857517740
1 578018888
1 4130789923
1 2995572070
1 4048727887
1 2786807243
1 1586855774
1 1551499278
1 3084676742
1 2155937327
1 2247486862
1 358379870
1 3989551364
1 3271633286
1 4152075441
1 2950312113
1 144109748
1 3642616962
1 815946973
1 2741580463
1 4196830453
1 1340887894
1 2591105421
1 1660971208
1 3766312620
1 1375161358
1 3523542169
1 3626412949
1 4127393248
1 1350609921
1 1354941463
1 849479164
1 42955072
1 747522493
1 2080898998
1 738150480
1 3020207118
1 1453664847
1 4124595532
1 3823809641
1 759835701
1 3839170449
1 2825072833
1 3325329453
1 3842745475
1 2159057054
1 4200864835
1 2840644415
1 922368737
1 3735415407
1 3915014556
1 832462934
1 1807075547
1 325706464
1 421591014
2
1 2812708993
1 2205522326
1 2850684499
1 2525008409
1 1204509368
2
1 1203108937
1 2109346910
1 496434978
1 207882022
1 378081674
1 3108727185
1 1105784599
1 3622045717
1 2403498763
1 3082978701
1 87691963
1 3631661687
1 1135269130
1 3963937501
1 22599633
1 348115434
1 3348929773
1 2820746241
1 1198860529
1 2455005907
1 2002588928
1 2240724005
1 1238369046
1 858729911
1 3913868650
2
1 1843875734
1 2574991829
1 2769102834
1 3071163998
1 2009620526
1 425866060
1 671107549
1 2890162486
1 2282582326
1 4215137125
1 1729288149
1 954720294
1 1982256354
1 898795455
1 3480963980
1 1082539264
1 2738464085
1 1046040898
1 727381932
1 3331062505
1 1141555950
1 171723828
1 1986686234
1 2625149891
1 663015920
1 1446135589
1 393943199
1 3414512569
1 2022235663
2
2
1 1118562059
1 3004612785
1 2213733049
1 510397039
1 319211099
1 9749888
1 3809186830
1 43679992
3
1 4255320072
1 2447767417
1 3697070071
1 472492917
1 247795422
1 4096057643
1 2425079119
1 3524853465
1 3696283592
1 3003800055
1 2613448055
1 1604298764
1 3348855372
1 1210874551
1 25401295
1 4020694188
2
1 569298018
1 2742882355
1 361014472
1 380816735
1 372914700
1 588919294
1 1647857833
1 3578666905
1 1093836678
2
1 2315421595
1 3479252591
1 139424392
1 1177735547
1 95855139
1 1889515168
1 907547116
1 671777781
1 2467356860
1 2113196286
1 493224437
1 481579244
1 3903970751
1 477992571
1 174647479
1 3084276072
1 2225917395
1 4002785288
1 1332407169
1 2832274569
1 2932246757
1 3179729248
1 397570389
1 105575657
1 3546100827
1 3618666192
2
1 2926232787
1 2096262286
1 1460866837
1 1627722066
1 2393288602
1 3930952275
1 3730445906
1 150229916
1 2491124525
1 2237618538
1 1033993699
1 1326896570
1 3778313316
1 2804180209
1 1790948608
1 346202794
2
1 1621740957
1 1623879317
1 3739505765
1 4187897
1 2523499552
1 4214659657
1 239048721
1 618537640
1 3779568588
1 882540111
1 3320586911
1 2588191837
1 617082069
1 2611229404
1 924137991
1 3445450688
1 312148589
1 3784102311
1 2469925520
1 3993684479
1 4117362445
1 4186810337
2
2
1 1530198720
1 4288316822
1 879542849
1 3126859253
1 2026633841
1 4288519243
1 3991803348
1 4029085610
1 539627642
1 2009743491
1 728793127
1 518555885
1 371520158
1 2931834050
1 1741962849
1 270962102
1 1585494254
1 3090824801
1 848696188
1 2703716783
1 3110173292
1 1372634895
1 3074705575
1 4080311273
2
1 2776055758
1 2400351573
1 3492490133
1 1368552038
1 2709067250
2
1 2841228866
1 1895851772
1 3238512501
1 2891731205
1 973067014
1 633446219
1 2026432225
1 355935188
1 4117443185
1 745892136
1 3992337985
1 71873767
1 1247875277
1 1488132685
1 3577339433
1 919824857
1 726186711
1 2970865437
1 3452193909
1 85598660
1 1881215449
1 1038773495
1 1869963719
1 3296715446
1 1576501850
1 3285102725
1 2242469062
1 2653324584
1 1232264258
1 1672131562
1 6650016
1 3018871976
1 1605785230
1 3799858250
1 2215980846
1 152151334
1 250156165
1 3986683733
1 4200678076
1 905889832
1 1687181416
1 2734506836
1 4147122986
1 2359644390
1 2952774337
1 2947709925
1 2282545547
1 2598972604
1 3782635715
1 3559325715
1 3362511805
1 2170855579
1 2397343859
1 2423332086
1 3428151227
1 771303909
1 4125093594
1 3166743535
1 2194911303
1 1784279729
1 2747601168
1 2378199054
1 2549516761
1 1723208736
1 3535141099
1 1108539923
1 828975026
1 2420258233
1 3559297132
3
1 3160003003
1 3396075089
1 3546744891
1 1755674571
1 177243640
1 2722634895
1 1654404899
1 3333158245
1 140485953
1 4156746065
1 3358031860
1 110279693
1 1540753728
1 3650569555
1 1825832580
1 3838838437
1 2329913903
1 198983643
1 1992846896
1 2350897051
1 1758147450
1 2464747650
1 3095611826
1 3548254525
1 2870082515
1 2733938323
1 1319385270
1 3926812887
1 2572633369
1 1593386665
1 2164888594
1 685169315
1 1381247694
1 605899948
1 3815785054
1 2581109364
3
1 2245577128
1 643942669
1 1764202684
1 1792922922
1 519535062
1 2389378909
1 449779865
1 1704764165
1 2177875627
1 374062451
1 2139701973
1 335806468
1 1438374491
1 2270408938
1 3085315095
1 3374267711
1 3951329432
1 1266136814
1 3928737842
1 2890549995
1 1996904709
1 3319434819
1 2373159323
1 1298986576
1 1019282978
1 1760319725
1 886090882
1 4229653253
1 811233135
1 3415247416
2
1 4290672102
1 2429700736
1 1475021929
1 3170409142
1 1197747511
1 2161001100
1 2765931303
1 1491682175
1 2959040242
1 3507426046
1 1271021219
1 4163462920
1 983597504
1 4024454139
1 2948692847
1 2041847784
1 1043894595
1 4008767846
1 1804114303
1 1874811615
1 226936359
1 1006361202
1 439038368
1 417599695
1 906407057
1 624576086
1 4061289237
1 1622633831
1 3081953969
1 3389007272
1 1820891782
1 3323362589
1 3027687037
1 2673313699
1 3917512567
1 1547482234
1 1219598289
1 244580772
1 2859874664
1 3307185972
1 1728035440
1 3245275854
1 3881007378
1 861618513
1 2409270087
1 790639547
1 734791525
1 106679060
1 189104420
1 3724309633
1 637142398
1 1555159624
1 2280996548
1 3533942566
1 2655591925
1 2590253501
1 145039037
1 974315788
1 1979047052
1 3875596914
1 2081242150
1 2748879467
1 1257093277
1 1966224314
1 2545850574
1 2597206199
1 1122467972
1 2904465094
1 1031657941
1 4174976443
1 4128522934
1 3296268864
1 3437150290
1 579104639
1 3877026100
1 2284952228
1 2304645113
1 3483440797
1 590181791
1 3244465325
2
1 4230465377
1 2020222713
1 600107486
1 2543642994
1 1324923248
1 1461891821
1 4122221869
1 723178763
3
1 2438038256
1 749270781
1 979880200
1 575252412
1 1156534674
1 556397689
1 3739430730
1 3582029780
1 3650545987
1 1460471337
2
1 87529776
1 314091378
1 2021519202
1 3560459877
1 557614590
1 2725905594
1 2783839107
1 610850149
1 1763325092
1 780579807
1 239589999
3
2
1 804566255
1 425866702
1 2632051093
1 3280781242
1 990818018
1 3971262520
2
1 766161071
1 3277046969
1 1570681794
1 255614678
1 1461456588
1 1371956855
1 2838239303
1 616377519
1 3510150834
1 3595915833
1 1846440136
1 1614054559
1 3287402186
1 1045021421
1 3507844839
1 1147626360
1 2085159926
1 1899891576
1 310814349
1 2376689254
1 3925524261
1 651685688
1 2137850095
1 222476497
1 2095046959
1 864779476
1 1618607644
1 1689403464
1 1528111038
1 3330173414
2
1 2856689642
1 837716770
1 332387290
1 1994342650
1 468270495
1 1852611673
1 2961333714
1 3569128599
1 1513621961
1 2124309041
1 2341232399
1 1952815254
1 157222035
1 2356323295
1 4029675516
1 4021545050
1 882541154
1 3788870198
1 1642159733
1 3542707166
1 1586682075
1 2545534729
1 844168891
1 3732254102
1 1313396770
1 440099148
1 3202005167
1 928650278
1 1086781799
1 2944399759
1 1374586825
1 1628372201
1 1885384144
1 2295930100
2
1 3519276571
1 3302459576
1 894864140
1 1113065877
1 2823344810
1 1671752779
1 381957451
1 3685630150
1 3605692342
2
1 1153255168
1 2245764706
1 237890307
1 357883997
1 4237527531
1 2766492862
1 3544779344
3
1 1345758630
1 3374705311
1 2919609791
1 3351028910
1 2572579095
1 4195949212
1 1444732348
1 3125060384
1 142391415
1 2334983403
1 694218705
1 4069226328
1 2549682682
1 2911860186
1 3621168643
1 3444552313
1 31607897
1 3473863827
1 4201022546
1 2580142257
1 3702527630
1 3605953858
1 3220634859
1 4091255440
1 130752287
1 1545639177
1 977311886
1 659247389
1 285977356
1 2393223188
1 318372163
1 2974209494
1 1164966389
1 2470787390
1 188994884
1 1977221951
2
1 4237300127
1 1316468532
1 2142956542
1 3222613235
1 617944326
1 936614308
1 2793990983
1 3025585806
1 3449301463
1 2949873905
1 2255260631
1 163579716
1 1227044275
1 748956839
1 917817465
1 57524275
2
3
1 1181645056
2
1 2979893159
2
1 3051541209
1 242627064
1 501450812
1 3387059022
1 3840387674
1 1691878899
1 2737900737
1 530675382
1 140602019
1 1102173908
1 2378219878
1 4290963272
3
1 3947422858
1 1287190564
1 1263878468
1 2414494973
1 1572332074
1 3592474240
1 1943473493
1 1073383959
1 2123329741
1 1580862625
1 1324831171
2
1 1050338423
1 1890432980
1 2396904272
1 2621318117
1 802689829
1 2813678442
2
1 1313359974
1 2554508768
1 3029803514
1 3023088117
2
1 3261051965
1 2528757339
1 3156474685
1 668427372
1 1427668922
1 1568733819
1 1723579216
1 1863930304
1 2253069795
2
2
1 1182708232
1 3255940915
1 1187905148
1 1600359743
1 531342493
1 2011000176
1 657178295
1 2787123635
1 836558374
1 763355288
1 3785043623
1 334880919
2
1 2344428941
1 2982710642
1 1852893712
1 3669988701
1 3474062366
1 3978561848
1 1859214386
1 144597511
1 741312465
1 1488501507
1 2825449304
2
1 4193562875
1 614492648
1 4145662320
1 3803093420
1 2022612233
1 3409305853
1 2435335037
1 2992902399
1 2935692618
1 3423373543
1 285212898
1 266523069
1 1515423105
1 3207996767
1 1156324750
1 4260923712
1 1371233775
1 1871493667
3
1 2521907515
1 2981951867
1 1509253475
1 2803137950
1 54078839
1 804954427
1 3220405451
1 387623915
2
1 365487462
1 4064553903
1 4185792830
1 1759748654
1 2359141074
1 3334848154
1 3273237709
1 2602353605
1 3835078004
1 1925595478
1 2187966479
1 3221069085
3
1 800839883
1 4130946252
1 988184638
1 3617632463
1 682533977
1 2400680337
1 1752790339
1 45063574
1 2025803350
1 2312042161
1 3966904933
1 3394650439
1 2245186511
1 2323080325
1 3212187354
1 3133166391
1 2811352352
1 4130280974
1 2157250862
1 2068454790
1 4245970191
1 959736720
1 1492715318
1 871133196
1 2792247886
1 3955991485
1 2317440139
1 1098211382
1 608016138
1 520406515
1 2842721169
1 2995979458
1 1422196928
1 1776338922
1 2618564465
1 630029982
1 706522908
1 3544401967
2
1 4084459918
1 4060316255
1 2296286508
1 3813031184
2
1 1516815605
1 329852286
1 1356627338
1 3423499548
1 2544982017
1 2727151558
1 3767759756
1 1015229305
1 1238789661
1 3422586953
1 3492605528
1 1715894951
1 1481713090
1 1461212950
2
1 1349645573
1 1685832044
1 3267525256
1 2078605212
1 3041130523
1 2254167672
1 3138039754
1 767664152
1 439428444
1 63126690
1 3593791944
1 4131794180
1 1719623459
2
1 3730267051
1 1117397547
1 1191873593
1 636419887
1 2072568543
1 2861098292
1 767724202
1 919205533
1 382933053
1 4122742955
1 1370189910
1 1576727153
1 3712112164
1 78840255
1 3099549405
1 3728932964
1 262695810
1 3674914791
1 1875543547
1 3020460582
1 1043278651
3
1 1196284425
1 1586296075
1 2572039770
1 1595652679
1 3167159303
1 3397739243
1 47986699
2
1 3994629704
1 3527698520
1 3405089478
1 3665111682
1 1218556800
1 2029887022
1 4011485942
1 2857471517
1 1781503864
1 1287485732
2
1 1155281390
1 4230003299
1 3342828065
1 1530782988
1 2278406902
1 1223957841
1 1377428331
1 2063392601
1 3853042038
1 1921093735
1 388033287
1 988160450
1 4198198823
1 587691757
1 2849087674
1 3199673626
1 3939982042
1 720968413
1 1428569073
1 321763598
1 633837296
1 2928388093
1 3581993122
1 1095527341
1 1590838549
1 668714111
1 2230158322
1 3075394006
1 4002513923
1 2727646616
1 79603796
1 435799133
1 1174559937
1 2912795574
1 19411379
1 2252787116
1 1364495477
1 929297333
1 1358388340
1 2959752786
1 3210697576
1 420316755
1 2739529056
1 2393171960
1 2439277918
1 1693733449
1 2931381252
1 2590396527
1 2505761804
1 2333042903
1 1636879364
1 599406346
1 306016391
1 2580615348
1 4251537712
1 1106181643
1 1065654125
1 2042647648
1 4085750584
1 3245315583
1 947174022
1 4088522376
1 179840661
1 2677832248
1 3279083553
1 1040459453
1 3056307931
1 1202057712
1 132755759
1 1171034386
1 1487183138
1 1981075299
1 2611065768
1 1348889667
1 3471112935
1 3907169073
1 958096740
1 2723227846
1 2312539408
1 2274654105
1 3199015544
1 3830721556
1 4185752686
1 2273124896
1 884687556
1 3243031320
1 1949626360
1 3244540194
1 323922658
1 523513237
1 4164558543
1 1185406027
1 1451162734
1 3770597145
1 3428421211
1 4276478849
2
1 3036567112
1 4041385479
1 3026661190
1 2819949113
1 3666612616
1 3328224180
1 2737867297
1 2357895560
1 2625442572
1 3122402444
1 3821773371
1 3927790496
1 51456004
1 1795625131
1 2639894440
3
1 2089910235
1 3372114213
1 1886006457
1 3080453033
1 652340522
1 3983592766
1 3853789989
1 2166756664
2
1 739628396
1 4024426958
1 1148034627
1 465202638
1 20440033
1 2929434146
1 2734653113
1 619507968
1 3448266723
1 3135266661
1 1072667189
1 3457580937
1 1011237846
1 2083777285
2
1 4012740790
1 1891049549
1 741124313
1 1035012917
1 3013938367
1 684758930
1 610276582
1 2127620568
1 581486840
1 1063068429
1 2996178899
1 2531809820
1 2438377139
2
1 1199363853
1 3879446885
1 3882539746
1 1596422597
1 213981718
1 1957749652
1 120305007
1 2558814986
1 348677129
1 769437225
1 1731951896
1 4008173017
1 2463373875
1 916765677
1 2512624548
1 60736211
1 3110178408
1 1804779223
1 2263909946
1 3714213462
1 382509675
1 2907939409
1 3033812902
2
1 545751531
1 2457465952
2
1 4085705010
1 199045786
1 1343229227
1 1664383306
1 2943430262
1 3769094462
1 3307407640
1 196737951
1 4025022176
1 3227523566
1 1727602366
1 845196885
1 2981617777
1 3301131430
1 2621315780
1 397937133
1 3343849165
1 4202558074
1 3775958495
1 3629141913
1 2030960431
1 1676298065
1 4181282855
1 1199355337
2
2
1 1967144116
1 3765409627
1 2729204193
1 1628376365
1 1603070706
1 3592643659
1 1770131306
1 3675938000
1 3226252372
1 2818120906
1 3913651125
1 3420983682
1 1608204668
1 4232143435
1 1162894903
1 3173857020
1 1607769988
1 4016521214
1 61244020
2
1 3488547201
1 4211821350
1 4082224537
1 186270035
1 2181753348
1 287226657
1 493971371
1 890870277
1 1525831299
1 397448535
1 88308068
1 3893514670
1 53755469
1 4131273610
1 3587150496
1 2771684055
1 3000057621
1 3469974636
1 4012137711
1 3997840807
1 1663593169
1 4225284695
1 1064160248
1 4125959418
1 2649658424
1 3757685586
1 2238287089
1 4294044929
1 690833289
1 235179119
1 2209887121
2
1 383664839
1 1010112379
1 3306054065
1 450761655
1 1210846513
1 3695965765
1 4050821154
1 2164618191
1 4114407065
1 2990697322
1 615973799
1 2272185240
1 961825525
1 2958194977
1 568549263
1 1318809076
1 2792523704
1 3523669833
1 1465213198
2
1 2924823803
1 3077784502
1 1676325047
1 3685222089
1 3883055093
1 2348943832
1 2830459807
1 2126744580
1 649065069
1 2962873876
1 3232156909
1 89423042
1 3074249500
1 1436722141
1 2579562651
1 3393116555
1 2413193712
1 1517142079
1 1273497189
1 1585076009
1 383668595
3
1 375940487
1 2121591924
1 189899157
1 3606938376
1 1603453125
1 1475683606
1 3879692909
1 4039338291
1 2479399585
1 195078901
1 498422309
1 592400805
1 4196197310
1 1574243604
1 3523283667
1 298036026
1 2313405749
1 4128406845
2
1 599500166
1 1518830780
1 3594751890
1 2735209383
1 3013278365
1 2131678110
1 2962492921
1 195761512
1 2257048164
1 1599424256
1 1736822742
1 3038144004
3
1 3260753161
1 2027110384
1 3757805915
1 699817294
1 2825002702
1 2184805813
1 905844794
1 3507083525
1 3951452618
1 1483061930
1 4131144993
1 2821668165
1 2443117293
1 1154611261
1 2349961164
1 1548707660
1 2203808349
1 3500981432
1 1298410909
1 733686767
1 3456830247
1 4112793598
1 3385177071
1 3038951211
1 1416198005
1 2485061970
2
1 3901985896
1 917726886
2
1 1626894292
1 4262468080
1 4293112612
1 1098205668
1 687108026
1 3017539120
1 1582054154
1 892326090
1 478853683
1 3427399481
1 1097333017
1 3938120549
1 1703450431
1 2605482848
1 4068437639
1 100369108
1 2761317930
1 2233776234
1 2237925369
1 3884591049
1 1120220709
1 2192524222
2
1 3047067377
1 818550934
1 811572395
1 663673081
1 1243156486
1 4188576274
1 3135607852
1 2061307738
1 3814482737
1 3415466243
1 35530899
1 2368271432
1 1621895282
1 1607813300
1 403082018
1 3591162460
1 1360969342
1 3192616109
1 1527600394
1 2462739959
1 3503081156
1 19504102
3
1 2729099275
1 2301122326
1 2059097664
1 2443654063
1 1385762810
2
1 2048383594
1 2170115779
1 2682133522
1 391008382
1 1491708596
1 2715727272
1 1449571860
1 1842298009
1 2020884188
1 2869772402
1 3017248911
1 141041717
2
1 3339467049
1 3315936259
1 2377452906
1 3794167075
1 1531721339
1 3950634285
1 4244396796
1 3598519238
2
1 885124859
1 2362303080
1 929682763
1 4092603986
1 1215580436
1 2947768333
1 3596527077
1 4036569324
1 1785941056
1 3696030637
1 2165361084
1 2179340828
1 4146552466
1 620080695
1 5327653
2
1 3483961980
1 315368794
1 2599586353
1 2778304312
1 311383556
1 912788030
1 802448664
1 829001899
1 4073517482
1 2770296606
1 1216713283
1 2532858449
1 917658843
1 3711960667
1 4135189111
2
1 4047919753
1 2335783031
1 475046873
1 1802689588
1 3138248393
1 3497585208
1 2668985893
1 4085518488
1 2014935080
1 297486714
1 3053141365
1 1621172522
1 691290656
1 281038048
2
1 3594867255
1 1813746900
1 147416363
1 3831480291
1 191146531
1 2076634364
1 671591159
1 1119282938
1 2335526548
1 2320745196
3
1 1862211392
1 2533056173
1 2692428294
1 1879984880
1 3226638147
1 1749197196
1 1344133392
1 274323701
1 3316203801
1 1628344888
1 756626120
1 635008100
1 687891477
1 154156937
1 2938129022
1 3660377646
1 3537517615
1 4092490443
1 4131696473
1 1165756009
1 2102755310
2
1 105225116
1 2081666584
1 4248556064
1 2449002562
1 2938192159
1 1758862473
1 2841761397
1 887165052
1 3719382469
1 1140067919
1 960251032
1 4086505477
1 12646233
1 4136708736
1 1250142211
1 2501562934
1 4075856869
3
1 566785829
1 2539641702
1 1199828339
1 2694231945
1 2176025027
1 3003266061
1 2662246607
1 1900425348
1 546005931
1 2512560792
1 1523995764
1 3986078815
1 1389494614
1 3352560416
1 4223064046
1 2321486016
1 1998501891
1 2163408575
1 4085601741
1 3630533294
1 634278320
1 1294326117
1 3356061068
1 2582196122
1 3335692032
1 1801270750
1 3228403535
1 1818063302
1 2323108086
1 1926820314
1 746743283
1 2059836164
1 207615731
1 1185364958
1 3803999376
1 1903535765
1 2777458576
1 2461634008
2
1 796500039
1 45242622
1 922547300
1 1554411946
1 1604232208
1 1707050458
2
1 1191610806
1 3918231589
1 1075992530
1 3393492497
1 3442584105
1 170951254
1 3839333374
1 245874784
1 1993485249
1 292110279
1 325688546
1 532497157
1 2790246784
2
1 1408462057
1 1433493056
1 169048873
1 849643388
1 4127332462
1 4057146631
1 1373250879
2
1 2533352447
2
1 1097072647
1 1725696756
1 1626200435
1 2588554494
1 2822014952
1 556893789
1 4234256209
1 12314853
1 832262860
1 1920028159
1 1988228413
1 1421710892
1 3388783206
1 2425536204
1 366570144
1 826043096
1 2717662561
1 3364161936
1 1911503768
1 3080251386
1 3281961633
1 1660579451
1 229835894
1 1142859727
1 2701851614
1 1384621153
3
1 799686825
1 345710327
1 2861869834
1 1534448309
1 509375353
1 3123664845
1 3926415356
1 2555557617
1 348319434
1 1236144201
1 2348987747
1 856631073
1 2367017989
1 2280915853
1 1465140533
1 246638066
1 653343080
1 168676555
1 2115673259
1 2969658967
1 17528482
1 3609266440
1 2778124105
1 847996107
1 2629915835
1 1602601647
1 736166316
1 3753583983
2
1 1240061924
1 883026876
1 1529557222
1 1630998335
1 3637605182
1 3362635346
1 2697870555
1 2250624116
1 3485587481
1 2455320951
1 2086270767
1 2906700861
1 2133843520
1 3918097970
1 3514612748
1 1081331778
1 1708796503
1 3122978739
1 1473734117
1 2403705897
1 690219002
1 860050432
1 4024529857
1 2993944511
1 1779330999
1 532554959
1 890340671
1 134036520
1 1718309734
1 3978482526
2
1 3680180664
1 111139729
1 2942207823
1 949464790
1 1997370700
1 3050081992
1 1037377410
1 44165558
2
1 2784017214
1 3473749081
1 3269778806
1 1808406213
1 588091155
1 3235906693
1 1599323578
1 4060453334
1 858024469
1 3746299444
1 165793960
1 1630853677
1 3177273045
2
1 921311487
1 936459033
1 488260151
1 2850589441
1 2056566336
1 3239422043
2
1 2447773077
1 1969981744
1 1898218504
1 3106426789
2
1 3984244474
1 1444268313
1 90048535
1 452574924
1 1865432058
1 3441372182
1 2152016668
1 3545083981
1 2931940813
1 3292876758
1 2676811759
1 3522830914
1 1079575643
2
2
1 923475163
1 1985611716
1 3540084320
1 478960522
1 2261570855
1 241195380
2
1 3276240057
1 1448489672
1 1969831308
1 3533384850
2
1 1418557671
1 2925836900
1 3499357606
1 3821888091
1 2223427564
1 2773773074
1 4023913868
1 1328697219
1 3487939972
1 3444471121
1 905064609
2
1 567309193
1 4088611929
1 3323436691
1 3857531587
1 2251831305
1 1812953947
1 1259293417
2
1 262342892
1 3753578805
1 1822517149
1 3904962536
1 3284907253
1 1875567395
1 303112928
1 2838408551
1 365709292
1 1258508203
1 1350198438
1 665931994
1 2050618114
2
1 2365056720
1 2310786650
1 2511849797
1 4052660253
1 1835004707
1 3617783851
1 2081728908
1 4113532249
1 22158122
1 579294344
1 2540090166
2
1 3877410066
1 683091433
1 658324797
1 1500792562
1 2894996292
1 3961956232
1 3488209299
1 1735832797
1 3356150437
1 1463251739
1 2593811740
1 3784519460
1 2717438573
1 2049469781
1 2107790115
1 1642517886
1 665694285
1 3525118600
1 3719284826
1 2223444682
1 4212463136
1 2052656907
1 1749270403
1 1947997926
1 2536492462
2
1 2569565769
1 2925045793
1 3247979956
1 3514915528
1 1022992861
1 4161281660
2
1 2817303206
1 575472616
1 2192974373
1 956569571
1 132290645
1 558997693
1 51512125
1 2883603846
1 3821288417
1 608149658
1 82967928
1 1986962750
1 603032615
1 3803839774
1 3782691455
1 3639044686
1 1850104148
1 1114403216
1 912767211
1 629976003
1 748268455
1 1306517310
1 866463318
1 45552909
1 3886265388
1 2169470734
1 3813042750
1 1536159015
1 1194839071
1 2266127007
1 1578239895
1 1147527438
1 1695913609
1 3352089879
1 3408077602
1 1860591294
1 3899300193
1 914175943
1 3834977897
1 4127667101
1 2936510033
1 3394134856
1 3199172024
1 1376823272
1 961584153
1 41600647
1 2616109730
1 3746443062
1 2188276515
1 2700738530
1 3292287091
2
1 797560165
1 3134737931
1 1893899678
1 2480426936
1 3027842904
1 1528607834
1 4199947435
1 2806677126
1 3165936227
1 2092734556
1 2514134960
1 2600867554
1 3183986920
1 1742091053
1 170836758
1 2546421677
1 1497791068
1 791235013
1 2578085846
1 3027651224
1 1716870524
1 786299147
1 1723809197
1 2678179843
1 423634537
1 1297178512
1 3491258030
1 1855763212
1 911982814
1 2800416955
1 866406786
1 2726595222
1 4252468165
1 3295486510
1 2236650783
1 1891704640
1 2495994751
1 2365468502
1 2482105841
1 2365005160
1 3444422986
1 591842412
1 360958960
1 98235561
1 3792114609
1 1851259809
1 3799745114
1 1506090775
1 2245717440
1 1010765414
1 3747734882
1 1820721270
1 3980723857
1 3590808146
1 3630838859
1 4049168063
1 1486204393
1 2333288293
1 380824229
1 805404012
1 2932980897
1 1367988239
1 3513206866
2
1 694307169
1 2157618739
1 3637967142
1 2810784648
1 1394468346
1 2411037463
1 1946130922
1 1031792977
1 2030181049
1 2723451367
1 1483864610
1 660082242
1 1670287342
1 2129812049
1 4090153255
1 955406910
1 1729044872
1 4107564563
1 223618501
1 3803796308
1 3942874830
2
1 3937850398
1 2736114663
1 814797699
1 3248562276
1 1462960263
1 3175541549
1 3952717984
1 3732087484
1 711694611
1 984524315
1 2165828596
1 1765266761
1 3738067128
1 1694268199
1 2954106323
1 3762947754
1 1497748662
1 265113733
1 2268263337
1 203387704
1 1052327790
1 1894466209
1 3888047803
1 3509874528
1 431936011
1 1046997500
1 35457448
1 2940868924
1 3704818995
1 2125418436
2
3
1 299358871
1 3994507103
1 1805939007
1 3978535140
1 1595232717
1 3134605461
1 2762168112
1 3703860708
1 3638546876
1 589081037
2
1 2042934663
1 635108339
1 3352033149
1 4262925554
1 1849055974
1 675163213
1 1331005251
1 1000460068
1 526781517
1 757929759
1 4012429475
2
2
1 3845369768
1 68286843
1 2712662702
1 2376555558
1 558913099
1 3632717524
1 1314562177
3
1 3805284917
1 1920127086
1 4265217592
1 2829513967
1 4197768169
1 2551774399
1 1827938649
1 2210101587
1 1941390778
1 2191183095
1 3803222904
1 655105526
1 1542038977
1 930324940
1 2577681783
1 2329559209
1 1744021994
1 770267124
3
1 4228191327
1 439212511
1 2052589650
1 3350002163
1 1028834108
1 3644635980
1 2033333283
1 297272096
1 851197383
1 1096648088
1 3960395195
1 2325734253
1 242928759
1 3376863149
1 1112921928
1 722351524
1 656847532
1 788158472
1 1516885982
1 721000375
1 3945080108
1 3913477812
1 2698751038
1 1848929016
1 2622575175
1 3950634829
2
1 2809644150
1 759231749
1 3242451350
1 1748986099
1 4286679046
1 343404089
1 372079376
1 111122115
1 1555362356
1 3168540337
1 1791356750
1 3284307583
1 2210523207
1 1655253537
1 1593048215
1 1028188689
1 2101991631
1 2769726701
1 1515831334
1 518725707
1 39997680
1 4076856571
1 114729318
1 2087928731
1 863400769
1 4000702302
1 3332767493
1 3405128181
1 4087767866
1 517038095
1 3566576238
1 1910995757
1 3758613439
1 2855834356
1 1507458318
1 613136579
1 2735329457
1 1521883537
1 3402204960
1 3723922880
1 3712090803
1 3001597679
2
2
1 1142295393
1 2217687392
1 616813387
1 116511743
1 3106105020
1 3383989740
1 3161345634
1 2467088453
1 3258507481
1 449575686
1 4224907151
1 1947621393
1 2107179845
1 1093145197
1 3097171791
1 2205359733
1 930944517
1 2825472070
1 2506255258
1 2031345874
1 452521646
1 2208224746
1 2909396082
1 1397776494
1 934032847
1 3405370045
1 3205613035
1 1418672750
1 2033105175
1 133203077
1 2543068646
1 3846101273
1 1315748375
1 853232538
1 3200687094
1 815444928
1 2433482273
1 2662600951
1 696984800
1 2200802811
1 2128107636
1 2952828459
1 3032533467
1 490210519
1 1341282787
1 602736979
1 1670979185
1 4252367861
1 3208980142
1 2138253153
1 2366282346
1 670498515
1 3790072865
1 2645972902
1 3200208196
1 2387003990
1 1195196899
1 2742557983
1 1746786374
1 2796783294
1 3395647613
1 4249534108
1 8108490
1 1893397135
1 1833695970
1 1865567858
1 2185432754
1 1017763270
1 1710400271
1 698770871
1 4065620449
1 1859369744
1 3809393630
1 4227384084
1 3598772668
1 260321746
1 1547368903
1 390055421
1 4063392775
1 1566326756
1 3904442391
1 917955157
3
1 2144667403
1 1950251041
1 3551986677
1 858054764
1 1996034421
1 4077467065
1 3594268161
1 1434995128
1 1270229298
1 1989989596
1 4244198188
1 1275349639
1 1903812667
1 2089325742
1 2099781458
1 2446791920
2
1 3218766274
1 138715900
1 2936356915
1 1617539831
1 4012596015
1 3039599983
1 1359196413
1 4022908664
1 3333670393
3
1 2821435678
1 1407271863
1 84317619
1 3877475678
1 1938586348
1 2143009549
1 1257115563
1 4077762005
1 2128594695
1 295011494
1 2804958518
2
1 2062406667
1 417172886
1 1768289384
1 2706205538
1 222482930
1 4103000796
1 2294816290
1 1976649557
1 3342666464
1 4260736799
2
1 2311766706
1 3402036120
1 2981490338
1 3184714104
1 3933859259
1 3461668920
1 1646227593
1 1396170567
1 3605553836
1 2851481347
1 115368572
1 765802729
2
1 2989692568
1 3288596799
2
1 3701725666
1 2592603872
1 1860739964
1 690481633
1 2678725159
1 2107281992
1 1617673819
1 1159363903
1 3200533337
1 1361795736
1 3983519534
1 1396435196
1 1145443475
1 1100100799
1 317135094
1 2623174519
1 1414305440
1 2679376472
1 3308821856
1 3691547401
1 3228360380
1 748122542
1 3038479938
1 2545013552
1 916421438
1 1032061129
1 3100339042
1 509525126
1 2015613184
1 1010963756
2
1 2513855901
1 2443061893
1 985159795
1 2783918240
1 1603696527
1 901227425
1 2836481369
1 3217539930
1 1420748110
1 3206334553
1 3636801537
2
1 4250336446
1 1230117956
1 2722694533
1 1334769448
1 3322803207
1 2391671882
1 440305798
1 2242668393
1 3450215122
1 4074804559
1 46574211
1 3872555352
1 3247604521
1 3969212509
1 1847362463
1 1022842471
1 1374387001
1 1098908123
1 1400598426
1 3113867497
1 53619975
3
1 3489054874
1 1568727036
1 3291035750
1 2147011864
1 2708641935
1 2214241164
1 423928825
1 2255950014
1 3886774715
1 262512428
1 2589911859
1 1440692592
1 2870081098
1 3413076261
1 2371623058
1 3034582905
1 3908421995
1 3333755613
1 3473271375
1 2651242815
1 4287184150
1 1703840553
1 3509104900
1 2590946588
1 1192286321
1 1067164827
2
1 1702526388
1 284976535
1 3166849322
1 1571809657
1 2237314898
1 2173392048
1 2576637347
1 3170750067
1 3698638792
1 2956611313
1 482392422
1 1135689724
1 3062269286
3
1 1556951563
1 4173106037
1 336749670
1 2929802234
1 802414927
1 1210432170
1 1765236747
1 487481651
1 1198959363
1 2662317236
1 3844964264
1 3525204743
1 301820038
1 1343794887
1 4035249659
1 2357176617
1 1059514379
1 3029224615
1 4171723142
1 3859323473
1 370616141
2
1 658879100
1 738934116
1 2458999520
1 3108643342
1 1991175305
1 1033908138
1 2481210803
1 324185097
1 3770844239
1 73445092
1 1635419018
1 797003522
1 1532090246
1 2928649312
1 22313025
1 1986694293
1 3706453860
1 1042245885
1 1513756602
1 3626427269
1 3994323972
1 1507032930
1 261855282
1 832214208
1 593090939
1 3005203031
1 3670215600
1 2083827332
1 589319304
1 2411825266
1 3949609831
1 975480034
1 3284013481
1 4186445980
2
1 1286209943
1 3252514163
1 1352877840
1 3241095752
1 4001929089
2
1 3565063915
1 1366455281
1 1974034771
1 280678333
1 2557955584
1 3357976794
1 2426369208
1 1499649322
1 681166278
1 1433943348
1 1633996027
1 4169354432
1 2088722338
1 1533744766
1 1851333744
1 1889167466
1 548710611
1 1010287377
1 1970435217
1 3447180014
1 413842195
1 868171827
1 2393469042
1 2915261333
1 2863779850
1 244964225
1 3764992386
1 1740647468
1 2075294074
1 3347929707
1 8747466
1 3682747516
1 868502198
1 258193140
1 3446660799
1 2814942237
1 2620443994
2
1 284779223
1 3717072986
1 4233945964
2
1 3111618802
1 1086022803
1 1752833739
1 1155854936
1 2693998879
1 188259442
1 2044476485
1 2592908060
1 4085489609
1 387516192
1 2011767518
1 1961581968
1 434726159
1 3942902241
1 35904935
1 3648933689
1 3161353375
1 1022892363
1 3006887869
1 292131855
1 3802561338
1 521330305
1 3902357421
1 4219702853
1 1049741589
1 2480202058
1 1305481683
1 848217820
1 1655687975
2
1 3460223877
1 3235937140
1 2434406836
1 1021943095
1 814515047
1 4274686657
1 1289390336
1 1385190928
1 1587413017
1 2865074500
1 1938256057
1 3158699571
1 725899619
1 3733323570
1 3482671789
1 3464965135
1 1359026129
1 1616301217
1 1660410475
1 1153552552
2
2
1 2290059408
1 1543327840
1 3142284232
1 1345214829
1 2047365198
1 3208471227
1 914198782
1 3572886060
1 1595022463
1 220637447
1 409269740
1 200616276
1 3083951569
1 3392091312
1 2305328810
2
1 271008672
1 1571985437
1 3448835426
1 3142404318
1 3111314887
1 3436494420
1 856595681
2
1 2416183724
1 561975247
1 3814954454
1 666613796
1 1747277598
1 2960745533
1 962364302
1 1599444686
1 2812256870
1 3386255117
1 4011618753
1 2247420759
1 142945702
1 3438869533
1 2238673431
1 2898437243
1 3893122517
1 2258894016
1 1650571495
1 559981780
1 3830165668
1 3156997772
1 1300301263
1 3294738144
1 524301010
1 3474729569
1 3595129009
1 1088545109
1 369804873
1 779465250
2
1 1263435203
1 3729938355
1 3777459856
1 3405592514
1 1924144017
2
1 2671426496
1 1803460031
1 1305309250
3
1 288031758
1 2955024272
1 1669690367
1 3906859500
1 3551597586
1 2605025026
1 2319706902
1 3732451460
1 90304178
1 3787456400
1 3857550542
1 461626380
1 837837100
1 1926837855
1 2342021055
1 3015915705
2
1 809734545
1 3609415225
1 3577806006
1 1125666558
1 3314373358
1 3388617447
1 2439685305
1 220042973
1 3023982433
3
1 1306121377
1 4219465177
1 2946148843
1 1837581491
1 902606355
1 213897087
1 2457392318
1 3690926596
1 3931607451
1 2847843518
1 3897249277
2
1 1030056299
2
1 1705862748
1 2689859646
1 4099850576
1 2235420065
1 629785536
1 1492187378
1 2608470385
1 781981043
1 1661570722
1 2497290164
1 37924733
1 4210730863
1 1837805227
1 3654245888
1 4079879169
1 4133159398
1 3595965867
1 4260615737
1 3629334560
1 4060239859
1 2359602351
1 1890942977
1 877861808
1 1979932205
1 3574938879
1 2606063754
1 153580535
1 1379559910
1 212617410
1 3640045730
1 2230397223
1 3229245310
1 4140619070
3
2
1 522873950
1 3273132204
1 44699250
1 1619996545
1 2324682205
1 1820281197
1 1756105069
1 2581185352
2
1 3707107889
1 3294849852
1 2864925920
1 2116183508
1 1211909970
1 2033413427
1 1767811352
1 2823491894
1 4103232177
1 2770617273
1 1828084190
1 616157788
1 3618431059
1 1686588654
1 2717295766
1 2977996895
1 2276991107
1 703607058
1 4162439604
1 3170481906
1 1159366940
1 718162960
1 19583298
1 2195901870
1 1582793256
1 1479012912
1 316812987
1 672366403
1 4291007664
1 3940702186
1 2972203810
1 1416651314
1 4228593871
1 512790900
1 334949879
1 1253987337
1 3822084906
1 185594725
1 80472850
1 3732272993
1 305761957
1 1694412349
1 1328725984
2
2
1 2985857657
1 1203604929
1 604939093
1 1121888626
1 3047475386
1 3628256195
1 288024
1 3780755394
1 1332142285
1 1618667024
1 2167138315
1 3496794447
1 64183478
1 1246489659
1 1333356019
1 2475548215
1 2744964342
1 2754950952
1 3917967327
1 3688907013
1 3944108396
1 2345056028
1 2465482836
1 805595855
3
1 661246661
1 334242957
1 4048711991
1 3231982719
1 72307880
1 2768952831
1 3517889580
1 1506517902
1 4143693813
2
1 93672809
1 459632964
1 3004590591
1 1762458818
1 1727730743
1 52558909
1 858512714
1 3586300190
1 815603431
1 3327735857
1 3401133642
1 1490579835
1 1879745500
1 3556465126
1 3502904726
1 4195583315
1 1239060955
1 2678282597
1 3614595483
1 2841709775
1 878886886
1 2541307247
1 2266379979
1 2102441312
1 25564912
1 3923276739
1 2583169636
1 1245682857
1 3333044845
1 3357394969
1 4003251226
2
1 2009201192
1 1977059655
1 1763612300
1 574145532
1 154070754
1 1428429880
1 3448094204
1 3084959540
1 2327349901
1 1639098494
2
1 4013592741
1 2401028063
2
1 79850270
1 2152062207
1 1078945805
1 122668559
1 742647184
1 2151811439
1 2938962803
1 570446365
1 2153535796
1 2743594463
1 3085387974
1 2788615419
1 2120815488
1 3888108078
1 1200095668
1 2074414297
1 3254038845
1 2894458098
1 3071180368
1 3600145799
1 1885228394
1 3965982291
1 3743147830
1 3936134785
1 3192829501
1 235023679
1 2882336505
2
1 4269014922
1 1023955220
1 3070159862
1 532187275
1 3392969195
1 325609089
1 1352620031
1 930569120
1 3421067784
1 2246932122
1 3967918128
1 2680289052
1 2874744835
1 1243869533
1 1228283778
1 3148467943
2
1 3245739054
1 3922890786
1 1145596130
1 3309360021
1 4239267819
1 257815120
1 495885883
1 747737008
1 573440668
1 1315578303
1 3568608690
1 3798724597
2
2
1 3425598425
1 1859899654
1 3192953324
2
1 2880583012
1 3034199411
1 4039887595
1 3089383213
1 2266308127
1 2084874321
2
1 3644584367
1 1833536654
1 2025471469
1 3761618311
1 1307255939
1 3477597628
1 466063532
1 3169487141
1 3641261577
1 2655523969
1 3563150735
1 3646014312
1 2675665257
1 1143661037
1 2194475625
1 1103166902
1 2824668055
1 662964582
1 3088684149
1 603475358
1 2186445396
1 3994572349
1 1419765194
1 839986254
1 4254832673
3
1 2271963457
1 3350972955
1 3458752907
1 3843682017
1 1080335838
1 3251630547
1 4256468884
1 1692114149
1 2656317799
1 2020517202
2
1 1248380682
1 2025469366
1 767284040
1 1822556670
1 4117915586
1 3471001807
1 1598014580
1 378480321
2
2
1 3034113484
1 3447006741
1 1161926228
1 178162518
1 882194999
1 3612500068
1 2004503696
1 3616921340
2
1 1774029717
1 1338453496
1 1286279974
1 901101609
2
1 72459156
1 961343209
1 2591705578
1 140135995
1 104137580
1 2429905070
1 1945609102
1 3478474185
1 474315239
1 1316459040
1 3922062561
1 3750006696
1 3771222604
1 1464013447
1 1910234916
1 2639844502
1 3030051126
1 2385721794
1 2814698526
1 306038561
1 2681329246
1 2882526983
1 579257889
1 1017174219
1 3545526504
1 1563731217
1 4285733656
1 1580723967
1 84679652
1 1450271918
1 1036862752
1 3545212856
1 2942211014
1 3663975051
1 702963987
1 865739101
1 1570680315
1 1116897628
1 325417224
1 13464856
1 939380552
1 1541220197
1 1922707566
2
1 1523167892
1 712758069
1 1486101893
1 2189414770
1 1620634520
1 3486348805
1 2810285764
1 3941012629
1 137086845
1 1501057859
1 2806504008
1 1220259344
1 2707692540
1 2485836304
1 1176545187
1 2584753589
1 2488184388
1 2351622503
1 3595412172
1 577838592
1 151442780
1 3944687881
1 2920482053
1 674009454
1 282350285
1 231401855
1 2167306566
1 3806498429
1 353466594
1 1837711151
1 1925690655
1 390677425
1 3480281214
1 4169935935
1 1348705770
1 1768247755
1 2732033266
1 2556909077
1 3691092685
1 2695229370
1 1668280515
1 4215520612
1 665084751
1 321127644
1 258510051
1 2209916577
1 283469940
1 4000192260
2
1 4142144844
1 1418765423
1 2368255783
1 1884994296
1 2813812855
1 4275277967
1 3493595898
1 3665999163
1 848552211
1 1455622698
1 3203492188
1 1569982892
1 3937960643
1 3013275804
1 3824407701
1 2892633198
1 1838570452
1 917955343
1 4036574482
1 3519866087
1 921197894
1 3484890534
1 3514152725
1 4142943628
1 2374430693
1 2321769183
1 423496848
1 136869722
1 1928877375
1 3675298254
1 3851963109
1 3639787917
1 1048100449
1 1890753679
1 1240387401
1 739231059
1 3620696224
1 1049273319
1 2125607281
1 771823372
1 102820661
1 1510957469
1 2396636200
1 3120008021
1 1443886757
1 2057522923
1 3364369495
1 2473783248
1 495748824
1 1057236361
1 2032222574
1 3525196840
1 4229781078
1 3915753859
1 996815663
1 3678036420
1 2900030117
1 1875348541
1 3829430939
1 2303125798
2
1 4166703751
1 2507064264
1 2404846926
1 3062879453
1 455832661
1 697103179
1 3361454609
1 1264098945
1 321383035
1 3819721983
1 1330609735
1 2401205295
1 1901836752
1 3856727674
1 2982544831
1 2917888664
1 53128412
1 325731722
1 3361892247
1 754679994
1 3321551072
1 410222889
1 3170084115
1 2337606939
1 84861572
1 227799383
1 3817608528
1 2659584972
1 2115720613
1 2133539872
1 1577838259
1 3376505696
1 1703868681
1 1954180582
1 1853225939
1 491155270
1 527883280
1 2942090669
1 3183213123
1 3875617909
1 3553072128
1 2194680617
1 4036402065
1 819554173
1 34798951
1 847597635
1 2596870380
1 3422200748
1 1023749843
1 921112547
1 2584906208
1 3575716374
1 1599486614
1 55158189
1 1287988661
1 2283589299
1 3321541136
1 2992887311
1 3383561037
1 2956025209
1 2089641569
3
1 2851106179
1 2678061046
1 292907994
1 2306541846
1 3459212696
1 2116720263
1 2921921670
1 510200535
1 1788779043
1 2012955702
1 3682982730
1 3702939861
1 326030772
1 1280750937
1 3627046247
1 78618872
1 962532349
1 1528881384
1 4120642518
1 1384402667
1 1865017021
1 623006917
1 752665813
1 194718290
1 470866917
1 2022829261
1 3599124206
1 382316421
1 2893712772
1 3702724224
1 3882382457
1 787390531
2
1 162637618
1 702887382
1 3993526633
2
1 457106711
1 1370675645
1 3147234642
1 1932111478
1 3105656186
1 2623662545
1 3917367800
1 809184784
1 156864982
1 1254316599
1 3869845803
1 3494954919
1 300545867
1 2178968958
1 3924493948
1 1424701658
1 700278651
1 2005979041
1 3830086204
1 4011259732
1 3290504975
1 2112485346
1 3889631570
1 2617262416
2
1 3078268629
1 2192265611
1 647328904
1 2222978930
2
1 1600863147
1 3967074876
1 4164443913
1 656027369
1 1335499494
1 1538815788
1 2645689492
1 2342917749
1 190609938
1 874299241
1 452388427
1 2811628024
1 2353651791
1 2429162409
1 2117581213
1 2973719511
1 3658630694
1 2844226819
1 340170266
1 1916913897
1 2221871121
1 2898376322
1 3734218889
2
1 652022899
1 1241253579
1 2101187742
1 2796636394
1 3665171132
1 2850200654
1 476217795
1 149768705
1 3466182159
1 3825444166
1 2214256081
1 1205074614
1 3133557917
1 710882369
1 480259903
1 3948560848
1 2445548754
1 1989780763
1 2059290739
1 1179276701
1 2946847492
1 603505654
2
1 2597382942
1 1596215560
1 2878152599
1 3302907470
1 175836947
1 2306252202
1 1719388323
1 3539129918
1 1801858979
1 2307530918
2
1 860896467
1 2597596307
1 1201965564
1 716781572
1 1744688101
1 2973928192
1 2804714425
1 4241803586
1 318055798
1 4161583382
1 2480523905
1 924857412
1 2579116876
1 1654372315
1 1130287589
1 392375789
1 3494049158
1 1750107771
1 2361330363
2
1 3037621892
1 1106756918
1 4123121517
1 1214434510
1 79859369
1 1910083742
1 494124222
1 2866153538
1 4143640273
1 57417851
1 2946265215
1 1232758435
1 2821399488
1 2249909567
1 533400572
1 223051517
1 11627755
2
1 2760101734
1 3533033078
1 1877018702
1 153752786
1 1635793106
1 2913224486
1 2908355556
1 3250132325
1 1353469171
1 2150643459
1 2294068282
1 986745087
1 3185240092
1 2252440399
1 2328113958
1 922799315
1 3941437544
1 1189429828
1 3362284665
1 4080079015
1 1653495627
1 1865934828
1 2260313525
1 2347497170
1 1437140986
1 738770037
1 4111003451
1 1361921865
1 4163972026
2
1 1786824597
1 809556912
1 842118484
1 4183190484
1 3167695585
1 3768659720
1 1606167290
1 294436906
1 2730347339
1 42920074
1 3263307156
2
1 3547889882
1 2181360242
1 1331488212
1 4087418973
1 1546532921
2
2
1 1183004265
1 2590280024
1 2896392045
1 3276366118
1 2678213027
1 1117267773
1 2317034082
1 1813541274
1 383850108
1 1242113174
1 293238787
1 4218488150
1 486646563
1 3429878774
1 1984151414
1 3042015653
1 3623745756
1 1827892814
1 168658900
1 450508381
1 3895463626
3
1 2757052126
1 169410409
1 3529613762
1 2239429487
1 2443170020
1 1092585802
1 3949331694
2
1 882539546
1 3007146220
3
1 2130315361
1 3988344515
1 3625675990
1 2781937118
1 1528647760
2
1 4025450457
1 1004909590
1 392682200
1 442628134
1 3570292981
1 3503317476
1 1334069863
1 706847494
1 3670682592
1 143151690
1 2049036242
1 794510495
1 306812851
1 3467403531
1 720659149
1 1613529431
1 3549742816
1 102221926
1 791336334
1 3819964263
1 1245378797
1 2052306368
1 3666757790
1 1615012880
1 678328929
1 2249692260
1 3904400744
1 1923055882
1 2684990679
1 3791720752
1 3124791214
1 2987386427
1 1828294111
1 1551087113
1 624432160
1 3242319299
1 2723419807
1 1361620852
3
1 3467065360
1 550610588
1 482371197
1 3397200243
1 3255356738
1 2879776234
1 3217354338
1 3095068445
1 2369917286
1 4107478047
1 3845724185
1 2398593846
1 259385373
1 1417892626
1 3647083162
1 47553812
1 1732539532
1 2083882708
1 3837400905
1 3996201191
1 2692161771
1 1300506487
1 1231414620
1 65034172
1 3345567434
1 4243728096
1 2890976699
1 778634342
1 2449965536
1 2300533771
1 1737020829
1 123669914
1 1886685261
1 3058066809
1 4264215346
1 3730923004
1 2288478588
1 48735232
1 1317355984
1 3317614103
1 3956188033
1 3169845433
3
1 3328293570
1 138439186
1 3041366284
1 1602137764
1 1673280915
2
1 3198243079
1 2167939384
1 3649137790
1 3861404203
1 1711709446
1 4101887923
1 3502760819
1 1012092483
1 3054983318
1 3832541478
2
1 1129066863
1 3158275624
1 2387915642
1 2784677089
1 2127215283
1 1329518093
1 1526612255
1 3615452236
1 2958761805
1 3093291432
1 1872233125
1 949791934
1 1801006213
1 3568674950
1 3427128553
1 2176617254
1 314267340
1 156042329
1 1278554577
1 4038071289
1 2945252540
1 3541732959
1 2905807143
1 1092758086
1 3811318560
1 474682052
1 1241334224
1 3771188720
2
1 3646305285
1 1460818961
1 3683309305
1 2009507676
1 1144284220
1 3790282413
1 424579895
1 2854834692
1 1845362165
1 4085127471
1 2482326458
1 345211744
1 1917952557
1 522338275
1 1110238677
1 1436791905
1 1256908847
1 573481111
1 3677866294
1 999110131
1 4060860627
1 1050719346
1 1729979722
1 2209325966
1 949319506
1 750702107
1 241715584
1 2750914756
1 1067772041
1 2183439542
1 4260851556
1 2762914966
1 2515724422
1 2234825573
1 977574436
1 1235336196
1 2349900268
1 1434495525
1 3188527957
1 3612680480
1 3621894153
1 1765403858
1 575131791
1 2127499738
1 3516450766
1 146137366
1 892485487
1 941741793
1 890244159
1 364251422
1 403368091
1 1431404833
1 3252641373
1 1056007767
1 2407866846
1 3601183304
1 1278236090
1 288992473
3
1 1622535231
1 1544961383
1 198883599
1 1122124889
1 3214158324
1 3559031756
1 3931344338
1 447765428
1 4155387434
1 1080661359
1 2175731643
1 3586041506
1 2437842713
1 3943970588
1 2357963142
1 3595293380
1 2438715335
1 1935250912
1 251113982
1 2015979385
1 4033791075
1 2832202121
1 3006628994
1 1986279105
1 655240187
3
1 1399643465
1 1121296579
1 3028697469
1 2308624836
1 2577626156
1 421474251
1 3389902282
1 1040452229
1 3567362849
1 3541722798
1 2632003546
1 747907343
1 2576338304
1 1173643653
1 1943717650
2
1 3443263651
1 604927578
2
1 1166611611
1 4119087013
1 11961319
1 1447034799
1 317019469
1 3475866801
1 3696273892
1 640179122
2
1 1057571908
1 680644552
1 1154076764
1 2893862408
1 779436746
1 3651023694
1 398888587
1 2783373923
1 2906250175
1 1701324506
1 2268397420
3
1 980532878
1 1662750080
1 1921803388
1 1480657425
2
1 3262837513
2
1 2471575687
1 3525397718
1 1616334042
1 1730631345
1 283466168
1 2201794818
1 37779631
1 3805445108
1 2551983566
1 2055467667
1 4015862385
1 3293625791
1 289819532
1 3796052104
1 4267783064
1 397111822
1 770177754
1 1636207607
1 479205537
1 1393663910
1 3958766398
1 1362038211
1 2441567020
1 1056937650
1 4278392374
1 4145395824
1 903406523
1 927736663
1 3609264468
1 1513020402
1 881284473
1 1058791922
1 2177571931
1 2322599088
1 2275625990
1 1780071058
1 3586367485
1 4080620006
1 3901462391
1 4068634777
1 3495463402
1 1306008032
1 919769301
1 577493468
1 392873706
1 1080312010
1 3256840433
1 2798292959
1 2606408623
1 2574188131
1 1846886739
1 2557774474
1 1894113001
1 3581989560
1 2495714325
1 1292140812
1 2655524641
1 388135494
1 115728383
1 189845103
1 1340027691
1 2002739974
1 1859278536
1 296003073
1 70335256
1 773236974
1 2145710625
1 432909239
1 1326855990
1 1561939586
1 1407708950
1 995453767
1 3894098886
1 2669058631
1 2805499795
1 3747269356
1 567891527
1 706434907
1 4153087402
1 3476657114
1 133874922
1 2016432111
1 2478017764
1 2490569612
1 1899225211
1 1542974614
1 2709086397
1 2202931392
1 3682410922
1 2896400505
1 3625402850
1 2874264027
1 2179152434
1 734744206
1 3619830604
1 174374617
1 666229904
1 4212698492
1 1203045561
1 4133294035
1 3705079474
1 526227280
1 1850017429
1 4260081414
1 3459362995
1 1214451327
1 2623844470
1 194743954
1 2326054581
1 467369627
1 1347270710
1 3037215561
1 3374493165
1 3577463612
1 3748928405
1 1435473448
1 4035619730
1 3321879081
1 423951382
1 3337791202
1 1344235477
1 4049246144
1 2957614892
1 1479661516
1 1360486226
1 2729831670
1 2611251421
1 1013542666
1 3165790779
1 2461514526
1 2564631881
1 1361445149
1 2621377003
1 1738800387
1 1549526803
1 3177520867
2
1 2497282100
1 3502253103
1 2160025142
1 2098365412
1 3465471231
1 1324596029
1 3661271539
1 1110345348
1 2301874930
1 2746613840
1 1370963250
1 374550112
1 2729033076
1 4031473868
1 2208771341
1 406061220
1 4151115425
1 503722856
1 2381391088
1 2080388394
1 1341485294
1 2768111617
2
1 932659689
1 1574410912
1 1890255492
1 2885229535
1 679813681
1 1379213414
1 2677050155
1 3191963213
1 2567477592
1 2219162480
1 1968115587
1 1183789955
1 3825164078
1 2548569082
1 3381737061
1 1889234074
1 1843265564
1 2381307508
1 135152486
1 2130423011
2
1 242404998
1 58948465
1 2322521314
1 1281534806
1 3686649437
1 3944737863
1 4112946852
1 441018286
1 2987111506
1 1665857595
1 555732371
1 4059121802
1 450650773
1 2798332837
1 3516044008
1 774106347
1 3754288336
2
1 3871436470
1 1026057219
1 2885734990
1 622257923
1 117703875
1 2137101731
1 3625061311
1 3676276091
1 1360202950
1 119687349
1 2547748347
1 2692460563
1 1277070828
1 2381790258
3
1 3686798424
1 3095004202
1 1350366436
1 266081048
1 2141741681
1 1282746486
1 227926321
1 866660949
1 587640036
1 1520099964
1 4085400758
1 2507209487
1 430787791
1 2248802445
1 2162785237
1 2698490483
1 2360236928
1 2810465335
2
1 3551727892
1 281888109
1 4225138898
1 1857875509
2
1 1153927549
1 1222002118
1 422022636
1 483042286
1 3465173908
1 2830531197
1 237036260
1 2276654327
1 2646498628
2
1 1032510083
1 4114453568
1 2102754139
1 329887210
1 3756013945
1 1391153501
2
1 1734843113
1 2316522297
1 3703372008
1 2467524602
1 3064469989
1 3261280335
1 3975851387
1 2326811470
1 3747698690
1 865085883
1 228659355
1 2929284352
1 2026426417
1 1208480149
1 2298095931
1 3954288175
1 3368581480
3
1 3396136873
2
1 1184585866
1 1201000833
1 1720139271
1 857757550
1 4136759977
1 2325094534
1 450777561
1 916200149
1 821565047
1 2567567839
3
1 1689265360
1 1235225235
1 3274188221
2
1 1744338310
1 2421521919
1 3993848045
1 105022008
1 1573655103
1 2874082288
1 3172443938
1 3859821430
1 1291522796
1 3735990664
1 1278733812
1 3224302457
1 2683022932
1 217206610
1 3104427848
1 637889979
1 3948866958
1 1477494684
1 2695048185
1 2387556544
1 1591873131
1 51083345
1 4023416544
1 1336324356
1 4019519997
1 1329883315
1 2737108450
1 541916200
1 2871964439
1 392494492
1 3228556533
1 2318731321
1 3562404830
1 4241479185
1 3666972433
1 2878255664
1 2485275210
1 1341235272
1 3107087364
1 1256854245
1 3910564115
1 4102934884
1 1444646550
1 1644072128
1 3345137481
1 764675570
1 2900680509
1 2009734785
1 2475703794
1 637999394
1 1726420264
1 848986025
1 3129009516
1 730278893
1 2791590376
1 4228789794
1 2927557080
1 3682557505
1 3339765560
1 2803901098
1 3725922779
1 3280893781
1 860023001
2
1 3666884928
1 2101304345
1 3966776172
1 2944972446
1 1817949621
3
1 3103916259
1 522937151
1 234168612
1 1200583200
1 1754735456
1 4126331939
1 2069115805
2
1 2722903923
1 1355377382
1 498044993
3
1 3275860879
1 3635225907
1 3127026294
1 3747168176
1 2387207857
1 473689789
1 713925322
1 736888682
1 2793251111
1 1702542299
1 4042198148
1 2682330046
1 2717637833
1 2244523406
1 1860708385
1 386424696
1 385340720
1 1219795204
1 241812713
1 349368344
1 143516262
1 1641080994
1 3158927560
1 3987613006
1 4186304559
1 2318289498
1 2765043906
1 1819847481
1 1485852552
1 3946046855
1 1214549775
3
1 3036317933
1 3109275917
1 1393195558
1 538507667
1 1809630685
1 3888543400
1 1837755915
1 644283778
1 2087777061
1 1876118236
2
1 1456721327
1 1032413532
1 3427800452
1 41861498
1 2099706414
1 2602021755
1 121897786
1 2796069646
1 527838733
1 1374138126
1 1890418237
1 1589476639
1 545898914
1 4237911404
3
1 2003335391
1 3573256287
1 3687869701
1 867724126
2
1 254095534
1 2085431828
1 360732177
1 3451073144
1 643366053
1 2077206316
1 1215577693
1 3401080899
1 269312203
1 4133734902
1 3562384514
1 1076504596
1 350057584
1 1142832113
1 217742467
1 1871561009
1 1132125856
3
1 3446920060
1 2091962583
1 3891114474
1 3644532003
1 2786270135
1 466982357
1 3959214719
1 2548053068
1 275731707
1 4144912391
1 2545031277
1 3059279187
1 94553415
1 3126996941
1 3932246151
1 3674911946
1 3700492525
2
1 733109239
1 216841182
1 1435338836
1 2450043595
1 2632473303
1 3484865286
1 2308254450
1 3154368508
1 473166044
1 1138635605
1 1990346339
1 3212345633
1 2560921440
1 2522720571
1 1344433975
1 213334799
1 1360995869
1 1870072764
1 1032183602
1 2227344340
1 1027520462
1 800829641
1 2389152916
1 3883238707
1 721040280
1 377081299
1 381880792
1 4217695920
1 1649247258
1 450183637
1 3683677926
1 4218576374
1 1542102141
1 1076949080
1 384424223
1 3055475726
1 1822050968
1 1804853399
1 461959273
1 2879666346
1 3352863597
1 3508122462
1 1443508004
1 2098448388
1 4247390564
1 2178047903
2
1 237219395
1 42306390
1 1358085843
1 1070535971
1 1977483446
1 2528301801
1 3408372336
1 3602527539
1 3442534078
1 408678942
1 1739106462
1 1383498012
1 786042484
1 3903112366
1 4144657682
1 598972766
1 3386348886
1 1343664314
1 3672878858
1 1056966542
1 4072766030
1 2894697652
1 1885830030
1 584123797
1 2497173591
1 2450250885
1 3157721847
1 1244377918
1 139836245
1 4137973561
1 4158006664
1 3822873167
1 696629947
1 1128718514
1 1863373036
1 642566254
1 3640728105
1 2823027813
1 627981703
1 579476657
1 511636697
1 4244641032
1 1796049373
1 2717934536
1 3773868826
1 2639160720
1 903838178
1 4026439006
1 3347085103
1 1442886969
1 1858561633
1 3045082620
1 556593893
1 1803803733
1 4146147701
1 112493092
1 4046055569
1 3567594062
1 1794103889
1 2595426753
1 822128309
1 3662632964
1 2800562070
1 1165185012
1 357997050
1 1657308288
1 3336986996
1 1768386913
1 3370166826
1 2625951978
1 1097169717
1 1741840858
1 1470955454
1 998882695
1 1339501768
1 539011946
2
2
1 4059527525
1 3581295789
1 2579492174
1 3133978087
1 1841410885
1 2692868097
1 3339633005
1 1531742950
1 184581368
1 466026217
1 2559075416
1 698544018
1 1419214194
1 4030174323
1 3197943622
1 2930905972
1 36997097
1 3327794334
1 4137735625
1 1655600548
1 1876945481
1 759305295
1 3808064526
1 2864053976
1 577531974
1 1946940592
1 2725500517
1 1927451662
1 1140399962
3
1 3900285477
1 1644632269
1 3164311107
1 3361052796
1 1864205885
1 1221834161
2
1 3444128869
1 3268193414
1 1847177074
1 1528408708
1 3493261579
1 2947190033
1 1413568897
1 524926782
1 643123743
1 3948980956
1 508992173
1 930772605
1 4070274124
1 4076842848
1 3950985408
1 735513034
1 2355706366
1 3634117761
1 17945279
1 3200778467
1 508989522
1 1592006186
1 3144484133
1 235053521
1 163761470
1 830700083
1 4019508692
1 3746066953
1 2913206555
1 2718098925
1 1258545007
1 2550354358
1 2048181012
1 1687501663
1 2272801792
1 3962087355
1 3611915683
1 3481381497
1 3071886777
1 16716373
1 4274921301
1 1466271350
1 3886684779
1 1861599179
1 2290040994
2
2
1 318512163
1 2508374620
3
1 385457721
1 3858467593
1 3173209234
1 1446675310
1 1760596342
1 1274432084
2
1 1403564375
1 1106573362
1 1168775896
1 3719394574
1 3043020368
1 1347104301
1 3386314489
1 2139809746
1 4280937045
1 2826331717
2
1 806544576
1 2138282289
1 1420040889
1 3251166500
1 2350303318
1 1153125568
1 1908457874
1 37139271
1 1190058445
1 782297911
1 1202765125
1 2938238112
1 2628393260
1 404931860
1 2101061311
1 3691309769
1 35227273
1 1560619505
1 1183372269
1 2334210325
1 4035525169
1 2033633448
1 3874034772
1 2250063193
1 2931492300
1 2398394522
1 296586930
1 2532438317
1 2707966049
1 487779880
1 4182465715
1 1860782123
1 1052888940
1 229948884
1 2375538327
1 2990757746
1 104772277
1 3639641186
1 3493970477
1 3023659937
1 150903558
2
1 3609489856
1 2082017940
1 3030420297
1 2333535722
1 2085735414
1 4292391145
1 2471940141
1 345057527
1 2100974428
1 2709962726
1 1540452908
1 3931023215
1 2556509376
1 3542191636
1 620535043
1 1761541195
1 3310905419
1 939256195
1 687896627
1 211504182
1 2853245586
1 84028820
1 1554399483
1 213518481
1 508525732
1 1889183659
1 2936336667
1 3332519071
1 1308867215
1 2812909032
1 3761600762
1 2750364003
1 1642408952
1 2687991876
1 2594438347
1 2373450156
1 703994444
1 1429203283
1 398703220
1 1978642063
1 619219599
1 4050423317
1 2972064402
1 749280710
1 1779396319
1 2037839498
1 338655031
1 771390185
1 3126607152
1 1418238711
1 3446796996
1 2030527080
1 1105018455
1 369420224
1 3247931135
1 1857107749
1 557893896
1 1025975808
1 3577895768
1 1335287161
1 3007742367
1 2759980160
1 1101145213
1 2405167306
1 1170248127
1 384044540
1 1552956389
1 683973933
1 1821251243
1 1546777813
1 1947902685
1 2755843020
1 4218421239
1 2955016297
1 1575729628
1 2759830183
1 3050082752
1 1154759303
1 2686627605
1 3598614567
1 3331462998
1 3408527056
1 686854824
2
1 2250342440
1 1511343326
1 1334342280
1 2446064406
1 588499894
2
1 1619076241
1 3101057526
1 1399794046
1 693042710
1 982974137
1 1831676725
1 2951447278
1 1450474826
1 1506813727
1 795074795
1 857686888
1 20101760
1 3942154339
1 309258114
1 998795206
1 3909128753
1 262260125
1 4109678152
1 2775939405
1 941264936
1 1466720777
1 2535032760
1 3906274403
1 3932276178
1 1839053631
1 1962334037
1 419322586
1 2651614064
1 1001819716
1 3445612565
2
1 4137687139
1 3283368097
1 722423754
1 1738615538
1 1729557715
1 505646168
1 379235714
1 538534759
1 1063720067
1 1050682180
1 3684081675
1 2456735096
1 105918805
1 827435424
1 1969089447
1 1484389308
1 3901324530
1 916672782
1 1205694847
1 2879091850
1 3044933049
1 3283398889
1 1874577853
1 2214971385
1 988729364
1 2540351871
1 1782808577
1 2248547027
1 2102188072
1 2338772770
1 3918810045
1 2381195137
1 1837425300
1 1805533292
1 4072200410
1 1526058426
1 658167531
1 792912296
1 3434337905
1 331611424
1 410967070
1 1178183352
1 3173080577
1 150447238
1 277958676
1 3364094332
1 3848025078
3
1 966059137
1 3643743290
1 2447343936
1 813669289
1 1296428920
1 971047347
1 3537075808
1 4282806826
1 2263955712
1 3183463768
1 3163998955
1 123785211
1 3310290830
1 833644587
1 2372268322
1 2467965990
1 1531964163
3
1 2094805700
1 469504089
1 2949629292
1 2779198085
1 280548945
1 627443740
1 1572275230
1 526873933
1 2906978516
1 2422883536
1 2114922019
1 2224818703
1 1448903024
1 1427195568
1 2285548528
1 1961670684
1 687446900
1 4178577419
1 2800532398
1 2996438980
1 2221299643
1 1387513913
1 2589370453
1 1090503377
1 3892906292
1 4210064148
1 3041909834
1 2023769323
1 3801390476
1 508380690
1 1765536419
1 2192784720
1 2319272875
1 2522004549
1 1975472431
1 2366160299
1 1501181360
1 1862992226
1 2453977659
1 926138289
1 2238956011
1 1118764499
1 118788414
1 2011559062
1 4051712206
1 2607587256
1 2495482027
1 2721719525
1 1028385972
1 4117868087
1 2554176142
1 1521512537
1 1231795249
1 3153326258
1 1762035350
2
1 4198764306
1 1983766671
1 1152018011
1 1322942294
1 3913641293
1 3280508919
1 1237844714
1 1646755207
1 2901403641
1 1588435838
2
1 3789924038
1 1436658915
1 1038980022
1 2461253956
1 408710861
1 661984943
1 2644647775
1 1892182318
1 105153793
1 2968633888
1 3065740957
1 3425844261
1 117056815
1 249953514
1 1053141029
1 4247568634
1 487278835
1 1762600827
1 3296466051
1 2826451500
1 3501344669
1 1496437062
1 3840506781
1 1592580316
1 1422702680
1 4245659050
1 1447407152
1 18442559
1 983627414
2
1 2314419772
1 1218499135
1 2744582441
1 3054512217
1 1042166049
1 3605581277
1 1151467678
1 58134812
1 2079676434
1 344726012
1 1732137840
1 728746104
1 3286437106
1 3312748448
1 3909760497
1 2479194887
1 3039836264
1 1732932574
1 4113323397
1 3141827699
1 524730809
1 513882884
1 3253485850
1 1887133743
1 2318894377
1 1158868970
1 1757847069
1 3546128742
1 4080744707
1 1750778747
1 2387839188
3
1 1812575834
1 3340829237
1 2218771609
1 1060840112
1 2764410971
2
1 3399660628
1 1995929945
1 4111362971
1 1328804386
1 2643009275
1 2268340591
1 1727947005
1 1850718445
1 1017966193
1 4269332694
1 3586753167
1 492502788
1 1320301345
1 3631153962
2
1 1358090603
1 3906241670
1 2703483312
1 3630317142
1 707752666
1 1572686667
1 2302516690
1 1643896094
1 2420287422
1 3826118237
1 321571625
1 4124735804
1 3095754881
1 860991254
1 348024576
1 515607273
3
1 4094962321
1 612712389
1 242667959
1 3614820752
1 1083100491
1 3055182460
1 1457371292
1 3255185786
1 3014614031
1 3615952395
1 1446879834
1 722896837
1 2469338107
1 2104079485
1 107093670
1 1625423392
1 1409259554
1 3233018924
1 4175520628
1 2865512194
1 4251458045
1 1224197049
1 4013610771
1 3606474894
1 1440057042
1 1593475878
1 3010442421
1 2338646271
1 1335056724
2
1 3729486689
1 3121962301
1 961090149
1 3535921715
1 1714974786
1 4158943777
1 2277189600
1 3775224398
1 3410895518
1 1457292718
1 141796885
1 1400145318
1 4116020715
1 3162461030
1 2668289448
1 3952388562
1 3750125051
1 431714949
1 825498990
1 788007309
1 2742213799
1 1701813032
1 354512120
1 968346076
1 4260063727
1 2836715123
1 1452942096
1 197412823
1 2732038410
1 1235161240
1 2735794792
1 4072725159
1 339591605
1 1271750613
1 351026073
1 1454676545
1 1397172566
1 1532041972
1 4193666853
1 2092318074
1 3969290804
1 137142094
1 3731004310
1 2532092914
1 1540970163
1 1485213529
1 1970559055
2
1 3006224745
1 3716903571
1 112396426
1 3148069675
1 2203712173
1 926778851
1 3498715698
1 4224763441
1 762120885
1 3405552572
1 592069744
1 1139002997
1 2043794010
1 850738776
1 3216654994
1 643647053
1 2275395996
1 693394545
1 723335405
1 3908453523
1 787637840
1 1986957846
3
1 1387469833
1 156191633
1 2436125934
1 2218049741
1 869859034
1 4003906879
1 679120150
1 3038943702
1 1768817690
1 775575476
1 503090906
1 1085020327
1 3640482365
2
1 2649758019
1 4238904898
1 2827640721
1 596400444
1 2792032454
1 2656920561
1 3295075718
1 91739155
1 2266858612
1 2467664337
1 4062634889
1 2830068142
1 824591346
1 2576607374
1 2434207868
1 2683394982
1 885395407
2
1 1309169902
1 1984336781
1 3277617748
1 2811814445
1 540041008
1 2218921979
1 3985464079
1 3374746851
1 890460551
1 1102208475
1 1836902519
1 4115867541
2
1 3428577024
1 2004143507
1 3204089658
1 1436873826
1 1558064316
1 1639340061
1 1953049768
1 1064480268
1 3150020892
1 181659974
1 893183685
1 2016040126
1 43884898
1 1051512887
1 4294948354
1 4010707886
1 1823691967
1 1855675064
1 97578854
1 3881769710
1 2846466608
1 629431056
3
1 2721423192
1 3178543426
1 2042531249
1 4250889112
1 4044681180
1 427497899
1 300590069
1 2601948346
1 839262649
1 1087475967
1 2016785860
1 2783679652
1 1233387664
1 2178990440
1 3978691673
1 3332471452
1 3733834714
1 3540654200
1 2723026469
1 1692080778
1 3928803444
1 394655206
1 3616337314
1 2263705919
1 1405555458
1 294512504
1 4008752212
1 181598211
1 855517188
1 4087323790
1 3413259717
1 980826159
1 259995025
1 4093453271
1 3194006794
1 3141049626
1 2552632191
1 4125452
1 725532546
1 4112446577
1 3506305687
2
1 2731242180
1 459462337
1 2848426222
1 1021591529
1 2422986648
1 303248133
1 1235650586
1 3151743235
1 3659955274
1 1713881070
1 2379561382
1 2444444411
1 2427178569
1 2836882503
1 1978632337
1 1242558802
1 3462465368
1 2095975878
1 634427244
1 1931097064
1 797004327
1 2798254421
2
1 3034051742
1 2577473981
1 2187184848
1 2473023196
1 313213524
1 1555435899
1 2215915336
1 4126817636
1 64383707
1 2341802207
1 2210044157
1 3065526058
1 3022496875
2
1 812694336
1 2459660405
1 1022148169
2
1 3324289659
1 835793876
1 2468896455
1 2805537273
1 3491065566
1 728323008
1 111784430
1 1186284965
1 739121610
1 1425807606
1 2009472113
1 4038903885
1 3674318830
1 1980523900
1 440816316
1 3668583743
1 2343060721
1 3285465127
1 770019381
1 3181072738
2
1 377562598
1 4229787799
1 1075685947
1 1386845897
1 2055247529
1 2769211032
1 1862126921
1 2088347206
1 3828074192
1 1320198887
1 4114023113
1 2159187409
1 480431135
1 886885937
1 1164831656
1 1046073197
1 1468187361
1 3921045066
1 1726558512
1 863135103
1 1699097188
1 3984898381
1 1787241237
1 3033860820
1 2565372202
1 2890322122
1 3949168599
1 2747870359
1 3615790196
1 2073562934
1 2648341072
1 515257673
1 684707891
1 3472120574
1 2899613070
1 1015977338
1 1032078649
1 651811052
1 1430050015
1 3952203825
1 3044395438
1 3552086332
1 1896718268
1 2890425063
1 3829369678
1 3895429296
1 1201495453
1 4123713500
1 3322711204
1 884972053
1 385168817
1 3257319881
1 4181059920
1 2814574517
1 4011354142
1 567995226
1 4019825341
1 1262948903
1 2345840183
1 2581286741
2
1 3931648156
1 941517244
1 828140884
1 3882671653
1 3029569738
1 3185646852
1 4169084626
1 985127268
1 1728119328
1 1650996197
1 3547159221
1 243164378
1 1702756742
1 3532711029
1 890854101
1 696383702
1 3512822809
1 2482456122
1 2445055367
1 3827542836
1 4286652712
1 2020325160
1 3718997433
1 1870612715
1 1690372208
1 487783884
1 1128265783
1 2985155444
1 580141050
1 2018033673
1 2067113353
1 2578623837
1 2624220792
1 492513158
1 1094056012
1 2636062396
1 972297711
1 1629918658
1 1609369178
1 1517857921
1 1641582628
2
1 2007559385
1 799012693
1 2610378375
1 924155830
1 905285886
1 213414174
1 1032727509
1 3005273553
1 4136991229
1 4032002507
1 500584068
1 2617066823
1 242440702
1 1896392640
1 2620398526
1 3033049949
1 548358883
1 520805765
1 3223902990
1 73728973
1 2857683035
1 430026301
1 227932333
1 1912722459
1 4013492614
1 3479889897
1 1658284693
1 3771953107
1 1277749115
1 437173321
1 2969305437
1 3151704044
1 4290239222
1 1885827298
1 1016541942
1 3523152938
1 1000908925
1 2047384757
1 562908206
1 305623498
1 4212646400
1 2969961767
1 2515452617
1 562247938
1 3373952994
1 725806511
1 2676922650
1 2650948490
1 1375993521
1 3664253803
1 206858562
1 871817430
1 3348968793
1 422237424
1 4292163579
1 1740306108
1 2283441270
1 3000869728
1 1451925542
1 3309809335
1 3379327736
1 2424163169
1 3165761328
1 1369220725
1 2653757780
1 2839420006
1 1922725691
1 3090191850
1 2511352546
1 1965394010
1 2808895909
1 806979387
1 3695214685
1 2214553462
1 792730755
1 1361197553
1 3409586151
1 1361791001
1 146914478
1 1137193784
2
1 225368842
2
1 2806663918
1 2203483897
1 1834342374
1 3583247788
1 2818710060
1 867864256
1 2973105729
1 1866358277
1 235043166
1 1310385160
1 1094976408
1 344735423
1 236975162
1 2263670157
1 3077363379
1 622051009
1 3023228534
1 1443492181
1 2614324061
1 2052511163
1 27904263
1 3281878266
1 326765419
1 2863859327
1 1256238196
1 28302556
1 91380238
1 1371781795
1 5044550
1 1955956426
1 1784630118
1 3184707731
1 2908249169
1 1370529207
1 3703833820
2
1 1342229171
1 3986644824
1 3433174476
1 3467960145
1 2310396076
1 2046209424
1 3557958435
1 1375973401
1 3592175307
1 487764445
1 4172916598
1 250958734
1 2639135632
1 1266026439
1 3845590338
1 2973359081
1 2369789487
1 2547890310
2
1 924205714
1 3381714651
1 3225250879
1 2325415507
1 459739665
1 1758267950
1 1396032803
1 3442962718
1 3360359662
1 4265949531
1 1487682844
1 3048151819
1 4174152687
1 3095557659
1 1662142182
1 3920838224
1 2937799774
1 656135038
1 1586530279
1 68684060
1 2564169826
1 1039368147
1 472777697
1 4194022074
1 3955487952
1 1109171298
1 4079172825
1 1262531485
1 2588541460
1 953049502
1 3338943924
1 716481424
1 3546395485
1 2923294629
1 3549760324
1 2057473629
1 542714855
1 884744301
1 218000120
1 2910477326
1 1748872975
1 2318737865
1 1498136137
1 2791857770
1 3290163013
1 1343470069
1 796817802
1 2814586180
1 3786866348
1 3955379767
1 3836242159
1 3701239819
1 2779065914
1 1689466852
1 2482716229
1 1843764590
2
1 3197877052
1 4147113393
1 2876161053
1 3625633235
1 1174588414
1 698756410
1 3811098666
1 2427031149
1 452349216
1 4235331235
1 2263950590
1 2573611953
1 765253120
1 2424708014
2
1 3445850258
1 2292467589
1 4256693954
1 2239322079
1 3865282297
2
1 1621828007
2
1 3423804262
1 197537345
1 3726038776
1 2799015887
1 2101795377
1 2315864735
1 1166449819
1 2910041204
1 2685512839
1 2669031831
1 2171589802
1 4104803658
1 3271537782
1 336299426
1 4120352979
1 2390818706
1 323201848
1 1626361440
1 497760375
1 2379340132
1 1332925861
1 2192928587
1 3958925802
1 2488294023
1 3981053679
1 2219755232
1 2002667448
1 4213576905
1 3488295940
2
1 3326385377
1 308700667
1 2978030786
1 1347913182
1 2359812321
1 1694264038
1 172671128
1 472456691
1 914439783
1 1703624321
1 1927877372
1 2334883997
1 3910494833
1 3774654343
1 1277439634
1 483719009
1 4201098351
1 3180330987
1 3150087344
1 2374931855
1 1995127068
1 674817372
1 144296666
1 3335117115
1 3597665462
1 40212595
1 3862257033
1 3687901131
1 1110814742
1 1061471436
1 1434527377
1 3794804316
1 3452094738
1 1690280216
1 2811272282
1 3610935081
1 3271336502
1 3745821377
1 1933734170
1 2844963025
1 868242639
1 1645953496
1 1559830439
1 895939959
1 2585459713
1 290957728
1 3424861564
1 2905795941
1 2734473702
3
1 298980107
1 1364852001
1 2446627712
1 2231411233
1 1259072430
1 1368923960
1 4151691855
1 2658107745
1 3886375496
1 3388379484
1 556303396
1 3428023169
1 6921122
2
1 1853644834
1 3381752413
1 1387041558
1 2478885468
1 3711532784
1 1228223057
1 2901759226
1 2133700481
1 2457312435
1 304909361
1 3253321911
1 378880296
1 2764216571
1 3201028882
1 1421080776
1 2875040184
1 1105024547
1 3507566299
1 2216048915
1 3579534416
1 958086778
1 2288868258
1 4207118659
1 1252187957
1 1771924060
1 4248709274
1 1034106319
1 898023082
1 150918422
1 1875467481
1 3764121812
1 573926176
1 3361230932
1 3645846358
1 91915460
1 2494509616
1 3010610510
1 192058714
1 826394428
1 544222665
1 1495494388
1 356580974
1 41674848
1 2377590312
1 1670919786
1 779370967
1 774185383
1 1235713600
1 3772298214
1 3777152811
1 1665232527
1 78482018
1 81014204
1 471607410
1 1548397918
1 1559985260
1 622307637
1 3960424767
1 99505448
1 2258561459
1 1303004025
1 2284908174
1 2487239534
1 1170266593
1 2449514678
1 1692198080
1 2761878321
1 1844783613
1 2152955981
1 2567531053
1 148527950
1 774569361
1 3988238322
1 3470321739
1 1894113954
1 3937941693
1 373996605
1 2207268232
1 1774348154
1 1491074355
1 2564048712
1 1529811739
1 49140907
1 3006381402
1 3553379855
1 2055482659
1 1036224137
1 1101258364
1 3721681772
1 3979571169
1 1406685007
1 3154266579
1 1295447572
1 1194063606
1 3645557619
1 4189407637
1 1301424320
1 2495005019
1 1677654969
1 2297292566
1 435154175
1 2890792150
1 1659488833
1 209022798
1 2566734059
1 1505583846
1 2910270134
1 548215375
1 3597921302
2
1 3553605120
1 1793820339
1 1143375751
1 2200178902
1 2456432686
1 2133091300
1 1793166613
1 1954102935
1 1115110366
1 641458994
1 2123604070
1 1969843565
1 1211547575
1 2314177747
1 580885726
1 244764599
1 840532896
1 365791575
1 618010789
1 1704811520
1 3068338212
1 1297547962
1 2800050862
1 1212521187
1 238071511
1 1820560456
1 3868964806
1 625376272
1 655758514
1 543113809
1 426539037
1 774322112
1 1863326107
1 2624074412
1 945161053
1 3607764051
1 3394850937
2
1 2865339294
1 2269448839
1 1640069636
1 1350688121
1 1046669066
1 661627765
1 3443274987
3
1 3017360495
1 2399560644
1 1612308203
1 4093976224
1 1691393829
1 2182075407
1 44659978
1 421215222
1 2002486397
1 3239029066
1 563716765
1 2478887856
1 1995640759
1 3555787973
1 2282887080
1 4269349590
1 4219576461
1 4255830061
1 3712196104
1 812110239
1 1421887292
1 3613244930
1 2502931310
1 3149907929
1 344587308
1 2199391203
1 3702906058
1 971061808
1 1962771931
1 2031030266
1 3253583891
1 1425378705
1 297752654
1 188010293
1 1837221347
1 2832257188
1 3903812397
1 2332972839
1 268581747
1 3025346468
1 2050089913
1 3230753631
1 2001946851
1 2831336455
1 2077190067
1 291490232
1 2220161199
1 1927818865
1 1350718981
1 772283926
1 392581623
1 389949914
1 808256491
1 425080739
1 2536836884
1 2305175406
1 3493101979
1 125223767
1 1016877678
2
1 4136703384
1 1331631240
1 735672085
1 2333480639
1 130847695
1 1267904183
1 3626099000
1 2001003236
1 2681226795
1 327059509
1 2324147405
1 3003031855
1 2284973543
1 1334934086
1 3824998911
1 1666925274
1 243310078
1 1562056407
1 2770579727
2
1 3742379019
1 2020120815
1 2628499139
1 3865757905
1 958767637
1 2289442112
1 1223584393
1 1708448399
2
1 1005942404
1 3098099385
1 99631316
1 1394938895
1 1943481493
1 534092728
1 2270654713
1 1156191005
1 1588144279
1 1826184486
1 1083297592
1 1027220699
1 2762038154
1 2922841673
2
1 2365888998
1 496577126
1 4065278766
1 2918494703
1 712760852
1 3658779533
1 3625662406
1 51604057
1 2716060673
1 3317746741
1 2239794436
1 2437963238
1 1102174506
1 1339002574
1 167517855
1 1969908566
1 4017140064
1 1175310723
1 3334608947
1 3566433129
1 3726341617
1 585941018
1 3424577820
1 135620245
1 2988112670
1 2075320716
1 3166178255
1 2221508924
1 2539476709
1 3538433454
3
1 1561959756
1 2256284957
1 251933854
1 1801263033
1 4140664822
1 3305961553
1 4280134201
1 2086604614
1 1655369411
1 2837098547
1 3937372641
1 1393697394
1 4040575508
1 3155844099
1 864949178
1 665308032
1 2064752675
1 1753826126
1 922901345
1 1330493799
1 1695731310
1 2561099975
1 1786988293
1 1312601648
2
1 1767160770
1 1868253670
1 278567029
1 835999054
1 3057366250
1 2554832123
1 1843068249
1 2015271065
1 938477986
1 1811389027
1 995156151
1 3674479486
1 2066256420
1 440633579
1 1239632716
2
1 1851416611
1 2708187040
1 2467347198
1 1250287993
1 658753521
1 523635741
1 1122852447
1 4288388625
1 2412026150
1 1704204646
1 608675519
1 2414108951
1 105318209
1 3214095520
1 4100763111
1 470652019
1 1826140774
1 4191826340
1 830411698
1 2768188151
1 4037120159
1 2673614200
1 892195680
1 2489967595
1 3278811775
1 847053416
1 1587738601
1 2236795515
1 2774984498
1 3954934128
1 3540202541
1 2771836479
1 2123788708
1 4244204044
1 994313279
1 1064756711
1 1423589379
1 1686910667
1 514866068
2
1 278163608
1 3955887567
1 1568741759
1 377069473
1 3626861244
1 3719122697
1 298661309
1 2280336191
1 2121821916
1 1445638462
1 3690721439
1 4086899897
1 277410906
1 550506643
1 3763167812
1 156939625
1 433067500
1 1920314214
1 400770778
2
1 2035911308
2
1 440142802
1 1583918066
1 3120018394
1 1851963265
1 2310639771
3
1 336399314
1 2855897939
1 4029250654
1 2065286037
1 2915528935
1 839440077
1 335006691
1 2692080179
1 756360733
1 2950750563
1 280036175
1 2826705602
1 1051776847
2
1 2945183923
1 2331557831
1 1818900450
1 4159218952
1 292862205
1 3167540546
1 50458162
1 166426561
2
1 3961898995
1 3491310512
1 1690867096
1 1739033883
1 3616357576
1 3007551642
1 2186312349
1 2722879787
1 571120714
1 1466514859
1 3275030048
1 2082662855
3
1 2561177101
1 4289232761
1 1360122192
1 3905779244
1 2279492454
1 698097988
1 449285497
1 1304947269
1 251430583
1 2707359461
1 162572986
1 3985624127
1 3950152830
1 1012833319
1 155094267
1 1972942768
1 2471970880
1 3992512699
1 2428947789
1 2822048774
1 3207709693
1 3762197917
1 1563653155
1 4047535839
1 3850174895
1 1161323711
1 3723744801
1 945995755
1 713906554
1 2254437687
1 1783505363
1 1921725961
1 1387075441
1 4183354596
1 1366641202
1 2120389407
1 1161408239
1 485130570
1 3327729935
1 1296329569
1 2402846844
1 1017165539
2
1 2924170132
1 2133836596
1 1540402489
2
1 897849291
1 1144442630
1 3657237882
1 52226980
1 590352417
1 2735477260
1 3856782405
1 3008241369
1 3634032911
1 3280060026
1 3477817270
1 3945663233
1 3417425512
1 2758622577
1 3438314735
1 4265673844
1 3111078993
1 1158207425
1 2301508808
3
1 177836320
1 4135168635
1 98184622
1 1328487829
1 1041209441
2
1 3845985285
1 3588564233
1 18920265
1 1079879945
1 2300574533
1 910929555
1 619896696
1 819908003
1 830938396
3
1 2615296360
1 3229609676
1 3029775066
1 1189187002
1 2562310943
1 3258190328
1 2622768873
1 2306926238
1 3944000944
1 2556942595
1 1963816298
1 1526286799
1 454091511
1 2636251820
1 3358032052
1 189366445
1 4271003327
3
1 721422962
1 480188054
1 1962324647
1 746786276
1 3784802555
1 3042862326
2
1 2832919506
1 2085462251
1 3782700260
1 789968422
1 1683767123
1 3507896373
3
1 3399140091
1 1730637603
1 2770817118
1 3864884980
1 300096994
2
1 1144020256
1 3969572259
1 993391668
1 1022375283
1 851842739
1 3954328263
1 719974153
1 1112462173
1 3165665555
1 3888191400
1 1746219245
1 2649833223
1 2025107798
1 282071061
1 170779590
1 1039398824
1 1820288295
1 1802483454
1 2060464209
1 3676711444
1 514749153
1 1639443902
1 627637863
1 2404222672
1 2552067857
1 837572725
1 3341139826
1 202764123
1 1262548769
1 1808682898
1 3141752973
1 485464600
1 3714336578
1 3177144398
1 3571950095
1 3477197192
1 4013834089
1 4054628753
1 1679391504
1 690968517
1 1143057476
1 1742267701
1 2570391459
1 1269171752
1 4270405342
1 1293846036
1 1921202248
1 4158935833
1 1796575465
1 2432974726
1 1676083644
1 2737327082
1 3392319597
1 486437304
1 2094843390
1 28240520
1 639389599
2
1 1517657413
1 2825754755
1 1777090648
1 2408790389
1 1645723059
1 1098739767
1 309339162
1 450967752
1 1562883854
1 1237161994
1 1181408195
1 3376824065
1 2372264621
1 248451282
1 189180676
1 3051186318
1 4115110686
1 2164625151
1 345659685
1 798560185
1 2317135332
1 2122370583
1 2809472733
1 1111641515
1 751435413
1 189311814
1 1363445421
1 2090172093
1 1278657371
1 3095159912
1 285417964
1 1389673766
1 715603838
1 2186542281
1 1992475650
1 3838952343
1 1635846029
1 3820116320
1 3301450965
1 1843617585
1 2863204954
1 1871433841
1 1267868185
1 4120299461
1 978121721
1 486620111
1 2638260475
3
1 4064218397
1 1826706574
1 552890792
2
1 171389116
1 2197767268
1 2843176788
1 1837244119
1 1758531996
1 4244786850
1 452491026
1 1740132234
1 3798616930
1 2685527882
1 2939824493
1 3291752069
1 2424648313
1 1332071667
1 3641769033
1 3219645655
1 645848274
1 4174381055
1 1941525453
1 2079270604
1 1526668614
1 2696996913
1 880926200
1 1922946121
1 3027411269
1 647045342
1 2691312318
1 2385659411
1 2559581341
1 3292830031
1 362501138
1 121234908
1 2673872487
1 3416151405
1 3875805525
1 503788676
1 3878888149
1 4237457632
1 3187033388
1 4120538443
1 453902215
1 2315183493
1 599198469
1 200047909
1 1380960554
1 855553334
1 3971243650
1 3269558242
1 4098382835
1 679481723
2
1 3073300853
1 3963520825
1 3141478220
1 3746121834
1 3228347597
1 3708185858
1 2673018331
1 904056707
1 4035204738
1 2406183421
1 2802765506
1 1597658822
1 803935704
2
1 2230322057
1 134796616
1 2813365296
1 1440796292
1 2934504933
1 251187430
1 172228392
1 2202874721
1 3134255039
1 1947010438
1 4004758215
1 4167524027
1 2572039589
1 2404073735
1 3107605750
1 2660876888
1 4112142319
1 2017085020
2
1 2312018392
1 3804807364
1 796618430
1 62304864
1 3980308835
1 918052342
1 1075667596
1 2531634152
1 4294086131
1 2154139233
1 3248828322
1 4178413410
1 179559846
1 759532811
1 753457775
1 599681104
1 2336188736
1 4112082724
1 4073271623
1 4135998969
1 663512055
1 2263736819
1 1732538658
1 4022158574
2
1 3129377842
1 3970363863
1 155010927
1 2200647858
1 2068522907
1 825368359
1 202863991
2
1 1130240202
1 3122915269
1 668098684
1 174398479
1 45678762
1 1954768358
1 1447996253
1 2690949341
1 1476214442
1 2254190239
1 4247337109
1 1276086979
1 3157120209
1 2019582305
1 2063016248
1 2245498861
3
1 2366237952
2
1 1675648728
1 3803141884
3
1 3155394682
1 265253526
1 4095936912
1 3459787439
1 2664879050
1 717234887
1 769296175
1 1020978335
1 4282419516
1 3247286249
1 320493373
1 2395396562
1 218253139
1 1193093564
1 577872531
1 2189094366
1 4117751060
1 2118063295
1 3595062843
1 3049108690
1 2052771657
1 2951233822
1 3757364778
1 1737412501
1 383924605
1 3524977815
1 2857520282
1 1842561913
1 3276323339
1 131183180
1 3815329567
1 2427774763
1 1083466247
1 439764475
1 1198587072
1 2736793504
1 3232604670
1 1002874543
1 3884320145
1 1755875031
1 1811822721
1 2345401571
1 3861616148
1 3371404100
1 2270266496
1 475112068
1 1175745151
1 1350024971
1 2537591429
1 634618342
1 3465282884
1 4168030043
1 1367656481
1 3138279062
1 2081106211
2
1 3068026662
1 3887612499
1 1888759358
1 3994403510
1 3636582103
1 1697566206
1 1829498451
1 2973632164
1 2420044336
1 4020411181
1 1741919592
1 1874945213
1 3223086718
1 2272723274
1 698008948
1 658048583
1 2252623948
1 3812344498
1 487397479
1 3679274959
1 736414096
1 3345636143
1 2238075477
1 2763003151
1 4231252905
1 1997524634
1 3071971909
1 251779040
1 4059718862
1 3991891652
1 3271809339
1 2331550150
1 3539126323
1 3362599062
1 605426052
1 3449113925
1 1699564260
1 4172456509
3
1 3914480543
2
1 2570698948
1 2708241896
1 3922384117
1 2243662862
1 1901958409
1 3022672492
1 2933416483
1 3730335537
1 375558721
1 4291690505
1 3787786564
1 2196931395
1 1599582405
1 3991076909
1 1259882956
1 1416431379
1 815703193
1 1989029748
1 2278092531
1 427749619
3
1 2502321912
2
2
1 952414532
1 336297763
1 473145982
1 421034437
1 3698972625
1 3257472350
1 668744186
1 2080604987
1 651479419
1 932776793
1 431763671
1 1014764917
1 491153789
1 2562347337
1 2346887464
1 2992610233
1 880194103
1 4214795477
1 3474333200
1 400358142
1 916209352
2
1 3229067301
1 3308998033
1 3574754247
1 3446916371
1 2641799669
2
1 1896776351
1 4205593884
1 837725755
1 4162280206
1 2560069686
1 1955196519
1 575420424
1 3853161472
1 261958353
1 2350954006
1 2125853453
1 1749089685
1 3332537559
1 1907521776
1 2241449308
1 751879406
1 720433411
1 1206789704
1 2839683761
1 917152251
1 3231790148
1 1393837462
1 82018499
1 2161285381
1 2836949973
2
1 1554926674
2
1 2659520668
1 379861689
1 1419036465
1 2792406593
1 1127201219
1 4023359361
1 735505654
1 2588881455
1 3295412119
1 3445132088
1 1061359851
1 1976249137
1 1698706836
1 516612541
1 2435062033
1 3880946318
1 3088227975
1 1512268070
1 1014920208
1 746171166
1 113139932
1 2645732794
1 3652375168
1 1607099567
1 3347968640
1 3777057258
1 3867183809
1 872735630
1 847015912
1 3840499897
1 262013764
1 4247921026
2
1 1094766258
1 3943644923
1 3937164565
1 3646426557
1 5117110
1 1931426359
1 2837588859
1 4268752130
1 2823623831
1 2911236528
1 1868183424
1 677646849
1 1253793503
1 1126795849
2
1 1367245701
1 1970808582
2
1 545123134
1 1746820422
1 2850155955
1 1913540226
1 4251547476
1 354350990
1 3556575567
1 2964190055
1 3198105916
1 1483809616
1 547786580
1 2653269880
1 1680281236
1 403196256
1 2893344501
1 3092779878
1 949692567
1 2878903744
1 383908840
1 2855426548
1 3171535290
1 2563131315
1 2762500744
1 4192939739
1 17531597
1 1298634727
1 1998586051
1 1499313515
3
1 765905426
1 25356619
1 471514948
1 960603749
1 467022937
1 1466978803
1 1004862641
1 2048687345
1 729796412
1 1279708109
1 1924750304
1 1802031043
1 1110312454
1 1922778273
1 3612332580
1 1020807363
1 3682333124
1 4093646834
1 3998247358
1 3151976845
1 3164216665
1 1214572413
1 3395109018
1 2753386579
1 1120255740
1 3990400577
1 2143835324
2
1 1533970619
1 947294779
1 3318469381
1 3631099407
1 1113312166
1 1511880118
2
1 2651858840
1 1589879178
1 3712963396
1 1407499010
1 979381832
1 4124270062
1 2468792830
1 760620745
1 4226193650
1 3092300995
1 1102246117
1 2624605993
1 382662247
1 1265815708
1 2077614964
1 989984063
1 3303287909
1 3103640498
1 840156792
1 1936167208
1 305314046
1 1721379617
1 3673607130
1 229017300
1 1535270995
1 75844267
1 1834668514
1 62345439
1 4128057757
1 2897895127
1 1489458206
1 922525209
1 607185784
1 3811985545
1 3964328729
1 3879650429
1 2286610456
1 1214549966
1 2703843329
1 2709782513
1 730122374
1 2965244033
1 1929288811
1 4027394936
1 1235513238
1 1280624191
1 1659244986
1 3183720729
1 2335465236
1 207349707
1 3128071456
1 696220770
1 259049769
1 342667738
1 1901382904
1 1175710148
1 4204752529
1 879895165
1 2731475262
1 133401546
1 2716703806
1 99504019
1 1542458644
1 1982313750
1 4126237407
1 16679414
1 1894935613
1 532845852
1 2242625829
1 4177346833
1 2597385050
1 3980735945
3
1 2497481932
1 2598964274
1 2770192599
1 2465055650
1 3562392172
1 3546064336
1 2906134812
1 2817303607
1 2458388607
2
1 2184465713
1 1337085047
1 4237723704
1 3727865226
1 3489261858
1 3379044869
1 929060491
1 14378059
1 1074289039
1 3575741223
1 602524808
1 3060435783
1 4202496221
1 3387092821
1 309262838
1 2696480126
1 3285810466
1 1462040032
3
1 1695074704
1 1929653945
1 2530694666
1 1568724897
1 2353363005
1 1119468347
1 3048033896
1 2814636334
1 2245054647
1 3629521704
1 1974181575
1 930776026
1 1350608351
1 1552847758
1 4113860146
1 899296857
1 552358887
1 3226668927
1 3041971816
1 3657701562
1 445970069
1 2909572231
1 4022152328
1 1508761953
1 2077827558
1 3082873609
1 1597049143
1 2526502913
1 1682155221
1 1354773407
1 1532954503
1 3255170268
1 771381805
1 3886018291
1 2789884713
1 314840103
1 917769849
1 3841856314
1 3525259633
1 328334747
1 3878902691
1 2645182588
1 2959217684
1 368220799
1 3520312531
2
1 3128575594
1 2443695775
1 2056726566
1 3737944470
1 359086878
1 1262825678
1 630023047
1 2990118158
1 4284857913
1 698362149
1 1046659324
1 400352613
1 2442500945
1 1721105937
1 2515650095
1 750208503
1 983397422
1 1674921479
1 2321488544
1 4014403994
1 568180696
1 3259225977
1 1495900516
1 1296864817
1 4108002191
1 2269989473
1 309523283
2
1 53467374
1 2348484380
1 3817213113
1 2778363098
1 1541450523
1 1738011681
1 2433305364
1 1677893558
1 2127295000
1 3803281976
1 3803044294
1 1630415394
1 2373520302
1 3502277206
2
1 763977770
1 3601340045
1 1167786445
1 3359665473
1 1508244504
1 477207764
1 3012699378
1 4008500690
1 1625687392
1 3410538089
1 3223733133
1 3227537847
1 3518839055
1 1488634005
1 2645603993
1 2817242841
1 2568291801
1 3692071586
1 3601176959
1 1446887286
1 2338126160
1 4279878552
1 1420751839
1 1208870409
1 3488011454
1 2209689247
1 600271317
1 1818372595
1 1138724566
1 3990752302
1 4233645941
1 3700659099
1 1138393805
1 1144238470
1 1487811140
1 789365535
1 1098391952
1 3377046472
1 1263929473
1 782449799
1 1190127312
1 3154032227
2
1 4153842952
1 1626672934
1 970339795
1 3733579348
1 2967732055
1 592362485
1 409144021
1 3974620736
1 255313912
1 4261406564
1 3190603226
1 4085665475
1 3005731856
1 3193692345
1 2144282202
1 785657991
1 3124769197
1 2245169804
2
1 3980556941
1 3166123042
1 3684040862
1 4163419213
1 2097640794
1 4252278848
1 179210068
1 3181331748
1 1552063725
1 1961045672
1 2572367057
1 3909783426
1 4059321158
1 1842546717
1 2119840096
3
1 3709775128
1 3452327841
1 3842353060
2
1 656683708
1 3990435750
1 560335137
1 814142613
1 968460949
1 1112937319
1 801865459
1 3331377875
1 3902013416
1 3535524702
1 1330434822
1 379321329
1 692907388
1 2630021773
1 4039396912
1 863504612
1 213680207
1 2624045318
1 1007465566
1 3690244559
1 2799024690
1 4061866507
1 1662302632
1 2048495170
1 2299245531
1 3727036979
1 779150084
1 3081599768
1 3090629378
1 1190555081
1 1825043452
1 3303351850
1 4008986480
1 1180982266
1 1797162394
1 1657498457
1 2005941315
1 1428708670
2
1 3881832998
2
1 1638211419
1 533428243
1 3709353967
1 1832634809
1 3665147656
1 2882196505
1 956838873
1 1698129623
1 3208346952
1 1493727760
1 2831152911
1 4137059753
1 1512462605
1 3545493135
1 5477108
1 3535806152
1 3090076430
1 239428913
1 4046596852
1 3744054355
1 162510735
1 541630917
1 2399824765
1 2303370352
1 1535658226
1 3875516513
1 3863398464
1 3227567578
3
1 589559312
1 3313769133
1 2218960435
2
1 1172543861
1 3651463590
1 3264899375
1 1837251865
1 3635726976
1 2308583411
1 2693949135
1 3560787203
1 3541081119
1 932893701
1 1470111840
1 2503129315
1 2729841518
1 3134062548
1 4096809178
1 3641942841
3
2
1 936697728
1 4206249617
1 754414017
1 151104873
1 2922307416
2
1 1954011731
1 1851869894
1 1204615949
1 1451556876
1 2494965593
1 2966249924
1 4285239794
1 3569485649
1 2028073883
1 3334867611
1 1156155146
1 3272652224
1 3416621404
1 951043924
1 743020639
1 3871126826
1 2417905713
1 977250700
1 961231993
1 3386418026
1 3456425501
1 1721208874
1 766081231
1 3573334012
1 4258015931
1 226963924
1 233275051
1 1980012301
1 1175740427
1 730992405
1 2590341253
1 1240216421
1 2426574223
1 1037061147
1 1396267647
1 2789268523
1 1301128824
1 2267687652
1 289733488
1 3413084968
1 2563771747
1 1309290779
1 2068039459
1 190865974
1 2789723578
1 1431505123
1 1735990401
2
1 2671845634
1 6335314
1 628359881
1 198743831
1 1292539610
1 1423111033
1 823826214
1 1601951
1 1359448409
1 274997551
1 1444073245
1 1851769085
2
1 4187041017
1 2240727348
1 513504599
1 72328564
1 4142054156
1 2818584284
1 775280234
1 2046244323
1 1741795953
1 589339172
1 1645359776
1 114170544
1 947992421
1 2416775563
1 576100004
1 3550052815
1 154462169
1 3160135703
1 2167355833
1 2573600913
1 3620963720
1 1223716929
1 1280797901
1 2997773370
1 2578875026
1 3936011042
1 2716981761
1 1895592830
1 2020569997
1 1269114550
1 3157407857
1 1037067333
1 1181701870
1 2108476842
1 970134955
1 3988412572
1 2860850510
1 2682494842
1 360734888
1 2808281040
1 1760896786
1 216335266
1 3823750329
1 1673901905
2
1 2600742503
1 2772361826
1 3130856190
1 4127553862
1 656238168
1 3293449922
1 2014423403
1 1461641365
2
1 4211984928
1 303725556
1 85074266
1 1290333366
1 41457858
1 2630351356
1 638050917
1 2456828151
1 467042824
1 2048318094
1 2931895402
1 10296959
1 2092436996
1 4281736948
1 3645518767
2
1 987971218
1 2449038483
1 300849363
1 667495728
1 721067072
1 1240852629
1 2938545677
1 2624468442
1 2282568919
1 2193546039
2
1 322065727
1 2380530847
1 1304767408
1 2933518177
1 2274927941
1 1959741287
1 2083131328
1 3133931980
1 1025535774
1 3675909949
1 3717321331
1 3051825335
1 2055055121
1 1192754163
1 1043297468
1 1015529259
1 1186635885
1 2893979490
1 2443299065
1 1132218285
1 201958355
1 4045184174
1 4224498228
1 450903639
1 2212279313
1 3976228440
1 2206996440
1 3874353056
1 1437206662
1 2691603753
1 2771272759
1 3961336582
1 2980925960
1 363182884
1 3456592721
1 3731720295
1 3163824316
1 911888963
1 1155298503
1 1704998178
1 674200615
1 3572016419
1 2850296309
1 3720111577
1 3400917935
1 1660686690
1 779595571
1 3883190102
1 4160089864
2
1 2671338804
3
1 2935155461
1 2399947774
1 3151838769
1 2503516669
1 3404518658
1 596248853
1 691781195
1 769481777
1 996160574
1 1931617341
1 1306621617
1 837628438
1 3817467044
1 3776441588
1 2260851202
1 550188176
1 4098727740
1 1046863660
1 797178511
1 276993796
1 2459965086
1 2018776659
1 1708899823
1 1770025214
1 3369702407
1 3277399407
1 3644918731
1 1313697985
1 2221058776
1 1090139390
1 536061010
1 1027322180
1 582698559
1 3852191694
1 600341615
1 338664901
1 2912241080
1 3143899673
1 1605659551
1 406630533
1 2977580947
1 3953239619
1 1091526072
1 3381028626
1 15164784
1 3622812413
1 2065949699
1 1474543108
1 2763676341
1 44846991
1 151758579
1 335178938
1 3482127169
1 1207711623
1 3676168010
1 2275427910
1 75440693
1 1728801186
1 1890581798
1 2374650959
1 3068409833
1 3368031517
1 1717257342
1 2345774214
1 2805797080
1 3022279872
1 2978069543
1 745979251
1 457751501
1 1074269684
1 887101822
1 2890488124
1 761682939
1 1000862631
1 1244785715
1 3463317812
1 2762351778
1 2500124390
1 4164060065
1 604847152
1 3555232782
1 765811366
1 371813592
1 3655576999
1 2600214711
1 2534199199
1 2260154213
1 3218281061
1 3088115441
1 1135037115
1 1721858450
1 3206784580
1 3482518209
1 925169988
1 50682391
1 1204233432
1 4011733249
1 609867469
1 1078265970
1 802770117
1 2156042157
1 2655401086
1 2703483345
1 3586785879
3
1 2126331245
1 1156302898
1 1914700085
1 2881677552
1 2838039064
1 1342577084
1 1680431595
1 3274950177
1 508031334
1 2701163962
1 222503543
1 544804055
2
1 1773851346
3
1 1123391914
1 1162433374
1 2108795078
1 3463525025
1 3642443961
1 933083614
1 339855643
1 2444051036
1 3461239152
1 1234594937
1 3436920684
1 2179427629
1 4011853184
2
2
1 2427109014
1 3986709099
1 2269857431
1 3193593171
1 1426378853
1 2202710860
1 1391867911
1 2855499606
1 3306280892
1 3405585684
1 3886806664
1 1015106764
1 1430486930
1 94527349
1 2580502155
1 1945828889
1 1791974840
1 4195100644
1 736490645
1 9670495
1 272761948
1 4065250987
1 2117463976
1 990057812
2
2
1 1494718276
1 1093427104
1 3942859167
1 2346409715
1 2559359001
1 4234463817
1 139452627
2
1 4092851277
1 4196665436
1 1167551325
1 417677636
1 1261674954
1 3046454779
2
1 4155296055
1 2537825810
1 4247448727
1 3897700427
1 1083204641
1 994954962
1 1944847660
1 2420820303
2
1 2742778601
1 3547213143
1 2244624161
1 424003267
1 600871127
1 1414938911
1 3452379667
1 436723245
1 732129560
1 698216814
1 4043331906
1 2911310127
1 3001115802
2
1 2844653151
1 2375585827
1 3498616598
1 2322989714
1 861883373
1 272637637
1 247476594
1 1259427659
1 1733017968
1 2286376188
1 1079403209
1 1477794263
1 1994926540
1 3545560328
1 3186807097
1 1044885710
1 1730247493
1 4024425204
1 3645039435
1 4124188819
1 4062132308
1 2155469051
1 2942220676
1 3495879053
1 2542558999
1 492887541
1 304232996
1 2660952732
1 1896791817
1 677273374
1 3915857306
1 1560335775
1 1666562000
1 523426161
1 4017081257
1 3796878535
1 4264527425
1 1311691451
1 2627014304
1 2100384785
1 2669309083
1 4039016063
1 3227972608
1 3923761324
1 1667099626
1 1889558292
1 590625326
1 3935570117
1 2335918530
1 3443202173
1 3475049462
1 2645404140
1 987414247
1 3067734487
1 64616387
1 329514441
1 464621649
1 796958502
1 2786713993
1 4209146727
1 1014793624
1 4150722742
1 2354578029
1 2385945842
1 2273907245
1 2820051338
1 3942628222
1 2779395177
1 1418593811
1 975455207
2
1 382521544
1 578737517
1 1835621829
1 1505824514
1 436673380
1 319195111
1 3617143772
1 1404992977
1 2489798086
1 215782792
1 1393733948
1 1399601689
1 2149677380
1 1809110554
1 297141316
1 1144850474
2
1 3976540428
1 3576515301
1 3104809861
2
1 3138071866
1 3924183806
1 1279610830
1 3379013419
1 3938775420
3
1 2747786692
1 823317207
1 3637810104
2
1 3320914054
1 2070361242
1 2103588253
2
1 3813059211
1 1406657162
1 2920255451
1 1625223898
2
1 2057567484
1 2261399498
1 3959820148
1 1169377295
1 2279615186
1 2999664541
1 4064420458
1 3503240707
1 2806356206
1 1754590266
1 3818313296
1 1755799246
1 4065402194
1 2166487890
1 1173621854
1 3144484306
1 3847315793
1 3114050778
1 2729927562
1 3820827107
1 4048922831
1 898347785
1 206172205
1 672582170
1 253202482
1 490630150
1 2743559354
1 3827254694
1 3359536084
1 2383603417
1 4077185177
1 645117081
1 3044116435
1 2504296367
1 125154992
1 2204903648
1 3654757125
1 3688891233
1 1682389241
1 29148677
1 3602370603
1 2971048031
1 1396121578
2
1 1025534898
1 2558000658
1 2908937044
1 754683
1 3974048784
1 1097919205
1 3129090366
1 1339342283
1 3355605742
1 3438692654
1 1831687530
1 800214238
1 196437669
1 10503261
2
1 3141196146
1 828525603
1 3535886938
1 1316163289
1 2390459844
1 1534505723
1 4224809421
1 946253246
1 1086721688
1 2690695683
1 2831204627
1 2659470591
1 4129967834
1 843790144
1 1489623769
1 530595208
1 4149642266
1 923603633
1 1184590750
1 3195070417
1 2572693426
1 1134602660
1 110174532
1 2332886699
1 2108735687
1 1609411596
1 1664672765
1 4266617983
1 3995311252
1 1983437209
1 4113650643
1 519953732
1 971087499
1 1879107076
1 1884015968
1 629136132
1 2089691471
1 596302480
1 543043099
1 980780857
1 3331854360
1 3910601080
1 1149790320
1 464278735
1 2510336064
1 3897758735
1 3043579067
1 1941550557
1 2061471918
1 1105210739
1 750898400
1 1307711973
1 1451374484
1 1105856575
1 63804137
1 886999348
1 3156529655
1 3481834839
1 2014528811
1 2206501569
1 1296501259
1 1559694682
1 421358793
1 4176625948
1 1034210697
1 2970479075
1 2959078873
1 2439895839
1 2833475154
1 3494043026
1 1101721839
1 1848100770
1 1845455756
1 1419424145
2
1 19389354
1 2359967676
1 1068491765
1 2187485930
1 1116540205
1 250377487
1 2893864919
1 437941399
1 1593438805
1 442640597
1 3119206591
1 1636671454
1 1585347952
1 1181246458
1 2010253289
1 2508329170
1 2296929420
1 357871440
1 1020558383
2
1 2046842087
1 76607373
1 3872606065
1 1053245709
1 3103799878
1 3346240694
1 42333865
1 3824183552
1 2787968494
1 3428729094
1 1108148715
1 3152931096
1 1982072138
1 607259615
1 2486545963
3
1 3292161963
1 359217331
1 451854357
1 1173209461
1 3519272889
1 1122283288
1 2136222495
1 2936725785
1 334839627
1 3933095957
1 3563651012
1 3270445027
1 594217210
1 1738379850
1 543683187
1 1692922583
1 1414776340
1 199807996
1 788060487
2
2
1 3944777634
1 1078317886
1 3441321196
1 927667496
1 1919486539
1 2570903953
1 2450464927
1 3470894792
1 2573733509
1 3721086648
1 1265926423
1 622393431
1 3455062160
1 100039354
1 1623648708
1 1174065115
1 856465042
1 2507595270
1 3699070572
1 999714672
1 1700331712
1 3349929807
1 2696155202
1 2010124947
1 3963209431
1 1134854377
1 3909129945
1 2009455295
1 3359726717
1 2577508214
1 1178719462
1 1020553707
1 2483499946
1 1851251437
1 736178280
1 3736492564
1 4256619660
1 2999732965
1 3566622448
1 3978393037
1 261012097
1 1113725427
1 621602455
1 3453561095
1 864004244
1 1269759435
1 28482625
1 523025131
1 1225584501
1 1592010175
1 3599258393
1 3063242483
1 878903029
1 4184695327
1 3552343783
1 1055958536
1 4132445993
1 1177396579
1 2764273658
1 741714804
1 3478276921
1 3714376777
1 3952941840
1 2940949439
1 817299027
1 2710419329
1 1518781647
1 4151643939
1 1132181945
1 2923409713
1 687553858
2
1 3432104228
1 1831749410
1 277735444
2
2
1 2805703539
1 1107320413
1 3709690486
1 4022477882
1 3222979163
1 2892024396
1 1103007745
1 1660455817
1 2098898968
1 1422772028
1 1083979536
1 2261805325
1 1774457507
1 2003739069
1 1560847388
1 46589790
1 1598868558
1 1672401296
1 3701261310
1 3212993871
1 2794657476
1 88240445
1 3207727582
3
1 3147538916
1 1544753552
1 368981474
1 3528303633
1 3294167993
1 4105235328
1 3641315018
1 1076255943
1 4202314594
1 3220195097
1 1566358848
1 1184445768
1 2254255907
1 1710870312
1 2482536261
1 2281713155
1 697442599
1 2857470103
1 944372660
1 3519220038
1 2644224929
1 214207824
1 1484816193
1 3836287345
1 1808693617
1 986839345
1 610345158
2
1 706444859
1 2336308204
1 1479541015
1 2505741035
1 3177869245
1 1362635012
1 3782410740
1 1824858827
1 2724928826
1 2824446281
1 376490514
1 3379525644
1 3625437649
2
1 420851636
1 3301724063
1 1961077395
1 2341316581
1 257492575
1 3628938287
1 1084970824
1 2593995228
1 3673195163
1 4003352436
1 2391448701
1 843496750
1 2648705423
1 3409157032
1 3830163991
1 181328769
1 2321796625
1 749301583
1 801048938
2
1 1704242797
1 1860700192
1 2046713011
1 3509377410
1 19800713
3
1 3708376694
1 3810544689
1 4223442556
1 2707324088
1 2865239434
1 3933543115
1 586233328
1 1134471386
1 212854694
1 344297776
1 1645456763
1 1144664518
1 716006492
1 937777414
1 280286128
1 2847455993
1 4161322171
1 2982670041
1 3670761749
1 4013874751
1 2960888044
1 1727606040
1 2305241787
1 3394118655
1 2417497291
1 175398195
1 2736889179
1 1167838757
1 805803475
1 76130551
1 3843207138
1 275572956
1 3385133263
1 3563326402
1 2190184184
1 4120965379
1 3037947905
1 908214841
1 4198332937
1 1813093055
1 325546886
1 3489805772
1 2931760358
1 677620722
1 2744983827
1 1537966057
1 4179689950
1 952948413
1 1410201372
1 2096567922
1 3542959371
1 156363745
1 2131083016
1 1344580922
1 360093042
1 198624198
1 1304321303
2
1 323924652
1 1780534564
1 3688848722
1 4226319891
1 3965757224
1 734117425
1 1904902756
1 2466001342
1 1052378368
1 4077927509
1 2221963649
2
1 4063031296
1 1919143809
1 2826438281
1 1751701599
2
1 1325775602
1 3324074553
1 2603954768
1 1303598876
1 1495677377
1 38162447
1 1209463446
1 346013531
1 3344911063
1 3296820107
1 123126842
1 2825812572
1 3562884053
1 2689260134
1 1392883382
1 1145745443
1 722387986
1 46316722
1 4288533869
1 4249807137
1 1779672515
1 1890069478
1 2733924398
1 1559211325
1 3097389198
1 2782547829
1 3921232587
1 3906337321
1 4236031937
1 3695226617
2
1 1549262315
1 672903991
1 2261168843
2
1 2365989793
1 2421264680
1 1682580720
1 2459840302
1 1659157177
1 323015638
1 209119705
1 1154248815
1 3947817584
1 2418688995
1 99176729
1 999406704
1 3687119165
1 2961055439
1 3989204962
1 1507659593
1 672289248
1 4248333770
1 1606185795
1 1788714472
1 4115718109
1 3675423179
1 3545280402
1 3084937157
1 988183928
1 1342147854
1 538560471
1 931989610
1 3696064036
3
1 902617578
1 629323863
1 3066073439
1 1625549991
1 783473702
3
1 352060627
1 3355847546
1 2483360443
2
1 643891538
1 1993488815
1 2229270433
1 2929248075
1 2154363774
1 2483677529
1 1552731920
1 1977909108
1 1985230914
1 337105348
1 4220322394
1 3520380343
3
2
1 1397807869
1 4222685021
1 3600273076
1 4272223863
1 2409866764
1 4193888179
1 2200697916
1 2900479062
1 2717272337
1 431257780
1 1131650324
1 3141772692
1 2688319219
1 2397044338
1 3276175183
1 103959581
1 324023832
1 4004566612
1 2578214028
1 3188173826
1 554676783
2
1 1155391420
1 2481942961
1 2102187660
1 3284803410
1 2387587614
1 2402114771
1 3415282626
1 88393233
1 304259728
1 1894623421
1 1379986935
1 501205323
1 683883446
1 2527353847
1 3909865072
1 3847782563
1 817274439
1 1931351971
1 4241650235
1 3983834474
1 4164260518
1 21036808
1 2332929142
1 3765679016
1 691591240
1 3568972124
1 108091448
1 4149180053
1 3430001437
1 739693460
1 592492172
1 1074469954
1 649482089
1 2094669456
1 648554546
1 2647333069
1 1682936416
1 2392341815
1 572314756
1 2963145729
1 1676388270
1 1165837614
1 886316098
1 2849761580
1 247454239
1 3032141744
1 79364217
1 1721274589
1 3139266035
1 2170003440
1 3454909718
1 2837810584
1 2344415997
1 49581342
1 3100369119
1 2726016742
1 1736413650
1 3896476024
1 3367387142
1 4015345746
1 2194014105
1 307655236
1 1990146605
1 4213159036
1 1149761009
1 2371882202
1 2681882566
1 1961316387
1 769393442
2
1 2517093080
1 2170254801
1 1354822907
1 2156075152
1 2912012651
1 4044134700
1 4116935504
1 1590440285
1 1635313172
1 779221901
1 3608587604
1 971643333
1 988296813
1 1030801201
1 1282515397
1 2851074284
1 948597350
1 2135035707
3
1 1598761939
1 214359226
1 2768581251
1 1352489893
1 1036568447
1 559693247
1 4062481769
1 3423853954
1 78391302
1 2686731150
1 81806393
1 894753506
1 1764977594
1 3781363899
1 2853359060
2
1 719456547
1 3580021320
1 1194357279
1 383728491
1 956068020
1 323454377
1 1466580158
1 832677426
1 2458282343
1 953246875
1 3495496468
1 1519226428
1 3587997779
1 714740436
1 4011345249
1 329355337
1 2501554777
1 1341057803
1 2971602111
1 2488694727
1 2776167774
1 2392416793
1 2587757788
1 1210245398
1 2727200739
1 3410162424
1 2482749999
1 2298141654
1 111290672
1 1316953382
1 2095317823
1 274426865
1 1454325876
1 1888679135
1 1612182737
1 51207965
1 3124163842
1 2210968396
2
1 1564619262
1 627085820
1 664570366
1 4146234971
1 2295622302
1 3190883802
1 1920740174
1 474009304
1 1579504563
1 1055734356
1 1432521463
1 559552511
1 296002214
1 1604513628
1 2160409435
1 3982731356
1 3945238851
1 540142415
1 2662227940
2
1 520702628
1 3550249147
1 1917523230
1 2019281157
1 3155210197
1 3623398300
1 3129746797
1 2021078834
1 2675455622
1 170360941
1 1095480673
1 151718797
1 156552094
1 345705785
1 2571440226
1 3972755529
1 363760000
1 4287416979
1 4123878757
1 3754057665
1 2526099037
1 3432351752
1 2526845288
1 3242772942
1 3957615098
1 4027161444
2
1 1455816183
1 119858991
1 1254992741
1 4024612187
1 1215730404
1 203474653
1 1326566125
2
1 4282549172
1 1464156063
1 3913627711
2
1 2870502887
1 3048377671
1 1892177708
1 4241263652
1 1400737659
1 460920896
1 3222020732
1 390060004
2
1 3330692880
1 266005852
1 1057975511
1 4084870751
1 633139370
1 1200434948
1 2692197060
1 3005122716
1 201065302
1 3833237033
1 1835645433
1 4125295075
1 1655042614
1 4065512366
1 4111529813
1 3578447714
1 4221620028
1 3099680813
1 2767219734
1 2205109109
1 3342918805
1 1644652369
1 114944007
1 443925985
1 3168964002
1 3961777531
1 1569230783
1 2797747672
1 530200428
1 257033166
3
1 2398369111
1 2032866010
1 2746402793
1 1006622738
1 1978523904
1 770611492
1 2023592315
1 753471346
1 4276997942
1 2524379629
1 1613644397
1 3989459471
1 2376091789
1 2181866481
1 2619798035
1 1997635262
1 362129561
1 485502743
1 2761959159
1 3206211515
1 2131010995
1 1609460065
1 3701572943
1 2203586549
1 2802275690
1 1176852916
1 18883122
1 18107792
1 2411334361
1 1786667015
2
1 3711087267
1 2736661722
1 1064850308
1 3746736651
1 4165488806
1 3383860146
1 2715231525
1 4262979559
1 3550919048
1 3516552208
1 212045318
1 1566939643
1 1229819134
1 3451738998
1 4207949206
1 1272139896
1 3113170773
1 2383198162
1 3037362218
1 1972183311
1 2081173003
1 2703801516
1 3032985031
1 4087995955
1 40778352
1 1714824904
1 2383960342
1 4242521013
1 2086703639
1 2139092759
1 3303538691
1 3197581749
3
1 488281086
1 2776689617
1 2901865833
1 908305983
1 401948780
1 4146360770
1 4274847737
3
1 1725707852
1 1858117532
1 1486691621
1 2394310302
1 2941976818
1 404646010
1 2581926498
2
1 27230087
1 708543084
1 4176052715
1 3284314446
1 909396641
1 124798304
1 1645749779
1 1019135359
1 3104483278
1 3794107531
1 566476537
1 2938688956
1 3296921055
2
1 2223019506
1 1734051016
1 479811404
1 267511692
1 739511219
1 4151616775
2
1 2815670199
1 2679475063
1 1919007057
1 2163074676
1 1736878744
1 1655350332
1 4097276435
1 1886187891
1 3863860342
1 1999454836
1 1229358057
1 2719840845
1 2119067717
1 2898817816
1 4192174748
1 2881970586
1 845043542
1 3956750666
1 1131272242
1 533063661
1 1457055065
1 1547104846
1 1155339361
1 2751746039
1 478008694
1 118426890
1 1795731333
1 824730280
1 3028926445
1 4094536270
1 489764800
1 2764760306
1 2794114512
1 3233260198
1 2962903475
1 2837709794
1 968193314
1 2919475432
1 2163978593
1 1038127766
1 356124278
1 3273156260
1 3607809682
1 2058897367
1 223802177
1 1889803701
1 2305788706
1 302762632
1 818494617
1 2256616022
1 724133637
1 970245205
1 2055051299
1 3944195819
1 2323548858
1 4122711475
1 2497526028
1 4055592096
1 3152276661
1 3139302548
1 981152270
1 3188671372
1 3612461787
1 1859634800
1 2363754959
1 9699878
1 2305512305
1 2259876814
1 4077623484
1 3688926065
1 2354259113
1 667989691
3
1 2090119687
1 2927661607
1 2965360040
1 960046212
1 2446690849
1 3854076996
1 2457672708
1 791807882
1 4286060169
1 2131277379
1 1916975835
1 3292196272
1 2184539386
1 1261297476
1 2139142330
1 2188987651
1 1640391154
1 685689879
1 1828083390
1 3270648991
1 2422668660
1 3686892664
1 876499505
1 1606852129
1 2454340925
1 1100389043
1 3384036408
1 2830620959
1 3081882909
1 3816313467
1 1546515409
1 1863946228
1 881914086
1 2487416258
1 2760757616
1 803475208
1 2411037331
1 2646210739
1 2237537854
1 3293343011
2
1 4155949542
1 3515968024
1 2587601484
1 1880120559
1 634792530
1 2340690466
1 2189326463
1 1633854260
1 151944003
1 1557957538
1 3374826240
2
1 3728655669
1 1500625735
1 2944677666
1 789217521
1 3232683236
1 1107215907
1 1918425487
1 258792309
1 320847917
1 4244027820
1 2473390175
1 3460992058
1 1754422769
1 1466216245
1 4118404853
1 1015481418
2
1 3073822316
1 1393890731
1 2256922617
1 3512457813
1 3776567639
1 3842552871
1 3054264078
1 97581066
1 3588326488
1 3537735874
1 1769773472
1 1374840038
1 2962474827
2
1 2913809279
1 1306366209
1 438164914
1 2971195506
1 2520555957
2
1 3899117693
1 3740427340
1 3718667929
1 396768157
1 2375459580
1 1472815525
1 1609849926
1 2223102835
1 3820419785
1 2224861458
1 1837657149
1 2743831751
1 2421237392
1 3496163825
1 1737743767
1 2718544379
1 2966837794
1 358755191
1 1494338261
1 1327587461
1 2861312865
1 2785788498
1 2792077597
1 965198510
1 1309941858
1 3329441898
1 4102184659
1 1869145985
1 3710604486
1 941177357
1 3208154353
1 2157112342
1 3290870568
1 3573251849
1 4284743302
1 2989213815
1 987852369
1 3982096508
1 3876251237
1 1421337463
1 2998532098
1 2606496669
1 345693353
3
1 636406382
1 3185114173
1 2974694274
1 1038679420
1 127612865
1 1582417640
1 2641568063
2
1 1084800965
1 3524489484
1 1052865800
1 881451628
3
2
1 3663684789
1 1568105909
1 969984501
1 933865748
1 3971135552
1 1436146428
1 3270962802
1 682012180
1 2055813727
1 1379464023
1 4088806538
1 3768411415
1 337330492
1 2577814489
1 1079401960
1 1714492780
1 3738127892
1 3892346738
1 3495849458
1 13600248
1 3049525902
1 1323219438
1 2451536970
1 2131580895
1 514121021
1 3465802051
1 790117874
1 3743378519
1 4279505567
1 2713500942
1 177924895
1 4018997974
1 1925705145
1 2730605631
1 1468015834
1 3224303259
1 419190181
1 1014096193
1 3803319869
1 2461259029
1 4017349218
1 4173054905
1 2192310842
1 2162884867
1 3781222837
1 541556613
1 1321703550
1 1451768448
2
1 1958771364
1 3426935996
1 560669031
1 2611332235
1 503395783
1 64381072
1 1187781068
1 3631448182
1 3390056645
1 1101317960
1 666565942
1 2741503828
1 3230677764
1 617656301
1 256969625
1 1866727632
1 2260764514
1 856578848
2
1 4093658171
1 245659282
1 2224986825
1 335302664
1 4129343898
1 2371502877
1 1086142364
1 794995928
1 3941175222
1 4075593779
1 3753990135
1 2697448540
1 1156233863
1 2287108477
1 2847127260
1 2456067962
2
1 3837232803
1 144811191
1 317613380
1 3124500411
1 462113614
1 2893393661
1 636298760
1 3358938442
1 3690146158
1 3652820748
1 397231516
2
1 656501470
1 251027725
1 1918275369
1 1488114447
1 3304621133
1 1094279188
1 3374851686
1 2819873715
1 3170455029
1 3675385569
1 2516540332
1 274854962
1 3937763928
1 4201805458
1 1966884781
1 1043233185
1 1784054575
1 3244986308
1 1006088999
1 246054750
1 3126744201
2
1 1416860173
1 3089705147
1 3389389655
1 4129198647
1 241139625
1 1209762565
2
1 2210878002
1 2355343621
2
1 618775412
1 1213669216
1 3314376354
1 1973965100
3
1 3956940929
1 3954972522
1 3071855516
1 1289516985
1 98014280
1 4192414912
1 3234138685
1 2618518341
1 1963631599
2
1 1701491821
1 2266915735
1 2698416130
1 753387822
1 3797406970
1 4158007046
2
1 3986645293
1 4084805967
1 1138147852
1 3851463491
1 14609926
1 1631751031
1 2188660166
1 1527154945
2
1 2296253581
1 2860145055
1 989142559
1 3322944023
1 2935573475
1 507225853
1 1949096174
1 3570113328
3
1 4267238001
1 1954525972
1 2666655920
1 2012985054
1 3202598808
1 1397397997
1 3917373663
1 2969660443
1 3805791142
1 520574344
1 4228025468
1 192555073
1 1195514914
1 2652408911
1 1481348590
1 4244449387
1 3969228500
1 2268553927
1 3829089868
1 85357132
1 4283849905
1 1431683595
1 724082459
1 3412389833
1 1225088956
1 815678817
1 2165836168
1 4044059297
1 3295825475
1 3161563782
1 1870852892
1 1581329910
1 2996451423
1 1882350740
1 981928436
1 1518792711
1 875889776
1 2490602228
1 429380820
1 1057439628
1 947782680
1 732266559
1 751159616
1 150836149
1 1674735947
1 15262150
1 3118497122
1 4036251183
1 570315015
1 2812243296
1 2270786823
1 2143702270
1 3717558241
1 294094334
1 1749872521
3
1 2143252497
1 1783266271
2
1 575551075
1 469541985
1 2581658250
1 2723198776
1 1081071349
1 647166189
1 1642090116
1 2174823109
1 360821056
1 651833604
1 1360959259
1 1147978024
1 4175057108
1 3758821038
1 1546796645
1 2833315765
1 2741365724
2
1 1406549565
1 2008230528
1 2544923027
1 2382412888
1 1653203431
1 1753860005
1 1127055854
1 1786399207
1 1505676116
1 1358798964
1 3897177842
1 3818912025
1 635244755
1 3165279140
1 2792329410
1 2417838949
1 1751822158
1 1531298545
1 435975480
1 3976510176
1 4092199158
1 3001854220
1 894814896
1 4143898441
1 1284685708
1 375007020
1 3022042
1 145216565
1 1542090943
1 994352760
1 2640729039
1 3874248238
1 3238787431
1 428753187
1 771210682
1 330219815
1 3926230878
1 3766340575
1 1560638256
1 1060185341
1 2083716925
1 4069462656
1 2971637646
1 1363037780
1 1416431931
1 723482398
1 864363732
1 1612329430
1 710903844
1 1872140047
1 2006234193
1 3462471177
1 3433087485
1 4089774017
1 763521784
1 2170233842
1 1179565251
1 2425317640
1 3711351966
1 2399754698
1 3317300844
1 3689858335
1 2644091669
2
1 1616721712
1 3320692225
1 784511707
1 110291779
1 1033949715
1 1049065232
1 1006116675
1 930081145
1 4108782913
1 4236699812
1 3818289905
1 361160179
1 1756417694
1 316276628
1 2897346604
1 4261251551
1 3230759240
1 573955908
1 959207275
1 2660492598
1 1218165438
1 2799602259
1 3641707243
1 503997470
1 2290904256
1 487248677
1 1810657451
2
1 2087033690
1 2725238217
1 3572813098
1 3471660948
1 4242533572
1 2269833473
1 1465647467
1 1825783532
1 899421320
1 704881689
1 3468966715
1 2947057033
1 2036040304
1 3887791294
1 4018404106
2
1 1546480060
1 3645345335
1 2201198004
1 1097842497
1 2124284344
1 2884900339
1 979807683
1 1318103017
1 583705436
1 2771211456
1 281696867
1 3873535612
1 1070039698
1 3350076095
1 824433736
1 707325122
1 889479562
1 2033372392
1 3870083132
1 2071627836
1 382367369
1 227727325
1 3256840365
1 2182485414
1 1042713065
1 2069738864
1 1907136196
1 2067160422
1 3458149028
1 2344131263
1 235878761
1 1617638562
1 3783584326
1 1992487136
1 1883661087
1 3545082997
1 2237178934
1 2052217972
2
1 3605960798
1 869415383
1 3590204701
1 2321995004
1 3351611576
1 3656222383
1 2859807239
1 2570498798
1 485146461
1 1206881908
1 2292612235
1 3757620847
1 2485117997
1 3207722253
1 3836325298
1 4108400233
2
1 4132080030
1 2743253309
1 3665652852
2
1 922833424
1 2790125557
1 1572425448
1 3642220290
1 3279696069
1 961636356
1 609436442
1 2224748911
1 2027115942
1 3986440906
1 2108141505
1 586418153
1 1080884132
1 2954311985
1 3494042101
1 2738550793
1 2580237052
1 1235290526
1 1096422614
1 74418251
1 789200171
1 239466866
1 2066930414
1 3805533931
1 2928820886
1 2895330515
1 2724019470
1 811960473
1 1391542851
1 2129404286
1 1461742243
1 1744333711
1 599165227
1 3054713775
1 3456954543
1 1760404343
1 4005113190
1 854557819
1 1135134767
1 1555715676
1 1504073738
1 904567784
1 3161429191
1 1594572530
1 2588316915
1 2196002775
1 705254996
1 88165687
1 2371326490
1 529663512
1 1595001067
1 3528620145
1 212018905
1 2412996157
1 537804482
1 3152088076
1 325232290
1 1755951543
1 1975003977
2
1 3566082118
1 1492294333
1 506897837
1 497589900
1 2745401712
1 2944602049
1 3384351982
1 2504012044
1 3399706377
1 4213415265
1 2415441117
1 2503223521
1 4272624114
1 993059068
1 608285670
1 2208545934
1 413943313
1 2139365160
1 1667964730
1 2619951021
1 2188213168
2
1 3421133148
1 2323365568
1 4145427256
1 41014002
1 1796948524
1 1774823469
1 2146965350
1 1861846168
1 3152229622
1 626972985
1 3132483629
1 2073169584
1 1922321988
1 3175712472
1 2641157864
1 243128994
1 1727219658
1 1164244050
1 3047755643
1 2350858912
1 3123738354
1 3786305251
1 1405977820
1 3575668970
2
1 3054547801
1 2094232092
1 1426171181
1 3400948894
1 1794621072
1 2330602615
1 3314442737
1 2100376170
1 4049965894
1 3775395942
1 3235323790
1 2361278214
1 1108933840
1 507378256
1 2941068936
1 2709499214
1 3161620789
1 121492929
1 4191141632
1 622366303
1 1788682739
1 4276532487
1 3696365979
1 1793517161
1 3641676595
1 3186541803
1 408288068
1 3111668788
1 1255475901
3
1 3219815177
1 4177472736
1 732661798
1 1811996502
1 3328812778
1 1103268319
1 2365255910
1 3068967541
1 1259267750
1 2174496810
1 572583106
1 2641545833
1 1223477009
1 3503322801
1 1911937137
1 604872140
1 640642495
1 3533304961
1 3505446002
1 4218236741
1 3785286671
1 3184152453
1 499784561
1 1969410851
1 3430608437
1 2533011841
1 2976030527
1 2337760572
1 2661965120
1 3682985793
1 1728624209
1 2973186417
1 3497318142
1 1248279133
2
1 2862241862
1 2037104603
1 2380426600
1 651508430
1 617076520
1 4127341205
1 2981970969
1 3783710704
1 1827693879
1 789975422
1 854391724
1 799311819
1 3778626921
1 2744013747
1 1841877399
1 188930660
1 1680888182
1 1026718331
3
1 2800734873
1 1961733748
1 3385090652
1 369092511
1 2808917255
1 1411946971
1 1822031793
3
1 109380701
1 4201287129
1 2353067735
1 1352099894
1 3766833195
1 728817185
1 2726012753
1 459221272
1 202885185
1 2191688195
1 1833182187
1 720579589
1 2579000318
1 3312116753
1 1693057994
1 3303808763
1 1750344851
1 3717962750
1 3143489050
1 2310843862
1 3928007618
1 1738480925
1 4265041445
1 4182862628
1 884067859
2
1 1015541265
1 2239858241
1 461125227
1 3769085879
1 3133414277
1 2655468423
1 454725052
1 1066821220
1 2583036675
1 2443229236
1 983517612
1 3622545039
1 3900336386
1 2840972761
1 4172115244
1 207251723
1 3304940899
1 3600725110
1 3041839563
1 3431390175
1 1971762818
1 2520534898
1 3001228413
1 4183172577
1 3355357051
1 1161026741
1 2241072106
1 3218126854
1 1436414037
1 623363884
1 3351951952
1 4054088500
1 1743574918
1 719968536
1 1548226527
1 2903168184
2
1 2111335702
1 839932104
1 1756652403
1 1967929167
1 942451715
1 3149643334
1 64958114
1 1721724174
1 3179797687
1 1217622224
1 3047576138
1 3306841502
1 3236772150
1 808996999
1 329155574
1 1668376415
1 122075946
1 2264272370
1 513288136
1 1789344460
1 2615998343
1 1507118297
1 492715537
1 3695736916
1 4169981656
1 58995427
1 2185781954
1 453548056
1 2871774185
1 105197461
1 2337443984
1 962741657
1 2319540101
1 687575095
1 2569471615
1 2359707979
1 3829257149
1 2874758330
1 557662720
1 2655937117
1 1733077243
1 2855798544
2
1 360321614
1 2763458715
1 1180894999
1 678308916
1 1116889890
1 3372593116
1 78864837
1 3681113001
1 3769915804
1 2679733060
1 733778786
1 2757551497
1 1809713922
1 3448402218
1 4061888435
1 1986882004
1 181802545
1 161408692
1 3361886220
1 2903538874
1 2402869989
1 3935213277
1 1346463445
1 733597331
1 3895723305
1 3376181528
1 325231869
1 915876281
1 50202576
1 2929090318
1 1953248373
1 2575938841
1 914236386
1 2112082062
1 793745489
1 936831882
1 1046981437
1 617246651
1 3911775555
1 2762800002
1 3505900688
1 1821849267
1 150686593
1 258655050
1 711076550
1 2343858676
1 2717360161
1 1486407869
1 581331792
1 733756508
1 1101099856
1 245541076
1 2871327411
2
1 1671420228
1 4117036829
1 4135482784
1 3410809617
1 1008841276
1 710259920
1 3172394372
1 3768554136
1 4181113509
1 3423678407
2
1 2222317436
1 1648380977
1 1951090447
1 770566397
1 1826748391
1 3674458566
1 2918687536
2
1 1402051280
1 1217925798
1 708904085
1 1395912396
1 1662684531
1 4193694843
1 2408382965
1 2024917880
1 2064049435
1 4280714373
1 3713590559
1 1423361984
1 1016381615
1 1414354434
2
1 2475677581
1 2526347875
1 3814543233
1 1652052825
1 469239709
1 591520499
1 3204178022
1 3494311256
1 3514158846
1 3071765664
1 3235400033
1 2965642408
1 657377478
2
1 1456411795
1 3348466987
1 3783053582
1 1070194055
1 843236712
1 2758654343
1 1928309084
1 2978816291
1 968518704
1 1612124899
1 1026584038
2
1 1232164136
1 2872094614
1 4221522978
1 1923571573
1 1499160005
1 214816646
1 2989117927
1 342546366
1 2373730935
1 4081372172
1 2770252841
1 53567426
1 1764770041
1 3536396339
1 3853831933
1 4294551045
1 4002828297
1 1439494101
1 3111397838
2
1 776652276
1 3997429366
1 2694567614
1 1803531102
1 4152758835
1 55432938
1 1441852569
1 2449147054
1 487867759
2
1 107895117
1 3064179566
1 1854017631
1 3931281850
1 1931063189
1 4118212130
1 1278131947
1 1033460052
1 3474243452
1 332651521
1 3565224033
1 276502677
1 1535374450
1 3078522847
1 1999567279
1 1284965754
1 1458572502
1 1431137530
1 2969311270
1 2765548058
1 1931921800
1 1971909418
1 3772128398
1 1901934056
1 3812507353
1 3649971760
1 3518162354
1 3301941425
1 2275933325
1 1492827664
1 3705552168
1 1381314563
1 4225683970
1 2705562212
2
1 3245472345
1 4000298970
1 3285000943
1 1831680959
1 2089298395
1 3758156065
1 2597347837
1 3212847895
1 837751326
1 3142304963
1 2118577188
1 3520628282
1 2916774608
1 767867861
1 3070889439
1 2478245937
1 1629406649
1 2205158518
1 1279514115
1 2100954096
1 800165994
1 2956240583
1 69809420
1 2416035998
1 2167781964
1 1004265078
1 984319618
1 427759503
1 1520004241
1 115436383
1 1485083248
1 2388191864
1 1006029808
1 4198612968
1 2750396725
3
1 3579259423
1 2041026235
1 3359014650
1 3073901289
1 3774726858
1 4156369255
2
1 2275752121
1 4031015300
1 458995111
2
1 2687812501
1 1128064564
1 1336200312
1 286399933
1 2982143340
1 2476246353
1 2719168308
1 3846329036
1 1226828057
1 1303735186
1 3424972868
1 2268590569
1 4130981077
1 2944456096
1 3046311257
1 2002250335
1 2166419252
1 4151467498
2
1 3463029416
1 3493424529
2
1 3319951918
1 1248798663
1 2690151328
1 3888940152
1 731949623
1 3193880476
1 1384422990
1 1417125174
1 3554907000
1 2414758307
1 2585064014
1 1137522581
1 3941796191
1 2578058317
1 1743510725
1 3180302665
1 4062482003
1 3675403101
1 422792420
1 3001874729
1 3120972562
1 1522808824
1 161982184
1 2710061427
1 2745407592
1 3646730444
1 3982912202
1 736303269
1 3014283270
1 682116580
1 664563022
1 2903249506
1 1229480990
1 499109017
1 2059810459
1 175153314
1 3843519616
1 2492533892
1 2215317924
1 3773000439
1 4093494141
1 858552729
1 4139405342
1 3881952477
1 2636439940
1 1271499466
1 955625487
1 1012234723
1 1617232378
1 746121427
2
1 51646599
1 3351493764
1 3058815930
1 2953768650
1 1419441086
1 1637734370
1 1053989429
1 1464034193
1 1737665062
1 3523366173
2
1 2343354395
1 4101189540
1 253887899
2
1 2077439926
1 1346049813
1 1013187662
1 3224184140
1 520749774
1 1554362538
1 2108956836
1 2610919405
1 3721038753
1 369737615
1 2014098797
2
1 3665887287
1 3598905619
1 1093915657
1 3811059266
1 2555167185
1 750651600
1 961203121
1 1152918276
1 1809832821
1 536179739
1 3594019172
1 2950283735
1 2844241274
1 682901502
1 449937240
1 1092049037
1 2554323774
1 3652020190
1 3665659979
1 1655275749
1 277718507
1 1823734907
1 4241167922
2
1 64722826
1 417146860
1 3697194986
1 3220945880
1 2125033911
1 608737487
1 2717395019
1 1086206415
1 3887097079
1 4032915491
1 722349223
1 1736716051
2
1 1878030402
2
1 1922416464
1 2168119397
1 1073476649
1 1864398584
1 3866407320
1 3070394431
1 533263468
1 3955740918
1 767658258
1 3859750444
1 418573734
2
1 1860956358
2
1 1643258550
1 1233624900
1 400060294
1 396718783
1 3279050236
1 2739451007
1 3033883014
1 634751222
1 3303175728
1 246386941
1 3953276671
1 3515863688
1 2321955009
1 1222092374
1 3691188098
1 1173517834
1 3595379022
1 2581520658
1 7074997
1 3896433393
1 2906132949
1 4074214416
1 147823835
2
1 1931533693
1 3080747817
1 342752397
1 3028045897
1 1280326552
1 844843177
1 1812484345
1 3371176662
1 1890602714
1 2289109322
1 1416991290
1 3218362893
1 3111903789
1 2220579321
1 1497579676
1 3844747208
2
1 3962859239
1 3450261103
1 3348376592
1 2807134629
1 1842854267
1 1377876522
1 31821854
1 2411440397
1 592219915
1 381757369
1 1552874673
1 3118930460
1 1131413105
1 1793965220
1 3266411434
1 3736330910
1 2336767332
1 1022736743
1 1698348739
1 3595579676
1 2740082732
1 11020844
1 2561147294
1 2998137244
1 3645124190
1 3652837081
1 261355143
1 3895517957
1 2070161640
1 971310444
1 2696618529
1 409639900
1 1252802671
1 2586950686
1 2094893871
1 2954750599
1 2509868130
1 2587745080
1 1265798857
1 4196266165
1 667530558
1 970829557
1 955238765
1 562865865
1 2566211936
1 2598781087
1 359301040
1 2248351283
1 3549886638
1 3581076523
1 1488621172
1 3441675839
1 2988725304
1 1159311358
1 1271595344
1 3505127669
2
1 798385982
1 990503071
2
1 1042937749
1 866832160
1 2179474021
1 3261486361
1 2630433488
1 778568444
1 4264274420
1 2618975250
1 1490639061
1 3181516484
1 1717129397
1 679833595
1 271690691
1 1942218249
1 4100643727
1 274052953
1 1334169360
1 2508428428
1 3829953049
1 500695627
1 2447899928
1 297837208
1 3402305944
1 1591671570
1 338771827
1 1327104744
1 137478042
1 8088720
1 3264244402
1 2860724639
1 3090115699
1 776962785
1 162139236
1 3591709839
1 3789655245
1 257176927
1 1275842242
1 388469223
1 1027696210
1 2949281443
1 745178285
1 4218588908
1 2956959974
1 2724117600
1 1532900155
1 1791714095
1 3120660941
1 3641817195
1 3958754399
1 1749326284
1 3948980105
1 1118222890
1 2830282332
1 2284885052
1 2260683480
3
1 1089347241
1 3209180947
1 1150592541
1 2111735514
1 2748908821
1 3189692277
1 1267649333
1 204681987
2
1 3604979368
1 2133325833
1 1112814193
2
1 4293709218
1 614071667
1 1666914179
1 1878179150
1 3360218020
1 3634001646
1 4123799516
1 730447988
1 3531710900
1 3002182692
1 2925966205
1 1063095608
1 3942765248
1 1151061995
1 2659359315
1 2202611290
1 177356527
1 941523588
1 3102909115
1 3157622058
1 2642985759
1 1356902874
1 3870564838
1 3303612311
1 999865545
1 3673006485
2
1 295669216
1 4261772156
1 4192874681
1 987398733
1 2202041470
1 2178991217
1 1001587597
1 196001527
1 4134297069
1 3447632734
1 3802392467
1 2716920422
1 1715893460
1 1637553601
1 350966853
1 1587680228
1 1907463139
1 2347920336
1 3865161867
1 2527567819
2
1 3252671501
1 2574791072
1 1656063102
1 100543434
1 3415924549
1 2767508330
1 1951685207
1 2080495195
1 4157540730
1 4179379132
1 2813188278
1 239248237
1 2171414812
1 1994844129
1 1705005799
1 2019419345
1 3557561215
1 3335093109
2
1 1201125742
1 148876890
1 2005219238
1 362519127
1 1710887570
1 1993403566
1 3912017303
1 3774934508
1 3185380481
1 341612849
1 170887570
1 1979614026
1 3928873235
1 1070837066
1 2209595351
1 3059528184
1 194167913
2
1 3539565134
1 3503855509
1 1860019503
1 3622691957
1 4146341096
1 4261522895
1 4251019274
1 969155830
1 1283732902
1 1381045016
1 2573039050
1 1023280478
1 1323554711
1 605174811
1 1198862721
1 1350057077
1 2100354036
1 347403616
1 4147612468
1 4155458618
1 2807463672
1 1716926245
1 2789019382
1 2599234700
1 571308604
1 3735379746
1 119352618
1 1715298768
1 1624372927
1 3237052738
1 3144008727
1 2842394426
1 3525240994
1 2566233921
1 2707925733
1 473222633
1 1458675426
1 2743394441
1 4283660270
1 3266906613
1 3037625063
1 1420607631
1 4018819746
1 4016155894
1 1011826808
1 1895278153
1 2865402327
1 814270624
1 516630538
3
1 4168643510
1 2206902197
1 500166943
2
1 251838379
1 4059956439
1 3128731569
1 134272140
1 3182783664
1 3426715699
1 2605805632
1 2562860629
1 3417314923
1 291622214
1 4277861457
1 2038723986
1 2988784203
1 1808463084
1 593186428
1 3836284630
1 102171008
1 4255407277
1 2828656525
2
1 2006185268
1 2708176603
1 1202389560
1 1724337701
1 494394116
1 2492544564
1 2946016537
1 4180948117
1 3497293737
1 1184213630
1 293092847
1 63587050
1 1941128623
1 1504873697
2
1 803609488
1 2567678050
3
1 721305874
1 3710881717
1 4030798507
1 1823324826
1 1690172239
1 2861921861
2
1 173182383
1 3425157797
1 972161254
1 2750400603
1 3967352369
1 2445915192
1 1860229841
1 621317211
1 1275130909
1 2540870471
1 3449416421
1 2559696159
1 3229342828
1 3386095653
1 1486069515
1 1552974633
1 3866492890
1 2245339415
1 2703801787
1 122965833
1 4084838174
1 1834065723
1 53406052
1 1152931854
1 3250605460
1 1376628892
3
1 1190467419
1 2039842323
1 701918071
1 1435991162
1 2896456579
1 2857735022
1 806267036
2
1 716977009
1 4139820605
1 889223795
1 1990308108
1 3072822230
1 1664927122
1 2933491800
1 3528144839
1 2937834883
1 3285065113
1 609953356
1 1132435213
1 1302002707
1 3389486853
1 2675126664
1 2271126845
1 4143454895
1 1099971110
1 3066232225
1 2121090920
1 1710088907
1 616685227
1 446083527
1 1732066129
1 2614206985
1 219416165
1 2373069216
2
1 175377322
1 2254255395
1 1632776346
1 3286679855
1 2300929651
1 319436587
1 2693958384
1 931547806
1 3739721546
1 259427316
1 3860302655
1 4260534573
1 284413364
1 4197275561
1 358990757
2
1 2495507102
1 2787983514
1 1485196314
1 3265114606
1 1719362477
1 342021585
1 290076932
1 1258756969
1 302215040
1 875288628
1 2438560047
1 4291560608
1 3497923551
1 3270328955
1 3701841752
1 2283815905
1 4274110384
1 2067394779
1 3289752667
1 4169635424
1 2726073831
1 1811765414
1 1826751191
1 1593546865
1 1754276747
1 3037656896
1 2050864318
1 1084547928
1 917115545
1 2702077340
1 1122027877
1 2583978952
1 2211381272
1 1235748189
1 3647102353
1 803684091
2
1 1082007836
1 1276602040
1 3565434009
1 411287069
1 284490784
1 2553508721
1 1718929876
2
1 1956032264
1 230449679
2
1 2391026919
2
1 66173076
1 2559857099
1 1248887089
1 2837063837
1 1649735136
1 3700712434
1 1214587872
1 3755204247
1 3785229789
1 665257457
1 4208396838
1 1342073325
1 2684917647
1 2788862929
1 3289091883
1 3336044806
1 2037348802
1 2480721826
1 622050279
1 5950797
1 3581384080
1 2993388717
1 2556930876
1 3889404421
1 3975976838
2
1 3409015982
1 701606136
1 3889103507
1 4291492325
1 187000751
1 3547079110
1 2003783392
1 1562353066
1 4147917287
1 2364819794
1 274341012
1 3033766975
1 4202393533
2
1 2788968741
1 1714903187
1 32023373
1 2873401206
1 1164818365
1 3478676982
1 1300954300
1 4002254958
1 4088580808
1 3679317449
1 1989268361
1 2650735939
1 3220750383
1 3520746004
1 1303386528
1 4205065171
1 3869231493
1 3935634868
1 262844403
1 2886287374
1 3702790613
1 898117434
1 367205105
1 2544127786
1 2256796854
1 3142183801
1 264168778
1 2777502234
3
1 1398123124
1 4077760628
1 1418076038
1 1129704711
1 1747209313
1 2126808474
1 3291291361
1 53816443
2
1 2538019051
1 1126834175
1 3464288372
1 2134140104
1 1748837919
1 1736726820
1 3660556065
1 4159351468
1 780550602
1 71074557
1 975380891
1 2741229629
1 1433246656
1 1501677505
1 3329064000
1 848249874
1 449268128
1 681866402
1 115441555
1 3818662161
1 4277823644
1 2420630884
1 137686965
1 3359092570
2
1 1586882599
1 547193
1 2971467641
3
1 3546469436
1 2332987427
1 4193253509
1 4135954212
1 1824026309
1 2188374415
1 2294949997
1 1926470868
1 847047398
1 3346044110
1 2596964701
1 1291232193
1 559094881
1 1142174118
1 254765618
1 4160052225
1 3170835731
1 61102201
1 500496535
1 2606435632
1 3658356625
1 561616286
1 890677328
1 826385561
1 1417158676
1 3887531255
1 1445033951
1 3145762721
1 2557381519
2
1 2996880335
1 667069304
1 207923686
1 3840373083
1 602456591
1 1722442214
1 1690753639
1 3993366091
2
1 2631426923
1 850412505
1 2492863487
1 752300719
1 380028470
1 849715529
1 355594151
2
1 3701676401
1 2212474289
1 3427904794
1 1814576647
1 3410852257
1 3800059220
1 2351994933
1 3776206714
1 2546328100
1 3329010696
1 323667965
2
1 279704964
1 4229390235
1 4065925085
1 1212798969
1 1048419751
1 1875157654
1 1270795283
1 3554383600
1 2314102758
1 272384991
1 2478828985
1 2579564005
1 1678483236
1 2538468696
1 1900952454
1 2027132021
1 114563793
1 1690791472
1 3560571861
1 3525518556
1 610027075
1 243660328
1 3136818137
1 4275938738
1 3017539203
1 1665258782
1 3633284642
1 3975648607
2
1 1800693872
1 3736471662
1 2636019488
1 2369788533
1 325968914
1 3977259531
1 285486954
1 3033976475
1 2409807200
1 4056942152
1 3867955666
1 171655574
1 2169908584
1 2752336036
1 1490285218
1 1971940084
1 21091281
1 1972761447
1 717626787
1 3419583375
1 3267981978
1 3527716343
1 1236127467
1 311101857
1 1168756454
1 2871039634
1 3468959392
2
1 3444135466
1 707516455
1 1883762654
1 656890991
1 2509834200
1 235051261
1 2961824437
1 3046962636
2
1 326278645
1 1437142719
1 1748977049
1 582949676
1 1610102806
1 1943914231
1 1166279223
1 3299287582
1 2062767942
1 2422553080
1 974838220
1 3020951512
1 1662651521
1 3675612082
1 4211519272
1 757144014
1 17981563
1 1539706841
1 311004752
1 482418700
1 3814214933
1 1361591986
1 3446276174
1 1627575146
2
1 3776501750
1 1719660120
1 915962737
1 3474562364
1 2605633862
1 3569995215
1 4003186143
1 1017382150
1 3812478070
1 3199906102
1 3835946027
1 4244313693
1 811192967
1 1427952139
1 4122903135
1 3765659495
1 3629106332
1 3823217918
1 1483117998
1 1923149006
1 3798003655
1 135734000
1 324356349
1 1609039359
1 3585329950
1 661186317
1 113606022
1 3641400442
1 3045098733
1 1225293992
1 3300365816
1 1877887692
1 3200239384
1 784162165
1 2610864130
1 3584433372
1 1710930600
1 208400849
1 2209878757
1 1547286429
1 3268855371
1 1019258999
1 3112257290
1 2064814622
1 2877770480
1 2855213358
1 97891512
1 457667777
1 3306743896
1 2238938096
1 4216493365
1 3847618638
1 916168747
1 230277378
1 3483581111
1 2467606598
1 3476946000
1 3307092911
1 3551016473
1 1079073289
2
1 826844620
1 1948310629
1 893773236
1 1567569263
1 1434258980
1 512318260
1 3181197776
1 3584699418
1 3618872562
1 691418765
1 2181931075
2
1 41404546
1 1017697983
1 574625465
1 3315718175
1 422680145
1 2560535899
1 4236168479
1 1979408035
1 4081659445
1 3138795613
1 3083429629
1 1161358209
1 3105732625
1 1028826692
1 3141653316
1 318228365
1 3652815958
1 3154630553
1 818591637
1 3904349216
1 3444202854
2
1 522361554
1 1136934075
2
1 725467025
1 3915295417
1 478607945
1 1911339251
1 2202547361
1 1137656256
1 814563860
1 3737137357
1 3143468225
1 552247954
1 1644775586
1 2518820588
1 791282304
1 1666944507
1 1034143440
1 169750204
1 2628240182
1 266738639
1 3639305576
1 3954704824
1 3222418227
1 1383732445
1 3766553655
1 3200621308
1 3068221329
1 3525315038
1 1944211007
1 606262297
1 1246674299
1 818275384
1 371247308
1 2805184827
1 1805017551
1 2729801693
1 2364750568
1 2594124880
1 1914049723
1 1328049300
1 428994028
1 3167894332
1 1345002043
1 2698125107
1 1520336944
1 2059666491
1 4005332192
1 4202525957
1 1166327866
1 3288807785
1 740398955
2
1 1583576132
1 1519535113
1 3891866669
1 1419365923
1 1945539364
1 1171451067
1 193685757
1 1775575201
1 3047500523
1 897543439
1 1769484057
3
1 177658560
1 4026642906
1 600128921
1 3670385474
1 309001843
1 3134092080
1 1253394441
1 1044495425
1 188370376
1 2919147328
1 2208546135
1 437918449
1 2911043646
1 846281640
1 44698481
1 2067294588
1 558533846
1 887531310
1 2593456176
1 3185841728
1 2335441317
1 165467943
1 12281103
1 2761575033
1 4169121301
1 2182941218
1 2964900216
1 2319499958
1 1090162750
1 2877452231
1 3717126615
1 3151054330
1 285581815
1 1983324622
1 154872897
1 2480411372
1 65590418
1 371446652
1 2389205833
1 3081411333
2
1 3379310473
1 585365269
1 436869786
1 3111967128
1 1982289988
1 105066643
1 1805393386
1 1588197407
1 1098904497
1 926858552
1 3857209796
1 2102365179
1 3627158786
1 131176142
1 547589698
1 600697266
1 4117049040
1 3810088320
1 1546727114
2
1 717083942
1 211442159
1 344419990
1 1277396247
1 3045488732
1 1209343882
1 4083359190
1 2061819278
1 26080771
2
1 117751362
1 803951799
1 595687504
1 1784221824
1 3116597099
2
1 959221948
2
2
1 844459246
1 1889355273
1 2187831548
1 3845164774
1 4055588164
1 1864647921
1 1563547036
1 4292699523
1 32119896
1 4202079242
1 3511476355
1 2411565018
1 3300745018
1 1271930117
1 3007509530
1 2340532816
1 2899640889
1 3089408767
1 1878652657
1 1614278753
1 782321554
1 566192931
1 3710684499
1 1591168957
1 3137594678
3
1 3455861264
1 2974295028
1 3789070724
1 1088702019
1 3870654882
1 1854370533
1 2857892708
1 1630514058
1 1788261946
1 3262694853
1 4022741870
1 2210299797
1 38478442
1 35768787
1 2211574520
1 1723333561
1 511468469
1 462547706
1 225428958
1 3873516266
1 4055537372
1 76521540
1 436493873
1 1978497982
1 2267215667
1 93925767
1 888553821
1 1514643627
1 3208457409
1 3700901396
1 125953238
1 713408196
3
1 1079862844
1 1010253
1 3957036049
1 3779916358
1 3518319598
1 753227418
1 353595622
1 350131163
1 1792959049
1 238833281
1 575410232
1 2442798043
1 2513824358
1 2461313644
1 2663247543
1 2030519535
1 2995537911
1 3991711778
1 440919893
1 2177152431
1 3488123698
1 3224510152
1 1579970450
1 493400504
1 3142231778
1 1532138973
1 490808653
1 1252316384
1 1008190680
1 3708348164
1 2943010585
1 2259332275
1 289125942
1 2266426807
1 2125968923
1 1736505861
1 2867558977
1 1298170103
1 1916654706
1 226725847
1 4282604186
1 3803531919
1 3878388102
1 472338583
1 537996033
1 897187863
2
1 2985186967
1 2685573947
1 1070696005
1 3206660034
1 1535644
1 725337649
2
1 584972265
1 4258427407
1 395179402
1 841672401
1 2936425329
1 2615856205
1 453683182
1 96024075
1 2062546030
1 2206089962
1 2703119598
1 944636930
1 3352064128
1 3835949709
1 820738817
1 3901367105
1 856360324
1 608296358
1 1291723099
1 544394217
1 3684108529
1 126978789
1 1797451510
1 1935102156
1 2879111510
1 3658817591
1 1324999130
3
1 1532563408
1 464239389
1 1372447322
1 4094031231
1 1127271668
1 772346374
1 2470698136
1 3504649934
1 2416062961
1 1094949809
1 652975335
1 3111111766
1 3626826626
1 1688304622
1 2010639124
1 3116158963
1 3733346380
1 2508872922
1 1623104443
1 2783454198
1 2408708118
1 1048206217
1 1434248041
1 884501208
1 3634679346
1 431106922
1 1795025472
1 2081483081
1 2958508089
1 1807878479
1 209266196
1 2774189416
1 2269913646
1 2001993417
1 2143117045
1 2621338383
1 1564295421
1 222863530
1 823605527
1 4018326660
1 2097214101
1 3085830061
1 2798803258
2
1 2288351125
1 96155888
1 172074538
1 226068354
2
1 1626277112
1 2854773013
1 2135529142
1 3776729879
1 3767980000
1 1035997802
1 1823712034
1 1888144790
1 1160202677
1 1768085386
1 2128668292
2
1 763737998
1 3782904944
1 2580983714
1 304134684
1 4273031656
1 401962747
1 3065026618
1 3026804712
3
1 2508076676
1 3718993582
1 2655125655
1 3040717399
1 3823111758
1 4029761297
1 989715134
1 3715289466
1 2914317582
1 3968570261
1 1315346000
1 1692964555
1 461778841
2
1 3638597257
1 522371031
1 1430902786
1 935637561
1 15856374
1 2115445483
1 970877472
1 3648623516
1 1135579435
1 2199809429
1 3814514653
1 1076112341
1 3943514641
1 403902842
1 1222928990
1 1019544999
1 2235746789
1 198608662
1 689630489
1 1864564231
1 1904261149
2
1 3614059152
1 3599225854
1 144026006
1 3984468408
1 3413675060
1 877684701
1 4270332142
1 1067137053
1 3043673187
1 3854088494
1 3659373536
1 3852300004
1 1793361155
1 3413821422
1 1967062271
1 4024310925
1 2864151846
1 771878467
1 3420018525
1 4255277364
1 2606400782
1 3234614679
1 1210852567
1 3131152053
1 3791186340
1 3287281745
1 2043077421
1 3134459115
1 3490051730
1 2985400964
1 3804434222
1 4015089835
1 4036364077
1 3814055106
1 796393374
1 67642293
1 4215876632
1 1413363324
1 1509938206
1 213529045
1 522344367
1 1353695100
1 59849002
2
1 3661225447
2
1 4027338588
1 50969725
1 2219690846
1 1686218298
1 1231502544
1 1336701201
1 1023775401
1 471382377
1 1691858011
1 90164179
1 2251107364
1 2034372704
1 2425672803
1 924178019
1 3044350833
1 2541623838
1 3332257177
1 4194654316
1 926547073
1 1199902002
1 3073140192
1 1258322336
1 2913978029
1 2516744756
1 3116906993
1 83087724
1 3139217577
1 1425652811
1 2907476690
1 341410285
1 32971636
1 3864367326
1 2653291762
2
1 612270477
1 1302130387
1 2180984025
1 3021485339
1 3812971236
1 4028616610
1 3853065231
1 2061228009
1 58016232
2
1 1171151717
1 3404556101
1 2046663014
1 2117807191
1 2198509784
1 2909655149
1 2837000819
1 3014763073
1 2058713084
1 2786618870
1 3516693111
1 1421425684
1 1896695348
1 1252687821
1 845756441
1 3437903018
1 1937046615
1 1141765577
1 3065205285
1 1034388276
1 2237802637
1 1684799868
1 1537260973
1 3454826249
1 2602407940
1 892825794
2
1 876795699
1 1249339729
1 2561969574
1 1812566488
1 2426715938
1 3259541799
1 2918971879
1 4171650498
1 4171226537
1 2638545899
1 4126707525
1 3642342425
1 2031419649
1 2056846248
1 2263270496
1 599641243
1 3783045307
1 289479444
1 3095658549
1 3240313317
1 4147139992
1 3155015682
1 81318723
1 3424337257
2
1 3776370479
1 2149347701
1 1339943425
1 810315008
1 3509291462
1 2260113034
1 2918650219
1 1096914195
1 1949092963
1 276900842
1 2404403632
1 1446080547
1 2663387226
1 366121801
1 1397189291
1 537834276
1 3175686678
1 2419718931
1 3331056594
1 2848222610
1 2179865092
1 3171810969
1 3519418973
1 2553482688
1 2880630774
1 2427139431
1 131837566
1 4223317978
1 2749664329
1 486031383
1 1394959239
1 3087293853
1 1799505774
1 2823184409
1 884396372
1 3820063383
1 3606694717
1 281942756
1 3197733157
1 2302380962
1 1209989770
1 371745911
1 117938130
1 1138079609
1 736736941
1 703093158
3
1 1986868588
1 1629101250
1 3863124957
2
1 2773530879
1 1931569197
1 643605211
1 2167361253
1 2563152262
1 1090194661
2
3
1 3289154958
1 2106059809
1 1244599049
1 1000683859
1 2323134990
1 1507450466
1 1882509018
1 3569759375
1 1796536299
1 3347175280
1 2999320418
1 4134962145
1 1760141163
1 1349735238
1 2786438250
2
1 493351912
1 3503391208
1 2197173470
1 2176423864
2
2
1 3824333550
1 965756412
1 2971695294
1 3329475099
1 1054150794
1 3348040590
1 1674679583
1 1767071596
1 183011442
1 4143525816
1 2969581798
1 2616959907
1 895569713
1 4076416407
1 2701541257
1 467140395
1 1551663386
1 4004570202
1 1659448860
1 3378178613
1 2162089860
1 3270278508
1 1785519133
1 3615510665
1 601595225
1 322443675
1 732231152
1 2994373280
1 733314252
1 1183156389
1 3773747800
1 1124934109
1 1719603228
1 3162495472
1 2332511342
2
1 741316818
1 1419160495
2
1 4194386332
1 3636090622
1 54862272
1 533198118
1 2068708405
1 3555592825
1 3353317089
1 2927806641
2
1 2496266821
1 633864342
1 2966577510
1 1331470595
1 1350723119
1 2806994076
1 1330308027
1 4048859925
1 1848501984
1 2201604361
1 4195971367
1 180515812
1 813724800
1 2418742525
1 3651774910
1 2117514228
1 969300245
1 322279610
1 37413661
1 393016348
1 1703579409
1 887310739
1 4285769749
1 3181908187
1 175269304
2
1 3618586819
1 3750756329
1 1369205444
1 840935041
1 449858535
1 3608691131
1 459809314
1 2988414068
1 3409888526
1 2451907750
1 2542981319
1 3681754446
1 3283958198
1 2052901593
1 2464915423
1 858700003
1 1282674528
1 30377792
1 189379711
1 4156548130
1 1474591886
1 3339933607
1 3549166381
1 3416450966
1 394836827
1 1132103666
1 2172298637
1 1865460353
1 390820
2
1 2817723802
2
1 92296246
1 254699319
1 4183716733
1 3754131151
1 3689719535
1 3950392639
1 2108624049
1 1875807700
1 1460942104
2
1 3602514806
1 1760667974
1 2667271266
1 1725123980
1 2890574187
1 2775960036
1 4084142697
1 2933877109
1 2720556509
1 2241184028
1 2731251936
1 1007664982
1 3197929699
1 1243773940
1 1756915212
2
2
1 4239602493
1 1913963090
1 684158908
1 953135498
3
3
1 1043277593
1 2734321162
1 3661380182
2
1 1770597493
1 1913858149
1 1813952041
1 1521799486
1 1590251932
1 2665984401
1 192629339
1 3149389338
1 2361139988
3
1 2351053260
1 3770844900
1 2124397095
1 1076766630
1 1309197365
1 3396267903
1 458684879
1 3084759857
1 2258558235
1 689632981
1 2760959444
1 3368465349
1 480564355
1 1823630747
1 2200840608
1 2205652450
1 4127367756
1 1995440598
1 466041688
1 168492413
2
1 1803639806
1 4205204515
1 4133353618
1 2490424414
1 747036189
1 2318026225
1 3166456294
1 95909228
1 1443046453
1 2981640388
1 3816941443
1 3451872581
1 1383058729
1 1135113528
1 2415212375
1 1184298420
1 1717926076
1 1700492707
1 1650996287
1 1625539475
1 2041009642
1 3330980373
1 3813700136
1 3983788058
1 3561966385
1 1420702861
1 3921026366
1 1575913357
1 2997622478
1 3430438546
1 3036730089
2
1 4081990390
1 4100886901
1 771443382
1 66373621
1 2458670979
1 2028397817
1 2433438060
1 103041912
1 2580732496
1 3495731732
1 3441846801
1 2420480304
1 4152576239
1 581592469
1 1111473021
1 724776600
1 965610805
1 4087873218
1 4113728094
1 3871940367
1 2371354970
1 3838266955
1 3412875434
1 3318780639
1 429801152
1 2090205445
1 3443590202
1 1533852140
1 2122119903
1 3527380201
1 252948426
1 1352006171
1 1546093029
1 1518391696
1 4151407609
1 48337328
1 27906229
1 2083542560
1 2680334198
1 2158097364
1 1368405082
1 3342893678
1 1265434109
1 895733809
1 1422331961
1 2233885700
1 2755345706
1 1858999865
1 136834775
1 2798487099
1 2804852106
1 415229989
1 3313090666
1 561620342
1 1835722636
1 3369485323
1 29495988
1 3060351449
1 1169168911
1 3807076753
2
2
1 1974250992
1 840780105
1 2479461447
1 3141569229
1 3788920564
1 1295208629
1 1861923832
1 1736784845
1 1506997512
1 4291476973
2
1 172583706
1 907721957
1 1174853665
1 667974224
1 610052103
1 3160306790
1 1896043981
1 3230183494
1 605715906
1 3646081525
1 4232096368
1 2058726909
1 3269075270
1 1559371099
2
1 3070439673
1 2143492462
1 3279119533
1 1111645404
1 4013254474
1 2858402687
1 4179631507
1 1752578885
1 1281649090
1 2068264411
1 2300894516
1 2699600416
1 1127744014
1 3204861876
1 2405569344
1 2185876417
1 2139069129
1 833312436
1 3869409714
1 3299063423
1 3109508638
1 3057630259
1 2404054650
1 628972876
1 2088563004
1 3187942761
2
1 2335739202
1 1576940905
1 3688761598
1 76636181
1 2699332778
1 1892745372
1 576760536
2
1 2190551666
1 4023120416
1 3003742403
1 257244651
1 3770158545
1 3682382464
1 2808936748
1 1800339540
1 3130880154
1 1758414688
1 890715437
1 4007872864
1 4181032790
2
1 3038818150
1 1495340883
1 1450864439
1 52890357
1 366658745
1 2776059069
3
1 1823314818
1 2532182803
1 2461069877
1 170593802
1 563092372
1 450915096
1 396017085
1 2304624776
1 71830835
1 1442020819
1 2347656708
1 3685565898
1 2424126370
1 2927936076
1 3782225028
1 172476706
1 3019556313
1 3271600803
1 3564186790
1 3572350560
1 2774379142
1 2652967195
1 822303104
1 1723851294
1 3640926325
1 2797816013
2
1 243828934
3
1 3134263873
1 1777721249
1 2901748851
1 1223925110
1 2282973088
1 1083483393
2
1 795331558
1 3069732120
1 993573966
1 1722565954
1 409959067
2
1 968910717
1 278433837
1 259936975
1 3436130196
1 3083925649
1 2580211625
1 1511458160
1 873935273
1 1584699230
1 3719203427
1 480427979
1 1173757652
1 2362318985
1 3804970983
1 123294130
1 3954833989
1 2647720181
1 904781171
1 4081656790
2
1 2932383158
1 3464512041
1 1357186371
1 1138725144
1 583624661
1 646789285
1 3336399165
1 1390483988
1 2709291923
1 1223310771
1 2266374990
1 624030520
1 2380950141
1 2714369530
1 1004185419
1 1193016072
1 726160391
1 665177196
1 330690474
1 3094353343
1 1458050383
2
1 745946352
1 3621903190
1 2071721225
1 1555865720
1 308797667
2
1 1605277524
3
1 500172952
1 958343587
1 2844853671
2
2
2
1 614043877
1 35591782
1 2874556357
1 899951668
1 2335491974
1 2133735914
1 1357050242
1 4251214973
1 2231981961
3
1 425928814
1 4174881603
1 3588752534
1 2394556694
1 1344697590
1 2284901339
1 187641414
1 692489436
1 337741936
1 3123351950
1 1897142919
1 4172435939
1 121797239
1 3241626456
1 3534452973
1 1573796630
1 3203736485
1 1694039621
1 1846096246
1 2219614882
1 2048448513
1 1916231732
1 3063004656
1 618625580
1 3165010651
1 4003670999
1 151238103
1 2297097309
1 1164252138
1 3835868797
1 3673503807
1 845825042
1 106028991
1 3931740693
1 3770407021
1 2128553791
1 798752420
1 1832346059
2
1 623536199
1 2462956132
1 3403091132
1 671864659
1 504217989
1 1915291283
1 4003138060
1 219147571
1 3717306956
1 2421106772
1 3351106595
1 2948810769
1 3181322236
1 752436281
1 1389694472
1 3696481716
1 53751065
1 2507125361
1 4204459861
1 905544446
2
1 2869907507
1 1659866524
1 658379732
1 4034371633
1 2682347090
1 2633821028
1 1400623028
1 3899608877
1 3572127291
1 1114468693
1 1974861970
1 3027792652
1 792301063
1 3772394830
1 1138750913
1 2473322967
1 3306888299
1 3504694774
1 1678918733
1 343091343
1 2609540206
1 1528722965
1 124985137
1 3396802406
1 2284964701
1 721168407
1 4130429579
1 3982092885
1 2777614663
1 2914148929
1 1001903991
1 273565054
1 226228471
1 2848700409
1 461955218
1 893736143
1 3791176325
1 3129885098
1 3981282815
1 3328094967
1 580060715
1 2185567758
1 1921635976
1 3769511420
1 1666516086
1 1898408418
1 1422941394
1 1412216407
1 3044619577
1 286366215
1 2446631238
1 627439666
1 616606208
1 3856774155
1 3429734197
1 2798270201
1 3755314279
1 2051326618
1 250893108
1 1856955314
1 2174186872
1 2102792634
1 225428897
1 1481658848
1 2845901282
1 696435850
1 3216350912
1 3325492524
1 492437701
1 2435869153
1 4213589853
1 2479669468
1 2630531016
1 115665569
1 993413626
1 2590819781
1 806971291
1 1991098503
1 1100511531
1 1411670287
1 3552925423
1 4196581749
1 2552879359
1 1915487307
1 2170719941
1 3940926287
1 2766137307
1 817000567
1 2324073953
1 3124816736
1 4017704793
1 1991066499
1 559196147
1 764924473
1 652220820
1 795719946
1 819372190
1 711910668
1 1028669786
2
1 2969741109
1 2079256764
1 1097478937
1 2425209455
1 740466630
1 2624119164
3
2
1 4223093112
1 2240618577
1 3236377452
1 3586031858
1 2560355057
1 1358610706
1 3288624386
1 1486412004
1 3285428168
1 91998179
1 3606320767
1 1841084014
1 2793057798
1 1304439274
1 3748927336
1 3909609316
1 2766047171
1 2621501819
1 3174975536
1 749912994
1 4053209648
1 2908625037
1 310651207
1 2276739837
1 1273741192
1 1004842164
1 3660142675
1 2813734376
1 2211629092
1 3279481954
1 3995582932
1 1864992188
1 1188830016
1 3337042743
1 13182983
1 3006142469
1 1678568096
1 2039502946
1 1163574527
1 3675537608
1 3512865121
1 4262572044
1 4014519934
1 268564467
1 434400866
1 2150403710
1 1243456603
1 4044518775
1 338982776
1 3368807801
1 3513691475
1 1083521722
1 224215804
1 3492218453
1 1535020887
1 1432970571
1 2638495259
1 1813643389
1 2718014184
1 1834656843
1 3807097935
1 2895505706
2
1 1788579017
1 1584986209
1 78909166
1 378206294
1 923340006
1 8519972
1 3473922694
1 2923144204
1 1733195468
1 2143653132
1 2355973437
1 3082598779
1 2150871565
1 1947263094
1 1190630256
1 4234642644
1 3369271474
1 1974371785
1 3986269962
1 2008021953
1 1053168264
1 3397020556
1 3133891527
1 2691279644
1 3629616712
1 517844671
1 275941295
2
2
1 322188689
1 3310497566
1 2595617250
1 1579514067
1 447663977
1 91170167
1 3438570181
1 2322639959
2
1 3408610029
1 1858418820
1 2561141667
1 3019309365
1 1850356820
1 3397250879
1 3618129939
1 677781850
1 631841231
1 1108495306
1 1402404279
1 2290454681
1 3111057009
1 1359266019
1 4062974679
1 798562233
1 1089169292
1 873430365
1 3352596535
1 1485486901
1 2016650270
1 1330297313
1 2565423430
1 3120624005
1 1802793948
1 4227162462
1 1277211476
1 2102604481
1 462540558
1 3479804052
1 1059904405
1 763163395
1 3118624452
1 2487061472
1 3592817124
1 850058383
1 3082403101
1 2352971965
1 1946164108
1 435898745
1 779764113
1 2410944537
1 1184469801
1 1011610576
1 160322763
1 1241956299
1 2288163699
1 2887805177
1 316152741
1 770654386
1 2470619120
1 1445758595
1 2451781905
1 1083757671
1 3720792858
1 4034580981
1 709091163
1 1053339218
1 2608968192
1 2997701963
1 537378146
1 1307648403
1 935973225
1 2325416141
1 1377358898
1 2608785787
1 2606691546
1 2655023699
1 3661927298
1 174804885
1 3457803779
1 3415909102
1 2229821121
1 1329938132
1 1648142280
1 1916552394
1 3576695426
1 4135158696
1 2917405252
1 2668112097
1 2664167293
1 2635935629
1 2169249638
1 3114340784
1 1115251252
1 2202032927
1 2195538275
2
1 4051050865
1 3587166929
1 4065102549
1 360807249
1 4260650987
1 2771554777
1 1725247601
1 2176802134
1 3558177218
1 694423872
1 307956648
1 798029072
1 56501303
1 3402323435
1 3382903198
1 2940102459
1 1106131895
1 4164303853
1 3354806873
1 1356966946
1 1092211894
1 352743628
1 2643198303
1 1152590448
1 3825301555
1 4155208419
1 2642757438
1 2005822064
1 2615260357
1 4057130878
1 543479964
1 764440145
1 2246677759
1 1311479467
1 1829834982
1 2450087432
1 3503554608
1 247358996
1 3944926137
1 888878995
1 1670408646
1 597696498
1 1632616962
1 2295958338
1 953508015
1 1445584988
1 952436208
1 4245797878
1 2815935118
1 2192742896
1 3127893550
1 3758478815
1 3998518310
1 4180377907
1 3415504884
1 3301868725
1 4266546694
1 1691587895
1 535352014
1 3876434817
1 144325272
1 3390914093
1 1187142615
1 3665756595
1 2458326934
1 3607835861
1 1124396345
1 2382362727
1 616808590
1 78106898
1 4280496835
1 1822746212
1 2140886310
1 2557356859
1 821997711
1 3857575679
3
1 1157939575
1 4239164472
1 1829666274
1 1217099872
1 1330663147
1 3114134381
1 344013716
1 921899451
1 2847416251
1 1532849203
1 3950488906
1 984866081
1 1948511222
1 3812480434
1 2974818356
1 3294737663
1 2622968020
1 2717339757
1 607191988
1 1020327957
1 1107836642
1 193381340
1 2278862705
3
1 2803868054
1 3491321062
1 1816423353
1 4237653067
1 2397074513
1 693759557
2
1 186572443
1 1593621451
1 1432675181
1 3187247304
1 2100357496
1 2512327275
1 381734490
1 1155623054
1 3027783599
1 2943152268
1 2924111140
1 2993164261
3
1 2174964159
1 3187666930
1 3376293384
1 259216704
1 3576689232
1 2665844885
1 2485364445
1 3096089205
1 3316262364
1 304707726
1 1371816724
1 1543757535
1 2137346832
1 788568219
1 1927496840
1 3507543182
1 1251944055
1 195334912
1 3744007105
1 1602803634
1 1090620604
1 3995384508
1 2021807337
1 3419789928
1 4166734020
1 573585154
1 48315236
1 2903111675
3
1 3159109860
1 725107045
1 2521707956
1 697617059
1 1134813331
1 2192856905
1 2673164617
1 1827692220
1 741436624
1 1356204908
1 1302248240
1 212385544
1 2128116186
1 3172727685
1 1710058401
1 990703514
1 2696661255
1 967438126
1 953357631
1 3195930580
1 894740707
1 4188051818
1 235104440
1 1547494813
1 3244287674
1 4116385429
1 1964345113
1 943595109
1 1380176037
2
1 3339413075
1 3128195146
1 1099182256
1 878689530
1 374742319
1 1942537646
1 948619012
1 1469732155
1 1236233161
1 3610711958
1 624272783
1 3256980777
1 2930055843
1 1336878275
1 2763122380
1 2739621108
1 1878765798
1 195340017
1 1202883825
1 2011324749
1 4261770036
1 2605739012
1 1483066351
1 345309030
1 1936664168
1 2517759338
1 2277385227
1 4021656104
1 2700316173
1 607351627
1 428366540
1 1755137191
1 1516132575
1 1525931155
1 1317363658
2
1 2467404180
1 1209038322
1 312302559
1 410239816
1 217341152
1 1554050131
1 677512328
1 4282478353
1 1996115483
2
1 4200688645
1 2379611120
1 3652715342
1 2799752503
1 3066045064
1 2599235519
1 242970477
1 1674550983
1 3323913666
1 1968816230
1 2471997610
3
1 2864989446
1 498801625
1 2287317146
1 107809717
1 3086865682
1 80855141
1 3224504883
1 3828770180
1 3300546281
1 3909954450
1 620613852
1 959481071
1 1499763291
1 937017194
1 699912687
1 2869587775
1 1051980955
1 3552180375
1 3486794704
1 682962947
1 1008510506
1 2422930670
1 3836169168
1 4139367265
1 1722396651
1 339814259
1 1381217755
1 3932453
1 2072137743
1 2577103153
1 3592647193
1 3249544909
1 3379694311
1 3108077271
1 909934165
1 4033281342
1 2293329191
1 3715670360
1 2800697608
1 2749762102
1 3835542297
1 2278705096
1 632255457
1 3291687449
1 4043681501
1 1108256553
1 1056948740
1 928656582
1 428392902
1 3462689497
1 4262437453
1 155043615
1 1629048796
1 1445176700
1 1838518624
1 3596040819
1 772797862
1 4238908834
1 1693159449
1 1382545924
1 1163280941
1 402552732
2
1 3356982133
1 2687939267
1 3886373733
1 1682213171
1 2341050957
1 2115100934
1 2734205492
1 4032540805
1 3235002747
1 912380400
1 2634278580
1 1219965323
1 1778507540
1 2978438016
1 3920895244
1 1061638283
1 2596797191
1 391271262
1 3112739849
1 1529515942
1 2426390261
1 2753509594
1 1314117831
3
1 400150662
1 3296725926
1 1332283135
1 1881774788
1 2664012455
1 1828066339
1 3939399201
1 3931774187
1 3767686335
1 4163099905
1 1844589981
1 653402985
1 419408508
1 4214689557
1 3536112981
2
1 1873891664
1 164313700
1 3336235597
1 139082101
1 1413790177
1 2532377082
1 57659546
1 948057899
1 1614826993
1 1363421235
1 2813513751
1 2914836546
1 1008646939
1 3903710244
1 1434485150
1 602169275
1 273178642
1 3446449212
1 1886518743
1 3146972142
1 256463658
1 2494387774
1 2996260878
1 744652992
1 78849704
1 2442694182
1 647808250
1 2232546456
1 3536160065
1 2136451986
1 2466874088
1 979401497
1 3753624489
1 2463828322
1 3315025622
1 2942838064
1 514227792
1 1997747372
2
1 2637362560
1 2987887223
1 288249761
1 602432000
1 4173446367
1 1572786248
1 2802474593
1 3261172686
1 2599523642
1 2454474205
1 1837804736
1 3124914167
1 1004111977
1 332333626
1 2966197985
2
1 2281458002
1 2336893167
1 3090583373
2
1 2349543045
1 3715225574
1 429556988
1 3244517008
1 4219417005
1 3958577832
1 1806694099
1 3268612402
1 948446285
1 3331035912
1 230258936
1 2619602927
3
1 2163187295
1 661191781
1 2496703060
1 2823169285
1 4062899653
1 694337862
1 1158600205
1 3271583704
1 1189424393
1 3827309240
1 1950617203
1 1382735173
1 1149941468
1 985266738
1 3611293542
1 2558501501
2
1 1315860835
3
1 2239713927
1 3608817242
1 1611587099
1 1363426283
1 3002195791
1 2680625482
1 1513221228
1 4018384001
1 118391160
3
1 3593235143
1 3265415946
1 3431145034
1 4242087556
1 1743526948
1 3370914036
1 1194021959
1 1042076598
1 533537952
1 2739913050
1 3232141674
1 2305994969
1 3274484425
1 1952994364
1 4230343980
1 111751591
1 1910152459
1 2415043423
2
1 416182288
1 795079443
1 744311117
1 934983775
1 3496725695
1 1822122357
1 1557265379
1 1117735517
1 2610604258
1 1165911483
2
1 3955847763
1 4125740498
1 1580506293
1 598894343
1 961154768
1 4101279210
1 2734960742
1 2144097180
2
1 3221662864
2
1 1897513789
1 1131376497
1 1666376652
1 183703130
1 501390835
1 2482855413
1 2860106057
1 436111184
1 2346296418
1 2163613920
1 3935168056
1 3787462880
1 3990815610
1 3586260100
1 3343400460
1 896333320
2
1 1531296926
1 2948797106
1 3070072623
1 2718671022
1 2779293413
1 1622861375
1 3072998777
1 1062742805
1 3924828283
1 3002626125
1 2125007164
1 3162260441
1 2760458348
1 1459541783
1 3076188812
1 1012551075
1 3510727344
1 1965485917
1 3799435448
1 3146454125
1 608455968
1 513547036
1 4050818821
1 2993399939
1 2969992212
1 1584779072
1 4187547760
1 3089211011
1 3449945648
1 1771965602
1 1420876799
1 1084184063
1 2201603897
1 849701896
1 73072208
1 2011663104
1 2187188459
1 1297556082
1 2784846751
2
1 3458138490
1 4074401206
1 1749891374
1 1939219793
1 88702796
1 4262384318
1 3060007889
1 1496389457
1 250815001
1 3322032270
1 2744426040
3
1 4116390551
1 3000718165
1 495808104
1 817273436
1 3041865673
1 204871443
1 3515706273
1 2569262799
1 3039509276
1 481183825
1 3418157879
1 103352322
1 1386471810
1 3713421463
1 3481132204
1 3250160873
1 681508782
2
1 1951647079
2
1 1972338923
1 3774851790
1 1477975547
1 1238889126
1 2662618212
1 427116727
1 2880713764
1 1199848216
1 208312536
1 1958402054
1 3939262554
1 2674973836
1 1069347001
1 1952950487
1 928206733
1 2900626188
1 4114851471
1 30966660
1 3229894524
1 281467542
1 1225388128
1 894316569
1 3409575443
1 934782053
1 2006353012
1 1517022241
1 2507177143
1 3798829804
1 3918598731
1 3818440293
1 2235785531
1 3813019671
1 1173470162
1 2355060607
1 4041283126
1 3919819636
1 3096159753
1 3757138498
1 1061332424
1 2275540877
1 2090245014
1 2980645067
1 718375703
1 3672434493
1 1035980623
1 2825658252
1 1837166343
1 2555342330
1 2945624768
2
3
1 654514892
1 3045101823
1 1828299291
1 2256769410
1 3221339854
1 338481266
1 3037606427
1 3189478131
1 4070481925
1 3182729292
1 1090589945
1 3306251814
1 3540213061
1 1594329833
1 3889796920
1 3071056301
1 1706824515
1 3289242928
1 3667415221
1 2831499407
1 1241274088
1 1571382792
1 2935760665
1 2075763542
1 417294824
1 536974481
1 710116389
1 3730070599
1 3791566625
1 3163258191
1 3299938202
1 1368859415
1 2648002115
3
1 2806663189
1 857474512
1 2744922864
1 2134929854
1 1903427298
1 1574479490
1 2178230501
1 2966730243
1 334374896
1 3657900813
1 3970626839
1 3191588138
1 3795814405
1 2322904124
1 911570181
1 274184956
1 1021978637
1 1109942212
1 3506365761
1 2996068127
1 2177043411
1 2233707661
2
1 2585882808
1 1371557776
1 64288317
1 400251364
1 2750351035
1 3798409052
2
1 156164370
1 2977512201
1 3163633018
1 2204759605
1 2409181585
1 4285269268
1 1938313456
1 992515537
1 4145845238
1 3724220834
3
1 1210503539
1 2599299879
1 1596499514
1 3374689511
1 1012320511
1 1307304783
1 141121064
1 3756054144
1 1605275784
1 3245357338
1 474169723
1 1436080038
1 2705773803
1 1197438747
3
1 1051822259
1 1097077094
1 1898908635
1 735566939
1 2732753469
1 1222159596
1 1070487213
1 2435693643
1 3178503701
1 4147170754
1 808877728
1 2273833058
1 1251793172
1 2509718474
1 597968621
1 186018585
1 232459468
1 951021492
3
1 3124888596
1 485749842
1 425126797
1 1704632734
1 3917965260
1 759552384
1 3750581613
1 3989003682
1 3688707377
1 3668293909
1 306203629
1 363278440
1 386502432
1 15674245
1 3684684690
1 2531387307
1 1643874576
1 1635033076
1 243207319
1 2806733519
1 4230053635
1 1293559036
1 3107439991
1 545714261
1 358630185
1 955921020
1 3772532131
1 2081024272
1 128491797
1 3242947711
1 964047624
1 3103790767
1 1713616747
1 3655453048
3
1 3667966343
1 294158420
1 1196466002
1 594428289
2
1 2825672799
1 951656796
1 339996851
1 728941817
1 1142614545
1 1091745798
1 1976992512
1 1261830778
1 3106440213
1 326098104
1 3474146116
1 1425751193
1 3256629680
1 888653473
1 1479599404
1 203724311
1 705701620
1 122121752
1 1015243388
1 2644015583
1 652297228
1 2685619284
2
1 2313833104
1 4235034244
1 3501322313
1 4128181057
1 45939829
1 3125881235
1 1233887727
1 2717381368
1 1047018180
1 1761331868
1 998762598
1 3847975704
1 4107294102
1 2890500995
2
3
2
1 3758645337
1 3824344330
1 1072156349
1 4189136654
1 1110129321
1 799872821
1 3493603049
1 3625015906
1 1031547591
1 3563539096
1 1901533719
1 104440458
1 2695224807
1 3098535946
1 738832210
1 4023136015
1 268456905
1 363123626
1 3713528317
1 2135562839
1 332695018
1 3506777722
1 2036194700
1 4117602922
1 2850626997
1 2646219799
1 2807983473
1 106416510
1 2488399788
1 1411265570
1 791009514
1 1316847717
1 1851105323
1 155452383
1 1347824294
1 1425975286
1 3144150560
1 2305661246
1 1115123515
1 861637
1 4012070407
1 2440895347
1 2350134046
1 719090405
2
1 1737173361
2
3
3
1 3515327788
1 734155757
1 3787633969
1 2490058728
1 2410315609
1 103544429
1 1470618300
1 2670488295
1 466464361
1 2978362279
1 2730276789
1 1539180056
1 3419820350
1 467103737
1 1535807866
1 4179010494
1 2696678388
1 13675589
1 3368803124
1 3514448524
1 2942929601
1 1182013405
1 2138856547
1 3976064413
1 1121758336
1 2995150143
2
1 128112717
1 383180588
1 1210036114
1 1983105087
1 2482647441
1 3271940631
1 1831090888
1 788814399
1 2489907374
1 1427698264
1 1056576732
1 175054094
1 813331145
1 339711107
1 3550390809
1 1730789499
1 3763990719
1 4072307937
1 1470514100
1 833940711
1 494346006
1 398594360
1 1415623703
2
1 445863204
1 2007401032
1 677403923
1 1470627645
1 3195963860
1 2911133897
1 1941070111
1 2522098480
1 3551090779
1 4007872460
1 1088499115
1 650466145
1 1084766184
1 3986670242
1 3188286786
1 613298385
1 592225478
1 678054922
1 1259859485
2
1 579523583
1 2814473954
1 955389489
1 2922196437
1 4105102947
1 2841031623
1 3873111617
1 1704170233
1 3745462996
1 2481018669
1 1916812594
1 308935820
1 459753943
1 1836407549
1 4050917125
1 314071873
1 2621342346
1 1234769831
1 2054938567
1 2174151429
2
1 309737422
1 2213798431
1 987337834
1 3354911049
1 2976689878
1 734450999
1 1964437917
1 3304221348
1 2886102310
1 3034585231
1 201325932
1 2394168682
1 745443438
1 1023260515
1 2749578942
1 1613328928
1 242986071
1 2960650072
1 721013397
1 2468368840
1 558098021
1 2292414168
1 467210586
1 819168080
1 1832731388
1 1156133539
1 335465335
1 2477698706
1 2306181516
1 3194290109
1 1239444345
1 2461511720
1 4198534377
1 3939483310
1 4180427589
1 1142530495
1 3604703190
1 1231107780
1 1283280994
1 776565720
1 29599299
1 2386620808
1 1756106559
1 2204966265
1 496933375
1 2479798209
1 1419487437
1 40919437
1 2959835650
1 2243102681
1 1265153426
1 2782452382
1 82908562
1 1878268626
1 2650524986
1 3261719409
2
1 2182388744
1 1104187513
1 2302751675
1 1361243377
1 833333934
1 1773042686
1 2867657953
1 3257380289
1 2090313972
2
1 3012562148
1 1432908594
1 1216856112
1 712895633
1 3742675739
1 1532007691
1 3198123190
1 1144649112
1 2023023675
1 859612076
1 3309312215
1 2799268456
1 773607549
1 3394050857
1 2980790768
1 1199688111
1 529761455
1 1996540234
1 1541244515
1 1692090629
1 1496729413
1 1991238024
1 4281219170
2
1 757486438
1 2218894809
1 2235206117
1 3153911043
1 2508435562
1 501105458
1 4072096211
1 1593599826
1 1132636573
1 4241622362
1 1090164582
1 4290479771
1 3003314706
1 2273815781
1 2198040470
1 2393661562
1 1917841408
1 3899757448
1 824573015
1 558098923
1 2608475062
1 1622739173
1 167444855
1 3852330877
1 3483926771
1 3204900324
1 2529092505
2
1 2675888697
1 863922193
1 47234360
1 3027889840
1 2666291030
1 935866016
1 2989354634
1 1214778600
1 1515620429
1 3021389599
1 3314589950
1 2435851290
1 3816793314
2
1 2221097712
1 1582366570
1 2047787955
1 3528190916
1 775190136
1 3905648391
1 153105698
1 512885501
1 1969817806
1 3862244200
1 450850162
1 3604471028
1 3837472524
1 298284590
1 2986785057
1 101397107
1 3215826655
1 234168023
1 3319989424
1 256214269
1 309475202
1 704550469
1 1471372293
1 311026504
1 4159142473
1 1031766156
1 426156685
1 3072411382
1 2404316851
1 1281220728
2
1 2303309908
1 2597432614
1 496125013
1 843526110
1 1360652685
1 889161493
1 384397527
1 3372369114
1 619335175
1 1733459850
1 4181770051
1 1218088871
1 1975843569
1 3310750358
1 4018482237
1 3095536320
1 1947702707
1 1221333853
1 2846289903
1 134276041
1 2891139804
1 4214684250
1 2405931992
1 1678874641
1 560079520
1 3845278907
1 4064808196
1 2353590920
1 3679275955
1 2663280208
1 3045600442
1 2640648863
1 221350893
1 406137731
1 3845331787
1 3086361677
1 555794896
1 1947066463
1 1752306192
1 1500470144
1 3777484510
1 3091591764
1 327909411
3
1 4000977252
1 4063120287
1 3188840105
2
1 3376937645
1 988172418
1 3572083303
1 614108916
1 4004920454
1 961917762
1 1624594872
1 3739567805
3
1 4262447094
1 1989053459
1 1399195380
1 1878096242
3
1 3502927598
1 3891036313
1 12549647
1 1198978020
1 2578170346
1 3397935793
1 117534469
1 1723085504
1 1725416940
1 2640903598
1 65394990
1 2044542935
1 2830747872
1 2042345407
1 4058707231
1 941890950
1 3221975186
1 3079539630
1 329105638
1 2924182551
1 1341607371
1 3381338998
1 2726816117
1 2899423479
1 3022317554
1 3780462239
1 806955458
1 580362415
1 336403928
1 3000782887
1 1042207543
1 3590843979
1 3824708952
1 2905947591
1 3597945422
1 5289777
1 2664620759
1 3362662861
1 565370926
1 674022609
1 2244030715
1 3172278730
1 1600337031
1 824956669
1 3608612523
1 1109775042
1 1940683974
1 1141873908
1 1667467718
1 3475242769
2
1 3170652620
1 3285925292
1 3043931115
1 3766087469
2
2
1 960688648
1 3930646497
1 305925051
1 2781041647
1 2807755465
1 1875801708
1 3933451940
1 622406545
1 1591074664
1 1961568463
1 502618007
1 488128921
1 2825632487
1 3655293359
1 2965648925
1 748475657
1 2395279498
1 1565435634
1 730195349
1 506961629
1 830032907
1 1557624750
1 988304774
1 2440480862
1 1846304975
1 3797386928
1 3109765859
1 3799180989
1 3075025412
1 1742320241
1 877079303
1 3981895705
1 202173506
1 1946032034
1 3100047413
1 3554966459
1 73020538
1 3038610796
1 3101666866
1 2271723711
1 3701574709
1 812542415
1 3186418620
1 3665652348
1 1595024276
1 3380345077
1 265717367
1 947232896
1 1167141891
1 3932328386
1 4201129556
1 888958719
1 3057541633
1 3417376557
1 2264033296
1 1284130847
1 2457323812
1 1359227273
3
1 3065763171
1 1040207003
2
1 311298273
1 1075316070
1 2798253239
1 3314724842
1 3602676351
1 2186063155
1 1749923643
1 1239979647
1 1642683383
1 119577497
1 915231056
1 2247834719
1 2891935947
1 2769528845
1 3683111839
1 4269914321
1 3731509339
1 1412491763
1 3102810111
1 1805158648
1 3126556758
1 1825554420
1 2430903144
1 90270281
1 1221640704
2
1 425106161
1 2318076059
1 4161210931
1 1805962975
1 2723337918
1 3365310429
1 3646593840
1 2665489622
1 699776470
1 513131608
1 2237639142
1 3810072084
1 429378633
1 2530420864
1 3448215410
1 2733081484
2
1 3471470748
1 3725631087
1 1709713719
1 3693225018
1 1610395853
1 98940694
1 3239798834
1 971691766
1 8055593
1 3435929848
1 640834350
1 1256109528
1 2998384719
1 2287410030
1 74894407
1 2321037063
1 2104744940
1 1050549969
1 3687815237
1 1718508032
1 1970773767
1 3750941030
1 3458834575
1 666367048
1 129955752
1 3782684432
1 697988097
1 4063016730
1 1268603334
1 25533775
1 512886211
1 1164907330
1 3048689704
1 772740037
1 3257712232
1 2430355027
1 2898241834
1 4278250236
1 693424988
1 698557112
1 3609378503
1 694620457
1 2105914089
1 2269027056
1 1907555627
1 2131847137
1 51062331
1 787168680
1 180992243
1 1466414760
1 4011624682
1 1417729309
1 3660755011
1 625535
1 2154735641
1 2225728135
1 2290493176
1 2407886239
1 2093777300
1 1216378452
1 3886089815
1 3486208545
1 2154118292
1 203535653
1 2527119697
1 983258351
1 983112385
1 4038505565
1 1069117064
1 2199873020
1 3880277923
1 616390178
1 2130755072
1 3503344267
1 1917681933
1 2921138557
1 2680933420
1 4008453170
1 2044146865
1 3183796987
1 3735481115
1 1103247271
2
1 1996168519
1 1819280485
1 2385372485
1 1594443055
2
1 3447795924
1 1371536442
1 3209458929
1 641653132
1 386798888
1 3998480683
1 199803787
1 2031467636
1 3556081880
1 3242627218
1 486293018
1 982762682
1 1387269155
1 1168298389
1 2375303951
1 1340303519
1 1237901903
1 4013307237
1 1852566131
1 958453572
2
1 585391763
1 2869079185
1 3334169076
1 3007199967
1 2612351300
1 3138519588
1 2813744574
1 407294569
1 3182765988
1 518173515
1 840756390
1 1720137718
1 3364432847
1 718124256
2
1 3846131811
1 2223088283
1 3987675188
1 4228561254
1 1391354365
1 2569526554
1 1794285825
1 2026584085
1 2231560911
1 883710996
1 2781840137
1 2270110184
1 1973799033
1 289008792
1 2198892070
2
1 2136499382
1 766308006
1 2292802324
1 3764853122
1 1495543070
1 3655795158
1 1658449934
1 1734245399
1 2039745213
1 3071006066
1 1051418363
2
1 3868107419
1 838670291
1 1273486258
1 1452435293
1 2849305743
2
1 3624434131
1 1482960975
1 1126488799
1 2629707423
1 687422530
1 1487293095
1 1903445780
1 2705805238
1 2827870090
1 3925098600
1 2801403998
1 1454318775
1 3580917920
1 3030013444
1 2651946824
1 11097002
1 2463045797
1 648980719
1 2164501143
1 3148774497
1 3129087391
1 2577801029
1 2575953469
1 2827365262
1 673645283
1 2630838588
1 3339516300
1 2648329087
1 1787724492
1 3463900701
1 285721303
1 557304098
1 2728342693
1 1246384498
1 2706695342
1 854646253
1 3403213200
1 574974737
1 2676672035
1 4184632370
1 511104358
1 2068267355
1 3557557536
1 2963725710
1 511924244
1 3819247862
1 242849488
1 29867973
1 241088351
1 3889120560
1 3445447342
1 1741403086
1 501931690
1 1604367323
1 3456823487
1 4159094086
1 3112586631
1 4019125390
1 3797245551
1 280627039
1 2698738433
1 2009102971
3
1 2696254659
1 2567367189
1 1659615629
1 3561428881
3
1 1150125921
1 754685036
1 461600932
1 272004149
1 3908735896
1 1369733793
1 1648564907
1 2859300230
1 1438724442
1 439472703
1 2330729241
1 4118474225
1 1290137377
1 431549813
1 1829535223
2
1 2394924552
1 4162111893
1 1284710948
1 2775854815
1 547794961
2
1 2224706352
3
1 2790947076
1 3830092344
1 2854642353
1 2560830
1 4156966238
1 1949369691
1 3194775302
1 2174409971
1 3683991286
1 327588971
1 1794378565
1 1434732304
1 948822350
1 25562191
1 2753737705
1 2859278790
1 1308171317
1 3186412530
1 1857214725
2
1 858149457
1 3127415525
1 886105855
1 840321793
1 1649781778
1 879560884
1 4044451597
1 548659948
1 3171242103
2
1 2831516514
1 1478421170
1 2110593587
1 725602416
1 1475825301
1 3565991033
1 4104472671
1 2777197953
1 1972529624
1 215976152
1 2256683627
1 1205008065
1 1969941175
1 239104592
1 39015294
1 2599709881
1 2523058202
2
1 846775458
1 2230490608
1 4117022878
1 1586722809
1 766725373
1 2618627158
1 3375470020
1 3124324882
1 2915419936
1 651967885
1 3499123129
1 3724831744
1 975868393
1 1760591529
1 2561277484
1 3077305472
1 267236559
1 767682198
1 4065804093
1 2197014534
1 1149762642
1 2076081805
1 4179510448
1 3451776697
1 3012057762
1 1817775413
1 362009005
1 2293313112
1 652527410
1 2433570105
1 9458616
1 457265204
1 3858274839
1 1521482114
1 2471348015
1 3313498381
1 3355631691
1 3343405947
1 428081055
1 3655901195
2
1 688882862
1 3660498284
2
1 4079433673
1 1520614873
1 1770566349
1 356176789
1 550867736
1 1716906960
1 1905135252
1 4178252898
1 2096908106
1 2993596645
1 4046888020
1 965840222
1 3577990624
1 570288282
1 367917690
1 194079496
1 2413540943
1 937760749
1 2367938423
1 2675442689
1 3144351206
1 814624362
1 2017461950
1 754212005
1 590206050
1 865556918
1 3419060255
1 1140622374
1 1713502997
1 3390665913
1 3660780144
1 177840535
1 1762830857
1 3847388947
1 2367721058
1 1645758533
1 24047871
1 1678388957
1 1649398724
1 1855898679
1 2984072489
1 1339481743
1 3018910458
1 3215381498
1 2574578708
1 2339419571
1 1650742417
1 418723923
1 713424505
1 1436777913
1 1990790688
1 4124597647
1 3337740281
1 65421946
1 834671330
1 1085631064
1 1354643808
1 2590849639
1 3057195584
1 2319797192
1 1942888652
1 3904051946
1 2904440816
1 290859283
1 2601482180
1 2753756190
1 856925964
1 904193519
1 147053065
1 4071886353
2
1 86095927
1 406813642
1 4238885810
1 1261273776
1 1002336106
1 2121142738
1 769892547
1 1136350547
1 2993361205
1 2464669176
1 3484771992
1 2357136372
1 79991782
1 344557950
1 2700697385
1 3816059312
1 2279060725
1 1300485660
1 2980552369
1 1424231887
1 658163265
1 5449974
1 3565067851
2
1 2933029669
1 643373636
1 1350252331
1 1963114299
1 261502737
1 3961255504
1 504097724
1 3475919948
1 2779111507
1 3487321424
1 1830388600
1 148667726
1 3389651393
1 273321562
1 619367662
1 2636031583
2
1 1332132284
1 1567299959
1 1341459611
1 1211654834
1 3067974510
1 1769592073
1 2572905123
1 2031638182
1 3412609720
1 396610334
1 2936612149
1 3670590299
1 2092967167
1 4131918991
2
1 3103730736
1 4248382410
1 3363696660
1 4249550050
1 3909699944
1 3148237052
1 29838175
1 3604647121
1 2429867924
1 4225103196
1 593002748
1 597974967
1 3047697332
1 3793487270
1 3223470791
1 831432478
1 1882863667
1 1406679224
1 1632020156
1 1861656224
1 186245491
1 3430753715
1 2050069019
1 313836487
1 2685569446
1 2770004877
1 997113534
1 1701769538
1 1436146334
1 2779084467
1 3337830734
1 1471561691
1 2393774077
1 2357515153
1 3431705172
1 4014488744
1 2751520317
1 3630425150
1 2516860250
1 852632204
1 1603984105
1 2161189434
1 2425803620
1 3927951249
1 135829560
1 3507867196
1 1745248944
1 25341140
1 1831309926
1 2367431499
1 1040032183
1 4232064444
1 3714856316
1 438627321
1 1234698949
1 2387206258
1 2270836895
1 2351826590
1 2198382738
1 1887144426
1 427676248
1 88005876
1 1947414426
1 4064849398
1 1540584629
1 2457011718
1 1833443735
1 1722107872
1 2120023227
1 3827448060
1 1510281399
1 4031386744
1 1146774842
1 3207029762
1 1981241135
1 2873234197
1 3487908027
1 2470414463
1 3493370862
1 537495750
1 834710847
2
1 843861998
1 1201614386
1 3487636042
1 46070416
1 4176176133
1 3267281318
1 3465834037
1 3119370287
1 1635687482
1 51923276
3
1 3528924243
1 1496522449
1 805794915
1 2597061467
1 1928658640
1 3717387527
1 3229827989
1 1731884900
1 2550885208
1 127148931
1 406774193
1 881517308
1 666680326
1 960077465
1 1062817908
1 3739493441
1 2900200929
1 2936890085
1 1757237471
1 2957065651
1 2525181421
1 446792200
1 1916997330
1 3950168004
1 470881496
1 1742137410
1 1330855198
1 1833077553
1 4082874535
1 1051259228
1 2008790611
1 1202583352
1 317533229
1 2628436190
1 2627831891
1 1934050929
1 3787160976
1 3944704637
1 1771202821
1 3697558057
2
1 4071978463
1 1074120923
1 1719844546
1 1471916826
1 2846569042
1 492306251
1 4213616143
1 2144951232
1 3310719049
1 622744830
1 2373572772
1 2691855825
1 2818012977
1 3371627417
1 985432267
1 1093143545
1 1249892311
1 3652440332
2
1 3533501876
1 936378427
1 2181805449
1 3564351380
1 649431382
2
1 3113312378
1 3633228576
1 1317087033
1 3740582320
1 1398795834
1 3795725620
1 2439233636
1 434724064
1 1689054488
1 3704993775
1 2884893999
1 3404772701
1 410526485
1 2869278109
1 399032082
1 1260764845
1 2037059394
1 293836815
1 2760912069
1 780155314
1 3406899061
1 3906585107
1 1381712992
1 2531024809
1 1418848813
1 1657516330
3
1 2362461527
1 2158369358
1 2415358326
1 4202887202
1 1764048724
1 2930524261
1 2550418122
1 118799004
1 3992136656
1 675889822
1 1340753455
1 4076042990
1 3841817945
1 1656761706
1 3573012898
1 2428467654
1 659242292
1 2051857878
1 2595705645
1 87233566
1 1162912599
1 857477210
1 3493258219
1 1499502128
1 925353256
2
1 575869323
1 4003696914
1 476530936
1 1433063009
1 2121206674
1 3643233973
1 4029979874
1 262999907
3
1 2108948499
1 3106942184
1 4230520586
2
1 2785270684
1 2222755572
1 593191834
1 1372358980
1 654843202
2
3
1 2651625620
1 2346937344
1 2442651824
1 4180235939
1 1269723290
1 1216220653
1 943097406
1 4168634896
1 1665825612
1 3877318389
1 2360201240
1 2394155711
1 2870810847
1 4275156454
1 2592078918
1 3355050582
1 2998922867
1 363184282
1 843824274
1 3329425768
1 1331935155
1 2476238036
1 675662390
1 914259716
1 2550142912
1 2242449116
1 928735260
1 886401572
1 2520039415
1 4101732376
1 3663303957
1 195477715
1 2030643369
1 3629229640
2
2
1 2827331217
1 1360406529
1 3996242470
2
1 3387215003
1 310270977
1 2997967337
1 1022744211
1 265181581
1 806777879
1 1894692242
1 3486425456
2
1 4131122915
1 1608823461
1 1994883330
1 2840616463
1 4154965575
1 631183526
1 3390441399
1 1154863976
1 3871440599
1 3485740642
1 3917983994
1 3206489873
1 1586476471
1 2098819901
1 1948733578
1 3239536289
1 3101638351
1 615883246
1 3483972093
1 1934123082
1 3073378204
1 3573718165
1 1413517717
1 87206702
1 3470320978
1 1659510220
1 3239352766
1 3345881929
2
1 3943979777
1 2483873118
1 2853721854
1 2221599987
1 1456250839
1 504641453
1 327705389
1 2245757620
1 2235586578
1 1832204113
1 2780452235
1 3481357025
1 213556902
1 4238754932
1 569131690
1 1445331635
1 3963203085
1 36268033
1 1510697114
1 220995457
1 804720373
1 1103163446
1 2125513171
1 543425875
1 828127563
1 2339260329
1 441116218
1 4011114487
1 1622052687
1 1687031872
1 716964168
1 2426475636
1 1467998327
1 2420475516
1 3285478103
1 2294269504
1 683731703
1 2602330339
1 3563249228
1 2744478600
1 834289697
1 57980
3
1 3838166363
1 3876701066
1 2268680571
1 522566296
1 2741781964
1 1917627024
1 23527186
1 1280031229
1 205409511
1 3932875909
1 1126228085
1 100948408
1 1873755746
1 108928098
1 3466090068
1 337961239
1 1751279228
1 3539432866
1 1325303266
1 1818117477
1 375392015
1 3354063309
1 1519879055
1 1736091536
1 4226605367
1 2283829246
1 3341613348
1 2802735565
1 3725901855
1 1268576372
1 2071915849
1 1197641201
1 2209126736
1 178216747
1 1672392922
1 3672740646
1 4048655672
1 1159278113
1 407304968
1 155901450
1 3228744907
1 2542701135
1 2680086506
1 483220946
1 3842381189
1 2988398268
1 2595844596
1 948150505
1 3594976240
1 564788713
1 772808795
1 610768872
1 4187693100
1 391496538
1 714153931
1 1626684595
1 3520399891
2
1 2525395092
1 2752023962
1 3737364730
1 746506061
1 664400733
1 2250308558
1 1316117153
1 3502553569
1 1249590721
1 1219224264
1 2783293390
1 3705807583
1 952296430
1 1258660611
2
1 2290960045
1 4188475266
1 916766053
1 1724078740
1 4120805189
1 2313111248
2
1 4192248844
1 2046427145
1 3420278154
1 1786289078
1 168594030
1 2378919959
1 1336789049
1 2732274463
1 3301937417
1 4015752828
1 4196853681
1 1838918172
1 1830642507
1 2032045791
1 1880708262
1 49291526
1 3137244880
1 1220470624
1 609006886
1 694408819
1 1414265827
1 453031628
1 986842025
1 3078756316
1 2729073394
1 1138549272
1 3913142612
1 3530676188
1 2485045019
3
1 4275996878
1 3091114663
1 162164261
1 235225641
1 2176754337
1 636292665
1 1587206354
1 1964787288
1 2842493187
1 4258132284
1 557192932
1 4029250899
1 1576791792
1 3508759413
1 2062361272
1 2357893449
1 306472110
1 2588748126
1 1256422682
1 3015483421
1 923932621
2
1 738336084
1 304177753
1 2667223857
1 1046613488
1 4013317486
1 937008173
1 1448451192
1 14231658
1 1050482556
1 2677956663
1 2807683352
1 3776237498
1 3261896288
1 229265843
1 29609956
1 1061595142
1 1453306017
1 4089562035
1 1919921036
2
1 2246680807
1 3929810357
1 470773223
1 2017117723
1 4117724964
1 540939154
1 2546205709
1 208025338
1 3248655174
2
1 489937796
1 736207393
1 1379631157
1 712386211
1 3128388620
1 1719957696
1 1153813168
1 3110015109
1 2211229189
1 2165677825
1 2063631763
1 744352371
1 1341492707
1 644403940
1 1726382152
1 963471745
1 2892652951
1 2150005189
1 2811191307
1 1253558593
1 2847572626
1 640312434
1 1156662875
1 2617512242
1 3782334731
1 2934982608
1 2972369929
1 4006868074
1 512826072
1 3682406994
1 824308292
1 1002932221
1 1430410290
1 900283099
1 2644844908
1 1245778060
1 2939285422
1 3726513226
1 3459261987
1 530708135
1 265726320
1 3660535820
2
1 3669439251
1 866359569
1 3032535768
3
1 3107935269
1 137054410
1 137595215
1 3456065513
1 928688100
1 561243461
1 919639989
1 597879629
1 2025611593
1 4192639856
1 583110145
1 936265754
1 1981186550
1 2170554459
1 3316443330
1 721549105
1 3731840595
1 2540616852
1 2757058141
1 978416989
1 3712037967
1 153932314
1 2007615166
1 3279160096
1 4219952819
1 385549207
1 3039044353
1 2512357793
1 3285794998
2
1 1251132980
2
2
1 2815885823
1 4284889108
1 1293793161
1 3920368453
1 1492057225
1 3007756297
1 1505196471
2
1 2026760750
1 631472177
1 2499862962
1 2817984179
1 1200690393
1 1122333607
1 2818781190
1 1972453439
1 1832717097
1 2260619834
1 1245011321
1 37623554
1 2373042704
1 2879585576
1 3043270869
1 3870174684
1 1957718357
1 3548260731
1 296297687
1 4152734392
1 2492579026
1 4123538659
1 618222491
1 1349614557
1 1326463043
1 4207470061
1 1246236456
1 1090724286
1 991084763
1 2742727701
1 3830521343
1 538098545
1 3824042419
2
1 2688677588
1 3041452237
1 3125032055
1 246404516
1 873212179
1 574276311
1 747373333
1 1177590205
1 2791258948
1 4068116475
1 1124970022
1 2233633294
1 2661673576
1 503607973
3
1 4135676437
1 1842435118
1 2730805929
1 295857416
1 1114998057
1 2770437074
1 3456470520
1 361587102
1 3815001136
2
1 495452696
1 938645522
1 356742814
1 725673921
1 3012393901
1 1154878332
1 3892350743
1 423374809
1 834445259
1 985153501
1 2487777777
1 2849790388
1 2785624288
1 2978427640
1 3469924130
1 1019770596
1 3506764580
3
1 1810163852
1 2345550937
1 415337101
1 3260014193
1 2357405107
1 3175325203
1 1401687872
1 2570597147
1 4146327408
1 1560612700
1 2324301987
1 56167044
1 1802775863
1 3484347955
1 4142189260
1 3216316126
1 2033404830
1 4085235507
1 1399957325
1 2745817325
1 2879169564
2
1 3405161886
1 793367420
1 751020239
1 3523400338
1 2330261741
1 2685937037
1 1938954322
1 2655934864
1 1872730012
1 2883163528
1 2294143539
1 2933856318
1 73172475
1 4152512052
1 893125365
1 1666259458
1 3137556512
1 3732746148
1 2127164624
1 1762175912
1 4234753860
1 211152056
1 2277556766
1 3023459887
1 3682853722
1 107033104
1 4266503803
1 3287976973
1 1463029405
1 1321389587
1 946339726
1 237764867
1 2597810247
1 3908070639
1 260648104
1 4074586333
1 1313488033
1 1042449164
1 1082768138
1 2876393100
1 967658019
1 2504061140
1 2063442157
1 2477769822
1 2248959051
1 3198962951
1 3156840846
1 1525539824
1 1620562033
1 1848266965
1 3487288629
1 1265218241
1 2972438447
1 3720982914
1 210480460
1 3052303841
1 2901662121
1 803081550
3
1 1595661700
1 1052693949
1 485625505
1 4278990201
1 2498609857
1 800893884
1 3400110310
1 1080763478
1 1834301912
1 3770794301
1 2253394126
1 3288822979
1 3974742212
1 366694380
1 2220721833
1 4064545720
2
1 1112784648
1 1423732951
1 2436162074
1 2239110246
1 1058682649
1 3478680578
1 4107012682
1 1924376052
1 3820039255
1 355452362
1 3536016130
1 468565606
1 3530469581
1 1919023847
2
1 1182450089
1 2122446105
1 2094400464
1 1785809979
1 1523418780
1 2954894647
1 3047682094
1 246777690
1 3117205648
1 1181265449
1 1778767713
1 482292340
1 4056887141
1 2260769553
1 1955453925
3
1 1533374224
1 1107467928
1 1272986214
1 3821907277
1 21069453
1 139766555
1 912030144
1 3666892911
2
1 3305492550
1 2193914518
1 2647983529
1 3907805908
1 2269352710
1 1073889867
1 1133980735
1 2469757444
1 3832645461
1 403998520
1 931664282
1 2401597189
1 4183426280
1 157958391
1 392841723
1 2374738651
1 1610689633
1 916002678
1 1211785711
3
1 3034823031
1 855496824
1 4101477588
1 333338276
1 1606395948
1 1219433209
1 3406922380
1 735501742
1 3171431654
1 1455128363
1 1665624150
1 1597552291
1 2293277923
2
1 3341305974
1 303821120
1 4265489049
1 3852489162
1 2029249621
1 1748040577
1 610016766
1 4293642778
1 3103859617
1 1429291002
1 2938238000
1 242202532
1 1256747064
1 4050864303
1 3527383430
1 66122613
1 921855440
3
1 2576527039
1 542376365
1 1705827321
1 3313572485
1 3051971736
1 1046467251
1 3801963564
1 2147874774
1 497216332
1 163573286
1 1658851988
2
1 876489152
1 3866381986
1 1746353052
1 2731691635
1 3242797030
1 3381044535
1 1209258146
1 2412956280
2
1 1766187593
1 2768956084
1 3153647487
1 4124872975
1 3173415845
1 1974589515
1 1023051024
2
1 2151151269
1 743552198
1 4195319753
1 3275934455
1 283031235
1 2874024840
1 2407650471
1 3922881401
1 3503332407
1 1434534687
1 762820013
1 717169474
1 1634368220
1 4104959181
1 2396387855
1 2812440182
1 26517192
1 3702647388
1 1074118280
2
1 2422526301
1 2285097392
1 761076536
1 3568888280
1 2185517747
1 426657428
1 1852016441
1 2222106642
1 2909571994
1 321845649
1 3228165568
1 712721942
1 1401186513
1 3873865849
1 3839702133
1 2997076607
1 2418750515
1 1176801159
1 429250021
1 1825189779
1 2072709622
1 3663268139
1 771698307
1 2719070990
1 1490295620
1 325371252
1 3671169135
1 4251601210
1 3880811446
1 4225395154
1 604965174
1 3330766263
1 1203101351
1 198554602
1 3645411246
1 3994027511
1 2793110244
1 3572708676
1 3123716624
1 1067275005
1 879070297
1 2889089995
1 2036160416
1 2542826652
1 3927152982
1 1688139846
1 3324900102
1 2564520058
1 2316540919
1 3574986796
1 1680166429
1 843671781
1 2296499110
2
1 2981276140
2
1 1388129397
1 594223852
1 1645591134
1 1377929022
1 2864863799
1 1783038894
1 2875331359
1 1862042630
1 3875407030
1 1055601275
1 1137093099
1 2817961855
1 2022331186
1 2604361138
1 2581974146
1 3854773363
1 731350494
1 3735965284
1 2874211118
1 4075240722
1 3240234554
1 1935452586
1 2633127835
1 1654863908
1 494774499
1 523303888
3
1 3217607986
1 1431820599
1 2474272223
1 3780832085
1 1193812854
1 4281659787
1 2421640
1 855101409
1 200581495
1 1125386748
1 3235421762
1 2268481424
2
1 868394657
1 3919517271
1 736373766
1 3885844747
1 1837207360
1 1029366513
1 3263968633
1 460332503
1 1873891505
1 3319600819
1 3782347618
1 3273806706
1 306146921
1 2169919401
1 2285253321
1 4259416829
1 1315488148
1 3371557983
1 2878000493
1 1393292232
1 1283842980
1 3545780593
1 2860553883
1 3100230685
1 1963135701
1 3650146137
1 2071433087
1 1600014113
1 525721344
1 996404498
1 4030256084
1 4249703612
1 2586458493
1 2192917217
1 2844528273
1 3301121145
1 1271302867
1 4229764633
1 2680675852
1 1296743500
1 1423540580
1 3228164373
1 3131865958
1 2570546529
1 2488932686
1 477126488
1 2057720971
1 730880595
1 3333821252
1 1580106939
1 1865009349
1 1389312108
1 3526474283
1 1388854786
1 3950725018
1 3188778097
1 1995042236
1 3210680682
1 424636448
1 744483825
1 619058469
1 2791747521
1 2286693085
1 904584843
1 436028522
1 4292630496
1 939930542
1 3816157788
1 4199656245
1 2523276500
1 2496995203
1 1789675728
1 757514290
1 975540275
1 1326121691
1 1108352626
1 627004472
1 2908226487
1 3502110448
1 257917036
1 4254788479
1 615820158
1 375027069
1 88241627
1 1809577550
1 1785807768
1 761502999
2
1 3067706320
1 748041957
1 3834900447
1 265283692
1 83271588
1 1448815198
1 3618310992
1 15145056
1 516875197
1 1250666261
1 2344172596
1 2286879537
2
1 2550249584
1 2740684716
1 994700048
1 1215345153
1 1564074241
1 1873403253
1 2150247203
1 195004246
1 3453362050
1 2847504591
1 878582402
1 1709860907
1 2480572492
1 1855465484
1 1189819665
1 2208740653
2
1 584961647
1 2838100023
1 1701194841
1 924835481
1 3012816302
1 1647167788
1 3186793429
1 3858366964
1 4155572440
1 1847932842
1 2684375248
1 662033883
1 324541722
1 2492773931
1 1581287150
1 1242930071
1 4285897154
1 2355525837
1 3685946975
1 3461658224
1 1176310072
1 1438119591
1 1973003991
1 3745943857
1 3141918416
1 524308825
1 1899215150
1 2477464781
1 399035953
1 1341723891
1 3234061224
1 714976678
1 674268240
2
1 2238979271
1 258759538
1 2913654314
1 1143521122
1 3955233205
1 477400607
1 3993071358
1 3496620035
1 1224197443
1 712138354
1 395993757
1 1948602005
1 1328938908
1 3442637994
1 1835445682
1 2619450625
1 482205779
1 1938644600
1 3999782544
1 1753473504
1 3903876792
1 1856985176
1 1856937341
1 459512224
1 1974442487
1 521536097
1 1009974458
1 652402794
1 1022427627
1 1062035515
1 4197990812
1 1662635176
1 1789746450
1 1052620223
1 4228136276
1 3426256569
1 303159174
1 4250910490
1 1380731453
1 785353123
1 1271169660
1 2687546876
1 2951733298
1 3756725020
1 844365305
1 1150712784
1 4217932141
1 3067387922
1 3420876318
1 1263397636
1 2751053302
1 2131324771
1 2394361246
1 2114372372
1 302520847
1 2717172673
1 3148910295
1 3134526342
1 2074343334
1 3882269179
1 1354981564
1 2025609690
1 2775258870
1 3055185256
1 1894522758
1 3599844266
1 3130145863
1 2929982583
1 2212040064
1 441954881
1 3788420430
1 2865545621
1 782610170
1 4065273436
1 2142091087
1 3613160137
1 1182219930
1 4175474197
1 3068400422
1 1776079647
1 3348429531
1 1914692782
1 276366324
2
2
1 255446370
1 2542112161
1 2093146629
1 648651191
1 542005953
1 1048525774
1 2952370623
1 2806351045
1 3145949949
1 1904416718
1 4174774401
1 132818986
1 3426215187
2
1 475396775
1 4065212175
1 3150596375
1 3146965816
1 2836014062
1 3082315967
1 1470258576
1 3674055292
1 1643195223
1 2975371760
1 524658392
1 2385464209
1 750915470
1 3460984727
1 2513680673
1 1218771729
1 3694743130
1 815913854
1 254330856
1 2923577098
2
1 3254639913
1 4139970454
1 3761090638
1 715232169
1 4287768040
1 1971305422
1 2785353279
1 1660220279
1 4159436128
1 475809349
1 3631352266
1 2415526265
1 3804988780
1 4164595171
1 220211527
2
1 555521856
1 2729057018
1 3074687842
1 3284047231
1 1685040580
1 1112410021
1 626310308
2
1 996598130
1 3583518601
1 859533623
1 2701049171
1 1379612830
1 179995581
1 4091322503
2
1 179146914
1 612367836
1 621628257
1 65615385
1 2943124063
1 1920888346
1 2163009117
1 2001094134
1 1293498285
1 3693192069
1 558681930
1 3973572491
1 341387379
2
1 1851856304
1 3170013008
1 3906077916
1 1400875705
1 2279799925
2
1 685239724
1 1255278185
1 3956605450
1 1614404960
1 1643230268
1 3251736953
1 1026861243
1 2146685670
1 3388095920
1 2909356952
1 2492806266
1 3719664268
1 1948802281
1 1319035446
1 2056199253
1 697508586
1 955930378
1 2206198613
1 3589399873
1 2266708621
1 3837362474
1 3501783808
1 689875368
1 3505382915
1 3389199845
1 3697525106
1 2957926141
1 1259265341
1 3667733688
1 731623743
1 2576450424
1 813910992
1 2974072255
1 2636677366
1 3181114186
1 4142495757
1 945348710
1 1459054049
1 3562055593
1 377154374
1 4227800704
1 1346556469
1 1414805471
1 2086514109
2
1 1942284907
1 4179383792
1 3361837752
1 412780218
1 972061667
1 4113577508
1 1183821362
1 1770312062
1 2598345819
1 3204815583
1 2411139363
2
1 3995929424
1 3534175034
1 4225429294
1 3728871165
1 3919692306
2
1 3175186003
1 752522229
1 2739582775
1 47779756
1 1632017904
1 3511597524
1 1134501969
1 1999257966
1 2112855118
1 3933020708
1 2634797130
1 3124017205
1 1594232598
1 302838372
1 585765168
1 1527600096
1 3749719736
1 378658610
1 4143006782
1 2119623240
1 2205841309
1 2301928329
1 1121440052
1 707528872
1 1490952499
1 1845798603
3
1 2429913705
1 2335412266
1 2787031760
1 3186739211
1 3838781942
1 2257796110
1 3911747733
1 2031780178
1 3808790401
1 3017413313
1 657408181
2
1 1333521728
1 2494890212
1 368662676
1 3800019782
1 2118975908
1 1783879415
1 4174671327
1 2994502249
2
1 1926667229
1 3468433716
1 4046061449
1 1082591910
2
1 3845396662
1 4144361491
1 381043844
1 3327651135
1 1233128478
1 3498015715
1 2785695539
1 2783535306
1 4207660524
2
1 3767538976
1 2366025634
1 2171767689
1 4149333691
1 2649441823
1 174118429
1 2861865161
1 2676126400
1 705342115
1 2677842197
1 862349183
1 2525996333
1 2134888335
1 89204232
1 3793914666
1 1072418484
3
1 1154417518
1 373115783
1 2877515369
1 2549163706
1 1254223965
1 3983737184
1 4269296043
1 1539300243
1 254798793
1 11656468
1 3096665989
1 1650722872
1 2879710981
1 2992230579
2
1 1165336922
1 1612992326
1 3147194367
1 2617724961
2
1 2948344882
1 1952782921
1 711052699
1 1762757207
1 875677394
1 2926728684
2
1 3589765464
1 1488295913
1 2517826111
1 3756565882
1 3358739363
1 581888553
1 1282311808
1 2444838830
1 348315825
1 1599231323
1 1773078388
1 2664437915
1 4219793497
1 3914228347
1 4291694904
1 2873332349
1 3331069925
1 439217135
1 355472944
1 1603976491
1 10388897
1 3430542694
1 491654916
1 865092807
1 3708727808
1 3474768157
1 3508014549
1 1680376937
1 3106496836
1 2663322314
1 1536395855
1 2224109316
1 1655161209
3
2
1 3092573651
1 3727640847
1 2001940150
1 3013212977
1 874533680
1 3725430256
1 1941154447
1 2547275465
1 1879991418
1 3548010381
1 2702434064
1 4251972392
1 2965807466
1 1288119734
1 1808684964
1 1922781042
1 4148001775
1 3975962070
1 223452414
1 2015220611
1 4135975941
1 1756460134
1 2984925211
1 1864267566
1 706964589
1 2198979705
1 532550190
1 181873172
1 3483629863
1 2939201559
1 3956849545
1 280528005
1 1608683619
1 2535426313
1 2554172021
1 2298902071
1 3941554596
1 3367142028
2
1 470635471
1 3391707869
1 1067044938
1 4185272036
1 3680023142
1 1973722847
1 2600052794
1 1269748885
1 1573671180
1 3768230977
1 1690480281
1 361515822
1 607448293
1 2803169742
1 3625946160
1 612285017
1 1974520463
1 3024020692
3
1 1493562843
1 3530012252
1 2259866110
1 2730544676
1 2114612403
1 2283482969
1 3745625611
1 1821164530
1 2436117896
1 48060161
1 2949190462
1 2613706251
1 3250698047
2
1 3667683037
1 1909937215
2
1 3290780083
1 411504780
1 634374584
1 2603776555
1 130171980
1 1272101129
1 758500985
1 1793167351
1 670497280
1 2694263810
1 3745381976
1 3397077191
1 1931675818
1 3565898104
1 2646063950
1 3093222383
1 3358353564
1 1395384347
2
1 3614506889
1 2285503520
1 350412658
1 3848503528
1 4178219561
1 1761646193
1 3659650195
1 3509884660
1 1229415817
1 2913576862
1 1684831869
1 434930388
1 1006817574
1 576426355
1 2377024476
1 3897897070
1 413600459
1 3826087152
1 2498356556
1 4194177693
1 1979715168
1 2939180436
1 2610402251
1 3111923298
1 46993890
1 4258917131
1 2308708342
1 3181114650
1 260597049
1 2138545435
2
1 1677769977
1 1934567133
1 3934271794
1 35896421
1 2210972359
1 3603619630
1 1961727046
2
1 90690252
1 477011200
1 3437330293
1 4242244770
1 4145842257
1 822559516
1 3070634339
1 67473348
1 1660533926
1 816237985
1 792378126
1 2289983905
1 2153665542
1 2845497876
1 749547070
1 1022778105
1 970543054
1 3851617580
1 3808343305
1 3704376225
1 623691364
1 3994308739
1 4049794179
1 4200152568
1 3512307283
1 887477885
1 2865981652
2
1 2920997624
2
1 1492855441
1 1194193363
1 1085323515
1 4199564874
1 1106358829
1 635977527
1 2170729300
1 332814228
1 1452904120
1 285949928
1 1713901953
1 3279038494
1 839827540
1 3082724265
1 487621090
1 3210637215
1 619055581
1 773043852
1 1206214878
1 157466865
1 2292773926
1 2984150660
1 3014736730
1 1860371322
1 638049225
1 706484058
1 1365305638
1 3710132039
1 2278159305
1 1924845874
1 2398237130
1 63652691
1 4077151684
1 3378059887
1 305885291
1 597248463
1 3274947908
1 3342685778
1 2955532121
1 2307751964
1 2919753483
1 1856067943
1 390092951
1 2924883000
1 3629745052
1 1777891372
1 3838821188
1 614030998
1 2594861451
1 1365598307
1 523730231
1 2617816063
1 2462356012
1 37516601
2
1 4101504685
1 3576565849
1 2594253287
1 2285245382
1 304818561
1 3260053522
1 3337792123
2
2
1 3368073620
1 2421919111
1 4189689358
1 1332459878
1 443286337
1 158741943
1 1639351688
1 4278624031
1 2284630898
1 3080340710
1 2281353317
1 1225284830
1 520105979
1 2009832141
1 3981235107
1 3903875868
1 71670630
1 306241302
1 3660948712
1 3536266710
1 4261182238
2
1 324377190
1 317581121
1 763281060
1 2637962787
1 706257910
1 2396681669
1 2692161289
1 3422430872
1 2049715386
1 3766643396
1 786176485
1 3204861817
1 2651047199
1 4015729075
1 2352186128
1 459055578
1 3302784749
1 3428077058
1 900520010
1 16351796
1 531527108
1 377915311
1 208430984
1 1126823108
1 222473251
1 825093773
1 242578237
1 1818999367
1 3349310289
1 4103988389
1 1964802089
1 4047684688
1 3237606199
1 2148437265
1 1598825667
1 761793141
1 2040520346
1 1899212214
1 4223060202
1 3458616418
1 1175154201
1 230352026
1 473341168
1 877811314
1 2498759286
1 4173447149
1 2542296632
1 475246611
1 229629079
3
1 3559352294
2
1 344743009
1 2564387659
1 1947149870
1 939691429
1 1996726131
1 3778466810
1 3689696610
1 1407091396
1 283447557
1 2065209529
1 400723192
1 3882104782
1 3245018706
1 910066858
1 731652000
1 3184092053
1 1996686543
3
1 2347284154
1 64577949
1 1642663988
1 4284812366
1 3435304968
1 1208033917
1 2652110492
1 3028334555
1 1227871337
1 1783764058
1 760286999
1 2362041030
1 3951219821
1 2184127233
1 349270665
1 1239394096
1 1940118137
1 3891431159
1 4245267199
1 250120035
1 2156131925
1 815988059
1 1296635054
1 1991758285
1 3066369207
1 1551677982
1 707384918
1 46168814
1 1117488299
1 2989723509
1 3665667707
1 3031064723
1 2596251401
1 3093215579
1 3215737300
1 2989874442
1 2706257973
1 3655981378
1 2753586276
1 1672313596
1 1898577730
1 3812564055
1 126306695
1 3982875637
1 2049914075
1 2112155729
1 2223976104
1 409058558
1 4225177597
1 3078731858
2
1 1972788822
1 598964786
1 2107845866
2
1 1461905923
1 1656901430
1 2808948745
1 1224864237
1 874586604
1 768384376
1 3947524136
1 2125730343
1 712717302
1 2971243261
1 514092766
1 2229307785
1 1443266943
2
1 2980846321
2
1 3241637991
1 483442913
1 3210495836
1 1065147001
1 2914243091
1 1663059233
1 2387758127
1 2504727745
1 27843196
1 1570393824
1 1518627845
1 2215169140
1 2003073434
1 1554184602
1 4247951104
1 622993838
1 598864162
1 3622958134
1 95710957
1 323421170
1 4097684166
1 1326725856
1 1495223041
1 2928822414
1 2606966631
1 4287871613
1 606714540
1 1037898256
1 1344077049
1 1734030359
1 504119660
2
3
1 1858975417
1 3501613865
1 3588664979
1 1175800280
1 2246444436
1 3095175589
1 351258884
1 2303746493
1 854142607
1 222377012
1 3175158634
1 610553281
1 1215392593
2
1 184182027
1 1334897994
1 2474865186
1 705792658
2
1 2044902783
1 3188973684
1 3993537625
1 2935267044
2
1 1695513555
1 401929024
1 636494477
1 388599697
3
1 1278235774
1 3148779825
1 3037174723
1 2573415332
1 2472805817
1 2100933961
2
1 2643509008
1 3569481740
1 1404184751
1 3716714512
1 3096788112
1 1329508244
1 3705300070
1 177976094
1 1705439245
1 2332845733
1 130836728
1 2222759968
1 400489992
1 2138464475
1 3170155568
1 14472077
1 991107192
1 567769780
1 1155439428
1 706221963
1 298751135
1 2207647494
1 4136731794
1 51554555
1 1312145183
1 674311337
1 2257030846
1 2936657695
1 544428851
1 1534343746
1 2334952796
1 3471566221
1 2461479805
1 2998182924
1 648982424
1 759487251
1 725215309
1 3590668483
1 3162158754
1 3506772420
1 2625575900
1 953379927
1 2348193118
1 1011424313
1 1239436567
1 1450718775
1 4140946558
1 998637365
1 39489779
1 2084605639
1 3399533693
1 1199378920
1 482651899
1 2770633485
1 1269782118
1 4044293219
1 807011011
1 3000217809
1 3752461237
1 688111375
1 356918145
1 2517144686
1 546682246
2
2
1 846812295
1 2242202311
1 4116372041
1 3789232409
2
1 2532886609
1 429965655
1 3238320982
1 2191870286
1 3320163444
1 1288271539
1 1425181510
1 372948809
1 421366008
1 1661550255
1 807220858
1 2889642546
1 1413986240
1 41996531
1 4063993866
1 2208524602
1 681368380
2
1 673896313
1 3896714017
1 3244034215
1 95998444
1 1873227195
1 1970876593
1 2621762482
1 1660138528
1 2358672927
1 1916444346
1 894074671
1 1194304701
1 1623268967
1 1697062160
1 2364373743
1 1716685278
1 2323624086
1 3972912658
1 2944062976
1 2186736130
1 156431193
1 1930618299
1 3901952750
1 2867125431
1 2381549759
1 3362836612
1 786890722
1 3924775032
1 1346571974
1 584249868
1 625824272
1 749772431
1 2408548525
1 545652510
1 1971569490
1 2840769828
1 86004175
1 3660367780
1 2988291136
1 3111396068
1 1089821257
1 3792594208
1 716511359
1 109374046
1 865165057
1 2714167808
1 4176725020
1 4162178798
1 1465820748
1 1851487293
1 2642333355
1 2950444258
1 910356986
1 3040123400
1 1293820451
1 2600998880
1 2056164619
1 2620756863
1 1992092984
1 3102274936
1 2593708058
3
1 1202357461
1 124886571
2
2
1 3308049197
1 3781010633
1 3222697981
1 1784425759
1 2173712414
1 514190341
1 798848631
1 259372066
1 338865563
1 2188045843
1 666642305
1 1955983498
1 138022058
1 2559209738
1 4226912901
2
1 2269346553
1 663041094
1 1858349289
1 4095489331
1 4272069716
1 3201454102
1 254484665
1 4211823127
1 1486484035
1 3001609216
1 480200978
1 3481296893
1 2680869957
1 1853704892
1 3241631360
1 3244611247
1 3086239263
1 1619338887
1 3595098931
1 2441324602
1 36561791
3
1 1786661399
1 2009071304
1 2145720157
1 2418918984
1 1649297737
1 895270758
1 2502590158
1 2078237788
1 838150703
1 284596542
1 374105076
1 2975113676
1 3575332316
1 2798398244
1 1265055385
1 3066203242
1 1039995150
1 101052492
1 2951059038
1 1727727266
1 3629888348
1 3059002273
1 3187724021
1 1440505005
1 3735078683
1 2957858061
1 218548041
1 3644157734
1 3136140871
1 2707290805
1 418035928
1 3823052625
1 2403998684
1 1509394840
1 2987445232
1 3449451606
1 594797476
1 241235873
1 3976092980
1 4267140141
1 4002484759
1 3703709809
1 1399666807
1 1967284384
1 969262139
1 3943351519
1 685635363
1 3987849237
1 2393063637
1 2180493924
1 2340375950
1 3313737830
1 993834244
1 1159206646
1 258590940
1 2311581627
1 2346031691
1 3107995765
1 3201633618
1 2823749419
1 3543011530
1 3446944552
1 1553379941
1 3786792578
1 2506859465
1 2138313295
1 475924172
1 2267578850
1 299593289
1 330268953
1 370377156
1 4213598976
1 1453175047
1 1594507717
1 330430257
1 4262815253
2
1 2770350281
1 1980394248
1 2637881957
1 2697235796
1 1741416603
1 1873866401
1 3212768641
1 918296565
1 3219734454
1 742844994
1 721285442
1 1782332706
1 1709621496
1 3515482217
1 1870430847
1 2460696660
1 1691275063
1 2608515268
1 1119524440
1 957191391
1 4166436638
1 1729714381
1 2999788727
1 3448820662
1 3623798081
1 562045738
1 3003295170
1 1649432940
1 3549777152
1 856698546
1 610214936
1 1932835281
1 143296226
2
2
1 3427707967
1 2438473914
1 807786889
3
1 1184884292
1 19501133
1 2162942411
1 95494186
1 1435667770
1 3460166827
1 2175981316
1 2122188768
1 3918571861
1 73210599
1 1688762011
1 3476441205
1 4105851834
1 716462789
1 69547503
1 1471407152
1 3436012846
1 1908663132
2
1 1826464143
1 3874760211
1 2203703976
1 3901112792
1 2654336076
1 1614876884
1 1043852525
1 1609774008
1 2814145301
1 3522700723
1 1382070400
1 2123902672
2
1 6862943
1 624634745
1 3587996003
1 1573697782
1 1530682574
1 283674739
1 1760781551
1 1062336730
1 3214595481
1 2517598271
1 2060337823
1 1294270005
2
1 1211454400
1 1878637438
1 3184052789
1 2384391438
1 2007199864
1 212762407
1 2907374851
1 792312271
1 304466329
1 3462624625
1 3553358247
1 1717538178
1 2452277870
1 485801664
1 42298533
1 3201002191
1 2838108715
1 713518208
2
1 1054898052
1 407571410
1 2985757313
1 3214904828
1 3701374735
1 4126228001
1 1290393010
1 2614336769
1 866589750
1 2720121667
1 535473704
1 605143871
1 3543277097
1 3380065640
3
1 1544531714
1 409776355
1 2800059512
1 1428085808
1 3014206885
1 22885305
1 3375052929
1 564159658
1 2780791243
1 1363533046
1 810732890
1 2768525203
1 2411422825
1 3811012909
1 3880790095
1 4158218564
1 1950297900
1 2119202941
1 4112314468
1 220949630
1 2134833299
1 2078278934
1 937765418
1 1725045005
1 322508633
1 2475411982
1 1995390103
1 687809362
1 1150169985
1 1285953327
1 2031854004
1 3097598773
1 551886454
1 1591313738
1 4143791857
1 596950184
1 596868955
1 434820557
1 162598202
1 877518313
1 3340243532
1 605586536
1 4291801383
1 2639066096
1 2654020233
1 3288208566
1 2883632000
1 258986391
1 4069623623
1 3584775565
1 1775891612
1 342534290
1 2611822752
1 1031092817
1 2106769506
1 1642630496
1 3777988746
1 1853581348
3
1 1105047365
1 2806330174
1 3019565860
1 733813439
1 1981970656
1 3687953346
1 1930367067
1 261873314
1 1764953710
1 3159506227
1 1290456700
1 1026281879
1 73568029
1 1522194267
1 367099109
1 874843543
1 2132066237
1 77553199
1 3821253490
1 2903409698
1 1671248679
1 54991710
2
1 1101132714
1 591186177
1 3632998683
1 1395470329
1 2469754553
1 2676305112
1 2132265846
1 2567582764
1 475403242
1 1452476496
1 1486111180
1 3714637133
1 167060461
1 2805596558
1 1807149137
1 1479697547
1 3519461549
1 3594438680
1 1711223894
1 2335428289
1 985332743
1 1375340931
1 1083526920
1 4052445654
1 3578672627
1 851311468
1 1568958450
1 1973330959
1 633776110
1 2483406964
1 170972029
1 580365812
1 1417355998
1 1954396293
1 1104259425
1 1232032759
1 69324192
1 2780352689
1 2376710352
1 1583619051
1 4241918972
2
1 614348474
1 2212274274
1 1529609750
1 2269033421
1 493449915
2
1 2029024441
1 1235814390
1 1828391264
2
1 1548215293
1 3291588988
1 3714319501
1 828554277
1 2258355656
1 2009262358
1 2655105641
1 257335890
1 351971191
1 1134992497
1 2663981530
1 1896889943
1 3843461817
1 166233088
1 604571977
3
1 2319664911
1 3972162215
1 3497157896
1 2732696432
1 3048706530
1 1534122338
1 1090993159
1 1603035549
2
1 3361817730
1 1444943183
1 2971590185
1 3507578111
1 1436168639
1 4197141199
1 525767701
1 3837116994
1 3168280536
1 896008687
1 1663519917
1 1723323327
1 3808557277
1 3363085362
1 2681156277
1 3074266470
1 3024920561
1 2083504741
1 3120318762
1 2033998359
1 234471095
1 1040085682
1 3262846003
1 332363493
1 80646850
1 3460333462
3
1 3311223827
1 2287195616
1 4192997508
1 4091355736
1 3254597175
1 1517716405
1 2148885045
1 1977993387
2
1 1077185619
1 289864167
1 1018746200
1 367472829
1 3082813702
2
3
1 1929925412
1 1370852133
1 751594027
1 3355573415
1 2920671216
1 4173418653
1 1621449516
1 3977872989
1 4191320012
1 1605853953
1 3918754171
1 2965892132
1 1043688482
1 1016108076
1 4203154471
1 1566193223
1 4097675596
1 3073846301
1 3579856009
1 3877572163
1 2791734813
1 1596952247
1 782593469
2
2
1 2423842769
1 3239260483
1 1514533371
1 446061024
1 2708769862
1 3130373252
1 4100215705
1 2265849829
1 3621165790
1 4271503621
1 3528919260
1 1696553145
1 1894672817
1 218927570
1 1916435845
1 3367721307
1 78588946
1 1825441590
1 2631079174
1 3230139119
1 2111777001
1 3260947717
1 3572588112
1 537638847
1 1972446983
1 3949556644
1 3230909306
1 465716919
1 871220222
1 3492392619
1 2765146931
1 3949001787
1 878382734
1 1903051719
1 4077589435
1 2751309512
1 2579680408
1 4114256840
1 4212990014
1 1202853112
1 2893095533
1 978728891
1 685355333
1 1120612268
1 1276524238
1 2006602988
1 1584607795
2
1 936403354
1 245448836
1 3940804331
1 1768434258
1 100407971
1 1111647539
1 2854342165
1 3433124843
1 2385460988
1 3009264067
3
1 870412194
1 290449703
1 3118535407
2
1 3884948821
1 2352998225
1 872871806
1 3527196544
1 1346859725
1 2061470265
1 2693777544
3
2
1 4052795354
1 146455670
1 2742572859
1 703167705
1 2341518624
1 2928126897
1 1402603481
1 2811642438
1 2714951991
1 2224889464
1 992286268
1 417650748
1 1259399537
1 2708132393
1 4017674527
1 2685178919
1 1952425892
1 679151023
1 3043620138
1 638537299
1 4217986137
1 55783320
1 3628158372
1 2996659813
1 4142865601
1 3715553888
1 3482831129
1 2518532124
1 944488178
1 361383788
1 1345575228
1 2787435588
1 285739034
1 3928600626
1 370234018
1 2352303920
1 3598369486
1 3935853509
1 3061211269
1 1800909552
1 1403541587
1 2080953483
1 2295296245
1 435829192
1 587500102
1 1853722169
1 3601687916
1 1560702419
1 3043862192
1 3911531186
1 1567901541
3
1 3771636203
1 3089069761
1 96303501
1 3662895156
1 3048725947
1 3297962655
1 1642067231
1 4197665141
1 141477336
1 174513638
1 3325176509
1 3206327816
1 1953961804
1 3816582504
1 3122426557
1 3845709858
1 492368787
1 1026335096
1 2438399877
1 2461566429
1 1327720295
1 3277308705
1 1512390495
1 926639883
1 183977230
1 2390096067
1 817347991
2
1 409451407
1 1510368083
1 4240826482
1 3589374077
1 934848138
1 1700856424
1 90559805
1 2931764850
1 894122022
1 1555775998
1 3195087204
1 275057901
1 3066281928
2
1 3831076344
1 3252532040
1 192914893
1 3031494685
1 1623383721
1 1581646314
1 287769870
1 2024070792
1 4292732569
1 1452922219
1 3788657405
1 2627952547
1 3236153806
2
1 835604312
1 435407926
1 3550288813
1 4284187410
1 3895830658
1 2325190207
1 930936634
1 887009718
1 2086076727
1 2741962086
2
1 2924838903
1 3122667822
1 116232102
1 1196958445
1 3188558316
1 4286031452
1 1705848675
1 3747520050
1 2154202007
1 3973887871
1 1220550775
1 845705655
1 1243189790
1 3380164601
1 740141071
1 3927214256
1 3001432931
2
2
1 2035108495
1 2992623164
1 3499398346
1 1307759178
1 2688166055
1 4054854633
1 3030892815
1 2402633583
1 3394054095
1 1762705959
1 1265694560
1 1453064422
3
1 631435946
1 448427325
1 1722891873
1 4072537616
1 3652134351
1 427183419
1 664825521
1 2705753443
1 1544735779
1 2194444306
1 3128610491
1 2473673142
1 1616477304
1 2636029381
1 2296904307
1 3776428879
1 3729340080
1 3118228314
1 3022490280
1 553316342
1 3227014996
1 2348684792
1 2706758585
1 3366624761
1 2121568399
1 3628629280
1 1067651637
1 2550514837
1 4014321280
1 1362659161
1 3368021741
1 4093776398
2
1 1390436846
1 1958640592
1 3099527556
1 3519635513
1 3656224242
1 303439163
1 1715006889
1 3166314544
1 2469684139
2
1 2261432874
1 464737612
1 1332131239
1 3916882769
1 2284476855
3
1 3873244283
1 3052141548
1 4293918483
1 4040348885
1 463591151
1 2263157419
1 41096669
1 1959797876
1 1013004457
2
1 4142284060
1 1635424425
1 34341895
1 1836381480
1 2912460636
1 1432762796
1 197816544
2
1 3581412234
1 4225990508
1 2412853887
1 2033166733
1 218261499
1 883251553
1 1772823286
1 2596578717
1 4240794592
1 494650476
1 2537982015
1 3174689549
1 2239743458
1 2506527325
1 1437339240
1 2792502345
1 2951545600
1 144203591
1 4142227692
1 478503199
1 1188054944
1 4147065462
1 3794120265
1 535673337
1 2154632007
2
1 2511614328
1 1327445776
2
1 3819285297
1 3343638299
1 70612462
1 760986165
1 4253488511
1 840596738
1 459506691
1 737420668
1 2828644232
1 2965686040
1 2487348040
1 100229803
1 3773588519
1 323114300
1 897738591
1 2182076394
1 1806541538
1 3993831840
1 3150688091
1 534829984
1 2324924787
1 350003581
1 380543760
1 1429111289
1 708057440
1 3893612078
1 3051889282
1 1294718260
1 1931056226
1 3376740577
1 762791590
1 2253124345
1 2252056791
1 2208868710
1 2164585960
1 3894059538
1 719563798
1 3724515063
1 43305355
1 962143870
1 1688233099
1 2400673780
1 3597935163
1 1432065863
1 1094855861
1 2695803340
1 3301689309
1 745914091
1 1816405262
1 1450043832
1 572258821
1 3224278737
1 2201642187
1 2916976602
1 1777056751
1 711816402
1 2405180544
1 494231941
1 283747771
1 465608037
2
1 1906518479
1 240804175
1 4087099036
1 868858199
1 1054541872
1 3375019195
1 683899930
1 3510849027
1 1256606077
1 3655570899
1 829931947
1 4223005784
1 3439267148
1 262163764
1 1845251289
1 2016810801
1 1107677000
1 700247535
1 299660736
1 2723505999
1 2504449641
1 2876709355
1 4265283784
1 1969609231
1 454327069
1 756295483
1 2840834761
1 3826017054
1 3010692988
1 1957134225
1 944406023
1 4264505546
1 1623722595
1 2323048437
2
1 4086915990
1 2569941644
1 3890628338
1 3505500282
1 1342389808
1 1732497876
1 1352116214
1 427664695
1 1160568811
1 90243659
1 1054642367
1 2611994682
1 1698922934
1 1032846898
1 3508897084
1 1980194032
1 1902103974
3
1 1251760302
1 3704250094
1 2960448353
1 2404230406
1 3823334717
1 3619789512
1 1094661271
1 2242707928
1 2441970321
1 2138176198
1 697725526
1 3347035778
1 4004785332
1 2640078522
1 2252557203
2
1 331915886
1 893704038
1 3236519957
1 2960504426
1 1193049986
1 2603752176
1 663562145
1 1888507222
1 794226720
1 519585784
1 399428880
1 4191671516
1 1924634429
1 457490236
1 3260223872
1 3970190242
1 3687139950
1 3327633250
1 1161937010
1 2186174502
1 1596760559
1 3373504319
1 1135459770
1 3780464139
3
1 3540831213
1 4279495861
1 441296370
1 170001717
1 1016670345
1 2012916046
1 644211529
1 3442076485
1 4108153437
1 2897179043
1 3849469196
1 4216602933
1 1313308375
1 4227937407
1 687567436
1 3305443037
1 1913525773
1 767481576
1 3091768994
1 369851528
2
1 1157655392
1 278206005
1 2239172194
1 41927863
2
2
1 3250005442
1 1437485758
1 3196406478
1 614471348
1 2130009428
1 2527745066
1 492106965
1 3705719156
2
1 1144295902
1 2982832502
1 3073940487
1 3320031354
1 185952717
1 1593740249
1 1158866787
1 4214833910
1 4020576653
1 753554976
1 3711139381
1 4276212902
1 752830808
1 2933946613
1 1834976472
1 3404839091
1 2602156549
1 3642175942
1 1556411631
1 252156872
1 3254966922
1 543670828
1 3589475624
1 525639465
1 3976430882
1 3231393079
1 2687110045
1 3592847204
1 3452782052
1 3809471813
1 78973826
1 3896103658
1 2083761216
2
1 3235502636
1 548267416
1 3582911646
1 2042305002
1 2662528308
1 2697179491
1 3047047381
1 202301980
1 3864193524
1 3507377343
1 2027395474
1 2699924905
1 556234293
1 2802557162
1 1899732062
1 3379633980
1 1615399976
1 588357148
1 2028206528
1 2572710912
1 817831950
1 1235415415
2
1 3843572758
1 266504094
1 492115537
1 898817298
1 1086724872
1 3553055133
1 1070861566
1 2522856253
1 2738555049
1 1621363724
1 578382783
1 52758772
1 991686178
1 1519164823
1 240963306
1 3648033705
1 1879729827
1 3756833207
1 3302892594
1 4224440566
2
1 1627258376
1 1299945781
1 4059227563
1 3149763803
1 3843934987
1 286735117
1 1439440236
1 698276686
1 1986665844
1 1842876491
1 2671617484
1 1547926462
1 2741426016
1 3381789127
1 453128843
1 2002283168
1 4191705043
1 3010325698
1 3162177724
1 3823809340
1 4086133789
1 2550904537
1 468770958
1 2226489369
1 1740319207
1 1775860453
1 3505467689
1 3614944402
1 442138515
1 2123200128
1 420353630
1 318948624
1 899950882
1 12868089
1 1110230088
1 631121483
1 3290741433
1 754029424
1 3170772466
1 2209335850
1 712090304
1 1879468758
1 2734371741
1 545889851
1 2037262124
1 2071411776
2
1 3148759377
1 1188796435
1 3940933828
1 1976091894
1 4237069516
1 2894662359
1 1459294674
2
1 2879013020
1 1388201985
1 2842275465
1 691841786
1 4233927160
1 2271910449
1 1172698507
1 2953839941
1 2137029309
1 1880375108
1 85770601
1 2558199414
1 3746301941
1 2375055681
1 2892038277
1 1319052496
1 3725688970
1 3765136024
1 3815978022
1 3235690470
2
1 1316174390
1 1759052081
1 3647831733
1 1746962443
1 3940547474
1 1229129001
1 1173914217
1 386638853
1 3008646952
1 3728209381
1 1308634091
1 3934339892
1 3566148954
1 1111929307
1 1624558228
1 2318812780
1 2989766876
1 2287243427
1 1179595517
1 1588174445
1 726501568
1 3267775905
1 2445727473
1 10946165
1 1648130299
1 187285495
1 3737360878
1 3727531359
1 1801470728
1 809237402
1 3795588323
1 2748614690
1 1499241817
1 2403952382
1 2690261136
1 3517493966
1 142000703
1 1699873014
1 1947647079
1 28667644
1 3456059759
1 4182411760
1 4108883045
1 933005087
1 3130294524
1 1514350193
1 731316779
1 967496838
1 3600747170
1 2233692720
1 883387620
1 3060945002
1 3772661363
1 2539979999
1 1981269429
1 2053582243
1 4064312545
1 151491438
1 514493165
1 844587877
1 1324199881
1 3187896595
1 4028730885
1 1151968624
1 310319029
1 3262683639
1 1899865460
1 3774896978
1 3683751603
1 608149775
1 3594890506
1 454391225
1 1051160303
1 3609708452
1 653670386
1 3347282796
1 1152200062
1 643419965
1 2024308259
1 4071078294
1 1262577450
1 1330469391
1 3965159055
1 1486362851
1 2891524425
1 2611541384
1 2190434698
1 4015382746
1 3078390351
1 3871870735
1 3246816880
1 179236835
1 1286524187
1 4194568503
1 4210651580
1 1753021229
1 3721261043
1 3051675503
1 800724885
1 2832827956
1 1576087032
1 368194653
1 547029168
1 942494167
1 329404106
1 1873907951
1 72661876
1 1511151665
1 3193915012
1 1381676751
1 156798807
1 3637696210
1 205075579
1 4152199459
1 60040061
1 3253376224
2
1 3484126406
1 980156460
2
1 348970035
1 3433035501
1 2508731593
1 846852895
1 2822296886
1 930725165
1 4153793290
1 2108247611
1 1595891864
1 2123184313
1 772496148
1 472663249
1 2671526483
1 268607961
1 3558483037
1 4218956708
1 1457136739
1 362424904
1 1226658422
1 3912323690
1 4112836871
1 158836712
1 486633026
1 843119769
1 2080964229
1 3941747805
1 110540560
1 2495862945
1 1606852382
1 753451738
1 3659838808
2
1 2839776342
1 2881952663
1 3665542986
1 451823180
1 1850284378
1 4059034126
1 3481620174
1 1622270777
1 4274034220
1 314564557
1 2933147975
1 1597656424
1 2095512523
1 2136645958
1 3159881182
1 2210256518
1 437681622
1 4132549442
1 3421499070
1 2244217368
1 3508638006
1 3212966927
1 946787969
1 542686721
1 729123377
1 2834899551
1 1554199233
1 188169932
1 4251210754
1 1117319704
1 293882431
2
1 899081944
1 4142555593
1 786467625
2
1 4119971304
1 1778770965
1 2146336946
1 2649657539
1 2745721408
1 539680290
2
1 3226799570
1 3050958865
1 3380453549
1 789740199
1 1199532515
1 1432074154
1 1648894832
1 2763169165
1 1333929345
3
1 4100857037
1 2061955787
1 1488558693
1 3680776863
1 858717960
1 3189666980
1 3354917781
1 1046740474
1 2268312812
1 2645498502
1 247159972
1 2289866922
1 8704178
1 1282817799
1 3967038246
1 1846300434
1 629403910
1 998870362
1 2074797515
1 917487138
1 1252643937
1 979465706
2
2
2
1 1204549534
1 789962602
1 1401350077
1 3448580820
1 3768036547
1 2548876980
1 1714345850
1 1564421877
1 2177460612
1 1689669614
1 2731737541
1 1370526901
1 2497597735
1 2694288050
1 2692074505
1 787746142
1 2622284635
1 2399473871
3
1 3463437282
1 1414172741
1 2799920549
1 2914896488
1 3783734591
1 2681769328
1 3871854910
1 3932250455
1 1392665331
1 2325701630
1 4133560725
1 2231424257
1 3834322994
1 4174042099
1 492256449
1 532316837
1 1539635699
1 648930691
1 3166301958
1 1281341703
1 1692473330
1 3437064685
1 3774376812
1 2703090096
1 3600134205
2
1 4024077646
1 3429417146
1 3697786587
1 4158736875
1 3436650589
1 381484810
1 1575783940
1 2318391543
1 3652684223
1 1875643990
1 2844564122
1 4165502547
1 2669823371
1 2787033389
1 1785068602
1 3149851077
1 1048741639
1 3623738483
1 3176649350
1 2708131348
1 3456598131
1 1927389788
1 396818160
1 431005366
1 1215508102
1 684135938
1 1374741616
1 2241698646
1 1998436524
1 3656824782
1 140853265
1 3235576699
1 34227345
1 757358807
1 2009160417
1 3113078903
1 686824817
1 1305285995
1 147311961
1 344277193
1 1772524060
1 1304822720
1 3050925284
1 2907091979
1 3147312992
1 3569036551
1 3726195474
1 13121240
1 1337938214
1 1993510821
1 3833392051
1 2127340650
1 3319228119
1 2480797185
1 3440664397
1 4034005913
1 3432249131
1 410589949
1 716061837
1 3938042999
1 3839673327
1 3765427626
1 1494803937
1 1116599491
1 3129609744
1 213406056
1 1958455982
1 4198519452
1 3784669898
1 1943711818
1 464494853
1 850578690
1 3551002456
1 3179572680
1 528538473
1 659414679
1 1574984967
1 3464629082
1 2941439272
1 259757824
1 690217120
1 525273421
2
1 3057295386
1 1643583579
1 2076997567
1 726191908
1 1988625469
1 3925172212
1 4171481848
1 1347982870
1 3618314802
1 2258507876
1 2603794547
1 1742615411
1 1813341569
1 636444174
1 3151753322
1 2510347144
1 4123435384
1 1740925842
1 1718332328
1 2483628203
1 1760867889
1 248573878
1 2467726036
1 3685121738
1 1270178077
1 1341642961
1 1539165510
1 45079102
1 3017583656
1 861659885
1 3191619758
1 355860625
1 3750546507
1 2395291616
1 2639314547
1 1557377344
1 1724383382
1 3809380985
1 691262863
2
1 2784694437
1 1245210607
3
1 3736508843
1 876260102
1 3315609731
1 1245419666
1 3924253908
1 4020975717
1 2599480574
1 1663130896
1 1513337636
2
1 2206282311
3
1 665957489
1 2967914807
1 1159949425
1 774427310
1 380831040
1 1644841617
1 980656338
1 91436428
1 2310582916
1 1001699050
1 710029692
1 1402459582
1 3686263690
1 2372823386
1 1792972256
1 2718217832
1 1278489823
1 60222964
1 1047699964
1 2176678443
1 4135259653
1 2061525304
1 2514825577
1 1274798461
1 3316300063
1 2186865547
3
1 3485253233
1 2227772939
1 1491611303
1 4190608034
1 375881013
1 3843641035
2
1 1705643904
1 95015500
1 158145941
1 2299488325
2
1 3256023201
1 3702042120
1 3564145388
1 1905865612
1 2322677864
1 877741691
1 3202175393
1 4231050433
1 3845033751
1 2092161119
1 1631252308
1 2380499329
1 3703225001
1 3398124625
1 4269114490
1 22760587
1 1087919853
1 4123219959
1 3841569575
1 465896948
1 1760992308
1 1044847815
1 1935908740
1 2566188357
1 357992478
1 865439311
1 1037130256
1 3654061593
1 2547263508
1 2171052458
1 222674107
1 2492830468
1 2038062748
1 110067443
1 3646415057
1 4025379082
1 1903202283
1 2377548657
1 2392400783
1 3103946826
1 1722587341
1 890972002
1 2643114044
1 2393613884
1 748483452
1 911395281
1 1402484079
1 2079508021
1 3187043605
1 1644150284
1 985862759
1 3160602626
1 3127873373
1 1886408470
1 3035366207
1 3339417263
1 2398944495
1 4259297432
1 1413802127
1 1859993914
1 3582038132
1 2026382887
1 2250468409
1 1333908386
1 949067581
1 3059477680
1 3346043809
1 560754236
1 4045348037
1 2264647190
1 3598435560
1 2454211517
1 1194173159
1 169672299
2
1 739291618
1 72740650
1 1050033519
1 2889408030
1 445073338
1 3635818744
1 160876295
1 2585416221
1 65631467
1 3256564528
1 1272974173
1 1188038499
1 3736718429
1 404621141
1 2979526187
1 2362776477
1 1473138457
1 3271278724
1 2538864716
1 3018747952
1 2310643402
1 266185546
1 366673327
1 310925800
1 1527582287
1 4085886956
1 2014601
1 2956785514
1 924487090
1 2856755256
1 2219102977
2
1 4238813145
1 1542615070
1 3223461921
1 1863374599
2
1 3541070519
1 3438830110
1 609624719
1 3124853754
1 2430041228
1 3114623962
1 1377680099
1 4101686332
1 1253137359
1 2506560690
1 158720636
1 3814799710
1 1177434411
1 2997296428
1 663205135
1 2215064291
1 1075115388
1 4029230567
1 1699450995
2
1 798167289
1 3165385829
1 1000465688
1 495735792
1 2485732440
1 3924869686
1 3013331552
1 3598379095
1 1150025855
1 2066991878
1 477287856
1 3011884007
1 2734255693
1 2478230065
1 2380051175
1 1213459394
1 924006375
1 1634976202
1 728317027
1 1802801575
1 293191831
1 1322928125
1 4195375913
1 1679151751
1 2390439171
1 2586414406
1 2450535989
1 4252110175
1 3330441164
1 2953514405
1 3496294026
1 2037192431
1 3068564719
1 1027823091
1 940384908
1 3107190423
1 4268571321
2
1 1024896662
1 116828842
1 2891204814
1 3822144958
1 1737644147
1 2947701444
1 3626650400
1 2244325997
1 3087448269
1 2656137498
1 1121400732
1 828040103
1 2793568782
1 1146629956
1 501167329
1 2941638591
1 3047484517
1 1828322068
1 1211092548
1 1107652945
1 2260048504
1 415331244
1 4206118424
1 222947152
1 3560252992
1 1575348609
1 2173106212
1 1964271717
1 3116163823
1 1689673336
1 954226645
1 1853823737
1 1610580179
1 266315640
1 2506868802
1 3392218008
1 2369362009
1 4292362117
1 3170975768
1 2283338027
1 1250357327
1 900227495
1 4159645460
1 1809460469
1 4184014878
1 3518552258
1 2498637073
1 923401985
2
1 664327659
1 2145472610
1 1317066731
1 1269492015
2
1 279132598
1 978404884
1 3350758922
1 1906053825
1 897470985
1 827085294
1 1101079983
1 1997425040
1 1122521371
1 1220502022
1 1105651073
2
1 4072883045
1 2757142484
1 704821666
1 2232583098
1 3767626744
1 1710834138
1 1448361320
1 1509062034
1 1915579619
1 1840465382
1 3906612603
1 2652728356
1 170160233
1 1735667768
1 546252829
1 2436535980
2
1 3690374293
1 4007809761
1 3823645088
1 4133463206
1 2756121167
1 3147682411
1 2621449674
1 1927546081
1 1105870171
1 4025060448
1 2105017612
1 2500127503
1 783647755
3
1 1446496423
1 2725430392
1 4291281669
1 1834513590
1 1545545983
1 1690794292
1 1582639453
1 1516245435
1 609902710
1 4265880538
1 4182550962
1 2514800068
1 790204294
1 2115295205
1 1408885856
1 1666371030
1 3304708913
1 3818818278
1 1684136569
1 3260048385
1 1570019952
1 4102747973
1 3044277766
1 3283248523
1 2103847676
1 160872429
1 2967498939
1 3104776710
1 2521121585
1 2482237525
1 405267841
1 3634248555
1 954907364
1 1596171751
1 3853148631
1 3628807420
1 1549573667
1 4086729921
1 3711278987
2
1 1228996233
1 2876577442
2
1 2172942116
1 3703483367
1 1077991586
1 2239698846
1 110913609
1 3036883889
1 3171291924
1 3576829904
1 3307002267
1 2906982493
1 48535114
1 3060334106
1 2417732634
1 584000059
1 185304463
1 3756561140
1 4118219848
1 2726663713
1 1811265739
1 648897519
1 1011400788
1 3116124810
1 1025607671
1 2788911957
1 2680090953
2
1 2126169334
1 888992400
1 1083054394
1 2237156729
1 4199413111
1 3968109814
1 4195998147
1 1910757209
1 2826860613
1 1497120619
1 2141934391
1 1806037772
1 2119906193
1 3025725678
1 696088083
1 2300645385
1 456366877
1 3612529667
1 3487765106
1 3633646699
1 3953590655
1 3281609578
2
1 889286035
1 2064689353
1 93450544
1 3971864947
1 2875414816
1 3006905150
1 582203741
1 2738061015
1 968687695
1 40473049
1 3534914620
1 1351184736
1 1044572330
1 3064042011
1 37389543
1 1546750103
2
1 1809353535
1 1252836477
1 1880877322
1 963830043
1 4222648453
1 63605176
1 4066949227
1 2957653657
1 2775055084
1 2051622886
1 2736829073
1 2555533351
1 353575292
1 3674748932
1 1013012269
1 490602397
1 1233352381
1 3717684453
1 1571034585
1 3243865003
1 3023408445
1 1910011691
1 313655045
1 835958652
1 1354095620
1 878205148
1 1351349537
1 4289214644
1 2878596168
1 969621545
1 1782100660
1 2142552120
1 3574778508
1 4183605922
1 2114219527
1 468537619
1 3060492698
1 1174798402
1 1416395506
1 3787271211
1 1704753708
1 2652945999
1 3741169279
1 2931579414
1 2192467248
1 1136257100
1 3557627153
1 2802595517
1 3282065524
1 1646719397
1 2838328689
1 227956093
1 3611884095
1 3492906488
1 2907266598
1 257314336
2
1 687711722
1 2693288738
2
1 3350571363
1 3979872264
1 1921857690
1 3743976317
1 2196618296
1 703391231
1 1871432133
1 4190942321
1 4128235643
1 334578463
1 1112158926
1 2351959552
1 3993400570
1 297252943
1 3201927337
1 1573504619
1 4225839815
1 1578336513
1 2813044866
1 3545709647
1 1418890563
2
1 3308806214
1 2775444762
1 1773088893
1 2737468873
1 2298137527
2
1 328662699
1 4269510147
1 380787527
1 2305232893
1 2061053515
1 3645803976
1 3636684893
3
3
1 1504542190
1 136215206
1 3374774397
1 3701891582
1 3166983841
1 2076187874
1 865040309
1 3559205445
1 3854601169
1 1901093124
1 2934188183
1 2923995028
1 1374152396
1 3645464181
1 1296696213
1 2336668845
1 2612015623
1 2825846630
1 3753773188
1 3666404377
1 120193254
1 3554292072
1 490415704
1 2813458127
1 506050395
1 2381825573
1 2376162586
1 3079495290
1 2301395500
1 1778376868
1 3831188918
1 3761166913
1 3505609049
1 3996595192
1 2245723880
1 1826629571
1 298817541
1 2663554674
1 2360974805
2
1 1800358179
1 2778032092
1 3233488864
1 602472856
1 2883066417
2
1 3075522318
1 1168674854
1 833710261
1 701193510
1 3571975978
1 1084988697
1 3185384297
1 2295551107
1 1042111982
1 1963856015
1 4228970772
1 3402046127
1 2534744552
1 3049905114
1 2444877772
1 386705339
1 631299015
1 2012684103
1 959123254
1 741857535
1 1111578373
1 3291208238
1 3408786096
1 3249554988
1 1912115279
1 3129072628
1 1437953502
2
1 1350851511
1 4066055096
1 87830997
1 3851403360
1 1405007876
1 2707998010
2
1 2463905811
1 3729997540
1 570809946
1 1267350515
1 3786461459
1 3351413385
1 3065367405
1 2854764509
1 2073712582
1 738643704
1 3559581543
1 3840557739
1 582892966
1 2699069427
1 1626931658
1 1026722818
1 134745199
1 745955989
1 1931574399
1 3367732756
1 1827530269
1 2473647415
1 2279191172
1 2706980870
1 1665010517
1 262614928
1 1931323770
1 3248720920
1 1805073882
1 1412753774
2
1 1274311691
1 2364848430
1 1870891558
1 223609714
1 1816500991
1 3782263151
1 3913403608
1 1395757460
1 2811941106
1 3945922500
1 1677102226
1 2348682822
1 799921567
1 1493082274
1 2024551075
1 669646669
1 3248052736
1 4166228243
1 3320085933
1 1216116245
1 1244378877
1 1810465926
2
1 2990099237
1 2321221707
1 945015487
1 778407465
1 2268484272
1 1866628778
1 1342102015
1 2911743049
1 1474569165
1 652239612
1 1918879183
1 860166773
1 16522963
1 2514892870
1 2196975267
1 25590030
1 3543898515
1 1151307574
1 3548710448
1 1062805280
1 3299509767
1 3785167947
1 3928999830
1 263886628
1 3439756767
1 1819529435
1 2853609849
2
1 1979190500
1 3906051177
1 2170391515
1 689326323
1 1888966024
1 3022895744
1 703987275
1 3492396870
1 2546217444
1 3924470443
2
2
1 1383049809
1 1068763977
1 1225196404
1 1195682567
1 2112384342
1 1621473581
1 3150140656
1 1524618941
1 960554101
1 2693067300
1 1392798452
1 1124429989
1 2312152111
1 215148040
1 2917530560
1 2235316112
3
1 2139865998
1 3434902602
1 1469121871
1 3041043718
1 3053888321
1 2530707777
1 1818550719
1 2331435589
1 1950699917
1 442102150
1 3761073565
2
1 2693093926
1 1275293175
1 1036573766
1 1211453602
1 3724110733
1 1146518074
1 3885914221
1 1668964991
1 1823003650
1 3356267291
1 1284944123
1 1166197081
1 3913932104
1 725054039
1 166991464
1 1702466443
1 3428555974
1 3938194421
1 3128820493
1 496795162
1 3557473238
1 1622795949
1 3915223209
1 1881346216
1 870307440
1 4156101186
1 3928838457
1 966926258
1 890290345
1 3146466448
1 3060816535
1 2328554930
1 2354299450
1 3967660370
1 104219616
1 289285636
1 2592913676
1 1661953322
1 1815175824
1 3472618931
1 3107193198
1 2519302394
1 4081042030
1 3269092094
1 3097757106
1 2747301994
1 1337887291
1 663268498
1 3342694058
1 2909063481
1 3086054723
1 181956051
1 1277516264
1 4234433841
1 1189070254
1 1661286774
1 2526069491
1 276537726
1 12264733
1 1311606422
3
1 1593946045
1 2881388678
1 389579515
1 4125888374
1 3505492635
1 2539115596
1 1395177648
1 1255205318
1 258380027
1 3946001529
1 3773564999
1 2124509872
1 3439693165
1 924826298
1 2857604817
1 1380273590
1 425117619
1 3569174961
1 2517500668
1 1798824873
1 4085676995
1 1183245998
1 1850726447
1 1158789396
1 4288410265
1 2238735869
1 1327160967
1 2834394690
1 3043476604
1 3675358881
1 3217678312
1 983052563
1 879500711
1 2444332151
1 3181983560
1 2685097626
1 2128811224
1 2485529605
1 3931324423
1 1386117391
1 3645640121
1 2783590739
1 1032198069
1 3873881234
1 4266193507
1 495142267
1 4174789502
1 3711336821
1 275835807
1 1895290964
1 3057670295
2
1 1166998012
1 1431410428
1 1480799642
1 2055595738
1 3447241653
1 3083108208
1 960900762
1 646688212
1 3235865015
1 345950300
1 2865777301
1 3857656306
1 76145827
1 2052012184
1 517436737
1 3102473286
1 3422428077
1 3308519995
1 2498514461
1 1831113657
1 2183526623
1 1329160562
1 173897946
1 1021284988
1 1194467349
1 27590162
1 2161417259
1 3020864783
1 3834995863
1 1457349632
1 3863390775
1 1023302293
1 82248620
1 2279183415
1 2241950740
1 3356480526
1 2204458406
1 1098695552
1 3166841817
1 2396444864
1 3901495546
1 2534338379
1 1061117750
1 507493276
1 4205107813
1 1719600600
1 3534322238
1 314579227
1 3370653914
1 1110056564
1 27416295
1 3362511304
1 3048107976
1 2499486072
1 1398660147
1 1548492055
1 3107514307
1 616075256
1 3284812023
1 1149762148
1 3592327223
1 4279985989
1 2297582366
1 3259384617
1 3391022048
1 1909789420
1 2986309795
1 2963051424
1 2285113831
2
1 2526786682
1 3427112111
1 3574752696
1 4092874123
1 2999311793
1 2964101719
1 586097986
2
2
1 519868693
1 1774858470
1 794365443
1 4258922105
1 1991437771
1 2052272068
1 1893794922
1 2349633220
1 2974339808
1 873737305
1 2624971240
1 962614796
1 1136704506
1 3049618905
1 84990714
2
1 1023442532
1 4163388590
1 1182876081
1 4100403492
1 886242752
1 1395981238
1 2752403126
2
1 4153254705
1 2924178848
2
1 1952104141
1 2360166134
1 2916145805
1 2843034778
1 3492371325
1 273017511
1 3892097036
2
1 1316008164
1 1798661078
1 117382998
1 585741812
1 2081622886
1 1485660417
1 3914414516
1 3007762863
1 2393753535
1 3374243579
1 1366990956
1 1954083845
1 1916880577
1 3040633771
1 174075256
1 2832520470
1 849432694
1 1915682527
1 3240626911
1 4091651289
1 3077854654
1 2329892740
1 3959164422
1 2681985267
2
1 277204911
1 4126430741
1 2831049681
1 1558754462
1 2185868077
1 3494644490
1 1396177838
1 276410241
1 889905059
1 3675522694
1 3602713002
1 1134897260
1 2262068695
1 386284173
1 3158525047
1 626915212
1 1995861382
1 1653036431
1 3186288343
1 1613302478
1 1596069920
1 2868728986
1 1666135116
1 1440241104
1 4045318892
1 3369247774
1 2936314053
3
1 2386555178
1 1001544485
1 1794092106
1 2989136118
1 1722575774
1 1936808269
1 2381230725
1 2127595366
1 2064603279
1 4218810149
1 3230456301
1 3047671113
1 2914616120
1 1353729520
1 736215060
1 3551440439
1 332678150
1 1960898455
1 3507440198
1 237422321
1 233472340
1 293788483
1 2473558212
1 122174605
1 3998475922
1 1236706881
1 1928981957
1 2212763125
1 1562421427
1 300863958
1 1126489871
1 993712838
1 976397180
1 518260306
3
1 3570008060
1 3690582036
1 4178644680
1 1102507453
1 4129245201
1 2749293457
1 2499042381
1 558893106
2
1 4012980863
1 1295511197
1 858393399
2
1 3467378668
1 1759851519
1 123209235
1 318988051
1 3720969038
1 1249633420
1 2824165588
1 248811951
1 3826087116
2
2
1 682507458
1 2137028808
1 3148079994
1 3019904330
1 1041682808
1 3242987244
1 74116150
1 3304319672
1 1714794604
1 2592443267
1 410426906
1 3846864884
1 970561554
1 2719253966
1 3166696869
1 4086224618
1 2075481903
1 1958943316
1 3379028509
1 2754453941
1 1102428554
1 3842553456
1 2306484843
1 2148440608
1 1775535133
1 533151498
1 1252630286
1 2996973857
1 369725888
1 3407724216
1 1906168936
1 1658913300
1 770359236
1 2939985567
1 3874033300
1 3966796746
1 964160165
1 1931222779
1 1867857178
1 3635237620
1 2453041762
1 3832989963
3
1 3222604350
1 1487081577
1 4223581996
3
1 1932282017
1 3574503718
1 353529818
1 549292539
1 508259928
1 2770906029
1 1640472314
1 2686134421
1 3888051649
1 717809135
1 1424019726
1 1601615011
1 2435264733
1 1250471509
1 2328106454
1 2356372877
1 313010361
1 718140428
1 199639398
1 1231960862
1 1844654169
2
1 3632947985
1 4083389956
1 4243288753
1 2610327961
1 2203797858
1 343314529
1 4280517559
1 2583788563
1 1493625372
1 1603064402
1 1067928210
1 3644551468
1 2519529736
1 813166005
1 388760390
1 1105373212
1 706625830
1 2622768861
1 2721744338
1 632871732
1 2944688016
1 2669869788
1 3744424357
1 3853178937
1 3579456225
1 477791922
1 2993100275
1 748751847
1 1441122359
1 3526771213
1 1380296807
1 2614710860
1 3999658542
1 3231511137
1 766302906
1 1684438708
1 2302641741
1 1310335568
1 873907318
1 1791195800
1 156551459
1 1449200725
1 2259998022
1 499110221
1 2327497877
1 1675447223
1 133312940
1 3607349283
1 494495289
1 3912774154
1 2402082746
1 361481397
1 349191800
1 1239279634
1 964505663
1 326814570
1 3586797731
1 4176189172
1 2663406568
1 3069432406
1 3743134720
1 3463375727
1 625261466
1 482943284
1 4203015457
1 2945354138
1 1908218073
1 3645965678
1 3017237240
2
1 93427052
1 2067031533
1 3341542557
1 3742293298
1 1466535117
1 962334478
1 3110090864
1 2334858137
1 107890115
1 4057016477
1 205913209
1 1825937099
1 713780673
2
1 482142895
1 2071931956
1 3204314566
1 685347674
1 2445086345
1 3491020655
1 3015841816
1 2047828023
1 913435923
1 2940737259
1 559232239
1 3117005084
1 1738800322
1 941019297
1 1101327706
1 4293453196
1 4246011243
1 3690157985
1 1499057897
1 1578101497
1 2053985512
1 1655992957
1 1474289570
1 2294964030
1 3927887305
2
1 3854964148
1 4186176719
1 2215554035
1 2838147671
1 3199601236
1 2028401090
1 3556764551
1 2335335522
1 802608045
1 1817647133
1 3839504252
1 855614238
1 1480557165
1 882619136
1 1455243635
1 1163028390
1 375627904
1 2274897271
1 3479442546
1 427495039
1 2309585483
1 2878974954
1 3803505587
1 1223071110
1 2881526280
1 3193841784
1 3565661925
1 2582786078
1 2398275757
1 1494214377
1 2433215229
1 1130077890
1 481694854
1 4241409847
1 3778919774
1 1664706145
1 1875960230
1 2054483840
1 767781075
1 3862777780
2
1 2705281814
1 3517790651
1 2539715087
1 145900692
1 3218818801
1 1579009260
1 1370878590
1 2444353500
1 1861386718
1 3915326366
1 792884624
1 458188572
1 3455989875
1 2884316925
1 3640249212
1 4113565142
1 2941036116
1 4046359810
1 3140908769
1 2214093133
1 3589900025
1 4069086689
1 3641301538
1 3820126666
1 1524527833
1 3010930775
1 2064283610
1 1917955610
1 4277195156
1 2700117473
1 2716493231
1 3161841187
1 1420461461
1 3573797382
1 466732198
1 217334732
1 1524698298
1 2097050931
1 145011649
1 4072342452
1 2831779928
1 3558088999
1 454808617
1 2414320573
1 394198735
1 3498301123
1 2843095687
1 2115878465
1 2351479181
1 1286169591
1 2691986609
1 900456928
1 2627722532
1 1376586975
1 2043609494
1 4218453134
1 3092942157
1 1765046085
1 3942133265
3
1 4043249148
2
1 2820852082
1 2855467295
1 3883753343
1 3123156224
1 1111128333
1 1843581304
1 2588993005
1 2000838540
1 3505512585
1 3551033623
1 1927952831
1 1574692769
1 2186803306
1 1908510056
2
1 3642198507
1 1691899718
2
3
1 177770518
1 1346937984
3
1 3705428137
1 299406326
1 1265636812
1 870841806
1 808781295
1 1740078509
1 2341511163
1 3261305425
1 1573441483
1 599167574
1 1509718170
1 3670351551
2
1 1472669255
1 3355098349
1 1998703690
1 740170743
1 1626433820
1 3488133965
1 929080410
1 1885021575
1 2926299272
1 2010333371
1 2483525423
1 2337298598
1 299086167
1 3351030822
1 2238305600
1 2072913354
1 573318877
1 3117200301
1 644392384
1 6952596
1 3676389966
1 1161397013
1 3921825130
1 3186977432
1 2748030491
1 799007016
1 2982989473
1 1497430636
1 2147419324
1 595162964
1 2006224744
1 1799433564
1 3297989665
1 1568089946
1 756724675
2
1 2944681459
1 2223357678
1 1173349910
1 2753260283
1 1442170853
1 3816969035
1 1190166913
1 3904852917
1 1535425011
1 3991785353
1 2034146640
1 1660389650
2
1 3793302713
1 3397840562
1 2097173463
1 2495640895
1 3859016022
1 1482463203
2
1 1167548657
1 1986408380
1 3005221576
1 2349293525
1 3890491751
1 2778968651
1 2849617222
1 3901059786
1 2895181835
1 2940341595
1 1045642531
1 2126334083
1 2011484375
1 3285484932
1 2116020814
1 2666565290
1 1272362505
1 3897064085
1 1266871041
1 3284192591
1 3456551068
1 3784438466
1 3394275130
1 348818690
1 1660755860
1 1587807496
1 4255318818
1 3523474643
1 1919686919
1 456732420
1 2619989553
1 1612445319
1 2127807463
1 1325936881
1 2801927533
1 2205717994
1 1584397382
1 2181655382
1 478356464
1 926124341
1 2782255196
1 3482362445
1 440012225
1 3634906681
1 704658865
1 1081501194
1 911168116
1 594602816
1 94958956
1 3440370516
1 1343575348
1 3096075962
1 273409389
1 1762024872
1 1904541643
1 3327153186
1 4288053492
1 2763795232
1 680888231
1 3026982854
1 2656396485
2
1 3121524825
1 2833168715
1 1173984088
1 3580519616
1 3742520738
1 4207352549
1 1354224706
1 3503278299
1 1139450355
1 659660461
1 3891722082
1 2274409362
1 2874227107
1 3496627184
1 3652801506
1 1816210822
1 2904343977
1 3622237935
3
1 3039303382
1 3310556674
1 70206737
1 3794189202
1 2998862484
1 2947418803
1 54672589
1 2125263436
1 1278997127
1 881956674
1 3721179617
1 4096019753
1 1257988443
1 2280983278
1 3658237158
1 3519616634
1 2743261112
1 2884848183
1 3743380122
1 4244803369
1 654415823
1 3053697658
1 1844337174
2
1 1138335582
1 1047874305
1 2314641674
1 1261970737
1 1715542716
1 496846762
1 397906252
1 2563805065
1 2574844838
1 653254476
1 691001786
1 2106792285
1 2780098996
1 359279617
1 1040885267
1 1973568723
1 294097711
1 1236327943
1 644163239
1 2549717288
1 1824340888
1 2355663252
2
1 8351770
3
1 3917796653
1 3005599461
1 1750752592
1 178106372
3
1 3954600217
1 2334402327
1 1885601082
1 2331342333
1 3189210822
1 2936879660
1 1162893406
1 971875492
1 2890448523
1 694634012
1 1428293108
1 2535761498
1 228306114
1 1921500647
1 2260229978
1 2852178876
1 2404410783
1 520539726
1 3217515151
1 3900325523
1 974394600
1 2988942292
1 1350111485
1 2389163171
1 1206573593
1 1664057154
1 3056307255
1 2696115347
1 2139666922
1 109404862
1 121499099
1 522703960
1 4082953460
1 3525570491
1 4032929540
1 1507057219
1 1531750830
1 3571361941
1 1277103757
1 271596215
1 4070410997
1 3980978043
1 1543016567
1 4191707640
1 459810655
1 4143105805
1 4123285308
1 2222319176
1 626782499
1 199541585
1 3021440119
1 2810998865
1 1053997411
1 687324500
1 2900618597
1 2264341894
1 2667632151
1 694635961
1 1099460118
1 3734466980
1 3356737938
1 3493899362
1 1460462067
1 763401619
1 1366842315
1 616670329
1 3823128437
1 296083969
1 12922409
1 3252557402
1 1876931133
1 1621491362
1 3061237523
1 4016652646
1 3004705494
1 348380894
1 2971609744
1 2347226514
1 1378811498
1 2341495360
1 3872559465
1 3885613051
1 3126319453
1 266582971
1 893898046
1 710656179
3
1 195407469
1 1598398093
1 3910683044
1 2997830484
1 3413556383
1 2476381799
1 2780958982
1 611350397
1 853414132
1 3382174939
1 978760351
1 3383918231
1 3410577085
1 3180914069
1 2779452687
1 1062318025
2
1 3412299021
1 4286744101
1 174399675
1 2081438196
1 459449807
1 2760614306
1 160590793
1 2718293279
1 3658179124
1 463873980
1 3899516380
1 2688711480
1 1897541939
1 3043256408
1 1544752957
1 2165046114
1 1908914374
1 2298619201
1 1065092389
1 1670766046
1 2960528517
1 931456071
1 1490382797
1 4079473159
1 2589055366
1 2447947887
1 2022653006
1 1839363188
1 3866989145
1 1896121740
1 3597086420
1 4149001509
1 1485643968
2
1 2885888726
1 1656475502
1 2309094796
1 894511053
1 2037455390
1 1349107791
1 3298387063
1 3215422217
1 2756934362
2
1 2243277169
1 570287989
1 3891305979
1 1296384813
1 324857972
1 539880889
1 1985366552
1 656528624
1 3792741626
1 2062533853
1 1668363670
1 3569526891
1 3978470399
1 1250046001
1 3959782892
1 3052239587
2
1 1495987339
1 2726715940
1 1004393887
1 2252849708
1 2744091955
1 2117776386
1 2110595500
1 2734384349
1 1491074301
1 585292521
1 1152769975
1 2449606661
1 3822408919
1 625959913
1 1472181700
1 958667983
1 2700628415
1 1187512510
1 424338767
1 3709017776
1 1359062309
1 2797930028
1 1695236092
1 1403411599
2
1 2739997357
1 2663982807
1 912415214
1 3810462604
1 2914323537
1 1348853482
1 577996527
1 2615528144
1 2095283759
1 2359987054
1 2999520745
1 2858508773
1 1938220644
1 1306276020
1 242341791
1 1631524018
1 3528151185
2
1 1155865974
2
1 3747019026
1 2121448587
1 3519411721
1 2413421166
1 3001515197
1 1051627246
1 803811044
1 3061523432
1 1607249327
1 575800028
1 3265079994
1 2099684849
1 303732997
1 3633471426
1 2771822696
1 3913615582
1 2553987263
1 1016810799
1 4018162137
1 2079469217
1 2138014376
2
1 2418452512
1 3833455114
1 3068066885
1 1728038804
2
1 2688262325
3
1 149370687
1 2724051820
1 1280196203
1 2178827583
1 1600626375
1 1491451097
1 1239315976
1 3744422343
1 2424420990
1 1020624839
1 368289882
1 2844895295
1 3591984883
1 1169703613
1 1916252240
1 3581416680
1 400261589
1 2132816259
1 3734230163
1 1894400046
1 1207594270
1 4287873496
1 3670249672
1 267914067
1 3851545942
1 1228865440
1 1214052145
1 1074112375
1 1808308208
1 1754601471
2
1 2020205482
1 1452905670
1 1642341456
1 1470064776
1 1463674111
1 4105695555
1 1768122854
1 2044791985
3
1 1887681641
1 3974255281
2
2
1 4009927739
1 1282844308
1 925075366
2
1 2854523660
1 2362362816
1 2144991353
1 2431508019
1 2370258903
1 4023816012
1 1488672535
1 645282246
1 1412409032
1 699341198
2
1 1413268772
1 755436511
1 2709950331
1 1417438851
1 823108575
1 266740799
1 2942575336
1 439897972
1 1961803522
1 115917942
1 1405791010
1 3767399853
1 3812115973
1 2076412996
1 3573940261
1 4156504508
1 3297360469
1 2762888414
1 1873351155
1 3783606917
1 3671449219
1 754414991
2
1 3895166815
1 2637851118
1 3711695854
1 2566324791
1 133614897
1 1745148496
1 496899170
1 3871280937
1 1292049359
1 4262080145
1 3735042857
1 3637536603
1 476219881
1 3786317993
2
1 2733407960
1 1577232792
1 2407889703
1 346627468
1 4009230244
1 2340906806
1 1678433255
1 2053603593
1 4119662281
1 1931281622
1 2210782674
1 759567851
2
1 1516482019
1 1963310851
1 2589863701
1 2312655596
1 2480425404
1 1964509938
1 3007808202
1 2381840032
1 4070648673
1 3188561567
1 4163992010
1 880343596
1 1539974276
1 363354082
1 576830283
1 3087857649
1 1621579522
1 1041539866
1 669011007
1 1383991244
1 2922256836
1 2873073477
1 596442781
2
2
1 3189557308
1 1281266185
1 774817621
1 562955823
1 827506140
1 144950010
1 324265557
1 4031255189
1 1474879551
2
1 1752524210
1 2952107295
1 1230410991
1 435667869
1 1966389973
1 1782779609
1 1807987009
1 1196489385
1 996438039
1 2437570249
1 1815811798
1 857702047
1 872208977
1 1056035959
1 2201373089
1 680991879
1 4025191489
1 2717434075
1 2086389597
1 556344509
1 1226982451
1 2045152860
1 2901360615
1 4220493094
1 3546904771
1 4110221418
1 1477235684
1 173512631
2
1 3251718351
1 1737851652
1 2197411906
1 168157771
1 1827774588
1 1305384108
1 2063280389
1 322311860
1 1446709291
1 2972227287
1 3569070074
1 1369610095
1 3128625731
1 2827163031
1 1366346325
1 3492796706
1 2650690979
1 2535641657
1 1306086636
1 3136066948
1 4021177976
1 1470395260
1 4233977155
1 3012765265
1 3150783834
1 462846301
1 1462319194
1 1362883472
1 3932103536
1 2361606517
1 130730589
1 1953461024
1 3497478517
1 1363513284
1 1875733164
1 2977844498
1 2331448856
1 367938758
1 2903273437
1 2772134198
1 2388718527
1 1428715075
1 113203038
1 1260112394
1 1561835429
1 4062632170
3
1 4025508841
1 3436431977
1 4222089435
1 3831381903
3
1 831609844
1 3356730493
1 3047141499
1 718926332
1 3993319313
1 1194687672
1 3156063767
1 3649375969
1 75400348
2
1 3303101762
1 2351682353
1 2486200521
1 1378882163
1 2067022013
1 598155807
1 2182513811
1 1595078721
1 1929262236
1 3168005443
1 3737092822
1 2864900035
1 1771815213
1 2636554574
1 2263710088
3
1 705935568
1 901940148
1 3319543220
1 225252284
1 975064876
1 2362956611
1 1020990641
1 415686682
1 1249195329
1 2359508759
1 2477596305
1 1755072538
1 2613290244
1 362396633
1 780285143
1 1093546047
1 2306433845
1 986146038
1 3285603817
1 647169571
1 1826168651
1 2725133804
1 2775822891
1 30160927
1 3385922214
1 1918966693
1 2042829526
1 1800791115
2
1 3197654468
1 3218130150
1 776573262
1 1919655634
1 3070828838
1 1564261794
2
1 2689999119
1 2807530130
1 3126160249
2
1 2853107517
1 943393714
1 3507865950
1 1076152213
1 906519346
1 402826671
1 3767175583
2
1 4084632821
1 4087533038
1 1426706434
1 633002544
1 1151092325
1 1307166122
1 3921979547
1 3691785488
1 3694880582
1 1259914519
1 3672605639
1 3105829300
1 680995856
1 1765333447
1 2520601362
1 1390029414
1 616472344
1 350790658
1 2770068363
1 3067987970
1 2451465108
1 1619248384
1 115915440
1 570828155
1 182355062
1 4103260879
1 825045767
1 2274615150
1 1346549599
1 4101817730
1 2502955040
1 3875724155
1 165755266
2
1 3001068275
1 1676097119
1 547510867
1 3445125146
1 401136536
1 2462052736
2
1 2294058936
1 1235307268
1 4105430879
2
1 1088602221
1 2104926824
1 194336703
1 730578872
1 2085307258
1 151700816
1 1431779558
1 3514412681
1 3932300989
1 3130923254
1 1393814802
1 3694374567
3
1 2183785263
1 2599367428
2
1 1087266553
1 709094422
1 3658671371
1 2060033046
1 1286505842
1 4274975636
1 234013307
1 3123586076
2
1 3893080635
1 3410805736
1 2609976937
1 440125797
1 4215999134
1 1631107098
1 509751366
1 4238154374
2
1 2598418156
1 3452127582
1 3958663425
1 3618715051
1 3139421876
1 2828239869
1 3528489439
1 3209460575
1 3656141048
1 344650657
1 2099800129
1 2155645194
1 2654278714
1 2160481236
1 4045510574
1 2704283064
1 1012942754
1 975236347
1 2435125923
1 791040081
1 1094895614
1 2450460067
1 2034553596
1 1866119516
1 370264735
1 3088736246
1 1439880084
1 2695416902
1 3469952861
1 853004163
1 2133703520
1 749080515
1 2670770351
1 2297436839
1 1378000248
1 3139138884
1 354385826
1 2130284411
2
1 3885739351
1 1795030280
1 1949132397
1 2720664495
1 900793518
1 3569539903
1 205131297
1 1690959168
1 3195397867
1 2814012628
1 1059108947
1 1264238018
2
1 4132022784
1 3053398816
1 1130134390
1 850529508
1 2948392536
1 3416432326
1 2900030500
1 2342598032
1 3779565221
1 1045238941
1 887263956
1 4276388808
1 1303159263
1 1994241696
1 478423458
1 24763593
1 3750857755
1 1006541048
1 2704762407
1 1436374071
1 1157556368
1 1689926153
1 4190285879
1 4251646085
1 1181626046
1 3434717112
1 2965122779
1 2684296057
1 1934144580
1 731208440
1 283572767
1 3695257761
1 3733549505
1 2565741672
1 825994153
1 1573869498
2
1 4201631846
1 2931782586
3
1 175319331
1 3630406837
1 2720807505
1 2160686470
1 2968599513
1 2331206226
1 3013947494
1 815880777
1 61314762
1 1547805812
1 750242171
1 1555282708
1 3525523465
1 3546371462
1 1378426473
1 1105489189
1 1990433788
1 4105663665
1 756214525
1 919634681
1 1567619854
1 1952888609
1 1864122855
1 3394855565
1 2226139238
1 3729157768
1 3038232027
1 3223026047
1 3834448267
1 2182254401
1 1598723687
1 1426369515
1 2667845357
1 775691932
1 888693719
1 3294862310
1 605927349
1 657600730
1 4204755728
1 2907868901
1 4082035108
1 481830195
1 2651662143
1 3871887478
1 513240408
1 777397369
1 4272452890
1 1627530272
1 854866823
2
1 779324552
1 1816155541
1 2205841337
1 327099486
1 425258644
1 1201133599
1 3983446716
1 1227387948
1 251436703
1 2274400386
2
1 1077067049
1 869651386
1 1268911385
1 1057642809
1 1194868529
1 806125355
1 3554988336
1 1430443300
1 3277412050
1 2110217260
1 1588261883
1 1670522288
1 3301695485
1 3856384151
1 335341004
1 520867040
1 381134231
1 96525223
1 3477128962
1 2377645328
1 742621176
1 2847529806
1 3466259008
1 3408959567
1 268511888
1 280354710
1 948883581
1 1604113091
1 3187560065
1 1471269194
1 2829288526
1 3722275825
1 1185117853
1 308121544
2
1 1862556651
1 874885757
1 165775716
1 1363027591
1 987557253
1 3749109308
1 2983437707
1 3655587281
1 118109543
1 341222893
1 2024531479
1 1571015724
1 2928083336
1 1813524736
1 205175767
1 4220506808
1 3810485239
1 3649279448
1 3688286883
3
1 3822367526
1 203575871
1 3908311127
1 3183417775
1 3611171078
1 4061473586
1 167563758
1 161287145
1 1083079046
1 3557197050
1 427989846
1 1860848046
3
1 1312461251
1 504437513
1 44228878
1 472533904
2
1 1315715676
2
1 681904570
1 423019455
1 3035250624
1 1369123405
1 2409688737
1 3489887793
1 4248632445
1 1831711734
1 4226269735
1 3664990526
1 4019919606
1 1069225053
1 2520481038
1 917188375
1 1295584215
1 178076377
1 3349984528
1 3271924949
1 1782344070
1 1222720172
1 1559068221
1 4285108403
1 3365356255
1 2916358895
1 3109638180
1 3287615989
1 2193158589
1 4260570221
1 1671974061
1 1272241101
1 2065504945
1 2863979923
1 4026045482
1 1251492959
1 3213115223
1 2465360707
1 3979256368
1 1427406594
1 930374956
1 1702083363
1 3257163892
1 4248433629
1 1331087737
1 1562002825
1 3634133287
1 2240347009
1 2289701250
1 2854214787
1 1597841347
1 1261636396
1 1887369778
1 2092353823
1 3403152611
1 471284451
1 572814887
1 1500706456
1 991126118
1 2769261350
1 958462190
1 278409262
1 2138399395
1 2013958817
1 21591124
1 168835123
1 3774374357
1 605956090
1 432346976
1 1138321122
1 3035786733
1 10156858
1 2218529556
1 1783196195
1 884815269
1 957105084
1 2814040118
1 2031023411
2
1 3995974108
1 2793241619
1 3963751135
1 4241727894
1 2310912419
1 3303151347
1 120286218
1 4293476601
1 1110478494
1 3461338951
1 3227234496
1 3213378421
1 589114757
1 2852686852
1 2252282598
1 2885503803
1 4118914092
1 1866877270
1 3239577710
1 3522032583
1 219159126
1 3635352655
1 1909518224
1 1679835743
1 1878411489
1 2857856038
1 1379524452
1 2328159594
1 2474745800
1 844600626
1 2306920236
1 130284779
1 2143613613
1 1526030240
1 232331201
1 2760435337
1 1788163520
1 979821309
1 2131208743
1 2126071783
1 2370747010
1 4267152988
1 265921684
1 3026942269
1 496068809
1 860683965
1 1470803
2
1 3971671293
1 3011185605
1 3006498813
1 3134177518
1 2460702703
1 1897072127
1 1022117470
1 836857554
1 727629114
1 2535609686
1 3295514424
1 3400187023
1 2385141889
1 3656875261
1 3438582744
2
1 1885885044
1 1323744374
1 190225295
1 1140795414
1 365231583
1 618944608
1 4239775575
1 2068593759
1 3088253484
1 1531226029
1 984688955
1 1073288134
1 2890869887
1 2866493123
1 2313111091
1 381319675
1 1075104817
1 884711514
1 4228291999
1 487051471
1 4030014130
1 1801903382
1 298038466
1 4125423773
1 3634016125
1 3980007631
1 2207088561
1 575702053
1 1225592082
1 406949935
1 3793790830
1 1885140872
1 1581445100
1 2410722709
1 3470649080
1 3738991815
1 3889071302
1 170544254
1 2630700223
1 3119575563
1 3716729470
1 3728364862
1 1116983225
1 4171408398
1 1666103091
1 1960589397
1 2953047406
1 4100001882
1 1757517899
1 1245788400
1 1967112430
1 512660222
1 3678534630
1 376477241
1 636842504
1 2281746082
1 463331976
1 1416521080
1 332304853
1 3693303861
1 960204583
1 1156764123
1 2630201335
1 1149173703
1 2833345339
1 349853068
1 2041647658
1 2642282438
1 1554844227
1 3099986494
1 2113555305
2
1 2107139095
1 2387500812
1 240493831
1 3321786260
1 2730719352
1 2637648851
1 1410816215
1 2472216687
1 1534288434
1 2752832578
1 1989716121
1 3319416588
1 2239845365
1 1316922528
1 1295562836
1 1781097137
1 745208181
1 532832568
1 3589210251
1 1814305553
1 3723380982
1 3930278752
1 3047249654
1 687333682
1 3812616410
1 4021474495
1 2735212491
1 516158539
1 2968404675
1 2235708909
1 1906684841
1 400487289
1 2456554423
1 3800083068
1 765770935
1 319816612
1 896385049
1 2330297088
1 2187486408
1 3181927613
1 3272425279
1 4246982980
2
1 1553758611
1 1194694862
1 2811918484
1 678665858
1 1579417738
1 204410028
1 4052834513
1 3436328519
1 2540295700
1 809040769
1 4294496679
1 1265262781
1 1313897494
1 1621078596
1 1028763577
1 3682061952
1 1169742536
1 3130779245
1 1072705548
1 3997687308
1 4204602832
1 2653604476
1 1698357145
1 2295101238
1 331572058
1 864670373
1 3532168385
1 1777655728
2
1 2665940760
1 519444381
1 1026605889
1 1131676275
1 1541963205
1 3130203447
1 1459206051
2
1 3932449977
1 796430736
2
1 582844951
1 4221822906
1 1935642363
1 3604101842
1 1196557153
1 2707405785
1 3814099874
1 1611327442
1 1408582189
1 3124271080
1 1989239061
1 2258360878
1 3090781132
1 2697275611
1 1454977608
1 3350395355
1 3487642294
1 3987295504
1 1721117652
1 4107244221
1 518040994
1 2494506047
1 3849722017
1 1570185334
1 2236062230
1 3955269292
1 3673023435
1 1909547098
1 908907879
1 2816301229
1 3594216616
1 1724162208
1 3637245638
1 884154499
1 1542560467
1 659540992
1 302360125
1 3231218552
3
1 75939379
1 2282897879
1 772515161
1 2860003870
1 3067761832
1 4162989615
1 2609601943
1 933258162
1 843658548
1 1938400771
1 210456120
1 1081725999
1 4078635047
1 3719405368
1 3855204326
1 2372361948
1 1520159227
2
1 3234598979
1 813248760
1 1898656492
1 2763340055
1 3814248599
2
1 2281971497
1 911562875
1 4183067156
3
1 1263411919
1 4154573778
1 3650586375
1 3084398106
1 2784898630
1 1027789055
1 2808315694
1 3972885628
1 2090590404
1 1400098353
1 3472972306
1 1603887136
1 2766859005
1 3422031556
1 2524159334
1 278246230
1 1436862886
1 455788231
1 2398118171
1 1340853803
1 1385040567
1 2736444707
1 3470512902
1 737210777
1 1535316990
1 3543782816
1 2438818642
1 2028544571
1 2607498818
1 1267558374
1 3711094849
1 1902741666
1 670275988
1 1477488746
1 3236443961
2
1 356788888
1 3370079649
2
1 2285232714
1 302582714
1 1075031011
1 2801252630
2
1 854396161
1 1826176256
2
1 1548119344
1 2820840493
1 1284338671
1 255119714
1 237358240
1 1454218202
1 592873072
1 2262997223
1 665525520
1 344931516
1 1261223380
1 159529019
1 4080776680
1 4038295293
1 2605802005
1 3832481845
1 984856071
1 945848293
1 4039870656
1 3517845345
2
1 2149700113
1 4152007460
1 1299430925
1 2396792046
1 3422435496
1 1412375953
1 1283020279
1 1849115030
1 219449188
1 944716915
1 1595099372
1 287091997
1 836144712
1 1999403410
1 2709377817
1 370228626
1 1346704835
1 995091232
1 2081872895
1 2016212435
1 2113551678
1 2465346542
1 1105067842
1 226494060
1 3336669573
1 3201546317
1 2372085784
1 1297287927
1 352581325
1 3722048315
1 1160091725
1 2432486009
1 2600009008
1 2687752950
1 1086883316
1 2865398051
1 2109151544
1 1645920590
1 2523370958
1 4191429908
1 3722390878
1 3135096842
1 637637402
1 2433061304
1 2411208130
1 3128606535
1 1098404125
1 677901357
1 3407237566
1 4232393377
1 1058129980
1 299959134
1 2652996111
1 3580128803
1 2331773897
1 2999043099
1 3177044997
1 3405584517
1 1594073122
1 2592072303
1 3556350510
1 1319377544
1 2682045570
1 1316374785
1 745756155
1 4092782039
1 1967588721
1 3596175040
1 4284273389
1 3800788104
1 1806870653
1 2401851846
1 1129524496
1 1048464692
1 3665383731
1 4010463331
1 1368671687
1 1025265897
1 1349549382
1 403978991
1 1837517141
1 3795885745
1 2004759924
1 46452439
1 554419789
1 2193374038
1 2029560380
1 4098363081
1 1302631369
1 670002624
1 1535844727
1 2763703798
1 3315369604
1 1960769354
1 854897268
1 543045554
1 1233920334
1 3435717718
1 524574716
1 2465310914
1 2966705227
1 3482466293
1 3788937927
1 800947376
1 3500664498
1 3716323674
1 1307079850
1 3426323425
1 3748875835
1 3544171852
1 627256326
1 1092836467
1 3211937663
2
1 3909494088
1 868844363
1 3077652174
2
1 2292559811
1 1688367913
2
1 4167528068
1 2848075355
1 2879175114
1 3210799655
1 3952731569
1 1328780771
1 1186546434
1 4123656083
1 3980067794
1 1696955801
1 870068022
1 1111074144
1 797965419
1 1172974614
1 3304397495
1 3597737206
1 1627265693
1 1899167584
1 1466352201
1 3649313542
1 3758712143
1 3677761646
1 742428333
1 4152135015
1 3470324629
1 2538112110
1 4172848527
1 3531616477
1 4243267875
2
1 3897008156
1 848747658
1 3327708942
1 2911639720
1 1961252212
1 3356465938
1 750729693
1 2898933373
1 734177663
1 1948755538
1 557585220
1 28224783
1 503616190
1 2093626337
1 1174500959
1 3772272300
1 282047173
1 3389486296
1 2866663059
1 2876612103
1 3054155122
1 1194357345
1 3296308315
1 527043871
1 2480506695
1 4163658111
1 2214021073
1 4162238245
1 1679817724
1 535078039
1 3008101091
2
1 3072389372
1 2389763851
1 1368516828
1 18617534
1 3546468434
1 2109791148
1 4176378890
1 499776983
1 1248228303
1 2791669743
1 2038356206
1 653591977
1 3129286511
1 731696687
1 67588533
1 462301239
1 566511001
1 2732538120
1 2985813332
1 1646883909
1 4233106316
1 3562926195
1 1753698021
1 112635772
1 3552608878
1 1038481945
1 2858544529
1 1184898912
2
1 1720103997
1 1217755338
1 2075808926
1 346764510
1 936541192
1 2481439687
1 2217467686
1 836887809
1 1792548990
1 1574240671
1 390951353
1 4125701795
2
1 710427177
1 4290631071
1 1135889343
1 3334275388
2
1 3285302561
2
1 4204797135
1 2852420904
1 2372662939
1 233223841
1 3307893034
1 3221407957
1 2570590901
1 1736186061
1 661571251
1 1154283390
1 1505835040
1 2507225438
1 4107936393
1 1929820542
1 2002763313
1 57535006
1 3135854228
1 4084550787
1 3941153864
1 1840605636
1 3078160066
1 378176321
1 1309727685
1 2735450937
1 259468942
3
1 259133644
1 1595806231
1 3908578323
2
1 4101879311
1 3085562830
1 404899170
1 1581354609
1 2996069071
1 3768053797
1 1826672446
1 302212625
1 4094195846
1 2756442099
1 1195343808
1 1326831287
1 1469882143
1 2946483332
1 1414949973
1 823940436
1 797456539
1 3230309281
1 169760582
1 1724629664
1 3065926621
2
1 4032384204
1 3046975194
1 223279571
1 501125217
1 1375766843
1 1005318176
1 674845601
1 2818675434
1 4221884127
1 2990629468
1 3604955546
1 2714279690
1 2302263775
1 2586016945
1 952986856
1 964154645
1 1011290200
1 33699406
1 1110911512
1 860617244
1 4086801408
1 2170922516
1 4185308609
1 2373290136
1 3644143353
1 2690558363
1 922618372
1 1998181597
1 767270683
1 2276538649
1 986144253
1 4145501828
1 1662958666
1 2038860082
1 2571523046
1 378981875
1 3473234353
3
1 1827515618
1 117451003
1 119986077
1 2272461538
1 1801736668
1 2209838842
2
1 1274205177
1 2552001011
1 1315633274
1 354164925
1 3136943126
1 3841604691
1 2728724432
1 2339747176
1 950859805
1 292213246
1 1573758413
1 2559139144
1 284790926
1 2556026515
1 3954658855
1 4210289129
1 3309316041
1 1959487086
1 4067557028
1 2210218777
1 836944641
1 2667128119
1 3943181130
1 4130752862
1 1600542792
1 885505605
1 2914019128
1 2661496852
1 2166635303
1 180495868
2
1 3689752998
1 3858175622
1 968255318
1 2781289674
1 1190377029
1 525059871
1 4153199613
1 3295896468
1 3032792555
1 1233530321
1 2863529905
1 2456731327
1 1328151539
1 4131278664
1 3005141391
1 656116135
1 910449600
1 1772657063
1 1703002604
1 650521884
1 71606884
1 449928555
1 3248282578
1 470381591
1 77040252
1 4230290751
1 765240448
1 3508091202
1 2470807873
1 4052377488
1 1047450172
1 1584147463
1 2050368241
1 4004132460
1 1991769806
1 2185418950
1 3044943005
1 1696660547
1 2713531418
1 154961234
1 2470416992
1 3218712830
1 690383159
1 2262959676
1 1162928196
1 3464982958
1 230189236
1 4013119233
1 2854575968
1 3817455648
1 2980422329
1 2847413569
1 3467902340
1 894732685
1 468399195
2
1 214793632
1 1176639321
1 3272164895
1 2573330525
1 3070886295
1 3732885283
2
1 444287197
1 378931929
1 1012207701
1 2989719949
1 589658242
1 4000767908
1 3900716462
1 4070147884
1 414156218
1 3606382524
1 680739277
1 1398883741
1 2348756487
1 1080791930
1 827473658
1 3296728712
1 316801963
1 1895049108
1 4074632056
1 3410183283
1 652751644
1 3951313480
1 1712965243
1 3512112106
1 3076329059
1 1623812354
1 552244840
1 2569476362
1 3962200436
1 922840345
1 4152351448
1 874126994
1 1719387770
1 2827367467
1 2050187064
1 1930505723
1 633578713
1 1650047494
1 1430325418
1 2992904247
1 2261386159
1 2690144794
1 964070983
1 1974136164
1 2428069650
1 606150596
1 1742601312
1 3371346862
1 577175677
1 2178180679
1 1624365829
1 1933353262
1 1422850858
1 1326925078
1 3064970394
1 974367130
1 1222652329
1 2994163065
1 517704785
1 1940059324
1 1547598472
1 3388605660
1 1749372188
1 16177267
1 2909245435
1 3377337391
1 1174144565
1 526336786
1 1175691051
1 1500009497
1 2466511917
1 4159505184
1 112079409
1 2172663474
1 919717527
1 2458989155
1 3376729572
1 2664627161
1 319938982
1 316433158
1 3024518119
1 4264075786
1 2860967695
2
2
1 310251518
1 3589940844
1 3487976310
1 3059091189
1 991460523
1 3890918084
1 3417889179
2
1 1272990161
2
1 2304835270
1 2015261371
1 2576137910
1 1009821124
1 3006229355
1 3287786620
1 2724947222
1 2643578792
1 83583944
2
1 4257374102
1 670385473
1 3686429657
1 1476385426
1 750863585
1 1594980341
1 818412270
1 2683841946
1 3954097798
1 405201380
1 74038306
1 1371446579
1 2583071584
1 3507786273
1 874286862
1 802340983
1 2810896943
1 633377929
1 3967168640
1 2742866176
1 3597602645
1 476925944
1 1387913204
1 3123808056
1 3613506584
1 547070967
1 1003733311
1 796888807
1 303490823
1 1424165175
1 459096756
1 3748463312
2
1 999986639
1 3157234075
1 1866823008
1 3443424279
1 1546225095
1 2700331322
2
1 135382975
1 3429640795
1 3963136229
1 3692019993
1 2833980126
1 3191676109
1 2254059333
1 1569884570
1 878651389
1 243015525
1 4171857383
1 2954110915
1 3024277293
1 3097822476
1 1435172315
1 2931355678
1 2518768448
1 2964490054
1 3883936877
1 2993074257
1 168186589
1 2222417175
1 1974433843
1 3647812624
1 1569411748
1 367759097
1 3356302808
1 1999723101
1 1440554050
1 121667812
1 3740387254
1 7656302
1 935202080
1 3952191293
1 1830994675
1 1542144721
1 1261578338
1 524191439
1 3363527490
1 2628479646
1 382253083
1 2210478112
1 2547036066
1 3610074100
1 3446397617
1 2771081724
1 1689265273
1 3749403037
1 637760177
1 1345824973
1 2152252498
1 1471128015
1 2784446748
1 1815123392
1 3090466514
1 2297572460
1 4152927101
1 1428325454
1 1041744698
1 3265737384
1 1631091388
1 972121838
1 1139798467
1 3211964543
1 91641136
1 3435710232
3
1 626471268
1 1274699274
1 3107340884
1 3576388904
1 234500685
1 1931789460
1 3764365783
1 903361003
1 2586049678
1 4240313932
1 2460627780
1 2255860008
1 3312497642
1 2837950122
1 3521364953
1 4184929822
1 1433567018
1 679285688
1 1027404972
1 2281231271
1 3283805374
1 1475077062
1 647832092
1 1555108953
1 974413286
1 2469918823
1 2361600496
1 333275021
1 171129838
1 2244655337
1 3885837710
1 3099429879
1 74548373
1 3616337626
1 1313747229
1 1813542142
1 1907068906
1 2071420674
1 4147976065
1 2330858882
1 2114571328
1 3355556733
1 1593071958
1 1344292517
1 3628956421
1 4266608360
1 4185596899
2
1 1014994912
1 3676466993
1 3857434619
1 1984428308
1 1180194390
1 2949617450
1 3769969665
1 323820289
1 560452129
1 2035954561
1 17907393
1 2951983689
1 1720772740
1 1866913490
1 1699885884
2
1 3531392022
1 316302672
1 3901822342
1 1824051560
1 3965540901
1 1007260129
1 222342931
1 346232310
1 132777979
1 568693070
1 845974054
1 2692337684
1 914495941
1 1875616042
1 1943448649
1 3580247173
1 254776051
1 853527871
1 2393305620
1 2691189222
3
1 1437313365
1 2024722770
1 4005269815
2
1 1147837363
1 3151274732
1 2190078803
1 1697118516
1 2718271975
1 3968665856
1 1514782274
1 1302060488
1 240154932
1 2112438430
1 2749177131
1 308224793
1 1001364194
1 275976919
1 3770891011
1 1805066120
1 2880735645
1 2097270116
1 181134707
1 4054241440
3
1 3880385402
1 2971289755
1 1146699789
1 4072119454
1 4046389433
1 3103808064
2
1 3304432507
1 4055828508
1 2412669412
1 1160836903
1 783668360
1 1038098258
1 1945857911
1 3434562690
1 2998224090
1 1389538807
1 2554171070
1 783815071
1 1785295821
1 654367986
1 3135377857
1 1143499968
1 2483261419
1 465926931
1 1557306323
1 2543372912
1 3728906007
1 3338483457
1 428223758
1 1750146276
1 3339538892
1 2026747222
1 1238209484
1 848075333
1 3842066759
1 217735760
1 1603017426
1 2868245314
1 817152204
1 3589529268
1 1395583690
1 279845781
2
1 2288670763
1 1491222277
1 1040039868
1 2133514639
1 3078850929
1 1605499232
1 3500397202
1 1860057389
1 1813893310
1 1592702532
1 3683553073
1 2813450848
1 3141041470
1 575036834
1 1956982647
1 3363776233
2
1 2460561628
1 1830773867
1 4063397848
1 2234920100
1 2553951198
1 4025703557
1 995996156
1 978053659
1 4127030773
1 2192347603
1 2952057310
1 2871126813
1 3059571917
1 916967938
1 17148020
1 3811247212
1 3441359682
1 1714782321
1 833349262
1 3681297166
1 2396520020
1 3701806558
1 3604041415
1 2294128836
1 3581066613
1 689457715
1 3697987970
1 2019110584
1 3783928378
1 2625757918
1 2271774596
1 4277291553
1 288174793
1 1205848175
1 1801526769
1 1614346248
1 1335130614
1 2182377470
1 38390458
1 3403632179
1 1655172940
1 1452145800
1 2212891761
1 272314114
1 2056192949
1 3199781869
1 2034713794
1 1685714191
1 349312066
1 2143856462
2
1 3897320016
1 279042117
1 4275152266
1 1662870353
1 3738509260
1 4055764301
1 2914304364
1 2580637223
1 1766766363
1 1352547860
1 2414229254
1 1021020054
1 911164581
1 299131107
1 834745910
1 3246467903
1 2566012780
1 3546890719
1 1447888517
1 2885911447
2
1 1857774109
1 3957028147
1 3019801488
1 731116412
1 1172117235
1 877250
1 2367524050
1 2660830860
1 1687057361
1 334732269
1 2559621781
1 1777892940
1 3871440994
1 2731161128
1 2771047660
1 3050887655
1 865418047
1 2927131662
1 1755354914
1 2565652015
1 2785352934
1 490035117
1 3167377036
1 2010926525
1 1620070719
1 2944102533
1 1833704800
1 2835166617
1 2160275656
1 4242614069
1 3060294423
1 3387649812
1 3505035142
1 3382861028
1 4176829455
1 878123821
1 2736585415
1 2231234590
1 3354544857
1 2624004321
1 1083696160
1 345155509
1 2895357170
1 3051054550
1 2340529526
1 2249036282
1 186570
1 3919663383
1 3704511437
1 892020644
1 1345375444
1 56697342
1 3330992914
1 709679446
1 1154756219
1 783980407
1 575380828
1 2546738880
1 1983553326
1 1872645062
1 3487554075
2
1 2219899891
1 2201569206
1 340161947
1 1204674045
1 2185442852
1 250078240
1 4255663119
1 4068731456
1 1438458271
1 3811072540
1 3370045635
1 1381283121
1 3474955577
1 285214670
1 528207315
1 2358177699
1 1060421619
1 1359716093
1 1695341385
1 2171423750
1 704435150
2
2
1 1778388790
1 1561616209
1 1078243237
1 3703995325
1 2853357618
1 2150425660
1 142110137
1 406840812
1 2762139009
1 1431390840
1 4277571694
1 67714267
1 118901014
1 1909214384
1 210898278
1 3010080067
2
1 3225423075
1 50912543
1 888775477
1 4287223650
1 617130659
1 879564513
1 279436556
1 3452416584
1 1594235441
1 203100082
1 3559686935
1 4025566069
1 1318579163
1 516651369
1 3396853349
1 3320043249
1 1347303211
1 3962034020
1 3202028249
1 3165482156
1 746330097
1 2703486314
1 1980428758
1 1502325908
1 2532366612
1 3409633410
1 1022499799
1 755871014
1 426315241
1 466424276
1 2901736043
1 761536038
1 1630231840
1 2284661764
1 2253702735
1 98838186
1 1016433732
1 302077208
1 990612906
1 788181825
1 1486001822
1 3640043703
1 70375397
1 2089031962
1 894455228
1 4026856175
1 3936513307
1 273365099
1 2823798119
1 2922181755
1 2703031672
1 281017757
1 316317111
1 1154365232
1 2296419104
1 3045577041
1 89433970
1 1604612116
1 2353836294
1 3927047341
1 222317854
1 911482485
1 1918286751
1 405570574
1 1363492918
1 1769493781
1 1724794750
1 2584689636
1 613492080
1 3328186339
1 1412195833
1 1789617643
1 3138507234
1 19158662
1 2380934093
1 1819770749
1 2021207734
1 511768161
1 4073915238
1 2590704928
1 2056205187
1 3986978336
1 1229079476
1 2447197808
1 253702132
1 1562676962
1 1887742284
1 150508777
1 1017742338
1 3171070634
1 1268201210
1 769592811
1 3757467032
1 3825286872
1 1240463218
1 3135328876
1 2622316301
1 2704991746
1 2793659945
1 2998250026
1 4292140363
1 3439082502
1 3105790049
3
1 3664161243
1 1607617547
1 1194262933
1 1535030709
1 1312921276
1 2398097879
1 2519744717
1 2552071164
1 3432645239
1 3708592498
2
1 1353089149
1 3328992439
1 2477807343
1 4273826478
1 4180756354
1 4056918371
1 1659745603
1 4165938124
1 4291529961
1 1782765776
1 2573987462
1 3795734679
1 2802162722
1 2745594759
1 1947890301
1 1315069062
1 487340632
1 4078587291
1 959725659
2
1 1527702349
1 614156247
1 3449394081
1 348927082
1 3047626792
1 1798612407
1 280744934
1 4291189066
1 3815390411
2
1 2913287147
1 2617415538
1 2723583942
1 1372953998
1 3963923836
1 4239053
1 211443914
2
1 2167864997
1 2733723399
1 905804007
1 1662435906
1 4205472857
1 2390183720
1 3981195529
1 2342471310
2
1 3642098420
1 2696483808
1 3505693233
1 1211273627
1 2945259893
1 3733996825
1 2279913248
1 1840167521
1 1637615210
1 3760926419
1 2353958023
1 457233650
1 899615031
2
1 3858476082
1 2137185709
2
2
1 3120592956
2
1 3928008893
1 3984586036
1 1369739696
1 3715704593
1 3787169073
1 3800721150
1 1475096923
1 1225784936
1 374632773
1 2343153453
1 3702738875
1 1252116778
1 3647554358
1 3441217818
1 2887117338
1 1772885529
2
1 768640527
1 489268923
1 1800023563
1 1959115435
1 1326682573
1 4200777468
1 4039392999
1 1176754951
1 3371456002
2
2
2
1 3530402302
1 2757518737
1 3420289241
1 3825029275
1 3571214944
1 2636407528
1 2837450466
1 3177579667
1 3479872488
2
1 841847929
1 950317699
1 3837941307
1 900260011
1 3681871625
1 4019911579
1 2718440024
1 2101583821
1 1398850440
1 1536523593
1 1578554449
1 2639647614
1 807123227
1 1912387699
1 3132183356
1 2336831580
1 332108699
1 195957642
1 1318467784
1 1357063223
1 1388195138
1 3211829711
1 2147233369
1 4105709846
1 469657502
1 994332494
1 3867467869
1 3285258274
1 383771603
1 2632772632
1 2716136735
1 2630686446
1 3448963491
1 2369992136
1 283414748
1 815747631
1 1557967959
1 460051994
1 1801686326
1 2335760253
1 3603786901
1 1667522751
1 1502204308
1 1307460202
1 3849904875
1 981154772
1 315740313
1 1820701414
1 4273998938
1 3013343492
1 1941207648
1 2328772558
1 4112841884
1 704226618
1 1638690322
1 2662040067
1 2987134005
1 4130890731
1 1818645480
1 1972556485
1 3990413262
1 1630153930
1 592928373
1 1472770940
1 1308696517
1 2036522099
1 116267706
1 3128758705
1 2028574795
1 3316729542
1 4005706322
1 3688819209
1 677915423
1 1499574885
1 4203159359
1 2202861391
1 3841289026
1 4193352795
1 2365740564
1 3556132621
1 3360974824
1 4284188969
1 1186242245
2
1 4111661670
2
1 3353698168
1 2574253781
1 1610629503
1 2296847756
1 1716216731
1 3620872879
1 446031067
1 2016190904
1 730140149
1 3497611163
1 622193612
1 2400750180
1 1010232524
1 3340048721
1 3361121385
2
1 1825679778
1 1221973552
1 133353632
1 1808096530
1 488283306
1 2145186302
1 3791339110
1 3801839061
1 2305403677
1 156368411
1 566419501
1 4110901907
1 2345119668
1 1624644651
1 1002412173
1 3150408158
1 2277383311
1 3734035365
1 1436474916
1 572277491
1 2825503569
1 732294409
1 300986467
1 1556588328
1 2190637979
1 1758630056
1 3831943946
2
1 1435227850
1 2725798222
1 1925738351
1 693003336
1 2880478813
1 2370260456
1 1867069458
1 89230680
1 1886211977
1 1961055561
1 2240493521
1 3365245743
1 1756102517
1 1981029733
1 503919109
1 2760197020
1 4280541342
1 2876288116
3
1 2045439107
1 1560640991
1 786289986
1 310564587
1 906566144
1 149176277
1 773557801
1 781645420
1 110812474
1 2275359449
1 2177166815
1 782666989
2
1 1639718655
1 3822257971
1 2426508976
1 3477023523
1 327202783
1 664026115
1 3472391380
1 1550492590
1 3964357102
1 4093645375
1 158839095
1 3928496226
1 1088593555
1 257490434
2
1 1881545141
1 1936262472
1 559455099
1 1837776571
1 3260025260
2
1 3249065733
1 116674230
1 1467465457
1 4009166478
1 1944282202
1 2349493497
1 602994497
1 2522121140
2
1 42285381
1 3155926693
1 3346240622
1 3829652792
1 1362914494
1 4093065158
1 3803595152
1 545444251
1 3826953671
1 1109727148
1 1408540719
1 1530504622
1 532214180
1 1580337394
1 295191924
1 783126054
1 2176702103
1 1820174635
1 3326258233
1 2394625259
1 1989914568
1 772401944
1 2229630904
1 2604288123
1 1276753615
1 3679379305
1 2141641700
1 734873578
1 495813813
1 3177804055
1 1450316116
1 477036657
1 469232679
2
1 2208728817
1 3955979736
1 3928686098
1 3178861926
1 4162777523
1 1795170284
1 4074596895
1 1284441105
1 1423965110
1 3614328471
1 4235582004
1 768131318
1 3394116770
1 3523022228
1 1935211273
1 2821238689
1 3656070769
1 1738547828
1 1686733704
1 823444820
1 4012438835
1 1234877539
2
1 235840026
1 464337369
1 4085393356
1 1307623693
1 427457125
1 2093333352
1 464830880
1 3316533853
1 4070788367
1 3391063091
1 4041134717
1 3718112029
1 2668935712
1 675259993
1 328207949
1 743904227
1 1683046964
1 753994861
1 3014472521
1 3494224907
1 2382311922
1 1764854615
1 3765398725
1 1000831287
1 2809020674
1 2448205185
1 300285545
1 1089695204
1 55669360
1 627900088
2
1 1549886771
1 312209609
1 2923001528
1 596370880
1 3644282097
1 290112992
1 2901811338
1 3541973436
1 2308340956
1 1261093095
2
1 2595370453
1 2142426030
1 3371074564
1 1772173615
1 1191176964
1 4053777636
1 1179778734
1 118346697
1 2006457880
1 423021279
1 3378042113
1 4069606511
1 1126206399
2
1 596554696
1 3748993491
1 1101646414
1 32010627
1 1117154116
1 3979095742
1 3805588085
1 2445135773
1 3242866175
1 171632646
1 12080741
2
1 3813195303
1 2559468900
1 1112646791
1 485679285
1 3082492545
1 149932526
1 4199095084
1 1385103153
1 3042185297
1 563828991
1 2840951513
1 1655854038
1 3362763054
1 1177164405
1 1722050691
1 3322652791
1 1692938441
1 956035553
1 800243550
1 4141216979
1 2225304096
1 1730704787
3
2
1 3232506544
1 165488488
1 2534096746
1 4135073247
1 2900228890
1 3981329117
1 160116965
1 4045636291
1 1596484280
1 3436472708
1 2056575999
1 338332009
1 2192825968
1 1684313643
1 2448586473
1 1189914749
1 2559772523
1 3529943981
1 353044761
1 853934441
1 2205504019
1 286762361
1 2610196568
1 2549731752
1 329301153
1 2959561092
1 2878021974
1 3654763057
1 743059942
1 4210938288
1 3294032276
1 2863895210
1 627360483
1 317052080
1 3668630502
1 3444169206
1 1023221256
1 1634788642
1 345442282
1 2847378841
1 520467197
1 2992833658
1 4227569109
1 2063858288
1 732080799
2
1 825663052
1 4275921317
1 623911226
1 3113271909
1 794901110
1 3059272154
1 2930322420
1 3131199382
1 580107247
1 1385370128
1 1011925138
1 2470396591
1 2073906190
2
1 3514369749
1 3721268451
1 283816273
1 160482041
1 2916605526
1 1332330418
1 3558722441
1 3491133755
1 1289214750
1 685823647
1 1451143264
1 1462148832
1 3665531153
1 253219197
1 1032063133
1 219247946
1 3907199449
1 1911833356
1 2693330781
1 2274237018
1 4153729679
1 3841171236
1 1591319158
1 1714249137
1 3708606276
1 328823896
1 2359802710
1 3882349918
1 1969528848
1 2083497824
1 2546287555
1 559951765
1 1713305493
3
1 1171167227
1 3507741023
1 3739177627
1 3775725061
1 146606152
1 1734790364
1 85382228
1 1760642163
1 2048538603
1 164162287
1 3416561613
1 2028987949
1 709245793
1 3680103441
1 3281159734
1 1281931859
1 1503073214
1 1861819270
1 495163650
1 2318744164
1 1144077748
1 3006307359
3
1 461195599
1 1562358538
1 3229126585
1 3758414561
1 142029749
1 3882464680
2
1 941264899
1 453566934
1 2973689984
1 3659854205
1 2942307985
1 2307047618
1 1396225048
1 2861020434
1 3284195080
1 120235874
1 1938533723
1 1011478908
1 2305119676
1 785813576
1 2507699989
1 490945030
1 1289820732
1 2343776841
1 3077837069
1 3310339968
1 1947370727
1 2873157847
1 3101356437
1 2098549967
1 968543643
1 58811319
1 706553094
1 174924517
1 2368200350
2
1 2622416588
1 1810868439
1 1691595357
1 1785477167
1 3145097425
1 2565893803
1 815142606
1 90063333
1 254660765
1 875422635
1 2305940465
1 1271225893
2
1 408257662
1 3647337120
2
1 1366679661
1 826334889
1 2711363962
1 3975671835
1 3635046962
1 492798986
1 1882687861
1 2981627641
1 3227300316
1 3808541308
1 341910325
1 2808206777
1 1587823727
1 1974141323
1 3053740042
1 3669978225
1 2582988907
1 3344276198
1 4145588419
1 3668604606
1 1831291694
1 2970227045
1 2083807122
3
1 1525072705
1 2635576015
1 1770946607
1 2959476487
1 3176035056
1 494740298
1 2915334533
1 4125330691
1 480315623
1 2478162581
1 378470610
1 1631870721
1 998716881
2
1 1728590588
1 3821677227
1 2870103192
1 1260982068
1 2758540881
1 2339726957
1 2379551949
1 3216266815
1 2945148108
1 4121604144
1 2089170875
1 886899548
1 3817407937
1 3476545890
1 348605078
1 3068087579
3
1 1706553410
1 1603133748
1 1049760383
1 305446635
1 2929843834
1 2772047361
1 2050282125
1 1365719656
1 340678701
1 4116778457
1 1640317317
1 2769076355
1 150831573
1 2900252874
1 108189087
1 3060869107
1 3990141155
1 740052517
1 794571412
1 1836198947
1 4181713501
1 1220743490
1 2586949546
2
1 3928010339
1 886206358
2
1 2320333419
1 184649491
1 2697730194
1 247713484
1 4144558975
1 610296025
1 3836510305
1 3574793677
1 3159542616
1 1265641605
1 631020185
1 1433797678
1 2092658633
1 746079388
1 1569649912
2
1 522733739
1 331921871
1 136444129
1 690423517
1 4035637320
1 2549275302
1 2560793358
1 2215798357
1 1989643200
1 2992946285
1 660512008
1 1506799275
1 1543961737
1 655558106
1 918654230
1 2792714306
1 3605022584
1 865201648
1 391986414
1 4034723521
1 3570272806
1 2504307101
1 4256504260
1 2336628238
1 2122388658
1 870743088
1 4127140068
1 840844660
1 392088839
1 2370923701
1 4163885882
1 887340415
1 3387891796
1 1399851067
1 748127092
2
1 805089508
1 1458606649
1 1752823744
1 2850296935
1 2692233417
1 4109111750
1 1770803779
1 775039529
1 489602552
1 1789706550
1 1116500489
1 1694488907
1 1339489498
1 828571416
1 453557481
3
1 3309917926
1 2806331819
2
1 3039651186
1 2943365069
1 1245470351
1 404798089
1 563020866
2
1 3867589086
1 2672490582
1 1890381828
1 2867532052
1 2066516602
1 2678009903
1 2301116270
1 3578801371
1 2324085174
1 40995412
1 3498541382
1 2754840057
1 2956069135
1 618452988
1 957714475
1 372834267
1 1068691088
1 394341441
1 1417021763
1 3862627041
2
1 596211623
1 4279234756
1 2839378507
1 1578617322
1 3343902466
1 914401980
1 1644250541
1 2384245429
1 2415664950
1 3302174709
1 4030695515
1 758295653
1 1169040957
1 947898152
3
1 2172287057
1 2155989455
1 1396444951
1 2549671710
1 3336698607
1 4151016636
1 3504416653
1 4115211952
1 3972045490
1 1335729940
1 1276349986
1 2214501503
1 3386025188
1 852940950
1 2594406179
1 4144784519
1 855856101
1 2879716465
1 1635313717
1 153159622
1 2454871740
1 2233682085
1 3876483297
1 4163156699
1 2491284578
1 3890481268
1 1473818136
1 1003877614
1 1434608836
1 847931503
1 3754325359
1 3849831455
1 2643276833
1 4169361417
1 2696811826
1 3475233034
1 686019831
1 2671775291
1 594840620
1 2035990771
2
1 487485974
1 4164383903
1 1935407985
1 1560189481
1 2469426178
1 3681762800
3
1 945681253
1 1109559537
1 1603760657
1 3401821286
2
1 3974759417
1 2671142037
1 636689948
2
1 3070533797
1 1698899962
1 1123201949
1 2962166391
1 2526554825
1 3413542624
1 684118995
1 4283987759
1 4170381343
3
1 3666839783
1 1210345996
1 993869272
1 957237231
1 3305092340
1 3026771116
1 3398259093
1 2696562539
2
1 1613521235
1 1865511448
1 981406803
1 1512556951
1 673287159
1 236492115
2
1 2268685339
1 3765251918
1 2640807374
1 814029908
1 2386879907
1 4159687011
1 373398875
1 1787618850
1 1874687716
1 466041093
1 603614842
1 288969499
1 2195552060
1 2284799647
1 3528687146
1 1042371304
1 1038860048
1 2214429188
1 2284705681
1 690331864
1 4284426116
1 3699045544
1 1617231708
1 1608243645
1 3456438667
1 3292460774
1 4074720159
1 1298580307
1 956341549
1 1643981334
1 910220164
1 2936672976
1 3923659884
1 1748531304
1 2211434027
1 2901993351
1 2558349407
1 2568975251
1 861877692
1 3783268861
1 2751777388
1 2895792696
1 3124315237
1 1189209495
1 967043338
1 3132936563
1 741152652
1 2192564551
1 1650872993
1 101098347
1 2667693321
1 100685417
1 1627002240
1 1050649618
1 3593000483
1 3440928609
1 4205059525
1 3545906658
1 2736104673
1 851726179
1 1465003160
1 3515128476
1 946862128
1 1041013057
1 2115246797
1 1645693505
1 2354964440
1 1296871419
1 1305198457
1 3918027188
1 3028910384
1 937961441
1 267272910
1 560967578
1 4053130684
1 1787204402
2
1 1286863294
1 3403046078
1 3083867634
2
1 3546781846
1 2971583030
1 4267593295
1 239027086
1 3850463589
1 3680020479
2
1 1754982200
1 3784122251
1 3595480923
1 36032852
1 2594412472
1 2127136380
1 3745582034
1 3267403714
1 3042422732
1 3455893327
1 4284899360
1 4069889624
1 3213556406
1 3014280170
1 3519761505
1 2039623533
1 2401014286
1 976126799
1 1126426456
2
1 4080094644
1 62544715
1 642605612
1 808712571
1 2100705155
1 3193362422
1 499199035
1 2898003970
1 3639547718
1 3391235998
1 2509940434
1 43978899
1 2870356538
1 1445298887
1 397774454
1 4107131781
1 120053406
1 460785044
1 3028986726
1 2200183591
1 3452737476
1 2188101664
2
1 2201676277
1 3565226833
1 2921513041
1 1217648965
1 2318908017
1 2433968712
1 1395786134
1 3877137118
1 2708588412
1 2227940759
1 4242424003
1 3230029219
1 1710095607
1 4219711864
1 3680621740
1 3732185357
1 1293238134
1 1350093285
3
1 2421780017
1 2279451850
1 3925597130
1 2732308525
2
1 1622271752
1 2077027868
1 3351285480
2
1 3971001893
1 3167311850
3
2
1 145718630
1 1253791355
1 757986625
1 1342261274
1 3062921176
1 1672234499
1 2016503759
1 3127210153
1 2102664248
1 566015396
1 2100027234
1 1875352163
1 1905417466
1 1616153466
1 4046666697
1 1300404977
1 2694488661
1 586139882
1 958734484
2
1 2313056891
1 1848297829
1 665524076
1 1679464448
1 3658903819
1 3662892005
1 3314901610
1 130075880
1 422737064
1 3181383565
1 49344449
1 3071176056
1 3938847925
1 48863333
1 3096322901
1 591536429
1 788648280
1 2778064274
1 1387587392
1 422847745
1 3097586563
1 2518570962
1 1813245185
1 484345303
1 2658663428
1 1981082149
1 2728510088
1 1258109370
1 189897653
1 1663569989
1 4287246089
1 4250852674
1 3906044989
1 4094893105
1 4089059995
1 362678521
1 3745043082
1 1743858569
2
1 2753052029
1 194907633
1 2414860155
1 3468886602
1 2775812641
1 1168506429
1 2022603335
1 2375620756
1 2090489414
1 2337801925
1 2907368363
1 3982793291
1 1629569201
1 1576206875
1 4254073003
1 1761878029
1 425934832
1 1296344090
1 2540571533
1 4033418364
1 3807967036
1 3557569475
1 2530646766
1 3069149185
1 2388642783
1 906400570
2
1 579141075
1 1590685691
1 3490944685
1 3592483816
1 3892720701
1 708994478
1 2146926604
1 2091486179
1 265391603
1 261612910
1 2727876354
1 2922023408
1 2259084616
1 1071616377
1 2875571371
1 775949211
1 2120373673
1 4203982871
1 3999526842
1 902741069
2
1 159251989
2
1 1420151810
1 4186563617
1 1392028868
1 1564155355
1 3129549621
1 3270521992
1 3908431216
1 540837465
1 2865609808
1 3551933562
1 1120322982
1 2606404832
1 3370062196
1 2202720798
1 548181040
1 108072595
1 1213578539
1 1342606222
1 2997734291
1 4059597296
1 1220370841
1 1992560170
1 4254814827
1 1544902263
1 1966124289
1 1034903829
1 2034440964
1 333541151
1 2606838338
1 3812447932
1 1742272357
1 3680059704
1 1904500741
1 971402200
1 57710692
1 3803059260
1 4097694441
1 3752116201
1 211948994
2
1 2021864685
1 3846218838
1 1958243042
1 883792142
1 3200946269
1 2968139150
1 2213233181
1 639866843
1 1322165577
2
2
1 3244480219
1 3923154545
1 3839543466
1 2475332497
1 2800065136
1 1030868870
1 169927140
1 2233245528
1 2305855262
1 1062847845
1 3910705
1 4086231712
1 2053289941
1 4129662764
1 3273053849
1 1610123391
1 1163665016
3
2
1 3475783252
3
1 3607509452
1 3337055242
1 1243863557
2
1 216163621
1 2235377825
1 3747216635
1 2681488594
1 385835053
1 3197560533
1 3726969525
1 1667260679
1 1203141359
1 803778890
1 1056950452
1 1310611673
1 3495373411
1 3175047777
1 1411584283
1 4105870968
1 1860892982
1 201429461
1 3764621026
1 3753994456
1 2573665197
1 2649514540
1 1324727920
1 2126230465
1 1440227492
1 1478177153
1 2622604928
1 215695117
1 1993318685
1 218272434
1 851365764
1 3105371392
1 1445065009
1 1046093797
1 2290418653
1 2938037384
1 3815104128
1 85737763
1 2451820861
1 4229577312
1 833047514
1 4001451467
1 723054156
1 2621098023
1 3104706267
2
1 2083654879
1 3360223211
1 194624811
1 3862809030
1 1121106560
1 177580464
1 2795944370
2
1 3814790540
1 2288567486
1 709936888
1 31427095
1 2474788650
1 125913024
1 570041982
1 3868679667
1 60279573
1 1784470837
1 2916671431
1 1744765209
1 1971320886
1 1680449665
1 878658295
1 2828277406
1 4222507835
1 2978056307
1 2220506889
1 2656927105
1 2130506609
1 3114461092
1 1829422743
1 1397514817
1 326774784
1 678365848
1 1443159142
1 3827866783
1 2735930688
1 4166240305
1 1743173160
1 1222165459
1 1929637759
1 3367380553
1 486451071
1 2862316497
1 4120586731
1 3335549616
1 1596107374
1 2186535991
1 1576951053
1 1771878399
1 872086794
1 2782716946
1 1965116319
1 942089764
1 4188353789
1 459870623
2
1 1797940178
1 3505921089
1 2991797142
1 3410353706
1 2024156335
1 1082254896
1 2654993011
1 2964634291
1 3230765830
1 2748033878
1 3641134428
1 1388680890
1 3193591405
1 2036562850
1 3987183883
1 3655607763
1 135810803
1 772717936
1 483453902
1 525851230
1 2200673227
1 4044327524
1 3279834736
1 3781069401
1 3461262782
1 1613912003
1 1925100485
1 1595349404
3
1 3546275638
2
1 705000585
1 1660781095
1 2303223988
1 3573343662
1 1075606704
1 626426967
1 3688433055
1 2489703921
1 3512241206
1 3760110575
1 3970658589
1 1187956349
1 1355060854
1 2307288220
1 2484422590
1 551961437
1 1500391222
1 347956372
1 1482984480
1 2494954388
1 3594299758
1 1920847098
1 1693953304
1 368032305
1 1838706869
1 1605446108
1 951417247
1 3521368777
3
1 227024110
1 3295841205
1 1059464304
1 2150171380
1 727112751
1 345945176
1 3338019778
2
3
1 3689049196
1 3346784928
1 1904104580
1 1306221839
1 3863339206
1 4260054252
1 1247285528
1 3269595039
1 2101859487
1 1778674563
1 2749057414
1 4023013847
1 1197889765
1 1757108236
1 1425145091
1 1848146729
1 3352268405
2
1 94235739
1 2714006604
1 762700365
1 697203183
1 1444393059
1 3741557332
1 3982087872
1 3349185613
1 3455656101
1 273381452
1 4157709899
1 2997008435
1 1330869261
2
1 3466184577
1 3885243649
1 4187354281
1 1425831968
1 2434735310
1 879914457
1 2254421475
1 321746431
1 9599763
1 3987316864
2
1 2769014408
1 767032231
1 1359731141
1 2676015858
1 1078095700
1 1482787793
2
1 719795213
1 3436207943
1 318676016
2
1 3026983913
1 4116430413
1 2777238015
1 2902796459
1 3607790060
1 1202188518
1 2569011388
1 1633960107
1 3719475547
1 1211346008
1 3975554823
1 580973334
1 188800272
1 4032138150
1 4266184202
1 256048492
1 391799651
1 1954463692
1 3794658409
1 1756362792
1 511610455
1 2862231230
1 3371468007
1 289845715
1 2949672652
1 2958104474
1 1036897203
1 40475664
2
1 70168752
1 1849198467
1 928517726
1 3564705560
1 3482820021
1 2459442609
1 134940733
1 1674778005
1 1132289490
1 3553606358
1 2341025501
1 3683642549
1 1083106525
1 1893552792
1 1009444968
1 3529699357
1 1980299285
1 3057729489
1 2177389669
1 240331461
1 2255987646
1 1637911950
1 4239786218
1 3256515044
1 4265319816
1 2271574431
1 2668164084
1 230689871
1 2565972117
1 2368384720
1 1050545832
2
1 1583415525
1 955229272
1 621507951
1 3177804078
1 1636075554
1 516753411
1 665775787
1 2626958377
1 1795698050
1 2436847779
1 948139794
1 354876464
1 3938507426
1 1121823996
1 3980827308
1 267945945
1 3121018627
1 763790212
1 3730631976
1 2381732299
1 2901067397
1 1084242247
1 3366137823
1 3007358202
1 3103742803
1 3119583673
2
1 1289386120
1 3654350973
1 3819176580
1 1698316073
1 2879536516
1 3185002784
1 2883111917
1 982390821
2
1 3047182172
1 1452504470
1 4168787389
1 1435002560
1 1547213167
1 3716739854
1 2122362386
1 391184996
1 2805179889
1 2493061258
1 2816168864
1 2089046240
1 1095051656
1 2264968366
1 644285979
1 1310013022
1 1889954268
1 1391749815
1 4241381334
1 3818988707
1 1842045967
1 2963420351
1 3424597025
1 3613263506
1 1217109154
2
1 834447215
1 2863882528
1 1746023764
1 1552119031
1 2215093722
1 3274722107
2
1 3544704935
1 293125006
1 2662050138
1 86284849
1 109483456
1 3181610527
2
1 4084057310
1 405228013
1 32965492
1 1942822266
1 3437043925
1 1511717887
2
1 1719175038
1 1671036302
1 3973797965
1 732524408
1 3109071235
1 2380636803
2
1 1081845016
1 2592019969
1 3300452709
1 3298288383
1 1780691772
1 2418579472
1 453544230
1 1461145698
1 3079180684
1 1541374598
1 1215843909
2
1 2744842454
2
1 3025259074
1 54026601
1 2233956127
1 3363384668
1 2121213352
1 691355433
1 2199954046
1 994936598
1 2822095356
1 657244622
1 1141053502
1 265029505
1 990306053
2
1 439282998
1 3862497014
1 312911451
1 3245329045
1 3903528569
1 2474950005
1 1989571096
1 1149756222
1 2398202014
1 3369182963
1 3922113007
1 576264870
1 2849832114
1 4211531784
1 3081326639
1 1522811053
1 1979107118
1 2983109667
1 737813924
1 738375782
1 2386383250
2
1 2298368620
1 997393013
1 3190700894
1 1411503681
2
1 2045616198
1 946998548
1 3523529794
1 2815101604
1 3016036700
1 2091192825
1 1176366572
1 3780455968
1 244081872
1 1686257439
1 1745196450
1 142873169
1 1241907202
1 520321997
1 2179225088
1 2943413986
1 1875511330
1 2973106231
1 2735469078
1 3355345641
1 1504378496
1 3271649843
1 891839261
1 1329001457
1 863565963
3
1 296388644
1 3556572461
1 2455997947
1 296732998
1 3145981187
1 3184573729
1 1879407038
1 3332229177
1 1058774445
1 4069170602
2
1 1874114317
3
1 120839256
1 781701343
1 2028817515
1 3849177569
2
1 654343333
1 2181063281
1 2672665062
1 783037827
2
3
1 2639250267
3
1 297978119
1 2286090228
1 304393202
1 1574570963
1 34924813
1 4071597478
1 1784464681
1 2352096601
1 4141218838
1 393706773
1 39834432
1 1154905933
1 2017967933
1 1690715058
1 2904557735
1 2941510426
1 1876480277
1 108685946
1 1628972440
1 1721333063
1 2949442372
1 1692797067
1 3663355601
1 4250781198
1 2741683226
1 778373747
1 3000047103
1 1634876932
1 724693747
1 2789255942
1 2101746000
1 3558138658
1 2442703838
1 3734252945
3
1 2637306521
1 558791703
1 918228334
1 2787661132
1 1116290073
1 3551608037
1 550886733
1 2147200672
1 3610765616
1 2309372122
1 3221198982
1 3007969502
1 3249136409
1 3599976556
1 3420929641
1 344554123
1 3438935724
1 4183495995
1 1238948343
1 1251093932
1 3696728237
1 1183206828
1 3694063854
1 3437091422
1 4141982460
1 1977125076
1 3926880644
1 2618555015
1 1115673570
1 2059365362
1 3908864925
1 2549082245
1 1642981085
1 2592392761
1 1797454347
1 905821168
1 907895029
1 2418322817
1 2871592341
1 1507422943
1 3305575340
1 1812200212
1 3947024537
1 2692836595
1 3543384113
1 3669689912
1 3601915873
1 3029974421
1 4268272714
1 3299267098
1 1807614805
1 1466579116
1 3491604743
1 4016856578
1 1419962514
1 3523657237
1 2785126720
1 2565366759
1 2504810800
1 307206551
1 675990859
1 1863248264
1 3104907191
1 1106495403
1 2640519957
1 1925870011
1 1644401665
1 2030354716
1 3985495630
1 1728557736
3
1 2843809185
3
1 1578833164
1 1498380055
1 2679691843
1 1311742433
1 110665178
1 2978487264
1 3871260020
1 1398024154
1 2651693272
1 3050977783
1 943844762
1 4119811252
2
1 4080194629
1 1607376416
1 1293727064
1 2716191589
1 1770034201
1 3370597346
1 2047580811
1 268102164
1 2290422239
1 2519038614
1 284040514
1 3571198977
1 2343254493
1 2232439536
1 3554444788
1 4098928740
1 1849685905
1 2121870360
1 3278728941
1 248910213
1 3060421740
1 4051014760
1 3104144419
1 129977466
1 2791617065
1 2339735885
1 3648585044
2
1 2784641712
1 238557408
1 3423578863
1 1955235612
1 3897966278
2
1 2397923642
1 3320831782
1 1866605675
1 3370390370
1 281318482
1 2381314556
1 358233261
1 3372148879
1 2068759553
1 696303780
1 2956001387
1 1085751699
1 661839847
1 946880883
1 2287341312
2
1 863661034
1 296671655
1 714437814
1 1875948717
1 1011183711
1 3381877337
1 2584466269
1 911334183
1 4090152629
1 1763746171
3
2
1 2705231889
1 380585844
1 3555310942
1 1762461990
1 1949956285
1 290936355
1 3338914406
1 2008526566
1 816107572
1 3407863844
1 3488407285
1 2476851554
1 3815203867
2
1 2587823423
1 1142570877
1 2086278751
1 106052352
1 3470410327
1 970292336
1 210067898
1 819887923
1 1777273394
1 4273479342
1 1816539417
1 1568947646
1 2080383426
1 2703796710
1 666322185
1 3195381194
1 3767165322
1 1382985586
1 1800267932
2
1 1138834736
1 2899630951
1 1294195811
1 3944518818
1 1112657823
1 1507480627
1 904667790
1 2577161969
1 3382877725
1 3989882519
1 838313775
1 3997559683
1 423951562
1 3769821597
1 2254926198
1 619127848
1 4236909066
1 668910514
1 2161413785
2
1 3193940329
2
1 2298003872
1 3272162221
1 1848878485
2
1 2154693172
1 1616557631
1 3732197428
2
1 3989690632
1 2694667006
1 2658639772
1 2170415204
1 3862694218
1 2673196726
1 3454519814
1 671325608
1 1076358468
1 954680822
1 770215560
1 2209884654
1 1284662301
1 1523453512
1 3935355423
1 1977349705
1 3409251931
1 2086267878
1 1243245541
1 954294705
1 839356955
1 1044736191
1 3095929154
1 268401256
1 1303515711
1 4111445266
1 3281440769
1 2098091927
1 922574479
1 3210402594
1 3187927813
1 1306119638
1 2203389828
1 3315004746
1 1039423995
1 1789597032
1 1087546311
1 441755152
1 530926500
1 1144313493
1 1330028135
1 2690269136
1 2714774825
1 2502526108
1 1077567040
1 1854049254
1 1115478071
2
1 156769566
1 2323602673
1 2087379322
1 593480691
1 74118104
1 2113150190
1 1352670923
1 902851103
1 521679255
1 1984785731
1 1985541899
1 1958640618
1 3809478353
1 3963539822
1 65201861
1 3320617251
1 417027274
1 4009736464
1 1273767909
1 202736197
1 3685029206
1 3160014701
1 3357559573
1 1194578880
1 1373950140
1 1536974140
1 2534551252
1 3282061587
1 967828716
1 2439106806
1 2153526814
1 1859028269
3
1 2980410518
1 4029106886
1 3758003453
1 2626347142
1 1170932869
1 171396222
1 3622911444
1 2948343083
1 2390376368
1 2693585426
1 583780149
1 4145847143
1 1736906920
1 263356433
1 1712414245
1 2073998041
1 869928347
1 619422533
1 3774381287
1 1207078058
1 2822569883
1 1465372046
1 2953052989
1 3608303736
1 490040342
1 2027280865
1 1401015401
1 1749990918
2
1 4262542480
1 4085211019
1 60807404
1 2592470794
1 3486493713
1 1065829935
1 718794460
1 289380355
2
1 1764754953
1 1147475407
1 1576357396
1 3083726504
1 340961745
1 1438591797
1 2662244786
1 473010945
1 3103191525
1 3813554153
1 838844529
1 2842546515
1 69260013
1 445738348
1 2419051961
1 2091983925
1 1505525585
1 821831153
1 2590061481
1 4220953952
2
1 4170545242
1 547210117
1 3291421835
1 4161223119
1 1317276491
1 2218996726
1 3195289924
1 168068337
1 3241639823
1 665700526
1 4089119634
1 488969484
1 450836227
1 3841305562
1 787193409
1 1985793031
1 2170638046
1 3648735645
1 1361195084
1 4045666921
1 1615079163
1 3609789757
1 1750579342
1 699647459
1 2418098872
1 3271854670
1 4151998129
1 196827548
1 764716999
1 3157431375
2
1 702032671
1 1306271281
1 4055398651
1 2771515782
1 1334481219
1 1790638950
2
1 2006295430
1 801256519
1 2570117596
1 880969183
1 3851508826
1 331948938
1 3925790318
1 182547743
1 1642854859
1 2537564131
1 632307128
3
1 234023965
1 2262771941
1 1021306027
1 2833365236
1 846174227
1 2092375134
1 1855747603
1 871759374
1 961446088
1 2770963415
1 2173115476
1 2234579924
1 2445561396
1 3774920706
1 4046004197
1 1558831948
1 3743510020
1 1954571926
1 2560937113
1 264319372
1 3263315367
1 3093045797
1 3722381867
1 1626952300
2
1 3301116347
1 1530750617
1 3375277024
1 131085298
1 1609887456
1 2946667991
1 405088695
1 2860197830
1 3101577812
1 2311671892
1 1163823259
1 3877809258
1 3125972687
1 1824396393
1 1676088258
1 3892479137
1 2598122842
1 3312677238
1 1911796539
2
1 4097288785
1 82063270
2
1 3830365421
1 221155146
1 1825917015
1 384493662
1 3778582924
1 2135256966
1 2322879188
1 2141242239
1 818670639
1 4079979883
1 2289290159
1 26495705
1 817836370
1 468979835
1 1338703548
2
1 4126831972
1 4059404121
1 2872644468
1 2927786313
1 1464730476
1 1841235193
1 1963159987
1 2807730838
1 24924202
1 3948374543
1 1870052682
1 4027807069
1 3624492585
1 25745599
1 2024668759
1 993224575
1 1315883387
1 2817399524
1 1933325687
1 2571143178
1 1966561223
1 3790428522
1 4231593062
1 1534095318
1 708745336
1 1628383917
1 1762648428
1 3858058591
1 2080252402
1 3064352340
2
1 2068286294
1 3694712154
1 115652846
3
1 959159434
1 2548107895
1 994404375
1 3322671274
1 2394908695
1 2401291065
1 521977058
1 3052942812
1 95999871
1 2259574606
1 2625184414
1 2957134313
1 1543331224
1 3900490812
1 1127180210
1 4174711834
1 2531774013
1 1129648103
1 3780826090
1 910458974
1 813533976
1 376982534
1 1275951865
1 1811709371
1 2046668603
1 3393023296
1 1047184751
1 4020910543
1 1686218760
1 3663624223
1 841672697
1 3084465278
1 1287411765
1 3754484919
1 1245924313
1 643135798
1 2219326336
1 2767268913
1 3794157429
1 3711161202
1 2016744773
1 2059712501
1 1828133678
1 4245458584
1 744697456
1 1865798281
1 3833217847
1 224883242
1 3312957743
1 1925170204
1 1097422170
1 1933254162
1 4250423781
1 1618319109
1 652846340
1 931993608
1 4209911731
1 3190901541
1 3944133875
1 555629271
1 4037667754
1 3204760591
1 4091122439
1 598131958
1 3756126960
1 3897648304
1 142205659
1 1093611263
1 681079566
1 3968653384
1 2152932238
1 1379316923
1 3001698969
1 3165741972
1 1088739225
1 2291740391
1 62443465
1 1264769774
1 4108697036
1 826481617
1 1185645434
2
1 1356553647
1 2383003291
1 29415077
1 3425910439
1 2732222247
1 1948053808
1 907857886
1 719900905
1 2344561479
1 87432707
1 3799376474
1 1863640696
1 3701917616
1 3963080634
1 1327164252
1 1502051944
1 66604055
1 2229608719
1 169350794
1 2690364471
1 804102641
1 2713084657
1 3565609343
1 151677306
1 2438498903
1 3178860390
1 1915370014
1 910679780
1 3115156654
1 3113321598
1 4226413633
1 1032212459
1 2035278281
1 76812127
1 355280435
1 3886926709
1 1489905360
1 2691553869
1 2818234520
1 2774618950
1 3807120350
1 1058123676
1 3114268340
1 3007982710
1 2449429389
1 914936472
1 1752638709
1 606199624
1 3432763119
1 1998548847
1 1955466930
1 1733932753
1 3593734674
1 3958626538
1 307551313
1 3572294692
1 543609753
1 943259740
1 195897068
1 3208411159
1 2136275552
1 1802349153
1 2784382470
1 4047324221
1 792189517
1 3626976159
1 3236794753
1 1999049231
1 4125818034
1 3142554378
1 2234074461
1 2218933588
1 2515320516
1 3709199367
1 1316902909
2
1 497758396
1 1683216008
1 2651086097
1 2433372401
1 3379672397
1 3810272036
1 1013781654
1 3872423024
1 1499211239
1 4172499906
1 316107437
1 2649519447
1 3957308291
1 2666145750
1 415694928
1 405430505
1 4191375888
1 1178373419
1 2751122607
1 3198321341
1 3123730256
1 1637267634
1 1365688311
1 1862630745
1 1491840321
1 3493202136
1 4106459238
1 3033018027
1 3387098216
1 3453302024
1 293741541
1 3078504453
1 4200939834
1 2847299672
1 3549261639
1 2104209001
1 3888090313
1 4255062521
1 2765545959
1 1652760251
1 708210003
1 3891850264
1 3002294328
1 3061271265
1 788846524
1 2305200605
1 2162504096
1 558949048
1 1499732539
1 1638568953
2
1 174621211
1 1629359341
1 595144327
1 2595954316
1 691745362
1 4197564897
1 4118324331
1 1652293777
1 3307395306
1 925345472
1 2933163434
1 3307797567
1 3054622502
1 2498504480
1 3492055166
1 666338418
1 2301566195
1 1508056924
1 3579941175
1 3532644195
1 1034425210
1 3264103603
1 556004821
1 2742752859
1 3326542902
1 306656849
1 3502335068
1 660722035
1 3032324931
1 2501625817
1 4044296463
1 1784026402
1 1555421938
1 227134203
1 4255908430
1 1725850483
1 1297208309
1 3779596017
1 140578453
1 4229462891
1 565788644
1 3568495223
1 1422625141
1 1748139726
1 1715210947
1 3557644881
1 3411158397
1 2273417332
1 2831590930
1 133844593
1 1367494312
1 3498919658
1 2346882558
1 348975735
1 3573966310
1 615253591
1 1211875299
1 3280150254
1 1737698055
1 1089901861
1 180740947
1 3333080435
1 1199440664
1 2784637713
1 3970097217
1 3324088984
1 2401585235
1 1995925430
1 1551548738
1 1501261253
1 2195243943
1 1578871239
1 3248467861
1 2811414974
1 2377251657
1 3495536636
1 54258541
1 2222061208
1 2886990046
1 2307514736
1 492208620
1 2135635381
1 1716109663
1 3988730799
1 2125908920
1 806657648
1 339719482
1 2702566724
1 4118381753
1 2359470303
1 3938129130
1 3093891785
1 1768802734
1 4067158858
1 2732626733
1 698504416
1 1006301746
1 2328580050
1 2801851709
1 737268945
1 285829259
1 875632198
1 915861812
1 158273300
1 2798269680
1 1388965322
1 2610805573
1 3765654574
1 35148109
1 3381163557
1 2377180889
1 794181740
1 1886748002
1 3381542715
1 2638700447
1 870101806
1 3040244378
1 2476072836
1 1062468782
1 2744306570
1 1978799412
1 3661549804
1 688611674
1 4254219589
1 3810450377
1 3538578077
1 3125936315
1 1143517914
1 2008895403
1 3632576920
1 2915081094
1 2473496987
1 2153314989
1 3444976121
1 776969945
1 4002096728
1 4104864879
1 3148355000
1 1263572065
1 2557967569
1 1318288110
1 3599821556
1 2871781998
1 1123479354
1 1093543026
1 645137787
1 2226288560
1 3194653563
1 2052418619
1 1538214837
1 3367473110
1 2299114040
1 287826637
1 1219587396
1 2198953562
1 3893121102
2
1 3798155049
1 772587348
1 604470478
1 3600920935
1 3543944521
1 3014694592
1 3502438824
1 4140354282
1 43201276
1 2919616894
1 343596695
1 3329177625
1 518568183
1 2673879871
1 259459738
1 2062406731
1 53868455
1 1329283145
1 544314617
1 3223531396
1 1944784771
1 2174730094
2
1 221058164
1 1687292442
1 3343140939
1 2410073063
1 3793618605
1 3726249913
1 76792335
1 1356773164
1 401569869
1 1745414861
1 1274428231
1 2329135965
1 3206170911
1 780106376
1 3090968349
1 2157509047
1 2478107989
1 3684302985
1 3149837161
1 1643291066
1 2687290526
1 1716213747
1 2700099379
1 1112959770
1 2692297239
1 2216175950
1 2503861036
1 1853909046
2
1 2444649348
1 1699844458
1 4096183555
1 1339956200
1 1673896664
1 2404896747
1 4244193643
1 2938068899
1 1860377355
1 2490857824
1 3449827241
1 1564477834
2
1 1012278846
1 2866749392
1 1693051805
2
1 205579910
1 757572910
1 1027374838
1 1164188443
1 3552471273
1 3088806379
1 3798085110
2
1 759648218
1 3940660720
1 2936823515
1 1995996430
1 4131849272
1 3900483840
1 640469422
1 1481175326
1 3209281737
1 2633385055
1 2182173763
1 2758351998
1 717867082
1 2707309719
1 1182953986
1 2515633335
2
1 598391311
1 666470849
1 1546134387
1 3682774981
1 1138320225
1 3239185643
1 3396965719
1 1928158219
1 1048926403
1 4241733451
1 2709332512
1 3076637954
1 3259788442
1 723800077
1 1185545535
1 1844455639
1 908935298
1 164164791
1 1426192493
1 3604822959
1 3189086206
1 308728363
1 74828444
2
1 4180099118
1 3256200225
1 3236855735
1 3034619601
1 102132213
1 1771419564
1 61458743
1 3654445265
1 135323027
1 391123331
1 3935983122
1 3067692260
1 1183546115
1 3983950759
2
1 4139048495
1 2093621117
1 3701861294
1 2655372245
1 1934160130
1 653344590
1 3791052130
1 2473156227
1 1987166789
1 3617386363
1 2191504010
1 1869232399
1 1520231615
1 241215486
1 953200077
1 2869006130
1 1508478668
1 1884727479
1 500496197
1 3178257488
1 2173636339
1 1802024430
1 156474625
1 3916401530
1 1486500279
1 2145579037
1 1386187398
1 31341573
3
1 389386995
1 484745969
1 3772539754
1 2189196391
1 4139659816
1 310964103
1 2774340187
1 2937160099
1 2519150918
1 2117206659
1 1822500905
1 1957396664
1 3434147300
1 3805559373
1 859625250
1 197949081
1 3521315801
1 1216329353
1 3692675591
1 3545675245
1 3152345715
1 2031955611
1 2967028259
1 2428975684
1 1419400244
1 2543228103
1 889402727
2
1 3742927752
1 444923099
1 1256723112
1 1109903056
1 1933289344
1 1695662746
1 3080465032
1 1009258583
1 2574023313
1 87330551
1 116432599
1 4101944574
1 1049395561
1 2251461428
1 4249715245
1 2838326508
1 19126577
1 557991816
1 2060640015
1 1018482313
1 1144524630
1 4038898554
1 395168059
1 3078620867
1 1217616691
1 4163018245
1 3757148785
1 1569741051
1 3015972805
1 2726344182
1 469491413
1 1643928257
1 2406031214
1 2108359421
1 2914578007
1 1572628946
1 56758307
1 3988127006
1 484429539
1 631371461
1 3485788881
1 541948619
1 3879423059
1 1346843170
1 1793112895
1 1021502975
1 4131946768
1 317227735
1 587941327
1 2303154049
1 2340895537
1 3443258539
1 3042303115
1 4168516145
1 210831863
1 2116346690
1 949375137
1 1033199447
1 453996749
1 3565245899
1 804852604
1 3327837281
2
1 990971303
1 3962103607
1 3790540983
1 1841141427
1 96812508
1 285412468
1 3250360132
1 3781922864
1 343125502
1 842789442
1 2569091780
1 540887868
1 1971912987
1 967754894
1 953360983
1 3163764492
1 229835840
1 718641227
1 4181512167
1 3523335615
1 3994081900
2
1 2834388717
1 993527790
1 2802628544
1 660942403
1 3887815867
1 1396358062
1 2849956525
1 2505054030
1 1628629079
1 1677353509
1 2457641488
1 3914168685
1 2454467143
1 1911597841
1 3301058083
1 4284139525
1 1412836964
1 4002426607
1 1618689392
1 358942431
1 3951223779
1 191885707
1 4281727232
1 2772043967
1 753312733
1 2182408007
2
1 2177364504
1 2379732120
1 4212931073
1 3246587577
1 1882992971
1 2147486439
1 2518936740
1 2896282663
1 4206387219
1 3698581813
1 256006779
1 1835593882
1 1354021615
1 1026948301
1 3041820908
1 1628316833
1 3398878683
1 835455047
1 3190816839
1 1000689996
1 4202762853
1 7072331
1 710878387
1 2194359891
1 3130040195
1 3096647456
1 3210593194
1 2853484718
1 1709077983
1 4209694176
1 37766599
1 2482569025
1 2202574043
1 2252933455
1 2684163926
1 2654755521
1 674502985
1 571656292
1 3260909689
1 3088142580
1 634502825
1 3542587455
1 1940570687
1 566817323
1 2964274123
1 1927232361
1 3915341831
1 1940712752
1 241208523
1 719372993
1 718094951
1 18409634
1 3793413121
1 1226153166
1 4196449213
1 3576882458
1 1250069041
1 824853180
1 882065813
1 1229214197
1 1467257381
1 956463847
1 1187228751
2
1 1885719939
3
1 4219780650
1 966930236
1 3901849217
1 3662063663
1 4151836880
1 3243149177
1 3207759868
1 530279886
1 275901370
1 2559135939
1 987318102
1 356329367
1 2294677383
1 2587095460
1 1539290229
1 131999065
1 1692923169
1 903356120
1 3643900288
1 4087819903
1 1923287191
1 889240804
1 932725435
1 3043789517
1 1642832947
1 2496697028
1 1831455396
2
1 1069552899
1 3659987175
1 1569491092
1 2999284681
1 3068459769
1 3966486062
1 1440081077
1 3345869786
1 1289038505
1 839530729
1 3893009324
1 3936803157
1 1864364680
1 3104255753
1 2685160868
1 1327507456
1 591904536
1 3916483020
1 3697797441
1 4283265864
2
1 1456286712
1 238781482
1 572351425
1 2174894843
1 1741419981
1 654320117
1 1144355772
1 559541955
1 644413381
1 4065809096
1 4164945413
1 1225099938
1 1820171689
1 4103128156
1 75616632
1 2097805274
1 3380979990
1 3461691478
1 3623111227
1 2246094458
1 1706188653
1 3308467787
1 2468397295
1 4275728257
1 80294305
1 1223718532
1 2387753496
1 1154268628
1 1313157992
1 4066352203
1 3957292484
1 561221766
1 3490327390
1 2814286445
1 2310110746
1 1965206409
1 333678846
1 533927987
1 1131065273
1 2493866349
1 4153073061
1 1911763671
1 1401198279
1 3242155158
1 1115224295
1 2085092230
1 62392173
1 3906026338
1 81891319
1 4213282674
2
1 442656862
1 163111790
1 1763137714
1 3342473208
1 435497514
1 1614328841
1 3967728981
1 2132490590
1 4291356214
1 3151024028
1 3912817714
1 417363884
1 3293422982
1 3449520873
1 166098810
1 2135610409
1 4254615635
1 1955981059
1 3418430976
1 1387651095
1 2539399944
1 2040518059
1 1163790240
1 3327912149
1 3856494158
1 3780791645
1 1298440598
1 2593692301
1 1305039495
1 1171869395
1 296746489
1 1594936113
1 2383084642
1 1454527942
1 73291777
1 3037279065
1 2924440114
1 2236387892
1 466687455
1 1430322645
1 2584730935
1 3953442137
1 215268283
1 3372886326
1 2017592629
1 1923464281
1 1585528950
1 117856380
1 230293931
1 2954416523
2
1 3050687880
1 1641724201
1 4237409278
1 429122996
1 1270449227
1 1676595749
1 1960236667
1 271937286
1 3137194318
1 465449028
1 3153195470
1 3807447921
1 4040612957
1 3054348661
1 1388294166
1 2702133866
1 3020782285
1 2784480594
1 2587183498
1 737075503
1 4116770128
1 2793228092
1 1122003411
1 3130605709
1 3027201726
1 1392083770
1 709897193
1 1811130548
1 334796035
2
1 4196252549
1 449261348
1 886647618
1 1734093790
1 1170525814
1 1539374316
1 2058996124
1 2045590019
1 2562190254
1 1680406934
1 2392026502
1 3328733814
1 447115878
1 2841894376
1 367811187
1 480641352
1 3875823297
1 4044737000
1 1125833476
1 2656818881
1 1151206923
1 2412860433
1 624718261
1 1156307248
1 3171263087
1 1361437587
1 1188042776
1 3058685913
1 3278441940
1 3803779209
1 2011947106
1 451615239
1 3644979819
1 156421467
2
1 2832234656
1 1360898229
1 1673465589
3
1 3554354747
1 3632225567
1 3189234023
1 2787696072
1 2358401565
1 1118579129
1 2380082422
1 302379916
1 826975044
1 3578419242
1 2360101340
1 1048540625
1 2708161567
1 1891823026
1 2057520039
1 1433831184
1 1780813785
1 2521076306
1 1567580782
1 3021283489
1 3137686263
1 964626758
1 760334461
1 4246136979
1 611085597
1 2334182679
1 653950710
2
1 1110125724
1 3375662425
1 2256854445
1 177388587
1 3440905200
1 3344157620
1 1675913065
1 1666168659
1 1953593294
1 397178949
1 119939852
1 2864956954
1 3927754492
1 823768735
1 832307757
1 3612200996
1 612636738
3
1 781313380
1 199523779
1 1252002733
1 3653802397
1 3640214281
1 2550677353
1 3808793148
1 1138420411
1 3582362157
2
1 2434001467
1 1895119782
1 3172112966
1 1684771463
1 909159956
1 1050700012
1 2221438585
1 2573947674
1 1582524825
1 1450079699
1 2281580010
1 1481481257
2
1 4110174749
1 1878585958
1 2574825044
1 387582273
1 1702404895
1 3668537144
1 3087206151
1 3703534786
1 482485623
1 306277301
1 926179587
1 613261774
1 2796452696
1 4106418940
1 2978636799
1 2672799831
1 2991723908
1 924635762
1 3521919184
1 477276291
1 3974436909
1 2772618889
1 2853204039
1 4133433311
1 4199732113
1 4107011079
1 1413269735
1 1884681700
1 214442443
1 2911592716
1 3736274610
1 2957439473
1 3619865844
1 3292680175
1 3579817705
1 309199531
1 2725107945
1 1947593743
1 1366104453
1 2554855852
2
1 1367214063
1 3029896209
1 1823963723
2
1 2432357104
1 3002123116
1 3339270334
1 3886480872
1 3181402846
1 2846877718
1 2374115704
1 2184664748
1 3075916687
1 3323381941
1 996493654
1 1784179352
1 18482276
1 83446224
1 1776231279
1 1539136839
1 4032934743
1 1947089557
1 2180620089
1 3153893522
1 1321794620
1 2728380
1 1103530156
1 609832388
1 1999040398
1 1523682915
1 1765428891
1 3877908756
1 1273225576
1 1766448658
1 333824475
1 1349179078
1 191697891
1 2503571317
1 3577027453
1 2953130906
1 2610423573
1 729722046
1 2076614541
1 1683914449
1 1017756950
1 258337627
1 904853863
1 738207153
1 430157259
1 1865243565
1 3317761789
1 3589983381
1 138813288
1 3690995523
1 3004330374
1 114745458
1 2638015276
1 4236033548
2
1 994906732
1 3910263655
1 2696112454
1 1520303749
1 162967833
1 2896534666
1 4029569426
1 558531552
1 850196497
1 2831988681
1 1487413000
1 2184144484
2
1 3362371760
1 1846063742
1 449781962
1 4135423481
1 4089632068
1 2106156644
1 2063272979
1 2897220300
1 767789508
1 2609331279
1 1010411354
1 1477685517
1 1086901688
1 2141460313
1 397743992
1 785336661
1 1598926027
1 3089753403
1 966070789
1 2286275256
1 1355397345
1 3459479052
1 4117018975
1 3368489226
1 2071036213
1 3141836681
3
1 625970292
1 2832529904
1 2594617239
1 2423319518
1 3632128664
1 276846843
1 968011087
1 3142056494
1 591767251
1 2562548636
1 2761102420
1 1216876741
1 96860919
1 3857575171
1 498949773
1 457480179
1 3778288027
1 2981765366
1 4075288876
1 4024728859
1 3207308154
1 1453787548
1 1070731425
1 2254341919
1 2606081313
1 323546752
1 2800865053
1 870946256
1 1056625271
1 2112940809
1 2095489017
1 1226116663
1 2129241354
1 1190439328
1 4243782726
1 4288062625
1 1644755116
1 569328166
1 698687240
1 3964118199
1 2091606669
1 3727440694
1 3963216924
1 2206845816
1 570390356
1 1708193044
1 3147420273
1 353053396
1 2034559867
3
1 691424588
1 3502361079
1 3579765895
1 1850367534
1 3308945884
1 2504272281
2
1 1036705831
1 2733757495
1 2743294704
1 1676551945
3
1 2332094971
1 1356418695
1 2490579962
1 1768937081
1 2233481441
1 145632369
1 1805248465
1 126715235
1 3759009890
1 1381908965
1 2749438449
1 1287694463
1 3027048114
1 2956103187
1 675718662
1 4206425686
1 1995072993
1 2767988130
1 1831381603
3
1 3580730795
1 889001796
1 2812133493
1 2632218513
1 1429457517
1 2000265484
1 1398388053
1 742640671
1 626116513
1 1720818737
1 1609959813
1 1564428158
1 102526143
1 2056285526
1 778931465
1 4231012261
1 3995257687
2
1 3620688707
1 3270676603
1 3756986833
1 2241626309
1 2192291093
1 2085938019
1 45529186
1 2114863549
1 495569151
1 1206910570
1 527419608
1 287495505
1 221342805
1 637271944
1 707991490
1 2036629866
2
1 1972145405
1 114216699
1 4163816289
1 111014822
1 3033364761
1 2564918178
1 454662033
1 1952368616
1 4049534971
1 1643933298
1 2179987439
1 989062701
1 2837876243
1 2599460077
1 1266063073
1 1635250163
1 1254289859
1 722279690
1 1571827669
1 3084132059
1 2755066193
1 2218478392
1 630195668
1 241574327
1 1950933282
1 578817087
1 4139619540
1 3386654103
1 1320479829
1 2025108780
1 970905863
1 3550928986
1 3416099740
1 2032113702
1 3795623569
1 2897958074
1 2819054364
1 74002622
1 2277227441
1 2460474174
1 1786957599
1 3725497422
1 1910851732
1 790576112
1 3299296352
1 1812031995
1 2504663149
1 3387129761
1 1282886437
1 2814569945
1 3174595391
1 755668278
1 3187940699
1 2512204199
1 3661372015
1 1664740436
1 2759794425
2
1 2272236026
1 2540526152
1 3736781739
1 3368205917
1 3707532967
1 3000940505
1 1584209344
1 362496104
1 1751888838
1 3609064874
1 454171219
1 4250664248
1 242780814
1 2260477724
1 790580367
1 1149960258
1 1949444683
1 2364290095
1 1691625307
2
1 508379901
1 166228514
1 1040691808
1 2219415564
1 748010522
1 525301572
2
1 581700606
1 3115116171
1 3304526014
1 962470614
1 2715207206
1 3653897856
1 48059107
1 2198749305
1 1133006089
1 3519841247
1 3606382816
1 2771309895
1 1874341628
1 1338421384
1 2996603746
1 3193901834
1 160490835
1 662118895
1 612451896
1 1129096348
1 2557857455
1 1758698313
1 236362689
1 1001086169
1 2740873497
1 2352262398
1 3369648112
1 207799821
1 1340295601
1 407322886
1 2781021383
1 3122403902
1 2162896772
1 3645062565
1 2627444447
1 854530592
1 1699469594
1 3082776112
1 1575414035
1 1115168472
1 1984981813
1 3900981427
1 2686432502
1 2420606193
1 2702229365
1 3748752352
1 22868469
1 2581965769
1 3051685185
1 1099399280
1 3349047150
1 1684128516
1 3357603339
1 22470966
1 1254017152
1 2484229309
1 2983630021
1 1477814657
1 3600209066
1 1282182860
1 3388419436
1 1993352470
1 3992911887
1 504876434
1 3871135871
1 3456367045
1 3351529099
1 2156716231
1 626348616
1 3948269423
1 3153117994
1 2740558047
1 2452495093
3
1 2530006613
1 2098044560
1 2853157517
1 1407576848
1 2832455623
1 1195023935
1 188617816
2
1 3943765953
1 921624963
1 3937567137
1 1913752342
1 3137254393
1 1026578366
1 4114064119
1 2080225375
1 2299460646
1 4284978523
1 841564677
1 890428942
1 1118621721
3
1 1288300101
1 703211233
1 4112484751
1 880069842
1 3957472087
1 2401816553
1 4111009753
1 3148883143
1 1545149484
1 1615723311
1 2888329582
1 2053030439
1 2523159623
1 4201939968
1 2137780096
1 2416503498
1 1331696648
1 450412008
1 1574278134
1 2815942475
1 2031887234
1 1292106901
1 51458876
1 1060988245
1 186347987
1 3521331955
1 1719344751
1 3011388626
1 3371277879
1 3565601430
1 982846961
1 3050088349
1 1741291923
1 469915775
1 957815972
1 3644176555
1 186209905
1 2923072304
1 854490260
1 3432778143
1 2048913591
1 1061831
1 3330574641
1 375205972
1 2145391346
2
1 3819251976
1 1235591238
1 1505252308
2
1 612375643
1 1038037841
1 3710298552
1 3287351565
1 1121322340
1 3582646755
1 4214227542
1 4221698816
1 3727409551
1 2775989097
1 132772049
1 2194686893
1 3997798408
1 1454103004
1 1531977462
1 1770158970
1 3078579144
1 1037970395
1 3581473684
1 3115580346
1 3494422209
1 828799220
1 521723454
2
1 464009105
1 1070092021
1 3026051685
1 2972711743
2
1 1700194249
1 1216024800
1 2388108617
1 4274072375
1 2574283754
1 2258372092
1 2622891963
1 3582669869
2
1 3754357080
1 2173568818
1 1800854265
2
1 1198740763
1 2257224022
1 1715774760
1 2211593264
1 3921354807
1 3403974048
1 214163580
1 2728138171
1 4038593620
1 3205366470
1 2274237252
2
1 1176703599
1 2842015465
1 3036198234
1 3243029804
1 1319199875
1 1016281454
2
1 3495763365
1 1126232275
1 1380066495
1 3448681376
1 1242519816
1 3671207863
1 3432463993
1 1049904953
1 3924263281
1 1685560933
1 91250083
1 3819089295
1 3192152211
1 834744853
1 443310036
1 1763010727
1 1007446083
1 273156868
1 1202156237
1 539959111
1 681810093
1 1509279366
1 14817168
1 319313135
1 3845650017
1 1273479302
1 2770710469
1 3668146894
1 157687692
1 3076212988
1 387000312
1 580688674
1 1711232775
1 3804266292
1 4229981002
1 3178631249
1 1009936972
1 3194776578
1 4119298363
1 2301338577
1 1191841699
1 2535259891
1 3968282243
1 2839259712
1 1500243257
1 1249447966
1 1971158554
1 810267086
1 2802153943
1 961072578
1 3415143323
1 3372233663
1 3525493
1 452510071
1 1709612834
1 3482117405
1 965957718
1 2016930393
1 2273039374
1 2333606647
1 42856984
1 1347543920
3
1 2613282625
1 1900328702
1 3386754238
1 207617148
1 3421462877
1 2949261572
1 3152055599
1 2283506776
1 1658592028
1 1176281932
1 3194604870
1 490322888
1 215099336
1 1482476492
1 531956101
2
1 39283785
1 3778405907
1 4196034199
1 2376280670
1 3980241986
1 283367645
1 666922189
1 1705539898
1 1828463548
1 530811585
1 3255274316
1 1682561064
1 310970234
1 3408740463
1 2154928298
1 3988718695
1 3681288783
1 240216957
1 3464722353
2
1 3218062423
1 307586088
1 3252466958
1 1626247858
1 2931540652
1 3717994916
1 3672769801
1 2860213975
1 1349272560
1 2967477784
1 3716804375
1 843117054
1 1338487273
1 539683808
1 2434365806
1 704515292
1 3044370475
1 1548297399
1 3887580710
1 717136427
1 3174715022
1 3738360624
1 2418568812
1 1855634698
1 2262414542
1 3179083938
1 3243397694
1 561002665
1 877223647
1 2656522584
2
1 2311102305
1 1527259193
1 2510046918
1 2485078654
1 1725436898
1 1849100521
1 2744950368
1 2334272069
1 3517201200
1 125018615
1 1625933400
1 1064172530
1 3766954795
1 3859575097
2
1 2758831599
1 463865082
1 1966204247
1 3347909790
1 2403711869
1 1040429985
1 1558143462
1 3421710539
1 1626782764
1 3262503098
1 3238020870
1 1065238858
1 681200464
1 631548898
1 3337514690
1 1278433295
1 2779735377
1 699290251
1 2682244918
1 3738999107
1 1844682183
1 1123511636
1 497646873
1 922677974
1 3512681255
1 2224241236
1 2538718844
1 1541677596
1 4276727765
1 3936051788
1 1707267595
1 3824522385
1 488115985
1 1942915310
1 295408229
1 1225772932
1 2231540314
1 224495793
1 4249629615
1 3309703345
1 3839748294
1 3270533645
1 2687994230
1 978465838
1 2402310800
1 2887056947
1 1400319005
1 3148569940
1 3473206986
1 3930434505
1 2410733731
1 2486236332
1 3529795963
1 1360475248
1 1472775788
1 4214477507
1 3820047808
1 3881530269
1 3483578125
1 2927840000
1 4226098263
1 2686668622
1 1062830898
1 185566342
1 4289469541
1 3396517574
1 3128602437
1 3062586427
1 4068603544
1 2020157008
1 535097025
1 228783541
1 915042529
1 3721494216
1 3932824473
1 1063984507
1 1476401051
1 1795856187
1 4093550811
1 2116304288
1 4188396316
1 3332566370
1 979440598
1 281849664
1 3903270504
1 1654857712
1 2663993806
1 3482007629
1 1735607953
1 836579403
1 3811544403
1 1635875475
1 3008278536
1 4054506406
1 1227787775
1 2621503951
1 4140038275
1 352532816
1 219688451
1 3075590946
1 1528071924
1 3530386311
1 484874314
1 424024390
1 4277311825
1 799342575
1 3369631053
1 3263267854
1 2400723318
1 4162681437
1 2722811557
1 3192135960
1 606700774
1 4110812656
1 3429198616
1 2606382360
1 1955167273
1 3024523786
1 1682780548
1 2138536639
1 3235362737
1 3474471006
1 2801824535
1 1779377593
1 3772898049
3
1 1772720040
1 3952686861
1 2212116711
1 3910568887
1 2651435300
1 1579090070
1 1311965846
1 2538381153
1 1782658
1 2620252471
1 1377119606
1 2687307600
2
1 886369186
1 2465073514
2
1 1955049940
1 2061176691
1 29908749
1 1077110782
1 1479516117
1 1682886810
1 3798974299
1 1563734242
1 720454925
1 565150637
1 2033836044
1 2852348805
2
1 406446974
1 1891835580
1 764259085
1 3075659148
1 3684901227
1 2991569066
1 1035843354
1 703684133
1 4111003077
1 1078206956
1 2156717177
1 2824152819
1 600912568
1 916329933
1 1973677482
1 3758505955
2
1 505034516
1 3421250378
1 2173136225
1 1035484624
1 3075884742
1 3205708267
1 3128026693
1 2504953344
1 2267651727
2
1 2137114325
1 316608433
1 3343777449
1 4042678671
1 2207082723
1 3325292114
1 1421182547
1 699042559
1 3949302263
1 3748232167
1 1531786115
1 723665588
1 3576283525
1 3692317160
1 118356180
1 2296442763
1 908654347
2
1 3219138978
1 1923257615
1 2497177653
1 3204283167
1 4111301436
1 3149749248
1 1383945487
1 1113713100
1 894588551
1 294958967
1 1386933997
1 1385596693
1 3911911706
1 4277770522
1 1986546103
1 684034103
1 2634909306
1 29322516
1 418060759
1 3779697725
1 1744986598
1 1254649799
1 1789595747
1 381541876
1 270551860
1 1974755308
1 3869434323
2
1 2209088727
1 2029212323
1 1386827057
1 1630381105
1 1241348542
1 1149647443
1 3716345167
1 4043458837
1 2208683479
1 3473000928
1 3935723366
2
1 3588554359
1 54680542
1 4114464203
1 505271346
1 1609962648
1 1713455340
1 3550837138
1 1821239982
1 1048162503
1 642035335
1 3318461311
1 1129369167
1 4175945562
1 953473604
1 2385276353
1 3150528025
1 525638823
1 596854336
1 1743127757
1 2701136879
1 4167005026
1 1262183243
1 1424449354
1 3010526319
1 2907198876
1 552687745
1 321848836
1 1966705750
1 215252191
1 714844259
1 1897845769
1 3153003178
1 1010027330
1 1674619628
1 2989696666
1 4201467326
1 1722321779
1 38102229
1 3899875100
1 2774710412
1 2853074572
1 1145721603
1 2302557744
1 2503142965
1 3550826300
1 2248816581
1 2266550081
1 3841249359
1 4125186977
1 598967111
1 662943311
1 2174061479
1 4281595548
1 578848016
1 2155459551
1 3223373990
1 4140713228
1 3126185409
1 444889593
1 374671601
1 2637407641
1 726805640
1 3825482381
1 341333537
1 1582852115
1 2042695318
1 3709987215
1 3314447851
1 83195308
1 1354255903
1 477538736
1 3567354217
1 74244026
1 1327624451
1 1445220026
1 477795583
1 4065051196
1 3068019654
1 586692782
1 1380689036
1 4151772977
1 1863978516
1 2807675598
1 1823443660
1 1694580084
2
1 3724680355
1 3167483045
1 1705842188
1 2257937503
1 2899335686
1 976469157
1 2363939207
1 2214298552
1 28842766
1 3160181092
1 36442745
1 3967356721
1 38279684
1 2984467004
1 422903763
2
1 987521892
1 628202985
1 570335358
1 428559554
1 2491403876
2
1 2711837626
1 3198782342
1 3817842584
1 2093846037
1 912663241
1 1845355647
1 2718655735
1 3038957391
1 3602548065
1 1816379061
1 2677734646
1 3934566049
1 193596072
1 1950683633
1 710760220
1 172021477
1 1482818174
1 1514644901
1 1747474972
1 509211830
1 399999946
1 1781755126
1 2889434140
1 3392394340
1 574844107
1 2926045900
1 3576376534
1 740556843
1 2817525392
1 1381264738
1 2914257224
1 346872173
1 2729387842
1 1205396367
2
2
1 498204262
1 3418898157
1 1843831741
1 1681034651
1 2467409591
1 1268895615
2
1 1279217856
1 1999096293
1 1912505750
1 3763371856
1 1304506123
1 3611856004
1 4066964376
1 3619241537
1 3149069192
1 878481108
1 2981356643
1 600565136
1 2363189078
1 1590219507
1 1801293929
2
1 2089684136
1 2770830471
1 97687443
1 682482815
1 2831230055
1 3863264400
1 2244288393
1 4056415543
1 2334736337
1 1309688574
1 2376973258
1 2148254301
1 3730633208
1 969313596
1 4228119280
1 3933130930
1 1933512737
1 4179706832
1 3117657935
1 2745123654
1 3668725744
1 4170001713
1 4211980924
1 2626360583
1 2420637512
1 1806337827
1 351925086
1 3026227993
2
1 746292609
1 3897998214
1 990131813
1 3709275739
1 2894472118
1 2576545660
1 3883958627
1 301634409
1 1806177298
1 191343651
1 1713904555
1 3318449448
1 3879468530
1 1937195336
1 4069823264
1 29187176
1 2291398503
1 3369019947
1 3427391456
1 2897556021
1 2679343573
1 286990419
1 3717360443
1 1184979861
1 939677887
1 1893687630
1 3871113558
1 1586969614
1 1356852688
1 536420677
1 134425580
1 4234971396
1 3501369876
1 3515499688
1 438554845
1 1111250409
1 137075862
1 3381910191
1 99986264
1 186228979
1 2510969112
1 2458265869
1 2010132630
1 3392204637
1 2321374716
1 2545946562
1 2336813463
1 489272407
1 1033807532
1 3753515591
1 2267644443
1 729347096
1 3898133544
1 3367083239
1 3052805975
1 1881334275
1 512720487
1 9078009
1 2378513072
1 984325553
1 1201069655
1 2194408338
1 2487216658
1 1157464700
1 1038101405
1 191713424
1 2571428102
1 256561075
1 4205807836
1 122790937
1 4036641264
1 4256511843
1 4113224491
1 1251261236
1 1095101618
1 2448973477
1 3578754694
1 310749437
1 803631175
1 2344521664
1 3699660739
1 1486811437
1 4219853365
1 2274394058
1 16058528
1 3379092964
1 661433190
1 2005405160
1 346062017
1 3759422312
1 2673594059
1 1405948476
1 2332936807
1 2865356182
1 1970004978
1 3089512321
1 3148722223
1 2809889868
1 146682871
1 2413344052
2
1 315085408
1 613885166
1 2401089214
1 1244443177
1 2361297408
1 2554328685
1 3449095520
1 1195571417
1 1717664598
1 2818479701
1 2735396691
1 1576189323
1 1540299821
1 921324776
1 1429269484
1 4239532407
1 1017385174
1 50498731
1 56053844
1 3709015067
1 966149127
3
1 1909136090
1 563308861
1 2915640858
1 2381201743
1 1994230735
1 3715136937
1 2089202102
1 2693342106
1 2901088676
2
1 3624857451
1 3827936344
2
1 4144078988
1 762175191
2
1 3393303375
1 2922035871
1 88966673
1 1544134865
1 2200766686
1 4217192415
1 3507976965
1 3528632502
1 4163212064
1 2676360689
1 3521353222
1 4089622376
1 3997288509
1 3812030787
1 2458758132
1 1481565479
1 3522613035
1 476491396
2
1 2153556030
1 3682886475
1 3759295428
1 120881353
1 3455206497
1 3147139862
1 3165841908
1 4202766856
1 1232715234
1 3249934252
1 1088148439
1 1367710900
1 1067558983
1 1874765518
1 1609971448
1 3085548291
1 2969673993
1 2839077822
1 2889766873
1 1015206717
1 1443312693
1 993733825
1 2241774121
2
1 4266249468
1 2233201987
1 1638888752
1 391562611
1 3987767614
1 1559428299
1 2943869515
1 658460964
1 1601453984
1 2047469437
1 4064039131
1 48145433
1 3496167864
1 640788215
1 3741311392
1 1612255888
1 2129105855
1 3924825032
1 713861768
1 2311167149
3
1 577269937
3
2
1 1988231949
1 1676195444
1 329776564
1 1988056416
1 501565308
1 1258031448
1 2370922310
1 3036890974
1 490587516
1 1311092976
1 2331000075
2
1 1888982454
1 3603994144
1 1485140929
1 793828443
1 2230552155
1 641126111
1 1763701651
1 3218426273
1 1924014471
1 2488470343
1 144882573
1 3364530965
1 1694413179
1 1333513233
1 4003342688
1 2859891520
1 4132490752
1 1625199017
1 1251792902
1 1456904352
2
1 165068538
1 2074474331
1 2446973963
1 3160501877
1 2559028834
1 1537428478
1 1974117363
1 3728463663
1 2108797294
2
1 1966772611
1 2107643766
1 47169369
1 278757022
1 2478867158
1 3768322752
1 3390243192
1 2331250997
1 2845643249
1 3960717480
1 278446388
1 2342906205
1 1587742410
1 3797561100
1 2053755106
1 1913139073
1 349238981
1 2710876143
1 1946265241
1 1269893563
1 1667628383
1 1795873216
1 3509530901
1 489250203
1 4095154879
1 2039983146
1 2555769780
1 180938431
1 2355609190
1 2515410273
1 3474166217
1 1962340078
1 2115232960
1 1395961029
1 2271508295
1 1685140246
1 3078739424
1 1669752519
1 1421786097
1 4169062772
1 2904134214
1 738201973
1 3364748310
1 2322752776
1 2934070565
1 3995622491
1 3763010657
1 1708977986
1 2175408559
1 3823336664
1 2121777790
1 3685725068
1 2554278152
1 697278356
1 842318425
1 2295012140
1 943126345
1 1703112312
1 1381373600
1 2690441173
1 3725052192
1 2377913712
1 1548957769
1 140477775
1 2801236246
1 2803875115
1 1462145451
1 3323512219
1 1477936949
1 4015807190
1 2108409490
1 2573522017
1 1560811189
1 1854004834
1 1948811679
1 3970432539
1 1130349827
1 4250346310
1 2557016571
1 2687708273
1 2504219579
1 1830297431
1 1542269873
1 900905985
1 4065238286
1 1096009522
1 2039794794
1 362948405
1 2672999154
1 3464156142
1 3652356181
1 234003609
1 2510331519
1 2774986739
1 475847967
1 767258939
1 1816016266
1 2972860210
1 537252725
1 2452581644
1 3423840039
1 874705991
1 2764546967
1 2173630044
1 2055139038
2
1 1532435228
1 2980101484
1 2694522894
1 1784656982
1 3477317346
1 3284350730
2
1 201201042
1 3724782552
1 3970951112
1 1305623187
1 1888841221
3
1 4264218634
1 3429094039
1 597936158
1 3010647918
1 3493223704
1 3433328460
2
1 2483163807
1 3681435995
1 2698239885
1 2867738749
1 1321535939
3
1 2346530866
1 1975646978
1 838602230
1 2339853751
1 1195859585
1 1411272048
1 3383269479
1 1686218572
1 3649046115
1 1466197686
2
1 380578945
1 968237605
1 74272229
1 1477828138
1 1344688756
1 3966020409
1 1163614272
1 3200976004
1 1561384703
1 4293637872
1 3999993333
1 2380961425
1 1156676749
1 3023025796
1 3639393235
1 3475632543
1 3037806277
1 3441570275
1 3666446548
1 2800258655
1 391072852
1 3811227328
1 3058573131
1 1527065691
1 2273697782
1 1537911469
1 2041965739
1 2790659833
1 3929623818
1 2564917845
1 1010797648
1 2599943532
1 2292508714
1 349264814
1 548115578
1 3473865965
1 1060222730
1 1839273981
1 4078874955
1 602908118
1 4197352883
1 1575759958
1 3146668117
2
1 2682785376
1 751593769
1 491104888
1 2849487752
1 3339912833
1 3063930101
1 3900762992
1 3258945636
1 144671188
1 2200281299
1 1524927981
1 2082200383
1 747822021
1 3498219728
1 3144533856
1 885177401
1 2878253707
1 2059512304
1 4281460865
1 545854939
1 3403224304
1 3663424741
1 2628915997
1 3067185972
1 904141307
1 2705532152
1 1839028849
1 1677330472
1 38156375
1 669049858
1 3072348934
1 1611169048
1 204324599
1 2173577762
1 1638980680
1 1603014653
1 2197752207
2
1 2707021952
1 3761597177
1 504007427
1 1671828704
1 3120222320
1 1198400504
1 2135974201
1 3183815910
1 2828866764
1 454460483
1 2521399239
1 3475076382
1 2976183462
1 844060876
1 3964388898
1 1689149609
1 1224059424
1 2559692268
1 1254569885
1 79404612
1 997727027
1 2103538678
1 3228195542
1 2744861191
1 1271344083
1 3381233213
1 637399554
1 428026273
1 3002424902
1 1771347917
1 2609749989
1 171397039
1 2921706476
1 2464582080
1 2296023586
1 2423064772
1 1768923074
1 1034764441
1 741405715
1 1821558974
1 382229760
1 4054358084
1 2413801861
1 1092442438
1 3847782962
1 1057518340
1 2490729878
1 3238223552
1 2556655795
1 1494363787
1 4050425695
1 1436385512
1 423968177
1 1013828394
1 4037416014
1 186269561
1 3789545281
1 46894222
1 1611975653
1 3501251653
1 3018903264
1 1952528365
1 3067340096
1 373032115
1 3288663485
1 769428032
1 2506342167
1 2894838155
1 1138561959
1 1937558002
1 368288122
1 1045577106
1 1480535143
1 963017941
1 3304175941
1 875607455
1 1404393602
1 3150511640
1 1988623547
1 636244014
1 3775352632
1 875897720
1 1112875143
1 307328741
1 1466444881
1 2945796735
1 1185682529
1 214389211
1 2599156340
1 2651582896
1 2258596155
1 2005164096
1 965725529
1 3102074204
1 738704251
1 3887061043
1 2681389002
1 1326501912
1 3910977954
1 1799209506
1 1466518777
1 359742362
1 3256169078
2
1 197430569
1 2177391865
1 3530621556
1 3253846249
1 3775379383
1 1237398147
1 1620097558
1 3737558084
1 2726039124
1 1029596440
1 2027190612
1 2648690598
1 1594741587
1 2980295350
2
1 2122306947
1 1255882
1 588204020
1 3970350005
1 1439422677
1 2338867654
1 2665590614
1 2499017344
1 1446425338
1 1005333544
1 2359596991
2
1 3820596193
1 2776947230
1 1973601458
1 1123651529
1 1645421258
1 1075856891
1 2080377092
1 458617838
1 1429354464
2
1 3971481147
1 3087360899
2
1 2714082079
1 4057300658
1 109911319
1 4189331034
1 148700038
1 3722817549
1 3562799187
1 2075283821
1 3986673149
1 2466078800
1 182997236
1 1290473707
1 1970042199
1 1773149562
1 2138327061
1 2656271661
1 3384361800
1 2653728881
1 2388267986
1 1683932269
1 126048330
1 1466260233
1 4287360951
1 2508307744
1 4075568105
1 1981942312
1 2291812296
1 8412651
1 1883431023
1 3505822330
1 2143503584
1 4065732503
1 639709605
1 3351744847
1 2238513701
1 622597234
1 372573455
1 3894971287
1 3082829984
2
1 393569345
1 27587246
1 383985520
1 3452833417
1 329814838
1 3491192738
1 1146058812
1 3845371439
1 3912585334
1 3861526161
1 3622513673
1 3680361665
1 3824539680
1 2828499190
1 3768357403
1 1403431326
1 1821126190
1 1447666106
1 119179215
1 1503903705
1 624889286
1 4122028767
1 3997557781
1 4061022104
1 1030990225
1 2930106898
1 1947236195
1 864818787
1 3483132728
1 3708219576
1 3348325495
1 1006155425
1 2964711885
1 2371047107
1 4243966353
1 3265066469
1 2957549995
1 1632550061
1 3839434522
1 1706134898
1 3014158359
1 3994814513
1 1022797420
1 3921542495
1 899585232
1 3202060829
1 3804473759
1 955546359
1 3311273716
1 2547069034
1 493493255
1 2039471263
1 399422889
1 1240672943
1 2148522378
1 1239442806
1 3076986637
1 2841608696
2
1 3939611276
1 3362026588
1 3080282069
1 3383836573
1 2946303630
1 1794157015
1 1055981660
1 3129792414
1 3811070028
1 1698846168
2
1 17402324
1 2639538110
1 410265363
1 1562857967
1 1692283198
1 3265564212
1 1889536548
1 163378232
1 1938748396
1 1663833559
1 930598267
1 1853665409
1 1776049162
1 183952284
1 3180597908
1 2926156303
1 2758350699
1 2235473689
1 2031629955
1 2652084452
1 2364826182
1 1325032991
1 3085557984
1 3636487672
1 1185238335
1 2780884081
1 479458458
1 2061496259
1 3771185784
3
1 1462043601
1 2534037752
1 3604850814
1 2378677357
1 1836929413
1 2910840968
1 2094563739
1 1527426282
1 3738500785
1 3167272383
1 2149485352
1 4293341079
1 1724989028
1 2189040781
1 404870706
1 2796183748
1 2636005923
1 2783123082
1 546301424
1 3621458716
1 4233779295
1 3051431211
1 3675093444
1 2110141111
1 794323432
1 3076311445
1 1894950545
3
1 3470494432
1 4020770313
1 982412294
1 2223567469
1 1450443475
1 3572719269
1 1731596465
1 1346388810
1 3494855180
1 2496592367
1 3498573409
1 738303885
1 11701279
1 1054668628
1 3063363804
1 1931356563
1 2250311280
2
1 3610607370
1 1222781601
1 880372697
1 4002612280
1 894352502
1 3297460675
1 1077829068
1 3827798652
1 546248627
3
1 2192869171
3
1 1805386037
1 1056443709
1 2883807481
1 1860504830
1 3537464861
1 2967331199
1 600010592
1 4221016178
1 2048001647
1 4120721444
3
1 1247102200
1 367734999
1 3717439756
1 1674404521
3
1 1468731086
1 111657029
1 1234164697
1 3505167556
1 3884008535
1 1699282507
1 3937164715
1 3534589114
1 698448125
1 2882390792
1 3114312573
1 1422327169
1 366633073
1 680242557
1 1293101358
1 3767632650
1 1803309590
1 1842620204
1 114945429
1 130153871
1 1272602474
1 3651070890
1 4208846800
1 2086585338
1 491468447
1 195494312
1 3881969046
1 2739896128
1 1996306617
1 3086028350
1 357713578
1 1333643372
1 1028586751
1 3914433452
1 1953608830
1 829098715
1 2906397321
1 3001544345
1 869936866
1 275844951
1 4039271554
1 372984021
1 2388460318
1 2461832805
1 2985621500
1 3995353068
1 730626896
1 3440153462
1 65918533
1 4273016281
1 1798448585
2
1 2298581042
1 584667020
1 3353767459
1 62529728
1 420022792
2
1 493596488
1 1743667576
2
1 3736534995
1 3108880823
1 1920194946
1 4061429887
1 3523813787
1 3079877075
1 3893788091
1 2504610367
1 3919011632
1 3165064757
1 2691315388
1 1573864109
1 2390267193
1 1056035516
1 1309775249
1 3050497166
1 1764285948
1 1951443188
1 3627132488
1 2990950234
1 683911320
1 664024763
1 667055794
1 649520240
1 2960706764
1 3822419202
1 3679639336
1 1398861661
1 3037821729
2
1 3892611266
1 4086558215
1 2655698965
1 205996651
1 2143121371
2
1 2778758806
1 2454562349
1 1073069936
2
1 1134749230
1 1503882432
1 3244737370
1 1713433430
1 2930780873
1 1114661422
1 3815199877
1 2801761129
1 1003498430
1 1593744090
1 1724108180
1 2455167515
1 962895551
1 2375472041
1 4080885529
1 1955429051
1 919635235
1 2268017628
1 1232265229
1 3505320009
1 1550380789
1 1284306517
2
1 2514941234
1 3818397651
1 682718327
1 469067323
2
1 1033503828
1 3057540843
1 547080589
1 1412513096
1 2107229244
1 442525217
2
1 1059510056
1 3409287978
1 4281123497
1 86752495
1 3291724475
1 3134400374
1 1552419192
1 1792443438
1 3770512962
1 2581058923
1 3661743704
1 149663640
1 3666067194
2
1 1147273272
1 3744228996
1 1518674977
1 1433761749
1 2764261556
1 2520156553
1 4223712544
1 1447031467
1 475252522
3
1 1161415680
1 4125945504
2
1 424272579
1 1145869081
1 3352892452
1 2796694172
1 1713706108
1 2509243721
1 4146396650
1 1698445924
2
1 3021128222
1 3789223122
1 1031120179
1 2021270287
1 1091603822
1 29012264
1 863280016
1 3582099812
1 995905408
1 1894164400
1 1213356782
1 3458672309
1 2519884305
1 2784108919
1 3988046723
1 3335544230
1 121893176
1 3024328167
1 77294123
1 1561014588
1 4212522829
1 693584696
1 1916299368
1 2001237571
1 2520744405
1 4068918090
1 3857010456
1 1347828116
2
1 3480631174
1 582118979
1 1289610186
1 1320663933
1 3229716762
1 1391139248
1 144831926
1 1418786359
1 2068048540
1 2702060936
1 2035093960
1 142535982
2
1 1690972972
1 1538159870
1 3326510093
1 1252382467
1 2982791057
1 2355408296
1 2683126936
1 3847362139
1 3433419100
1 3512796785
1 2985285337
1 3041698840
1 4175980928
1 3625519437
1 1469937953
1 2468547280
1 1672449948
1 1818883202
1 2359190398
1 3091516968
1 1921140762
1 829329907
1 4170652765
1 3567897291
1 3295407572
1 3864002545
1 4175742004
1 3610021247
1 2419218720
1 669434882
1 2231901570
1 3119114220
1 364816353
1 769083321
2
1 3690378832
1 2371988365
1 3171474615
1 2360626203
1 3487418750
1 3978486956
1 2460869161
2
1 4231738135
1 1552678287
1 3393454249
1 76419411
1 2975822633
1 427969487
1 154997572
1 2068045240
1 1169105978
1 1022135704
1 605154349
1 3575057068
1 3276059317
1 2961412084
1 2020387590
1 3529638979
1 819926671
1 1340851861
1 4255368697
1 657156764
1 4168916425
1 1443246548
1 452116251
1 1111262314
1 2716053274
1 1266634628
1 197014505
1 2748457025
1 3614150948
1 1711800835
1 4106252011
1 438526500
1 2871299069
1 2920358266
1 1958245769
1 3557699512
1 1389580180
1 3616030972
1 3173391752
1 1176961009
1 216749274
1 418040370
3
1 1660813802
1 200718144
1 466105868
1 3117406737
1 1873020319
1 2547393297
1 340505075
1 998407160
2
1 3060374409
1 4161546883
1 2949934911
1 2457375665
1 622376084
1 1893365379
1 1328600643
1 1854751847
1 1060788600
1 678995827
1 3860260743
1 3950275533
1 390049379
1 280635139
1 2565976809
1 876413700
1 1470340651
1 2422935663
1 1073141359
1 2048070734
1 1482637595
1 4099534221
1 3266998713
1 1723650223
1 2406017809
1 1215363714
1 2871334529
1 2708588021
1 1479662509
1 1906228689
1 4199862498
1 163717646
1 147294551
1 3029980402
1 697812689
1 3968240243
1 2174195862
1 2322280546
1 680708241
1 1881365279
1 945649999
2
1 3383680587
1 2345249821
1 1950629548
1 3859647030
1 1949743901
1 3681626893
1 3026283090
1 2635319011
1 3888263323
1 3513019152
1 2805564010
1 2784159228
2
1 2638104126
1 2828197767
1 2011748474
1 2812065322
1 2648635071
1 1554168066
1 842719410
1 871371660
1 51632737
1 1337218714
1 673268962
1 3753235033
1 2095598875
1 3184791581
1 1685900203
1 2030150089
1 2409408236
1 3193251429
1 3753108130
1 3758954438
1 3955429411
1 2303731644
1 2572672799
1 2831188487
1 3747355858
1 890783280
1 3804756670
1 1762616183
1 1146174840
1 3463356959
1 3179933297
1 2985641153
1 2806960768
1 80418395
1 3167999598
1 1670231562
1 494910028
1 1724528132
3
1 4050324644
1 1424403031
1 3889156050
1 3000550677
1 3179303612
1 1811263108
1 1197773009
1 1299280036
1 3215634233
1 2608884309
1 2002870857
1 2617097650
1 885185082
1 698491358
1 556370446
2
1 2545569220
1 1531057646
1 3966381384
1 2818179098
1 974152103
1 1507188262
1 4074689204
1 1616814177
2
1 354013818
1 3560899484
1 315985736
1 1797167376
1 585824476
1 283769777
3
1 2560243952
2
1 2248677541
1 2151799185
1 2559673148
1 46130411
1 4288347887
1 395172520
1 975854216
1 2579005119
1 429125124
1 3007696533
1 1713572602
1 1991827697
1 2689422551
1 4218921804
1 1741642224
1 1575764374
1 3396064072
1 176741697
1 4281777852
2
1 959971577
1 1911516818
1 2650878915
1 4134301632
1 3302901637
1 684616176
1 2327707594
1 1836189684
1 470660378
1 3291504404
1 3835335698
1 2059043644
1 76083318
1 1768179836
1 4117215305
3
1 2187468346
1 2283732542
1 3386374263
1 2060872525
2
1 707177014
1 1710228082
1 1881135201
1 2641477493
1 2828459164
1 3092700290
1 2133082574
1 1416443204
1 756302921
1 135579732
1 2961376831
1 1412091112
1 2969511258
1 2155660364
1 4097896528
1 2202227569
1 486975314
1 1363138106
1 2144033894
2
1 1744011787
1 300530252
1 1540714766
1 111637264
1 1453483268
1 4218304514
1 1630041320
1 3107998769
1 3414246087
1 1320841708
1 3411778724
1 3131222130
1 3909167516
1 1180668383
1 376332118
1 3798564135
1 3634556050
1 1502620980
1 188482328
1 3378035074
1 3072351930
1 3009446535
1 1261395841
1 3395554187
1 508060584
1 2219311117
1 3278755001
1 3978998860
1 3471577018
1 917366884
1 676531003
1 749354725
1 2135340475
1 1103724199
1 3733571146
1 2503398965
1 519211567
1 1497221643
1 3289543540
3
1 1443449182
1 3337992376
1 2698071658
1 3646697594
1 1801397276
1 2888985784
1 1207500446
1 2693334020
1 2173309282
1 3756500657
1 444462314
3
1 2146421067
1 3418648954
1 576985709
1 5695966
1 1544676953
1 2019222395
1 3475146574
1 3037053470
1 1839907653
1 2364284712
1 1919601187
1 1823009470
1 3561233324
1 797259879
1 1314433873
1 3007370986
1 3548777527
1 2805179948
1 1960371690
1 3634884537
1 3995971565
1 2362126623
1 2730760547
1 1820107024
1 1753355059
2
1 3175072219
1 959151291
1 3071367085
1 2043312053
1 3490400135
1 290054775
1 2183092080
1 1809712678
1 1165458468
1 911414300
1 72750103
1 1416189269
1 1980700330
1 2815915675
1 3085847135
1 2389422749
1 4223008927
2
1 2574784173
1 1334997885
1 2238647981
1 2763988625
1 1631423864
1 1774244568
1 727878220
1 3626073880
1 413157865
1 1013651400
1 109472600
1 4009038672
1 3096791786
1 1141176188
1 2383909232
1 3816569539
1 1873363135
1 3299452612
1 2481690558
1 1713370341
1 2875260321
1 4005236303
1 3932566318
2
1 2036474980
1 1371038027
1 3488911925
1 787820816
1 4145404959
1 2190689549
1 2911847544
1 1559961283
1 2115899661
1 3367056972
1 1006013102
1 314819286
1 3901397150
1 4268886618
1 3072463117
1 1064309641
1 3274785174
1 677674692
1 3712408936
1 2324258179
1 1825314679
1 501880993
1 3774571735
1 1144446888
1 2668518521
1 1096660423
1 798285234
1 3465808164
1 2160414893
2
1 2694074203
1 3657349933
1 2333609541
1 2053436584
1 2559665779
2
1 2759834609
1 2629059135
1 3024469406
1 1902709207
1 231937532
1 2672121630
1 1569768660
1 737841932
1 1352620981
1 4269829869
1 3508091447
1 1363618237
1 302172263
1 3681810805
1 2131710230
1 2942722518
1 4216284584
1 684191274
1 85796953
1 2961752311
1 2529850412
1 3533073870
1 1426412361
1 2042036588
1 3639538921
1 3675497329
1 2774265468
1 3505881459
1 3942022559
1 2709066448
1 473518302
1 2833467690
1 1823319390
1 548543400
1 1965936065
1 3862291024
1 2975325269
1 1543188952
1 3714100619
1 2439158428
1 428728215
1 3447033128
1 4248297095
1 14782879
1 1776909819
1 841557014
1 941548028
1 1861463915
1 1524348733
1 2963608812
1 1664882134
1 2259255071
1 4290745897
1 410443135
1 2190988453
1 148877002
1 1591573031
1 34026211
2
1 3495846815
1 3374857680
1 2849067939
1 1234780959
1 3874723797
1 1880972390
1 3566119731
1 375522314
1 3258373381
1 3419014991
1 3441547288
1 3113216115
1 1970792240
1 76952659
2
1 628505726
1 1461509928
1 1302341516
1 4293746726
1 1963604421
1 4033425941
1 3581640651
1 2090674988
1 2723419015
1 1829681177
1 1714962294
1 2247079197
1 1254485544
1 2391874193
1 3808656464
1 2852339852
1 2279154318
1 1484862148
1 2474893165
1 3509206157
1 2728806157
1 1721224602
1 3394261969
1 919962604
1 1477961222
1 1023756116
1 148321992
1 829793735
1 2085250051
1 1225436237
1 3761990313
1 1609715670
1 2620122295
1 4038293705
1 493540541
1 1436495083
1 2353388995
1 4139237316
1 3428216867
1 1527144969
1 2916522282
1 794439916
1 3309761790
1 357976525
1 717940777
1 1215967494
1 1469845130
1 1412515995
1 3510252061
1 208439018
1 1779832819
1 3502692861
1 2753032181
1 2373616902
1 1794889099
1 208775129
1 690401391
1 3206671983
1 1567320476
1 722416784
1 1701636008
1 2172859797
1 567952620
1 4207256598
1 851122747
1 2768324027
1 1756075149
1 4142572949
1 3409191830
1 185560921
1 1504298562
1 2702061743
1 3479477999
1 1247462082
1 2309167570
1 679842363
3
1 2150052108
1 634177984
1 2005383178
1 1668522409
1 431889958
1 3334767567
1 2730932986
1 3699846861
1 3390948509
1 2418329654
1 472601748
1 329222606
1 3768296299
1 2271085040
1 1421081032
1 2944085950
1 1859670707
1 395901813
1 3340328485
1 3944690800
1 3599846389
1 3341209672
1 1577252950
1 3266280058
1 230359065
2
1 1976212148
1 3966646479
1 1211005127
1 818472709
1 2618047297
1 1137855176
1 1042290996
1 91034616
1 4055848930
1 1350927176
1 3871486430
1 1830529743
1 3074991981
1 4098006930
1 706335789
1 1861993596
1 3987488033
1 2629233341
1 719338297
1 1856700395
1 3430766236
1 851271586
1 2352895771
1 1225614229
2
1 1392901368
1 1028055884
1 3702194171
1 4252280943
1 2918158398
1 2941894908
3
1 890353563
1 4127217084
1 2564226635
1 254403063
1 116242717
1 1629218637
1 1742714105
1 3413416289
1 1771945794
1 1360353909
1 4096209636
1 368712322
1 4105364909
1 251397438
1 1337077574
1 526576386
1 3985996942
2
1 2976403151
1 2440638749
1 3254797904
1 3406813799
1 2012934398
1 3877929604
1 3699731103
1 327009149
1 3347820436
1 1205836209
1 4029255259
1 806871491
1 1976564180
1 3191651939
1 3278647484
1 584189482
1 1997317160
1 3935923759
1 4144672438
1 2929027343
1 1085542848
1 2976320417
1 3063117582
1 4274209180
1 213745357
1 763321604
1 4140080461
1 2141139457
1 735802323
1 2961844506
1 2704881916
1 1206535482
1 1662269502
1 1382090038
1 1137955812
1 3389863574
1 2683680087
1 2194346831
1 1632089834
1 2434663932
1 2937836382
1 3884238100
1 1093818584
1 1157842672
1 1443855081
1 294319358
1 1988025954
1 2106518376
1 154249476
1 1888031113
1 2048703822
1 4015264963
1 371203738
1 1921011542
1 2119501456
1 1439200226
1 434406990
1 1673758603
1 697976563
1 4134837809
1 3024554735
1 2497733998
1 4247500983
1 222342978
1 1386770003
1 3519354887
1 2739850094
1 2095469364
1 3433917987
1 1746443270
1 1648346235
1 1900099179
1 2538971764
1 604941658
1 2355639637
1 2757146330
1 3828433568
1 3666054167
1 361001019
1 797063875
1 2763562695
1 1779641240
2
1 2541754682
1 623706442
1 1888138033
1 1525777717
1 1708307543
1 2548183352
1 2503170926
1 2019557437
1 2370785474
1 2474717686
1 626747127
1 96433581
1 804135197
1 3229484204
1 2515447889
1 3561698379
1 2275139747
3
1 2977415597
1 444001422
1 4093859031
1 3886519034
1 4215393632
1 928990488
1 4187656382
1 2519817885
1 727215162
1 1617795674
1 4231944950
1 2318161388
1 1125272967
1 231309764
1 1511357839
1 843462244
1 609087851
1 2282774968
1 2212139637
1 57384
1 3326578607
1 1503639535
1 149238105
1 4090642726
1 2527239377
1 3597160844
1 880426840
1 4190924662
1 3894181493
2
1 1336018667
1 725642184
1 3724195168
1 1282467209
1 696861904
1 2423957486
1 1676767396
1 3726047048
1 3796581744
1 2322373482
1 2037227459
1 1104346856
1 2746769358
1 1569214093
1 2808146804
1 3140336234
1 3065850840
1 905885337
1 1706626094
1 92304994
2
1 2820893993
1 2723349756
1 924865005
1 2039042562
1 538006531
1 1968640067
1 249620287
1 2030303711
1 3838144132
1 3083947145
1 1950693204
2
1 2653298265
1 3121077709
1 2050674298
1 651668198
1 196077320
1 2613312281
1 1504500442
1 1933204047
1 737089408
1 2574167465
1 4215299547
1 501300888
1 1482717148
1 827877356
1 805149042
1 1117369097
1 1902811345
1 1911470256
1 491830337
1 3430354686
1 2435084708
1 2530253416
1 4241501291
1 2357658950
1 515490881
1 2177514060
1 828222365
1 867496893
1 1364873978
1 1355048474
1 1429689806
1 3665207190
2
1 208632950
1 2386758313
1 2947377140
1 4018497050
1 2983800821
1 2844629221
1 3401445646
1 925796036
1 118326927
1 1396663912
1 1540918050
1 2666207859
1 2925638725
1 1440280388
1 1365726213
1 3195454498
1 3898930644
1 527215939
1 1899370889
1 1915838489
1 3240390751
1 117716152
1 1624942575
1 4073672117
1 751775442
1 910752778
1 1952273585
2
1 3707730783
1 334151878
1 1912390009
1 3367768833
1 2264212276
1 2462382017
1 3650018533
1 1009773042
1 2115461400
2
1 3965137928
1 1213669416
1 1352921092
1 1699399367
1 3306084238
1 3659168195
1 1029269572
1 691299215
1 2792518956
2
1 106617110
1 3885411722
1 3124188251
1 2599551661
1 4232570045
1 2712601508
1 579962671
1 1305298853
1 2140967413
1 2754882413
1 2475114157
1 1547844016
1 3778552686
1 1070097084
1 1399162013
1 2167608317
1 2785590569
1 4012586796
1 2831763212
1 1277617297
1 123922947
1 328361000
1 2645995738
1 4236058816
1 729575234
1 4150237790
1 887446287
1 223173708
1 3010526089
1 2004349958
1 4023756135
1 3245867128
1 1466952471
1 2822154601
1 2307138254
1 1050742226
1 258630298
1 476341424
1 914634092
1 476395106
1 1140589352
1 1002337493
1 4213063469
1 1707739446
1 2738395585
1 3747069241
1 1973956701
1 1929729639
1 1402123700
1 637640248
2
1 3471042297
1 663729445
1 1682360942
1 4284070242
1 3308437230
1 648037215
1 715289157
1 4134185914
1 3768474901
1 340448285
1 1188377476
1 1388061600
1 407040815
1 1220864550
1 3152327006
1 2594136762
1 1056301223
1 2440176551
2
1 1098527992
1 3815318018
1 1308861944
2
1 2602735298
1 1727483771
1 2887076661
1 3767038730
1 2371705330
1 3001611001
1 3921654557
1 1214171400
1 3149751935
1 3068847980
1 2146502840
1 37879539
1 3648220532
1 1213190741
1 347453015
1 130507401
1 3272834816
1 3201662933
1 280777235
1 3186972099
1 2942606392
2
1 2974404159
1 2096385006
1 330941927
1 473497983
1 1020246959
1 4241936753
1 1442746126
1 3338913754
1 3939964044
1 1789736847
1 3527925234
2
2
1 2619705446
1 1505756914
3
1 3376249526
1 1883233381
1 636879759
1 3738674470
1 2823866489
1 2768069445
1 698135347
1 4069169563
1 3818835438
1 3192316392
1 2297424802
1 2331462868
1 3654302028
1 580086650
1 548579179
1 1858426553
1 312934840
1 1414572083
1 3392823092
1 3338144319
1 2866947276
1 3989113338
1 7465113
1 1328986235
1 2435678569
1 2730249411
1 2169031674
2
1 3087839902
1 3699738262
1 3967990322
1 4026899995
1 3193382993
1 2193656258
1 3085363238
1 3017653914
1 3932669435
1 3224874345
1 58537733
1 1191288331
1 2873612761
1 1147404056
1 513372909
1 3990906232
1 3502712068
1 806570656
1 1537346537
1 3147973029
1 2765245516
1 3196940705
2
1 3663640061
1 2791362334
1 1532480751
1 495420414
2
1 1191725646
1 3453832861
1 2431835024
1 1100566175
1 46867957
1 1763498548
1 443636618
1 2530357020
1 1690238896
1 2926938477
1 1514971759
1 515595929
2
1 1467676840
1 1885793525
1 4145589173
1 791217840
1 2758581689
1 1050811807
1 3215091060
1 706917021
1 1898102538
1 4264837736
1 3623326852
1 4231664557
1 411524635
1 4168637287
1 3850623267
1 2403848869
1 4283902509
1 2621619626
1 2422473404
1 47448475
1 1107933060
1 2478831871
1 1342069136
1 1945993278
1 2095840658
1 3674504307
1 845714617
1 1818988254
1 1293833265
1 3462271481
1 3393224230
1 645210665
1 459457454
1 183065857
1 1214018961
1 1015511960
1 65965647
1 2095380846
1 2940718428
1 3243896771
1 979066372
1 127305682
1 1452325272
1 36456593
1 1133368000
1 2978405220
1 1605086991
1 4287890986
1 3015549961
1 1546418978
1 1579324780
1 933427616
1 54979062
1 3916074290
1 2093223887
1 2766129228
1 351621213
1 3170870723
1 1351780504
1 3115813128
1 2693803800
1 3342786273
1 903158383
1 2236458576
1 2291646179
1 3702653072
1 3192479761
1 2715867546
1 331422325
1 1705332551
1 1389646858
1 1857655813
1 1420086498
1 3793407805
1 4170662235
1 3285849908
1 1907713162
1 2567004746
1 3370753254
1 3452616090
1 2428681200
1 1193226212
1 1895681812
1 2158330610
1 3696052830
1 634230106
1 1198122886
1 3592607382
1 1802354982
1 3743139647
2
1 1753820998
1 1429534124
1 1177805147
1 4272021518
2
1 1864776984
1 3094406733
1 3287573014
1 2912340019
1 3246894857
1 990920971
1 1293701979
1 3750782791
1 354953456
1 2078856108
1 1661300931
1 2701570722
1 49314765
1 4057901035
1 2330557345
1 1978809130
2
1 429713314
1 800820689
1 1071905937
1 538683843
1 480574598
1 1113322001
1 2333524924
1 3303234863
1 294092194
1 1160887884
1 2002786290
1 1446228517
1 630939744
1 2262495826
1 4057972684
1 1441394916
1 1578021252
1 1581561066
1 552054031
2
1 2444049180
1 3202049152
1 1728213954
1 1620444700
1 927585433
1 386525207
1 3895390402
1 23412470
1 2967659108
1 1359606126
1 1105753421
1 68537644
1 2024398001
1 1566372916
1 2101097789
1 3850895800
1 915451911
1 3082898981
1 797855329
1 1794869879
1 2554828652
1 1394691970
1 3791442815
1 149520133
1 444660034
1 2764966124
1 3413992990
1 3572539648
2
1 1691901251
1 2140651809
1 1183827032
1 4003698120
1 2020738500
1 1460741127
1 3918894475
1 3650771334
1 1043582164
2
1 2101362403
1 2830391376
1 785002735
1 2338737435
1 3009712268
1 3185084695
1 1690146242
1 2059166276
1 815747608
1 2801897963
1 1006952055
1 2182486700
1 747643459
1 2612776531
1 1822328874
1 943483750
1 2009152027
1 3604336725
1 3308195672
1 2118308108
1 647069069
1 34917001
1 2752355230
1 303264398
1 2363753582
1 1295086129
1 3144027647
1 3491987884
1 2835644611
1 4101319774
1 202471336
1 2938007551
1 1398576444
1 3303634644
1 2657394960
1 1397631264
1 185758951
1 1810534557
1 1784873781
1 4241669716
1 2368477866
1 1774210474
1 663289256
2
1 2687077437
1 3233946579
1 3916891243
2
1 3358986883
1 3651505385
1 2182468044
1 1104247310
1 961084234
1 2225048050
1 3875110074
1 3833729976
1 2920716683
1 3698411529
1 3952032561
1 2625485078
1 3579565093
1 3712319922
1 1286191407
1 1254953987
1 717823777
1 3414803536
1 742222898
1 2491048886
1 1910836337
1 3788720875
1 2688012627
1 4207213321
1 4281531200
1 4166794606
1 1675466730
1 3598907330
1 3823994106
1 2905043693
3
1 4059136061
1 2739428696
1 1723649252
1 2905275691
1 1397558449
1 860358728
1 774091687
1 2620237551
1 1012796456
1 1801894194
1 846332759
1 405827445
1 461852538
1 3819682566
1 3363514319
1 2999006952
1 2161291287
1 1027247058
1 3074105971
1 643863216
1 2643459917
1 3727583025
1 819419861
1 1989433110
1 2071905437
1 1692659991
1 4223640271
1 1578381881
1 1056103634
1 596308080
1 231348782
1 1338146091
1 3786855657
1 3432935114
1 1288099902
1 1965947747
1 47743725
1 2008589637
1 1192797611
1 2461090285
1 1339672860
1 1474219834
1 3209649026
1 44551368
1 3234697804
1 2760621840
1 1796192701
1 3122383926
1 3158178038
1 2588328149
1 4017435077
1 1543141307
1 3985270981
1 3242367764
1 2467731211
1 1270354964
1 905188949
1 2454593820
1 3094592724
1 4216837677
1 95003828
3
1 769441780
1 2816803875
1 598112410
1 3991277459
1 4046565513
1 3290724951
2
1 3760685070
1 2462691846
1 324655360
1 1640894989
1 1012310369
1 236807668
1 2943609414
1 4084658879
1 80133974
1 631672192
1 2298179657
3
1 1770695969
1 2444708
1 2653386782
1 1238093394
2
1 3599402683
1 382095918
3
1 1477218152
1 3228166602
1 3666407063
1 1337984041
1 3092497797
1 1838092499
1 1217127837
1 809278180
1 3692134955
1 2732901134
1 3654265613
1 4047399140
1 4147680037
1 4008023580
1 3487768864
1 1172688415
1 4292485333
1 3260800840
3
1 3761372231
1 981727481
1 3212802341
1 3990827792
1 3092119170
1 2891268919
1 1109520791
1 3767266958
1 1729400619
1 758925375
1 3844187096
1 3248271900
1 3989787014
1 2200879953
1 3911764243
1 3079969233
1 638152361
1 1822425202
1 864268537
1 2618094217
1 1253635455
1 2618716985
1 336593898
1 3782285705
1 3632912015
1 3247349547
1 3910155889
1 4233662393
1 3495694740
1 3113257568
1 1126779100
1 291649291
1 514222468
1 1528949092
1 1702653051
1 2533639955
1 4273372847
1 311626794
1 455188578
1 2132894887
1 424638440
3
1 2270749472
1 1204950291
1 4147609986
1 97653574
1 3036014740
1 2480317828
1 139118803
1 2491278018
1 829371970
1 1848783034
1 3539934953
1 144778857
1 2452028724
1 3572424939
1 3306613737
1 2965787455
3
1 448374459
1 872559042
1 343316155
2
1 3923674831
1 1105179726
1 4195225180
1 3606941827
1 2820219330
1 1875173918
2
1 4233600547
1 3637877502
1 2761766757
1 1550393241
1 2475312216
1 1902529056
1 2458343231
1 3114818722
2
1 2536495736
1 2076130376
1 3446336312
1 2685354189
1 3592314397
1 2403738067
1 1804478417
1 746391886
1 336881221
1 738623840
1 3392666128
1 2578173818
1 507339620
1 1122222268
1 2814252049
1 531325466
1 3056210890
1 603270974
1 2333258045
1 867395310
1 387463265
1 2470261822
1 1460572451
1 2092166163
1 471517706
1 4048060564
1 292237616
1 2612610548
1 1955533489
1 570335207
1 2584560733
1 4072186160
1 1559893453
1 733000783
1 2105038692
1 905043073
1 4130792767
1 1372568517
1 1612255138
1 474495857
1 3679737119
1 1192799284
1 47008391
1 317740252
1 2912970057
1 2005501753
1 1692794104
1 874836867
1 2668323577
1 1673925662
1 2711905342
1 4011593430
1 4078396646
1 2557806938
1 3639109633
1 4053529720
1 1876779177
1 2983549200
1 821737626
1 3914264969
1 70002122
1 1472024702
1 2380925837
1 2782437569
1 2101674682
1 210680190
1 2182376015
1 1905973815
1 2989593420
1 3446039618
1 3409362261
1 3480677838
1 838644489
1 2923381587
1 3906829316
1 3867038796
1 1118169498
1 1079848978
2
1 4145952766
1 4028652924
1 3890270411
1 82070232
1 3565667189
1 1593961290
1 2519933109
1 2705364215
1 4273549277
1 3291615461
1 799643507
2
1 443282827
1 4046758905
1 2779976460
1 3010110234
1 3592480645
1 2394188373
1 838428445
1 2672247091
2
1 4245122321
1 2535851219
1 3139271693
1 705223634
1 1861740849
1 1885591027
1 1204589444
1 4025488987
1 3295831674
1 4025798268
1 2223404810
1 3396116474
1 749563019
1 1497433023
1 4287298106
1 1997408408
1 1775444490
1 2508985605
1 2574230567
1 3841861348
1 1766756770
1 3131654936
1 115245537
1 497309786
1 609737830
1 3713992683
1 3395152700
1 1867591399
1 1085922593
1 4069982206
1 3570624949
1 3251529735
1 430330147
1 1916477663
1 191991026
1 633451469
1 2803000131
1 745286412
1 3263578763
1 1674799996
1 3709086818
1 3918516741
2
1 3440583363
1 1129303310
1 2652694777
1 1140303240
1 1860122193
1 1401418756
1 2895530849
1 4204214593
1 1202497748
1 1288162801
1 1407412023
1 268928130
1 2642200957
1 3071877021
1 1275825747
1 722774569
1 2661754637
1 1198208659
1 4236591346
1 2559151694
1 1564955251
1 3144200475
1 1492939809
1 1168699170
1 1893560337
1 3479258660
1 2538941484
1 1900704956
1 3958772011
1 2973740806
1 3073577695
1 1896210432
1 2329660420
1 3429291501
1 2711779550
1 1066033508
1 2605365950
1 2637205240
1 464361462
1 1643032172
1 706862030
1 722092635
1 3699823455
1 2165935444
1 114057166
1 3802037307
1 1411499647
1 7660998
1 1056257031
1 104405411
1 1057229948
1 553544217
1 736458000
1 1993101835
1 4008059557
1 1170940976
1 542646178
1 3896755020
1 4043583796
1 2598770706
1 2302523134
1 4011505484
1 4119661470
1 156976104
1 2869616863
1 2468810290
1 736448760
1 2873572460
1 3431398701
1 4110348895
1 1854761721
1 712158334
1 1078322377
1 3593903042
1 3600137315
1 3665993379
1 1177085204
1 967427069
1 1063854523
1 526679264
1 3091084832
1 2433182297
1 2082289157
1 743739999
1 3815204764
1 2239677529
1 468288238
1 2837597739
1 1345503349
1 2270005271
1 3356517980
1 2347612979
1 1331732092
1 712604667
1 320272345
1 1233546066
1 2939678815
1 3691050695
1 2029618459
1 2737005848
1 2310153763
1 3623146283
1 1464558003
1 3704622325
1 1940228044
1 1308808822
1 3050986379
1 1510644963
1 3868580561
1 306897057
1 3962136396
1 2003157573
1 1402242923
1 3034962908
1 1195404647
1 1706221137
1 932323817
1 732745938
1 3781439734
1 65200851
1 3377161683
1 791401296
2
1 3415311260
1 3723338873
1 2730909815
1 3951270121
1 1153720953
1 3193993855
1 507956794
1 3341360656
1 2906396608
1 700461751
1 2784813472
1 3190083975
1 3713849977
1 564635087
1 1492757876
1 923389681
1 954584947
1 2073597329
1 2905094944
1 2344851199
1 2690550505
1 269856881
1 2364523783
1 3800048704
1 1249605996
1 2014156651
1 1841847063
1 4149701334
1 3465584690
1 1607185663
1 1883156520
3
1 514302001
1 1524645322
1 650743562
1 1897604697
1 3529567002
1 2655042692
1 23245690
1 1419516834
1 1812268781
1 1225939102
1 3738073404
1 1279206817
1 1032010892
1 47664300
1 1945116210
1 421318478
1 2918261069
1 3136075391
1 3826477540
1 947146306
1 149835474
1 3080398039
1 3852913505
1 3388933297
2
1 1797740496
1 1848712305
1 184722417
1 3729180865
1 2600197139
1 1753037090
1 2396600880
1 2479524209
1 3868908496
1 1330636698
1 1532683288
1 3940157849
1 1583941039
1 3030983970
1 864341671
1 2470563042
1 2779989770
1 991058513
1 2171563823
1 571141781
1 3377116109
1 2055393599
1 595445396
1 658181017
1 448834473
1 579891491
1 3880215392
1 775285152
1 1676548774
1 3001421559
1 1640625446
1 620463766
1 1046783511
1 2806163589
1 3681930099
1 200985908
1 1636252881
1 1222610428
1 1947424338
1 1450908243
1 3167614604
1 1513540885
1 2737680356
1 2327589883
1 2111858746
1 356282782
1 1783813848
1 2320117931
1 4151155273
1 3762324123
1 593745338
1 184454340
1 3143563112
1 1636591995
1 2826415643
1 3338669399
1 1763502771
1 456805939
1 255021735
1 1570938881
1 1464864514
1 1634413282
1 279306914
1 2469408354
1 3812660284
1 2158618903
1 4252483469
1 3804383632
1 2515792253
1 174568458
3
1 693092378
1 3189169159
1 3115497267
1 2866268108
2
1 3938048365
1 2582435560
1 1494257661
1 3105774871
1 574927930
1 2567384859
1 1163180657
1 2746762243
1 2040911437
1 101365790
1 2960169699
1 1390665755
2
1 4040635265
1 1567693300
1 3714110613
1 3731041382
1 697168705
1 1830097306
1 1332810272
1 538749732
1 932195294
1 2682878241
1 826349471
1 407939493
1 1972664631
1 2439602096
1 3679858413
1 3820675134
3
1 2754118082
1 3872760483
1 2496319651
1 608642058
1 4237204385
1 2063570260
1 3777623752
1 147274404
1 3984109374
1 599959020
1 1899299267
1 198151
1 3541855338
1 1007155333
1 2006987408
1 1805321225
1 1795724424
1 1567562469
1 997990504
1 1835068563
1 2467632903
1 3778728975
1 992932139
1 1097407245
1 303272754
1 281069277
1 1781376108
1 542553409
2
1 590916883
2
1 1250643729
1 574873830
1 498663280
1 2857420428
1 623492935
1 546657770
1 1186948947
1 2822002930
1 2043787999
1 1589954093
1 2572542336
1 3234496246
1 626131743
1 2095252703
1 254775057
1 940730045
1 2628935440
1 2116935125
1 1241531577
1 2070669123
1 459130034
1 883572351
1 88623767
1 2273667837
1 4053948846
3
1 3792103741
1 2623892392
1 3882448663
1 2582645001
1 2783358869
1 478033748
1 1561509854
1 2464357606
1 2992129081
1 2868154757
1 2381982839
1 2687566666
1 2165402848
1 4052682325
1 164261336
1 2494306520
1 1312898512
1 2854078467
1 3088156576
1 3966584548
1 4260239660
1 885995649
1 2664479059
1 1453408973
1 849542404
1 742882228
2
1 1074305238
1 3345562868
1 1291771596
1 2437018770
1 2230875639
1 790717892
1 161464432
1 1822632542
1 2269058642
1 3420623187
1 2367096728
1 4087416390
1 3441215328
1 551057867
1 1100771018
1 3089846369
1 3788626885
1 1401618741
1 980983965
1 3571099641
1 2794534588
1 4028675843
1 3044499002
1 2920395417
1 1254540937
1 3656638474
1 3183135536
1 1624970266
1 4245971453
1 489230536
1 758771732
1 4227640647
2
1 1894370198
1 779430478
1 3218464990
1 1827649438
1 1771259771
1 388731766
1 142696749
1 728055623
1 493965454
1 3941122072
2
1 982166885
1 3110861450
1 3320107766
1 2727396000
1 1108244570
1 1538660256
1 3976822443
1 2139526686
1 1545366944
1 355566856
1 3650992046
1 1485341056
1 3541852234
1 1372552469
1 1678482249
1 738683111
1 2232237338
1 432657560
1 1087772778
1 2236029600
1 948363012
1 3943731717
2
1 2899734198
1 183928852
1 948121090
1 2577847607
1 408390599
1 639359316
1 2662653296
1 2572690019
3
1 1291288040
1 714709341
1 2777663890
1 2407566753
1 1476174845
1 1578584964
1 3187704456
1 1926458977
1 3920044280
1 1036798231
1 1731612745
1 1646877248
1 1552828278
1 4213024384
1 1066688094
1 2015601686
1 941895044
1 190798982
1 2755483487
1 2964959855
1 884385994
1 1973265246
1 421340300
1 1432794091
2
1 1055330233
1 1502349780
1 303753212
1 4229133594
1 849142099
1 3724656190
1 928368838
1 3939542915
1 1475495194
1 312667287
1 1012946134
1 2598575228
1 331255164
2
3
1 26804944
1 3042469506
1 560946360
1 391415999
1 2816037830
1 1267059284
1 2915260901
1 2029103137
1 3541490016
1 319908590
1 3530950524
1 1013570375
1 1844735249
1 3061705202
1 1696017955
1 4258534745
1 2895416059
1 2459862401
1 1590034588
1 622509222
1 3367193618
1 1414568426
1 1717791567
1 2488913297
1 1307205859
1 4262626665
1 1940723381
1 2066335068
1 974316491
1 1167819482
1 2836749163
1 1751461060
1 3708004410
1 2747894646
1 3720352668
1 138822872
1 2583803387
1 639120382
1 3441753901
1 405949095
2
1 1932828616
1 1613984605
1 719212036
1 417847338
1 4072231987
1 3707657812
1 3801635660
1 4216074030
1 2397656912
1 4129991185
1 1626555465
1 2970351039
1 2104885243
1 2075893779
1 3014100618
1 788031250
1 446058007
1 3687607453
1 2054605049
1 3656729306
1 1109482673
1 371285847
1 1182694190
1 2561452613
1 3252810732
1 2344997432
1 3766576189
1 1546371884
1 694471450
2
1 2447012858
1 2752121018
1 1141113632
1 2817118372
1 1611574763
1 17231500
1 3964712059
1 645161622
1 70342697
1 4173459565
1 997110846
1 417910354
1 986884484
1 3212505847
1 1561182420
1 2831881167
1 4158998603
1 1252993951
1 30909664
2
1 1380309891
1 659888411
1 3642539596
1 2805974856
1 3759716608
1 3858232152
1 1541954731
1 3624672764
1 1180523418
1 2783490613
1 569339267
1 3377707199
1 1201349719
1 1629704790
1 2461184480
1 1156332164
1 1224238037
1 1154347662
1 3735984710
1 506482535
1 613137495
1 749849168
1 1466775610
1 345740366
1 441614306
1 3839101421
1 2284381055
1 1689371444
1 105364579
1 1106092929
1 3947833997
1 1638232392
1 443526634
1 3256962481
1 2797794900
2
1 3200905663
1 805530871
1 222505951
1 2328892564
1 3046752860
1 2340038726
1 4151812567
1 3347155582
1 1235681053
1 3801802197
1 2015289487
1 3052223918
1 1364152250
1 801493944
1 950482018
1 807221492
1 4175843584
1 1515554779
1 2309869786
1 3519331560
1 3186338612
1 50058014
1 4043644075
1 1984613507
1 3163979878
1 1668113732
1 177611680
1 553647684
1 2884043654
1 3714301321
1 2569207582
1 2871247570
1 2899778171
2
1 1137850124
1 3003461880
1 3710632709
1 3232288659
1 1097992626
1 4141878925
1 2843961180
1 1354058574
1 197749027
1 2269657873
1 2033159118
1 1602163631
1 2752421062
1 976033954
1 983228198
3
1 3330500635
1 1333785857
2
1 3942375540
1 2988122970
1 2521953396
1 3417428336
1 2030932555
1 3178473724
1 282043416
2
3
1 2642576666
1 3064402573
1 2181419626
1 2525380006
1 3968151382
1 1541831366
1 1789613883
1 2576916676
1 1109362304
1 2598395360
1 313180286
1 2756212727
1 538905934
1 3099301626
1 3493008958
1 763399406
1 3152979631
1 274211778
1 1691180856
2
1 13701331
1 2511773141
1 511278861
1 757191221
1 3656494989
1 383884475
1 3193790570
2
2
1 3177639862
1 3630793703
1 3075242422
1 2331677677
1 1496334783
1 2914899067
1 3952353123
1 2098772414
1 481905628
1 3371557435
1 3301939684
1 4090655840
1 1084198795
1 942990448
1 2047360851
1 3379173477
1 1698823820
1 451212655
1 3188489933
1 1010919480
1 300431429
1 2188694724
1 419630024
1 3559020275
1 165359486
1 1395651584
1 1576794843
1 638314161
1 1985581166
1 3713197678
1 3718517342
1 244103653
1 3662073336
2
1 2572404356
1 1320190820
1 3217141101
1 2378773048
1 140098598
1 2704032211
1 2107315089
1 1247690188
1 3923005285
1 2807816718
1 995910257
1 1609178702
1 4293459673
1 72319185
1 4238858254
1 819188594
1 2371696187
1 1955080996
1 2817103952
2
1 609997152
1 2679832752
1 610636059
1 134489578
1 552820730
1 4211001844
1 2950185746
1 2384692880
1 2591249140
1 442726929
2
1 1559323858
1 1084299292
1 654357202
2
1 3834164666
1 2024261900
1 489828763
1 467259708
1 334508601
1 2578735074
1 1399989616
1 1423423691
1 3628281243
1 2563046713
1 1233352283
1 996696824
1 849219094
1 1699541186
1 2131471334
1 2818131821
1 1475213824
1 2502315176
1 3946051294
1 1409384030
1 3539118611
1 4143173338
1 1684405481
1 2828836206
1 4294150447
1 184293447
1 2555885991
1 2519375639
1 3397507079
1 1587910198
1 1072896466
1 489897128
1 2688594020
1 1976276078
1 4189063478
1 503185840
1 1043787974
1 910123275
1 2453196553
1 3949006890
1 884512636
1 1554956556
1 1836863887
1 2530627922
1 53546937
1 1449513374
1 1583869921
1 4213945652
1 1109389152
1 802954650
1 2157311647
1 1341773531
1 2221689499
1 1083522834
1 3454917069
1 2330301153
1 3910020429
1 947253916
1 2055187361
1 1854153080
1 1399984066
1 1120279880
1 543449138
1 810063018
1 756175884
1 3063693327
1 1723174030
1 3891582861
1 1321544392
1 2866051697
1 3103387671
1 2653820086
1 2951027651
1 2935690285
1 4083995244
1 772854871
1 4223534450
1 2956165813
1 726342829
1 1855101769
1 2005485251
1 2871215255
1 4055707888
1 507488297
1 3151503544
1 1551350080
1 2666201578
1 2282800480
1 886557500
1 4015258068
1 1828267288
1 1860400502
1 910943720
1 1158628911
1 2056493854
1 2533782160
1 3771164381
1 1436871545
1 3674287512
1 934817007
2
1 3022745210
1 184304329
1 606446856
1 1504310369
1 991395252
1 2362680810
1 3983622463
1 3850089063
1 1306669492
1 758105284
1 4000090146
1 2114755883
1 312431341
1 3080793967
1 3180592251
1 1041239306
1 1486434486
1 3386334138
1 1400185714
2
1 859701932
1 363435469
1 2087304673
1 349316599
1 1251822042
1 2869898423
1 661634442
1 2628788147
1 3831078084
1 3253075021
1 2847189683
1 651220019
1 1130747367
1 3005584535
1 3371432770
1 2159110119
1 1274901146
1 1234067664
1 2352977226
1 1421325176
1 1829216702
1 2930543160
1 2454618056
1 4211565063
1 1112210028
1 1283386201
1 2953612574
1 165763970
1 418496416
1 2695324617
1 2534109505
1 1915965978
2
1 4215551338
1 3606669942
1 1198847173
1 897787703
1 2527160484
1 502462713
1 2568737819
1 140464434
1 4269030617
1 1645061933
1 1986882523
1 1175582408
1 128503651
1 1496228337
1 1246426511
1 465113834
1 972656923
1 529612553
1 1807869988
1 467046950
1 248860912
2
1 829390967
1 2138597096
1 3771623379
1 2644425844
1 4278861734
2
1 3016276794
2
1 1817964516
1 131555690
1 2383956214
1 3046481219
1 4163284052
1 1768552641
1 3329886576
1 74415250
1 1848420954
1 3778595911
1 1092058099
1 3357299666
1 1068316515
1 4012076157
1 183128284
1 4033405725
1 291815230
1 3727214473
1 3735772921
1 296153700
1 1389201570
1 1999459282
1 2135456375
1 3659900654
1 2848286447
1 2461536394
1 4267582026
1 581543549
1 2130880918
1 1700217411
1 3639597977
1 2571972756
1 1868934255
1 3291044232
1 1044192129
1 2831533967
1 1699241526
1 1836052789
1 3625369139
1 916834413
1 4271845293
1 822415760
1 4210723729
1 302619197
1 1116178488
1 3670972395
1 3698318573
1 2889081554
1 2682031774
2
1 808008893
1 3832975396
1 3448814321
1 2988331933
1 3638250697
1 3882598289
1 3534413018
1 1297056225
1 2367591729
1 1307204733
1 3232942267
2
1 498769996
2
1 2404436204
1 2778095035
1 3352861907
1 1371763147
1 1628000480
1 2450946119
1 2087558998
1 729273275
1 1036873190
1 1899087895
1 3799813963
1 2462055498
1 631623071
1 220999164
1 174594490
1 4248510627
1 2764258625
1 4229611057
1 533009674
1 1526378015
1 2829590819
1 203334075
1 1183766515
1 1962899463
1 1184965511
1 2147348709
1 3630526241
1 3697000723
1 3944079501
1 1010660271
1 3154636608
1 1317708204
1 2777080130
1 295490751
1 1075088268
1 2697296829
1 203596714
1 3029889430
1 2152488500
1 1035323999
1 1354787450
1 2498876829
1 3284311521
1 189678548
1 2503787366
1 1735616657
1 3257581931
1 1999792671
1 669379201
1 2609403626
2
1 2262133447
2
3
1 4208646583
1 3720315891
1 1772706660
1 3050635040
1 282638778
1 1706617346
1 1119238600
1 1297202039
1 2477432900
1 1363178467
1 2420813116
1 1147461639
1 3927453505
1 2245024262
1 2960922679
1 22500622
1 889350100
1 1577102920
2
1 4274641047
1 3416208527
1 148785935
1 3546727609
1 807869286
1 964882741
1 3638420196
1 2843585899
1 4142488910
1 2069564787
1 2747017421
1 2938966743
1 3815178420
1 1019633566
2
1 3473970890
1 2248864603
1 3250239243
1 4119005125
1 3440344771
1 2637632577
1 163054138
2
1 2630988361
1 26393732
1 4037204571
1 108607417
1 995152087
1 2548346240
1 567937112
1 3479645844
1 2801722107
2
1 1262724844
1 2140582855
1 3271250834
1 1801899855
2
1 3947897447
1 1226551358
1 4024708435
1 66733967
1 414515297
1 442347796
2
1 1839718965
1 1317455476
1 3652581347
1 2108363809
1 3623634201
1 1817326210
1 3890149317
1 1371099339
1 2827221283
1 707547195
1 4038509259
1 2093311542
1 3748501096
1 2079033482
1 1199205620
1 2399163099
1 1678930900
1 3043285147
1 330689602
1 460268658
1 3545281719
1 2484735869
1 3583702609
1 2438945284
1 874430791
1 3590336542
1 176349068
1 2020980255
1 1191689439
1 522497173
2
1 1032443500
1 40709487
1 2858573616
1 4164030571
2
1 2503292398
1 1567329203
1 1508604955
1 3022248165
1 1446234132
1 264874211
1 582770329
1 3149005078
1 4154786217
1 4187855924
1 2051459387
1 188874845
2
1 1331728548
1 2277987360
1 1560016696
1 2637388647
1 2758227056
1 3938911684
1 3382901025
1 3908293971
1 1739724078
1 3130304224
1 3240331254
1 1823371363
1 2022122896
1 1832674001
1 3255738481
1 2098982092
1 2946618560
1 1465310386
3
1 2610652381
1 684990538
1 2980776557
1 1400784299
1 3348176756
1 4232985569
1 572263107
1 3428783742
1 824991364
1 2345174684
1 844646444
1 3657305676
1 3395749255
1 4245519222
1 1844520003
1 1969102946
1 3415527343
1 3024759130
1 317709792
1 3642544260
1 1663574772
1 1045923270
1 3535661108
1 813697874
1 328891615
1 1792389023
1 452643552
1 2130980296
1 992986873
1 953853185
1 3791429333
1 1450428490
1 1968738915
1 2304662308
1 2873380364
3
1 3961386179
1 2979932219
1 2935369492
1 1172833005
1 1764476834
1 404838153
1 1856861821
1 2247017586
1 559888780
1 2317511452
1 3427189905
1 2035849268
1 1683972679
1 385387998
1 3166819957
1 3077228613
1 2490459470
1 2616790555
2
1 233267610
1 3392493143
1 2190181209
1 6647892
1 1833930092
1 3214049803
1 2398566057
1 1260240565
1 880683394
1 194994451
1 4180814642
1 2274973351
1 2484981731
1 216247275
1 3941815842
1 1505405909
1 3739047778
1 2405391853
1 4066346391
1 1351043125
1 722293192
1 2906025312
1 1752357390
1 3625121230
1 136086363
1 761567270
1 1003895273
1 1849744930
2
1 771906460
1 786945395
1 875302705
1 2999170227
1 3976454020
1 3796797949
1 1005890483
1 2868774209
1 2549927957
1 207874942
1 879739103
1 1312003098
1 2787848574
1 279898528
1 2471260607
1 3258965479
1 973519486
1 2520086480
1 2741739799
1 1133984179
1 3330600777
1 3113404285
1 2799618904
1 2449747811
1 3106590898
1 892486208
1 244043318
1 741311635
1 381671038
1 1224551405
1 1390037334
1 2900740628
1 3038928966
1 3400222221
1 4094063146
1 1643599418
1 3315813830
1 4009155679
1 1704242471
1 2679549750
1 4187224790
1 1175521671
1 3813936125
1 696615643
1 1333578608
1 72207362
1 4203047817
1 306719797
1 3554310505
1 3790387343
1 566209076
1 727254463
1 2532849897
1 3693190061
1 2755789497
2
1 1967007040
1 1044356902
1 1548097363
1 2942973720
1 1407201104
1 322424615
1 2227982903
1 388276665
1 232159503
1 1225983133
1 220822978
1 2537879171
1 1566426286
1 3307759137
1 4126479243
1 3200070309
1 244696349
1 120455796
1 4130003157
1 3947463749
1 1277017195
1 880938473
1 1940016848
1 1190044056
1 2509730039
1 2396654043
1 3574410703
2
1 22600071
1 3469695913
1 2164762073
1 1685813340
1 1255407755
1 2886035050
1 2364605016
1 3988230018
1 3494774640
1 1718827370
1 2746984492
1 815280498
1 3313652154
1 2298634788
1 776565178
1 3370155369
1 3085157230
1 1222770401
1 3424591322
1 920005111
1 1745828608
1 334814190
1 22226108
1 1707109475
1 3655056212
1 3649308347
1 2588711420
1 808575023
1 859512464
1 3862572525
1 3389599307
2
1 2204280123
1 3556515375
1 947231916
1 2471000394
1 823927861
1 29315560
1 281089620
1 406225083
1 2768153244
1 3068451239
1 1070308945
1 2552760251
1 3959658480
1 2367372696
1 3313491809
1 1554714108
1 256421240
1 1388411196
1 3258794324
1 1517577483
1 2379083338
1 2646497792
1 2665511686
1 286329677
1 2135452813
1 1341287510
1 1202012989
1 1493054055
1 2160772692
1 2725819795
1 3816290698
1 3847024211
1 2118210861
1 3711686040
1 2075670941
1 3194726143
1 713608614
1 2676281564
1 3356956334
1 2653556899
1 3897090952
1 221133412
1 2556272592
1 1399866878
1 3979116696
1 3700790514
1 789137711
1 115680997
2
1 2744942348
1 1641320190
1 2058203787
1 1181236116
1 859677502
1 733049757
1 3391863294
1 1857189180
1 3132725417
1 2999890860
1 2128133789
1 4104331915
1 2174654490
1 1570907133
1 444630220
1 1987333980
1 1936119284
1 1533197854
1 1272550329
1 78551654
1 3226522684
1 2647365852
1 2026286027
1 219223266
1 307871919
3
1 2836147278
1 1322564835
1 2205679489
1 907187471
1 956644056
1 2112254921
3
1 2110665524
1 4084596796
1 170204189
2
1 3780468233
1 2776654686
1 2940361576
1 1080216765
1 2685203785
1 1572194961
1 2115462390
1 3550230361
1 2422039701
1 2954581873
1 1110339200
2
1 369316158
1 2373465632
1 3169031018
1 3203549806
1 1793852163
1 3167034170
1 1101534600
1 504038586
1 37399801
1 2837014956
1 3781034567
2
1 1649027765
1 822294619
1 3267012042
1 38359781
1 893809780
1 2378339937
1 3988147198
1 159138351
1 3437191468
1 337016603
1 1023413477
1 187777169
1 16471007
1 2596246052
1 3586999404
1 1901808510
1 3328026689
1 3686822
1 4217066272
2
1 23562315
1 1963791792
1 3746042223
1 2688446250
1 3104124867
1 409951903
1 3253105244
1 4226359096
1 3304391748
1 1557049908
1 1602292716
1 4287994437
1 64766111
1 3607616121
1 2285500065
1 2303716994
1 3903355754
1 1085101229
1 2577500575
1 365275958
1 326832612
1 1227212428
1 617869011
1 324907534
1 1852556583
1 1365176875
1 2788831677
1 1326217200
1 3754188496
1 2073732601
1 3638757200
1 2306128327
1 760122783
1 1091046731
1 2019722149
1 658499421
1 865408382
1 3340351018
1 1997176281
1 3701659200
1 842090075
1 1677868129
1 1364310756
1 3036864577
1 2354823598
2
1 3403170633
1 3114293833
1 2093334403
1 4042192015
1 4252830957
1 3180089406
1 1638623797
1 72808846
1 3886743635
1 267522604
1 984812850
1 1697706019
1 2780829475
1 1974426479
1 4292936774
1 2497013359
1 3681041057
1 1193713161
1 2155464954
1 568747080
1 554746801
1 796872677
1 4085461311
1 251799185
1 1346765158
1 370563561
1 345765577
1 4110669665
1 236859555
1 3339565067
1 1213906360
1 1114242487
1 1294992607
1 2255951050
1 1819681087
1 3302570056
1 4126100052
1 3780950265
1 1324932587
1 3108625635
1 2824891568
1 2672329669
1 618359694
1 3690985689
1 1127919697
1 3621903062
1 4239610589
1 3221952031
1 107837658
1 4076948527
1 368662006
1 1998313580
1 1505871893
1 450526090
1 1063496997
1 1341578542
1 1492765203
1 3722920430
1 1560698816
1 1046082648
1 1212243726
1 2492396552
1 3894255609
1 1601521323
1 14019311
1 1045753811
1 1395772259
1 1843688828
1 1992965003
1 2823482169
1 1175866197
1 4149100632
1 3701140954
1 3572355491
1 1122661905
1 479108081
1 3416763718
1 945546010
1 56929668
1 977388048
1 1056265943
1 4156810440
1 3119236406
1 4039502638
1 2416880780
1 1569749104
2
1 2875930577
1 744304881
1 2759438577
1 3229359769
1 4008228294
1 741254072
1 750429153
1 2309005846
1 2720556851
1 2199511614
1 87775679
1 2320894124
1 1738473651
1 1319293363
1 1287350812
1 655374751
1 2217349947
1 2362304053
1 2276136205
1 2820240825
1 1296877058
1 2307218287
1 1853348293
1 4185065045
1 3906832871
1 112979789
2
1 2240456346
1 3578641445
1 1039894523
1 3488433504
1 1020978688
1 672579241
2
1 3970867687
1 1260589876
1 3696023859
1 2833223461
1 2320469086
1 3496262726
1 1073551506
1 3324398783
1 351842426
1 87729282
1 2558948714
1 1468494835
1 2574544070
1 2005355796
1 1774895442
1 2270842791
1 2772301124
1 3432808505
1 2873617262
1 4005083120
1 1184081976
1 1341774528
1 3544892782
1 1613061876
1 2203650275
1 2245651064
1 2586065710
1 1600119870
1 1393370939
1 2748622524
1 351291774
1 919802202
1 2626000417
1 3361552604
1 2904326136
1 839969695
2
1 3320552555
1 3611166959
1 3790958914
1 3179342864
1 2591823496
1 126363280
1 2323691970
1 2102199081
1 4263928693
2
1 4122630013
1 184163508
1 3528126661
1 761230529
1 1729817240
1 2949307946
1 3097998116
1 2352142057
1 4039086684
1 3414892710
1 2692044942
1 1956548777
1 4208277736
1 4200681695
1 3813082848
1 3716268409
1 2163863260
1 494831780
1 3291609949
1 1037259996
2
1 1745749411
1 1439725760
1 1205820831
1 3996793697
1 4005661562
1 2827176262
1 2812361946
1 4029217472
1 1951978588
1 3642232678
1 4124086228
1 1030988418
1 609988417
1 1348174071
1 930669170
1 62367212
1 145895133
1 2467421191
1 802730740
1 2705691421
1 564757250
1 2436004253
1 542780525
1 1933424297
1 4247488253
1 746598963
1 1562167374
1 1890989940
1 3795587502
1 2536693448
1 2195530235
1 2111915241
1 2329007437
1 2988830717
1 1750135329
1 3057451322
1 3415675557
1 4013408125
1 1317501920
1 711117945
1 2232153754
1 2444902177
1 3804442380
1 74688275
1 2953946369
1 1436491377
1 1172291404
1 2964584013
2
1 3919597848
1 3880249004
1 4038709165
1 22348549
1 2729151644
1 3264676240
1 3545317822
1 1468763917
1 1057507058
1 1191728085
1 586734337
1 2633127491
1 2485892352
2
1 2263726812
2
1 2335278132
1 4076485408
1 1478634527
1 482871670
1 3224875452
1 156257852
1 3633444967
1 24178698
1 1721087333
1 2684252088
1 33911588
1 3620039851
1 2649440939
1 1290573339
1 2657743221
1 563467077
1 1145951336
1 2365368744
1 2915764897
1 1966961204
1 967912988
1 3094358980
2
1 238017803
1 3762117971
1 2963965847
1 2260584022
1 672839279
1 2397532493
1 2983953611
1 3718404134
1 3814681927
1 1966664911
1 1068826978
1 3536103244
1 1059541768
1 262056281
1 2661870220
1 1145269893
1 251169857
1 4264794338
1 845244242
1 698199272
1 3717850061
1 235662691
1 2742030757
1 2880889477
1 558730363
1 3921537287
1 1528301803
1 2772808630
1 803884662
1 641914725
1 625084340
1 2245749502
1 547055202
1 1463183953
1 539481150
1 512302982
1 995128659
1 2193039094
1 3553015038
1 3046666194
1 3063556161
1 1972640930
1 594706694
1 3611597841
1 1118846349
1 2993313882
1 310683927
1 2000221275
1 995610174
1 3723654744
1 3926047802
1 641927781
2
1 1101937824
1 3822308798
1 1962241188
1 2774167187
2
1 3865602149
1 794767646
1 3989124844
1 3129161967
1 2056299637
1 1851170591
1 2898968641
1 1293057397
1 2311207616
1 64276923
1 3980645448
1 1254285058
1 176485707
1 1476417259
1 4103571888
1 3299436924
1 2420298236
1 2674671149
1 3631918057
1 2253769480
1 3751960022
1 3698732728
1 2786421135
1 2270084575
1 853497854
1 3506030525
2
1 1693064284
1 58028883
1 3989660885
1 2858412607
1 4125926031
1 2255236056
1 574694670
1 2447556450
1 1404281818
1 4134287965
1 1889857015
1 935416507
1 1177716284
1 1667251053
2
1 3674402262
1 2987740869
1 465700640
1 77502087
1 2687849372
1 275309314
1 939916184
1 1913862198
1 2906723927
1 119064451
1 2432165328
1 653511162
1 4139504642
1 434644603
1 4174636746
1 1669528699
1 3384610448
1 2754888480
1 1705760560
1 2899116076
1 3401659306
1 3821153036
1 4126132728
2
1 2475812993
1 948703208
1 3276237599
1 542698629
1 326577119
1 334437051
1 2200608114
1 2826048561
1 3041653239
1 4128532987
1 1224272832
1 1898855818
1 1362874762
1 1501313578
1 3045344621
1 2474515373
1 2352324499
1 3228996349
1 555386330
1 3880973254
1 2891421599
1 255190884
1 635564092
1 1470800363
1 393527982
1 2604601155
1 1070282287
1 217079734
1 3673337125
1 2953031786
1 1480124598
1 2077424212
1 2770181990
1 3144094908
1 2209154246
1 3505067265
1 2294479375
1 511325905
1 1666063841
1 1355308418
1 456826701
1 2334406710
1 223276321
1 3200512615
1 445434962
1 1293544820
1 4214794845
1 2726331708
1 3922502623
1 3564306793
1 29033645
1 2262993567
1 4048798125
1 1458197141
1 2663247770
1 3511989756
1 682080134
1 2047241422
1 443230268
1 3317512900
1 1150093324
1 2223670877
1 4108252468
1 1474460347
1 1679204883
1 979160460
1 2016344738
1 1789420176
1 2527284903
1 2916790291
1 2356624732
1 1518539077
1 3479070737
1 633415393
1 3425967542
1 2636958816
1 525791068
1 360558759
1 2412509875
1 2580304059
1 2901580224
1 1160317539
1 1640517396
1 2480182959
1 741598921
1 2092942921
1 3596000200
1 21523005
1 3385826815
1 2871686322
1 30868573
1 3677230007
1 68341137
1 2366204966
1 4186036291
1 3973482523
1 1555412100
1 3789976800
1 2205978318
1 2192068098
1 3300356538
1 422059283
1 2700668459
1 166457483
1 2869711604
1 3360305888
1 1393685985
1 3720256084
1 944574625
1 3243389460
1 2307600656
1 3231634560
1 2941617646
1 3654288708
1 3912455841
1 3076381483
1 4279657692
2
1 3945680718
1 4236866565
1 3953509306
1 964785191
1 4046813589
1 1751986310
1 3043712535
1 202412825
1 756677845
1 3033567947
1 3414919264
1 2619653424
1 1599808654
1 3531900948
1 40986998
1 2837230917
1 2592384556
1 2177627016
1 3404237791
1 2534120394
1 3743405484
1 2498238678
1 1791033011
1 858058582
1 1989339772
1 2592014035
2
1 3675685830
2
1 3172005685
1 3364867598
1 2768393323
1 1275654937
1 1547417047
1 1046981118
1 2507387316
1 1326153625
1 1477520487
1 3391091730
1 335325303
2
1 1649681169
1 1853663795
1 2976212398
1 4182635534
1 2388884939
1 215057549
1 3344948169
1 1752229089
1 332615642
1 357836932
1 2930346871
1 2795612512
1 3507786752
1 1057244051
1 89767981
1 2665626457
1 1840661559
1 1815448736
1 3374453021
1 4212299279
1 1571857624
1 937982597
1 311067451
1 1888934129
1 3333619659
1 3318306066
1 1473204015
1 2317356269
1 1025874383
1 1817736445
1 871412881
1 2381313888
1 1086602526
1 4101402228
1 979711261
1 3827676097
1 671330082
1 2230081558
1 3753038571
1 932952096
1 859934577
1 1558649667
3
1 1073394243
1 493242017
1 686330122
1 2917491815
1 1392340304
1 1447679144
1 1840351332
1 3141914871
1 2433975313
1 192048481
1 3760294872
1 2929945182
1 3069909188
1 832712253
1 2757260551
1 630335198
1 1000567826
1 1872009366
2
1 1277652783
1 377510474
1 810968385
1 2185234357
1 1116903362
1 744069088
2
1 3156323871
1 238601312
1 1981129441
1 1115784943
1 2916269237
1 2548386917
1 891469497
1 674604761
1 601233437
1 475902631
1 1741015615
1 4157394569
1 1718035132
1 4046489386
1 973548507
1 1813142151
1 4000509359
1 1964094775
1 811660480
1 2567263778
2
1 2603969720
1 3195112390
1 483200325
1 1112671087
1 1987445789
1 2469445242
1 1112816006
1 270967277
1 4037148360
1 238930577
1 505872409
1 3595870397
2
1 593987993
1 305154924
1 3627518382
1 1997720877
2
1 1262123080
1 3392892293
1 3289725414
1 2872105337
1 4007049560
1 1354219659
1 358356789
1 2117540161
1 4081288380
1 3941231750
1 1544729205
2
1 3697189398
1 1016279110
1 3715600932
1 3599771118
1 879476632
1 3199456567
1 3964487313
1 1825195276
1 744217972
1 2402302991
1 3612475370
1 1476487734
1 1813721957
2
1 220174327
1 3904401697
1 1072947358
1 1517510872
1 2549199053
1 2334242202
1 4107495476
1 3703210066
1 1556007162
1 2756325730
1 3009887445
2
1 4100312047
1 1834734685
1 3132363421
3
1 2528252473
1 749538107
1 3751789379
1 1134934037
1 913285986
1 2117612979
1 3538413418
1 3700229831
1 4101024166
1 3383895134
1 758635999
1 3147920688
1 2548558698
1 2982898722
1 1346830468
1 144540287
1 3603864047
1 4264437125
1 1487212905
1 1115271954
1 627450326
1 854078792
1 3953588707
1 3825533057
1 3016207060
1 2792502094
1 1195959738
1 2718386117
1 3361432994
1 1187698925
1 705025516
1 29017909
1 1299403893
1 2162749360
1 291063685
1 1190617607
1 2219353169
1 2640211634
1 1377399374
1 1174823895
1 756012456
1 2493787127
1 2901385032
1 3461077311
1 3710735736
1 2085118150
1 703994698
1 3459662632
1 1185138695
1 2278573129
1 3538558039
1 3911140835
1 1557286296
1 4291246173
1 2478677413
1 2486715606
1 2029828555
1 3331960774
1 839793773
1 3540385156
1 2041989849
1 2607204547
1 2135153597
1 3796548077
1 3792418557
1 475751983
1 799863974
1 3443261348
1 569238884
1 3313935630
1 2701959731
1 285338587
3
1 843678577
1 111529709
1 685307999
1 2692651571
1 983987000
1 4288450095
1 2467844349
1 832652666
1 3736051143
1 2511999279
1 3110686030
1 1305393494
1 2105170291
1 1205891070
1 2178108656
1 593960371
1 1985590395
1 4196904109
1 4048024298
1 1004788781
1 1978269644
1 2084937374
1 318827869
1 3198116552
1 3618566629
1 1036630008
1 2590716092
1 268164670
1 434918957
1 3975706821
1 3823092240
1 4280384482
1 2966796694
1 1264045088
1 1880570193
1 1467922369
2
1 1646665654
1 3251032624
1 2794920247
1 1528531434
1 3991902895
1 2629330641
1 2834691178
1 1650207171
1 2537396517
1 3790914539
1 1264574595
1 3431144552
1 2122520016
1 385359370
1 660442824
1 3609727341
1 2209169889
1 860602085
1 1676149413
1 394588007
1 350613566
1 997912926
1 3434573263
1 1816364978
1 3868353256
1 1266532966
1 2907256550
1 1697303903
1 932816577
1 3981467030
1 4108066411
1 868187107
1 1421383559
1 3444842694
1 456263633
1 1181736200
1 1791316889
1 3809139584
1 137653400
1 2212109425
1 537870592
1 1626367041
1 2964186936
1 3228590430
1 1591383879
1 3377169288
1 1160610713
1 2639659902
1 2028319033
1 985719442
1 2311765082
1 4069358073
1 2869079139
1 1465334968
1 1163746253
2
1 4185167483
1 926238044
1 2990549799
1 2602927345
1 2589875036
1 1232340508
1 2840115422
1 1571679254
1 3930213463
1 3068243869
2
1 3883975326
1 3609453165
1 3176910843
1 4188728815
1 1140197087
1 3260720990
1 3325024470
1 3159550523
3
1 1439182557
1 491387790
1 1348742198
1 503426745
1 272581748
1 2447134239
1 2963929832
1 2807024800
1 3657169554
1 21311332
1 1484728542
1 1395492974
1 632109143
1 2974918112
1 357634860
1 2320818773
1 2479477738
1 951780177
1 3825288799
1 191647892
1 3878549072
1 3795637627
1 3906274268
1 4102914615
1 4142569851
1 2003977519
1 2622050884
1 2728131085
2
1 2636306332
1 1933533619
1 664936609
1 46844107
1 2427661761
1 2758928805
1 2675184183
1 3642691820
1 3256778352
1 4252844147
1 3458147722
1 879723417
1 3081790039
1 1391990888
1 2287158750
1 286738006
1 2942707812
1 2492430576
1 3086949932
1 3283985992
1 1766856032
1 3757503518
1 2502892026
1 3506893656
1 3980416271
1 533010320
1 2626162630
1 1860537778
1 3447155020
1 2353959060
1 3976373935
1 3473490358
1 2193972097
1 480483413
1 1422472649
1 3641320289
1 356129114
2
1 2840319043
1 368428599
2
1 3468734218
1 3148991767
1 1403922229
1 470681156
1 2169745637
1 3146530510
1 887163934
1 2372862796
1 956559515
1 1604216367
1 614157270
1 2983114080
1 1160064517
1 273074818
1 4131006983
2
1 3370180790
1 1393434044
1 3500764889
1 29159758
1 578411993
1 3909628762
1 3657400156
1 3526359482
1 446708553
1 3687563753
1 3650975545
1 2315832978
1 2090427987
1 520013884
1 1458181512
3
1 2708465772
1 540731701
1 801670743
1 550890966
1 2767938393
1 2547124352
2
1 2471822044
1 2140207575
1 689881708
1 2324065343
1 1878991307
1 2666730653
1 2235523196
1 690191597
1 4264374139
1 3543534090
1 3974129374
1 1831837160
1 1887863311
1 353400445
1 4103091797
1 2675124753
1 3173954179
1 3512081197
1 3939750002
1 3021697094
1 297946459
1 3195132727
1 540046336
1 2786461526
1 2536361714
1 75776173
1 608547083
1 2657553134
1 4081056623
1 3946733515
1 3810020830
1 2491476604
1 2117578826
2
1 3959177201
1 2720791255
1 789801429
1 2204276561
1 43044975
1 795172273
1 4101875854
1 3958579240
1 987590147
2
1 1465785142
1 2413886253
1 3966970376
1 3169991948
1 2217147661
1 2711295562
1 154998547
1 200934134
1 4260290973
1 746942200
1 2247515707
1 653102431
1 2114418391
1 2148725762
1 1965965554
1 872479244
1 4044502738
1 380723956
1 1123958565
1 3999280379
1 3540238685
1 2225809517
2
1 763770436
1 643935212
1 2892080830
1 4117294131
1 956237026
1 2519701067
1 789124870
1 2322461851
1 3160223102
1 479449223
1 2650207748
1 3462694106
1 3603144132
1 2970784504
1 4128640467
1 2367966819
1 1227438557
1 1660946096
1 492329408
1 2892798457
1 1563033090
1 4025585505
1 367960348
1 1686027048
1 2892965247
1 2275133179
1 2398261309
3
3
1 3077321084
2
1 4185975877
3
2
1 1627491090
1 846503775
2
1 60071792
1 251569335
1 2107092470
2
2
2
2
2
2
2
2
1 63766369
1 1733785449
2
2
1 4011819211
3
1 526572300
1 1763797250
2
2
3
1 1340991401
1 1291669469
2
2
2
2
1 4122498396
3
2
2
2
1 3141503720
2
2
3
2
1 78368218
2
2
2
2
3
1 3524778705
1 3729914743
2
1 2755736022
1 4258117020
3
2
2
1 2366881300
2
2
3
2
3
2
2
1 4246833266
1 166229344
3
2
2
1 3931983102
2
3
2
1 1863694126
2
1 1655988479
2
2
1 3305892217
1 1264109522
3
2
2
1 1254958360
3
2
2
1 2803157790
2
1 3888915585
1 360452782
1 2557038431
1 2894350751
3
1 3343424803
2
2
1 986177498
2
2
2
1 486419809
3
3
2
2
1 159822035
2
1 160762059
2
1 3104285358
1 709490919
1 498362299
2
1 2535277832
1 1853777162
2
2
2
1 2687732223
2
1 4031084339
2
1 550911138
1 2342351416
3
1 1590619729
2
2
3
2
1 3344532131
1 3347609585
2
1 3222118266
2
1 1124312780
3
1 1451784695
2
1 2657140675
2
2
2
3
1 3018390689
2
2
3
1 3067576699
1 4095438248
1 33045978
1 4128414539
3
2
3
2
2
2
2
2
3
2
2
2
2
2
2
2
1 3918801374
1 3552007270
2
1 1223988283
1 3460772647
2
2
1 1800847682
1 3548977510
2
1 1295263611
2
3
3
1 2252007135
2
1 2800647755
2
2
1 2897932558
2
2
3
2
2
2
3
2
1 1239049472
1 3587391075
2
1 2354190844
3
2
1 1308247929
2
1 3992742333
2
2
1 1613372568
1 2764828406
1 2690546874
2
2
1 2774665931
2
1 3410867179
3
1 3012765674
3
1 1215820223
1 1707703756
2
2
2
1 4087681536
1 4283645681
2
2
1 2454778537
2
2
2
1 2802197566
2
2
1 410972881
1 1261421133
1 3116559075
3
2
1 1705504414
1 2822072444
1 4198674158
3
2
1 2986450151
1 3710347651
2
2
1 1879841948
2
2
3
2
2
1 1377541970
1 221433827
2
3
2
2
2
1 3595470205
2
3
1 706656705
2
1 545902579
3
2
2
1 2405935783
1 1639382390
2
2
1 2088961060
2
2
2
1 124803742
1 1866050960
1 210922318
1 1415985415
1 2102051808
2
3
1 63472421
2
1 2426282087
1 1828779714
1 3617478699
2
2
2
2
1 3374682592
2
2
1 3031370817
1 1518223280
2
1 2710251149
2
3
2
1 1478431666
1 2363646141
2
2
2
1 1634630326
2
1 12054323
1 3674204846
1 954526100
2
2
2
1 824779711
3
2
2
1 1540725244
2
1 3050718069
3
1 3119409809
1 1517635396
2
2
2
2
2
1 2214214364
1 3332380478
1 2956941605
2
2
2
2
1 2096889327
1 4172436991
2
2
2
1 1510835550
2
2
1 1274528524
1 143578167
1 4285959412
2
2
1 1336014682
3
1 4187832410
3
3
2
2
2
1 993118642
3
2
1 80935436
1 4094356126
1 2439925445
2
1 1028196406
3
1 1649175641
3
1 1682616327
2
1 3986230845
1 949111166
3
2
1 2991971118
1 832647431
1 4026184946
1 4282794015
1 712995368
3
2
2
3
2
1 2887731643
2
1 28649443
2
2
1 3951534705
3
1 162178943
1 4096985443
1 3922184069
2
1 3778795119
2
2
2
2
2
1 2336576263
2
1 1526501134
1 572793308
1 3802088410
2
2
1 773885523
2
2
3
1 3200664834
1 3379352409
2
1 1284857379
1 857717519
1 2621655843
3
1 1057618191
1 3677826149
1 2336247382
2
1 3407916785
2
1 2583867130
1 178812556
1 2513490304
2
1 1980822434
2
3
2
2
1 1997726701
1 2285426470
1 114915875
2
3
1 477791728
2
2
2
2
1 4230888028
1 198547843
1 3463075622
1 968405616
2
1 881863674
2
1 2532529679
1 3895884601
1 3552542108
2
2
1 3561138446
2
2
2
1 1278980128
1 3375952806
2
2
2
1 1436976083
1 2381167982
1 2893002073
1 4185582054
3
2
2
2
1 186724199
1 3645950481
2
2
1 2102164500
3
2
1 2839389285
3
1 3646496053
3
1 366914184
1 1779949235
2
2
3
1 151580849
2
3
2
2
1 2802091613
1 3328610252
2
2
1 4192935704
2
2
1 1512616006
1 1749994306
1 2447471229
2
1 1402946122
3
1 3809576090
2
2
1 1864433538
2
1 2510567242
2
1 1199328444
2
2
1 877803215
2
2
1 1842921372
2
3
1 3890502499
3
1 2767889605
2
2
2
2
1 890207144
2
3
2
2
2
1 2049281099
1 3797593389
1 1756728425
1 514388144
3
2
2
1 2622907456
1 233406191
2
2
3
1 4268388676
2
1 2476864891
2
2
2
2
1 799172181
2
1 1949688585
1 2399738599
1 243515939
1 335694711
3
2
3
1 673518799
1 1780797701
1 2414250991
1 3753212136
2
2
2
1 2070986664
1 1374868293
1 2297380470
2
1 2940797976
1 4268887070
2
2
1 103703291
2
2
2
2
2
2
1 2916440750
3
2
2
2
2
1 48849094
2
1 4211624897
1 2782253625
1 3266284752
1 475179516
2
2
2
3
2
2
2
3
1 31906234
2
1 1773364576
1 2814392881
1 2550324472
2
2
2
2
3
1 577327385
3
2
2
3
1 4077006281
1 2162565293
1 2876983918
1 2499686185
1 2750123792
1 1500120785
3
2
1 1444553398
3
1 506537001
3
3
1 394674494
1 690991727
2
2
2
3
2
1 959802779
2
2
2
2
1 457004261
3
1 1054640771
1 521971925
1 4131078080
2
1 3131536341
1 2770690031
2
3
3
2
2
3
2
2
2
2
2
2
2
2
1 899603132
2
1 616747602
2
2
3
1 3335389288
2
2
1 3708682082
2
2
1 2722449637
1 3418476723
2
2
2
1 3461843434
3
1 3705647186
2
2
2
3
3
2
2
3
2
2
2
1 1841110836
1 1637112853
2
3
2
2
1 468792129
2
2
2
3
2
3
3
2
2
2
1 1970194116
2
2
2
2
2
2
2
2
1 1266632712
2
3
2
2
2
2
2
2
3
2
3
1 4059779208
1 3828067495
1 2728092931
1 3017296661
3
2
3
1 1736217523
1 1667133985
3
2
1 3137581205
3
1 1809319158
3
1 375155101
2
1 1723768039
2
2
1 1807213777
1 3129328125
2
1 1204409206
1 436879061
2
1 2734682578
1 1693319073
2
3
1 192970737
1 3183660169
2
2
3
1 2075054542
2
2
1 2300561041
2
2
2
2
1 3325655432
1 441023152
2
1 2267621940
2
1 2136059022
2
2
1 877068581
2
3
1 2710569651
2
2
2
1 1547063763
1 2972988152
3
2
3
2
1 571369144
1 3860283271
1 2712786467
2
1 3667435384
2
1 4260206031
1 2889255380
1 1024350017
3
1 339278501
3
2
3
2
1 2250489172
1 855252825
1 2020375986
1 4160139890
1 1323661208
2
1 2188264398
3
3
2
2
1 2772218620
1 1620983419
2
3
1 2932821984
2
2
1 286953421
3
3
1 3737717860
2
1 2393735256
1 1479421432
1 3227514185
1 1545134467
1 3646621574
2
1 293552259
1 1095910114
1 775115908
2
2
1 1365445295
2
3
2
3
3
1 2560375320
2
2
2
3
2
3
1 77685369
3
1 826201349
1 2649702006
2
2
3
2
3
2
1 4230902503
3
3
3
1 3513483922
3
1 3281984419
2
1 1288572427
1 3809538880
2
2
2
1 3232451444
2
3
3
1 310280703
1 3461337884
1 1377802078
1 1940734953
2
1 2007943724
2
1 3008890719
2
2
3
2
2
1 3527667928
3
3
1 4240741420
1 2647930188
2
1 791008083
2
3
3
2
3
2
2
3
2
1 2002124791
1 3517556796
1 3415683835
1 537128457
2
1 2960876708
2
2
2
1 3045084959
2
1 2178523402
3
1 3180874700
2
2
2
2
1 1091478841
3
1 4234817412
1 1396510780
1 3346635049
2
2
2
1 3093868673
3
2
1 2863543752
1 1565799602
1 2139883497
1 2896250415
1 2563876635
1 2817251090
2
1 3062765621
2
2
3
1 2798282579
2
2
3
3
2
3
3
1 3518863711
2
2
2
1 905368515
2
3
2
2
3
2
2
1 3890038560
1 1990512610
1 1623416079
2
1 2705617278
3
1 268255795
3
3
2
3
1 2244798027
2
3
2
1 3892469311
1 3661740276
3
1 1437423648
1 2980969646
1 4076908142
2
3
2
2
2
1 1897249046
1 3748389072
2
3
1 1056664673
1 3513226771
1 1038696009
3
1 1163548482
2
3
2
3
2
1 2340725017
2
1 3182205317
2
2
1 2938412256
1 2222888804
3
2
1 1477789120
3
2
1 3976620418
2
2
3
2
1 2570803993
2
1 792941155
2
1 2650754529
2
2
2
1 1069672799
1 762974410
2
1 1474147119
2
2
1 100999700
3
2
3
2
3
1 3583148239
2
1 2389314751
2
1 3853159749
1 3034241984
2
2
2
2
2
2
2
2
1 2414161172
2
3
1 1654971651
1 2455306748
1 647146223
1 3750984269
2
3
2
2
2
1 1861699145
3
2
2
3
2
2
1 2254416565
1 3010658358
1 1748183946
1 1956044051
1 2518131374
2
2
1 2014025704
2
2
3
1 266691059
2
2
1 2057232186
2
3
1 349432572
1 3269736445
1 1246056183
3
2
1 3205065298
3
2
2
1 3851894340
1 3000010534
3
2
2
1 119490072
1 1747051578
2
1 752452514
2
2
1 1306696860
1 3332100158
1 3451647501
1 1768934496
2
1 2658050872
2
1 2720553451
1 199693399
1 765080164
1 2060250968
3
2
1 279514709
1 3493614860
3
1 4194767337
1 2207492448
2
1 4084614053
1 2334857011
3
1 278453535
2
3
3
2
3
1 4021876694
1 3545757171
1 1594119541
2
2
2
2
3
2
2
3
1 1779703567
1 1499728952
3
1 3075214610
2
1 2896489009
3
2
1 1295050409
1 4119201474
3
3
2
2
2
3
2
1 1545237440
2
2
3
1 1044994452
1 2551694059
2
1 2743833775
1 1719454867
3
1 1267851496
3
2
3
2
2
1 3622296897
2
1 3225335061
3
2
1 818582743
2
3
2
1 1916607113
2
1 3896919474
1 836464694
2
1 2923448149
2
3
1 3987150740
2
1 3989499916
1 3402868905
1 1488961930
1 776198532
1 1728948913
3
1 926425451
1 965196181
1 3222860395
2
3
1 3752911674
2
1 2334226512
2
1 4231312601
2
1 3829381978
1 2412038398
1 3543739327
1 2175780591
3
1 2354947841
2
1 1035874061
3
1 3062390848
1 1790242717
1 1043620149
2
3
3
1 1829871839
2
3
2
3
1 1317454802
2
1 323384947
2
2
1 4282699033
1 2427319109
2
1 4280591999
3
2
1 284210349
2
1 2960882643
3
1 2986587805
1 3489484339
1 546344525
1 970414199
1 1404692375
2
3
3
1 4206588254
1 467963075
1 4265442491
1 2179115181
2
2
1 2574326978
2
1 1651745636
3
1 1200766901
2
2
3
1 2068333547
2
2
1 600467573
1 2130428186
1 2889246643
2
2
3
2
3
3
1 2981286778
2
2
3
2
1 3792538568
1 2867774265
3
1 1218861754
1 3261496958
2
3
2
1 3072684484
3
2
1 515140534
1 3138313957
3
2
2
1 2505428778
2
1 2666449467
3
2
1 1605307095
1 3362723289
1 1222531014
1 1571267931
2
2
2
1 1103321889
1 3427218421
1 3533547794
1 2825056105
2
1 2419754471
1 3257658531
3
1 1449771651
2
1 2444577704
2
2
2
1 755746979
1 2006589701
3
2
2
3
1 1001560524
1 2277867648
1 2012673361
2
3
1 1534212978
3
2
3
3
2
2
3
1 1637504957
1 3300563044
1 3629124071
3
2
1 1417142894
1 2818179551
2
1 3222157481
1 93805583
1 2414428088
1 2908881002
1 3436444981
2
2
2
3
3
1 3337362879
1 3413723772
2
2
1 422329507
2
1 944600879
2
2
3
1 1161278572
3
2
1 3244056476
1 2864691912
2
3
1 4291691282
1 2177642726
1 27341900
2
3
2
2
1 1733300905
2
1 838503072
2
2
1 623144803
3
1 2656484651
2
2
1 3645784982
2
1 1041659106
3
1 1448656672
2
2
2
2
3
3
1 2537586916
1 1003447217
1 1465578761
2
1 2000347488
2
1 2138698347
2
2
1 2739862901
2
1 701083765
1 3598891942
3
1 1299795302
1 827053372
2
2
2
2
2
2
3
1 1332274489
1 2437328480
2
1 3721730755
2
1 2893563988
1 3475418861
1 1750909336
1 348019350
2
3
3
2
1 3024951022
1 1163315335
1 1461902369
1 1707548446
2
2
2
3
3
2
2
1 1566093994
2
1 1236689928
1 2325162605
2
2
2
1 1634764728
3
1 889497371
1 2931555362
1 3999897815
1 2880500128
2
2
1 2078274724
2
2
2
1 2177054450
1 1717898823
2
1 1650330672
3
2
3
2
3
2
2
1 591170530
1 1978888883
1 2086948920
3
1 3519244498
2
1 3397281764
1 1019860077
1 1356591143
1 1283743770
3
3
3
3
3
2
2
2
1 3636668462
1 4046607850
2
1 930478448
2
2
3
2
2
1 314184273
1 1715478760
2
2
3
3
2
2
2
1 1110930310
1 1276069953
1 1311422692
1 3086211108
2
1 3629062952
2
1 3880832920
1 3415569047
2
1 962665344
2
1 1671559914
2
3
1 2361479385
2
2
2
3
1 444763146
3
2
2
2
2
1 3836224963
2
2
1 1329369176
2
3
2
1 2100234026
2
1 1265790787
2
1 1718004209
2
1 1295154935
1 4203578954
1 1265496597
2
1 288908959
3
1 2953639482
3
2
1 2028676514
1 3434922521
2
3
1 2458750588
1 1180467708
2
2
1 2715252235
2
1 861756332
1 3884803527
1 206228957
1 2024887437
1 2104027962
1 3128126592
1 1819737994
2
1 3955463978
1 1305267426
2
2
2
2
2
1 2566856806
1 2688369026
2
2
2
1 987628040
3
2
2
1 1141907367
1 2997414310
2
2
2
2
2
1 75464437
1 1048276190
1 1828817245
2
2
1 2705670044
2
1 287584527
2
1 9040725
2
2
2
2
1 1905330154
2
1 2608195905
2
1 1633025822
2
2
2
2
1 3805859878
3
2
2
3
1 1148602208
2
1 539334259
2
2
2
2
2
1 851997342
1 3295649247
1 2972218961
1 2674823067
1 4207854054
1 4016237179
2
3
1 1622442607
2
2
2
2
3
2
1 2208645439
2
2
2
1 268742433
1 3483638195
1 1773688464
1 112402721
1 1520072337
1 225167256
2
1 297426415
1 3977544374
1 537923562
2
1 647243270
1 2885752223
2
2
2
2
2
1 926171015
1 715443741
3
1 1179181441
1 4075438319
3
2
1 799620804
1 465963423
1 3886133927
3
3
1 4053451000
1 2507054381
2
2
2
1 514260198
2
1 580714858
1 3949910259
3
3
2
2
1 3032897711
2
2
2
2
1 2673942972
1 2974902712
2
1 3808424499
2
1 3341148421
1 1452313885
3
2
2
2
3
3
2
2
1 1100335608
1 3695921713
2
1 2925389928
1 66636094
1 1764178412
2
2
2
3
1 1329915434
2
2
1 2849255048
1 1348354504
1 885265475
2
2
2
3
2
2
1 3671333448
1 1638306400
2
2
3
1 2997491479
2
1 3090171912
2
2
3
2
3
2
3
2
1 542986956
1 329607999
2
2
2
3
1 3887224563
1 3790891861
1 3849215234
2
2
2
2
1 3967040071
2
2
3
1 2378102776
3
3
1 2329421713
1 1919788217
1 3369411091
2
2
2
2
1 503973598
3
2
2
1 468210113
3
2
1 3180390296
2
2
3
2
1 802737325
2
2
1 3204766274
3
1 36537420
2
3
1 2480196972
3
1 1630261982
1 833950881
2
2
2
2
2
2
2
1 3601962801
1 1001944956
3
2
2
1 3848626202
2
3
2
2
1 1834124235
2
3
3
1 761674642
2
3
3
2
1 4182046517
1 1361984260
1 12284486
2
2
2
2
3
1 1274752841
3
1 3974759958
2
3
3
1 533546201
2
1 892270143
3
2
1 1275474544
2
2
2
1 3906686756
2
3
1 645407567
2
1 997864135
1 1649627826
1 4156954976
1 2498385757
1 2973359982
1 3813465559
2
2
2
1 1108833082
1 280479760
1 3828671900
1 480800454
1 207582370
1 1587264546
2
1 1336204092
2
2
1 2791041562
1 4258986713
1 605218574
1 1498408788
3
1 3062088099
2
2
1 3763989805
1 1050538897
3
2
1 795059414
1 1772000952
1 3810068667
2
2
2
1 2657897576
1 2992212249
2
2
1 1410345397
1 4161706679
1 665257344
2
2
2
2
2
1 1293299123
1 199767931
1 3056331356
1 53562867
1 2515222416
3
1 788825388
2
1 1970344009
2
2
2
3
3
2
2
2
2
3
2
1 1336095617
1 3343192387
1 3509251941
2
2
1 126253038
1 1212037075
1 4004697840
1 2299103384
2
2
1 1830355715
2
2
2
2
2
2
1 1988555701
1 1274089145
2
1 4082781814
1 2194658807
2
3
1 11415667
2
1 3165786642
2
2
3
2
1 4122017544
1 550540495
2
2
2
2
1 62524351
2
1 3974431064
1 3278188791
2
2
2
2
2
1 2213306944
2
1 2652462946
1 3491184361
2
1 2824274807
1 1230607291
1 1145629971
1 543695476
2
2
2
1 3203663837
1 3529596826
1 2433391889
1 3595941843
2
1 1567670049
1 2601945694
3
1 7014838
2
2
2
2
1 2685936460
1 332492510
2
3
1 652530362
1 1553891725
1 598592278
2
1 3767738881
2
1 345192774
2
2
1 2106061437
1 3451025084
1 3660481050
2
2
1 754798250
2
2
1 2634696634
2
2
3
1 2552815726
2
1 4272879345
1 2352970016
1 1551218272
3
1 4117951470
2
2
1 984592923
3
1 3261985703
2
2
1 3645559661
2
2
3
1 3011972813
2
2
2
2
3
2
2
2
2
2
1 2311935805
2
3
2
1 3083860852
2
1 3259126130
2
1 2084577239
1 2306836814
2
2
2
1 2716319252
1 2336322657
1 2769148832
2
2
2
1 932786736
1 1336105919
3
2
1 3996236386
2
1 4081857579
2
1 2924689263
1 573290792
1 3895522265
2
2
2
1 1313742379
2
3
1 4192218683
2
2
1 407178293
2
3
1 1581675185
3
1 3107606274
1 2091315056
1 3867264413
3
2
3
1 4258210078
1 125744174
2
1 2183588160
2
2
1 2405423713
1 3042811305
2
2
2
1 1855976067
2
2
1 3499771752
1 3585899384
2
2
2
1 1103738434
2
2
2
1 540707116
2
2
2
3
2
1 216247065
1 1856019552
2
1 2985237495
2
1 761781065
3
3
2
1 1798230815
2
1 293786047
1 219299248
1 1580660190
2
1 775000333
2
1 4121724473
1 1766644300
3
1 1057097499
3
2
2
1 3441678056
2
2
1 3986298486
1 3587523134
2
1 236177321
2
1 2997398703
1 2765265195
1 2195991500
2
1 2884224822
3
2
2
2
1 1179481774
3
1 3820094684
1 3898755234
1 3171002774
1 3034628614
1 1350762919
1 2688088901
2
2
1 3315709235
2
2
1 1143805894
1 2386406841
1 1112544538
2
2
3
1 2638228910
1 1711338460
2
1 3913684655
2
1 1664038018
3
1 384449744
1 2878217546
1 4130088989
1 2362067032
1 4084850193
1 1063786237
2
1 395490990
3
1 786604817
2
2
3
2
2
3
3
1 2850601802
2
1 1406557096
3
3
2
2
1 2240271774
2
3
2
1 1398517501
1 549418532
1 1652182978
1 2158478669
1 3599302261
1 1119179075
3
2
2
2
1 2642915581
1 3481826868
2
1 197231710
2
2
2
1 3110555005
2
3
1 3132875269
1 1674912472
2
2
3
3
1 3700031947
1 2647524133
1 2654720078
1 1919773647
1 509522553
2
1 2600185562
2
1 237718860
3
1 2275297034
3
1 1917367208
1 1615631845
3
1 267060877
1 41660840
3
2
1 1561918054
1 3605489621
1 1890618953
3
3
1 1259167843
2
3
2
3
2
3
2
1 1090017428
2
2
3
2
2
1 2261287487
3
1 3456005836
3
1 1853656343
2
3
1 3797026265
1 3995542418
1 3585298354
2
3
3
1 3584612482
2
1 1413864559
1 2408223922
1 321898567
1 3736515579
1 353464414
2
1 3480688286
1 2009680607
2
2
2
1 1475091727
1 3996460471
2
2
3
2
2
2
1 1582842123
1 2429136088
1 2446888778
2
2
3
2
2
1 2724175205
2
2
1 2720264367
3
2
2
1 3609169382
3
1 2643555406
1 3214524758
3
3
2
1 1144740017
3
2
2
3
2
2
3
2
1 1495533422
3
2
1 3956210998
3
2
1 855582048
1 503071993
1 3843484899
2
2
1 4117990500
1 3967536222
1 4059208776
1 661655509
2
1 1377054000
2
1 1333471818
1 1061347868
3
1 2542859579
1 2165734449
2
1 769034968
3
2
2
1 1057097370
3
1 1884469730
2
1 1623815840
2
1 3438156085
2
1 2142351729
2
2
1 4214348208
2
2
2
2
1 2517196543
2
1 2502570606
2
2
1 3856271779
1 2400941062
1 3162021710
3
1 1073179335
2
3
3
2
3
2
2
1 3274387569
2
2
2
1 50628413
1 4050593560
2
1 591974214
3
1 44052305
2
2
2
3
1 3874170572
1 753869159
2
3
1 3979640692
1 3760866378
1 4103241589
2
1 178635080
2
2
1 3705658114
2
2
3
1 2361232039
3
1 2349332319
3
1 288668680
2
2
2
1 389440405
2
2
1 1926952214
2
2
2
3
2
1 27006580
2
2
1 2072802235
2
1 3585788879
1 1074516388
3
1 2888317175
2
1 2266303747
2
1 3029822072
1 105966009
3
1 1500987015
2
1 4226829543
2
2
3
2
2
2
1 3136386074
1 2553184623
1 4141610720
2
2
1 2117259720
2
3
1 225285690
2
1 323593181
1 4049046284
3
1 4025383150
1 1308153774
2
2
2
1 2388373152
1 738719034
1 20581441
1 3678646996
1 3459159273
1 4206928732
2
2
3
1 728304589
2
1 1519193453
1 534305906
2
1 3071084757
1 1989329415
1 163760579
1 468626301
2
3
1 783403457
2
2
1 981558549
2
2
2
1 3939186445
2
2
2
2
2
1 1443298239
1 454893859
2
1 3849102918
1 3947595164
2
2
1 3816681025
3
2
2
3
1 4123354248
2
2
2
2
2
2
2
1 1943722648
3
1 2278528452
2
1 1771210079
2
1 1182813238
2
1 726361724
1 387935862
2
1 25000342
2
2
2
2
1 1322179851
1 75504623
1 3897318298
1 638102571
2
2
3
3
1 3261289921
2
2
2
1 2891487181
2
1 3779660623
2
2
2
1 1168375881
2
1 3917281761
1 3052734123
2
2
1 3434333334
2
1 1919599809
1 3522255555
2
1 2719872048
2
3
1 1788078464
1 3415092932
3
2
1 1447272714
2
1 813853033
2
3
1 483237214
1 1987690075
3
1 69915429
1 64865637
2
1 790164464
1 4224026976
1 3852877876
2
1 1122428835
1 2972642977
1 3365828110
1 1314841201
1 2102599078
3
1 520516317
2
2
2
1 322384845
2
2
3
2
2
3
1 676977266
1 1764846798
1 3109101523
2
1 434498162
1 3647228617
1 764918827
1 4079704116
3
2
1 4130949537
3
1 262885566
2
2
1 570876216
3
2
1 1215452894
2
1 689593845
3
2
2
2
1 3610969930
1 251497435
1 505195310
3
1 2033204907
1 640467546
2
1 2260190173
2
1 2750411437
2
2
2
1 1573852849
1 1579495801
2
3
1 107445930
2
1 1552353985
2
2
2
2
1 218363850
3
2
2
2
1 885785430
1 1977477190
2
2
2
2
1 241115146
2
2
1 2030832997
1 2151150369
2
1 1551679110
1 1422783903
3
1 2269471762
2
1 1402235615
2
2
2
2
1 943468185
1 626209331
3
2
2
2
2
3
1 3951996507
1 3615259391
1 4182665395
3
2
2
2
1 3077612087
1 2942423961
2
2
2
2
1 1369851684
1 1462694449
2
1 1559666581
2
2
3
2
1 1658377579
2
2
2
2
2
1 2704294012
2
1 1806715865
3
2
2
3
1 793210077
1 2582707876
2
2
2
1 406314774
2
2
2
2
1 3824815225
3
1 3131658184
1 2962304231
2
1 1023185092
2
1 684341304
1 70877115
2
3
2
1 1828659554
1 774880842
2
2
1 1271067316
2
2
2
2
1 1090450102
1 3435878582
1 3214388715
1 488740821
1 3415329551
3
2
1 1128233140
1 3625914640
1 1598846295
2
1 219282446
1 2019575220
2
2
2
3
1 1432657578
1 3978736483
3
1 1041036861
1 742303237
2
2
1 2151385565
1 1855955868
3
1 3926234591
1 2167571652
2
2
2
1 1125419595
3
1 185272960
2
1 189386489
1 1403855248
2
3
1 1587144719
2
3
2
1 794651080
2
2
1 935760464
2
1 3133814872
1 3027810259
2
2
1 773467072
1 1466290490
1 3721431035
1 744626877
2
1 1126475120
1 1148552431
3
3
1 3495568223
2
1 3127719271
2
1 2894991012
1 3101050479
1 2859471476
2
2
1 2541788521
2
1 3885912136
3
1 3809526544
1 1939943285
2
1 1313694606
3
1 503150496
1 4157804465
3
3
1 474703745
2
2
1 3063768558
1 4238599134
2
1 2007107103
2
2
3
1 3098010033
2
1 968034588
2
2
2
2
2
2
1 1634713024
1 2774308256
2
2
2
3
1 2840182587
1 407008946
1 2800703678
2
1 776790091
2
2
3
2
2
1 1786004450
1 1216801868
2
1 2739057171
2
1 800371921
1 2076773088
3
3
2
1 1148241211
3
2
1 1488677582
1 3380514675
1 3320168203
1 1547873079
1 3723500867
2
2
2
1 1393836145
3
1 728787130
1 3560516843
1 524218688
2
1 964734819
1 1897078317
2
1 994263311
2
2
1 3993006546
2
1 3769440466
2
2
2
3
2
1 389332692
2
2
2
2
2
2
2
1 188154523
2
2
2
2
1 2828470487
2
1 743289204
2
3
1 3390761955
1 2470084817
3
1 3592011465
1 2174923951
2
2
1 2923888988
2
1 116136363
3
2
1 1674856190
2
2
2
3
2
1 1848136731
2
2
1 3500578795
1 3114083380
2
1 3644468700
1 244967781
1 2962215214
1 2502135417
2
3
1 743733841
2
2
1 326183622
2
1 4135306285
3
2
1 3575785380
1 3894108077
2
1 3263935523
2
1 752654813
1 3316783930
2
3
3
2
3
1 2054141299
1 1312156693
2
2
2
1 4022812905
2
2
2
1 793835795
1 3926940778
3
1 3598658481
2
2
2
1 679741848
1 3284162091
2
3
1 2082749840
2
2
2
2
2
2
1 2359706965
1 1153998079
1 3563048614
1 2544036848
1 3478279588
1 1099406906
1 473258770
2
2
2
3
3
2
2
1 3652530129
2
2
3
2
1 203289523
2
1 4046427159
3
2
1 3720680229
1 1682818367
2
3
3
2
2
2
2
1 2963331756
2
1 846231212
2
1 1418183000
1 766356259
2
2
1 302150598
2
1 4115707210
3
2
2
3
3
3
1 4108042959
2
1 2690788369
1 1037459120
1 3997132008
2
1 4150021561
3
2
2
1 244061177
2
2
1 3257729658
1 4020955247
2
1 2072068787
2
1 2773948521
3
2
1 3838103665
1 3344619824
1 799847411
3
2
2
2
1 2879148177
2
1 3345137939
2
1 1561023536
1 601002217
2
2
1 2736507697
2
3
1 3172627193
1 2017824588
1 3362283394
1 2853221114
1 1625578992
2
1 789808524
1 885147941
1 1102429746
2
2
1 1636486075
1 3728586889
1 2614091010
2
2
1 4003173579
2
1 1643746138
2
1 1942716175
2
1 1046085700
2
2
1 898432337
2
2
3
3
3
2
1 855784291
3
3
1 3561030425
1 189012374
2
1 865683215
2
3
1 2549125677
2
1 410565536
2
1 1945431994
2
2
1 2640017474
1 2312976808
2
1 3911753878
2
2
1 1192004516
1 641499186
2
2
2
1 3971469215
1 715760306
1 3257971377
1 2758806763
3
1 3472492789
1 1280946186
2
3
1 1305378431
1 1424495828
2
3
1 3075541147
1 298477551
2
2
1 3021177273
1 3255670085
3
1 1103952518
2
2
2
1 4131899331
2
3
1 3987039111
2
1 3072219451
2
1 4191995898
2
1 315135432
2
3
1 3564849054
2
2
2
1 1793121060
1 2810300959
1 3858959653
1 526519087
2
2
3
1 3077964076
2
1 378381730
3
2
2
1 4095185406
2
1 2027603310
3
1 1350047983
1 28701471
3
2
2
1 3396583005
2
1 2461495047
1 2122809738
2
3
1 23661419
1 2197020356
2
2
2
2
1 4232079707
1 2322926379
1 1568319793
1 660913832
1 825045433
2
1 424188386
1 1322359797
2
1 1152743684
1 392859401
2
2
1 2962293590
1 2375647361
1 2867187116
1 4021071426
1 581652803
3
1 2396946505
2
1 3901609436
2
1 3718093834
3
2
2
1 522696216
2
1 3623681013
3
1 368018886
2
1 601209588
2
1 2489318643
1 2250025069
1 3906975990
2
3
1 2635846597
1 2935020185
1 1746699151
1 4239348419
2
2
1 2449941459
2
2
3
2
2
2
2
3
1 2169950073
3
1 3795661809
1 1504706452
3
2
3
3
2
2
2
1 1250244814
2
2
2
2
2
2
2
1 1616323206
2
3
2
2
2
2
2
2
2
2
2
1 2213035133
3
1 1944968657
2
1 483012391
2
3
1 3581946366
2
2
1 1682323239
3
1 2979434710
1 1358516786
1 1772940719
2
2
1 619963083
3
3
1 3880547809
1 1304314972
3
1 2440317934
3
3
1 548686120
1 1001365914
1 390317062
3
2
2
3
2
3
3
2
1 1629429003
1 3677371123
3
1 2752093824
1 3188531209
2
1 768167237
2
2
3
2
3
1 1383573757
2
3
2
2
2
2
3
2
3
1 3486045593
2
1 1549153300
1 3684792546
1 1770712749
2
2
2
2
1 4194609500
1 3214298259
2
1 182483736
1 1048929817
2
1 2657355296
3
1 2993186945
1 1163716767
1 3733096965
2
3
2
2
2
2
2
3
1 1113865192
1 2880809844
1 1512272622
1 549131098
2
1 818038612
1 374920892
3
1 3949600211
2
3
1 1983923817
1 2116036687
3
1 1498058942
3
3
2
1 4244909986
2
1 4114921596
2
2
2
2
2
2
2
1 3188454831
2
2
3
1 297771899
1 1567220770
2
1 2388399343
1 3719079897
3
2
2
3
3
2
1 4059927852
1 2816284457
2
2
1 858400276
1 3537369655
2
3
2
1 3351398738
3
1 2912463778
2
3
1 2819378528
2
1 1857462031
1 2071413214
2
1 2401619646
1 609887096
1 2389567993
2
1 2162868521
2
2
1 2956994336
2
2
2
1 1805528569
1 1263889925
1 420601455
1 3718237865
2
3
2
1 1360966871
2
2
2
3
1 1648124736
1 3188152433
2
3
1 231372076
2
2
1 3836048668
3
1 2286830186
2
2
3
3
1 1917124562
1 2736202837
2
3
2
2
2
1 1437810521
1 2993560628
2
1 3142458646
3
2
1 1555226782
1 3929328608
2
1 3233971545
2
1 3981679192
2
2
2
3
1 2554789154
2
2
3
2
2
1 1544675349
1 952460969
1 3770714354
2
1 2729199815
3
2
3
1 3167687604
2
1 2098642553
1 1870995117
1 397674210
1 1868103891
2
2
2
2
2
1 2947683231
2
1 2595364440
2
2
1 3046026434
1 3054403173
2
3
2
3
1 1850039096
2
2
1 3039875708
2
2
2
1 970321152
3
1 2236651104
2
2
1 2396411049
2
1 3153147900
2
1 118993380
3
1 4215972125
1 1082818432
1 1811717493
1 195565570
1 1347322816
1 2384799513
1 506696506
1 2123828343
2
1 3347527666
1 1503356574
2
2
1 2234204379
3
1 1046831894
2
2
3
2
2
2
1 1471151587
1 3321433768
2
1 671650691
1 4228722300
1 3686048367
2
1 3699926088
3
2
1 449615996
2
3
1 4134597152
2
1 2697689087
1 2720468187
2
1 2374681348
1 169017569
3
1 191796157
2
3
2
1 2047981229
3
2
2
2
1 1635485711
2
1 1454718374
1 1772497971
1 1190626777
2
2
2
1 937742979
3
2
2
1 1922788714
2
1 119878244
3
2
3
2
2
1 3058580747
1 2560644123
1 2145773609
2
1 2557073482
1 384626324
2
1 2621429475
2
1 316131232
2
2
3
3
1 1490199607
2
1 3979531792
2
2
2
3
1 1841548599
3
1 1393552788
2
3
1 2813832982
3
3
1 1690553161
1 3381922256
1 3018489302
1 427583062
2
2
1 3531004309
2
2
3
2
2
3
2
2
1 492034960
2
2
3
2
3
3
2
3
2
1 720192743
3
1 360782779
1 133062105
2
3
3
1 996142935
1 3218537159
3
3
1 52814966
1 2781633769
2
1 2965986638
1 2052964837
2
1 1245432509
1 1794726854
2
3
1 3183904283
3
3
2
1 1368937089
1 1808910088
3
1 1414857760
2
2
3
3
2
3
2
2
2
1 737929374
1 136054928
1 1878513560
2
2
2
2
3
2
2
2
1 512250712
2
1 2483692514
2
1 3976438501
1 3567550215
2
3
2
2
1 227302045
2
2
3
2
2
2
1 1668225244
1 3038062603
1 1262602160
1 1218477377
2
1 1158527815
2
2
1 1975234061
3
2
2
3
1 1367943110
1 1489871182
2
3
2
2
2
2
3
2
2
3
1 1956848977
2
3
2
3
2
1 1392567273
1 3480165819
2
2
1 193284275
2
2
2
2
3
1 1407186329
2
2
1 446079414
3
2
2
2
1 658660545
2
1 4158139447
1 2640316168
3
1 1569357755
2
2
1 2184374295
3
1 3810597307
1 785226762
1 2820065237
2
1 204976159
3
2
1 2540508656
2
2
1 2906918455
2
2
2
2
1 4206982498
1 3514077538
1 2005109284
2
2
1 2997389053
2
1 496024508
1 3506002125
2
2
2
1 243719006
2
1 1972031714
2
1 1862451897
1 1017884282
1 3366111977
1 3357087042
1 3811101468
1 1220543087
1 2364831132
3
2
2
1 2203639490
1 2476169818
2
1 3354847561
3
1 2465647009
1 4196032186
1 4183814997
1 3390178128
2
1 2034619470
2
3
2
1 2744128077
3
1 1833209320
2
2
1 2043470242
2
2
3
2
2
2
2
3
2
2
2
1 477819787
1 1577608165
2
2
1 1444934218
2
1 4274571738
2
3
1 1797340206
3
3
2
2
1 697450516
2
2
2
2
3
2
3
2
1 3437552434
2
1 3162507097
3
1 2454895118
2
1 1311612682
1 2179266275
2
2
2
2
1 3576537181
1 2520760703
2
2
2
2
1 1111129034
2
2
2
2
2
2
2
2
1 1499247241
2
1 60503490
1 3002695172
2
2
2
3
3
2
2
1 294480637
3
1 3426170025
1 1107621618
1 487994469
2
3
2
1 3406240596
1 1581198486
2
2
1 39823016
2
2
1 945639020
3
3
1 519801437
1 4139046271
1 2726048635
2
1 3951521247
1 4034028894
2
2
2
2
1 2440571639
2
1 1325319226
2
2
1 3152676901
2
3
2
2
2
2
1 2107923556
2
1 795745392
1 453722603
2
1 960498157
1 2259000713
1 2447106623
1 3347459225
1 125782707
1 1682684239
1 2347619948
1 1475776321
1 1151322710
1 3277367043
3
1 1027107172
1 2418029148
3
2
1 3013302814
3
1 2562917733
1 4145793192
3
1 2554326400
2
2
2
1 3572961116
3
2
2
2
3
1 3085658241
1 2195786815
2
3
2
1 2772129020
2
1 2523301920
1 673459730
2
2
2
1 3289183358
1 220793311
1 249414753
1 630853092
3
2
2
1 922192640
2
1 2835217934
2
1 4245984133
3
2
3
2
1 544694682
1 4215902106
1 2911225115
2
1 3718537597
2
1 3176705900
3
1 292731963
2
3
1 607848507
2
2
2
2
2
1 1276188767
2
1 1073273377
3
3
1 2167378546
2
2
3
2
2
1 2765731171
2
1 3998168680
3
2
1 1679193688
3
1 1265634832
1 3195871082
2
2
1 249114525
1 747160957
1 1117675697
2
2
3
2
2
2
3
2
1 2047031796
3
3
2
3
3
2
2
1 353277888
2
3
1 2204028989
3
1 2955050996
1 3079655281
3
2
2
2
1 1096173346
2
1 2450570701
2
1 3278582581
3
3
2
1 1366816003
1 85147090
2
3
3
2
2
2
2
2
1 2466587806
1 3945153590
2
1 2690062717
1 2269380424
2
2
2
3
2
2
2
1 2440970068
1 2858357335
1 418142383
1 3425854454
3
1 330464792
2
2
1 3135031664
1 882724108
1 734710474
3
2
1 2600742265
3
1 844649461
2
2
2
2
1 445238096
2
2
1 3634887016
2
2
1 881541532
1 310096546
1 1395681924
1 1735857181
2
1 3371922933
3
1 1365784943
2
1 2211036646
1 3955973198
2
1 273681272
1 2974453372
2
1 1129108508
1 2578358396
3
3
1 788524121
1 931617152
2
3
1 1017673641
1 668785039
2
2
3
1 962569188
2
2
1 881148154
2
3
1 1846690152
1 317403871
1 2078967656
2
2
1 3250043455
2
3
1 4062227179
1 2947581139
1 1432687900
1 2799853936
3
1 6804968
1 3403912794
1 175261887
1 4208621244
1 2290210433
3
1 1633371441
1 3221920459
3
1 1529902470
1 2483198289
1 1164430785
1 3326737891
2
2
2
2
3
1 3447338279
1 29305436
1 1704399127
1 1665477721
1 3272357038
2
3
1 3210523189
2
2
3
2
2
1 3584612320
2
1 712838841
2
1 2314241008
1 1666469498
1 1058706951
3
3
1 3025801002
1 2139696258
1 3503515434
3
2
1 2875493478
2
3
1 1473066875
2
1 4278594379
2
1 2557938475
2
2
1 3042078983
1 674007594
1 770032265
2
1 1217734119
1 3333335028
2
1 4182612579
1 1354695303
2
3
1 4061618867
2
2
2
2
2
2
1 1177985850
2
2
1 1036855572
2
2
2
2
2
2
1 1376408751
2
2
1 2309855290
2
1 1294092525
2
1 893908714
2
3
2
3
2
2
1 3195418026
2
1 3033442350
1 3904856527
1 3850568297
1 1017347237
2
3
3
2
2
1 1967306318
2
1 2288824257
3
1 2030334824
2
2
2
1 2076647839
1 1885051491
1 2573351393
1 2309122621
2
1 2947811727
1 1186139313
3
2
2
2
2
2
2
2
2
2
2
2
1 1602041655
1 1425265379
2
1 3349576802
1 4079053740
1 901639308
3
2
1 2519105242
1 4106599443
2
1 3840461122
3
1 3036452093
2
1 3579335414
1 3043597398
2
1 2420182550
3
2
1 1256358839
2
3
1 3333080414
1 1488250072
2
2
1 1888537036
2
2
3
2
1 1459164992
2
3
3
2
3
3
3
2
2
1 570453845
1 982147405
1 2778361153
2
2
2
1 2108057050
3
2
2
2
2
1 2804673596
1 4242908762
2
1 2602496471
1 85812329
1 4170834760
2
2
1 2135733859
2
1 2857765532
1 3084649260
1 881675818
1 297546748
2
3
2
1 3131585581
2
2
1 4057978299
2
2
2
1 908229556
1 4209978051
2
2
2
1 4022466231
1 3092829798
2
2
1 3802852034
2
3
2
1 2955971526
1 1474525580
3
1 2061647800
3
1 341685036
2
2
2
3
2
1 2756175963
3
1 1160518072
1 4289216609
2
2
1 3528014359
1 3614141963
2
2
1 1051929017
1 4057373601
1 327604858
2
3
2
3
2
1 2494355084
1 670741648
2
2
1 2134703198
1 3157052713
1 1856729647
1 1305687573
1 3387286124
3
2
2
1 3828905289
2
2
2
2
2
1 2803176748
2
3
2
1 2520779292
1 2932884988
1 1755454985
3
1 964299162
3
1 1381941321
1 2526533754
2
2
2
2
2
1 4258979174
1 1241030775
2
2
2
1 2683092736
3
3
2
2
2
1 860943244
2
1 2993206304
1 2223514135
1 1265601232
1 1954744959
1 1250071363
3
2
1 1881446296
2
2
1 1806693718
1 171385213
2
2
2
2
2
2
2
1 4036958717
1 3459106703
3
2
1 1631287435
1 4262701021
2
2
2
2
2
1 994773213
3
2
2
2
1 474226457
2
1 1513393832
3
2
2
2
1 2914419062
1 1847229058
3
2
1 3164741065
3
1 1456154789
1 748566552
3
2
1 1352994210
2
2
1 3809032813
2
1 1734939299
1 707205976
2
3
2
1 778391957
2
2
2
1 1667518729
2
2
1 2578525287
2
1 867957931
3
2
2
1 1318786078
2
1 2680079099
3
1 2615668223
2
1 1991647366
1 4215373376
2
2
1 982217071
1 1038627679
1 3189333614
1 95144807
2
3
1 594704908
1 828483532
3
2
1 1535127398
2
2
3
3
1 1499042251
2
2
1 1219614347
3
2
1 712285248
2
2
1 639894019
3
2
1 1795892087
2
3
1 1486219880
2
3
3
1 3604070712
1 1226601051
2
2
2
3
2
2
3
1 4004161402
1 525471058
3
1 964150970
1 2891272322
2
2
3
1 4150921638
2
2
1 3879782237
1 774070328
1 2786179774
1 3440167042
1 356305245
2
2
1 2441167654
2
2
2
2
2
2
2
2
1 2095427194
1 279761796
1 4058599844
3
1 4071448311
1 2036157622
1 3548746713
2
2
1 169389475
3
1 4278714262
2
2
1 1115707664
3
2
2
1 958585048
2
2
2
2
2
1 2723282107
1 3973539908
2
1 274106654
2
2
3
2
2
3
3
3
1 1494522617
2
2
2
1 717676250
2
2
1 3080762741
1 3832204262
2
1 1064936358
2
2
2
3
3
1 895665213
1 821762952
1 2747411076
2
2
2
2
2
1 2780649347
2
2
2
2
3
2
2
1 3046168244
2
2
2
2
3
2
3
1 3501765474
2
1 128959633
3
2
2
1 670711282
1 867157204
1 2976094278
1 89261452
1 153377011
2
3
2
3
1 866358286
1 3202268924
2
1 620411098
3
2
2
1 1332851511
1 3175129548
2
1 3210466134
2
1 97555272
1 3018723647
1 4058126613
1 3606687985
3
2
1 1077635692
2
1 1870887286
1 3658588721
1 2074898003
1 3476259458
2
2
1 1324581268
2
1 3702728036
2
3
1 1311265734
2
1 2675030323
2
2
1 267589686
2
1 3778083664
2
2
2
1 2276781538
3
2
2
3
2
2
3
2
3
2
1 1309843128
1 4053150800
2
1 2028408144
1 661058289
2
2
1 1055151099
2
3
2
1 2661085217
1 542247471
3
2
2
1 1681240871
2
1 3676158752
2
1 2720738124
2
3
1 2413007484
1 3304415581
2
2
1 3924254175
1 1035180536
2
1 1330196207
1 3017314767
2
2
1 4061128369
2
1 2126684386
2
2
2
3
3
2
1 2222607823
2
3
1 1758030413
1 1181241878
2
2
2
2
3
1 760372972
3
1 3605985372
1 1948336148
1 853715771
3
2
1 1203757551
2
2
1 2834740808
2
2
1 678721911
1 1470552978
2
1 3642854395
1 1408405926
1 1455942734
1 599274280
1 4004251412
1 2139854106
3
1 1926181227
1 1628015200
1 2709220243
2
1 1930942284
2
2
2
2
2
2
3
2
2
3
1 3679966234
2
1 2190849872
1 1356017848
3
2
1 2281881107
1 1249431269
1 468731711
2
2
3
2
2
1 3368149004
3
2
2
2
2
1 2402729164
1 3307772770
2
2
2
1 1778731232
1 2195274079
2
3
1 3300136499
1 2107444542
1 2378076808
1 2585337523
1 3220867503
2
1 989770741
2
2
2
1 3504330352
1 4181439634
2
1 372361255
3
1 3352796783
1 2468180001
1 427733352
2
2
2
1 1248374044
2
2
3
2
2
2
1 2550180739
1 1345332987
3
1 305775907
2
2
1 3969140149
2
2
1 1970828037
1 3077481712
2
1 4042625242
1 1875720828
2
1 1086652776
1 997729825
2
1 1026798277
2
2
3
2
1 4186743505
1 3196026864
3
3
1 68589283
2
3
1 1169616650
2
2
2
2
1 3352948441
2
3
1 2384692106
1 3764510641
2
2
2
3
2
1 361249527
2
3
1 29971014
1 327563113
1 2890744405
2
3
1 3854996802
2
2
2
2
2
3
2
1 3111561270
2
1 3863069254
2
1 2618667693
3
1 654500382
1 3291863169
1 3446220311
3
2
1 3583943474
2
2
2
2
1 193926462
2
2
2
1 4243618039
2
2
1 315777646
2
2
1 239633163
1 253853698
1 1024135481
1 996087369
1 3417950342
2
2
1 3987393875
1 3008959128
2
3
1 614163705
3
1 2415703525
2
3
3
2
1 1718681894
2
2
1 4243555258
1 3091689534
2
1 178429831
2
2
1 2381411505
3
2
1 200858352
1 2249530631
2
2
1 3859927792
2
2
1 3308094809
2
1 3392614328
2
2
3
2
2
2
1 2665763439
3
1 3907916820
1 1119463271
1 803231254
2
1 1705273100
2
2
1 566422455
1 2350617934
1 2842534148
1 3742684181
1 4209088310
1 3497707898
1 2729989317
2
2
2
2
2
1 789088700
2
3
2
3
2
1 3719868594
2
2
3
2
2
1 4220615541
2
1 3517604935
2
2
2
2
1 3628902268
2
3
2
2
3
1 2305283749
1 104639105
2
1 559950199
1 524003559
3
2
2
1 1634551798
2
2
1 2037414498
2
1 2614814241
1 2239126739
1 1770751796
2
2
1 3128537398
2
3
1 1179759271
1 3480058270
2
1 2355020770
1 598800880
1 1280433755
3
1 1590563353
1 749273719
1 122092939
3
3
1 2256732064
1 169475904
2
1 2478338814
2
1 3855137301
3
1 1904213435
1 128852169
3
1 2382421154
3
2
1 2574702590
1 3413101630
3
1 825065736
1 2114171636
2
1 1401095447
2
2
1 2980016447
2
2
3
1 3230302704
1 900420761
2
1 2232112073
1 844076943
1 793573087
1 4091893597
2
2
3
2
2
1 3962776552
3
2
2
2
1 3267150788
2
1 1106221286
2
3
2
2
2
3
1 3043578816
1 2492703862
3
1 818620093
1 1407899469
1 4018326327
1 151996880
1 4010209371
3
1 4025968755
2
1 1665343192
1 3449693868
2
2
1 3380739353
1 2878858140
3
1 3609099541
1 2757258070
3
1 3701553691
1 2875693571
2
2
1 2328376661
1 2516631522
1 3813733528
3
1 966301417
1 2799875698
1 1955013084
2
2
1 3418676279
2
2
2
2
2
3
2
1 4151154647
2
2
2
1 442913492
2
1 21772278
2
3
3
2
3
1 397822795
2
2
1 221236517
2
1 1545209437
2
2
3
2
2
3
3
3
2
2
3
2
2
1 1444968588
2
2
1 97900245
3
1 2786258172
1 2965796262
2
1 2663800390
3
2
1 27028071
3
1 255293009
1 21173253
3
3
1 1154269766
1 3827702959
1 2918783150
1 718032195
1 1718782926
2
2
2
1 1547411757
2
3
2
1 2155573068
2
2
2
1 603985491
3
2
1 3288012705
1 3206685778
2
1 293241350
2
1 2051108952
1 1739722606
1 4204654388
2
2
2
2
2
3
1 3728996798
2
1 2783768568
2
2
1 2821968124
2
3
2
1 460590942
1 1027998340
1 3205538303
1 2376815774
2
3
3
2
2
2
1 32765244
1 432373933
1 2960315179
2
2
1 3550777922
2
2
1 684289419
2
2
1 1004720983
1 386263471
2
1 2444981950
1 259922622
2
1 1760516393
1 2645158947
3
2
3
2
3
2
2
3
2
1 2360026920
2
1 112604380
2
2
3
2
2
2
1 2019461939
1 1959408312
2
1 2422754619
3
1 483096188
1 1704962762
2
1 310704997
2
2
2
2
1 660695412
1 3124056590
2
2
3
2
2
2
1 3622681375
2
1 1740522264
1 3029067496
2
1 3023213799
2
2
2
3
1 3917617919
2
2
2
1 2149332335
1 1823343740
1 3516485618
1 4021872536
2
2
1 2853909626
1 314723640
1 3102257960
2
2
2
1 2218064662
2
2
2
2
1 805527233
2
2
2
2
2
2
3
3
3
2
2
2
1 4109366055
1 3114422326
3
2
3
3
1 421100039
2
1 1431795166
2
2
2
2
2
2
1 108168864
1 2376015022
2
2
2
3
2
1 639832439
1 826579229
1 585049435
1 834963009
1 1427466326
2
1 609972773
1 3505584353
2
1 644990621
2
2
3
1 2623184706
2
1 1940888450
2
3
3
3
1 719491645
3
2
2
1 4211136066
1 1976660034
3
3
3
3
2
3
2
1 2205578938
2
1 83141951
3
2
1 2530161842
2
3
2
2
2
2
2
2
2
1 1724066747
2
1 2947586548
2
2
1 1399911824
1 1284430221
1 1592236850
2
2
2
1 770865589
1 3938949255
1 1045513438
3
2
2
1 42229711
2
2
2
2
3
2
2
2
1 1453410114
1 3517633894
1 1316624517
2
2
2
2
1 1599766105
1 2603314388
2
2
2
3
1 2427952005
1 1504248318
1 344095721
2
1 4196847239
1 3152452042
2
1 2342070774
1 669352480
2
2
3
2
3
1 1023312133
1 2130147282
1 375801443
1 906032598
1 3802485015
1 1568083597
2
2
2
3
3
2
2
2
2
1 3985098601
2
3
2
1 2469475357
2
2
1 539680142
1 3510059012
1 3987606751
1 3286376840
1 1297853615
1 812072069
2
2
3
2
2
1 3367302396
3
1 1970758453
1 2069965828
1 2852367315
2
2
1 1615158773
1 2337787936
1 1352922464
1 472775026
2
2
2
2
1 1564363832
1 3816894048
1 655046958
1 3410289974
1 2519322525
2
3
2
2
3
2
2
1 2075567480
3
3
1 3072270085
2
3
1 2291603807
2
1 1214773365
1 3265668954
3
2
2
1 1475722606
2
1 1418633803
2
2
1 2450933376
1 2273746033
1 1945671954
2
2
1 1366289079
3
2
1 549858919
1 4043135444
1 2326499903
1 541982440
2
2
2
1 3439544502
3
3
2
2
1 3768689957
2
1 1897998350
2
2
2
1 426360085
1 1762098671
2
1 432097351
1 3080262047
2
1 2451780103
3
2
2
1 4184539678
1 1455176266
2
3
2
2
1 1142182552
1 1166655473
2
1 1356325130
3
3
1 504199282
1 1084696069
2
1 3364989858
2
2
1 4047783027
2
1 1022919282
3
1 385742762
1 1568353597
1 3722460191
1 660712402
1 2731172363
2
2
1 2157910380
2
1 970952384
3
2
2
1 1752134969
2
1 2706512749
1 2801952373
2
2
3
1 3078421241
2
3
2
2
1 1151578716
3
1 3602284195
1 2252395162
2
2
2
1 628967836
3
2
2
2
2
2
1 2124341502
1 599302184
1 1561181120
2
1 2073469900
2
1 3253769397
3
3
2
1 4153214416
1 2598885219
1 2032848639
1 1055995025
2
3
1 728864638
2
2
2
2
1 2790597373
1 4289061924
2
1 4007127352
3
1 3838086180
2
1 3352598120
2
1 655427698
3
2
2
2
3
2
1 3633506960
2
3
2
1 4094696929
2
2
2
2
3
1 671465382
3
3
2
3
3
1 2660857790
1 1983524482
2
3
1 1071170506
2
2
1 4127869812
2
1 2636494149
2
2
2
3
2
2
3
3
2
2
1 486747046
1 4182274392
2
1 2994038541
1 286377445
1 1614391614
2
1 1200578664
2
2
2
2
1 693896492
1 450844374
2
2
2
1 1348116387
3
2
1 3977384873
2
2
2
1 3561947665
1 3602578316
2
1 1897719877
2
1 2453302459
3
2
2
3
1 3076246177
2
2
2
3
2
1 2225060379
1 3295212506
1 3249457494
1 3320897363
1 3831645829
2
3
3
1 1179115208
1 3883237942
2
1 993128062
2
2
2
2
1 1984115287
2
3
1 3270299155
2
3
1 2486393301
3
2
2
3
2
2
1 3917047008
2
2
2
2
1 1242990970
2
2
1 1786328622
3
2
2
1 2880293071
1 2039252529
1 3330074351
1 65403990
2
3
2
3
2
2
1 1837169918
1 3586891266
2
2
1 1540573751
3
2
2
3
2
2
1 35197109
1 2958570219
2
2
1 1939983503
1 3292830191
2
2
2
3
1 1263363508
1 1556724680
1 2294754375
3
1 2943224643
2
2
2
2
2
1 3054573904
2
3
1 1886547494
2
3
2
1 1719701069
1 1583711953
1 213839996
1 3377928516
1 731734440
1 3285829042
2
1 1600998566
1 2477480472
1 1994814333
3
1 1673973380
2
2
2
2
2
3
3
2
1 3685176756
2
2
2
1 2277308368
2
1 2714017058
3
2
2
3
3
1 505040794
2
1 2571971268
1 1399427295
2
2
3
3
1 2215848626
1 3530991344
2
2
1 3842844449
3
1 776146864
2
2
1 1177935027
1 3388238903
1 3988989504
1 718676133
3
2
3
1 1596078012
1 1558019609
1 3153076294
3
1 1778047872
2
2
2
2
1 417213350
3
2
2
1 4155755132
1 2680998680
2
2
3
1 1242216823
1 1665965945
1 3046042150
1 1199489470
3
2
3
2
2
2
2
2
2
1 1549085185
3
1 3843568548
3
1 3836876609
3
2
2
1 403282663
1 1948478215
2
1 3540206924
2
2
1 2818667834
2
2
2
2
2
1 1864295136
1 3191025326
3
1 3112196332
2
2
2
3
2
2
1 2564983755
2
2
3
2
2
3
2
2
1 831243461
3
3
2
1 612424365
2
1 1995739982
1 804831021
3
1 1013818144
2
2
1 957507845
2
1 2396408128
2
1 3970252670
1 2780531373
2
1 1258443321
1 2064120146
2
3
1 3257104672
2
2
2
3
2
1 2701835214
2
2
2
1 1549171436
2
2
2
3
2
1 1679683109
1 3885688304
3
2
2
1 1553012927
1 711666230
3
2
2
1 1014145557
1 3934303266
3
2
3
1 2968940407
2
3
3
2
2
1 1858508248
2
2
1 1190350812
1 2354472937
2
3
1 765024077
3
1 3710773294
1 3205024306
3
2
2
1 712588655
3
1 287698740
3
2
3
1 512176814
3
2
2
1 3086356720
2
2
1 1670066463
3
1 2615281584
2
2
3
2
2
1 269891027
1 944421148
3
3
2
1 3318750940
2
2
2
2
3
2
2
1 1602235712
2
1 284470165
2
1 2228824227
2
1 3715661229
2
1 4016768803
2
1 598674012
2
2
1 2921536899
1 1377431443
1 1815177911
1 3747423183
3
2
1 2530775420
2
2
1 1160827582
1 2765053603
1 93519357
2
2
2
2
3
2
2
2
1 1858086147
2
2
1 560153566
1 1490064900
2
2
1 165989822
1 306583545
1 3035306966
3
2
2
3
1 2664939053
2
2
2
2
2
2
3
1 3238762402
2
3
2
2
1 2314775222
2
1 3375782834
2
1 2657282088
2
1 2253450904
1 2131319039
1 4254595421
1 2778295354
2
3
2
1 4010677597
2
3
2
3
2
1 1890085643
2
3
1 1381628752
3
3
3
1 2563731772
1 2746953582
2
1 3035285378
1 2386546491
1 1169382003
2
1 137474280
2
3
1 1846331732
2
2
3
1 1075555513
1 2792343801
2
1 2820752774
1 2445453518
3
2
3
2
2
2
1 3356566650
2
2
2
1 4140902395
1 542597078
2
2
1 2295263384
2
2
1 2015658680
2
2
2
1 3869834217
1 267072420
2
2
3
1 3736812974
1 3613153542
3
2
3
2
2
2
1 1814985239
3
2
3
1 2990191311
2
1 3219589055
1 827190249
2
1 1322688492
2
2
3
2
2
1 3741270618
3
3
2
1 2655449758
2
2
2
1 2139933238
3
2
3
1 3633092631
3
1 2274987386
1 3382412651
2
1 572614079
1 2310563376
2
1 3070064389
3
3
2
2
1 177869303
3
1 2684025275
1 1097443944
1 2763150019
1 1834786995
2
2
1 390027809
1 246857505
2
2
1 3512007287
2
1 519656837
1 201694464
1 2662737360
1 1828705851
2
2
3
2
1 1796625259
2
1 4235271719
3
3
1 3665441138
3
3
1 1756002981
2
2
2
2
2
2
1 2424727655
1 971463191
2
2
1 800632365
3
3
2
1 2127081051
1 1968494908
2
1 175902699
1 2839779922
2
2
2
2
2
2
3
3
2
3
1 915810840
2
2
2
1 4210659656
3
1 842964610
1 2500347047
2
1 1863470503
3
3
2
3
2
1 3590687117
1 3344823308
2
2
2
1 4261336303
1 2207245442
2
1 2091535641
3
2
2
2
2
2
2
2
2
2
1 4117439601
3
2
1 3123671969
3
1 625207879
2
1 2523370939
3
2
2
3
2
1 1200174691
3
2
1 3770606039
1 3052906172
1 3436000503
2
2
2
2
1 456654623
2
1 2445405702
2
1 1607493042
2
2
2
2
2
3
1 4169158175
2
2
2
3
3
1 3950266963
1 183004905
2
2
2
1 1811794131
2
1 860098882
1 2543374836
2
1 2814413499
1 1846066371
1 1585427343
2
1 2263232699
2
2
2
1 2898725588
1 1942847823
2
2
2
1 4180695317
2
2
3
1 1196788030
2
1 821757526
2
2
2
2
1 1313993689
1 1181678244
1 1451550396
1 3238617330
1 4189714489
1 1733327050
3
1 3519344983
2
1 907419697
2
2
2
2
2
2
3
3
1 2391599559
3
3
1 1039362187
1 2297891577
1 4288492098
1 2693632589
1 648677471
1 786993405
1 3386537931
2
2
2
2
3
2
2
1 2645369282
1 3184606678
1 3361231238
1 3287956852
2
2
3
3
3
1 3985977170
2
2
2
1 2580199879
2
1 2444960170
1 2502031652
1 1428546566
1 2144522776
2
2
2
2
3
2
2
1 3252214150
3
2
1 835521649
2
3
3
1 908359293
2
1 2962010794
1 2882698129
1 1120712015
2
1 3753283246
2
2
1 1116261220
1 1061014891
2
1 2916734312
1 219608240
2
2
2
1 3650203
1 3392464632
2
2
2
3
1 3019353311
3
3
2
2
1 470388995
3
1 4075676321
1 1931519271
1 3334579463
2
1 3799137617
2
2
2
3
2
1 1090385519
1 2880693300
1 1823588129
1 4222621502
2
1 3513118691
2
1 3096185866
1 888223037
2
1 840129608
2
3
2
2
2
2
2
2
3
1 3542050213
2
1 2208484447
2
3
2
1 3180292726
1 807606182
3
2
2
2
1 494696981
1 2158980441
1 124125719
2
2
1 1163205555
1 526119088
2
1 1542490145
3
1 3714551292
2
2
1 2893972701
2
3
1 3517054664
2
1 502737861
2
2
1 2245028592
2
1 3821182016
2
3
1 1849491741
2
2
2
3
2
3
1 2521614630
2
2
1 995671319
3
2
2
2
1 4253650366
2
2
2
3
2
1 3699758817
1 3164518344
2
3
2
2
1 1444560005
2
2
2
3
1 291834379
2
1 1646767337
2
3
1 2714528986
1 1235413515
1 3369031078
2
2
1 1334788919
2
3
1 1765043633
2
2
2
2
2
1 3236322413
1 3771652527
2
2
2
1 2205920214
2
2
1 396647979
2
2
2
3
2
1 754935453
2
2
2
2
2
1 1623784215
3
2
2
2
2
2
1 2339485042
1 1836920153
1 3090616105
3
1 749667383
2
2
2
2
3
2
1 1515178616
3
1 1502879681
1 3340516281
1 2567271234
3
2
1 1779962814
2
1 747269884
1 140176447
3
2
1 3785909504
1 595841807
3
3
2
1 1194485726
2
3
3
2
3
2
1 2080922424
2
2
1 3261540446
1 4074826428
2
1 1789091624
2
1 1532582245
1 2720601443
2
1 1627522624
1 1580185927
2
2
1 2922478416
1 508983960
2
2
2
2
3
1 3226327810
1 90098610
1 4001191080
1 2675012933
1 2125362849
1 514283810
1 1311360579
2
2
1 3302979823
1 1551521678
1 1953440534
1 909789794
2
2
1 43948716
3
2
1 618393026
3
1 1779687754
2
1 1982784180
2
1 1883458727
2
1 4121283240
2
2
3
2
1 387644221
1 565317508
2
2
2
1 1057208435
1 1335403097
2
1 1299951419
2
2
2
3
2
2
3
1 1287745213
2
2
3
2
2
2
3
1 3481876120
2
1 676200303
2
1 2271963594
2
1 897968356
2
1 2046140382
2
3
2
2
2
2
3
1 11480647
1 3119926344
1 2801297252
2
1 2918402374
2
2
2
2
2
1 968225803
2
3
1 1781190722
3
1 3032027210
1 400446118
1 3374067403
3
2
2
3
2
1 3322540455
1 1049771166
1 1290680835
1 3234503935
2
3
1 566367360
3
1 403608721
1 2651656868
2
1 698402193
2
2
2
2
2
2
2
2
2
2
1 3898516514
3
1 1833534100
2
2
2
1 975824571
1 160924573
2
1 1487911506
1 2901496192
1 274729676
2
1 846267098
1 4090330193
2
3
1 437276164
2
1 4205316709
3
2
1 2672710039
3
1 3116758115
2
2
2
2
2
2
2
1 3701455233
3
1 1658616530
3
1 901882148
3
1 1013515167
3
2
2
2
2
2
1 1181255882
2
1 3320079610
3
1 1768461865
2
2
2
2
2
2
1 3323624437
2
1 357550147
1 1514658896
2
2
1 2950516143
1 2106068202
1 698572936
2
1 2859093890
2
2
2
2
3
2
1 855825770
1 3786685302
2
1 497318639
1 2154996900
2
2
2
3
3
2
2
1 844198643
3
1 3129390804
2
1 2497942914
1 2766041427
2
2
2
1 2390434748
1 2928935172
2
2
1 2752582772
3
2
2
3
1 4268984904
1 2085027946
2
1 3724488145
2
1 793975680
3
1 295955119
2
2
3
1 707962395
2
2
2
2
3
2
2
1 2518342316
2
2
1 2963134290
2
1 1900401487
2
1 378218833
2
2
1 1956011478
2
1 1184578390
2
1 3331013728
1 1687966211
1 1994578285
1 518014294
1 1838252725
2
2
2
2
2
1 2470842939
2
2
2
2
2
3
1 3499754771
3
3
1 2407625477
2
2
1 665949874
1 865355098
3
1 4007241350
2
1 110676117
2
1 660125907
2
2
2
2
1 806590154
2
2
3
3
2
2
3
3
2
1 38494024
2
3
1 3426842592
1 3082645816
3
2
2
2
2
1 4195084137
1 3613192363
2
2
2
1 3420825956
2
1 2073861806
3
2
2
2
1 2841736955
2
2
3
2
2
1 3146031099
1 1943672037
2
2
3
1 1669473992
2
2
1 1411776849
2
2
2
1 2294221378
1 2359566015
1 107497278
1 351773431
3
2
3
2
1 1337589140
1 1077522656
2
1 2480642335
1 2994073659
1 2807853064
1 3531714461
2
2
2
2
2
2
1 413332807
1 1490979117
2
1 776512742
3
3
2
1 3097950611
2
2
2
1 3098912901
3
2
2
1 1193774123
1 1013170640
3
2
2
1 774593158
2
3
2
1 4062105571
2
2
2
3
2
1 1248122522
2
1 3039721808
3
2
1 4039690427
2
1 1811780493
2
2
1 1287345336
2
3
2
1 988770079
3
2
1 375640829
2
2
1 2522082045
1 3537595320
1 973873642
1 702676839
1 1549460470
2
1 1309280459
2
1 2202793114
1 1468751746
2
1 687903973
3
1 1029147323
2
2
1 1961314951
3
1 3918119031
2
3
2
2
2
2
2
2
1 1907601
2
2
1 996428669
1 754858311
1 3465165927
1 1217681115
1 1266528499
1 2022566289
3
1 2240678605
2
1 54768785
1 603496218
3
1 1533472599
2
2
1 3430116031
1 3899313809
2
1 192273250
1 2357320166
1 732173215
2
2
1 2347295279
2
1 2235192729
2
2
3
2
1 1377661344
1 1441843193
2
1 1741745558
2
2
1 1731159485
2
1 3253326052
1 1248889703
1 2771351229
1 1410924126
2
2
1 3798623486
2
2
3
2
1 2702930246
1 2878052162
1 127807742
2
3
1 925819933
2
2
1 1575503811
2
2
2
1 2537383439
3
2
1 1145737660
1 1816915845
1 2117185102
1 114157989
2
2
2
1 2448143284
2
1 1147557225
2
2
2
3
1 971854318
2
1 1612006676
2
2
2
2
2
2
3
2
1 2182386126
1 3858919986
3
2
1 1927316754
2
3
2
2
3
1 2273921100
2
2
2
2
1 240813658
3
2
1 2042240376
2
2
1 1316570855
1 2206498345
2
3
3
2
2
2
2
1 1269961632
3
1 3326324746
1 119919409
2
2
2
3
2
1 2530025698
2
1 2171211436
1 2751089183
3
2
3
2
1 2285819407
1 2683957262
2
1 754464191
3
1 3316782338
1 2270950356
1 2587548628
2
1 1685140389
2
2
2
2
2
2
2
1 2546703525
2
2
2
1 2892938415
3
2
1 1848869673
2
2
3
1 3180183268
2
2
2
2
1 251480329
3
1 3272257107
1 1264222145
2
1 1766612809
2
1 3905175318
1 2019582762
3
1 3416434510
2
1 2266517636
2
2
1 3351855572
1 1326386804
2
1 643517559
3
2
1 3693660776
1 1045266117
3
1 3017419000
2
1 378958196
3
3
1 2509662825
2
3
2
3
1 1158054607
2
1 72495840
3
1 4004132547
2
2
3
1 825212102
2
2
1 1307777870
2
2
2
2
2
1 3452068226
1 3316630895
1 4291238983
1 4142728814
2
3
2
1 2656548321
2
1 2814289139
2
2
2
2
2
2
2
2
2
2
2
3
2
1 3647751952
1 3151558721
2
1 1474469935
2
2
1 1943492723
2
1 2204579776
2
2
1 733222230
3
2
1 1298167508
2
2
2
2
1 227902869
2
2
1 2073098566
2
1 1141539532
2
1 3987993804
2
1 1408914301
2
2
2
1 354683691
2
1 97064225
1 277393732
2
2
2
2
2
1 220360230
1 584154599
2
1 1578728038
2
3
3
2
1 2570494961
2
3
1 1568639388
1 210218444
2
1 2865845918
2
1 797024092
2
1 334091121
1 2431457323
2
2
2
1 2621356981
1 1584185913
1 3476270149
1 877820861
1 2208232716
2
2
2
2
2
1 3978144510
2
2
1 2633035584
2
2
2
2
1 1595565144
2
2
1 1728450516
2
2
2
1 2377105836
1 2266176615
1 2612496586
1 2732102329
2
3
2
2
2
2
3
1 3979975396
2
1 1448694385
3
2
1 2453415561
1 496877967
2
3
1 328760724
3
1 3168613308
2
3
3
1 3379113009
3
2
2
3
2
2
3
2
1 2253826038
3
3
2
2
2
2
2
3
2
1 3296600747
1 740416986
3
1 1973437125
1 3945516914
1 606616787
1 2055671537
3
2
1 4271902240
3
1 2656986297
3
2
2
3
3
1 3297613312
1 3779384625
2
3
2
1 3670207095
1 2370463042
1 4003248067
2
1 2046738365
1 420894635
3
2
3
1 3456483493
2
3
3
2
2
2
2
2
2
1 3665658561
1 1241452318
1 2860835970
2
2
1 3957633210
2
1 1259550434
1 2838142739
1 2202828914
3
1 543080993
2
2
1 157214154
2
1 3862300105
2
1 1823219968
2
2
2
3
1 1253515016
2
3
3
1 4184970708
1 3373171448
2
3
2
1 3560579749
3
1 2703673800
2
2
1 2719616398
2
1 316359579
1 851536354
1 2711968172
1 520549073
3
2
3
2
1 3906137775
1 3861458328
1 3093571768
1 1943341772
1 1758207943
3
3
1 3313448953
1 4036214740
2
1 2453863606
1 2337887265
2
2
2
3
2
1 3242279201
1 534634543
2
3
1 3077606404
2
1 403806247
3
1 3606446844
2
2
2
1 1571554742
1 2307683789
1 2334412041
1 4213891373
1 1740901425
2
1 953893747
1 289651691
1 1936472528
3
2
1 2693532858
3
1 3307771208
2
1 2129967281
2
2
2
1 2886767109
1 1171026827
1 4149148451
1 1418355394
1 521526349
1 2275265190
3
1 1159196994
2
1 213606998
2
1 1322430556
2
1 363662259
2
3
1 3663837854
1 448601410
2
2
1 3467879364
1 424483018
3
2
1 2847797211
1 1793740645
2
2
2
1 3492427208
3
2
3
3
2
2
2
1 625615379
2
1 1257582194
1 999299302
2
2
1 4125646708
3
1 775928420
2
1 2627258841
1 848781051
1 3447061059
2
2
1 1308656336
1 1644574077
3
2
1 3545278673
1 1540512324
3
1 3046947838
1 3661624328
1 1006594669
2
1 4170410152
1 2949204022
2
1 3960937706
2
2
2
2
3
1 4037826757
2
2
1 3470103794
3
2
1 141214136
1 2815224607
1 907692079
2
1 426495565
3
1 1761956182
1 3558867618
2
1 427617712
1 3631730764
2
2
1 3795476340
1 3902447037
3
1 51699440
1 4092136856
2
1 3705030203
1 2142001697
2
2
3
1 3330369913
2
2
1 92904472
1 10815791
1 373033941
2
1 3602378739
1 1634326168
2
1 1786250164
2
2
3
2
2
1 3425007849
1 2320777391
1 132650601
2
3
1 2841810749
1 2840920092
1 639824424
3
2
2
2
2
1 2987306885
1 891331710
3
1 622579210
2
2
3
2
3
3
1 2291097926
2
2
2
2
1 3280957834
2
2
1 721799760
1 2148063888
2
1 1506363653
2
1 1165900774
2
2
1 1155185373
2
1 1548474455
2
2
1 2199132298
3
2
2
2
1 1252319313
2
1 2245800874
1 4147694821
3
2
3
2
3
2
1 4149938194
1 952109688
3
3
2
2
2
1 2083876306
2
2
3
2
1 4040744913
1 193093634
3
3
2
1 1384565728
2
2
2
3
2
2
1 2589689395
3
3
1 2978350254
1 3623850436
2
1 1134791310
1 3206934373
1 1274402190
1 2945140939
3
2
2
2
1 3734003652
2
1 42536359
3
1 1007594036
1 3592400022
3
2
2
1 421124224
1 3890501023
2
2
2
2
1 1596410110
2
1 4265069563
1 1621297941
1 1158159966
2
2
2
1 3904904056
1 1652424381
1 3402511429
3
2
2
1 3587589299
1 4155112858
2
2
1 4156936435
1 3835980449
1 2508333290
2
1 1025401699
2
3
1 3442434067
2
1 3084785860
2
2
1 883686437
1 1822026144
2
2
1 2804541950
2
1 775668679
3
2
3
3
2
1 4148661035
2
2
2
1 3964918493
2
1 3577452423
1 939912628
2
2
1 2360189893
1 2234319550
2
1 2253484766
1 1322817736
1 2142726863
2
1 3624782440
2
2
2
2
2
2
1 2956450332
2
1 1589143373
1 4127937173
1 3793798224
3
2
1 1312381067
3
2
1 4262977589
1 2398944981
1 2389925105
1 3195714905
2
3
1 2220258457
2
1 3672094306
2
1 3080926500
2
3
1 531316586
2
3
2
1 2498533830
3
1 3367841755
1 3719161925
3
1 405137729
1 2650953171
3
1 2973771469
2
1 3716635991
1 3092148453
2
1 2131631037
1 94740357
2
1 2653000647
2
2
2
2
2
1 116515178
1 2726778825
1 2527735857
3
3
2
1 4020303694
1 2536227164
2
2
1 1145503483
1 3732190673
2
2
1 1799377032
2
3
2
3
2
1 993928617
1 1132075836
1 1214856702
2
1 4022214743
1 2106470400
2
1 2833661175
2
3
1 2020798358
2
3
3
3
2
1 1077273375
2
1 1069949088
2
2
2
1 1487599689
3
2
1 2861539459
1 42987982
2
1 252988859
2
1 75370468
3
2
2
2
2
3
1 887258035
2
2
1 3230781704
1 1711131966
2
2
2
1 3276150471
2
1 1611081855
1 505801866
1 1859514963
1 997415872
2
2
2
1 1455864135
3
2
1 2710973964
1 2922675250
1 1442816998
3
2
2
1 1452630191
2
2
1 900916807
2
2
1 1743138991
2
3
2
2
1 1406233604
1 40279647
2
2
3
2
1 4205630620
1 3707897500
1 1855792009
1 802646803
3
1 2753318566
3
2
3
2
2
2
3
1 89684845
3
2
2
2
2
2
3
1 4209480665
2
2
1 2954273778
1 70067126
1 3308348569
2
1 2680304716
2
1 64800443
1 1331950019
1 1688830127
1 1763619404
1 2560540429
1 2180472918
1 2989388976
2
2
1 2654203313
2
1 798677109
1 3584459755
1 2854675865
3
2
1 410573820
1 3631630310
2
3
3
2
1 2970348825
3
1 4046153738
1 1179379808
2
2
2
1 1308836026
1 3271680969
3
2
3
2
1 1017191627
1 1661870719
3
3
1 1044417081
1 2535505887
1 550082623
2
2
2
2
3
1 3110562510
2
3
2
1 3748407167
2
3
3
2
2
1 4008354711
1 720832416
1 456561134
2
1 198624929
1 4072365767
1 194223310
1 2236817562
2
3
3
2
1 2109141850
2
1 3682505586
1 1870900304
1 1583605537
3
1 1151480193
2
1 3071397934
1 2106111349
1 648946392
2
1 526204573
3
3
2
1 1711222218
2
2
1 2051005351
1 3473329332
1 3859767384
1 103714556
3
2
1 46803930
2
2
3
3
1 4002050057
1 3635006610
2
2
1 2333995364
3
2
1 1362576927
3
1 4095616895
1 2880868862
1 219296474
1 1282209424
1 1647799259
2
2
1 2162740981
1 3304454978
2
1 2353576325
2
2
3
2
2
1 149482110
2
2
1 3247623849
2
1 51319151
1 1348139258
1 1664472242
1 599514410
1 2567877836
1 4210356253
2
2
3
2
2
2
1 358967152
2
1 4103105902
2
1 4184710375
2
2
3
2
1 1847621088
2
2
1 3613987227
3
2
3
3
2
2
2
2
1 1887149997
2
1 4201995727
1 3039969643
2
2
2
1 2576642953
3
2
3
1 3429570836
1 1714864282
2
2
3
2
1 2958606571
2
2
1 4145874831
2
2
3
2
2
3
1 1273247787
3
2
2
2
1 3225039237
1 1522369763
1 2220121813
1 4081063226
2
1 4287496520
1 3227023774
1 1293471724
1 3554101448
1 4092744948
1 3086061689
2
3
1 880364573
1 3259006707
2
1 3589415350
2
1 2192278197
1 1399839563
3
1 2088943321
3
3
2
2
2
1 3587443831
2
1 2297211135
1 3555301150
2
2
1 3508421326
2
2
2
2
1 3217899460
1 1092198016
2
1 4130298559
1 132076325
2
2
2
3
3
2
2
2
2
1 1132267913
1 1157111112
2
3
1 1919585126
2
2
2
1 319935118
3
2
3
1 431413794
2
1 1361632430
3
2
3
1 1704016003
3
3
3
1 1229219905
2
3
1 194042174
2
1 3143290168
3
3
1 3525229245
3
1 303697254
2
2
2
1 1530728211
3
3
3
2
1 177775382
2
2
1 1818559650
1 3285810782
1 350962422
2
2
2
1 3278266128
1 1889028431
2
2
2
1 236296921
2
3
1 2022057511
2
3
1 2753777408
1 2039686953
2
1 1316979848
2
2
1 3273494791
1 2960582064
2
3
1 1694291536
2
1 4143517648
2
1 2728039207
2
2
1 3913852502
1 3522487131
2
3
2
2
2
2
2
2
1 780833988
2
2
1 1196476668
1 2422278754
3
1 3494223453
2
1 2275037540
2
2
3
2
1 3450705625
2
2
1 1232331019
2
2
2
1 4171829690
1 3420460342
2
1 1583851018
1 237843876
2
2
3
1 4243360366
1 1869797813
1 3188250014
1 673062159
2
2
2
2
1 1782165864
1 3342839648
1 3466959096
1 2413008432
2
1 3527173275
1 2297301955
3
1 2349649946
1 2500625560
2
3
3
1 1130936663
2
1 3364332911
2
1 2779253963
2
1 604317164
3
1 2315285742
1 1155631770
2
3
2
1 1229235063
1 1643965823
2
3
2
1 3210197977
2
1 1474602968
3
1 129641097
3
1 576677978
1 2044718968
3
2
3
1 2835437043
2
2
2
1 2451490336
1 1146360353
2
2
2
1 2983403256
2
1 2820075263
1 2021875740
3
1 180968844
1 2774142896
2
3
3
2
2
1 1690068639
1 392606709
1 792610698
1 1274991366
3
3
1 513307917
1 709038791
3
2
3
2
1 1424359973
2
2
2
1 1821248751
2
2
3
1 1484487226
2
3
2
1 435983309
2
1 3742461331
3
2
2
1 984329595
1 1441043846
1 245915471
2
2
2
1 3353682913
2
2
1 3833849173
2
2
2
1 4061856560
1 862232215
3
2
1 2072119007
1 2227726019
3
2
3
2
1 612196159
2
2
1 3185141653
2
2
3
2
3
2
2
1 4292171107
2
1 1494542905
1 15106299
1 352026884
1 3312734959
2
1 3544022989
1 2808509915
2
1 3560591622
2
3
2
1 3852768468
1 2526658534
3
1 1357253805
1 1425326862
3
3
1 95694409
2
1 1471174828
2
1 957462345
2
2
2
1 3864376001
2
3
2
2
1 1816949356
1 1433354411
2
2
2
1 2350516096
2
3
3
3
2
1 4288814482
2
1 1230282678
2
3
2
1 2277467627
1 3789983618
1 2099931819
2
3
3
1 364758006
2
2
1 354666263
2
2
2
2
1 3846377864
2
1 1024937190
3
2
1 1323606374
1 2186944490
2
1 2412661820
2
1 2063382574
1 2817298780
3
2
2
2
1 1821753665
3
2
1 4190253915
1 414770889
3
1 1665871748
2
2
3
1 3464020061
2
1 4072348908
2
1 1334357636
1 2947538899
2
1 4237263016
2
2
2
1 1849463979
1 1465965098
1 1556443685
2
1 1248004160
2
3
2
1 2651626056
1 191947999
2
2
2
1 2577124997
2
2
2
1 2975086031
2
1 2238520610
1 1866097141
1 260693129
2
3
1 124267342
1 1973263959
1 2744689449
1 4107512196
1 318577104
2
1 984787907
1 3553870588
2
2
1 1404727064
3
3
2
2
1 571345594
3
2
3
2
1 3391310557
2
1 1822235562
2
1 1765304048
1 298781612
1 2882373491
3
1 3514967950
1 3807844311
2
2
1 2517677398
2
3
2
1 3299318938
2
3
2
2
1 1899238667
2
2
2
2
1 1688643941
2
1 1321248262
2
2
1 967435964
2
3
3
1 3313221453
1 1763067191
1 3222540340
2
1 1108426001
2
1 2524842839
2
2
2
2
1 3719950027
2
3
2
1 2957832431
2
2
2
1 4206489342
2
3
2
1 598180545
2
1 276876053
1 2291634711
2
2
2
3
2
2
1 4060279269
1 3699887151
3
2
2
2
3
1 3220781681
2
2
1 352906712
2
1 1440244508
2
2
1 2221075688
1 2226515456
2
2
1 450045191
1 4136355692
3
1 3617944341
1 1833897415
1 1714235330
1 146324618
3
1 128684217
3
2
3
1 3292343464
1 66397749
1 3361272996
2
3
2
2
2
2
1 3824902790
1 3010868237
3
1 980578615
3
2
1 1868764947
2
1 2244509140
3
1 945549650
2
1 1942478982
1 3250911868
1 1978346098
2
2
3
1 1907728769
2
1 1636303705
2
1 2005569227
2
1 1578032203
2
1 3337393196
1 1762524898
2
3
1 3538019714
2
1 2454134077
1 977386102
2
2
1 805541344
2
2
2
2
3
1 3177863539
2
2
3
2
2
2
1 783663409
1 899534112
1 4009431233
1 2146875610
3
2
2
3
2
2
3
1 342566363
2
1 2019569964
3
2
2
1 3710565599
2
2
1 563038198
1 3459615109
3
3
2
3
2
2
1 3792125123
1 771759080
1 3212391675
2
1 3368083047
2
1 3687766573
1 2044165220
2
1 328206657
2
2
2
1 3544829963
1 3735322488
2
1 2072660137
1 1911298348
2
2
2
2
2
2
2
2
3
2
2
2
1 693256536
2
2
2
2
2
2
1 100458151
2
2
3
1 4245916830
2
1 705302585
2
2
1 1663185824
1 2953821220
3
2
1 3198996199
1 2783043349
2
1 2146638279
1 717755685
2
2
1 3571347070
2
1 2242521578
3
2
2
1 11365206
2
2
2
2
1 3403355657
1 1856478116
2
3
2
1 1901480082
2
3
2
1 385999814
2
3
1 4026834374
2
2
1 1783788656
2
1 3947077444
1 736792863
2
1 2463199452
1 3289785688
2
2
2
2
2
1 4182465680
2
1 3992471195
2
2
2
1 745262160
2
2
2
2
2
2
1 4085086306
3
2
1 2436380235
1 2081292985
2
2
2
1 2834773574
2
2
2
1 3941120244
3
1 3665837037
1 2728038855
2
3
3
1 3848713434
1 386840652
2
3
2
1 3131688192
2
2
2
2
2
3
3
2
1 2798638543
1 1465977162
1 367143740
1 2290927561
1 2873334843
2
1 3254137743
2
1 2919825594
1 3660809528
1 408474910
3
1 3615636289
3
1 1462530163
2
1 1375630287
3
2
1 1187380124
1 1346282869
1 2753539932
1 3607205510
1 1858740158
2
1 1703450514
2
2
1 2398656084
2
1 2466979408
1 1706532194
1 4076195394
2
3
2
3
1 3674008428
1 1773381069
2
2
2
2
2
1 2217666119
1 1420083544
1 2963388016
2
3
1 1186953343
3
1 2549155232
1 1707976613
2
2
1 709710182
2
2
1 162946229
2
2
2
2
1 118213087
2
1 493273195
3
2
2
1 2166231057
1 1602422825
2
1 485389676
1 4210875064
1 2387118093
2
2
1 626234783
3
2
1 3398826104
3
1 2317418737
3
3
2
1 2084960355
2
1 1933437828
2
2
2
2
3
1 1469587545
3
2
2
2
2
1 325835359
2
1 194267979
2
2
1 2959062754
3
2
3
2
1 1884867901
2
2
2
1 1636446288
3
2
1 3780176006
2
3
2
2
2
1 441248810
1 199383862
1 916976756
2
2
2
2
1 2397496297
3
3
2
1 3380389727
1 4198720186
1 1048311764
2
1 778688676
3
2
3
1 4150716737
1 3640327818
2
2
2
2
1 2790043123
1 3531416406
1 3032959070
3
2
1 714938036
3
2
2
1 2494074832
1 839456561
3
1 3883267618
2
1 4052492234
1 830377982
3
1 873150476
2
3
2
2
2
1 1066723693
2
1 1403242104
2
1 672181786
1 2937392630
3
1 1992135622
1 2055670193
2
2
2
1 2220062364
2
1 3685282191
2
2
2
1 272839292
2
2
1 1473102400
1 2137210458
1 369101078
2
2
2
1 1924584051
2
3
2
2
2
2
2
1 2290447871
2
1 3446461920
2
2
1 839334513
3
2
1 2538028139
2
2
2
2
2
1 1001142013
2
2
3
2
2
3
1 2373135148
2
1 1777813503
1 3560778163
3
1 145743625
2
1 4281105237
1 1493727234
1 2083045556
2
1 737814397
2
1 173733773
3
3
1 4291495812
1 1938709457
2
2
2
1 3924021227
3
2
2
1 2037059308
1 1789810466
1 2877104398
2
1 1991728255
1 2907669641
3
1 2255396610
1 1852232773
3
1 3525770039
1 3090988821
1 2784850505
2
2
2
1 262939910
1 1159878616
3
2
3
2
2
2
1 365214267
2
1 1264241454
2
3
3
3
2
3
1 1553900807
1 2662066827
2
2
3
2
1 562277381
1 3576652572
1 1904674656
1 1935109701
2
2
1 667355991
1 3028685312
2
3
1 2696968493
2
2
3
3
1 3316926803
1 3174653139
1 3938675288
1 1207453539
2
1 2339610269
1 4122611494
1 194663756
2
2
2
1 1674498139
2
1 2214998557
1 696124217
2
2
2
3
1 993737831
2
3
1 594562287
2
1 4201149543
2
1 2483002675
2
1 1950313675
1 1449294848
2
1 1737726882
2
1 1445420410
3
2
2
2
1 1087297184
3
2
1 1064230048
2
1 2888126429
1 1068657224
1 3652037494
2
3
2
1 1999601961
1 4183977570
1 2475956371
2
3
1 965885003
2
2
3
1 2575843909
3
3
1 217379212
2
2
1 4121438070
1 2765714229
2
2
1 4109092759
2
1 2950079521
1 1755791341
1 1934123088
2
2
1 660642982
2
2
1 2506977975
1 1856492128
3
2
2
2
2
1 771350770
3
3
1 913432754
2
2
2
2
2
1 1062543129
3
1 1873729296
1 644513435
3
2
1 2155787614
1 2334249297
2
2
2
3
2
2
2
1 1136102844
2
2
2
1 98397743
1 1438129438
2
3
1 1691386334
1 989693923
2
2
1 4207147764
3
1 2485863064
2
2
2
1 2559686222
2
2
1 1849045463
2
3
2
2
1 3695611130
2
2
2
2
1 2144928380
2
2
2
2
1 2189141583
3
2
1 3104548324
2
3
1 1362591050
3
1 122042896
2
1 553080282
1 1549398316
2
2
2
1 2728758720
1 3618054902
3
2
2
2
1 2155984079
1 935135030
1 3194830667
1 773776451
2
1 1331341658
2
1 1123374329
2
1 1250922552
2
1 47503447
3
2
1 3219617024
2
2
1 2543020967
1 2395347314
1 547978262
3
1 4042438160
2
3
1 4220494971
2
1 2999347533
2
3
2
2
3
1 93752958
2
2
2
1 2889051894
1 1298520384
2
2
1 3787189442
1 1977859261
1 3873882879
1 1044306844
1 2777165626
2
2
3
3
2
3
2
1 2675684633
1 2605007496
1 1862576229
2
1 1533253461
2
2
2
2
2
2
2
1 580894379
2
2
2
1 2315973200
1 2287397103
1 1118483941
3
1 3354122545
2
3
1 1684764244
1 2425517668
1 3631933094
2
1 2350954030
2
2
1 1098290941
3
2
1 2667301351
2
1 2755200886
2
1 2755034887
1 461196078
2
2
2
2
3
2
2
1 2436841468
2
3
2
2
1 124132696
1 1371671918
2
1 2620286708
1 1078104857
2
1 3727284748
2
2
2
1 3769979293
2
2
2
2
2
1 3692980702
3
2
1 662544205
3
1 435142180
2
2
2
2
2
2
2
1 2648489372
2
1 1597666907
1 252265076
2
2
1 2538086650
3
2
2
1 1955579330
2
2
1 1295452975
2
2
2
1 11454560
2
2
1 1606117742
3
3
2
3
1 3800946702
2
1 4214662457
1 1382416950
3
1 3318884499
2
2
2
2
2
2
3
2
1 1661883411
1 643166798
3
1 1181904096
2
2
2
2
3
1 1680686950
1 445001123
3
1 998972407
1 294666951
3
2
2
1 163006880
2
2
1 1788520827
3
2
2
2
1 1838279726
1 1086617262
3
3
1 2755528578
1 1724127015
2
1 782626651
1 3037433919
1 3313563584
2
1 1733711270
2
1 2165931580
2
2
1 3816897139
2
1 51748553
2
3
1 2424352121
1 3343991751
1 2763325063
1 1915167579
2
2
2
1 4263133
1 3699108203
2
1 3490891548
1 2625170698
3
1 147658628
3
1 1967984427
1 4290713665
1 3659343657
1 2331386680
2
1 2485382489
1 1041307015
3
3
3
2
3
2
2
1 3743959904
2
3
2
2
2
1 3498630351
2
1 255303814
1 44190636
1 946444615
2
2
3
2
1 2995589599
2
3
2
1 1683452364
1 3660236309
1 1259468297
1 2671855617
1 808097375
3
1 1189297929
1 2434636819
1 883884704
2
1 1976681394
3
2
2
3
2
2
2
3
1 1433391501
1 2339611174
2
1 571738271
2
2
1 124687230
2
1 2088451900
2
3
2
2
1 6385926
2
2
2
2
2
1 3657689068
2
1 582409350
3
1 2626071666
3
1 1496555143
2
2
2
3
2
1 2106173148
2
2
1 3296572803
2
1 3751759285
2
1 3125431091
2
1 1183674478
2
1 2217215248
3
1 768008894
1 1319665903
2
2
1 2126359898
2
1 3994904930
1 3207054304
1 1581164991
1 3773642401
1 18285309
3
2
1 1935378108
2
2
3
2
3
3
2
2
2
2
2
2
2
1 693207551
2
1 3461752248
1 3964200193
3
1 2439186251
2
2
3
1 1291353240
2
1 2062225492
2
2
2
2
2
3
2
1 1019063869
2
1 1988867965
1 2817303523
1 2968282281
2
1 1300846567
2
2
1 1719630693
2
1 181311731
2
3
3
2
2
1 3286681227
2
2
1 3070648453
2
1 2985243532
3
1 2829216678
2
1 1283130726
1 1338040611
2
2
2
2
2
1 3483732161
2
2
2
2
3
2
2
1 608898929
1 2720424938
2
2
1 3583873026
3
2
1 559481063
2
2
1 872952743
3
1 456899297
1 1826095125
1 3001087847
1 2330805748
1 2626935028
2
2
2
3
2
1 4046882868
1 126059724
2
1 2006777367
2
3
1 604228939
2
2
2
2
1 99223256
2
2
3
2
1 1851846529
3
2
2
2
2
2
1 3247172746
2
2
3
3
1 864796639
1 3197100324
1 2463782802
2
2
2
2
1 517371514
2
2
2
2
1 1055318988
1 3061156206
2
1 4094497588
2
3
2
2
2
3
2
2
2
2
3
3
1 4259844464
1 1258754228
2
1 1855015752
1 3792385975
2
3
2
2
3
1 2379289852
1 828896
2
2
2
1 384496691
2
2
3
1 1295234160
1 206906875
2
1 422291161
2
2
2
1 2668358653
2
1 3238114293
2
1 1303423299
1 3995469376
1 1194625334
2
2
2
1 1732674411
1 2181832515
2
1 97685366
1 4172182182
2
3
1 1647313668
1 277148376
1 3297637625
1 4208745457
1 393119353
1 3268590938
2
2
2
3
1 1560196234
1 1848096264
3
2
3
2
2
2
1 3043634274
2
2
1 666495199
2
1 1761105417
2
3
2
3
2
2
2
3
1 649601404
1 970663180
2
1 16642025
1 876946124
1 3294391175
3
3
2
1 3004792734
3
1 3974958798
3
1 3219735764
1 4212864708
1 4263355246
1 1419254422
3
1 3228779437
3
1 1745782200
3
2
1 4248787796
2
1 2198877785
3
1 1649764477
3
2
2
1 4255549635
1 603014879
1 2245699020
1 678720959
3
2
3
1 3983102653
3
1 690876656
2
3
2
1 3540544937
3
3
3
1 2660810462
1 279707961
1 1190886558
1 3132695935
1 3744793978
1 1732130056
2
1 3246242826
3
2
2
1 1882101002
1 1024474779
2
1 3002472914
3
1 3893970560
1 2378503469
2
3
2
3
1 3923910887
2
2
1 3097842288
2
3
2
2
1 3746751283
2
2
2
2
2
2
2
2
3
3
3
1 114725343
2
2
1 2990744919
3
1 4243936818
3
1 4000213043
2
2
2
2
2
2
1 1369158396
2
2
1 1266887211
3
2
3
1 2446124523
2
1 1188888780
2
2
2
1 2317338151
1 1379652573
1 992442921
1 1442296822
1 3932402242
2
3
2
1 1527113347
1 1169756082
1 3953242661
2
1 1301475208
2
2
3
2
2
3
2
1 772537872
1 55618734
1 2253783335
2
1 1442451779
3
3
2
1 3294319970
1 1311961399
2
1 2360164665
2
2
3
2
1 1721618920
1 3421755981
2
3
3
1 940968401
2
1 4165038931
1 4068159530
1 2659613330
3
2
1 2655866414
1 1858157280
3
3
2
2
2
3
3
3
2
1 536205141
2
2
2
2
2
2
1 2172601174
1 4017671122
2
3
1 3084437342
1 4210246106
2
2
2
2
1 3687675081
2
2
3
1 4167231856
2
2
2
1 1505167040
1 1639250968
2
1 1546501763
1 2379882245
1 2232619755
2
2
1 3351893168
1 1117989335
3
3
1 2192993124
3
3
1 3667224387
2
3
2
2
2
2
1 1196261231
2
2
1 3999073283
2
1 2402143945
2
2
3
3
3
2
1 2172243172
1 3952506970
1 106347495
2
2
3
3
2
2
2
1 2946286344
1 2938042208
1 2267471125
2
1 2219357011
2
2
1 2175545203
2
2
2
2
2
2
1 3218365299
1 3382570046
2
1 3884633623
1 2638613176
2
1 2041854945
2
2
2
1 3250566586
2
1 863672933
2
1 2170054509
2
2
3
1 1197892555
3
2
2
1 3614297385
1 2650158749
1 4117137254
2
1 1279374565
1 265379897
1 3863809929
1 2420685038
1 2610243791
1 2096883443
3
1 3529935320
1 3504340989
1 1198220162
2
1 748908094
2
1 1271549264
2
2
2
2
2
1 2923154658
2
1 632300797
2
1 841048144
2
2
1 286599227
1 673334802
1 797914299
2
1 3563047496
3
1 36840932
1 3100597935
2
2
3
1 3531127099
2
2
2
1 4052829377
2
1 3709661190
1 3021895795
1 3108580696
1 781499174
2
2
2
2
3
2
1 2759579274
1 3468242318
2
1 75943013
3
2
2
1 239950000
1 3849887016
1 4054109458
3
1 610879126
1 3875156690
2
2
2
1 1379904336
1 2034192789
2
1 2709191025
1 987536442
2
2
1 3249605456
1 184564049
2
2
1 2895219646
2
2
2
1 2247371131
2
2
1 2152397154
2
2
2
2
1 590343454
2
1 4281796829
2
1 3934671962
2
2
1 639335982
3
2
2
2
1 3339142146
2
1 3396446093
1 3564136842
2
2
1 1874364788
3
2
3
2
1 403335936
2
3
3
2
1 1487226631
1 1038307863
1 3435817799
3
2
2
1 809551870
2
2
2
3
3
1 1059538346
1 1662200689
3
2
1 416528333
2
1 1687788606
2
2
2
2
2
1 4240416891
1 1607256804
2
3
1 1243298566
3
1 1699091289
1 1664168111
3
1 683138955
2
2
2
2
2
1 352225289
1 575746131
1 702195369
2
1 3601917440
1 3456730522
1 4085680664
1 1223328859
1 874762300
1 939015667
2
3
1 82025646
3
1 3357018889
2
1 3343480326
1 2152899396
1 1314403425
3
2
2
2
1 2074144124
1 4267319896
3
1 2923538083
1 44569313
2
1 3447331925
2
2
3
3
1 4145618772
1 3682792683
1 141002275
1 3707652734
3
2
1 2071147882
2
3
1 584228720
1 3703598599
2
1 1506782034
3
1 337901716
1 186764296
3
2
2
2
1 2852988286
1 1091410302
2
3
2
2
1 643620946
1 3168695343
1 444421255
2
2
3
1 342804396
1 2231590942
2
2
1 3478280948
2
2
1 2835532341
1 3777148382
1 1520115783
1 241991311
2
2
2
2
2
1 4237422732
2
2
1 1014518590
2
3
1 1459951110
3
2
3
1 167914813
3
2
1 1334964960
1 578479876
2
2
3
2
2
2
3
2
2
1 3157825458
1 714756146
1 313411009
2
1 1808116270
3
2
2
2
3
2
2
2
1 3010934335
3
1 2380680344
2
1 2209920212
2
1 1415738999
2
1 4062894327
1 842977775
1 900019588
2
3
2
2
2
3
2
1 446999321
2
3
3
2
2
2
1 3762378142
2
3
3
3
1 1378944168
2
2
1 3798088129
2
1 1915327789
1 2204606855
2
1 2873479046
2
1 1071479717
2
1 2437086006
1 3366350519
2
2
2
2
2
2
2
2
3
2
1 1402087615
3
3
1 2088231908
1 2871609312
2
1 1339428572
2
3
1 1786801593
1 3421720408
2
2
3
2
3
2
3
2
2
2
1 3333220226
1 2921874098
3
2
1 4278199418
2
1 3593745199
2
3
3
3
2
1 1014059049
2
2
3
1 2137804254
1 1034088903
3
1 956973137
2
2
1 373331200
1 2349089934
1 3255771384
1 1303310805
3
1 3498763909
2
2
1 1662791954
2
2
3
2
2
1 2657982137
2
3
3
2
3
1 3257049577
1 3729963373
2
1 1457196926
2
1 1932130248
1 1497594749
3
2
1 2038515801
1 1519281815
1 1330929602
1 3432357398
1 931964808
2
1 1750136838
2
2
1 1259883327
1 937412284
1 1890157914
1 3931433596
3
2
1 2261770161
3
1 1627097501
2
2
1 297741121
2
2
3
1 2040912681
1 2923947216
1 4261013549
1 2133250743
1 2471927727
1 2507321276
2
1 1237651318
1 3164187762
2
2
1 1533359884
2
1 3763158107
2
2
1 2005666199
1 3516708274
1 4022241403
2
2
1 2876447242
3
2
2
2
2
2
2
1 2127676208
2
1 1884891558
1 1182275606
1 3240497787
1 1880935656
2
2
2
3
3
2
2
1 1772833886
1 3302784930
2
1 386282890
1 1592041350
1 406149281
2
3
1 1750800028
1 2627219367
1 3049597014
1 2121742931
2
2
1 88364706
2
1 1983492340
2
2
2
1 865706605
1 407664785
1 1350093424
3
2
2
2
1 456496641
1 396185012
1 274626684
2
3
2
3
3
2
2
2
1 2820225326
1 392959385
2
2
1 32928168
1 3045963383
2
1 639499402
1 3911039714
1 3210034187
2
3
3
1 2154700471
2
1 2803738861
2
3
2
2
2
1 858249237
3
1 487393297
2
1 1058446674
2
2
2
1 1375792269
3
1 999267875
3
1 997037891
1 3429146263
1 3867885827
2
2
3
3
2
2
1 2539493273
3
2
2
1 2637889730
1 2675910345
3
2
1 742801354
2
3
2
1 3995341093
1 2208059741
2
1 3648484934
2
1 236845543
2
1 1838857526
2
2
3
2
1 119852777
2
2
1 362365164
2
1 1354007945
2
3
2
3
3
1 3423141445
2
1 2975721690
1 46957712
1 4224378785
1 3547400436
2
2
2
2
3
3
1 1276995935
2
2
1 3962450668
1 2929642085
2
1 1252759806
2
2
3
2
2
3
1 3596525690
1 3757529521
1 1382637663
3
2
2
2
1 3732618052
1 2038350665
2
1 1035157837
3
2
1 3440530556
2
2
2
1 370896339
2
2
2
3
2
2
1 4286469184
3
2
1 4044890700
3
3
2
2
1 887061644
1 629049870
1 2082450577
1 2171594028
1 2624327646
2
1 131437190
2
1 2070233678
1 243839784
1 2841207101
1 3971287665
1 1718001470
1 1228968515
2
2
3
2
2
1 1233672253
1 4207931849
2
1 1947622907
1 3992955563
1 2250691782
2
2
1 1584525336
2
2
3
3
1 3833491432
3
1 182442773
2
2
1 1310711025
2
2
2
2
1 4000298912
1 3614908892
2
1 1872608189
2
1 398907117
2
2
1 1960175342
2
1 2808945560
2
1 1251301286
2
2
2
3
1 302550118
2
1 451294455
2
1 238844009
3
1 1441480797
3
1 1238076597
1 3194396465
1 584873160
3
1 4010408291
2
1 276793866
2
1 3216767731
1 3296706210
1 575414505
2
1 2769797398
2
2
2
1 2960092459
1 1704695888
1 1952147909
3
2
1 2670917994
2
2
3
2
3
2
2
2
2
3
1 3803765482
1 4064830274
2
1 1832936776
2
2
3
1 821202975
1 2763678245
1 4102028601
2
1 401617633
2
1 504219715
2
1 161523428
2
3
1 1552766283
2
2
3
2
2
1 1328509815
1 3632844932
1 1344510628
1 3722647994
3
1 799738294
1 2662542363
2
1 2333728891
3
3
2
1 2431164680
2
1 3687117956
2
1 3328291519
2
2
1 2590879962
2
2
1 43817813
3
1 999778977
1 1722277902
2
3
1 2256216105
1 93231848
2
1 1520330689
1 2519042023
2
1 1437258961
2
1 2969026032
2
2
2
1 4135224889
2
2
3
1 3574305345
2
2
2
2
1 3072113079
3
1 1627082810
3
3
2
1 2723271791
1 1774125305
1 4027457408
1 1746492048
3
2
2
2
2
3
2
1 150787377
2
1 3457945215
3
2
2
2
1 1338523373
1 1043241468
1 3476755619
2
2
1 4258620189
2
2
2
3
1 4179918146
2
1 1736978900
3
2
1 75967702
1 1543384722
3
2
1 2403487591
2
2
1 3369911077
1 1461718103
1 3113255891
3
2
2
1 2573903576
1 4239446915
2
1 652917313
1 2883273129
2
1 1486327667
1 2963558578
2
2
1 142698860
2
1 1208711419
2
1 44259349
1 1139859886
2
3
2
2
2
1 2076838336
2
3
1 4068908036
2
2
1 3684743193
1 1588393961
1 741495219
1 1452880411
1 2551183190
3
3
1 1318604452
2
3
2
2
1 2839951133
1 420186862
1 3070244485
2
2
2
1 2825134608
2
1 4222423705
1 2251195079
1 340467984
2
1 1481405724
3
1 3865893921
1 1394007122
2
1 3046955112
1 1038630439
2
3
1 2509582829
2
2
1 822300887
2
1 3315608768
3
1 3241431778
3
1 1522148788
1 1740525614
1 1710805018
2
2
3
2
1 2434294304
1 4237582241
2
2
3
2
3
1 1327342785
3
1 2694669128
3
2
1 2721039366
1 4087247155
2
1 941347524
1 4045092713
2
3
2
3
2
1 3187254588
1 3369550135
3
2
1 3379101461
3
1 4185182476
2
3
1 2604920108
2
2
2
2
3
2
2
1 4200388217
1 2475873469
2
3
2
3
2
1 3374090317
3
3
1 3047544015
1 2039631442
2
2
1 1017185747
1 184017573
2
1 1806782715
1 3097548336
2
2
1 2894810204
2
1 2878409146
2
2
2
2
2
2
2
2
2
3
2
1 680473581
3
1 362395766
2
1 1876387950
1 4258405006
1 3843592284
1 2964776581
1 2003307788
2
1 1298883166
1 1356113486
1 2107685621
1 296882572
2
2
3
3
2
2
2
1 1810541930
3
2
3
1 429386754
2
2
1 3062237504
2
1 2918965847
3
3
1 949828366
1 4025288307
1 3387668920
2
2
1 2264358587
1 2341400328
1 3522517574
3
1 3292623205
2
1 2244855870
2
2
1 513485830
1 194380079
1 1510131546
2
2
2
1 2232985877
2
1 1750659250
2
3
2
3
1 3927490004
1 3000897605
2
2
1 1348118286
2
1 3777191795
3
3
1 4209161835
1 4136569362
2
3
1 632496755
2
2
3
1 3881233951
3
2
3
2
3
2
3
1 3947056345
1 71156753
1 1744586013
2
1 1880239496
1 2967886507
1 2995652852
2
3
3
2
2
2
1 1927261137
2
2
1 1674411288
2
2
1 1368773246
1 1793467570
2
1 1235416485
1 3829030744
1 2930080619
3
1 3300753230
2
2
1 2651842773
3
2
1 1742502736
2
1 1793661289
2
1 3591638918
2
2
2
3
2
1 3324131678
1 2975153604
3
3
3
1 212631390
1 3079863513
2
1 1701869087
2
1 1064877533
1 586332239
1 3653681725
1 230492679
2
1 3810492485
3
1 1454109777
1 991129375
2
1 3635444537
2
2
1 1598567537
1 3858159438
2
2
2
1 3389837613
2
2
2
1 967392541
1 1836354811
2
3
2
2
2
2
2
1 2474135707
2
3
1 3673354527
1 2918457225
3
1 3793690876
2
2
2
1 341335201
1 4174258572
2
2
1 3859368988
2
1 111680399
2
1 2871532084
2
1 344263216
1 1340455453
2
1 1102477014
2
2
2
2
3
1 3214516924
3
2
1 1211068196
1 2555496470
2
1 1674783622
2
2
3
1 2888002925
1 3534299128
2
2
3
1 984701383
2
1 1210179729
2
2
3
3
1 1774043270
1 1590730378
1 528143335
3
2
2
3
3
2
2
1 2111951713
1 3033981256
2
2
2
1 3787183774
1 3039885645
2
1 3208267654
3
2
2
1 1593593557
1 666581104
3
1 3602550147
1 3731785092
2
2
2
2
2
1 2536302939
1 1335631284
2
1 3168569490
3
3
1 3449931204
2
3
2
1 1752821622
2
3
1 1125137852
1 3568796270
1 1700574110
1 2125862744
1 846601684
1 2935293929
2
2
2
2
2
1 2051770379
1 3647667196
1 3170975222
1 3583976408
1 2302129319
1 2254014585
2
2
1 4274720114
1 225733717
1 3981439446
2
2
2
2
1 2477770112
2
3
2
2
1 1705090512
1 873296109
2
1 3939638604
3
3
2
2
2
1 3255592870
2
2
3
1 828161797
3
2
1 2722548326
1 1858133447
2
3
1 4124724032
2
1 2577540792
2
2
3
2
1 2853347195
2
1 1690520814
1 567929432
2
2
3
1 3185135164
1 2566593215
2
2
2
1 815401675
2
3
3
2
1 95487392
1 539439139
2
2
1 3946075234
2
2
1 2884651775
2
2
2
2
2
3
2
1 3534911565
1 3119496522
3
2
1 2282790970
2
1 2691480343
2
3
3
3
2
2
2
2
3
2
1 3910818854
1 2150704545
1 580828714
2
1 1492150241
1 1694452260
2
1 845565801
1 2645717711
2
2
3
1 1368793068
3
1 663116390
2
2
1 1281482004
1 3837596840
1 1953339963
3
1 2295578684
2
1 63725043
1 1309848188
1 3935795977
1 1069437322
1 4195058870
1 3612094215
2
1 1101641131
2
2
2
2
2
2
3
2
1 3226446661
1 1675742206
2
2
1 1645941376
1 2424066265
2
2
2
2
1 1582245769
3
1 1169005336
1 2084155980
2
2
2
3
1 3017048522
1 1284665031
2
3
1 2295045561
2
2
2
1 1732930610
1 202240590
3
2
1 1539442589
1 1914058182
3
2
1 3677317285
2
2
1 1372363171
2
3
1 3882470833
1 1282719971
1 820917353
2
1 11959585
1 3797267603
1 1067162667
2
1 4158687697
1 4231241861
1 1047127459
2
2
2
1 3142954169
2
2
1 779972130
2
1 1042932371
2
1 2307143894
1 2924673604
2
2
2
1 3427286167
1 3806153549
1 2449586233
2
2
2
2
2
1 388546189
1 1506669948
3
2
1 591472415
3
1 2693460722
1 2051123715
2
1 2215843108
1 1303081015
2
1 65896973
1 457972788
2
2
1 1574787903
1 3272445067
2
3
1 854963135
2
2
1 2552473811
2
1 3174324381
1 3789529448
1 557844921
3
2
2
1 3660011622
3
2
3
2
1 2724618232
2
1 3619031570
2
1 92430244
2
2
3
2
1 2205763318
3
2
1 297020939
1 601641293
1 78728838
3
2
1 2134585721
2
1 1284537996
2
2
1 3356787648
3
1 1794527526
3
2
1 1859807797
2
3
1 2796812026
1 2680458661
2
2
2
3
1 1082053369
2
2
3
1 215342079
2
1 3919230541
2
3
1 566845808
1 2064062321
2
2
1 1899484800
2
2
2
2
2
1 3811219736
2
1 2783800130
1 732392160
1 4185907610
1 2040723781
2
1 43426367
3
1 3108207452
2
1 2384697228
1 3817646523
1 328643025
1 3664274580
3
2
1 21641899
3
1 914810451
2
2
1 921810913
2
3
2
2
2
1 1142997150
2
2
1 1602202533
3
1 1930779225
2
2
2
2
3
3
1 654520894
1 619450384
1 2744512894
1 3926988097
2
2
2
3
2
2
2
2
1 1974017084
3
1 2691165105
1 2532460197
1 114778531
2
1 3340863129
1 1310690874
2
3
2
2
3
1 237675045
1 3850783124
2
2
2
2
1 813966779
1 3612904683
3
3
2
2
2
2
1 3717041798
1 478675370
2
2
2
1 4070762884
2
3
3
2
1 586377717
1 4153479158
2
3
1 1559524593
2
2
1 1218167253
3
3
2
1 3026633152
2
2
3
1 2101438691
1 4233895153
2
1 1999094660
2
2
2
1 987324531
2
2
1 1689557151
2
3
2
2
2
3
2
1 2112485869
2
1 4180762897
2
2
2
1 204500898
2
1 340392344
1 370793777
3
2
2
3
2
1 1741283045
2
1 1489940856
1 3780446096
2
2
2
3
2
1 2335878598
1 260991149
1 2101145252
1 4085257626
3
2
3
2
1 216829803
1 4203630217
3
1 4015039180
1 1326310214
2
2
1 1176100253
1 1621250716
1 625246665
1 1853223965
1 2213546422
1 4104694416
1 2532459287
3
2
1 55032581
2
3
1 2484270328
3
1 3343609394
3
1 2209884228
1 3776148383
1 3412378313
2
2
2
1 163759254
1 912308927
2
2
1 3549135383
2
2
2
2
2
2
1 326280153
1 3592504403
1 1307647329
1 622664393
3
2
1 3863880704
2
2
2
2
1 1360130580
1 1025100658
1 3537270930
2
2
2
2
1 213264988
2
3
2
1 3859176211
3
1 3049117913
2
3
2
1 1872720497
2
2
1 570998525
1 2147840469
2
2
1 3581731141
2
2
2
3
2
2
1 3757190253
3
2
2
1 2844262380
2
2
2
1 2017493887
1 3385514359
2
1 483990436
1 1701742506
2
1 4073679545
1 1317000651
3
2
2
2
3
2
2
2
1 3453525074
2
2
1 2691685075
1 2032102476
2
1 3345691820
1 2643973730
1 2936926921
2
3
1 4159931022
2
1 194025533
1 2540470760
3
2
1 1988337917
1 2719372048
2
3
2
3
3
2
1 3076002300
2
2
2
1 3003618877
2
1 2570477435
1 3460487664
2
3
1 2487215592
2
3
2
1 3433642319
3
2
1 2720989578
2
2
1 2270191291
1 718394749
2
2
2
1 3190392523
1 1197751702
1 1663024014
2
1 713204790
1 330598729
1 1316777450
2
3
1 2769970514
2
2
2
2
2
2
2
2
1 1291764544
3
2
2
1 4252125727
1 160756102
2
3
1 1218636889
2
2
1 3055394223
1 3179121128
3
1 799768861
2
2
3
1 3216985829
1 1193710871
1 184868273
3
1 1771143907
2
1 1524561576
3
1 1784000781
2
2
2
3
2
2
2
2
1 1358905306
1 1903655375
1 127718632
1 2304114415
3
1 3285418582
2
1 2069092436
1 2545159327
1 1022390162
1 2393314729
2
2
2
2
1 1323091369
2
1 2439956341
1 2283476192
2
1 1391275408
2
2
1 3072349569
3
1 3470836183
1 3447669013
1 3376531520
2
3
2
2
1 1292129531
1 4200041352
2
2
2
2
2
3
2
1 1515876048
1 670893473
1 3105692830
3
2
2
3
1 4011149056
2
1 1602001288
3
1 2244512683
1 1812913599
2
1 1187520732
1 4256691685
2
2
1 3358777500
1 3757619189
3
2
2
1 3726541218
2
3
3
2
1 3908539902
2
3
2
3
2
3
1 1583374627
1 534795456
1 627279504
3
2
1 1765985782
2
2
1 3990948169
2
1 4121190923
2
3
2
1 2885612847
2
2
3
3
1 2475192189
2
1 1565750193
2
1 3476033228
1 3738099340
1 2972453792
3
1 4151758040
1 3897819478
2
2
2
1 1896349331
2
2
2
2
1 3759872129
1 4260614820
2
2
2
2
1 2288885267
2
3
2
1 415902521
2
2
2
2
1 3816828029
2
2
2
1 1172618747
1 2573212252
2
2
2
2
2
2
1 2683552666
1 2384557248
1 4049848134
2
3
3
2
1 3974541410
1 4097949547
2
2
2
2
3
3
1 2561602253
1 817866382
1 4288643118
2
2
2
2
3
1 2027283657
2
1 3587266122
2
1 3727912267
1 2856124024
2
2
2
1 1147644610
1 233997567
1 712785623
1 3377619284
2
2
1 167434628
2
1 1988309711
2
1 1577049173
1 3618463199
2
2
2
3
2
1 1672837833
2
2
1 4029393091
1 2346642040
2
2
1 3167948703
2
1 576580578
2
1 804320
3
1 3091685591
1 779286495
2
2
2
1 2895573207
2
2
2
1 1844157381
2
2
2
2
2
2
2
1 167171739
1 1708340966
2
1 3393818798
1 2873083129
2
1 201133024
2
1 3280526005
2
1 3846425249
3
3
2
1 3234267282
3
1 463737999
3
2
3
2
3
2
3
2
2
1 1755797989
1 1125632961
2
1 2406702936
1 130590396
2
1 3509963555
1 754200834
1 4011633484
1 300144898
2
1 2071356468
1 4231407182
2
1 1839507745
3
3
1 1017600299
2
2
3
3
2
2
2
1 3123904033
2
2
1 353579650
2
1 2995158274
1 1404855624
1 1806155833
2
1 3942208892
2
1 4006648894
1 2244880285
1 814340883
3
1 3051619873
2
1 3750256425
2
2
2
1 2557186421
1 3999780008
2
1 2396751336
2
1 3746292277
1 368612542
1 4201131552
1 1005935941
3
1 2628026674
2
2
1 1716103885
1 1981571548
2
2
1 3335914923
2
3
2
1 1561859665
3
1 2865004601
1 1487578281
2
2
1 3947067873
2
2
2
2
2
2
1 1791851081
1 2679422098
2
2
3
3
1 1675149628
1 398260741
1 1371466563
1 1650305137
3
3
2
1 2209061187
2
3
3
3
2
2
3
2
2
2
2
3
1 888443073
1 1732290622
2
1 3916506086
3
3
2
2
2
1 1568422452
1 2526979715
1 3206363334
2
2
2
3
3
2
2
3
1 3417584209
1 1928926036
2
3
3
3
1 228546789
1 4118344326
2
2
1 2202693474
2
1 2035077949
3
2
2
1 2752014192
3
3
2
1 970587876
2
3
3
1 1086480955
2
1 3432363220
3
2
1 426694093
1 2909667832
2
2
1 1385794587
1 1936649458
3
2
1 1331636801
1 3691481869
2
3
1 1235112894
1 2357779315
1 1185837761
3
2
2
1 3974047337
2
2
3
1 2268733235
2
2
2
1 1538752448
2
2
1 409426271
2
1 815439749
2
2
1 1427562747
2
1 3681383914
2
1 804580706
1 2462038898
1 3409483169
2
2
1 1477347813
1 542278528
3
2
2
1 2863999147
2
2
1 104582712
1 1231231255
3
3
1 3179775467
2
2
3
1 2858081880
1 2627641571
1 507109453
2
2
1 598838889
1 1092814498
1 2084801484
1 204633580
3
1 2844520572
1 2857084273
2
3
3
2
1 3351331635
1 1974959900
2
2
1 4121557147
1 4272243830
2
2
2
3
2
1 3625241618
2
1 3003702530
1 4011467677
2
3
2
2
3
1 2391153764
1 3159965400
1 2205265745
2
2
1 2557237300
1 1180520547
1 2296429500
2
1 208900948
3
2
1 2359327719
1 390084307
2
2
3
1 341097889
1 3220951695
2
2
3
2
3
3
2
1 3793616629
2
1 723482300
2
2
2
3
2
1 3626144468
2
1 3346074816
1 1281462065
1 4232566030
3
2
1 2705082548
2
2
2
2
1 713568738
1 3190925373
2
2
1 2418253233
2
1 842283671
1 4207469536
1 1771529415
2
1 2972517689
1 1925545895
3
2
1 1891709186
3
2
3
3
3
2
2
1 2923053581
2
2
1 2299441812
2
1 2364016133
2
2
1 3521665638
1 3522732770
3
2
2
3
2
3
2
2
2
2
2
3
2
1 2730625450
1 588438112
1 2614112860
2
1 2634897621
3
2
2
3
2
2
2
2
1 105473328
2
3
2
2
2
1 4207759890
2
3
1 1007798116
1 1746411147
3
2
2
2
1 644726568
1 317510732
2
1 2199139800
1 1109987179
1 3248668208
1 2578761578
2
2
2
1 2887560928
1 2786398789
2
1 840881725
3
1 2027655291
2
2
3
2
2
2
2
2
2
2
2
3
2
2
2
2
2
2
2
1 354942798
1 1759238178
2
2
2
2
1 3884419691
1 3707331517
2
2
1 4133376112
2
1 146477133
1 2548105867
2
1 2149464335
1 274338020
2
1 1644388523
1 1962924616
1 1679342806
1 3795812881
1 2397448701
2
2
2
1 3930064280
2
1 103179381
1 1285837875
1 3350952454
2
2
2
2
2
3
1 2192565397
2
1 124897289
2
2
2
3
3
2
1 1379541814
2
3
1 3174710165
1 3387091764
1 3983236302
2
3
3
3
2
3
1 196942146
2
2
3
1 3950359212
1 2332938764
2
1 3859748049
1 1231871618
1 369372396
1 1289264913
3
1 125349838
2
2
2
1 696432925
1 3690579477
1 2265160568
3
1 761412610
2
2
3
1 1399765672
2
1 4233613794
2
2
2
2
1 4152728948
2
3
2
1 3689537342
3
2
3
1 3496514305
2
3
1 2019111126
1 1821644653
2
3
1 3767414316
2
2
1 4072896552
1 681145123
1 582051296
2
2
1 3934752079
1 2472306826
2
1 75778404
2
1 2468009481
2
3
1 340614218
2
1 1851463460
2
2
1 1385574240
1 782383197
1 1271854266
2
1 2887492549
1 586159376
1 963519204
3
3
1 1670730320
1 3182492600
1 1627472722
2
1 3886564579
1 1023766784
2
1 4163475702
2
2
1 62808670
2
3
3
1 4198343279
2
2
3
1 1354231345
2
2
3
2
3
1 2509596124
2
1 1138159081
1 385100364
1 102657727
1 237844665
1 209054991
2
2
1 2144705601
2
2
2
2
2
2
1 320997931
3
2
1 3162589332
1 2154231429
1 2809951615
2
1 2647339822
2
1 2994187804
1 263409721
1 4034441869
2
1 2902195234
1 1096001767
1 1118229934
1 3340672711
2
2
2
2
2
2
1 2615020585
1 3553560257
2
2
1 2770393195
3
1 105364511
1 3010279769
2
2
2
2
2
3
1 4131181966
2
2
2
2
2
2
2
1 1444705483
3
2
3
1 1063003400
2
1 3107305521
2
1 3394193961
3
2
2
1 706422696
2
2
1 2712509969
1 3291470220
2
2
2
3
2
1 2134299025
2
3
1 1539106111
2
2
1 8771684
1 2261340250
3
1 703926027
1 827372950
3
2
2
2
1 3748379842
2
2
1 1530739920
2
2
1 3523893947
1 1495849183
1 865246405
2
2
3
2
2
2
2
1 971957974
2
3
2
2
1 876339666
1 2597542309
1 3708065060
2
1 2673123379
2
1 3160920672
2
2
2
1 3938206188
1 1465529809
1 1291859450
3
2
1 133640476
1 2600695501
2
1 3519999911
2
2
3
1 1840546448
1 4277121899
3
2
2
2
2
3
2
3
1 3469698450
1 2765336368
1 2103782381
1 415842740
3
1 1065284406
3
2
3
1 1927845742
1 3005609877
3
3
2
2
2
1 3937034161
3
1 2145867364
2
2
1 1448412800
3
1 3623490574
1 4193839645
1 540350228
2
1 657180885
3
2
1 455218839
2
2
2
1 2566388931
1 1753383318
1 2339797054
1 1169676179
1 2616498018
3
2
1 709663082
2
1 2984610697
1 3703407783
3
2
1 1905804239
1 2118979429
3
2
2
1 3723388518
1 1641444077
2
2
2
2
3
2
1 3400284814
2
1 3917782681
2
3
2
3
2
1 689877115
1 3190036798
1 478650519
2
2
1 3502526693
2
1 4112736580
2
2
2
1 1051581576
3
2
1 3535890422
3
2
1 3733458395
1 404544338
2
1 3027985985
1 2542210843
1 1473308207
1 2074300744
2
3
1 2912868285
2
2
1 3359653319
1 974977388
2
1 2865825164
1 2870282835
3
2
2
2
3
1 1121043552
2
1 2181318317
1 531169593
2
2
2
2
1 1401669217
2
2
2
2
1 4060851955
2
1 1314432364
2
2
3
1 3831019160
1 1858438162
1 1989573542
2
1 1887278565
1 498220279
2
1 3529711477
1 3816330704
1 889839328
1 3081669310
1 4091293539
2
3
3
2
2
2
1 2834796811
2
2
1 2216606185
1 2471396310
1 3202022584
1 2178746965
2
1 2564167655
2
2
2
2
1 4228007902
1 3521926397
2
1 446355875
2
1 491543489
2
2
2
1 346416412
2
3
1 3786048386
3
2
2
2
1 2894087580
2
1 2351806143
1 3825898115
2
2
2
2
3
3
1 4056456282
1 554761243
2
3
1 1916469259
2
2
2
1 3232979375
2
2
2
2
1 702351531
2
1 3735817215
1 594657297
1 3603291980
3
2
1 2119000156
1 115228500
2
2
1 4062546021
1 1795758781
2
2
2
1 58042925
2
2
1 137303278
2
3
3
2
3
2
2
3
1 3863504903
3
1 2006608913
1 4128970796
3
1 3484432908
1 2445097353
1 1742866249
2
1 2930786126
3
1 3232192390
3
1 3972285043
2
3
2
2
1 2661210226
1 2597856204
2
1 814150327
1 370047285
1 3408094804
2
3
2
2
1 3559796432
2
3
2
2
2
2
2
2
2
2
1 3717873427
1 725355904
2
2
1 1740923651
2
2
1 1289147169
1 2676639428
2
1 222085071
2
2
2
2
1 3639110195
2
1 132030036
1 3012007085
2
2
1 1612929565
1 2019708412
1 983045148
2
2
2
1 4276706546
2
2
2
3
1 923036816
2
2
2
1 2763478784
1 492540941
2
2
3
1 1552178972
2
2
2
1 714855837
2
2
2
3
1 3157873931
1 3839138863
2
1 2144741359
1 3271011064
2
1 3603688683
2
2
1 3638964880
2
2
1 1584633996
2
3
2
2
2
2
1 3672006835
1 38142687
2
1 4036044658
1 1351683635
2
2
1 2169622713
1 2281993125
1 2367746228
2
3
2
1 1982974972
1 3923168914
3
3
1 2870202628
2
1 1345581786
2
1 2817762264
1 3334548924
1 786563234
3
1 1801381407
2
2
2
2
2
1 3898958513
1 4104751772
2
3
2
2
1 1839099447
2
2
3
2
2
2
2
2
2
2
3
1 2661816488
3
1 1491626877
1 1667487582
3
1 1810630844
1 2445688612
3
2
1 3810363479
2
1 3334250769
3
2
2
2
1 2264741757
1 737432380
1 1799058531
1 3999680736
1 2606491138
1 2742050633
1 3912144081
2
2
1 1972019442
1 600345462
2
1 4012078250
2
1 3937452291
3
2
2
1 2344690549
1 2202584723
1 2759011727
2
1 1677631886
1 890870082
2
3
2
2
2
1 3631201794
2
3
1 1860173792
1 1551491332
1 515524483
3
2
1 3859274468
2
1 1714313908
2
1 3061516191
2
2
2
1 3978993307
2
1 3864958662
2
1 2922553852
2
3
3
2
2
2
1 1669846487
1 520718675
2
2
1 27595482
1 319676691
1 112739703
3
2
2
2
1 1782116743
2
1 4109577225
2
2
2
2
2
1 2483613360
1 507923102
3
2
1 3344359072
2
2
2
1 71104888
3
2
1 746883512
2
1 1222766859
3
1 839373893
1 2253614564
3
2
2
2
2
2
2
2
1 4289692253
1 2489558907
2
1 1793762869
3
1 173223533
3
1 728575609
1 1602191828
1 2117385961
1 2430801791
2
1 566156198
2
2
1 2366703211
1 2332331640
2
1 834987908
2
1 2638567724
1 3446433945
1 2700472596
2
1 1621269515
1 3986071081
2
3
2
3
3
2
1 899704099
1 527707226
2
1 1616995015
1 3789204448
2
3
2
2
2
1 301870441
2
3
1 4184392980
1 2918407450
1 3208592889
1 1129053058
1 2938960044
1 897382390
2
1 752530146
2
2
1 1088141732
2
2
1 2836031918
2
3
2
2
2
1 1385961025
1 2526512325
3
2
1 73558665
1 1158099723
1 3014403873
2
2
1 836388864
1 4207104418
2
2
3
2
2
2
3
2
3
2
1 2659280167
2
2
1 509052187
3
2
3
2
1 506474113
1 529050970
2
2
2
3
3
2
1 620955363
1 1647319708
1 2523463493
2
2
1 1280399846
1 3165979355
3
3
1 1945119085
1 4274416850
2
2
3
1 2448690297
2
2
2
2
2
2
2
1 3831265980
2
1 2757238487
2
1 2942729899
3
2
2
2
2
3
3
2
2
2
1 2011027633
2
2
2
1 3254946663
1 2067015281
2
1 1052796638
1 1388263794
2
2
2
1 279777432
3
2
2
2
1 3772187442
2
2
2
2
1 1712222282
2
1 3861543526
2
1 3710080970
2
1 18002931
2
2
1 1165320024
2
1 900573111
1 375995399
2
2
3
2
2
2
2
1 3296513468
1 3446874816
2
1 1892355445
2
2
2
2
2
2
2
2
1 3435797842
2
1 3115965477
3
1 676192321
2
2
1 1258706861
1 2382289639
2
1 2360530599
1 502401873
2
1 128477081
1 2744711590
1 2055884014
1 1454846197
2
3
1 2049800580
3
3
3
1 4155637373
2
1 2603934282
1 3855743864
2
1 2774005026
2
2
2
3
1 3250392710
2
3
1 719253356
1 4094469391
2
1 3574350087
1 317681981
2
2
3
1 3925809311
1 1685800136
1 1604999861
1 4245324804
2
1 1793510739
1 2658054660
1 2622087176
1 2607757116
1 193771135
1 433297469
1 1711870678
2
2
3
2
1 1334682948
3
1 3188622249
2
1 792864397
3
3
1 3704620142
1 2131475649
2
1 846465435
2
1 689021178
1 62310606
1 1791808219
1 254857591
2
2
2
3
3
2
1 3878672632
1 1067969409
2
3
1 1421802120
2
1 5188193
1 3705772243
3
1 4055994366
2
1 1618340317
3
2
2
2
1 3856373177
2
2
1 817925923
2
3
2
1 1291467905
1 4139370750
2
3
1 1768336292
1 553976613
1 3562417398
2
1 2826317959
3
3
2
1 210873968
1 950153513
1 666801897
2
3
2
2
1 3142995353
1 2874013312
1 2317029823
2
3
2
3
2
2
2
2
2
3
1 1261807602
1 2967744693
1 1014999738
1 3330760878
3
2
1 552395806
3
1 833519071
2
1 962301782
2
3
2
1 312763202
2
3
1 2647738081
1 1111017840
2
1 1967270008
2
2
1 2109746908
1 3799370884
1 3260289163
1 1621960353
2
2
1 883851575
1 2637273207
1 2989555736
3
2
2
3
1 1299962000
2
2
1 3881985854
2
2
3
1 1208511838
1 2939881784
3
2
2
2
1 3317044777
1 1195282931
1 1729151513
1 515025383
1 4267141269
2
2
2
1 2736320944
2
3
3
1 2772174113
1 320185006
3
1 3440286305
2
1 2634110464
1 541573361
2
2
1 2628090406
3
1 3088613727
2
3
2
2
2
2
1 3344503067
2
2
2
1 1568115400
2
2
1 3038736384
1 2333042172
1 3425827655
2
2
2
2
3
1 3407319475
2
2
2
3
1 1596749587
2
1 2817228331
2
2
2
2
2
2
1 126949751
1 1369480781
2
2
1 2363681132
1 1489593586
1 3708358197
2
3
1 2151003501
3
3
2
2
3
2
1 448326384
2
1 1271517032
2
2
1 4149775925
2
2
2
3
2
1 3945690150
1 1739151096
1 683294843
1 849345036
2
2
2
1 3522183241
1 1552952831
1 2801750116
2
2
3
2
2
1 2717021403
2
1 3460360871
3
3
1 3564505438
2
1 3267893884
2
3
1 2136452665
1 2178989527
2
2
3
3
3
2
2
2
3
1 1050877143
2
2
1 3716554949
2
1 80834146
1 1336244625
1 2153158202
1 1618869920
1 4226324836
1 3666721404
1 4036070303
2
1 149593355
1 751498624
1 2694793270
3
2
3
1 3200701359
1 2570625273
2
2
1 2910031356
3
1 3248970166
3
2
1 2053285776
3
1 2696112887
3
2
3
3
2
1 1391876793
2
1 2702375529
2
2
3
3
1 98100124
2
2
1 2681393335
1 49887761
2
1 3231065926
1 2706877906
1 1333981312
2
1 867170474
1 40684177
1 2546697760
2
1 725737324
1 754511348
1 1775623977
2
2
1 374441263
1 682661653
1 3291283911
2
1 3642826649
1 389748761
1 2599462594
2
2
2
2
2
1 555752187
3
2
3
2
1 2804918996
2
2
1 1632258657
2
1 2673944473
3
2
1 220645890
1 1349569965
3
1 3226699151
1 2645833306
1 1894853509
2
3
2
2
1 3197044247
1 516285077
2
1 1542150010
1 3171234093
1 1738905770
1 3620127298
1 4294112191
1 1072805609
2
1 2819331278
1 2056683903
1 3464744164
2
2
2
2
2
2
2
2
1 3051029608
1 422576550
2
1 836774477
1 4087550060
1 1536567324
1 2949804920
2
1 833518483
2
2
1 556310184
1 4081464850
1 94679851
1 2085173809
2
2
2
2
1 3645249820
1 3309339748
2
2
2
1 1747874620
2
3
2
1 1963085553
2
2
1 1537196184
3
1 4250297892
2
3
2
2
1 2268678876
1 3730909005
1 3980967014
1 3522940820
1 510963180
2
1 15108808
2
1 457711181
3
1 882727435
2
3
3
3
1 575888758
1 4221496272
1 523272474
3
2
2
2
2
1 2602384488
1 2946417001
1 2412119005
1 3715703190
2
3
1 2760869538
1 2530608794
2
1 2321059643
1 393518424
1 4210074959
1 240357115
2
3
1 1144037278
3
2
1 4096419172
2
1 1054540816
2
3
1 1162885012
2
1 1230250570
2
2
2
1 3262542124
2
2
2
1 2236687606
1 939383922
2
1 4152545621
2
2
2
2
1 3624436022
2
1 3835106009
1 430587294
3
1 3243571172
3
1 3369799222
2
2
2
1 2734572240
2
1 3146792062
2
2
3
1 44989603
2
1 204486119
1 3751773599
1 1224423925
2
2
2
2
2
2
3
2
1 83416819
1 3501197752
1 2912476186
3
3
3
2
2
1 3373401842
2
2
1 671446029
1 2825766482
1 3228377971
3
1 2631334900
1 2749521297
2
1 2094440374
2
2
2
2
2
2
2
3
1 3217490467
2
3
3
1 1452282597
1 3985301706
2
2
2
2
1 1965527424
1 1210697030
3
1 2363260085
2
3
2
1 1160753933
1 561331725
2
2
3
3
3
2
2
3
1 3785678088
3
1 3591942234
2
2
1 3926990789
2
3
1 3703275250
2
3
2
2
2
2
1 1793128966
3
2
1 1701090298
2
1 4054332901
1 2880818562
2
2
2
3
3
1 464841352
2
2
3
2
1 2081893014
2
1 3617813371
3
3
1 869818393
3
3
1 3375307427
1 4070534230
1 3792056596
2
2
1 4202221417
1 3371194610
1 956324884
3
1 2389535832
2
1 830221904
1 2955629401
1 93603523
1 3073900871
2
2
2
3
2
2
2
2
1 430372131
3
1 436094719
1 1953165996
1 2657945594
3
3
2
1 2167890122
2
2
2
2
2
2
2
2
1 1593804706
1 1578791083
2
1 1864506073
1 3219461824
3
2
3
2
1 2209873473
3
1 172910461
1 3075030510
2
2
1 2265910015
1 1775115459
1 4098234035
1 1688770672
1 3798053832
2
2
1 3972415854
2
1 711549904
2
2
2
1 1178167697
2
2
2
2
1 628823406
3
2
3
2
2
3
2
3
2
2
3
2
2
2
1 400924589
2
1 1807715616
1 768971978
2
1 3498760282
3
1 3912516591
2
3
2
1 588935108
3
1 2400585138
2
1 3242370493
3
3
1 3536376308
2
1 3767037142
1 565956635
3
2
2
1 4145523485
1 3152802307
3
2
2
3
2
1 2976060245
3
1 2877959127
1 3465645882
2
1 1602675164
2
2
1 7556428
1 2555038966
1 40466260
3
2
1 1573981142
3
3
2
1 119919240
2
2
1 4291563600
2
2
2
1 3475425874
2
2
2
1 2701305419
2
1 1878268604
2
2
1 1259577924
3
2
3
2
2
2
2
2
2
3
3
1 597048349
3
2
1 3400709323
3
2
2
1 1665509100
2
2
1 2044297104
2
2
1 2558359871
2
2
1 3902276996
2
2
1 1127417887
1 908802048
2
1 25542097
3
2
2
2
2
2
1 2805014582
1 1606251091
3
2
2
1 2626407776
2
2
3
2
1 655601387
2
1 467002069
1 3209240629
3
3
1 1452191363
1 3386930088
1 3178642833
2
2
1 1280362888
2
2
2
2
1 4018240023
2
1 534761306
1 2446372351
1 1211857784
1 4214394276
3
3
3
2
2
2
2
1 719385347
2
1 3783101281
2
2
3
2
2
3
3
3
2
1 1688811459
2
3
2
1 1730597850
3
1 1039858936
1 1186051053
1 3855605160
2
2
2
1 2678876315
1 370791761
1 2851767996
2
3
1 382200919
3
1 2018765227
2
3
2
2
2
2
1 250646893
2
1 935015577
2
1 1451771132
1 4027927990
1 2852535643
3
2
2
3
2
2
2
2
2
1 1002261095
2
2
1 2805849503
3
1 3749074338
2
2
2
2
3
3
2
1 3732203803
3
2
2
1 2245615484
2
2
1 3951815181
2
2
1 2652055342
1 1074066615
2
2
1 2881590591
2
2
3
1 3684810739
2
2
1 1297975616
3
2
2
2
1 2404434744
2
1 2758391240
3
2
2
3
1 210803934
1 2537863610
1 1924284890
1 2048475069
3
1 4009159754
2
2
2
1 620899034
2
2
1 2039603280
1 67262253
1 3667778795
1 2405810650
2
2
1 3289227019
1 1826276945
1 2289153350
2
1 1410269242
2
2
3
1 1829684842
2
1 3439089273
1 123070485
1 3150495570
2
1 9955505
3
1 3735697656
2
3
1 214168281
1 2295340367
2
2
2
2
2
2
3
1 3942296164
2
2
2
1 4072953078
1 3523749791
1 3145789759
3
2
2
1 2691869830
1 3893891980
2
2
1 252545885
1 110499343
1 2547165931
1 693494924
2
1 2709653536
3
1 1036518515
2
3
1 2996877294
3
1 3929466116
2
1 483237904
2
1 2803730760
2
2
2
1 3172750865
2
1 767222158
2
1 1449484167
1 3143742923
2
2
1 2716730642
1 297102602
1 3185987345
1 3885592757
2
2
1 3515051877
3
3
2
1 2616759205
1 2079459031
1 934903311
1 1720952611
1 3017536123
1 2045108390
2
1 884539634
3
1 3844174037
1 2014832453
1 4070801276
2
2
2
2
1 1669856146
2
2
2
1 2697109591
2
1 3170359991
2
2
2
2
3
2
1 3997969152
1 2877810195
1 1900450570
1 4188644251
2
2
2
1 2507690154
3
2
2
1 4096719161
2
3
3
3
2
3
1 1101492553
3
2
2
2
1 3403732230
1 4089536061
3
2
2
1 1403438608
1 933716419
2
1 749905586
3
2
1 2000149589
2
2
1 3964542453
2
1 278219492
2
2
2
2
2
1 3787069554
2
3
3
1 1286386718
1 2222398461
2
3
1 619166185
1 3712274766
2
1 610972973
2
1 3099046894
2
1 1568094785
1 434484551
1 1531078061
3
2
3
2
3
2
3
1 3460429572
1 528755277
1 3177928384
1 1713811418
2
2
2
1 4265860801
1 3495932623
2
3
1 820240828
1 809239715
1 3954913019
1 1236870473
3
1 972184675
3
2
1 2506982419
2
1 1831686234
1 2914430981
1 2965923398
1 2194285262
1 1010728194
2
2
1 506258318
1 283450990
3
1 3091797308
1 3065002264
1 1973464424
2
2
2
1 709928059
3
3
1 3573499426
3
1 3154249698
3
2
1 2560727165
2
2
1 2104864324
3
1 768980570
2
1 3590222850
1 3834078877
1 3830217882
3
2
1 2575563661
1 3397238408
3
1 3451326273
2
2
2
3
1 1511707196
3
2
3
2
1 3395902203
2
2
1 3845594769
2
3
2
1 2640004191
2
2
2
2
1 233557213
1 3110491363
1 4191855302
1 1284517089
2
2
1 2291705154
2
2
2
2
1 544935677
1 929038902
2
1 1540700723
2
1 197559379
2
2
1 328774216
2
3
1 1838115501
1 734546713
3
2
2
2
1 1471645859
1 1278300096
2
1 3406689714
2
2
2
1 1256053671
1 2791326131
1 3243194194
1 3882450237
3
2
2
1 3634404556
2
2
1 1669422771
1 3234986764
2
1 2450977079
1 1179010483
3
3
2
3
2
1 3424561417
1 4233690476
1 2330402958
1 2249474872
1 1495943942
2
2
2
1 1415112515
1 3462444961
2
2
1 2798216669
3
2
2
3
2
1 3405981855
2
2
2
2
3
2
2
2
2
1 1818451000
2
1 2367502741
2
2
1 3666182981
1 2877203724
3
2
3
2
2
1 4082871105
1 3289327171
2
2
1 382725275
1 3869676197
1 3873071677
2
2
1 2128308383
2
1 894629509
1 1395163259
2
2
2
1 102933775
2
2
2
1 3934842358
2
1 591648733
2
1 2095766485
3
1 967995756
1 3616549666
1 2683336463
2
2
3
1 2085438637
2
1 1297889948
2
2
2
2
1 488617990
1 1666470973
1 3773427466
2
2
3
2
1 2858517950
1 302276695
3
2
1 1972484152
1 3085205391
2
2
1 2005369465
3
1 63007960
1 7934930
2
1 293705949
1 1453991316
1 2378909538
1 3095227934
2
1 2421320078
2
3
1 1767074974
2
1 2876647373
2
1 2375885175
3
3
1 3872444853
1 1435407624
2
2
2
1 326276531
2
2
3
1 4103903154
1 1731552756
2
3
1 74211752
3
2
1 574627898
2
2
1 3306278249
2
1 2355590511
1 2762060440
2
3
1 550700626
1 2047671749
2
3
2
2
2
1 88312961
2
3
1 4173220569
1 3258377748
2
2
1 2144597849
2
2
1 2257221362
1 962481187
3
2
2
1 1839032570
2
1 446570342
1 146419639
1 1568955207
2
1 1931255982
3
1 2823340736
2
1 1428702863
2
2
1 3498412448
1 927234852
2
2
2
2
2
1 2053732402
2
1 1777032220
3
1 3771334431
1 1401391149
1 1138626007
2
1 853427511
1 2449492305
1 1181528855
1 4258959386
1 2160946074
2
2
2
2
1 1349080
2
2
2
1 2597766383
2
3
2
2
1 2673569499
2
3
1 1839831916
1 2433718998
3
3
2
1 2825447593
1 951619234
3
1 1888384497
1 1326223643
2
1 217758213
1 3928838954
2
1 2532650459
1 3475029708
1 1435415731
1 1304807191
3
3
1 2395108294
2
1 1456895527
1 3949670416
2
2
3
1 1018282591
2
2
2
2
1 4259134682
2
2
1 2436194340
2
1 1257433263
3
2
1 3186801427
2
2
2
1 1679229613
1 1196186695
1 3231050355
2
1 96050044
2
2
2
2
1 746225115
1 1023965248
1 1770520227
1 3925275779
1 1214852513
1 1347495223
3
2
2
2
1 1469298347
2
2
3
1 601855253
3
2
2
2
1 687249633
1 3107876252
2
2
2
1 2143552103
2
2
3
1 2633419968
2
2
1 2820053364
2
2
3
1 705112616
1 693020276
1 1749445206
2
2
2
1 1401026962
2
1 3173913048
2
2
2
2
2
2
2
1 1552818931
3
1 2823241344
2
2
1 990809997
3
2
1 4091883459
1 3557903275
3
2
1 1749145601
3
2
3
1 1240075741
1 3742751585
3
2
2
1 735453356
2
3
1 313853570
1 1722649558
3
2
1 1383153118
3
1 4241037949
1 410597743
1 978797011
2
1 3259446040
2
2
2
3
2
2
1 1546846520
2
2
3
1 4076518438
2
2
2
3
1 1250100760
1 2235773599
3
3
2
3
3
2
2
2
1 2492003689
1 756922617
1 3881117668
1 1844538074
2
2
1 1415066735
3
1 2964208149
2
1 1182625061
2
1 3208433490
2
2
2
1 2435818957
2
1 1769709111
2
2
2
1 1171929572
2
2
3
3
2
1 2030383999
2
2
2
1 3817916749
2
2
2
2
2
2
2
2
2
1 1721403655
1 194015754
2
2
1 1472413259
1 2073024844
1 524360546
1 95302688
1 1874793501
1 676101781
2
2
1 2763176941
2
2
1 3698348778
2
3
2
1 1353707375
2
2
2
1 2823872039
2
1 2251516083
2
1 3549081494
2
3
3
1 3506598890
1 4027043543
1 2645098390
3
2
2
1 2788330564
2
2
2
2
1 1521994743
1 3519977441
2
2
1 4045877187
1 1718572288
1 359393710
2
2
2
2
1 3883763806
1 551915388
1 3500914109
1 4157456722
1 1989895460
1 58042691
2
1 3916729086
2
2
2
2
1 4126990981
1 3114819135
2
2
1 1017476991
1 2530408768
1 1686704586
2
1 2855890163
3
3
1 2344057225
2
3
2
3
2
2
3
1 1500771001
1 4012409747
3
2
1 3151532738
2
3
3
1 2790549129
1 783927341
2
2
2
2
1 676835466
1 386465056
1 2415010990
2
1 3359333573
1 1269667267
1 1754980291
2
3
2
3
3
2
1 2189340680
1 3601669125
3
2
1 1077865393
2
1 1371074632
2
3
3
1 1232201575
1 403612285
2
2
2
2
2
1 1926634103
1 1900951933
2
2
1 1860906069
3
2
1 4154673918
2
1 2910228975
2
3
2
1 2588811509
1 889450772
3
2
2
1 2654294316
1 994139685
1 1277145125
1 2494373925
1 1466019043
3
3
2
2
2
1 3312068361
2
2
3
2
1 2606167386
2
3
1 4271320572
2
1 2254049706
1 2393506553
2
1 1281193757
2
2
2
2
1 1696337767
1 3920712449
1 3995171600
1 2903802640
1 3218616699
2
2
1 4019554503
1 3558971728
1 4043108777
1 1773127561
3
2
2
1 1881974417
1 4159492573
2
1 1254320850
1 1770479480
2
2
1 2938569439
2
1 2730482389
1 1186715341
2
1 4144133434
3
1 2558712049
2
1 3525052577
3
2
1 4093036963
1 826454848
3
2
1 2377600381
2
1 1340411306
2
3
1 4076174410
1 2705937446
2
1 3720058334
2
2
1 2603232513
1 2965359595
2
1 207972429
3
1 77554870
2
2
1 4061581049
2
2
2
1 470679843
2
2
1 3896694090
1 2985422118
1 2766710100
1 2005156138
2
1 1235054146
1 3171652507
1 4137126427
1 4270062337
2
2
1 3362729802
1 3618259350
3
3
1 2381606717
2
1 2606396575
3
2
3
1 2825552309
1 2758621815
1 163855824
1 252540623
1 2240845261
3
2
1 2855766456
1 3887499851
1 2589095307
2
1 2540700710
1 963377073
1 1067919471
1 1873127359
1 3732426572
3
1 2059441236
2
2
2
1 4031184710
1 3689396438
1 1258608087
3
2
1 2467686166
2
1 2004891065
2
1 489283696
1 120440231
1 351422993
1 2935763845
1 2837498632
3
1 2994943716
2
2
1 1169592945
2
2
2
3
1 1699685314
2
2
2
1 2135814728
1 4285947302
1 3852090748
1 2957628440
1 3698547330
1 3880156915
2
1 64733531
2
1 302934044
2
2
2
2
2
2
2
3
3
1 986168768
3
3
2
2
1 1900606404
1 2464400286
1 2246972998
2
2
3
1 876079221
3
1 1901356546
2
2
3
3
2
1 1415394280
2
2
2
2
2
1 2874372028
1 2289450003
3
2
1 1665916731
2
2
3
1 3334633120
2
2
1 440049413
2
2
2
3
1 3377185574
1 2446347154
3
2
2
1 743678551
2
2
1 1982030132
2
3
2
2
2
1 4286229678
1 3033060920
1 2199075708
1 64067202
1 1807089605
2
2
1 2725834248
1 1652133877
3
2
1 811902530
1 1824099657
1 3936311071
2
2
3
2
1 1289446617
2
2
2
2
3
3
2
2
2
1 2555108809
1 3289897588
2
2
1 2803666553
1 1286053380
2
2
2
2
1 3525252782
1 437638883
2
2
1 412923011
1 983440182
1 2571725486
2
1 2423269451
2
3
1 1249345286
1 807685721
1 3575877163
2
1 2490595154
2
1 1603859716
1 29372531
2
2
1 95699609
1 781598771
2
1 3328377343
2
2
1 2388706184
2
1 2825064095
1 775547445
2
1 2624095378
3
2
1 1594313875
1 3762505720
1 4243829592
1 1921141557
3
2
2
1 264473465
2
1 1733555831
2
2
2
1 3965245835
1 1096934723
1 3419878105
1 1060879231
2
2
2
2
2
1 3823882012
3
2
1 1304807209
2
1 1113405099
1 2659626210
1 3952588909
2
1 2998081958
1 3837779416
1 3081427174
2
2
2
2
1 2646152344
2
1 3183242991
3
2
2
2
3
2
3
1 1627707350
1 840390475
1 1458578171
1 431131204
1 2315546109
2
1 206532772
1 1444525166
1 170410532
2
2
2
2
1 2931011343
1 4181170287
1 1320155792
2
1 1070498953
1 2829092592
2
1 1967657444
1 509620823
1 70742579
2
1 2463123606
3
1 587505119
1 812169893
1 1976116858
2
1 1201703274
1 1433857249
2
1 789121056
2
1 1577273910
2
1 3998478337
3
1 932816808
3
1 3899981484
2
3
3
1 2861972830
2
2
1 4147056424
2
2
3
2
2
2
1 2884776661
1 1105646765
2
3
2
2
2
1 3665525228
2
2
1 864786007
2
2
1 205145668
1 556154198
1 1125429974
2
1 618751165
2
1 1159311697
3
3
1 2589538195
3
2
1 4291118529
2
1 6242211
2
2
2
1 2914493321
2
2
2
3
1 1037933425
2
1 1475557407
2
2
2
2
2
1 1226259586
3
3
1 3244680407
3
2
1 4048255435
1 2931611003
3
3
3
2
2
2
2
2
2
2
3
1 3878410579
1 943760953
2
3
1 3996265012
2
3
1 3436370596
2
2
2
2
3
2
1 446897381
1 2990484051
3
2
2
1 2038037431
2
3
2
2
3
2
1 3098197790
2
1 806982170
1 220369517
1 3185715720
2
2
1 1120325803
3
1 3115031209
1 589134548
2
2
2
2
1 2916173095
2
2
1 686481476
2
1 3915666986
1 3544031545
2
2
2
2
2
2
3
2
2
1 3536225580
1 1379260909
2
1 1746255264
2
2
1 4004792977
1 1619328241
2
1 2176012727
2
3
1 1983620576
1 749282234
1 1531209257
1 1156486873
2
1 2994673406
2
2
2
1 2448619731
1 3369098020
3
2
2
1 2708009566
1 3640579142
2
2
1 3655929235
2
2
1 341725035
2
2
1 2149214317
1 1004178132
1 4101740021
2
1 2483253254
2
2
2
2
2
2
1 1316800382
2
1 3821611544
2
1 1463940592
1 1291949293
1 2677003316
2
2
3
2
2
2
2
1 2612533366
2
1 1501452825
1 1585886972
1 1652178342
1 962258929
2
2
3
2
1 2925366907
3
2
2
1 2188249740
1 3868290998
1 3579663924
3
2
2
3
2
1 283646091
2
1 648186666
1 3338289370
1 651553107
1 1446574227
1 2048915540
3
2
1 2679476245
2
2
2
1 3016357762
2
1 2297419453
1 2959232147
2
1 1432261800
2
1 3353872630
1 2478658849
3
2
2
2
1 2082499829
1 1493449284
2
2
1 2564465809
1 4010441548
3
3
1 3397296262
2
2
2
1 2375937318
1 3106004587
2
2
2
1 608902725
2
1 2335694640
1 4207604236
3
2
2
2
1 739763207
2
3
1 3812717706
2
2
2
1 1336069541
2
1 3846545497
2
2
2
3
2
2
1 709933783
2
1 2941499454
2
1 2466420083
3
1 2229399051
2
2
2
3
2
1 3713388424
3
2
1 1702278701
1 3872381371
1 937929497
2
1 82969363
1 1198610375
1 2827346778
1 2591852521
3
2
1 27256194
1 3513825031
1 353766883
2
1 47963089
1 3571547244
2
3
2
2
2
2
1 2215653616
3
1 1255483381
2
1 3511069777
2
1 1506399222
2
3
1 3544412452
3
1 3291309780
3
2
2
2
2
2
2
2
1 3231863711
1 3437841112
1 4277989983
1 1862314292
3
1 3316157802
2
2
3
3
2
2
1 2265732162
1 3343553821
2
2
3
1 711353340
1 4109950309
3
2
2
1 3070768687
2
1 1354495758
3
1 2876324284
2
1 2360851305
1 1428042522
1 3572806685
1 3720900597
1 1642608889
1 17943909
1 2565123747
1 1091713538
1 3327269183
1 4258907171
1 1942886863
2
2
1 2903733782
2
2
2
1 2365142586
2
3
3
1 3332270464
3
2
1 2667649293
2
3
1 222536112
1 4122613962
2
2
2
1 2439774735
3
2
1 1129229450
2
2
1 226288457
1 2503605075
1 2269958675
1 2440455869
1 2544805035
3
2
2
2
2
2
2
3
1 2800772217
3
1 4208087935
2
2
3
1 1760710026
2
2
1 3364547088
2
1 1839972778
1 2489638710
1 2787330579
2
2
1 3701668691
1 2664284995
2
2
1 484739570
2
2
2
1 3456273891
2
2
3
2
3
1 3253565773
2
3
2
2
2
2
1 2154416976
2
1 3852920506
2
1 990993816
1 732641687
2
2
2
1 3352944011
1 3373082537
2
3
3
1 2110882810
1 3716342083
1 3732026352
2
2
2
1 2629899940
2
2
2
1 1894043389
2
2
2
3
2
2
2
3
2
2
1 366090641
2
3
1 2600829115
1 2514180769
2
3
2
1 749039142
2
1 3880009994
3
1 2488377788
1 2980103479
1 1042976358
3
1 2610549722
1 1712855732
2
2
3
3
1 677449255
2
2
1 1571719233
1 108634314
3
2
2
1 553087882
1 1470323640
1 2571315121
1 2820721212
3
2
1 1141016935
2
1 1349182520
1 2230342561
2
2
3
2
2
2
2
2
1 4109121807
1 45800264
3
1 3738860862
2
1 2801430781
1 74075933
2
1 3194161672
3
1 14684024
2
2
1 2975159913
2
2
1 655805074
2
3
1 3588973063
2
3
2
1 2258054244
2
3
2
2
3
3
2
1 980999428
2
2
1 3885219057
3
1 1087680225
1 2999124257
2
1 3423991883
1 3625910841
1 1942224595
1 2089567279
1 3308926908
1 3631913552
1 3473606233
2
1 4188781058
1 4132391678
3
2
1 2891328010
1 1603607863
3
3
3
3
3
2
2
1 1989075028
3
2
2
2
2
1 3877762068
2
2
1 4118317697
1 28307427
2
2
2
1 1238726548
2
1 2671296715
2
2
3
3
3
2
2
3
2
1 3700218481
2
2
2
1 740773316
2
2
2
2
2
2
3
1 1984528026
1 3714752193
1 879830680
2
1 516804349
2
1 1316900294
2
3
2
2
1 1091788502
2
1 1918003663
1 955160975
1 2842439289
2
1 2148541528
2
1 1099766730
1 298272950
2
1 3765309654
2
1 3438349983
2
1 381697174
1 4212702185
1 214259034
1 2907803052
2
3
1 1483694721
1 1080898666
1 3002181733
1 622448796
2
3
1 2085160225
1 3449965666
1 1622966923
2
1 4144680605
2
1 2924799818
2
3
1 1297671624
2
2
1 3135285293
3
2
1 959586626
1 4131940939
1 3952762557
1 941883614
2
1 2361988967
1 4013542770
2
2
2
1 3228091888
2
1 2340746007
1 377434392
2
1 3131783441
1 30400992
2
3
1 141023302
1 3784664575
3
1 1612827381
1 498159466
2
1 2919711378
1 1284520178
1 3867189090
2
1 715427503
2
2
2
2
2
2
3
2
1 524719300
3
2
1 1668508848
2
2
2
2
1 1272388722
2
2
1 1091446923
1 1168321999
3
2
2
1 1543082503
1 841222953
3
3
2
2
2
3
1 2212827297
2
1 315225162
1 2645952427
1 798787782
3
1 1854784487
1 4215579946
1 2541598177
1 2708112745
2
2
2
2
2
2
1 576948005
2
1 3492552169
1 3236857379
2
2
2
2
3
2
1 2613906355
3
2
1 227809991
3
1 3220155357
2
2
1 3958531234
2
2
1 585433935
2
1 3121377914
2
2
1 844717660
1 4149775705
2
1 972525209
1 3904475194
2
2
3
2
2
3
2
2
1 2703086639
1 2572395273
3
2
1 183459372
2
2
2
3
1 3659504022
2
2
2
1 3869443455
1 3578214938
3
2
2
2
2
1 3816355580
2
2
1 3780566383
2
2
2
1 2815169607
2
1 1219637540
1 3615588434
3
3
1 2495519149
2
2
1 1296719089
2
2
1 1706757858
2
2
3
1 3576454560
1 2357450932
1 2896874922
2
3
3
2
1 2561922918
2
3
2
2
1 2489932042
2
2
2
2
3
2
3
1 2120369425
2
2
1 3013737847
2
2
2
1 365830481
2
1 3157071577
1 1463883451
3
1 1146849310
1 4241229593
1 2996152961
3
2
1 3763239218
1 547809014
2
1 2673967887
3
1 1400739354
1 2520396019
1 1619240612
2
1 2759919507
1 3057117879
2
1 1728548114
2
2
2
2
2
1 3433784404
2
2
2
2
2
2
1 1331851613
3
3
2
1 3619421614
2
1 4103617361
1 2508718402
2
1 1172596528
2
1 3293638483
2
2
1 1284192815
2
3
2
1 2678015932
2
2
2
1 4056788143
3
1 1641416715
2
3
2
3
1 232019396
2
3
3
2
1 3204301026
2
1 1512830184
1 870807781
1 3839595788
2
1 1609157288
2
1 4258381742
2
1 3862333669
1 4119188089
2
1 1157473051
3
2
1 1749830427
2
1 4283411835
2
2
2
2
1 2051328647
1 1496012731
3
1 2212667853
2
2
1 3872325355
2
1 423702028
2
1 363526936
3
1 2675777883
2
2
2
3
1 1847393912
1 2738161953
1 3395281509
3
2
2
3
2
2
1 2127873059
2
2
1 3908028997
1 3188911009
3
2
1 3388284437
1 2852274301
1 1911268250
2
1 3123797827
2
2
1 2164629231
2
3
2
1 3632592964
1 4285163910
2
2
2
3
2
3
1 2043869937
2
1 910605847
2
1 1246469593
3
2
2
3
1 870689363
1 564328084
1 3486287232
3
2
3
1 2494221621
1 587297725
2
3
1 1841667796
2
1 2978654626
3
1 560912962
3
1 980538678
1 3774007982
1 2164234826
2
3
3
2
1 3789886016
3
2
3
1 2459876925
3
1 1243025049
2
3
2
2
3
2
2
2
1 959917467
3
1 718436479
3
1 1972858268
2
1 66578663
1 610889865
2
1 873035345
2
1 880419087
2
2
3
2
2
2
1 1518139331
2
2
1 1064890644
1 921644528
1 2460653181
1 538102412
2
1 1769764990
1 3344529146
1 3024875828
3
1 3992637261
3
2
3
2
2
2
2
3
1 2131796596
1 3553234005
2
1 187236764
1 3489527118
3
2
1 3377826610
2
1 2311812095
2
2
1 2926813840
2
2
3
2
2
1 4199027237
1 520474579
2
1 3816384792
1 2450467980
2
2
2
3
1 2300473035
2
1 2196163285
2
2
2
1 782011391
3
2
1 1850641852
1 1045773142
2
1 4159107829
1 429158731
2
1 3035121028
1 150131920
3
2
1 3279716983
1 4056794514
2
2
2
3
1 125904962
1 972561982
2
1 2300058549
2
2
2
2
2
2
2
2
1 1555084912
1 796867513
1 1200358263
3
1 579868093
3
3
1 2308759006
3
2
1 3791397386
2
2
2
2
1 1751765355
1 1757687167
2
3
1 1383242529
2
1 1043896156
3
2
1 4182965684
2
2
1 3619689322
3
3
1 398254239
2
3
2
2
1 4227619374
2
2
2
1 1722600075
2
2
3
2
3
3
1 477698924
1 106648368
3
1 113497818
2
1 799948461
2
1 1305542527
2
2
2
2
3
1 4227974747
2
2
3
1 3963007536
2
1 4136877019
2
2
2
1 3694281231
1 1850428561
1 4194715658
2
2
1 3611691756
3
2
1 366953302
3
2
1 3940765930
2
2
1 1541591627
2
2
2
1 295776432
2
2
2
3
2
1 2183176412
1 2759727998
2
2
1 2362928320
1 3885411613
1 3307010675
1 138172970
1 4217786371
2
1 796047496
2
3
2
1 1205819643
3
2
1 2997764862
3
1 1805557506
1 3580601333
1 4038685897
2
2
1 1017739522
2
3
2
1 1473947641
2
2
3
2
2
1 58591086
2
1 3527857624
2
3
2
2
2
3
1 285929048
3
3
1 3200456325
3
2
3
2
2
2
2
2
1 765644781
2
1 93141129
1 3429572474
3
3
2
2
3
2
2
1 3232125002
2
2
2
1 963605657
1 1097458266
2
2
2
1 1063031764
2
1 720896459
1 519057471
2
2
1 3404669013
1 2469395504
3
2
2
2
2
3
3
2
1 2059809549
2
1 3731526951
1 3503887411
2
1 3203078925
1 3682481853
2
2
2
3
1 493945591
1 1889143251
2
2
2
2
3
2
1 2771530734
2
1 2964877956
3
2
1 3910388420
1 1942143280
2
1 97967212
2
2
1 1039269856
1 3621522074
2
3
1 4155902396
3
1 2368772874
2
1 4200940405
2
1 912648738
3
2
2
1 1072694871
3
1 747026723
2
1 3199812547
1 1246373361
3
2
3
3
2
1 381089878
1 3164761265
2
1 654934535
1 153940093
3
3
1 265971887
1 1992045303
2
1 3435979647
1 4199258836
3
1 3991323046
2
1 444682826
2
3
1 2829252833
3
3
2
2
2
1 3265859645
1 1199698099
2
1 468872941
2
1 3087406570
3
2
2
2
2
2
2
2
1 220732555
3
2
1 3322493165
1 2727593096
2
1 291697890
2
3
2
1 1886855698
1 469581873
2
2
1 980782260
3
3
1 161112243
1 2148905181
1 2255379938
2
1 528847194
2
1 2772714743
2
1 2130156783
1 1659222246
1 2751607692
2
3
1 3261893727
3
1 2601175245
2
1 4048091106
3
1 652713128
2
2
1 1031189
3
3
2
2
2
1 1365179898
1 942704672
2
1 928060750
2
1 2187410509
2
1 3048460220
1 1423322100
1 3355228881
3
3
1 1587282596
2
2
2
2
3
1 1505848603
1 2142670291
2
2
2
2
3
2
1 71605665
3
1 2497950280
3
3
3
2
1 2026785317
1 600741776
3
2
2
3
3
2
2
1 2028106402
1 3087508981
2
2
1 3125012171
1 2813235825
1 2580274255
1 168459627
2
1 3302601918
1 2196940255
1 3748318405
2
1 3938151341
2
2
1 2404874674
1 3051910788
2
2
3
2
2
1 623301993
2
1 2560175151
2
2
3
2
2
2
2
2
1 844366630
1 1053447968
2
2
2
1 3355332766
2
2
3
2
2
3
3
2
2
1 260919008
2
1 581923315
1 1255401126
3
1 4053856676
1 2882802264
3
3
1 3298734112
1 3396086667
1 536702993
1 731665939
1 3386817326
1 4291901803
1 421122068
3
1 2930620969
2
2
2
1 1064997619
2
2
2
2
2
1 1227589387
1 3901540153
2
2
2
3
2
3
2
3
3
3
2
2
3
2
1 1851916359
2
1 2163063597
2
1 3729732093
1 909930869
1 3227707162
1 562640224
2
1 362512712
1 1872338750
3
1 63970927
1 1971193026
1 3953141322
2
2
2
2
3
3
2
3
2
1 3208468646
1 2861501738
1 2314209665
1 3366099504
1 1768394326
2
1 2134223047
2
3
2
2
3
2
2
2
2
3
2
2
2
1 150844520
3
3
1 598589598
2
2
2
1 3290372913
2
1 1372329253
1 2853635506
2
2
2
2
2
1 902283573
3
2
2
2
2
1 2514172397
2
1 3186436131
1 1431756452
2
1 1882477968
1 2506212997
2
1 1701442861
2
2
2
1 1482587283
1 4255215968
2
1 3806073419
3
2
1 2835248841
2
2
2
2
1 2505100493
2
2
2
1 2538970754
1 1620546450
1 3256951480
1 2668664667
1 1273454779
1 1450380680
2
1 1914370786
2
1 710184465
2
2
2
2
1 4025308997
2
2
2
1 4240612518
2
2
3
1 2306084959
2
1 1919338270
1 3030650550
3
1 3230485545
2
2
1 2964466521
3
2
1 4089691413
2
2
2
2
2
2
1 1360761692
3
1 2262971215
1 3782648129
1 692541252
1 3431895210
1 1528869497
1 126075558
2
2
2
1 2725120417
2
1 130569204
3
2
1 561572242
2
1 817180897
2
1 1235318163
1 2640396216
1 1346041170
2
2
1 1056004405
3
1 2081640490
2
2
2
2
1 583840584
1 1517071730
3
1 850322749
1 4194965489
1 3328975176
2
2
2
2
2
2
2
1 4098360182
1 2070132201
1 3864724564
2
1 2464803844
1 2248776354
1 468361069
3
3
2
1 2978575030
2
1 1446193363
2
1 881912545
1 1017077233
1 66395291
3
1 2613815107
2
2
1 3760782866
3
2
1 270450270
2
2
1 2515766127
1 762683520
1 3411415797
1 2292606365
1 3340016788
2
2
2
2
2
2
3
2
1 4062690351
1 3148628413
2
3
2
3
2
2
2
1 1061463062
1 716517536
1 4097980132
1 1626565511
2
1 3034961303
2
3
1 2231153317
3
3
2
2
1 2956285177
2
2
1 3962758620
3
3
2
1 3525182557
3
2
3
2
2
3
1 592990942
2
1 1577377644
1 725379445
2
3
2
1 2120319274
1 2211962007
3
2
1 2096411702
2
3
3
1 783836062
1 2557925065
3
1 3882977922
2
1 382248401
1 3577366009
2
1 798063663
2
2
2
1 2436419319
1 811975091
2
1 2676818474
2
1 3734127343
1 1754141025
1 3111841295
1 243989147
2
2
2
1 4131440084
2
2
1 3350662583
2
3
1 3467272232
2
1 3751360040
2
3
2
2
2
2
1 3395564892
1 3109901338
1 3859845862
2
2
3
3
1 1025260300
1 37776692
2
3
1 407360122
2
2
1 2209756068
3
3
2
1 2537622166
2
2
1 903598746
3
2
3
3
1 2714947328
1 2053926913
2
2
1 1197406384
2
1 1254210786
2
2
2
2
1 576247919
1 2761417750
2
2
1 3653396524
2
2
2
1 3191875470
2
2
1 3142030345
1 2694436384
1 2703016833
3
1 2726787325
2
3
2
1 126441995
3
3
3
1 2606724806
1 4280049295
3
2
3
2
1 2088643445
2
1 981387069
1 3123549797
2
1 379939147
2
2
1 383765941
1 3303839868
3
2
1 1354884367
2
1 2456910382
1 2722404691
1 3271007889
2
1 1375509191
2
1 2344515811
1 1133413767
1 1748294006
1 3961835870
2
1 1195269848
2
1 239295411
3
1 3291019106
1 1926542813
2
2
2
2
3
1 1334476101
1 1694405114
1 798501190
2
3
2
2
2
3
3
1 3946019231
3
1 3128564021
1 2603219805
2
2
1 4079120308
1 1918969547
1 141270261
2
2
2
3
2
1 4199114041
2
1 3381869617
2
1 330299812
2
3
1 3852106470
2
2
2
2
2
1 3893995896
1 129002203
2
3
1 3974337860
1 2621232848
1 1739040923
1 4085603653
2
3
1 2800041196
1 1308426941
1 3685032070
3
2
3
3
1 886716228
2
2
2
1 2278904716
2
2
1 2980852910
2
3
3
3
1 119780367
2
3
2
1 73146161
2
2
1 1425209146
1 1424305191
3
3
1 903511657
1 2127507448
2
1 1667535730
1 2597136008
2
3
2
2
2
1 3464618233
2
1 1212202546
2
2
2
1 2666086236
3
3
1 2989668859
1 340702355
1 3178365520
2
1 4053464699
2
2
1 1743827422
2
1 3237494382
2
1 330502283
2
1 341129683
2
1 1268032959
1 2474816753
2
2
1 781774265
1 58765060
2
2
3
2
3
2
1 3367741328
2
2
3
3
1 3243527231
1 2415229544
2
1 3677740677
2
2
3
2
1 2398425837
2
2
2
1 3429253729
2
3
1 3230259693
3
1 983075106
2
1 4259000019
3
1 4227342095
1 3283318063
2
1 699625206
2
2
2
1 3309094124
1 1933486913
2
1 1205884203
2
2
1 3289408348
3
1 489269342
1 3959421880
1 1569193560
2
1 1345257440
1 2057781562
1 2425130150
2
2
1 661903349
1 3012756946
1 2992857007
3
1 3953721904
1 767627522
3
2
1 729741464
1 1361409189
1 2964334726
3
1 3590325797
1 573576011
1 1558814527
2
3
3
2
2
1 344563002
1 1196885536
3
2
2
2
2
1 2551526761
1 340636646
1 1447038291
2
2
2
2
2
1 2739314915
1 2858578880
2
1 1140305402
2
2
1 2920750586
2
1 3331830751
1 2345495159
3
1 2052974543
2
2
1 2044067531
1 3514317281
3
3
3
1 1241541082
1 1956084003
2
2
2
1 3664940298
1 3161902265
2
1 4047178473
2
3
1 847495037
2
2
1 1777837224
3
1 2297027229
1 4037591586
1 4150496085
1 433301306
2
1 3477788100
1 1110183669
2
3
1 4243501934
1 564862822
1 1167906447
2
1 3094732638
1 57181300
1 2999081925
2
1 3996413748
2
2
2
1 1875524032
1 1113143680
2
1 175188085
3
3
2
1 1273391574
2
1 675157112
2
2
1 358750252
3
1 1391525567
2
2
2
2
1 2443187573
1 4171669889
2
2
1 1374124671
2
1 1548456424
1 1127535909
3
1 155240194
1 1413019440
1 3262171964
2
2
2
2
2
2
1 3374607086
2
2
1 1117380315
2
2
1 117935179
1 3812710102
3
2
2
1 3468021143
1 953413771
2
1 2808743848
2
3
1 2622465399
2
2
2
2
2
2
1 1861179081
2
1 973259534
2
1 2056278920
2
2
1 2918555864
2
1 2155217294
2
3
2
2
2
2
2
2
1 3096410731
2
1 2018467081
1 918551761
1 1603590042
3
1 2767359857
2
3
1 3280495222
1 3975147661
2
1 2061306078
2
3
1 3691969774
1 4167934064
3
1 227620646
1 1188751101
1 211008240
2
3
3
2
1 3688141187
2
1 2933972786
2
3
3
3
2
3
2
1 2533886874
1 794608886
2
2
2
1 2529063305
1 1994922518
1 3587889561
2
1 3581529788
1 923232873
2
1 2571148645
2
1 489459277
2
3
2
2
1 1977267016
1 437275574
2
2
1 3213456161
1 3487622858
3
2
2
2
1 1299044472
3
2
1 2894262326
2
2
2
2
1 2976400697
2
2
2
3
1 3226585973
2
1 2967486700
2
2
1 1214980638
2
2
3
2
1 2674905897
1 1882821376
2
2
1 2532965322
2
2
1 2366560038
2
3
2
2
2
2
2
1 3260699968
1 2513439788
1 1531516179
1 585220798
2
2
1 1454895522
2
1 1595198560
2
1 732626417
1 2011121782
1 3387224884
1 2884892338
3
1 3462710530
1 589712364
1 427748548
1 1475933163
1 740745123
1 2858777652
1 3143195148
2
1 3249453290
1 58356560
2
3
1 3015597507
3
2
1 4148199245
2
2
1 1602912838
1 3711786419
2
2
1 859136130
3
1 3280678624
2
1 125193123
2
2
2
2
2
1 1090649104
2
1 3882107587
2
3
2
1 2845134813
3
3
1 4075957148
2
3
3
2
1 4216740773
3
2
1 3378846985
1 2172076629
3
2
2
1 3853484870
2
3
2
1 2088565647
2
2
1 3826015468
1 2133182101
1 2874155009
1 3625799790
2
2
2
1 2934265816
3
2
1 3055900987
2
3
1 3839598172
3
2
2
3
1 1100947421
1 1139342652
3
2
1 2502823660
2
1 2378964217
1 287159903
2
3
3
1 2429440343
3
2
1 1648521439
2
1 217766908
1 3214755533
2
2
1 2419245414
1 1322968963
1 1142622771
3
3
1 378428341
2
2
1 4144206391
2
1 3647018300
2
1 1606155141
1 3669664342
2
1 1523278709
1 806834439
2
1 520358897
2
2
1 726829720
2
2
2
1 1548584199
1 1773723645
1 1727458295
2
1 2597553294
2
2
2
1 1482970713
2
1 1359049406
1 63186118
3
1 3755839487
2
1 3348956244
1 3339705862
2
2
1 785763458
1 4040891398
3
1 2009090634
2
2
1 2907731326
1 3327363094
1 1565835670
1 1558340429
1 3304022191
2
2
2
3
2
1 1276664801
2
2
1 2181227488
2
1 4084457145
2
2
2
3
1 1696679594
3
2
2
2
1 1544295845
1 1029378781
2
2
2
3
3
2
2
3
2
2
2
3
3
1 3186185369
3
2
2
2
1 784045159
1 1447956622
1 901365734
1 4122995563
2
1 3906512884
3
3
2
2
2
2
3
1 3634114969
1 3467600354
1 2237018239
2
1 3818158363
1 1305351965
3
1 3341671176
1 1192014566
2
2
1 4202726978
1 2155429186
2
2
1 224652631
1 925782439
2
3
2
2
3
3
1 221991922
2
3
2
2
1 2685568912
2
1 2709242071
2
1 973379045
1 232689491
2
2
1 2077061696
1 354893864
2
2
3
3
2
3
3
2
2
2
2
1 1921625793
1 4043478416
2
1 136607765
3
1 1979666510
1 281261077
1 516486801
2
1 4241919642
1 2283750762
2
2
2
3
2
1 2267939045
1 14693216
2
2
2
2
2
3
1 997458992
2
3
1 1645805876
1 1805742706
3
2
2
2
3
2
2
1 2652944520
2
1 892714698
2
2
1 4276270688
2
1 2336191123
1 3291054075
1 1831423638
2
3
2
1 528278
2
2
2
2
2
2
2
3
3
2
2
1 2608841429
3
3
3
1 867781442
3
2
1 4221008916
3
3
1 64596894
1 3498605993
3
2
2
2
2
3
2
1 2323428075
3
1 4027385250
3
2
1 2800007825
1 1273012050
1 1496193041
2
2
3
1 1559869619
1 3085234699
3
1 306750103
1 1436164849
2
1 3870176256
1 1566502991
2
1 643346916
1 1439175817
2
2
2
2
1 1289964311
2
1 3976744467
1 1696714940
3
1 2363157483
2
1 461367332
3
1 353696628
3
1 3463993253
2
2
2
2
2
2
1 2861428518
2
2
3
2
1 243366580
2
1 3790073702
1 194070081
1 314885611
1 1381571457
1 1633513071
2
2
2
2
3
1 1910380742
1 3373658432
1 780413261
2
2
1 2428410117
1 1645832984
2
2
2
2
1 3488725587
2
1 2119444097
2
1 4233186030
1 1268522628
2
1 3546368204
1 2479724857
2
1 1998308234
1 3333080694
1 4101954147
2
1 2211260424
2
3
2
2
3
1 4067055198
3
2
2
3
1 2479563674
3
1 4091329731
2
1 2403155599
2
1 2415909758
2
2
1 877756984
2
2
2
2
3
1 204936832
2
2
1 3599955848
2
3
2
3
2
3
2
1 784185926
1 188607894
2
1 3062674536
2
1 3790087208
1 3330017194
1 3401832735
1 2151846065
3
3
2
1 290679633
2
2
2
2
2
1 1776017458
1 2712052324
2
2
2
1 656395135
3
1 2826284911
1 1041294014
1 144083704
1 3022366788
2
2
3
1 1454415601
1 3264005488
1 3461249676
1 2326497038
2
1 1951296484
2
1 4082466134
2
1 3096447101
2
1 2977903063
1 1289188391
1 19968915
2
1 2219546717
1 1974312311
3
3
2
3
1 3481914047
1 881653587
2
1 1322128796
1 2259950054
2
1 1723998619
2
2
1 2703688721
1 1659556547
1 3553788137
1 510658462
2
1 797427455
3
2
2
2
1 3642915272
2
1 3641040340
2
1 275441919
2
2
2
2
2
1 1766989549
1 2722282065
1 1831094696
1 1237202290
2
3
2
2
1 2085864156
1 3088074020
1 775631648
2
2
2
2
3
1 2127739960
2
1 994148773
1 3390310439
1 3888679257
3
2
1 3409637962
2
1 2926706830
2
3
2
2
3
2
3
3
2
1 1302212693
3
1 4242642947
1 1015559297
2
2
3
2
2
1 4271688059
1 2802062605
1 2451409492
2
1 1373850940
1 264039241
2
3
1 812908383
1 3257792538
2
2
2
1 617474121
1 672440464
1 3415081648
3
2
1 3331084591
1 2538663777
1 3127773720
2
1 931809738
1 4248429061
1 3312428749
1 3790817044
1 3297091737
2
2
2
1 1282762225
3
1 850614037
2
2
3
2
1 1172274998
1 2797765955
1 3460697859
1 1880321237
3
1 828600490
1 3541285639
1 3786457501
3
3
1 2464099840
3
1 946974017
2
2
1 3351612850
1 1299909452
1 371769458
2
2
1 2145509322
1 934466598
1 3009355717
3
2
3
2
2
2
2
2
2
1 1209440163
1 2529623830
1 1248796455
1 49255684
2
1 1735675652
1 2368623463
1 358317238
1 4092601627
1 86046128
3
1 3872972768
1 3843618680
2
2
2
3
1 3757623017
1 413271535
2
2
1 2226058956
2
1 4245078944
2
2
2
2
1 4090063999
1 1574788920
2
1 3555664263
2
1 476941366
2
1 692819672
1 3337449642
1 2677928349
2
1 687579690
3
2
2
2
2
2
2
1 2469015481
2
3
3
1 1003122857
2
2
1 2355130114
1 3850112852
1 266331210
2
1 3521828288
1 1847100249
3
2
1 1855607784
3
3
2
2
3
1 2624687070
3
2
3
3
1 2390414911
3
2
1 1508333990
2
2
2
1 4028570294
3
1 2958220467
1 2042866788
1 2563463666
2
2
2
2
2
1 2307667254
1 2689607654
2
2
1 1863051239
2
3
1 909447751
1 2582186400
1 3107550801
1 2638149811
1 3409554115
1 1953120112
2
2
1 3012522654
1 1541590907
2
2
2
2
1 581216343
1 2807927990
1 4239741363
1 1356526413
1 3399501375
1 2611646917
1 2896153978
3
1 3421399401
1 3664240547
1 3824874729
2
2
1 1244494071
1 2264338076
1 2166577716
1 2350498080
1 3364457746
2
2
2
1 2317834802
1 116079589
2
2
1 971463001
1 2231391175
1 1016500336
1 3404496871
3
3
1 3982769219
1 2839929853
1 3224884870
3
2
1 2358372230
3
2
2
1 3610104001
2
3
3
2
2
1 213382311
2
2
1 112269320
1 3731981920
1 249038690
1 2608497516
2
2
1 777836343
1 683435493
2
1 1476178391
2
2
2
2
2
2
2
3
1 2929258642
1 883806592
1 667449844
2
3
1 4083841769
2
2
1 1747187198
3
2
2
1 4080681146
1 669998950
1 3568212071
2
2
2
1 1479576990
2
2
2
2
1 957909311
2
3
1 608350169
1 17192904
2
2
2
2
1 3579504980
3
1 3379047278
3
1 4170518099
2
2
2
2
2
1 479621676
1 3792441180
3
2
2
1 3627723710
1 3959198622
3
2
2
2
2
2
1 2367566251
3
2
1 4140909443
3
2
1 2557305812
1 1781659178
3
2
2
1 3588783509
2
3
3
3
1 1741290961
1 2187818732
2
2
1 2833827094
2
1 1739255611
2
1 428736821
1 1066213366
2
1 841892790
2
2
1 169677728
1 3675747176
1 2255754478
1 1569928653
2
2
2
1 1331119993
1 862114833
3
1 2491568680
1 1002111609
2
2
1 2791393883
2
1 1105824330
2
2
2
2
1 4238453825
1 1523194801
1 836291562
2
2
2
1 3926561465
2
2
1 1389369167
3
2
1 1281025402
2
1 2501412053
1 588493838
2
2
1 2508648656
2
1 69719716
1 1129193017
1 2795657226
1 577834991
2
1 3331783028
2
1 2089318489
3
1 222366839
2
1 3610253151
2
1 3007361399
2
1 3354171128
3
2
3
1 931184649
1 998500985
1 1427395627
2
1 1223482144
2
1 2973586011
3
2
1 3708275234
2
2
2
2
2
1 3607958257
1 501043890
2
1 751355893
2
2
1 739672654
2
1 2499359521
1 3939921269
1 3397703629
2
2
2
1 1848575218
3
2
2
3
2
3
2
2
1 2147283052
2
3
3
3
2
2
1 3539867072
2
1 867596385
1 2553225104
3
1 468467084
1 2911052725
2
1 2689653546
3
2
1 1850670916
2
1 1953639816
2
1 4142274943
2
1 32989769
1 1463469137
3
1 4160720087
2
2
3
2
2
2
1 1638488166
2
2
2
2
1 1364343211
1 3386330471
2
1 1210962070
1 3733595560
1 597434731
1 3281430351
2
2
2
3
2
2
1 4197732407
2
1 3366862861
3
1 65049651
1 3595375833
1 165675827
2
1 3016365781
2
2
2
2
3
1 35927761
2
2
3
2
2
3
1 500818891
1 637222920
2
2
2
1 2253260963
1 3695993026
1 417202674
1 465210034
2
1 3341261806
2
3
3
1 3842857246
2
2
2
1 3112927085
2
2
1 1414689075
2
2
1 2282016948
2
2
2
2
1 426299724
2
3
2
1 2672350235
2
2
1 1855870509
2
1 77891918
1 3405180355
1 2371920977
3
2
2
2
3
1 1005495603
1 3265010876
1 2682459747
1 2434914363
1 2585095254
1 3902381684
1 4061929435
1 2203985966
1 3386561261
1 828348751
2
2
1 4040713776
1 1541569685
1 4255819366
1 442559429
1 3779718522
3
1 861192919
2
3
2
3
2
2
2
1 3538158797
2
2
2
2
1 887323859
2
1 2630581822
2
1 1763983249
1 3927764264
3
2
2
1 3830108419
1 532062469
1 905130499
3
3
1 3321931514
2
2
1 1964431026
1 1423797848
3
2
1 2188740535
2
3
1 2900679109
2
1 1529733082
1 2977697419
2
1 3680764668
2
2
1 1548550870
1 2533966428
2
1 971357537
1 731977234
2
2
1 4137109348
2
1 3505799025
1 2484884676
1 2208377301
2
2
3
3
2
2
1 3076306702
2
3
1 2391197670
1 236998487
2
2
3
3
1 4165235277
2
1 477524094
1 2020624812
2
2
2
1 2093326462
1 4056751003
1 1136538643
3
2
1 2705022398
2
1 631683750
1 2697074965
3
1 2437976747
1 236588331
2
1 4259219015
2
1 342082044
1 3887247770
1 945887268
3
1 3418039806
2
1 3688591649
1 4022647696
2
2
2
3
2
2
1 3845141557
2
1 3023580373
2
2
2
1 2448543907
1 2097920093
2
2
2
2
3
2
2
2
1 1992493557
2
2
1 3261059860
2
1 385153048
2
1 251436418
1 2997598468
1 2139145433
3
2
2
1 3979906404
2
2
1 3152004044
2
1 663556086
1 1332934925
1 91398329
1 1086950782
1 1697226988
2
2
1 2810440834
2
2
2
3
2
1 136907457
2
1 1722432239
1 3740039029
2
2
1 1747653181
2
1 2340190350
2
2
2
3
1 3643199371
2
1 703524676
3
2
1 1495666460
2
2
2
3
1 3307103376
3
1 1002508353
2
3
3
1 2772017460
2
2
1 2605022274
2
3
3
1 82885332
1 951670842
3
2
3
2
1 4081754198
1 3202812009
2
2
2
2
3
2
1 4270856216
1 2081223059
2
1 2029245961
2
1 164285821
3
2
1 1371596774
1 861582991
3
3
3
1 1671091493
1 2612832667
1 330916735
2
1 1494263396
2
2
3
2
1 218345189
2
2
1 1834358971
2
3
2
1 1729065749
3
1 3858470773
1 2943501043
2
2
2
1 1390293422
2
1 2981341851
1 3385049300
1 53977855
2
1 1683423524
2
2
1 3923026421
2
3
1 3966755988
2
1 643485207
2
2
3
2
1 2562711031
3
1 551494719
2
1 3282400540
3
1 28844366
2
2
1 1584719624
1 3041152477
1 2330229913
1 3055933819
1 3204642363
3
1 1289450304
1 3435438358
3
3
2
1 1643159758
2
1 3032198753
1 445455305
2
1 3568199108
1 2380675290
2
1 2657219683
1 2002516947
2
1 130105509
3
1 524416787
2
1 1925922552
3
1 3560635574
2
2
3
1 3400541542
2
3
1 1626627293
3
1 3685779822
1 1065436566
3
1 3547693767
2
1 3873026746
1 813834509
2
2
3
2
2
2
2
1 159658377
1 1283942810
2
2
1 2792602681
1 1498556303
1 1427835014
2
2
1 3696192786
1 3684197587
2
1 1930241823
2
2
1 3002961169
2
1 3756621372
2
2
1 4001554113
3
2
2
2
1 4084024015
1 2565604097
3
2
3
1 1209394857
1 1116298932
2
2
1 2049542932
1 1709247809
1 177499196
3
1 2214764975
3
1 3119510446
1 683113006
1 378232284
1 4270445702
1 1895309393
2
2
1 1926162129
2
2
2
2
3
2
2
2
2
1 60986323
1 1897550497
1 3848389516
3
2
1 630223373
2
1 2050355776
1 2092823877
2
1 660637069
1 3215200713
2
2
1 2402042416
2
2
2
1 3619952497
2
2
2
1 2872414057
3
2
2
1 3476691570
2
3
2
3
2
2
1 163506291
1 2692498471
3
2
2
1 2238866511
1 1068521705
2
2
3
3
1 2762115101
2
2
2
1 4158240196
1 2087336915
2
1 1915889617
2
2
2
1 1282559147
1 2124530902
1 3788742323
2
3
2
2
1 619627477
1 1152964342
3
1 1447286259
1 3321980690
2
2
2
3
1 3778886329
3
1 1855702321
3
2
1 414437811
1 789449504
2
1 2704771931
1 1888310257
2
3
1 4020146477
1 3320773585
2
1 1520835559
3
1 3371636349
2
3
1 1225305122
2
1 2752175290
3
2
2
2
1 4784671
2
1 74485245
1 1350967919
2
1 3292263159
1 1404332097
2
2
3
2
2
2
1 4167952146
2
3
1 1759192007
2
2
2
2
2
2
2
2
1 1389885193
2
1 3661275079
2
1 574203663
2
1 269487667
1 995206511
2
2
3
2
2
2
1 3809650852
1 3988686510
3
1 2902669260
2
2
1 3158061369
1 712294041
2
2
2
1 1936948447
3
3
2
3
1 3769874939
1 1300687400
2
2
1 425732030
2
2
2
2
1 176177990
1 3689066167
1 154962123
2
2
2
3
1 1197993770
1 3119903184
2
3
3
2
1 689836610
2
3
2
2
3
1 2307597661
2
2
2
1 1978166971
1 2672120085
1 3765961477
3
3
1 3893193594
3
2
1 710734099
2
1 1893511969
2
1 4137864863
1 2638009708
1 4220991954
2
2
2
1 3722103141
2
1 2552543591
1 588264199
1 776969942
2
2
3
2
2
2
2
1 1024302991
2
1 4206303403
2
1 542175665
3
2
2
2
1 1644608958
1 728162135
1 3988101664
2
2
1 3059748964
1 2511871158
2
2
2
1 1760056520
2
2
1 2743037560
3
1 765875746
2
2
1 374057159
1 800176571
1 4168754880
2
1 4023977129
1 3549751118
3
2
2
1 1137948274
2
1 3682440523
3
1 2939757140
1 2655112664
1 46237569
1 4011118094
2
2
1 1399193531
3
1 1398099660
2
2
1 3376607474
2
2
1 671096129
1 1509124875
2
3
3
1 2269554271
2
3
1 2103608264
2
2
2
1 3771687600
2
2
1 354688537
1 3925458712
1 303408528
2
2
1 1116397311
2
3
2
1 3132708879
2
2
1 4112060082
3
2
1 3455356827
1 3021268410
1 3845384507
2
2
2
3
2
2
1 2953950352
1 1353803663
2
2
1 2721114130
2
2
3
2
2
3
3
3
2
3
2
1 3950168620
2
2
2
1 1479884130
2
1 1549590551
3
2
2
2
3
2
1 1889100216
1 1650709257
1 86696640
2
1 2495556192
2
2
1 3532032097
2
2
2
2
2
1 561654180
1 1229572599
2
2
2
2
1 2467230946
1 863549676
2
2
2
2
2
1 356245591
1 1148751244
1 3505159897
2
1 3900047534
2
1 3283230337
1 3381806915
1 2009968953
2
2
3
2
1 994594894
1 2676895299
1 2842441720
1 661905376
1 1607312066
2
1 1261612976
1 1984964651
2
2
1 1081950479
3
2
2
2
2
1 1706911352
1 2446167955
3
2
1 2928117373
2
2
1 3432028054
2
2
2
3
2
1 3371101749
2
3
1 2013525033
3
3
2
2
2
2
2
2
3
2
2
3
1 1403579741
2
2
2
1 3148289405
1 2054091882
3
1 2647635754
1 3300895542
1 3252591818
2
3
2
1 125611358
1 2559562626
1 1265006005
2
2
3
1 1825085238
2
2
1 3306841383
2
3
2
1 3172091912
1 2917775021
2
3
1 2837790964
1 2432070017
2
2
1 2627947211
2
1 1828407703
2
1 1062425172
3
1 2969476243
2
1 1088261979
2
3
2
1 1739631985
1 3100256800
2
1 3152920882
2
2
1 1407822241
3
2
1 3712739300
2
3
1 1929539618
3
1 581468276
2
1 2728569672
2
2
2
1 872581556
2
1 3213203209
2
2
1 3382907986
2
1 1028133610
1 3806527180
1 1945350419
2
1 27407216
1 1513304929
1 3936630407
2
2
1 437604870
3
2
1 1660995953
2
2
2
2
1 2167727319
2
2
1 916996240
1 2578645986
2
1 3517196428
2
2
2
2
2
2
2
2
1 4046524656
2
1 1222994255
2
1 1236428509
2
2
1 1528221124
1 2394166521
1 1319071909
2
1 2791858108
1 3795089082
1 2639663506
3
2
2
1 1957653117
2
1 2439978031
2
3
1 1971266340
2
2
1 4109836454
3
3
2
2
2
2
2
2
2
1 3737995538
2
2
2
3
1 2023195696
2
2
2
3
3
1 1495262253
1 880559439
3
1 4005361613
2
2
1 1320471963
1 757829516
1 4029921530
1 2772787771
2
3
2
2
1 473172060
2
2
3
2
2
2
2
1 2424967343
1 1430697071
1 3530902618
1 2879737037
2
2
1 1555751461
2
1 3440804373
3
1 1105806584
1 2923221442
1 304457485
1 270563086
2
2
1 2178788307
1 4124148994
2
1 451579600
3
2
1 709707043
2
2
2
2
3
3
2
1 53883548
2
1 1809175170
1 4140622292
3
2
2
3
2
1 2775680744
1 3543079402
3
1 1229318137
2
1 4266772836
2
2
3
1 3763025267
2
2
1 674348986
1 3208492356
2
2
2
2
2
3
1 3519770338
2
2
2
2
2
1 3781711596
1 2796898941
2
3
2
1 590642891
3
3
2
3
2
2
1 2326730308
1 2591033284
1 2488654998
2
3
2
2
1 3502935575
3
3
3
3
1 2435092447
2
1 160577285
2
2
1 1007916914
3
2
2
1 4120243291
2
2
1 2495705301
2
2
1 2823227483
1 3499583985
1 1440319101
2
3
1 3615112850
1 1373745661
1 2066398513
1 1061853600
1 2051727590
2
2
2
2
1 849580409
3
1 641861063
2
1 1651811118
2
2
3
1 3105799765
1 3051540544
1 3405591173
2
3
1 3509755001
3
2
2
2
2
1 674057279
1 1031179205
2
2
2
2
1 1223959936
2
2
2
2
3
2
2
2
1 2056915609
1 461994940
2
1 618207826
3
3
2
3
1 894503651
1 1886549289
1 3092147900
1 4235071418
2
1 3691602031
1 859087059
1 1370913846
1 1332757163
1 2743729207
1 305775840
2
1 2483728091
2
3
2
3
2
3
2
2
1 1810175826
3
1 2814668082
1 3548889312
1 3531742718
1 1865564493
1 1382191887
2
1 1200502858
2
2
2
2
1 681909670
3
1 2598466374
2
1 4191399273
1 958899595
3
2
2
2
1 3772190121
2
1 3556765094
2
3
3
3
2
1 4196910764
2
2
2
2
1 2789088556
2
1 2710775916
3
2
3
3
2
3
1 2417994577
2
2
1 2646079369
2
3
3
1 3753548178
1 4256842980
1 1719371490
2
2
2
1 997124597
2
3
2
1 558175494
1 3502311677
2
2
1 2270800282
2
2
1 1432546024
2
1 1304097295
1 1967140513
1 3552887538
3
1 304764049
1 93512278
1 3476121263
1 2165497135
2
1 3148111097
3
2
1 2882681353
3
2
1 4043101139
2
2
1 4287495004
3
3
2
3
3
2
3
2
2
2
2
2
2
2
2
2
3
2
1 3992150824
1 2012495737
2
1 878482554
2
1 1919475475
3
2
2
2
2
2
2
2
2
2
3
2
1 2836883465
3
1 2621244963
2
1 2143554433
3
1 817446835
1 11333035
3
2
2
3
2
2
1 562949298
2
3
1 4221821131
1 2555132595
2
1 1928302357
2
1 1642362519
2
2
2
2
2
1 721611968
2
2
1 538345032
3
3
3
2
1 2011646486
2
2
1 3302887362
2
1 2347375499
2
3
2
1 1086168012
3
2
2
1 3160666461
2
3
2
2
1 312472785
1 916294548
3
2
1 3196632633
1 3833407418
1 655112388
1 81441034
3
3
1 1669171964
1 1119977517
3
1 1347509908
1 1307456849
1 2318791958
1 3793405
3
3
3
2
1 2110953705
1 3349700811
1 3025608296
1 2389026196
2
2
2
1 3229599818
1 1617451628
2
2
2
1 940882372
2
2
2
2
3
2
2
3
2
2
1 491910416
1 1097873954
3
1 3154823469
3
2
3
2
2
1 1711580891
1 947567488
3
2
2
1 3091897093
1 3408627515
2
2
2
1 396909980
1 3469595086
2
2
3
1 3950201061
2
2
3
2
2
2
2
2
3
1 937476628
2
1 1277367345
2
1 3090980010
3
3
1 3578274656
2
1 1248477242
3
1 2548085849
2
1 177702005
1 299089022
2
1 2193989237
1 2498024340
2
1 3240504375
2
1 1531672449
2
3
2
2
2
1 2570679843
1 477916303
2
1 363962391
1 2967221996
2
3
1 2740474405
2
3
2
2
2
2
1 321433864
2
2
1 449249551
1 2440892881
2
2
1 2260569343
1 1247128539
1 467826460
1 1492674749
1 1248618047
1 340337991
1 499046653
2
1 3445014226
1 3013932058
2
1 507216602
3
2
2
1 4111403885
1 1408749990
1 555837397
1 1036371469
2
2
3
2
2
2
1 860349752
2
2
2
2
2
2
2
2
2
2
2
3
1 2738347264
2
1 2372633272
1 2677109901
2
2
1 3249525075
2
3
2
3
1 4081295008
1 560322785
2
3
2
2
1 1994389248
2
2
3
2
2
1 1675711756
1 1716526536
2
2
1 2749182706
2
1 3825119937
2
2
2
2
2
2
1 2208377644
1 3769349527
2
2
2
1 1170954686
2
1 1343392063
3
2
1 3186594513
2
1 1065622722
1 1238509044
3
1 2778295483
1 2000838077
3
3
1 2871051500
2
2
1 1770010349
1 1725977829
1 3200801271
1 3461874916
1 709914111
1 1934721488
2
2
1 1415070511
2
1 1082578297
2
3
1 534194142
1 999516534
2
2
1 1240865253
2
2
2
1 517744991
2
1 1011714936
1 3271040921
1 1224492530
2
2
2
2
1 1584474433
3
2
2
2
2
2
2
2
1 1581840695
2
1 1649014555
3
2
2
2
2
1 756905516
3
2
3
1 2403383782
1 4138917780
1 808164061
2
2
1 2059402813
3
2
3
2
2
2
2
1 1858660307
1 2361798548
1 2348322546
2
1 1017529091
1 2587687976
1 1209684602
2
2
1 754688603
2
2
1 3612791337
2
2
1 3998627315
2
1 3064222110
2
1 1344115184
1 3722242309
2
2
3
2
1 2554959610
1 2248462575
2
3
2
1 4150928577
1 4251565207
2
2
3
1 3034133087
3
2
1 1419903508
1 3435102714
1 1277085768
2
2
2
3
1 2743027604
1 2049276450
2
1 3745588470
2
1 2706997557
2
2
1 2043912589
2
1 1014002748
3
2
1 3177640535
1 1876654752
1 2039197360
2
3
1 1820449656
2
2
2
1 2173509720
1 2182061898
1 3725077810
2
1 2145793222
2
3
2
2
1 3656540441
2
1 2748748180
1 1116506611
2
1 4213544450
1 1164711868
2
3
2
2
2
1 320181193
2
1 1611192680
1 574680966
2
2
3
1 1516138365
2
3
1 2827256437
1 578964118
2
2
2
2
1 3117459224
1 3671709842
3
1 3447575886
2
2
3
1 2613051176
2
2
1 2725134164
1 1934742927
3
2
1 3676478293
1 2646098986
2
1 1154852849
2
2
3
3
2
1 2519996357
1 4230076422
2
2
2
2
3
1 606949899
3
1 264064033
1 1404843836
1 691411515
1 2499986053
1 3988885923
2
2
1 1868788911
2
3
1 2156048013
1 3979580498
2
1 135683220
3
3
1 410878764
1 1539074832
1 125912142
2
1 2735298552
2
3
1 3014966700
2
2
2
2
2
1 466390476
2
1 3142695677
1 3905068127
2
2
2
1 3745348172
1 2060048693
1 1688551600
2
2
1 956219375
2
2
1 71956420
1 2020417399
2
2
2
1 1813088210
1 1364324518
2
1 3106484721
1 1448297172
1 3555760655
1 4283112113
1 167457339
1 2882815302
2
2
2
2
1 2214775614
3
1 3305857411
1 157291271
1 4110470467
2
1 1319133413
2
1 2450507696
2
2
2
1 1397795187
1 752259127
1 2763241699
1 2267523709
2
2
1 1600612474
1 1020684139
2
3
1 223927782
2
2
1 1167375325
1 484113355
3
3
1 2826870890
1 2501451165
2
1 2770095611
2
2
2
2
3
1 383661976
2
1 2077351330
2
2
2
1 1616635170
3
1 2443182914
2
1 353878685
2
2
2
3
2
1 715411171
1 3336158658
2
2
1 3182217769
2
2
3
1 3012698656
2
1 927433233
1 569218836
2
1 3515311
2
3
2
2
2
2
2
1 4133460320
2
1 90541498
1 974529114
1 1648314452
1 3438382674
1 3446032150
1 3437873339
2
1 3041614382
2
2
2
1 1604034761
1 2273366706
2
3
2
1 3264006732
2
1 2187222501
1 2935106843
2
2
1 3422529968
3
1 2826484252
2
2
1 833200809
2
1 1946269399
3
1 4129860022
2
1 3572699625
3
2
3
1 215587744
1 1289792750
3
1 376712945
1 2901194347
1 214069478
1 3399287362
2
1 1132815999
3
2
2
1 2174969465
1 2424355118
2
2
1 525815709
2
2
3
2
3
3
3
2
1 476788619
1 2725588296
3
1 4257384934
1 3603268666
2
3
1 2452043325
3
2
2
2
1 1303248985
2
1 628409906
2
2
1 300771637
2
2
2
1 1262385095
1 409611669
1 3160375153
1 123852591
2
3
1 2608608979
2
2
2
2
2
2
2
2
2
1 1441328004
1 3986355507
3
3
2
1 1990832468
3
2
2
1 2541712384
2
1 3180262064
3
1 3517084762
2
3
1 882012164
2
1 4003307409
1 639987855
2
2
3
2
3
2
1 3314882592
1 1329745204
1 4037150308
1 2256932223
1 2760484130
1 456673557
3
1 2840876435
2
2
2
1 4243301212
3
2
3
1 431895962
2
1 434211156
3
3
1 1110669319
1 3777427534
1 1621955796
1 809315200
1 1975808224
2
1 3364744029
2
2
3
1 2285287437
3
1 2502379666
2
1 2081881096
2
2
2
1 240391814
1 2735967553
2
2
2
2
1 3785729427
2
3
2
3
1 2343732326
1 69025134
1 3403225862
1 160229566
1 3083408353
1 2375762238
2
3
2
1 772462260
2
2
1 1934475499
1 3617280199
2
2
2
1 145276484
2
2
2
2
1 3329307494
1 3344020470
2
1 752752314
2
2
2
1 2335159829
2
2
1 1227651689
1 639632905
3
3
3
1 3356680693
1 3394541293
2
3
2
1 613308330
2
2
1 944696874
1 1704408584
3
1 2407745001
2
2
2
1 3569234637
1 1792322984
1 2215638324
2
3
1 3292969864
1 4274360334
1 767432888
2
1 1445346452
2
2
3
1 2431487771
1 440501848
2
2
3
2
1 444589991
1 826793133
2
2
2
1 3029966679
2
2
1 1648585621
3
2
2
2
2
2
3
1 550237165
2
3
1 1777710121
1 2868410198
1 2133474502
2
2
2
2
3
1 2415781323
2
3
2
1 2975450278
1 428707876
1 342312930
2
2
1 2866351805
2
3
1 3580719648
2
3
1 2715393900
2
1 1630879216
1 586242120
3
2
3
1 489152910
2
1 2832236275
2
1 916416091
1 1726933636
2
2
2
2
2
2
2
3
2
1 199127178
1 763481371
2
1 3952592896
1 1320505686
2
1 2936381064
1 3905847690
2
2
1 4186257647
2
2
1 100913147
1 1445238372
1 3879116035
1 1980304423
3
1 799314856
2
2
1 1749541878
2
1 2835651185
2
3
2
2
2
1 4090858882
1 500488722
1 2262463608
2
1 3290744441
2
2
1 4188742804
2
2
2
3
2
3
2
3
1 3840590070
2
1 3981160126
1 1230793957
2
2
1 2034524068
2
3
2
2
2
3
2
1 2212126750
1 144009466
2
2
3
3
3
2
3
3
1 506412922
2
1 3636977481
3
2
1 3133356044
2
2
3
1 2725034836
1 59375229
3
3
2
2
2
3
1 77965692
3
1 681170478
1 3368716578
2
3
1 1389488189
2
1 3175529486
2
2
2
2
1 103198452
1 3445804100
3
2
2
2
2
2
1 3053123558
2
3
2
3
2
1 4033023763
1 2799864119
3
3
1 4100377908
3
1 1725572525
2
2
2
2
3
2
2
2
3
3
2
1 3746187729
1 1092335329
1 4285169101
2
1 3234419869
2
1 1999443349
1 449729297
1 1782422267
1 4224030980
1 3433304081
2
3
3
2
3
2
1 1251894495
1 2719086343
1 2509353766
3
2
2
3
1 1412746979
1 865776324
1 2172821315
1 1220105266
1 1916856389
2
1 2435584098
1 2577369
2
2
1 794597434
3
1 3054139167
2
3
2
2
2
3
1 3643195608
1 1681633904
2
2
1 2121436703
1 2057417696
1 3797791903
3
2
1 3193740526
2
1 864046167
1 75788667
1 628875684
3
1 2147740373
1 1907142609
1 1807920023
2
2
1 224005166
2
1 3094082495
1 2123019668
2
1 897721763
2
1 2213505743
1 4017672020
3
2
2
2
2
1 1190665499
2
1 1276983056
2
2
3
3
2
1 3732347614
3
2
2
1 506754863
2
2
2
2
3
2
3
2
2
2
3
1 4098433239
3
1 2992900211
2
1 3956945659
1 3563891803
1 2763430120
1 3203285335
3
3
2
2
3
2
1 4279413280
1 1310618503
2
2
1 1958607189
2
1 2396630352
2
2
2
2
1 448798920
1 3857296224
1 3264485507
1 3375812699
2
3
1 1720954377
2
2
1 2603043629
2
3
2
3
1 953801014
1 4081085932
1 3365987921
2
1 2122323250
1 3244143959
1 2878873937
1 2354934529
2
2
2
2
1 3508967467
2
2
1 905327852
2
1 2174654464
2
2
3
2
3
2
2
1 1569077177
2
2
2
1 3668046613
1 2216030649
2
1 3360853483
3
2
1 1293108090
3
2
2
3
1 2014157839
1 2735063730
1 3725172339
2
3
2
1 3775182205
1 343655297
1 2426158531
1 2454904469
2
3
1 2846602300
1 2280566600
2
2
2
3
2
1 2244455903
1 1469675677
2
1 1198533970
1 363552977
1 3686747130
1 1544723727
3
3
1 2307575975
2
2
3
3
1 2451027924
1 161028859
1 1307188302
3
1 3486479826
2
1 3352942221
2
1 3048423788
1 2807709132
2
1 3478988343
2
2
1 836279792
2
1 3916417328
2
1 371197812
1 2792559277
1 1085985736
2
2
2
2
2
1 2806774879
2
1 2826108612
2
1 3283157926
1 4072064416
1 2997888675
2
2
2
3
2
1 2835174258
3
1 3484883425
1 395997092
2
1 3497307770
2
3
3
2
1 1822328499
2
1 1471036421
2
1 2232977031
1 2131004287
1 3293640869
2
1 1234573436
2
2
2
1 2332368615
2
2
2
2
2
3
2
1 1950732668
2
3
3
2
1 3639217762
2
2
1 737761096
2
2
1 2853115684
1 556140022
2
2
2
2
2
1 3037692675
1 4193571915
1 1213357622
1 3524181490
2
2
1 3507438238
1 699262792
2
2
1 4274538195
3
2
2
2
1 4194826623
2
2
2
1 2713962630
1 3808201039
1 2856515984
1 1647675297
2
2
2
1 1509755278
2
2
1 1324839006
2
3
2
1 3878544647
2
2
1 3610268070
2
2
1 2398571979
1 781610643
2
2
1 3405493436
1 3273832811
1 925797456
2
1 2040744693
2
1 3998734573
1 3956916424
2
3
2
2
2
2
2
1 840043793
1 1286702248
1 1785145538
1 435802113
1 225621911
1 2030044764
2
2
2
2
1 1879789087
2
1 1706296355
1 3502617025
1 1777319679
1 1652612066
3
2
2
3
2
2
2
2
3
1 1546597842
1 2251991857
2
3
3
1 3794745838
2
3
2
1 2041950005
2
2
2
2
1 1071166287
3
2
2
3
2
3
2
1 2444240925
2
2
2
2
2
1 4141964147
1 3495605334
2
2
2
2
3
1 3502920749
3
2
1 3855554837
1 2740134003
2
2
2
1 1824028767
2
2
2
2
2
3
1 4064558604
2
1 637799432
2
1 3267987870
1 1650639630
3
1 3111207286
3
2
1 1148779049
2
2
1 480851618
1 3514349063
2
1 2151591117
2
1 827233409
1 3021258399
1 322670961
2
2
2
1 227710419
1 3512212443
3
2
2
1 1760690814
1 3832421437
2
1 288008266
1 483547110
1 3399946594
2
2
2
2
3
2
3
2
2
3
2
3
2
2
2
2
2
2
2
2
1 231306345
2
1 3058440380
1 4017257889
2
2
1 1280305023
2
2
2
3
2
1 3017836064
1 2000954748
2
2
1 3206890539
1 236071941
3
1 2671640433
2
2
3
2
2
2
3
3
2
1 871038453
3
2
1 4154225679
2
2
3
1 287656065
3
2
2
2
1 3766783851
1 1792314768
2
1 3997817432
2
3
2
1 1251442606
1 3112624309
2
1 1170221174
1 721855488
2
1 459921656
3
3
1 520453542
2
3
2
2
1 1081013795
2
1 263676992
1 3555341623
1 2324446228
1 3239328277
1 1458023381
1 465080211
2
1 1189692693
2
2
1 1113488310
2
2
1 1042961626
1 2917903458
2
1 4192275969
1 1127060697
3
2
2
1 3805519444
1 3315087655
1 1936839400
1 2688477776
1 2650721866
1 1810145090
1 1465313667
1 3188782913
2
2
2
2
2
3
1 3079408587
2
2
1 1391078482
2
1 633712438
2
3
2
3
1 2326396006
1 4044048934
1 414341378
1 3980074962
1 1359262083
1 3386942266
2
1 3813410766
2
2
1 3490654468
1 1317421041
2
3
1 487465974
1 3738329023
3
2
2
2
1 709401304
2
3
2
1 3036446554
2
2
1 3541165074
3
2
2
2
2
1 3506299405
3
2
2
2
3
1 3969781940
2
2
2
2
2
1 4288529953
1 1026345589
2
1 2852293141
1 873220864
2
1 2094727749
2
1 563314536
1 3125856275
1 2364532131
2
1 133737548
1 1038671660
1 578898245
2
2
2
2
2
1 1101333151
1 3125916586
2
3
2
2
1 2827747707
2
2
2
3
1 2526519327
2
2
1 1610197243
1 2395701113
2
3
3
2
1 1502766595
1 331063195
1 2091537524
1 2035451982
1 1302383386
3
1 1519868007
2
1 1865824983
3
1 2908241083
3
1 2944969460
2
2
1 1762539100
2
1 3996402197
2
1 268757699
2
2
1 1187059139
2
2
2
2
1 3719659449
2
1 4236285415
2
1 1203885976
1 2018790622
1 956200329
2
1 3799803613
2
2
2
2
2
1 2085528338
3
1 1232858867
1 560944158
1 477769563
1 2584867230
3
1 1015199266
2
1 3606073073
3
1 3024370424
2
2
2
2
1 2279653436
2
3
2
2
2
2
1 36812162
1 3262663832
1 3868190534
3
1 85194643
2
1 3794510334
2
2
1 4099236608
2
3
3
1 1371593442
3
3
2
1 1972069272
2
3
2
2
2
1 1204176781
2
1 3105067443
1 846543824
2
1 3711901480
2
3
2
1 1663390252
2
2
2
2
1 990070712
2
2
2
1 1858741968
2
2
1 1810111370
1 213031265
1 4294736722
3
3
2
3
1 2309984682
1 3017959719
1 3589108821
3
2
1 399165795
2
2
2
2
3
2
2
3
2
2
1 66163592
1 2050886111
1 69827610
2
2
1 467996552
2
2
2
1 2956496408
3
1 1362810260
3
1 1355132074
1 1023177731
1 2768790942
1 1727715904
1 856753992
1 2760564786
1 1589972534
2
1 1005071701
2
2
3
1 2826166467
1 3242123412
2
1 3140749089
1 535381684
1 2465688277
1 2490585802
1 3277851897
1 3042171245
3
2
2
2
2
2
3
2
3
3
1 1403142649
2
2
1 3218226245
3
2
2
2
1 1885006071
1 2511917384
1 3055213900
2
2
1 3444220079
2
2
1 255615885
1 1079216543
1 3504755319
1 3850156029
2
1 1276196586
2
1 4239410565
1 3661634685
1 3914982584
3
2
3
2
1 3355201869
2
2
1 2075629806
2
2
2
2
2
2
1 3692344378
3
1 3921340833
3
3
1 3455808970
2
2
1 937698344
2
1 2199523494
3
2
2
2
1 3729370656
1 1987929632
2
3
3
1 614485715
2
3
2
1 3118106259
2
3
1 2908308690
1 2580151639
1 185575837
1 3637847666
2
3
3
3
2
1 1882953861
1 1894505860
2
1 237342426
3
1 1659767725
3
2
1 1173879270
2
1 2633200384
2
2
1 836443043
2
2
2
2
1 1417868764
2
1 935182143
2
2
2
1 448293602
1 3442498027
1 2867444199
2
1 1969959233
1 1193756319
2
1 2155297679
2
1 3504293076
2
3
2
1 4238438578
1 754776077
1 3893338215
1 2165634996
1 1903032999
1 1332914502
1 2871552567
2
2
3
2
1 3144622789
2
3
1 1024551946
1 2129035534
2
2
1 3970884586
2
3
2
3
2
3
1 1378904975
3
2
1 3585964524
3
1 2001105070
1 937492088
1 663279183
1 3236919508
1 1568598196
1 4066429605
2
2
2
3
2
2
1 3270180769
1 3609167447
2
3
1 1497184729
1 2304584783
2
2
1 4283169521
3
1 1139958391
3
2
1 3721561564
1 651640568
2
2
2
1 2668613147
3
2
2
1 1451975638
3
1 4129587480
1 386577231
1 1764635796
2
3
2
3
3
1 1003066353
2
2
1 873008005
1 629216726
1 192990071
2
3
1 2989942101
2
1 192181524
2
1 1792721969
2
2
1 3521871547
3
1 1565883658
1 3143661117
3
3
3
1 1661100364
2
1 287385267
3
2
3
1 2205862032
2
2
1 2223901300
1 174646641
2
3
2
2
1 2846596695
1 1728669579
1 3308992522
2
2
3
3
2
2
2
1 3468212239
3
2
2
3
2
1 270952545
2
1 747703742
3
2
3
2
3
2
2
1 2092922754
1 241306651
2
1 2422482627
1 3515139384
2
3
2
2
1 787833502
3
2
1 3657499628
2
2
2
2
3
2
2
3
1 3653795269
1 1764894102
1 2026742561
3
3
1 2215779159
2
2
2
3
2
2
2
1 1980134719
1 2022381945
2
2
1 3941136031
1 384016233
2
2
2
2
2
1 780349523
3
2
1 2963751263
3
1 1171888870
1 23667714
1 2899450493
1 1377758318
2
1 246382888
1 1300940897
2
1 1415038832
2
1 2484862952
1 497801426
2
2
2
2
2
1 3578913794
2
1 429337945
1 3423621015
2
2
3
3
1 4185620636
2
1 132037959
2
3
1 1398150307
2
1 548216479
1 2975446430
2
2
2
3
1 1629266266
1 1965332391
1 1605886603
1 2901119685
2
2
2
2
2
1 338105793
1 2999334411
1 3084041636
2
3
2
2
2
2
1 4268382853
1 851781561
3
2
3
2
3
1 2223730112
2
1 3791093492
1 1800807719
1 2514052895
1 2759105614
2
2
3
1 3128195798
2
1 662669993
2
1 49750923
1 1336661208
3
1 3938969972
1 1204943752
2
1 490155302
1 685425440
3
3
2
1 1673490086
2
1 444472098
2
1 1744898546
2
1 1063782467
2
1 4107090922
3
3
1 625104204
1 1485681239
1 2163441386
1 1495148970
2
1 640437716
2
2
2
2
3
2
1 1421159879
2
2
1 542989766
1 2791712040
2
1 651876644
1 3731029441
2
3
2
2
2
1 510110689
1 3598992798
2
2
1 802666777
3
2
1 3605526913
1 1127590132
1 3563704348
2
2
1 1344443043
1 4142395513
1 393969
2
1 4262886575
2
1 1614462598
1 812854597
2
1 373899700
3
1 1908429808
2
3
1 554269798
2
1 977090184
2
2
1 4040680862
2
2
1 4160056955
2
1 4050063539
2
2
3
1 2049720469
1 2835753900
2
1 518734748
1 270965008
3
1 913962277
1 1338001152
1 1121022066
2
1 3928552299
1 1766763094
1 550712385
1 772344907
3
3
1 3714455157
2
1 2619673287
2
1 1429866649
3
2
1 3258323056
1 3583396556
2
1 1852505475
1 3393288300
1 507386706
2
1 327144896
2
2
2
2
2
2
1 656050315
2
2
1 3951491702
2
2
2
1 1973225148
1 207813704
2
3
1 3544389718
2
3
1 1319253063
1 2345771099
2
1 484536007
3
2
1 972242432
2
2
2
2
3
2
3
2
1 723399541
2
1 4003176299
1 1036084659
3
2
2
2
1 77037027
2
2
1 1646670196
1 283461054
1 3261837189
2
1 2290525840
1 595693098
2
3
2
2
1 4119707019
3
1 4151085004
1 972319258
1 4068957343
1 2106299417
1 3111882945
1 2905268355
2
1 729396257
1 2512807514
2
2
3
3
2
3
1 1389619220
1 2526519571
2
2
2
2
1 3887234516
1 1791709765
2
2
2
1 2193861378
2
2
2
1 1776885119
1 2836367000
2
2
2
3
2
3
3
1 4222315335
1 841135051
1 1264454073
1 1481770220
1 136018374
2
2
1 2423344377
1 850653199
2
3
1 3685116560
1 4226264501
2
2
2
2
2
1 2227796951
3
2
1 2687070291
1 2692419087
2
2
3
1 3466813292
1 1621606141
2
2
2
3
1 2788964037
2
1 3787159505
2
2
1 3744910865
1 3091801169
2
2
1 3204073885
2
1 424554172
2
3
2
2
2
2
1 906763241
3
2
1 403366192
3
2
1 2358071107
2
2
2
2
2
1 69872230
1 3487446186
1 760035128
3
1 3673898104
1 3300812151
3
2
2
2
2
1 2356327477
2
1 3830406403
2
2
1 2799230068
2
2
3
1 1267014998
1 2271405731
2
1 221708070
1 2827750166
2
2
3
2
2
1 3987449455
1 4075624473
1 2497689774
1 441357517
1 4061729849
2
3
3
3
2
1 614306479
2
2
2
1 2491823710
2
1 918996364
3
3
2
3
1 995758605
1 3280218145
2
3
2
3
2
1 2491025411
2
2
3
2
2
2
2
1 1997924537
2
2
1 1592675917
2
2
1 2299835937
1 1517055399
2
1 630084510
2
1 491327284
2
1 4190239270
2
3
2
2
2
2
2
2
1 4054756770
2
2
2
2
1 3418839703
3
2
2
1 1585557101
2
1 3305884097
1 64930378
2
2
1 3360234474
1 3474390140
2
1 2309401323
1 938733986
2
2
3
1 1623276487
2
2
1 660813461
2
2
1 3988557048
2
2
1 2265826277
3
1 1974787710
1 3685565870
2
2
2
2
2
1 2240331970
1 3317219255
2
2
1 1304486906
2
1 3788708011
1 1030638005
2
1 281878646
1 1281183680
1 2969870750
1 1234105461
2
1 1607441624
1 909817591
2
2
1 970238117
2
3
1 838020773
2
1 3455494632
1 2784369975
1 1981361728
3
2
1 2172514600
2
3
2
2
2
1 3175234859
2
3
2
2
3
3
2
1 3229061573
3
2
2
1 2235865542
2
3
1 4065674126
2
1 3654702476
1 3954267249
2
3
3
1 61434840
1 2414353715
3
2
2
2
2
1 2202604594
3
3
3
2
2
1 1390196496
2
3
2
2
2
2
1 1107812010
1 2973848459
2
2
1 3152693850
1 3093347431
2
2
2
2
2
2
1 3499906684
2
3
2
2
2
1 958084330
2
1 305933389
3
1 3177196328
1 1672440028
2
3
2
1 1814604783
3
2
2
3
2
3
2
3
3
2
2
2
3
1 1980924925
2
2
2
2
2
2
1 259568504
1 2772189694
2
2
1 2379620638
3
2
1 4121848499
1 1509459579
1 2492451775
2
1 3556618282
1 4149243468
3
1 3138961105
3
1 3146777635
1 3463273524
1 1336399070
3
2
2
1 1302780406
2
3
2
2
1 1201776495
2
1 2283577137
2
1 820261824
1 2051047
1 458591172
2
1 2009337366
3
2
2
2
2
1 834176081
2
2
2
3
1 2355294935
2
2
1 2075021870
2
2
1 3909665718
2
1 1007761733
3
3
2
2
3
1 1972443583
1 2594857859
2
1 1871258380
3
1 570690377
1 3016577094
2
2
2
1 2396858256
1 920468530
2
2
3
1 3496087008
2
1 2261627836
1 2058121080
3
2
1 3925764112
2
2
1 4218925536
2
2
2
2
2
1 3112025562
3
2
3
3
2
2
1 766502628
2
2
2
2
1 2447926058
2
2
2
2
2
2
2
2
2
2
2
2
3
1 1199757148
2
2
2
2
2
1 2078921925
2
2
2
2
1 3966260040
2
3
1 3845020240
3
2
2
2
1 4237019521
1 4084784378
2
1 772367435
2
1 3899957328
2
2
1 3625139160
3
2
2
2
2
1 3319708333
2
1 991908954
1 1358204397
3
2
2
2
3
1 1223484994
3
1 3429213570
3
2
1 2297279358
3
1 3186772956
1 2170290469
2
1 3260676369
1 3584996664
3
2
3
1 1816998751
1 1747034496
2
1 3799903400
1 1054284874
1 731845393
2
2
3
2
2
1 2266642483
1 3441635994
2
2
1 773298289
2
2
2
1 3093622708
2
1 4152557286
2
3
2
3
1 4052527244
3
2
1 3942178449
2
3
2
3
2
2
3
2
1 105507493
2
1 2853100681
2
2
1 1681264406
3
2
1 1086982485
1 2506282632
1 980644599
1 741576594
2
1 926060539
1 198823497
1 525758444
1 831676973
3
1 3220839024
2
1 624713352
1 3847802310
2
3
2
2
1 2162732471
1 3167600712
2
1 2149966789
2
2
2
1 105582
1 1132930821
2
2
2
2
1 3270225492
2
1 3953894984
2
2
2
1 489204470
1 2455468322
2
2
1 2577627633
2
1 2633573142
2
2
2
2
2
1 2807206607
2
3
3
3
3
2
2
2
2
1 2376650908
1 1283238707
2
3
2
1 1149596269
1 423828316
2
2
3
1 2795875861
1 474810922
1 4124920739
1 1532515337
2
2
2
1 1628521806
2
2
1 804909010
1 1296747336
2
1 631069437
1 2213342446
2
1 1764725072
2
2
2
2
1 211334416
1 1440299643
2
1 1750678134
2
2
1 3594935079
1 468350171
2
1 1123467884
2
1 4108681179
2
2
1 3640886606
1 2643869654
1 2618835587
1 19541173
2
2
2
2
2
2
1 3235086205
2
1 2435856265
1 1142155923
3
1 1493431577
2
1 917428514
2
1 801364865
2
1 322111614
3
1 2170870145
2
2
1 1982771391
2
2
2
1 966085338
1 2612863722
1 2025981234
1 3556693411
2
1 4041976436
1 757584681
2
2
2
1 2741768952
2
2
3
1 2776384762
2
3
2
2
2
2
1 3744289543
1 561757686
1 1315577199
2
2
2
2
3
2
2
2
3
2
3
1 660288060
2
1 3325565319
2
2
1 3065894494
1 2757935571
2
2
2
1 770337450
3
2
1 2073333884
2
1 3683063869
1 3120616539
2
3
1 462793578
3
2
3
1 4134653958
1 385934317
2
2
3
2
3
1 564287414
2
1 1535044596
3
1 801296902
1 3555691861
1 1582862883
1 2943561788
2
1 2450337792
2
3
2
2
1 506899261
3
2
1 444160334
1 2310396798
1 3926077940
1 3002466602
2
3
1 3334645050
3
2
2
1 2674748770
1 2084859278
3
2
3
2
1 1177368728
3
3
1 3720178239
1 154138206
1 3852310499
1 1563817897
2
3
3
1 335976143
2
2
1 309876284
2
3
3
2
1 1756463086
1 3451833858
2
2
1 3421261696
2
1 1874721845
2
2
1 888454624
1 1532175559
1 2363364076
2
3
1 1973726771
1 216178649
1 3573311492
2
1 1408568757
3
2
2
2
1 684046620
2
2
1 2491669722
1 676652385
1 2784858139
1 3319316738
2
1 2951123553
2
1 987676917
2
2
2
2
1 792786633
1 965094214
1 3822118150
2
1 2606642548
1 234050861
1 468114345
3
1 3689867287
2
2
1 1804493221
2
2
1 186996317
3
1 764966820
1 3000476116
1 3489604552
2
2
2
3
2
3
2
2
1 119213290
2
2
2
2
1 4013502275
3
2
3
1 3250009968
1 1740377944
1 1224087238
3
3
2
2
2
2
2
2
1 3565021317
2
2
1 3871566184
1 332468276
1 2770202739
2
2
2
1 1907319996
2
1 1409524220
1 3368921097
1 144313257
2
2
3
3
2
1 880484818
1 375929469
2
1 2176578889
2
3
1 1830163109
2
1 3342859248
2
3
2
1 3361563894
1 3655883728
1 1100752554
3
1 1295864612
1 4113604634
3
1 1880568666
1 2567169994
2
2
2
3
2
3
1 2318253194
1 3847040891
2
1 3698235742
3
1 2170055219
2
1 3909506080
1 3032563379
2
3
2
3
1 1368470596
1 1158908034
1 1936146169
1 2423246349
1 1697528832
2
2
1 3064685614
1 1058379327
3
1 3734802439
2
2
1 2136990051
1 4221707398
3
2
2
1 991224698
1 302162912
1 3370259281
1 1456549713
1 2260671522
1 3002884456
2
2
1 2624697047
2
1 3380414829
1 595565003
2
1 801186677
1 3666371792
3
1 871711465
3
2
2
2
2
2
2
2
2
2
2
2
2
3
1 3220598338
2
1 3487509486
3
1 263915328
2
1 3164513274
1 2375085540
1 696472383
2
2
2
1 3729521162
1 2642971518
2
1 767480149
2
2
1 460094763
2
2
2
1 2708394636
2
2
1 1904823758
3
2
2
1 3284062201
2
1 3063491566
2
2
1 1497267428
2
2
2
1 4267188458
2
2
2
2
3
1 2913585681
3
2
1 2900684225
1 2118177538
2
3
2
2
1 3427011954
1 1881582475
2
3
1 435076923
1 101460881
1 722620706
1 3733760551
1 438020461
1 639440316
2
2
1 2161692631
1 589929130
3
1 1586596486
2
3
2
2
2
2
2
1 2944527176
2
2
2
1 1482201040
2
2
2
3
2
2
2
2
1 1187885475
1 2817867249
1 3030319301
3
3
2
1 1081513821
1 1948764769
2
1 1276219645
2
2
1 2971540568
1 3714286774
3
2
2
1 1361053280
2
2
2
2
2
2
2
2
1 402570427
2
2
3
2
2
2
1 762849938
1 690474144
2
2
2
2
3
2
1 2208399003
2
2
1 2717924688
3
1 2365864462
1 585584211
2
2
2
2
2
3
1 4241737933
1 3490384490
2
2
1 3752958258
2
1 2302869535
1 2711048268
2
2
1 3407159517
2
2
1 662734054
1 1695112452
3
1 3858204690
2
2
2
3
3
1 376520028
1 2152858801
2
1 2382115546
1 1550257391
3
3
1 3029937866
1 3105674594
2
2
2
2
1 1390170333
2
2
3
2
1 1584884067
2
3
1 683942205
2
2
1 3652565478
2
1 2953207189
2
3
3
2
1 457238529
1 582894021
1 3563051874
1 4063011060
2
2
1 3505101031
1 1463006415
1 1487970923
1 3135895424
2
1 2823675181
2
2
1 2251249591
3
2
3
1 711619486
3
3
1 4242942779
3
3
2
3
1 3127378253
1 2739151710
2
1 1276955892
2
1 1341104942
2
2
1 2697364376
2
3
2
1 126257035
1 1600325609
1 1758112466
3
2
1 2690261094
1 3976263782
1 2917671403
1 1903128844
2
2
1 2421445568
2
1 2408009487
3
2
1 3613564920
1 4188911942
2
1 3101429337
1 2567310819
2
1 3413757896
1 1621790210
1 3543975005
1 2136654306
1 4109190365
2
2
2
2
1 3769633954
1 1155050027
2
2
2
1 3720618770
2
3
2
2
1 926867527
1 3080659189
1 4289334427
1 1993569618
1 2141992287
2
1 4148854471
2
2
2
3
3
2
2
2
3
2
2
2
3
3
1 2029244906
2
3
1 4288339648
1 1450708022
1 4020125542
1 327682205
2
1 3355678023
2
2
1 921758364
1 1695042352
1 3003468950
2
2
2
2
1 2942418607
2
3
2
2
2
1 2781010072
2
2
1 2895795936
1 3089655171
1 2071249673
2
2
3
2
2
1 2349698413
3
2
3
1 3430992325
1 568038619
2
2
2
1 289836001
2
2
1 1971422450
2
1 4284050148
2
1 2976944454
2
3
2
3
3
2
1 2954116338
1 3307646001
2
2
3
2
1 1323382335
2
2
1 2318389892
3
2
2
2
2
2
3
2
1 2492174588
1 3477865623
3
2
2
3
1 546195054
1 1315556543
2
1 432094785
2
2
2
2
2
2
3
2
1 2328449124
1 3435862102
1 2450607450
1 748243647
3
2
2
1 4181464790
2
2
2
2
1 1244217067
1 3875134098
2
2
2
2
2
2
2
1 4113830364
1 62255148
1 1028231755
2
2
2
3
3
2
1 330824877
2
1 1516194113
1 2804164702
1 487893057
1 1440812655
1 870778283
3
2
1 845724008
2
2
2
3
3
2
2
1 2963736206
1 3822969007
1 429729757
1 3261027346
2
2
1 3877385204
2
1 131347747
1 1522541434
1 1326267603
2
1 3336963045
3
2
1 4028623158
1 2526702527
3
1 1163307979
1 1912942196
1 931614698
1 3627604274
2
2
2
1 3503291395
2
1 2621016811
2
1 1837698721
1 1055248290
2
2
2
2
1 3238827460
1 925386207
2
2
2
1 1419293949
1 3307505179
2
1 3077473748
3
2
2
2
2
3
3
2
1 2520225147
1 1917459773
2
1 2856104608
3
1 3746252852
1 4194851859
1 712321394
1 1027662078
1 1604019969
3
2
3
3
3
2
2
2
1 1926611515
3
3
1 476027263
2
1 1689998224
2
2
3
2
1 4260131565
2
1 2602731220
1 1075468864
1 4099345854
3
2
3
1 1106931008
1 2146398101
1 1738399209
1 3462469722
2
1 1901358552
3
2
1 2076798782
2
3
2
3
1 516963234
3
3
2
1 245067883
1 4068864786
2
3
2
1 746280433
3
2
3
2
2
2
1 1452906433
1 292395044
1 914034379
2
1 3084008850
1 2758362241
2
2
1 968336893
1 2595108883
2
2
1 696613413
2
1 780673771
3
1 2003130198
1 3649633467
3
1 3600221397
2
1 784157923
2
1 3653852587
3
1 609398189
2
3
3
1 2749557653
1 1555204448
3
2
1 1969828161
2
1 1567027991
2
2
1 4284241207
1 1497664743
2
1 3664843101
3
1 2940148352
2
2
1 195619559
2
1 1066589718
2
1 640945005
1 2178177435
3
1 88435041
2
2
3
2
2
2
2
2
2
1 2691760943
3
2
2
1 143349948
3
3
3
2
2
2
1 1765624469
2
1 1490887704
1 2814544889
1 3562921913
2
2
1 2143857568
2
2
3
1 1242436801
2
1 3262582747
3
1 2541093309
1 2786004452
1 351332965
2
1 3137670854
1 4000766243
2
2
1 988452954
2
2
1 1786278066
3
3
2
2
2
2
3
1 3841918941
2
3
3
2
2
1 3803997497
2
2
2
1 1945858199
2
3
2
2
1 3629630316
2
1 3477120351
1 3192171421
1 1407768850
1 1324632894
2
2
2
1 1379133490
2
2
1 1191821877
2
3
1 2102085224
2
1 1432963965
3
1 2586562306
2
1 934885926
3
1 1491376629
1 2508144560
1 1544000567
2
2
2
3
1 953704355
1 2403583726
2
2
1 951942835
1 4210430827
2
1 596991048
1 2865160692
1 3729994458
2
1 168793098
3
2
1 1682497023
2
2
1 2640138115
1 948502926
1 47996246
2
1 4045890065
2
1 885520969
2
2
3
1 2915528079
1 2643460876
1 4285632292
2
3
2
2
1 240153723
2
2
2
1 4228517694
3
1 1724937141
2
1 3392676241
3
2
1 4195105795
2
1 2756461267
2
2
2
2
2
2
2
2
1 3769629609
2
3
1 1901440944
2
2
2
3
3
1 230931263
1 2316781573
2
1 2253954123
1 4219817403
1 1516820561
3
3
2
2
2
1 3213193356
2
1 2667112554
2
1 2467540600
3
1 731433450
2
1 3368727500
1 4192589344
2
3
1 3864309917
3
2
1 1014243624
2
1 906046581
2
3
2
2
2
2
3
2
1 3006380409
1 1011820515
2
2
2
1 2710171573
2
3
1 170313986
1 2928170105
1 674084558
1 2530080482
1 3923638391
1 3727222181
3
1 4147749284
1 3845173293
1 2747359770
2
2
2
2
1 475760234
2
2
2
1 587893706
3
2
1 2205219632
3
2
2
1 444692908
3
2
2
2
1 2607258245
2
1 1003240340
2
2
1 1533286886
1 2418917653
2
1 2933670952
2
3
3
2
1 3582163672
2
2
1 2938577621
2
1 926562382
2
2
1 3208612344
2
1 227080077
1 3542761546
1 763489864
3
1 649072215
3
3
1 1827690810
1 3929482311
3
3
1 4178189837
2
3
2
1 1406545873
3
1 818700490
1 3929358607
2
1 4185087139
3
2
2
3
1 1032007906
1 1358695865
1 965575231
1 2494305171
2
3
1 3686920275
2
1 2053364837
1 1992868259
3
2
1 197501356
1 1282981757
2
1 3503701762
2
1 35035980
2
2
2
2
2
3
2
2
1 2793773714
1 1651703840
1 941233118
2
1 1275333370
2
1 2749126368
2
2
3
1 4192009953
1 766012158
2
2
2
1 2447967045
1 3571508765
1 4103428809
1 4227386674
1 1525560513
3
1 4193083972
2
2
1 1369019444
2
2
1 2407855089
3
2
2
1 2398426771
2
2
2
2
1 4068895802
2
2
2
1 3915996699
3
1 2699626718
2
1 3616519400
1 2851003237
1 785902563
2
3
1 782456888
3
3
2
2
1 2341127362
1 2656275866
2
1 869843473
1 2133653648
1 3848731615
1 3547082874
2
2
2
2
2
3
2
3
1 3110765676
2
1 1954525436
1 2858968210
1 2531597522
1 2761476131
1 3083879619
2
3
3
1 3281745053
3
2
2
2
2
2
2
1 3896710160
3
1 4076638026
1 3926898835
2
1 1221239618
2
2
2
2
2
1 4235798407
2
2
1 919654146
1 258160682
3
2
3
3
1 950217522
3
1 2501169286
2
2
3
2
2
1 95190033
1 133367248
3
2
1 260974368
2
1 3010116203
2
2
2
2
1 3152367513
3
2
1 3840134862
3
3
3
1 4103376125
1 1224636746
2
2
1 472271809
2
1 1917831391
2
1 171203213
2
1 3218673922
3
3
3
2
2
1 1931567619
2
2
1 371461081
1 1508441102
2
2
2
2
1 2694396933
1 3370865571
1 3530180845
1 529807562
1 1952510249
1 1473903867
2
2
2
1 3779159882
3
1 491417384
1 1804055315
1 1077370879
1 906309867
2
2
3
3
2
1 2065432649
2
3
2
2
1 2309783876
2
2
2
1 1315269640
2
3
1 2990034012
3
1 4025077526
2
1 2465196633
2
2
2
2
2
1 3197190865
2
2
1 3306188645
1 2056500790
1 634785185
1 2843876337
2
2
2
2
1 2416406933
2
2
2
3
3
2
2
1 3923736983
1 1741811187
3
1 2772816919
2
3
1 1893810667
1 978601367
2
1 804022114
3
2
2
1 2607882858
2
1 1425126137
2
2
2
1 1805781498
1 1634726951
1 1412924626
2
1 4194625717
2
2
1 1638278928
1 3163533780
3
1 691103810
1 3237534453
3
1 3124285886
1 2557133842
2
2
3
2
3
2
1 831985450
2
2
1 2527459621
1 671303678
2
1 2309265691
2
1 889094676
2
1 868267771
2
1 2359253481
1 3602688397
1 3713002955
2
2
1 2626144998
2
2
1 3545968573
1 3039980565
2
1 729060654
1 2948212790
2
3
2
1 2989460474
2
2
2
1 4073563860
2
2
2
1 1354338418
2
1 2119988355
3
2
2
2
2
1 3855456803
3
2
2
2
1 3772979230
1 701059625
2
1 975744742
2
3
2
1 4136983145
3
2
1 1876943996
2
1 2732882118
2
1 3657446369
2
2
1 3436189083
1 221210334
2
2
2
1 2358870348
3
2
2
2
1 2106217686
3
1 1584461238
1 4091373981
1 1206937037
1 3005348441
1 1752729123
2
1 1205005563
1 1941477622
1 919648301
1 1580137770
2
2
2
1 1668275877
2
1 2911128516
1 4160841938
1 1621927164
2
3
1 1516191244
1 2521424141
1 2207758846
1 2276702958
2
1 2050425600
1 3171845824
2
1 518518689
1 50349165
2
1 2174659634
2
1 87196364
1 2071614438
1 374467552
2
3
3
2
1 1351871978
1 2619952591
1 1189920849
1 407128783
1 2493113954
2
2
2
1 2233968388
1 1148605143
2
1 433977593
1 2971140309
1 2231346240
2
2
1 1793571392
1 1193535428
1 2123763758
2
1 3167163750
2
1 235081275
2
2
3
2
2
1 1573645840
1 2541482855
2
1 1348608325
2
2
3
2
1 1118574142
1 327603649
3
3
2
2
1 2904398442
2
2
2
1 3095012124
1 3705887822
1 248615215
1 1187135841
1 1889448976
3
3
2
3
1 3322728127
1 301109520
3
3
2
2
2
2
2
3
2
1 1888351293
2
2
1 127318128
3
2
2
2
3
3
3
1 4153125292
3
1 3660528538
2
1 1849130358
3
3
2
3
2
1 2201985483
2
2
2
2
2
1 3278939933
1 3531588270
2
2
1 1703624410
1 1112813910
3
1 3308035090
1 2466873530
2
2
2
2
1 1510196753
2
2
1 1594751712
2
2
3
1 2106560276
3
3
2
2
3
3
2
2
1 3772606975
1 1805435147
2
1 3957581666
1 176592959
1 3949783952
2
1 3651908528
2
1 1638837821
1 14894931
3
1 68175838
3
2
2
2
1 2863216539
1 3266857829
2
1 1239911111
2
1 3857754820
1 3515478057
2
1 1218479972
3
2
1 431317711
2
1 1002815931
1 3655243089
1 23026302
2
1 1979363118
3
1 4210716790
2
1 4245934242
1 128768758
1 2200711671
2
3
1 1478677577
2
3
1 1996911297
3
1 3169380235
1 2595045295
2
3
2
2
2
3
2
3
1 173780617
2
3
3
1 4045582424
1 4137199700
3
2
2
3
1 3169724495
2
2
2
2
1 1716945758
1 3697879019
3
3
1 1360655579
1 1097754314
2
2
1 33199788
2
1 3921249710
2
3
2
3
2
1 1635747883
1 828250045
1 3841034921
1 932603278
2
2
3
1 1906554781
2
1 611136484
1 3659788670
2
2
2
2
1 1957791000
2
1 291619977
1 90038733
3
2
2
1 2384142276
2
3
1 3682333038
1 1467090589
1 1660200307
2
2
2
1 3773691880
2
2
3
3
1 1422747277
1 1619432002
1 2280542404
1 1857543339
2
1 1965592242
3
1 2306033496
1 2341466039
3
3
2
3
2
1 3109144322
1 2638908837
3
1 712737377
2
3
1 2172827453
1 779741127
3
2
1 4158472062
3
1 818267621
1 4140904148
1 3649908648
2
1 597576963
2
2
2
3
1 1731815549
1 2104264128
3
3
3
2
2
2
3
2
1 1673422635
1 3367353694
2
3
1 804833840
1 2553639828
1 4244673400
3
2
1 4290371744
2
1 1539276143
1 2979241437
1 53506950
2
2
1 1335194507
2
1 3953098905
2
1 2992010478
2
1 526373587
3
2
3
1 2830385009
1 2500905562
1 3644869610
2
2
1 3914404635
2
1 1476665377
1 3262475763
2
3
1 3858681262
2
2
2
3
1 4054874171
1 811237375
2
2
2
1 753628808
1 223280746
1 3497429389
2
3
2
1 3488466534
1 2444275642
3
2
2
2
3
1 169397323
2
3
1 3782582178
2
2
2
2
1 2954494304
1 1695977457
2
1 1913663171
1 336792676
1 1445925484
1 4167805399
1 3672782091
3
3
1 3703066727
2
1 4057382949
3
2
1 1112565622
2
3
1 4222674954
1 247977507
2
2
3
2
2
2
2
2
1 1472207091
1 1441488041
1 3071286144
1 2312835443
2
1 1645093210
2
1 3480486530
2
1 868471082
1 4029026782
2
1 1442496404
2
3
3
3
1 3707908594
2
1 2180050885
1 3339633486
1 1917695698
2
2
2
2
2
2
1 780425198
1 4228133847
2
2
1 2052676452
2
2
2
2
3
2
2
1 2481292158
2
1 4050216549
2
1 1274419438
1 2908646398
1 1742143526
2
2
1 2467174835
1 342740206
1 277332939
1 2856682610
2
1 1785348820
1 2179585217
2
1 3668761022
2
1 536181751
2
1 907531648
2
1 56199729
2
1 1782471555
1 1310164283
2
2
1 3371138407
2
3
2
1 968933782
2
1 2452816927
1 932941976
2
1 943926338
2
2
2
2
2
2
2
2
1 1955304008
2
2
1 3033660258
2
1 1592149438
2
2
3
1 817125644
1 635968286
1 1704656033
3
2
2
1 641498046
2
1 3835548244
2
1 3412875900
1 1164070650
1 2777269529
2
1 4203957991
1 1144276812
1 2886773225
2
2
3
2
1 1274160730
3
2
2
3
2
1 2466306617
2
1 1927221012
2
3
1 2610449971
2
3
3
2
3
1 650473918
2
2
2
2
1 3433068943
1 3444798457
1 3900295194
1 3258778703
1 3149064618
2
2
3
1 940943134
1 1437860672
1 2897124623
2
2
1 2081824823
1 1808637424
3
2
1 1841699417
3
3
1 2471178072
1 3359445817
3
3
3
2
2
2
1 3561436248
1 1310983257
2
1 2929311873
1 2862567218
2
2
2
1 64997961
2
1 649991075
1 2101655994
1 847735371
2
1 1205459334
2
3
2
1 1000111436
1 1391099711
1 3539864284
2
2
2
3
2
2
3
2
1 724526623
1 960916058
2
2
2
3
3
2
3
3
3
1 4128528842
3
2
3
1 4219054222
1 2572366773
2
2
1 2544256766
2
1 2939092284
2
2
1 4246091174
2
1 1182162266
1 2071197366
2
2
1 4010387451
2
1 3614891871
3
3
2
2
2
2
2
1 314326577
2
1 2913733613
1 2888874760
1 3044343984
1 1829668302
2
2
2
1 955676314
1 3696991375
2
2
3
3
2
1 2810549456
2
2
3
2
1 1299305691
2
3
2
1 2333316932
1 2573363894
3
2
1 3089917402
2
1 647158922
2
3
1 3710059877
1 163864509
2
1 314803886
2
2
2
2
2
1 254751747
1 3308180333
1 4269029818
1 1854825026
2
1 273075184
2
3
1 3768061445
1 2028484023
2
3
1 2614863604
3
1 3526779606
2
1 3380706638
2
1 488556588
1 1500490242
2
1 3779136304
1 1511452387
1 3349046651
1 2747250970
1 499262054
1 292333463
1 1023822035
1 1864514990
2
2
2
1 2761051483
1 1220255329
1 197067615
2
2
3
2
1 2109732301
2
1 4231334839
1 3741234039
3
2
2
1 2639437608
1 2802964580
1 2646024864
1 797315440
1 849543232
2
2
3
1 3971308234
2
2
2
2
1 3194197434
3
1 3079759607
2
2
1 1336876378
1 3832839456
1 2100133638
2
1 857722692
2
2
2
2
3
1 878838522
1 3229015107
3
3
2
2
1 2680486265
1 1235956342
2
1 3340475982
1 1655824159
2
2
2
1 2525755166
2
1 357338675
2
1 1211082779
1 795237580
2
2
2
2
1 1485616825
1 3610479327
1 2812733758
1 3589189811
1 1331680830
1 98659861
2
2
2
2
3
1 557696800
1 3671386127
2
1 2709269810
1 3019768582
2
2
2
2
2
1 335448696
1 3015119958
2
1 2027225247
3
2
1 2481385675
1 2632932459
3
2
1 1986771937
1 3661141353
1 774044242
1 1258153209
2
2
1 2838074168
1 173256320
1 1887823679
1 2245289956
2
2
3
3
1 2172846299
2
1 952680992
1 3223836723
2
2
1 2851064897
1 4082092624
3
2
3
1 348895850
2
1 3793336519
1 1835341253
2
2
2
3
2
2
1 1136461053
1 1557929922
1 1490454008
2
1 418189612
2
1 593248293
1 2909095694
3
1 1685765606
3
3
3
2
2
2
1 3258137159
3
1 1383886815
2
2
1 2017881480
2
3
2
3
1 1013819118
3
1 669772577
2
3
2
2
1 2530059054
2
2
1 3817626815
1 2528021543
3
2
3
3
2
1 3035334847
2
3
1 1538741157
1 3449444293
3
1 1090640039
3
2
2
1 2655110364
3
2
1 2915729971
1 1473028003
1 4209231884
3
1 159316777
3
1 2302237917
3
1 3840608809
3
2
3
1 2581867315
1 361838509
3
1 4074082871
2
3
1 2813492700
3
1 1533715287
2
1 1978823897
1 2761750814
2
1 1859160104
1 1256170098
1 3957807380
2
2
3
2
1 2675917244
3
3
1 2288161987
1 2173239431
2
2
1 400368625
2
1 2763669554
2
3
2
2
1 3534614683
2
2
3
2
2
3
1 1630719019
2
1 1706246998
3
1 179061867
1 2188234499
1 2255941807
2
1 4225425603
1 209831907
1 424771331
1 3278648809
2
1 2798142563
1 1182322986
2
1 2337461313
3
1 3951130740
2
2
1 565922999
3
2
2
3
2
2
1 733396017
2
1 2417292618
1 1319475765
1 3958890203
1 3592603345
1 3408495411
3
2
2
2
2
2
2
3
1 4008927684
2
2
1 2704176537
3
2
2
3
1 972512968
1 1829813831
1 3007232672
2
1 708885139
2
3
2
2
1 3521932152
2
1 1845557986
2
1 1749404736
1 940767551
1 3716825014
1 4055302959
2
2
2
1 3928760211
1 1790657026
2
3
1 2861372738
1 3102687574
1 3070439668
2
1 2805071600
1 3238416856
2
1 127547886
2
2
3
2
2
2
2
2
1 3670468839
2
2
2
1 1897066873
2
2
1 297379819
1 1960231672
1 4195146776
2
1 70385465
1 102387091
2
3
3
2
3
3
1 4086691631
1 1740310227
1 2712488698
1 2291197379
2
1 2506118426
1 2011605350
2
2
1 3680497137
1 1580104481
1 3002623420
2
1 4216659419
2
2
2
1 459204108
2
2
2
1 886457259
1 182735782
1 2826672154
2
2
1 2523767529
2
2
2
2
3
1 750790577
1 2351480757
1 2264392179
2
2
2
3
1 2733999342
1 2273307839
1 1725268966
2
3
2
2
2
2
2
3
2
2
2
2
3
1 2818927671
3
2
3
1 1785225143
2
2
1 2263868947
1 4028347542
3
1 377069942
2
2
1 3328556027
2
1 2723734361
2
1 1612724917
2
3
1 4229060973
1 3093817269
2
1 144541504
1 1614892908
2
1 1054695519
2
2
2
1 726604524
1 559291212
1 2319383899
2
3
2
2
2
2
2
2
1 1518589644
1 352707657
2
2
3
1 1153181614
1 43768569
1 3925303452
2
2
1 3030021975
2
1 340375832
2
2
1 3465418479
2
2
2
1 2618345279
1 3658971197
1 1842173017
1 3140094055
3
2
1 1480939461
2
2
1 3539491745
2
1 2344840649
2
2
2
2
3
1 2296979159
1 2159410825
2
2
3
1 3861803135
1 1250854102
2
2
1 525127981
2
2
3
3
3
3
2
3
2
1 992009227
3
2
1 2165756759
1 2061813898
3
3
2
2
3
2
2
1 1152647356
3
2
1 1094189671
2
2
1 268258262
1 2525870265
3
2
1 3366801181
1 1025697990
2
2
1 2696603365
1 287502521
1 3363758080
1 3061075789
2
1 823901841
2
1 2950098121
1 2523321929
2
1 1477076951
2
2
2
2
2
1 3603799315
2
2
2
1 920463738
3
1 3245193233
2
2
2
2
1 3794910158
3
1 2246089124
3
2
1 1782138966
2
1 2855489727
2
2
1 633338148
2
1 772514784
1 974831282
1 3085751586
2
1 2286022845
1 3048636473
1 3747369672
2
1 1030567208
1 2463110415
2
2
2
1 97866635
2
1 4025523929
3
2
1 462251056
1 3962466354
1 90804568
1 1502094560
1 1901971710
3
1 4083336438
1 1548514235
2
2
3
1 3817913312
2
1 2416181904
1 436462300
1 3416925862
1 3108380277
3
1 2822325810
1 159674056
2
2
3
3
2
2
1 3569966610
2
3
2
3
1 2061147752
1 4102246504
1 1462093605
3
1 4251345257
3
1 844151434
2
1 2630352494
2
1 2138834417
3
1 3131011974
2
3
1 1958409416
1 4129562565
2
3
1 3157240370
1 2065945474
1 1020612104
1 3501549844
3
2
2
2
2
2
2
3
1 2289778315
2
3
3
1 3377204054
3
2
3
1 4119799243
1 2911319388
2
1 403547598
3
2
3
2
2
2
3
3
2
1 1326050847
2
3
1 1538903569
2
2
2
2
1 19334350
1 1063058015
2
3
2
2
2
1 4078694210
3
1 1100007103
3
3
2
3
1 4186944270
3
1 455411527
3
3
2
2
3
2
3
1 2265688124
1 704157884
2
2
2
3
3
3
1 3259579541
2
3
1 1938828058
3
1 197977891
1 1392328191
2
2
2
2
1 3604494192
1 4290964375
3
2
2
2
1 3708006164
2
2
1 3841974016
1 2346331726
2
2
1 2725115013
1 2247512236
1 3736458978
2
2
2
1 697958295
1 2445901358
2
2
1 4207329848
2
1 2737205789
2
2
2
2
1 3980255691
2
1 3792608706
1 2045235926
1 958169667
2
3
1 3615447020
3
2
2
2
2
1 1676551563
2
1 3878681181
1 128605919
1 2219618175
2
1 38773327
2
2
1 2394741810
1 2635781656
1 209499426
1 3340692351
2
1 323215549
3
1 2506461994
2
1 3609705558
2
2
2
2
1 2737508781
1 1610929760
2
1 1742473042
2
2
2
3
3
1 431849612
2
1 3583779609
1 2121991817
1 3026882065
2
1 2291381118
1 1980384294
1 1155621839
1 223621686
3
1 3114970479
1 636636072
2
3
1 269173629
2
2
2
1 1585882230
1 2283776465
2
2
1 1708347965
2
2
3
1 2637649542
2
2
2
2
1 697197130
1 1326819216
2
2
1 713897441
2
2
2
2
2
3
1 1614934964
2
1 4150789032
2
2
1 2195271445
3
1 1863587994
2
2
1 3162893049
2
1 1134817348
2
1 2246951105
1 1213263220
2
1 1673945370
1 1720394796
3
2
2
3
2
1 1220805372
3
3
1 2302355364
1 3270610266
1 841755156
2
2
2
3
2
2
2
2
1 2358012338
1 3006369000
3
1 2366889685
1 3559480973
2
1 2741514607
2
2
2
2
1 371638879
2
1 4027358920
2
2
1 2851873805
1 4279582003
1 3350415009
2
2
2
1 1099533900
1 3616457774
2
1 2658628498
3
3
1 800286162
2
2
3
1 3115367974
3
2
3
1 758756703
1 3191034982
1 3861262406
1 2414928063
2
1 622246804
1 1422443359
1 2838378270
3
2
1 4013014457
1 487499276
2
1 2469558603
2
2
2
1 1205550520
1 951788236
2
3
2
3
1 4236041029
2
2
1 1358524534
1 3116823127
2
2
1 932762381
3
2
2
2
2
3
1 887344090
1 1173168248
2
1 585820218
3
3
1 4042211064
2
1 1233356174
2
1 1518896314
3
2
1 2129268533
3
1 677897620
2
2
1 3686647663
2
1 1005524428
3
1 2146158400
3
2
3
2
3
2
2
3
3
3
3
1 2142944899
1 1689894101
1 406676031
1 2015366991
1 135641522
2
1 444017703
1 4248834505
1 1908293582
2
2
1 2672072
1 3146206697
1 3038519941
1 2457676351
2
2
2
2
2
2
1 2748937590
1 4178888364
2
2
1 3824078943
1 1276680348
3
2
2
3
1 2503141757
1 4286456362
2
3
3
1 3779229248
2
2
2
1 2365410024
1 1904833270
1 599161401
2
1 836830839
2
1 1646403269
1 839930709
1 4097101789
1 240372277
2
2
1 1497550599
1 4285270036
2
2
1 2499679934
1 1731958619
2
2
2
1 263103865
2
2
1 4272547475
2
1 2337480782
2
3
1 1024921513
2
3
3
1 2606509442
3
2
1 251668386
2
2
1 1244888106
1 2188922762
1 3128241407
2
2
1 3606623049
3
1 3045928851
2
1 2064038906
1 1746972365
2
3
2
2
2
1 2358861563
1 2601803673
3
1 3035346641
1 1388780797
2
2
1 2166103004
2
1 1364738169
3
2
1 2105375743
2
2
2
3
3
2
2
3
2
2
3
2
2
2
1 2157999844
2
2
1 3565269021
3
2
2
1 2346461210
2
2
2
1 503031966
3
2
3
1 3692238873
2
2
3
2
2
3
3
2
2
1 622609871
3
3
2
3
1 3627111823
2
3
1 2971100788
1 2586184939
2
2
2
2
1 1508531148
3
3
1 3799529499
1 2589880003
2
2
1 391726239
2
1 3503358932
1 2854213148
2
1 3418062419
1 104706789
3
3
1 3717993222
2
3
3
2
1 3905127570
2
1 304416953
3
2
2
1 2187500413
2
1 2652579994
2
2
2
3
1 133281218
3
1 1309810847
2
2
2
1 32972614
3
3
3
2
1 3548645
2
2
2
2
2
1 1845728586
1 3677868523
1 2212656063
2
1 3891775112
2
1 1569260385
3
2
1 3075475126
1 1240490289
2
2
3
1 750437868
1 849320628
2
1 1099574813
3
1 3670523082
3
2
1 1180494998
2
2
3
2
3
2
1 3860222661
2
1 4102440078
2
2
2
1 485284672
2
3
1 4068338910
1 3255179035
2
1 4222871548
1 2819362163
3
2
2
1 3921655056
2
2
2
3
2
2
2
1 3241465504
2
1 379816643
2
1 1128222359
3
2
2
1 1871066745
1 1897467783
2
1 3772208941
1 4165294792
2
2
1 171461627
1 1153281997
2
2
1 3694278218
2
1 834947935
2
1 3397613148
2
2
1 2595347633
1 3634620227
1 3651581681
2
3
1 2996281043
1 1553681406
2
3
2
2
2
2
2
2
1 1156204243
2
3
1 3541729620
1 2363482263
2
2
2
2
3
2
1 3108897113
2
2
1 3515342697
2
1 1077756618
2
2
3
2
3
3
2
1 3790906445
2
2
1 2213231956
3
1 3016632637
2
2
1 2360446871
2
1 2691700609
1 3977885282
1 3573986923
1 1730017636
1 584758079
1 1565493253
2
2
2
1 286133395
2
3
1 1231482604
1 3671831351
2
1 2977896809
2
1 949566389
1 3583498615
3
1 2248808625
2
1 802783328
3
3
1 1599384848
1 625787724
1 2419234949
2
1 1925929747
1 4146431983
2
2
2
2
2
3
3
1 2738175668
1 3010861022
1 1286732091
1 860940137
2
3
2
2
2
3
1 3781319400
2
1 1588735439
3
2
2
1 3607866475
1 3333185104
2
1 3750394028
2
3
1 4154727712
2
2
2
2
2
1 2185695428
3
1 3027176910
1 279072339
1 3227741228
2
2
1 407327770
1 1816364212
2
3
1 4272706235
1 854294572
3
1 2080926480
1 2352360465
2
2
3
1 1940012899
1 1132670200
2
2
2
2
1 3781358206
2
3
1 3281798205
1 619131421
2
1 469142997
1 1976137014
1 3857637333
1 1903745783
1 2921032503
2
1 3959353118
1 92158688
1 2694084578
1 2905715046
2
1 3009297339
1 3091933366
3
1 2138699213
2
1 164670998
2
1 4221741300
3
2
1 2901858102
3
1 732453295
2
1 1956548604
2
3
2
2
1 3972678713
1 1295491541
1 346585374
1 229448337
2
1 3502232563
1 2982146854
3
2
1 3295153371
2
3
3
2
3
1 2463617210
1 1953224098
2
2
2
1 1628806981
1 318125058
3
2
2
3
2
2
2
1 881487093
2
1 2837611821
2
1 3642539740
1 2334795556
2
2
3
3
2
1 312037711
2
2
1 3741644212
1 1479800182
2
2
2
1 1937934730
1 471801516
1 2379337998
3
1 3235514757
2
1 1422597843
3
1 732379089
1 82805767
3
2
2
3
2
3
1 1969597629
3
2
1 3766616705
2
2
2
1 738622940
2
2
1 4184134052
3
2
3
1 2478664677
2
2
2
2
2
2
2
2
2
3
1 2862588950
2
1 4249279776
2
1 3807945356
1 1034459038
3
2
1 2302362140
1 3077546186
2
2
1 1309465258
1 423761476
1 4215915027
2
3
2
2
2
1 2027602454
1 4090542857
1 2477078888
1 668873179
2
1 2796096518
2
1 966480767
2
1 3530813582
2
1 1915619542
2
2
2
2
1 552156252
2
1 3596858269
1 3881760715
2
2
1 2274056509
3
2
2
3
2
1 730185918
1 955508475
2
1 602193635
1 3037514162
2
2
1 3632794049
3
2
1 2207638770
3
3
3
1 2220584660
1 255286033
2
2
2
1 3713847202
2
1 2795955500
2
2
1 4800372
3
1 412790614
2
2
2
1 2463343619
2
2
2
3
2
2
1 2986498836
2
2
2
1 3899762275
2
2
2
1 3196019440
1 2926611125
2
1 384954446
2
2
2
2
2
1 2626565395
2
1 2257015291
1 3481130772
1 3798996740
3
1 1872209316
1 1444838468
1 1442850581
1 775714980
2
1 1498974372
2
1 3347406980
1 463560265
3
1 4039943973
2
1 4157785643
3
1 2663497027
1 3951427015
2
3
2
2
3
3
2
1 416298453
2
3
1 833502014
2
3
1 1154450843
1 21798776
2
3
2
2
2
2
2
2
1 2241535464
1 2180260725
1 3315180685
1 4167082847
1 3678346752
1 1425999309
2
3
1 1888793292
2
1 2385613520
3
1 4217996496
2
2
1 1265646112
1 2781071960
2
1 74973953
3
1 4033905221
1 2112575804
1 949773480
1 3481728111
3
2
3
1 569209003
1 2252225754
2
2
2
1 381051186
3
2
2
2
1 1788836941
1 3165187549
1 193690442
3
1 69279678
1 3200646547
1 4246572540
2
1 400965654
2
1 127909139
1 3094606013
2
1 1079550013
2
1 2978791411
1 2517774114
2
2
2
1 3768748258
3
1 2039993922
2
2
1 3415182875
1 299153682
2
1 4008407222
1 3642876993
3
1 3439300938
2
3
2
1 3392999739
1 1685798561
1 2040179940
2
1 2197820469
1 150322175
1 305162346
1 3679378681
1 168352377
1 3140642936
2
3
1 3264742147
2
1 2048479552
1 3289687503
1 3237735962
3
2
1 3904375578
1 1538362417
3
2
1 2573442511
2
3
1 2185480881
1 129078793
1 3358210404
1 2968368433
1 3664443596
1 2188818118
1 2035014440
2
2
2
1 1706089537
2
3
1 1352415541
2
1 3589851960
3
3
2
1 2346822423
3
1 2211870551
2
2
3
1 2480778571
2
1 2292896290
2
1 327780236
2
2
3
2
2
2
3
2
1 2026410280
1 3469279904
2
3
1 84376442
2
3
2
2
1 1752455517
2
1 2679124676
3
2
1 3762187155
1 1373921419
2
3
2
1 3067810250
3
2
1 1358771654
2
1 4035940831
1 2546227157
1 590961798
1 3776573463
1 2328389886
1 1713721766
1 1639143279
1 1493382535
2
2
1 3677152018
3
2
1 1804922648
2
1 1858218781
1 3307337474
1 286353159
2
3
3
1 1872148215
1 3080189525
1 1903467781
3
2
3
2
1 3169802130
2
2
2
1 2995704966
3
1 3693477770
3
1 64216158
1 4140710162
3
2
2
2
2
2
2
2
3
2
2
1 2468465204
1 3238881085
3
3
1 1387168552
1 1990698347
2
2
2
2
2
2
2
1 784995032
2
1 1336471159
1 3274995012
1 4285926614
1 951533135
1 3279502364
1 625343254
2
1 3127737750
2
3
1 16818759
1 2010108085
1 4183896470
2
1 2057421249
3
1 1538148375
3
1 2413781247
2
2
2
2
1 1730871854
2
3
2
1 2997944172
3
2
2
2
2
2
2
1 1911384098
3
2
2
1 2796772050
2
2
2
1 2878641531
2
3
1 2235644308
3
2
1 4201743370
1 2586731889
1 534605497
3
1 2846830925
1 2359390220
3
3
1 2371846909
2
1 3816691857
2
2
1 232858529
1 3033422273
3
2
1 2393091253
1 2749353897
1 3146289975
1 546436788
3
1 3728755358
3
1 1642833866
3
1 2617283178
1 2828769432
1 660307935
2
1 3254675833
2
1 1065161882
2
3
3
2
2
2
1 2973406305
1 876428890
1 4049884121
1 1535232233
1 503491271
2
3
1 1840676895
1 3765231623
2
2
1 38556273
1 2243429088
3
1 366371200
3
1 4016932802
3
3
1 1669729328
2
2
2
2
1 4200797796
3
2
2
1 711783573
1 749851129
2
2
2
1 1920241054
2
2
2
1 2504009982
2
1 2338714728
2
2
1 340584481
1 1589482729
1 2094322620
1 4146202729
2
2
2
2
1 3139413880
2
1 3310281426
1 1755591678
2
3
2
2
2
1 1123309781
2
2
2
1 2096429789
2
1 801783857
1 429216098
1 2101634235
2
1 953765205
3
2
2
1 4086651367
2
1 288343968
3
2
2
2
1 3073908049
2
2
2
2
2
2
1 2650787013
2
3
1 1815348405
2
1 3938929725
1 3082704566
1 4077417079
2
2
2
1 963222278
1 315978353
3
1 2371433983
2
2
3
1 1343081880
2
2
3
2
1 1223124544
2
3
1 1880142621
2
1 1568146519
2
2
1 3596048950
2
2
3
1 1491824695
1 1298504647
3
2
1 325938349
1 3959850854
2
1 407351395
2
1 1007908072
2
1 2451753690
3
1 1202426544
1 3577425314
1 1256804882
2
1 4281378327
2
3
1 753543114
3
3
3
2
2
1 2631244060
2
1 793922801
1 3170764106
2
2
1 2220319220
2
1 2751845986
2
1 2675059810
3
1 1619885664
2
2
2
2
2
2
2
2
3
1 1854831059
1 2801923184
2
2
2
2
3
1 3944638388
1 1403788670
2
3
2
2
3
1 3844942374
2
2
2
3
1 795933852
2
1 779290349
3
3
1 903338104
2
2
1 96323363
2
1 1992870793
2
1 3258948688
2
1 3957815191
2
2
3
2
1 2498514290
2
1 388688508
1 4194093385
2
3
2
3
1 3709702689
2
2
2
1 1859813850
1 1537251102
1 3389117122
2
2
1 4277361144
2
2
2
1 3114171844
1 4141730475
2
2
3
1 1526887819
3
2
1 4190767201
2
2
3
1 2046495862
2
1 709997816
1 3883636591
2
1 3774322476
2
3
2
2
2
1 872757446
1 605882060
2
2
1 2125553774
2
1 2864989609
2
1 810564463
2
2
2
2
2
2
3
2
3
3
3
2
1 1487863106
1 651287610
1 826493767
2
1 2997837218
1 58256226
2
1 3620630968
2
2
3
1 563404364
1 3919338541
2
1 2679844336
2
1 956810009
1 58925941
1 287880807
1 1684402742
2
2
1 2546767010
2
3
3
3
2
1 1504787279
1 2222450254
3
2
1 323088932
2
2
1 1342091931
1 734068026
1 3191196978
3
3
1 2134396350
2
1 1202507092
2
1 3392979668
1 3294801601
2
2
3
2
2
1 4057716859
2
1 1581438222
2
1 720273902
1 1064303369
2
2
2
2
2
1 2974707689
1 834684825
1 3299376528
1 2727949495
2
2
3
2
2
1 665964491
1 3204924296
2
2
1 873803807
2
1 554274538
2
1 951586174
1 3611807919
2
1 1140750329
1 1312805888
1 430549162
2
2
1 3254235315
3
1 85946254
2
2
1 1575896230
3
2
2
2
2
2
1 2683030126
2
1 3158486870
2
2
2
2
1 1109839715
3
3
2
1 3849339370
2
1 919099110
1 3679882319
2
3
2
2
3
1 1227966392
1 518197173
1 1888516839
2
1 2837245322
1 1544125873
2
1 2088051776
1 3209610022
1 2629494615
1 350675852
1 2129227745
1 140671452
1 3812213442
1 2604077219
1 638045316
1 579053714
3
1 3060862814
2
2
2
1 953443667
1 3228203170
2
3
1 261323884
2
2
1 1590319209
2
2
1 2065115870
3
1 1204008190
1 2409949079
1 3140469611
2
2
1 1197768241
1 234991548
2
2
1 3404848117
1 3174514811
2
3
2
2
2
2
1 3253514411
2
1 146345549
2
1 1126796697
2
1 3063799454
1 1916458236
1 3607412365
2
1 2530860557
3
1 1007535423
3
2
1 4226404770
1 361893788
2
2
1 3519470237
2
1 1452961212
3
3
1 4104582105
1 491853270
1 4067186115
1 4067823118
2
1 367071137
3
1 4287986607
3
3
2
3
2
2
2
2
1 1205907049
2
3
1 1980004178
1 3538175315
2
1 2541765546
2
3
2
2
2
3
3
2
2
1 3815282234
2
1 1069200263
2
2
1 903131758
2
1 3322813347
1 3640852506
1 1236442137
1 836908211
2
1 2823883881
3
2
3
1 1509314874
1 2562432986
2
2
2
2
1 4156591506
1 3239731064
2
1 1224510537
2
2
3
1 3124940524
2
3
2
2
1 2458999790
1 3119384446
2
1 1691371360
1 1634291359
2
2
1 1582180507
2
2
2
1 1333300182
2
2
1 2075664516
2
3
2
1 1711975471
1 2922710798
2
1 1643727377
2
2
2
1 1577903155
1 3560457279
3
2
2
2
1 994058222
1 2321114944
1 722836551
2
2
1 690002782
1 3154440373
2
2
3
1 4193311068
2
2
2
1 4245542904
1 1703468163
1 2449803468
1 2331780424
2
1 4179651432
1 597841691
2
1 1339551575
1 1134248837
2
3
1 1655709870
1 2980628573
2
2
2
2
2
1 1429414457
3
3
2
1 2268903215
3
1 299202463
2
2
3
3
3
2
1 2675325722
2
2
2
2
2
1 2353738166
2
1 2280282202
2
1 267296088
2
1 2777321683
2
1 1977054575
2
3
2
2
3
2
2
1 2863024829
2
1 2830584693
1 1885524370
2
2
1 2720390112
2
3
1 3459705388
1 3023536739
1 748796979
1 940843284
1 1014217500
1 1007928422
1 1302700804
2
2
2
1 1590414523
1 728889255
1 3734348372
2
3
1 2984133461
1 2458803786
2
2
2
3
1 249297330
3
3
1 3194113536
1 3790328724
2
3
2
1 3074975953
2
2
1 1695630818
3
2
3
2
2
2
1 59174060
1 2265319732
3
2
3
2
1 3519614785
1 2725137579
2
2
2
2
3
2
3
1 1490928599
1 3416427956
2
3
3
2
2
1 192308567
1 2358198515
3
3
1 377005992
2
1 1670297705
1 3572398119
2
1 1346349915
3
2
3
1 2536525500
1 1171960401
2
2
2
2
2
2
1 479328831
2
2
2
2
2
1 4156179412
2
1 951216743
2
1 2181245473
1 654816221
2
1 2309887914
2
2
1 342413986
2
1 2288492677
2
2
1 517336007
3
2
2
1 2640873747
1 1570341109
2
1 1718741460
3
1 589845646
2
2
3
2
2
2
2
2
1 2580268013
1 4222969589
3
3
2
2
2
2
2
3
2
2
1 763554962
2
2
1 3173371762
2
2
1 3627838891
3
2
1 2251957513
2
1 4192467359
2
2
1 3405423600
2
1 4089826040
1 318740244
3
1 789525227
2
1 2187349817
1 994786779
1 3853475427
1 536053351
3
1 2311935741
2
2
2
2
2
1 3710359780
1 2530144166
3
1 309304252
2
1 2498918213
2
2
2
1 350987305
1 496517778
3
3
3
3
2
3
1 3124884257
1 2827172245
2
2
3
3
3
2
2
3
2
1 4192138188
1 2591152302
1 266604352
2
2
2
1 1961768545
3
1 2266599635
2
1 3204862661
2
1 2701834678
2
2
1 740762507
2
2
1 2493145985
1 929442627
2
1 3933219248
2
1 1394075245
2
1 1498770717
2
3
1 1541272731
2
2
3
1 2237534172
1 650541702
3
2
3
3
2
2
2
2
1 4113713044
2
1 2455867692
3
2
2
3
2
2
2
1 3177959261
2
2
2
2
2
2
2
3
1 2507200992
2
2
3
2
3
1 1462026075
1 1701807151
1 2853775413
3
2
1 3909298711
1 3762094053
2
2
3
3
2
2
1 522599384
1 253272866
2
1 1574457190
1 3128797593
2
1 2617693707
1 1711528393
3
3
3
2
3
3
2
1 309109248
2
1 2254795071
2
1 104790206
1 2893782676
3
2
2
1 4186289436
1 3851666634
2
2
2
2
1 1452093680
1 1438420535
1 1039361272
2
1 3574376816
1 3245927658
1 255690691
2
1 2776562037
1 3911532450
3
1 1076776147
1 1767442561
1 89827870
2
2
3
2
2
3
3
1 1164822713
1 1638988709
2
2
1 1603494197
3
1 3210096939
2
3
2
1 2568182880
2
2
2
1 2073419460
3
2
1 2831791952
2
3
1 495443606
1 2851532407
2
1 3918773258
3
1 1927102006
1 3258181422
1 15229256
2
1 2746407018
2
2
3
1 2726988893
1 412817644
1 535288713
2
1 503750167
1 3992552538
3
2
1 3015373855
3
2
3
2
2
1 2858439948
1 727929224
2
1 280618378
2
1 3728027396
1 3894986246
2
3
1 2613022111
2
3
1 3594346672
1 298769571
1 1308610132
2
1 3986519145
1 1578137405
2
2
1 2624106395
1 2477166416
1 1276045804
2
1 3835113260
2
1 3697387360
1 523242779
1 316728040
2
3
1 3127680575
2
1 1583074029
1 147999062
2
1 52569915
2
1 3936308384
3
1 488358432
2
2
1 393218258
1 3670628642
1 159584023
1 498106482
2
2
1 3309275946
3
2
3
2
2
3
1 590409876
2
2
3
1 327827872
3
1 691672568
1 1723202507
1 1155320739
2
2
1 2009915857
2
2
2
2
2
2
2
2
3
1 512907502
3
1 3503639304
1 852377567
1 234830447
1 299838972
2
2
3
2
1 2081130206
1 350790748
2
2
2
1 3966007434
3
2
3
2
1 819044799
3
1 4025558221
1 181584052
1 2570331322
2
1 2205154959
2
1 1623138961
3
1 3656277203
2
3
1 2842434901
2
1 4137219696
1 46638766
2
2
1 3413792306
3
2
1 1058002848
3
1 2258381726
2
2
1 956930940
1 1438024560
2
1 2235709639
1 1494388080
3
1 1496715077
1 2636601254
3
2
1 4183441983
2
1 2543654784
1 794243014
1 2132288749
2
2
1 1529795152
3
3
1 1640136007
1 496810398
2
2
1 3452917866
2
2
1 2597699277
2
1 2948739456
1 2086466961
2
1 1261824716
2
1 829488724
2
2
1 633656490
2
1 1901745667
3
2
2
1 2586219377
1 2695003237
1 3979249068
2
3
1 4190941350
1 76985584
3
2
3
3
2
2
1 2667271354
1 1642319247
3
3
2
2
1 3611477563
1 818014925
2
3
2
3
2
2
2
1 883708454
3
1 1257900610
2
1 2259914603
3
1 3332949058
3
3
1 3133665642
1 3212018973
2
1 318510962
1 297384131
2
3
1 898813492
2
2
2
1 3542413705
1 2694959131
3
2
3
1 2673969512
3
2
1 2075152034
1 1969996550
2
1 3680086039
1 404416236
1 3053757779
1 1250601391
1 664214251
1 1544315375
2
1 3711777911
2
2
1 401671650
1 1768373187
2
1 157327830
2
3
2
2
1 2517445946
2
1 1723184436
1 3342658807
3
2
1 748279069
1 9435760
1 1965521455
2
2
3
1 917027228
2
2
2
1 172605388
2
1 2328303349
1 2958461364
3
2
2
1 4294551117
1 3354002138
2
2
1 2789281226
2
2
1 1692474671
1 262749043
3
2
3
2
2
2
2
1 3212895966
1 3580263112
1 1700998851
2
2
2
1 3159383511
1 202268565
1 801757021
1 3601691058
2
1 3773003722
1 1161858867
2
3
1 69697687
1 3977211785
2
3
2
1 2725610708
2
1 461132656
2
1 3403357757
1 2385041261
3
1 871095664
2
2
2
2
3
1 1558649739
2
2
1 3419701976
1 2500448556
1 580238074
2
2
1 3369002329
2
2
1 1371149499
1 7889978
3
2
3
3
1 2976375964
2
1 410049695
2
2
2
3
2
3
2
1 1809320157
3
1 3725035538
3
3
1 1063035826
2
2
1 2725140712
2
1 532685959
2
2
2
2
1 3740762241
1 3800447911
1 1680447538
1 1265742965
2
2
1 3523171299
2
1 180284861
1 615515371
1 921311686
2
1 4222742315
1 663367119
2
1 2298423630
1 3442848492
2
1 3667221679
2
3
3
2
1 1920633286
2
2
1 614519828
1 3789799640
1 2406744089
1 600208395
1 1316504066
2
2
3
1 2367585880
2
1 407832892
2
1 2722979755
1 631249694
3
3
3
1 1761195189
2
2
1 2290720672
1 199655072
3
1 213558712
1 1082424444
1 2046409204
1 1483920368
2
1 130770474
1 3904144799
2
3
1 2298321670
2
2
1 4012150382
3
1 2934150275
1 3618885384
2
3
2
3
3
2
3
1 1477817667
2
2
1 2922443672
2
3
2
1 4042109506
3
2
1 3379400343
2
2
1 101175552
1 4195341369
2
2
3
1 314885156
1 2682631102
2
1 2007089334
2
1 504692067
1 3654547614
1 3910627971
1 342867831
2
1 3306216954
2
2
1 2834384908
2
1 1474873784
2
2
2
2
2
1 1616146887
2
1 183901166
2
1 4285836211
2
2
1 569973822
3
2
2
2
2
3
2
1 36251576
2
1 3907594544
1 1867774668
1 3472354221
2
3
1 2881388447
2
1 778983325
1 2653429902
1 4281603350
2
2
3
1 1140336102
2
1 2056735339
3
2
1 2273928662
3
2
2
2
2
2
1 2272026695
2
2
2
2
2
2
2
2
1 2086063184
1 3041132780
2
3
2
1 1161936641
2
2
2
3
1 378808413
2
1 1573761024
3
2
3
1 1815094905
2
3
1 3656157336
3
3
2
3
2
3
3
1 803068049
3
1 1402745832
2
2
2
1 2077989708
1 3197748362
1 451221276
2
2
1 1532227595
2
2
1 176718792
2
2
2
1 384052831
1 1203149577
1 698462012
2
1 315252401
2
1 3411649620
1 3106080050
2
2
1 550924340
1 695147752
1 2879508529
3
2
2
1 2482979319
2
2
1 1265624613
3
1 1160536424
2
1 2364838340
2
2
1 1912648495
1 116299107
3
3
1 566233686
1 771006818
2
2
1 1783029448
2
3
2
1 1083742156
2
1 738322237
2
2
3
1 146815355
1 3455084931
1 4250347585
1 553291509
2
1 1424859038
3
1 702570730
1 1896453117
2
1 3335579470
1 3776438848
1 339251365
2
2
1 1331890155
2
2
2
2
2
2
2
1 2130564464
3
3
2
2
2
1 2598114648
2
3
2
2
2
2
2
2
1 1216550967
1 3160855547
3
3
3
1 4182308391
1 4141756548
2
1 2850416054
1 327720496
3
1 3996333991
1 2019151907
1 1452297975
1 2636562817
2
2
2
2
1 3018408238
2
1 1758424259
1 1605126015
2
2
1 2074702820
1 1932372343
3
1 435900463
2
2
2
2
2
2
1 1551865986
3
2
1 3411533397
2
1 330185355
2
1 2857797402
2
1 693396612
1 866153545
2
1 1263169170
1 1134648500
2
1 3329894863
1 3843514700
2
2
2
2
2
2
1 158670961
2
1 2951352870
2
2
3
2
1 6838642
1 4205150054
2
2
1 1772341969
2
2
2
2
2
2
2
2
2
1 3047323327
1 1145009105
3
1 2791259621
1 3914931584
2
2
2
1 923451196
3
2
1 2999796932
1 3835342177
1 3566326228
1 1385975490
2
2
2
2
2
2
3
1 1442126371
1 2133213483
1 919093925
1 335018392
1 3835795265
2
2
1 1098146957
3
1 2643040121
2
1 566205714
1 4272225888
2
1 742554670
3
1 406346353
3
2
3
1 295016106
2
2
2
2
2
2
2
2
1 3717004198
2
2
2
1 945650243
3
1 2372945367
1 3993942137
2
2
2
1 4160607083
1 3971716234
2
1 2425530717
2
2
2
1 897577223
1 4080782372
3
2
3
2
1 1130402354
2
2
3
2
1 2640164215
2
2
1 533092115
2
2
3
2
1 255473258
2
1 329332629
1 2067512467
1 863857178
1 2259347023
1 3425549893
1 992916864
2
3
2
2
1 680653181
2
2
1 789491945
1 775675276
2
2
1 321439010
1 1948509775
3
2
1 1273396209
1 2885191283
2
2
3
2
1 584925735
2
2
2
1 3568513832
3
2
2
1 520897045
2
1 3111382230
1 2440346641
2
1 3331468727
2
1 543083703
2
3
2
3
2
1 1512416082
2
1 3776767056
2
3
1 2054559684
2
1 1938827581
2
2
1 1258492603
1 336347866
3
2
2
2
1 1699031772
2
2
2
2
1 3759528429
3
2
1 342442143
3
1 3991538072
1 3103334591
2
2
2
2
2
1 4095901548
1 3240714879
1 1821259529
3
2
2
2
1 2778528667
3
2
1 2358451187
2
1 3881985064
2
3
1 449405638
1 767325983
1 1945204932
2
2
1 2160824924
1 1220879835
1 1158678620
2
3
2
1 610824622
2
3
3
2
2
1 2576611612
2
1 2776563650
2
2
1 2872046521
2
1 3009891618
2
2
1 53249670
1 1422813858
1 1206072099
2
2
3
3
2
3
2
3
1 2817244331
2
1 1726811656
2
2
1 3435970310
1 893625297
1 1094226941
2
3
2
2
3
2
2
1 3606675530
3
2
1 3333452782
1 2870166265
3
1 1735797878
1 1012732834
2
1 1798323634
1 1028814676
2
2
2
2
3
1 1826474505
1 2596892356
1 1985231215
2
1 3296069028
1 2301764791
2
1 1432577351
1 211966217
3
1 3774061619
1 1079916832
1 3828229634
2
1 859827411
2
2
1 4244146578
1 3993432196
1 1702711496
2
2
2
2
2
1 1391808866
2
3
1 4150758952
1 2140909094
2
1 4072214410
2
1 2368999120
1 778784227
2
2
2
1 904434925
3
1 2362518549
1 4230476289
2
1 1881525011
2
2
1 2417953682
3
1 438968907
2
1 4250477446
1 1805058546
2
2
3
3
2
1 296782054
2
2
1 3637800400
2
1 3337121606
1 2957976139
1 1281508838
2
1 2443882332
1 4203556592
2
2
3
1 1884717618
1 1317868440
2
1 3047443982
2
1 3085203435
1 2098767989
3
3
3
1 379958604
2
1 1371141842
1 2087407428
3
1 313271585
3
1 3189908390
1 3527215757
2
2
3
1 3524483425
1 3503068551
1 1135575494
2
2
2
2
3
3
1 1331622785
1 281117011
2
2
3
2
1 2523033113
3
1 1909460444
1 132481559
1 755481228
2
1 3221785077
1 107889268
1 294665438
2
3
2
1 806374290
2
1 30127509
2
1 3175255740
2
1 1969079711
2
3
3
3
1 3221651809
1 3301926390
2
1 2556870776
1 957833046
1 1314278734
2
1 523482537
2
1 585084953
1 912025450
1 658477841
3
1 68992585
2
1 3146228545
2
2
2
2
2
3
1 1627533919
2
3
2
1 2026544131
1 1291726648
3
1 1179955169
1 207980137
2
2
3
1 369401738
2
2
1 3044911232
1 3232741666
2
2
2
2
1 2478792662
1 407652376
1 3075068461
2
3
1 3014717026
3
1 1394295818
2
2
3
2
1 2412142785
3
2
1 2379536653
1 1533319728
3
1 2248663139
1 1467190927
1 2054981327
1 2253152394
1 1283749866
2
2
1 448024326
3
1 4046751557
1 3670144475
1 2875731420
1 2709533497
1 3914266121
2
3
2
1 1775200508
2
2
1 1111688595
1 1073152419
1 1138403625
1 2378715822
1 2154117204
2
3
3
2
2
2
2
1 675433605
1 1491286278
1 1864709138
3
1 1395461299
2
2
2
2
2
2
1 3324556747
2
1 3673275268
3
3
2
3
1 1174494767
1 678782900
3
2
2
2
1 2573261850
1 2055124570
2
2
1 4067909502
1 785434006
2
1 1833300274
2
3
2
3
2
3
2
2
1 1578040648
3
1 3483273471
2
2
2
1 3523011623
1 699687317
1 3745446342
2
2
1 3520234931
3
2
2
2
2
1 2271497872
1 3615846232
1 97905004
3
2
2
2
2
2
2
1 4071711414
3
2
2
2
3
2
2
2
1 774297861
1 2681504370
2
2
1 4188905972
3
1 2852890010
1 3325433983
3
1 2472008093
3
3
1 430205597
2
2
2
2
2
2
1 3871060625
2
2
2
1 3608793114
3
3
1 1926169834
3
2
3
2
2
3
1 443565374
2
2
2
2
2
3
1 3646041641
2
1 3656926472
2
1 3177591406
3
3
2
1 2424479255
3
2
1 930800847
1 352923111
1 352871948
2
2
2
2
1 3930671488
3
2
1 3615523725
2
1 1150292909
2
1 965831804
2
2
1 3710149608
2
1 2771743595
2
2
1 4121432857
2
1 3286407697
2
3
1 1222752967
1 3917509511
1 2158964780
2
2
2
1 994807899
2
3
1 1904557354
3
1 4078099935
2
2
2
2
1 1462041729
2
3
3
3
1 1660966473
3
2
1 3740441127
2
2
1 2385453639
2
3
1 4167658582
1 3803468073
3
1 1088227184
2
3
2
1 2715382127
2
3
3
1 52623166
2
2
1 2717421005
2
3
2
1 2908895977
1 1668800030
2
1 2200778356
2
1 1461817662
1 262296281
1 2738130449
2
1 26687954
2
1 3987315136
1 796422608
2
1 1853564130
1 982511305
2
2
2
2
3
1 1172767470
1 697681852
1 1307258281
2
2
1 1999162267
1 362960073
2
2
1 504866188
2
3
1 1458777574
2
2
3
2
2
2
1 1824357152
1 3235238296
2
2
1 500619602
3
2
1 2786693595
2
2
2
1 3400218029
2
2
2
1 2777954523
2
1 2564819901
2
2
2
1 3589349443
1 4256845046
3
2
3
1 397098245
1 1517440606
2
2
1 1728438068
1 1407722791
1 1249565619
1 1195335126
2
1 3350099653
2
1 1813527961
2
2
3
2
2
1 4037361509
3
2
1 2185070276
2
2
2
3
3
3
2
2
3
2
2
2
2
2
1 3404709901
2
1 228435597
3
1 3074714598
2
1 1840584421
2
3
2
1 818254783
1 3520222129
2
2
1 2716211904
1 106165474
3
1 3119378616
3
1 1330537438
1 3349017171
1 4053796301
2
1 4185739406
3
2
2
2
2
2
2
2
2
2
3
3
1 2087398777
3
2
2
1 2769189706
1 740297904
1 158020287
1 4064187604
2
1 805256978
1 1110211477
1 1777402711
1 2307062707
2
3
3
2
1 2311152869
2
3
2
1 3841627836
1 496381230
2
3
1 1365990290
2
2
1 2753363150
1 2888408058
2
1 2669036623
1 1202674289
2
3
2
2
1 2755468661
2
1 1893087528
3
1 130698514
1 3224815488
2
3
2
2
2
1 374190610
2
1 960522753
2
1 2279148847
1 3686236080
3
1 3920462568
1 1770673124
3
1 2605512422
2
1 3461487005
2
1 1963366462
2
3
2
3
3
1 1457714268
1 4000772143
1 3317510
1 1864046188
2
1 2328280235
2
1 3228133952
1 171734337
1 2570925047
2
1 2731509261
1 3421302223
2
3
1 483795277
3
1 2791824830
2
3
2
1 1189353907
1 542596002
2
1 4136910839
2
1 2158296674
2
2
2
1 1995526411
2
1 2825334539
2
1 3173778079
2
2
1 2701527083
2
1 3205050021
2
1 507242678
2
2
3
2
1 3540636127
1 1260300331
1 3802760894
2
1 2208122624
1 2693795033
2
2
3
1 923265716
2
3
1 3887506048
1 1639770678
2
1 2636488724
2
2
3
1 205680427
2
1 2300233080
2
2
1 1004293043
3
1 3282760680
2
2
2
1 281089906
1 2254541147
3
1 1060142676
3
2
2
2
2
2
1 3451939326
1 4101822699
2
1 3791727898
2
2
1 4050470540
2
2
1 1552454442
2
2
2
2
2
1 3120421382
3
2
2
2
1 2021532985
1 2472995909
2
3
1 3907150837
1 1391062592
2
3
2
1 1355966456
2
1 215420489
1 3662878781
3
2
1 1901491300
1 73465401
2
3
2
2
2
2
1 3672089785
1 517680450
1 1936197839
3
1 3740919168
2
2
2
1 3355645956
1 730714531
1 1933591465
2
1 4289930860
3
2
2
2
3
1 1560300995
2
1 2250094848
2
2
3
1 3444182686
1 2841823275
1 209855321
1 2414421069
3
2
1 3608397488
2
1 1804684609
1 3845016988
1 525372817
1 212562240
1 1981039343
3
1 365579195
2
1 3049482946
1 2756856590
2
3
1 3312195920
2
2
2
1 2526197499
2
1 3786534573
2
1 1367795759
1 2382254306
1 1337599958
1 807718599
2
2
3
3
1 598041988
1 3811084580
1 1672621674
3
2
1 3020463389
3
2
2
1 2661333448
2
1 319513598
2
1 3558619452
1 3702345207
2
1 3913987556
2
2
2
2
2
1 3402071490
3
1 2403122368
1 257716102
2
1 3922971223
1 778212341
3
2
1 2656802032
1 643600943
3
3
2
2
1 278269343
2
3
1 2832452361
1 2702166405
2
2
2
1 3756329175
3
3
1 860151535
3
2
2
3
2
1 2747119156
1 1003473113
2
2
1 1141605948
2
3
1 4185207942
2
1 824787016
1 4093392953
2
3
2
1 2515594580
2
1 2860036024
1 3512363937
1 1590924824
2
1 2400098833
1 2679456059
2
2
2
2
1 1903419064
2
1 1587228865
2
3
3
2
1 4180355064
2
2
1 3323787212
2
1 2025296783
3
1 1407859240
2
2
2
2
2
2
1 2031676590
1 455397407
1 2629365007
1 4238892640
1 3277732897
1 1698555786
1 2846486622
2
1 1523570149
1 2619354758
1 3002482207
2
3
2
2
2
1 2150578839
1 1366038667
1 406944240
2
2
1 3931351164
2
2
2
3
2
1 2013015934
3
2
2
3
1 431595092
3
2
2
1 528850674
1 2074889331
1 1264592651
1 357462329
1 3871096061
3
2
1 3054861934
3
1 115006829
1 1457655111
2
2
1 2481273061
2
3
1 1280270632
1 1666001520
3
3
2
3
2
1 3860720517
1 1897008310
1 1854242446
1 1474828178
2
2
2
1 3584970210
3
2
1 636945648
3
2
2
1 3246897604
3
1 3445272419
2
3
2
1 254964111
2
1 1868380761
2
2
1 1191140300
3
1 633534621
2
2
1 3753501425
2
1 44548631
2
2
1 368692158
3
2
3
1 1719669041
2
2
2
2
1 521930650
2
1 493338377
2
1 456816755
2
1 1244478328
3
1 1895269282
2
1 3528257255
1 1775362739
1 3093674257
2
2
3
1 3038517340
3
2
2
3
2
2
2
2
2
2
2
1 2267119522
3
2
1 4027287537
2
2
2
2
1 454302814
2
1 1986293162
1 791508293
2
2
2
1 361051941
1 3150731490
2
2
2
3
1 3514242581
2
1 1077813694
1 989612260
1 1011178167
2
2
2
3
1 1473229796
1 3707122412
2
1 2167572454
2
1 3632004698
2
2
1 1724512193
1 151555029
1 1733265717
2
1 104934822
1 1428693714
2
3
2
1 4054639857
2
1 4187100815
3
1 4166528897
1 3513320598
1 3886556937
1 1239061297
2
1 1440989312
1 3181991869
2
3
2
1 1743618290
1 1388544321
1 4281859238
1 1691071708
2
1 3114221358
2
2
3
1 2089838448
2
1 1584586196
2
2
2
3
2
2
3
2
1 2873839047
2
1 3809074695
2
2
1 2759238093
1 885712953
1 3500703227
3
2
3
2
2
1 1714337545
1 976210082
2
1 4054744919
2
1 3167723412
2
3
1 1752887409
2
2
2
2
2
2
2
2
2
1 3936232579
1 4195618278
1 1073026106
3
1 744800314
2
1 1587643192
2
2
1 259901590
2
1 2175914230
3
3
3
2
2
2
1 1119744646
2
3
1 3427079960
2
1 3948777818
2
2
2
1 1342738722
3
3
1 2067207036
1 2194408525
3
2
1 1736002075
3
1 3585870524
2
3
1 1021698580
1 687344561
2
2
1 1492998555
2
2
2
1 1915716195
1 2330964946
2
1 91232453
3
1 4285076594
2
1 3798399830
1 2327589181
2
1 794626097
2
2
1 1982612890
2
2
2
2
2
2
2
2
2
1 2575866792
3
2
2
2
1 2814619300
2
2
2
3
1 4234384092
1 2268977465
1 3117261106
1 1486025162
3
1 261537668
2
2
1 3571954416
2
1 2300509330
2
1 2680057358
1 4207678338
1 3418201431
1 2423262596
2
2
2
2
2
2
1 2401628473
2
2
1 3533310736
1 3728956497
2
1 2185170306
2
3
1 480204518
1 1631500239
1 2594172776
1 3640131783
1 3783888719
1 175733264
2
1 642317359
3
2
3
1 937537352
3
1 3766773890
1 1797052871
2
1 3300593213
1 4136655210
1 2616806231
3
1 4284888406
3
1 2668343483
1 3606425779
1 282574318
3
2
3
2
2
1 589563476
2
1 3839029924
1 2799048844
1 1745727378
2
3
3
1 4030773019
2
2
1 3518656764
2
1 483667203
2
1 1808798636
2
1 1741636814
1 2369811936
3
1 4063168959
1 3193074828
2
2
1 2613773878
2
2
2
1 3918916403
1 749963720
2
3
2
1 1885486467
2
2
1 834919566
3
2
1 2096172295
1 3740282745
2
3
2
1 4127918849
1 458236778
2
2
2
1 3879437789
2
1 2700889164
2
1 277669519
2
2
1 1295568872
1 1686051930
2
2
2
1 719576626
1 970931807
2
2
2
1 589030303
1 3695447200
3
3
2
2
2
1 4208976766
1 1979856109
3
1 1316380161
2
3
2
2
1 2067480590
3
3
2
3
2
1 3665078672
1 944038088
1 3879887401
2
2
2
2
3
1 2630978632
2
2
3
2
3
2
3
2
3
1 2153881529
1 807003207
3
3
3
3
1 4001629326
2
1 3059111477
2
2
3
1 4210436657
1 1271277660
2
1 2376537777
2
3
1 2677667229
3
1 2119054206
3
2
1 3660125322
2
1 3132512666
1 391830907
3
1 2863496237
2
2
3
1 354987930
2
2
1 1969822530
3
2
1 3688508306
3
2
2
2
2
2
2
3
2
2
2
2
1 3821197898
2
3
2
2
2
1 68782932
2
1 1505346778
1 1017814126
1 1297649223
2
1 51178783
1 1838904782
2
1 3293098654
2
1 424515436
2
2
2
1 1087717495
2
1 1434796717
1 3675677219
1 3398897455
2
2
2
1 3473641266
2
2
2
2
1 3707984752
1 1576734490
2
1 1111335835
1 2421872268
2
2
1 2794883526
3
2
2
2
2
1 1302950638
3
1 2794618334
1 1997622002
1 3565025775
3
1 2986159912
2
3
1 1635186922
1 71251762
1 284908674
3
2
2
3
1 1454665153
3
3
2
3
2
2
1 3357845312
1 3994259979
2
1 608583240
2
2
2
2
1 4075830163
2
3
2
2
1 2963776736
2
1 2331376016
2
1 2084292227
2
1 1820658070
1 3840990544
3
3
2
3
1 1011851403
2
1 973709860
1 1162936856
1 1556489975
2
1 1294969756
2
1 1889602333
3
1 3620431300
1 3738182929
1 3119351311
1 1910903525
1 3625689556
2
2
2
2
3
3
1 1316643001
2
3
1 1364432842
1 1150643862
1 2262977826
1 4126013155
1 1747746326
1 1173871541
2
1 779707019
2
1 2682737424
3
2
2
1 2500993659
2
2
1 3381941312
2
2
1 3243435647
1 1848006875
2
2
2
2
1 3587083871
2
2
3
1 314871589
2
1 3756271280
2
1 1926459489
1 305893533
2
1 1404619952
2
1 2104086059
2
2
2
2
1 956969928
1 72132436
2
1 3970752901
2
2
1 3446333656
3
2
2
3
1 1563068571
1 872196437
1 1331886385
2
2
1 3548821902
2
2
1 479777779
2
2
2
1 1184940746
2
1 3584146519
2
1 420492025
2
1 1270063170
1 944817245
2
2
3
1 693114931
1 693933838
1 4247490926
1 451326389
3
2
1 262676573
1 2723683621
3
3
3
3
2
3
1 3073735943
3
2
2
1 3035919549
2
1 2527299042
1 3928605733
1 2737986745
2
2
2
1 4021485803
1 3890600085
2
2
1 2824031639
2
2
1 2810093877
2
1 342596457
3
2
1 3945850993
3
2
1 3537608493
1 4044974228
2
2
1 2277507726
2
1 2760497903
1 763176865
2
1 38557009
2
1 92339383
2
1 2727310594
1 1021719168
2
1 4067594185
2
1 1979405819
2
2
2
1 4025835235
2
1 1782356187
2
2
1 1854342081
3
1 1572102821
2
1 4021871952
2
1 3065287491
1 124437755
1 3219422754
2
2
1 1784705904
2
2
2
2
2
1 2770436901
2
1 1872200265
3
2
3
2
1 337753585
1 1443693652
2
3
3
1 1280078015
3
3
1 1907801407
2
3
2
1 971990951
1 3120838829
1 3765795936
1 3652193202
2
1 3579856858
2
3
1 2433319943
2
1 887570360
1 367892152
2
2
1 2741935913
1 4091960339
3
2
1 2869809834
1 3052247021
2
3
1 4222065552
1 1058560098
1 2207008240
2
1 3808315937
2
3
2
2
2
1 3907228938
1 2369601290
2
1 2558102139
1 3322299190
2
1 1942016689
1 3350290
3
2
1 3892873363
1 2852074633
2
1 3620781897
3
2
1 590686491
2
2
1 2281305950
2
1 104386202
1 3935098171
1 2815797931
3
1 2296017166
1 2523938661
2
2
1 3448884696
3
2
2
2
1 1942981047
1 2983164702
3
2
2
2
3
1 1417074490
2
2
3
1 1475952056
1 3572200669
1 3700147173
2
2
1 4186184172
1 964466852
1 2915321295
1 3511558951
3
2
1 3339203786
2
1 424676871
3
3
3
1 2167678949
1 3581377962
2
3
1 3964738400
2
1 1981607807
1 4135732965
2
2
2
2
1 3892583718
2
1 855075580
1 919215931
2
2
1 3830768182
2
3
2
3
2
1 4268221443
1 122945408
2
3
2
1 1469931604
2
3
2
1 1390725549
2
2
2
3
1 3134053009
1 2863963367
3
3
2
3
2
2
1 440319963
2
1 2732967802
1 1660939055
2
3
2
2
2
1 878632031
2
1 1640573506
1 3158194168
2
3
1 917332467
2
1 1155276868
1 3685807134
1 1313200696
2
2
2
1 2427779960
3
2
2
1 4092217097
2
2
1 1236714381
1 3422229643
3
1 3729962710
1 2640048207
1 1708795333
2
1 3918698749
3
2
2
1 3938453370
1 3596946044
1 704564338
2
2
1 847198018
1 2545879082
1 361725095
1 69199002
2
2
1 2163344283
2
2
3
2
2
1 1805921523
3
2
1 1129990471
3
1 179388044
1 1478259202
2
2
1 3913208501
1 2437473686
3
2
2
1 168137070
2
1 1095519274
2
2
2
2
2
2
1 2078471968
2
2
3
2
1 929486647
2
1 3262101048
1 2661765304
1 563906533
3
2
1 692659600
2
3
2
2
2
2
2
1 355171721
1 122890337
1 3136449363
1 2726616591
1 1254123102
2
1 1628500973
1 2175492074
2
1 1111690949
2
1 2958433650
2
3
2
2
2
1 694807711
1 3948970925
1 3846948918
3
3
2
1 3136657125
2
3
2
2
1 255730861
2
1 3057028071
3
1 910894794
2
1 1260290029
2
3
1 625828640
3
2
2
1 2660236351
2
1 1437787749
2
1 1883448009
2
1 2561001643
2
1 3321506600
2
3
1 1333611731
3
1 3933561939
2
2
2
3
1 1983962572
2
2
2
1 2730655077
1 3735245814
2
1 2190434115
1 190698646
2
1 2459717370
3
2
2
1 660010704
1 1423318298
2
3
1 3890058039
1 1636466578
2
2
1 2139899489
2
2
1 1070752855
3
2
3
2
3
3
2
2
2
2
3
2
2
1 1708913463
3
3
2
1 3306520712
1 2160318051
2
2
3
1 1664006320
3
2
1 1559570130
1 1731707502
2
2
1 3584435891
2
1 1895056657
3
1 1947285778
1 3672999706
2
1 3480296742
1 1422909434
3
3
1 1364492551
2
2
1 3754724963
1 1250422915
1 530963866
1 3232522301
2
2
3
2
2
3
1 1866522997
1 945767241
1 3192144767
1 150789265
2
1 3133194564
1 2301476676
1 1933726483
2
2
1 887261414
1 4186935619
2
2
1 2247149611
1 1241235847
1 4009835512
3
1 1686769355
1 1118847206
2
3
1 1235834949
1 3884015726
2
1 263755920
3
1 149366833
2
2
2
3
1 2757498890
1 3149674506
2
3
3
1 1689786349
2
2
1 589740706
1 2248257559
2
1 2015508333
1 1072753387
1 591538262
2
2
1 3783211264
2
2
1 3625112539
2
2
2
2
1 2702566521
2
1 1578406001
2
2
2
1 1306308659
2
1 804412282
1 275367819
1 1551218076
1 2856131829
2
2
3
3
1 1086740970
2
1 376943541
2
1 4237316030
3
2
3
2
1 3221027712
1 2150081406
1 159746134
1 2612662677
1 1083618427
1 1053031718
2
2
1 3147552177
2
1 302738960
1 289699958
1 4206894213
2
3
2
2
2
3
1 4279376843
3
2
1 3291140308
2
3
1 1890320208
3
1 2683852490
2
3
2
2
1 2216730726
2
1 352822244
2
1 3100396914
1 1947338213
3
3
2
2
1 199157172
2
1 764728179
1 3999544191
2
3
2
1 494626182
3
2
3
2
2
2
2
2
2
2
1 3385419279
2
2
3
1 2604494142
1 2096549136
3
2
1 2044786347
3
1 514417125
1 272267239
3
2
2
1 1610780007
2
2
2
2
2
2
1 3361282396
1 1905901281
2
2
1 2780638040
1 3419010253
2
2
3
1 3067192544
1 1815839633
2
1 3879484384
2
2
1 719215219
2
2
1 3998379339
1 2891303873
1 3781509908
3
2
2
3
1 1014564410
2
2
1 2278985091
1 2573392731
2
2
3
3
3
2
2
3
1 1324512808
1 1533068673
1 1857238153
1 484428936
2
2
2
2
2
1 325101418
3
1 2055069240
2
2
1 941746193
3
1 1447677969
1 366307955
3
1 2478141143
2
2
2
1 2358173273
2
2
1 2466639008
2
2
3
2
2
1 118108263
1 1334375474
2
1 2758758914
1 239961852
2
2
2
2
2
1 2521793207
2
2
2
3
3
1 2684524626
3
1 2116378737
1 2369492264
3
1 1107203500
2
3
1 1532648321
3
3
2
1 307738952
3
1 3565026921
1 2093612755
2
1 2121231086
1 217338901
2
2
3
1 1452810470
1 3716317625
2
2
2
2
3
1 2044245824
2
1 2754635492
2
3
1 2604367186
1 3438196424
1 2611110167
2
1 3003859837
2
1 1413646693
2
2
1 766677677
2
3
1 3558860661
2
2
2
2
2
1 3371642947
1 1828911358
2
3
2
1 1062614271
2
1 11312850
1 2172997375
2
2
1 1973270843
1 2447564478
3
2
1 3759421419
2
1 1615760984
2
3
1 3808946377
2
1 3512275609
2
3
1 2984388130
2
3
1 2101517579
1 3279971412
1 959353464
1 3750347967
1 3392330095
1 3215807088
3
1 2067808100
2
1 3227672746
2
1 3785230146
1 3369841097
1 2193774756
2
3
2
2
1 375933182
2
2
1 917775369
3
1 655550409
2
1 1660396363
2
1 8798256
1 2245911831
2
2
1 1670519443
1 115574937
2
2
2
2
2
3
1 3677479018
1 2029431030
2
2
1 930196146
2
2
1 481438713
1 3534671857
2
1 2764844844
2
1 2489720429
1 2449550993
2
1 472595822
2
1 2886076773
2
3
1 1914930320
2
1 1123642807
1 397575719
1 4266820425
2
1 1989019827
3
3
2
2
1 2730115066
2
2
1 4200739188
2
1 1409144406
2
2
1 4026201572
2
1 2435741703
2
3
1 3979717940
1 966887225
1 381930879
2
3
2
1 4221314742
1 2616661315
2
3
1 1695391092
1 2894043012
2
3
1 3623906209
1 3935099503
2
2
2
1 439307007
2
2
1 2764542775
2
2
1 55539525
2
2
2
2
3
1 802457631
1 3214532640
1 2949656491
1 3036588017
3
3
3
3
3
2
3
1 1091291652
2
2
3
3
1 3889942643
2
1 2888325962
3
2
2
1 1523527975
1 1803940789
1 1841047823
1 3798828394
2
1 1146541717
3
3
2
1 1627693869
3
2
1 823849076
2
3
2
3
3
1 1584777925
2
2
1 2468793861
3
1 3539725889
2
1 2866194918
2
1 816939616
1 951237981
1 3785106358
2
1 938637943
1 2625297
2
1 1357430571
2
2
2
2
1 2228022137
2
2
2
1 4005248762
1 18533049
2
2
2
1 3763345949
1 2956040198
1 172522126
2
2
1 2930228248
2
2
2
1 1781282344
2
1 2463558299
2
3
2
2
2
2
1 827261121
2
1 4010528918
3
1 2010624483
2
2
3
1 2910713282
2
1 1089133739
2
1 1885186290
2
1 1705720378
1 2296214378
3
2
1 2522315930
1 1656227401
2
1 3131019506
1 4203800778
1 1334589730
2
1 3346983748
2
2
1 2441911947
1 3846106413
1 2868443483
1 2529540379
1 525585371
2
1 1623491031
2
1 3754451095
2
1 2158673184
1 3555245783
1 1337578833
2
3
1 2022824656
1 3310665736
2
1 120858615
3
2
2
2
3
1 489391960
2
2
2
2
3
2
1 1864786325
2
3
3
2
1 3137220526
2
2
2
3
2
1 3212239829
2
2
3
2
2
1 619905564
2
2
1 196722892
2
1 4148715128
2
2
1 1870954686
1 3542162906
2
2
2
1 1870097254
2
2
1 1231937142
1 4241806717
3
1 2422791121
2
3
2
3
1 1186490485
2
2
1 3763334385
1 108698782
1 2623367494
3
2
1 1154821000
1 328933475
1 3735282466
1 1836210171
2
1 772401582
2
1 2089642733
2
2
1 1592331510
2
2
2
2
1 1490786858
2
2
3
2
3
2
3
3
2
2
3
1 2160493536
3
1 2312051684
2
2
2
1 1324881982
1 3291729608
2
1 1547084773
2
3
1 99553404
3
2
2
2
2
1 1170896220
3
3
1 1128738092
2
1 1725639917
1 1567146928
1 416270135
3
1 784740875
2
1 819517939
3
2
2
1 1900790299
2
2
1 1007880386
1 2068765342
1 3936079430
2
3
1 2081049629
3
2
1 2809723804
2
1 1128207635
1 2171933444
2
1 1694935988
1 2119118618
2
1 170438408
1 3074803036
2
2
1 3379729449
2
1 89183739
1 11461765
2
3
1 4051659269
2
2
1 1099663935
2
2
2
1 2170133272
2
1 2668477035
2
2
3
1 3489879991
1 1666759615
2
2
3
2
2
2
1 2107945249
2
2
2
2
1 3028188692
1 3573295995
1 16756858
1 885837610
2
1 4133146874
1 1392626341
2
2
1 787583152
1 3569575195
3
1 4122833573
1 2051810421
1 1584261008
1 3456019140
2
2
2
1 1416789899
1 1828437988
2
1 2271358388
2
1 1253326256
3
2
2
2
2
1 2911757992
1 937531195
1 32349091
1 1969805537
1 156652114
2
2
1 233744593
3
2
1 921777954
2
1 1815537622
2
1 904854116
3
2
1 2378975167
2
2
1 3312681987
3
2
1 3450857709
2
2
2
1 350822041
2
2
1 2300075067
2
2
1 3721048855
2
2
1 1238790951
1 4263487298
2
3
1 3209673017
3
2
3
2
2
2
2
2
1 2359012902
2
1 3363353886
3
1 1584221533
3
1 2668731753
2
1 3946633090
2
1 2424437139
2
2
1 3610722193
2
2
2
1 3845396626
2
1 354051363
1 833854277
2
2
1 1188434745
2
3
2
1 192267853
2
2
1 4279820713
2
1 1695548691
2
2
2
2
1 4250366494
1 1526181814
1 2468010553
2
2
2
3
2
1 502427932
1 388634413
2
2
1 3451783304
2
2
1 3601903046
1 1056333964
2
2
2
2
1 2736581464
3
2
1 1724704331
3
1 573958633
2
2
1 2868387037
1 4185356882
2
2
3
3
2
2
2
2
3
1 3900374347
1 2658108736
3
1 2491875882
1 2986911639
1 938897608
2
2
2
2
2
1 4152640334
1 1005728271
2
1 2968939374
2
2
1 3035888214
2
2
1 3680090537
2
2
3
3
1 2897799913
1 4047246656
2
1 1176963656
2
2
3
2
1 955420492
2
1 1960314709
3
3
3
2
2
2
2
2
1 775359799
1 3884446177
1 2549149354
1 1594128021
2
2
2
2
2
2
1 4003443104
2
2
2
2
1 3173220425
1 3782029056
2
2
2
2
1 3443250697
1 1776406961
2
2
1 634495006
1 1443534229
2
1 4106285397
1 4144477324
2
1 1302214966
1 3702591202
1 2501732422
1 3881564146
1 434551118
3
3
3
1 1051858296
1 1913355248
2
2
1 3685625697
3
1 210134412
1 2835160407
1 3113406131
3
2
2
1 3647977365
2
1 273932915
2
3
1 3582383061
1 3753339942
3
2
2
1 1654047898
1 886829169
1 362488237
2
2
2
3
1 2929410857
1 553309178
1 79716969
1 1930942287
1 3120760628
1 2350351117
1 4166249281
2
1 3144813395
2
1 1645776023
2
2
1 983218340
1 2729695293
1 725317717
2
1 3069633932
3
1 3699877301
1 3269178821
1 1240046394
1 447806477
2
2
2
1 440292998
1 3890086963
1 1681007954
3
2
2
3
2
1 3085141554
1 1423020872
1 1426704388
2
1 2440781942
1 1696297520
2
2
1 4004260716
1 635340656
3
1 1046716549
2
1 991710145
2
2
3
2
1 1511477767
2
3
2
2
1 4003916465
2
1 963308283
2
1 1118949012
2
2
1 1003027357
1 418578466
2
1 255582382
1 3491903530
3
3
2
3
2
2
1 169273211
2
2
3
1 587684972
2
2
1 2931083132
3
2
1 1712577232
2
2
2
2
3
2
1 1588113951
2
2
3
3
1 1584734436
1 2826939709
1 2543186458
2
2
2
2
3
2
1 1128015851
2
2
2
1 3388100925
3
2
2
1 758284971
1 2045930911
2
2
3
1 1594655211
1 35939222
2
2
2
1 4004808952
2
2
2
2
1 3503524394
2
2
2
3
2
2
2
3
1 574046218
2
2
3
2
1 4061117172
1 2106599773
2
1 2464553794
2
2
1 1947221392
1 1594689309
1 305236723
2
1 2961065071
1 3806206942
2
2
1 3051385004
2
1 2433184892
1 186073266
2
3
2
3
1 314562678
2
2
1 3255388148
1 153562162
2
2
2
3
2
2
1 3385200088
2
2
1 236455321
2
1 2396306942
2
1 4256832642
2
1 3416247325
2
2
3
3
1 2333113619
1 351901044
2
2
1 2988479904
1 2937114395
1 1456491993
1 4206975667
2
2
2
2
1 4229766661
2
1 2874817809
1 909876000
3
2
2
2
1 1528571810
2
1 789263781
2
2
1 540517706
1 2034685510
2
2
2
2
2
1 2003181180
2
3
3
2
2
2
1 3954517284
3
2
1 1564655957
2
3
3
2
2
3
1 989180636
2
1 1880899858
1 2260868198
2
2
3
2
1 1569547008
2
3
2
2
2
1 1253673818
2
1 558219865
3
2
1 3619453140
2
3
1 66799950
1 1145171567
3
2
2
3
2
1 3558323671
1 643221126
1 2482656128
3
1 2798985858
1 2485144248
2
2
2
1 1496459069
1 3276721103
1 3738763219
3
2
2
2
1 586558303
1 1675517484
3
2
1 1455560553
1 3619335161
3
2
2
2
1 3107249796
3
2
2
2
1 992029134
1 3582372575
3
1 4276986943
2
3
2
3
1 620059200
1 1930566650
2
2
3
2
1 2296164475
1 593499301
3
2
1 3832296187
1 3941913475
1 2412181279
2
2
3
3
2
1 3015049869
1 935288608
3
3
2
1 1678369364
1 870800003
2
2
2
2
1 1445945708
1 78928263
2
1 1880664921
1 622948283
1 128514845
3
1 1346390885
1 3509569432
1 4192405868
2
3
2
1 3148772976
2
1 4164183211
1 510149240
2
1 2569302652
3
1 1124522957
2
2
2
2
2
2
2
2
1 854823737
2
2
2
2
2
1 371071034
1 1219844034
1 8630795
2
2
2
2
3
1 1948558402
1 1586755420
2
2
1 1199727335
2
1 3548061863
2
1 3248879846
2
1 890294058
1 580658231
3
3
3
3
2
1 2237931614
2
2
3
3
2
1 1678782236
2
3
3
2
1 2304044864
2
1 623216836
1 1102162610
2
2
2
1 4001243028
2
2
2
3
2
1 1366826738
3
2
1 793951185
2
1 1296065544
3
1 192453308
3
3
3
2
1 1983732657
2
1 924082436
1 4259795388
2
1 3115817606
2
1 1787786469
2
3
1 1369312891
2
2
2
1 701258269
2
1 4292327502
2
1 3357690947
2
2
2
2
1 2467362211
1 2123796881
1 1882423698
1 639630671
1 4231603579
1 2796030259
2
2
1 2451622627
2
2
2
2
1 3413047390
2
3
3
2
2
2
2
2
1 1322079672
2
1 3968186146
1 2235058381
1 1456829283
2
3
2
1 471903232
2
1 3903791350
1 1346224634
1 2394647445
2
2
2
2
1 2949107000
2
1 2016435045
1 144377044
2
1 218858270
3
2
2
2
1 2309671475
3
2
2
2
2
1 2909755624
3
1 2862134139
1 1464058608
2
1 154384666
2
2
1 2328653028
1 2337162260
1 2592914074
1 3385704016
1 948201000
1 1298198330
1 1968496630
2
1 1717586223
2
1 812248605
1 3266518740
3
1 4159380050
1 3073212063
2
1 3264303695
2
3
1 2869878627
1 2521011233
1 1700760959
1 2189866378
2
2
2
2
2
2
2
1 1908919832
2
2
2
1 2051389477
1 687989807
3
2
1 969631766
2
2
2
2
2
2
1 1832454271
2
3
2
1 1573273458
2
1 4213827646
2
2
2
2
1 3823688726
2
1 2310000531
2
1 2941890563
1 2670736491
1 3532751519
2
2
1 1934607923
3
2
2
2
2
1 3086937434
2
2
1 3528479759
2
2
2
2
1 3918499499
3
2
2
1 875196314
1 886947281
1 4096013053
2
1 3297015566
2
3
1 1246203501
3
2
3
1 2668611125
1 1237777093
1 1484820509
3
2
1 3246342329
1 3891899566
1 46147839
3
2
3
1 2818414222
1 2775956527
2
2
3
1 3439642698
2
1 998244131
3
1 3885708268
2
2
3
2
2
1 505860352
2
1 2235576727
1 3980425592
2
2
2
1 2116512647
1 1653563437
2
1 1459329870
1 1902339195
2
1 4109709615
1 222257505
2
2
1 1292188855
1 667594401
2
2
1 2888654627
1 2381728024
2
2
2
2
2
1 1687479863
3
2
2
1 2351151163
3
2
3
1 1994341589
1 725242006
2
2
3
1 3509547170
2
3
2
2
1 2732995780
2
2
2
1 3534181168
1 756830107
2
2
3
3
1 1966991186
1 2293882080
1 2268994085
2
1 279765200
1 146956827
1 1820790584
2
3
1 3680386386
1 323267355
2
1 1526123509
2
2
2
1 41284313
1 3910566740
3
3
3
3
1 1413254798
1 764135954
2
3
2
2
2
1 3505930530
3
1 1483321004
2
1 3574328879
1 2397393522
1 2779983589
1 175986438
1 1928383477
2
2
2
2
2
2
3
2
2
2
1 594162596
2
2
1 125787893
1 470604853
1 195138380
1 950468123
2
3
2
1 2241568941
1 3986500031
2
1 2889255694
1 866780610
1 1375213818
2
3
1 400097970
1 2747277153
2
1 2580175346
3
2
1 376094377
2
2
2
1 295087246
1 2456812128
2
1 892938146
1 1632087158
1 365163526
2
2
1 2426149017
2
1 2288545850
2
1 3835195695
1 2001458784
2
2
2
1 2385169481
1 18424845
1 4152863288
2
1 4158664934
1 3188309603
2
2
2
3
1 3932287393
2
1 2033529992
1 866839792
2
2
2
1 2165625242
3
2
2
2
1 2563676915
2
2
1 1617996737
2
3
1 1353087586
2
1 2703400844
2
2
1 2120181338
2
2
2
3
2
2
2
2
1 372205466
3
1 406221936
2
1 1373276584
2
2
1 2772513414
1 1006288681
2
1 89761007
2
3
3
1 889640953
1 1477177998
1 3406881111
2
3
2
2
2
3
1 1321137857
1 798999000
2
1 597494278
2
1 688364811
1 1189323789
3
2
2
2
1 4056682874
3
1 3980170426
3
2
1 1938907887
2
3
1 3504014401
3
2
3
3
3
2
1 2106685160
2
3
1 1304248635
1 3876507012
1 450990564
2
1 1657212393
1 190920129
1 2852666073
2
3
1 1128267580
2
1 2357381414
1 3837748633
2
2
1 607432216
2
2
1 1869611374
1 4016371640
1 370992473
3
2
1 2567044320
2
1 136329218
3
1 2635907272
2
2
2
1 3572671261
2
2
2
2
1 1807943606
1 2455593637
1 417874328
2
2
2
2
1 3282595285
2
1 2931618116
2
2
1 2682743593
2
2
1 4122434618
1 1564282287
2
3
2
2
3
1 683997568
3
1 4001797110
3
1 3082103118
1 2754084069
1 760494184
1 4118778477
1 3014838315
1 2606952368
2
3
3
3
1 1579163398
3
1 2212830983
1 1035294672
1 2527360906
1 555363782
1 1713626809
1 3271952534
1 3511303784
2
2
1 2550197590
2
1 4143157506
2
3
1 600964052
3
3
2
1 2461515960
1 3668244952
1 2410442174
2
1 351352993
3
2
1 298262810
3
1 2805890472
1 1711967139
3
1 1259574285
2
2
1 1986830698
2
1 1863595796
2
1 362077706
2
2
2
2
1 1138665242
2
3
3
3
2
1 675376737
1 2637020424
1 710364100
1 947257807
2
2
2
1 2657488074
1 462412387
2
2
1 2521371797
2
1 286348510
2
2
1 1970799622
2
2
3
2
2
2
2
1 3254165596
1 1312774650
1 1831560681
2
2
1 3336921728
1 939906596
3
2
1 2857155204
1 600719068
1 4001632420
2
2
2
1 241909755
2
2
2
1 1059304645
2
2
1 3653449126
2
2
2
1 3061946729
2
3
2
3
3
1 1502878277
3
3
1 3407224388
1 2119712376
3
3
2
1 355674593
3
1 2277986123
2
2
2
2
2
2
1 3897518005
1 3788691375
1 1942217043
2
2
2
1 384951288
2
2
3
2
1 363473309
1 756860070
2
2
1 2784505058
1 3580071074
1 2857598644
2
3
3
1 78406253
2
2
3
2
1 2874296092
3
2
1 824386045
2
2
3
3
2
2
2
3
2
2
1 4187649523
1 3202978260
2
1 1900043615
2
1 945268188
2
3
1 4113703620
3
2
1 3441532683
2
3
3
2
1 3240279832
1 2689288516
1 1570894519
2
1 27384826
2
3
1 1844443798
1 2277337105
2
1 3578010580
1 117645759
3
3
3
2
2
1 1243637150
2
2
1 84695670
2
1 4039607096
1 2036522219
1 17008956
2
2
1 4187447508
1 4138334343
2
1 1460922479
2
1 694128699
2
2
1 2037171337
2
2
2
2
1 3513705953
2
1 1193998120
1 4000143132
1 2843296889
1 4172220619
1 3998053577
2
3
2
1 3802009323
2
3
3
2
1 2299370937
1 4202172149
2
1 2312991682
2
3
1 3876571285
1 855934955
1 2255806265
3
1 1949404733
1 3199068128
1 765626367
2
1 3179141763
1 1856343157
1 2380858053
2
2
2
1 144890518
1 2564270747
1 2181577256
1 2357573126
3
1 949924343
3
2
2
1 3480116114
2
3
1 1698717430
2
2
3
2
2
1 3737283397
2
2
2
1 577452840
1 1200132652
2
2
3
1 3259374597
2
2
3
1 3603271967
2
2
3
1 3641913650
1 966132326
2
2
1 2523532719
2
2
1 1748877000
1 852929362
2
2
2
1 1307300088
2
1 3034750319
3
1 1881015438
2
2
1 139497541
2
2
2
3
3
1 2675298303
1 2024939759
1 4029712460
2
1 2077596725
2
1 229167692
2
2
1 148047514
1 430083563
1 190132274
1 3551202061
2
1 327131143
2
2
1 2091947939
1 851278060
2
3
3
1 1543335210
2
2
1 1004208993
1 2710266279
2
2
3
1 2692697529
1 1356138152
2
1 3618911704
1 852345521
2
2
3
3
3
1 4004439944
3
1 1104067721
1 3413346674
2
2
3
2
3
3
2
1 2985098240
2
1 430123762
3
2
1 240779306
2
1 3997598338
1 2935061563
3
2
1 693873110
2
2
1 3423084492
3
2
2
3
2
2
2
2
2
2
3
2
1 1923104102
2
1 1476615339
3
1 3961072604
2
1 1340640318
2
1 1958563662
1 4187539341
3
2
1 1104506314
1 4088563395
1 3680335894
1 3294261801
2
2
1 2812584015
1 2362495869
2
1 1039457653
2
2
1 3317741956
1 858134001
1 2616933421
2
2
3
2
2
3
1 38229156
1 358765504
1 3245323398
1 212251281
2
1 2942176427
1 13801016
3
2
2
2
3
2
2
1 777614608
2
2
2
2
1 2173243850
2
3
2
3
2
2
2
1 742235131
2
3
3
1 2208314854
1 1185186536
2
1 4252909704
1 3004435268
1 1004244566
3
2
2
2
2
1 1616282235
2
3
2
2
1 2518834969
3
1 559538648
2
2
1 2139006460
1 2412954002
2
1 1419025558
3
3
1 3896978619
2
2
1 439284627
2
2
1 331804384
2
3
3
2
1 629538908
2
1 2823373243
3
2
2
2
2
1 263416495
2
1 2717182041
1 2762814422
1 4173410706
2
3
2
1 346339702
2
1 139230756
2
3
3
2
1 3240406271
3
2
2
2
2
1 549702221
1 3632064651
1 1674142554
1 3637943901
1 3490372284
2
1 3074251392
1 4142579236
2
2
1 3089207886
2
1 2867614795
1 775872497
2
1 746074140
1 3274842483
2
2
2
2
1 230265999
2
1 502686319
2
1 3923447602
1 3850305895
2
2
2
2
2
2
2
1 4063407045
2
2
1 3914822582
1 3610374203
2
1 1910284152
2
2
1 1203510297
1 2029314033
3
2
2
2
2
1 1552668851
1 1922774178
2
2
1 2981454683
2
1 235231908
2
2
2
2
2
1 2517317975
1 571312333
3
2
2
2
3
2
2
3
2
2
2
1 1872234266
1 2199673755
1 94859055
2
1 2954768732
3
3
1 2672736588
2
2
2
2
2
2
2
3
2
1 917673564
3
1 1902400901
2
2
2
1 2492736038
1 3466310752
3
3
3
2
2
2
2
1 3197797774
1 3378256517
2
2
1 401514610
1 3515381101
3
2
1 2370036530
2
1 3934007480
2
3
3
2
2
1 455480381
2
1 2953370964
1 1944182493
2
2
1 4090890880
1 3158544926
3
2
3
3
1 4181397361
1 2259602816
1 600084843
2
2
1 3089036467
1 3316928842
2
3
2
2
2
1 2443101607
1 2322445320
1 4220897387
2
2
1 1071228010
2
2
1 1699534334
2
2
1 1381339914
2
1 1732311300
1 2717334632
1 2995267106
2
1 204626938
2
1 2760096635
1 1066456876
3
2
1 3356073379
2
3
1 3410223821
2
3
2
1 4262433938
1 2912791530
2
1 3186835419
3
1 3674788320
2
1 4017051715
1 2555891186
2
1 1414746288
1 4086675667
2
2
2
1 2411136968
2
2
2
1 3182380223
1 2585132270
1 1640046197
1 3847547538
2
1 40222280
2
3
2
3
1 2467093069
1 3398731253
2
2
2
2
2
2
2
1 1156598865
2
2
2
1 2480704099
1 1824612697
2
3
1 3062955032
3
1 1579797271
3
2
1 4262369035
1 2908372004
1 1788804625
3
2
1 3038936450
2
2
2
3
2
3
2
2
2
2
1 2553785077
2
1 742030387
2
1 1341864684
2
3
2
1 2835381918
1 3783979517
1 1337946190
3
2
2
2
2
1 122607628
2
2
1 3879322148
2
3
2
2
3
3
2
2
1 2900059978
1 4232554067
1 290099164
1 1229058346
2
2
1 1513510432
1 2902402852
2
2
2
1 2110597123
3
2
1 1257040048
1 1073553548
3
2
3
2
1 3698489534
2
1 1444414006
2
3
1 3082981952
3
2
1 14988645
2
2
2
2
1 1697330332
2
3
2
2
3
1 61320108
3
1 607285965
2
1 1455080275
1 1866789960
1 1354374119
1 598917043
2
3
2
3
3
1 1092741451
2
1 859197857
3
1 53681014
2
2
1 3151285572
1 1385471668
3
1 3128444889
1 879612991
1 4284685531
3
1 600422246
1 4104700472
1 3216430380
2
1 3572657709
2
2
2
1 3398779344
1 2098809164
2
3
2
3
3
1 665028028
2
2
2
1 544000884
2
1 1543714442
2
2
2
2
1 1333426170
3
1 1752042368
1 421474753
1 1616591913
2
2
1 1092448826
1 1191880479
1 3862409052
2
2
1 2133441294
1 3795318375
2
2
2
2
3
3
2
1 1205575582
2
3
2
1 1525330248
3
2
2
1 3093969176
2
1 3291931352
3
1 738709592
2
2
2
1 4231125213
2
2
1 2990080217
2
1 452156943
2
2
2
3
2
1 60473424
1 2127219916
1 3294583149
1 1293848259
1 1137736575
1 284801112
1 2876002077
2
1 1867911858
3
1 3883418784
1 256848551
1 227257597
1 2542794779
2
2
1 4069769528
1 2977630945
1 1810843389
2
3
3
2
1 1532523651
2
1 2118526502
2
3
3
1 1814566813
1 995494337
2
1 3247602022
2
3
1 2506632971
2
3
1 14244191
3
2
3
1 878474319
2
2
2
2
1 2548409172
1 4095586926
3
2
2
2
1 1287895487
3
1 909397026
2
1 4232207731
1 4278200737
2
3
1 287160979
2
3
1 300422540
1 3101236412
3
2
2
1 1936136443
1 1437760755
1 2495449308
1 482582085
1 2615355147
2
1 358828725
1 799603616
2
2
2
2
2
1 528538169
2
1 1220930856
1 3101074188
2
1 4140901497
3
2
1 3109752861
1 628522669
2
1 974603057
1 3310547426
1 1512725260
1 835118412
1 2801875848
3
2
2
1 2856953563
1 2419532391
3
1 1753012831
2
2
1 2383593132
2
1 4091841604
2
1 2424936935
2
2
3
1 3568682475
3
2
1 127492184
1 140307708
2
1 3934640534
2
3
1 3470621652
3
1 2995452052
1 1312103148
3
1 4241800983
2
1 367089673
1 2613817558
1 4103939429
1 218662681
1 3744712076
3
3
2
2
3
2
1 1384550274
1 4231750347
1 3616034958
1 3875924232
1 3748071189
2
2
1 2603419334
1 3933208549
2
2
1 2500998341
2
2
1 2432393638
1 2720239140
3
1 2668601612
2
3
3
2
1 3031341192
3
2
2
1 3542374641
1 2385266037
3
1 1039723247
2
1 1172907122
1 3834212404
3
2
1 351697646
3
2
2
2
2
2
2
1 3149311148
3
1 3229846838
3
2
2
2
2
2
3
3
1 523692775
2
1 4110645534
1 662959573
1 1607698353
2
3
3
3
1 64793179
2
2
1 2361722068
1 2358135856
1 2587459430
1 1809597915
2
3
2
3
3
1 2385669919
2
2
2
1 1559963124
2
1 2856442849
1 3779708211
1 1711265738
2
3
2
3
2
3
2
1 1416730495
2
1 3720096335
2
1 3609863394
1 355320971
1 2767177518
2
1 1308532463
2
2
3
2
3
1 1954705135
2
2
2
2
2
1 722004601
1 3059219281
2
3
2
2
2
1 3933666243
2
1 3665166653
2
1 1844507553
2
3
1 1124491441
1 2822785144
3
1 1098670609
3
1 3671142222
1 682488517
1 3688248101
1 1316437663
2
1 3316593331
2
2
1 1592043078
2
2
2
2
3
2
1 4057817673
1 3652366118
1 3244070886
1 2311704752
1 98659213
2
1 2752359579
2
1 1564778301
2
1 2817871894
2
2
1 264349779
2
3
1 433047949
2
2
2
3
2
2
2
2
1 1489094645
2
1 153912915
1 1606460418
2
2
3
2
2
1 714770431
1 2645035472
2
1 1751722637
1 2804422699
1 1322877236
2
3
3
3
1 2864139405
2
2
1 1093789970
2
2
1 3765793218
2
3
2
1 1849341809
2
1 3751220365
3
2
3
2
1 1601668809
1 12561479
1 3194450709
1 2170000355
1 1617305895
2
2
1 1749731788
2
2
2
2
3
2
1 1223752439
1 4076168477
2
2
2
2
1 4147803038
1 612764464
1 2680666432
1 1681296860
3
1 3854344646
2
1 2767512792
3
2
1 1051467562
2
3
1 3011591198
2
1 4282751342
1 1734726835
1 3520540949
2
1 2013665838
2
1 3601826534
2
1 4009387463
3
1 861933453
2
1 2415698159
2
3
1 4163988188
2
2
3
3
1 1571764348
3
1 3388516853
3
2
2
3
1 3020563797
3
3
2
1 1872263913
2
3
2
1 665040687
1 2568525369
3
3
1 512533073
1 3631074688
3
2
2
2
2
1 335194486
2
1 857669296
1 1608069317
2
1 4113034933
1 2973843608
1 4293001792
1 1221915184
3
2
1 3138074995
1 76109695
2
1 3280423816
2
1 2553035867
1 3472588681
2
2
2
2
1 604243773
1 2254764949
1 3358267812
3
1 3032553335
2
3
1 2490824920
2
2
2
1 1664232967
2
1 60902589
2
1 3307704592
2
2
3
1 593293801
2
2
3
1 207504157
2
2
2
2
2
1 1946165065
2
1 3729073492
2
1 3216427801
1 3150346458
3
2
1 2965657389
2
2
2
2
1 1510027906
3
1 2669006730
1 822036843
2
1 1838410903
2
1 3213972310
2
1 455991975
2
1 3295974196
2
2
2
1 3902365807
3
1 575697904
2
1 860358461
2
1 3474729729
1 2228862851
3
1 881042821
1 1761465459
1 810522320
3
2
2
2
3
1 1910018300
2
1 2312702651
2
1 1790157988
1 675129270
2
1 1235666446
3
2
3
2
3
2
1 2539212679
1 2725758770
1 1079581390
3
2
2
2
1 3698912529
3
1 4179550008
2
1 2764109619
1 1041301950
2
2
2
3
2
2
2
2
2
2
2
2
3
2
1 122895854
2
2
2
3
3
3
1 4264245250
2
1 1299091835
2
2
1 1099505095
3
3
2
1 37053514
1 875349765
2
3
2
2
3
2
1 2747037920
1 195812879
2
1 1427427370
1 278475256
1 3923951390
2
2
3
2
1 2012816760
1 1965101837
3
2
2
1 1538149742
2
2
2
2
2
2
3
1 1836491417
2
1 3402961078
3
2
2
2
2
2
1 2694027816
2
1 3227760956
3
1 2544894489
1 4195967048
1 1248575974
2
2
1 1659780317
3
2
1 1042609596
1 2469540610
1 807636844
2
1 188417864
1 2192552975
2
3
1 1203957745
2
2
1 1489620972
1 3272048989
1 2663502802
1 1730325947
1 3035477938
2
1 1078039675
1 2873025068
2
1 2169768931
3
2
1 2904010907
1 2646571792
2
3
2
1 848022889
3
3
1 397072905
1 1669048985
3
1 3244799947
2
1 2992158117
1 2801007655
2
1 2756201110
2
3
1 2871806291
3
1 2669302721
2
2
1 3812503193
2
2
1 849100199
1 1568566863
2
1 4128394350
3
3
2
1 363127839
2
3
1 3798417923
1 229692735
2
2
2
1 3824710114
1 3739165104
1 3773570862
2
1 3994360146
2
1 2323735464
3
3
1 55512342
3
2
2
1 2013132644
2
3
2
2
2
3
1 1451799614
1 2685808143
2
2
2
2
2
3
2
2
2
2
1 3414578205
2
1 391193526
2
2
3
2
1 314921420
2
2
2
1 1944582772
1 2979266172
1 158111291
2
3
1 1730141439
2
2
1 3116443281
1 1546796380
2
1 2829100708
2
2
2
1 1007889451
2
2
1 2773750304
2
2
3
3
2
1 86688194
2
2
2
3
1 440932942
2
3
1 2413533509
2
1 3456087214
2
2
2
3
3
1 2695298810
3
2
3
2
2
1 181417696
1 3991665535
1 827441524
1 1732746596
3
3
1 2033808375
2
1 3648901857
1 553490130
1 2379055642
2
1 2325215994
2
3
3
2
2
3
1 3731956960
2
1 4213850112
3
1 4156692245
2
1 4058840272
1 1384376400
1 3778339026
3
2
1 2657660295
1 1796714560
3
1 3139410524
3
2
1 791483950
2
1 4114553919
1 3549524074
3
2
2
1 304473334
2
3
2
1 4215183543
1 348362410
1 2795005553
1 3790169650
2
1 1442323567
2
2
1 1427557356
2
1 3392418533
1 2022269415
2
1 1349453767
2
1 3079084915
2
2
2
2
1 2336365301
2
2
3
3
1 861466232
2
2
1 866628083
3
2
2
1 3121940814
3
2
1 2011568880
2
2
2
1 4090673711
2
2
2
2
1 2078855064
2
2
2
1 1119905190
2
2
2
3
2
1 483909408
1 2130799148
1 1639584533
2
3
1 2363759523
2
2
1 1885661868
2
2
3
2
1 888276217
2
2
2
3
1 2558403900
2
2
2
2
1 3157945107
2
2
2
1 4290742691
2
2
2
1 1588470563
2
2
2
3
2
1 2543379700
1 3780333429
2
1 3752308419
2
2
2
3
3
2
1 3025508306
3
3
1 808758415
2
1 1142134371
1 305355424
2
1 1743771417
1 2358466504
1 972547149
1 717137881
3
1 1600994018
2
2
3
2
2
3
2
1 663595057
2
1 1517209194
1 1553352873
3
3
3
2
1 1978415228
2
2
2
1 122818552
2
2
1 3229636885
2
1 3660370131
1 1814217763
2
2
2
1 3551446218
1 813710896
2
3
1 4067024806
1 3823071184
1 4044122618
1 1689472379
1 3439492139
1 2990944165
2
2
1 3522077037
1 2121628140
2
2
1 733161352
1 662537433
3
2
3
1 3804073531
1 76048977
1 504733119
2
3
2
1 4258491409
1 2075301365
2
2
1 2565525378
3
3
1 3145161976
2
1 1839129411
2
1 1526177080
1 2714412082
2
2
3
1 170398824
2
3
2
2
2
1 617844796
1 1357886682
2
1 3182782304
2
3
2
1 2862238327
3
1 2267607937
2
2
2
2
2
2
2
1 2459836909
1 3811740331
3
1 3561592898
2
1 3954314646
2
2
2
2
1 4181480164
1 985784216
3
1 969383825
2
1 2688912065
3
2
2
2
2
3
2
3
3
1 3263753854
1 120563148
1 3903771407
1 2194431810
2
3
1 2696140641
1 3766211072
1 3317014104
2
1 2451771388
2
1 1312519234
2
2
1 3869425735
1 1826043301
3
3
1 2668107329
2
2
1 3864042472
1 626555610
2
2
1 855001594
2
2
1 3217754612
1 569195503
1 99376331
2
1 2363109067
2
2
2
1 1694275152
2
1 4061772909
1 1975482422
2
1 562752540
2
1 1284059801
1 401791952
1 3018767351
2
2
2
2
1 350651855
1 391557007
3
1 2817765039
3
2
3
1 119473103
3
3
2
3
1 3846115015
2
1 3553828724
2
3
1 1093082080
1 1232000144
2
2
1 4123522463
1 3175749051
3
2
1 2972499676
2
1 1874217133
1 2282107335
2
1 3888959854
1 1681961705
1 3864815056
1 639707265
3
2
1 3279672970
1 1440679571
2
1 3968145602
3
3
2
1 2261728049
1 1475664774
3
2
2
3
3
2
3
2
2
3
1 3160193158
2
1 963855020
3
2
1 1969552020
2
2
3
1 338351286
1 1778647112
1 37095341
1 1181428359
2
2
1 1446951084
2
1 2705970284
2
1 344733779
1 977966174
3
2
3
3
1 1576016083
1 648777851
2
2
2
3
2
3
3
3
1 1432735388
1 3115037655
2
1 2464536473
2
1 860733755
3
2
2
2
2
2
2
2
1 1249777486
2
2
1 3007204654
1 3718831782
1 1318871549
1 2808500137
1 2979697964
2
1 4138551517
1 2901716362
3
2
1 1813251599
3
1 1939533000
1 6936786
1 2242477250
3
1 1647292900
2
1 110063242
2
1 3968244688
2
2
2
2
2
3
1 2957218161
2
1 1059386054
2
3
2
1 3263749637
3
2
1 2290862413
2
1 2761092260
2
1 1338747510
2
1 537876323
2
2
1 1838507443
2
1 3088174878
2
2
2
2
2
3
3
1 3355407968
1 3927631678
2
1 2883106332
2
3
3
2
1 2673713121
2
1 924356275
3
1 1928728397
1 918262265
1 3874655702
3
1 1257337924
2
2
2
3
3
1 1499487961
1 754007488
3
3
1 15774753
1 2597428487
2
3
1 1034494509
2
2
3
1 1665299387
1 2382750820
3
2
2
3
1 1080187623
2
1 731487345
2
2
2
2
1 2803100180
2
2
1 3556898921
1 514258251
1 4286439365
3
2
1 4086958232
1 1846579765
2
1 3050353392
1 3641884655
2
3
1 72527421
2
3
2
1 3770086471
2
1 1403234479
2
2
1 60318625
2
1 3549038173
1 4119799935
2
2
1 2968729998
2
2
2
1 2209389051
1 1307628517
2
1 3550401853
2
1 3306407120
1 1894431744
3
3
2
2
2
3
2
2
3
2
2
2
2
2
1 771866385
3
1 3173416959
3
2
2
2
3
1 2440179670
3
2
2
1 105397173
1 2155371037
2
2
3
2
2
1 836629474
1 3038742969
1 802497484
2
2
2
2
2
2
3
1 1240966740
1 699462621
2
1 120894168
1 4285409664
3
1 3903002721
2
2
3
2
3
2
1 2529319027
2
1 1267618621
3
1 3117217133
2
2
2
3
3
1 1212639701
2
1 540624597
1 3278464557
2
1 2600166148
1 298817741
2
1 34426722
2
2
2
2
2
2
2
1 3898148662
3
2
1 2805729697
1 1408045317
1 164140622
1 3581948590
2
2
2
1 4250630416
2
2
2
2
3
3
1 3765183168
2
2
3
2
1 2817675778
2
1 713327853
2
2
2
2
2
2
1 791486925
1 613988614
1 2518054763
2
1 2674704338
2
1 3503284212
2
2
3
2
3
2
2
2
1 2465079313
1 2699552488
3
1 754460521
1 463142498
1 219316706
1 1316829164
1 1106726491
2
1 1707429148
1 2161671723
2
3
1 1283839659
2
2
2
1 76897034
1 197346102
2
1 1355619593
2
2
2
1 4238919937
2
1 2954537035
2
2
3
3
2
2
3
2
1 1237339399
1 3023257902
1 4206143711
2
3
1 2027116016
3
3
2
1 2527749416
1 3628526687
2
1 3688123488
1 179442425
1 1015734154
1 1179124021
3
2
2
2
2
1 2875951840
2
2
2
3
2
1 4250414236
2
2
2
2
2
1 2910851130
1 3552489165
2
1 404545972
1 2236908218
2
1 15906817
2
3
1 1197525785
1 1793498241
1 2619754057
1 3024662827
1 2148132649
1 3584776044
2
1 808097059
1 670628121
2
1 4077520791
2
1 2313369724
3
3
2
3
2
2
1 618884264
1 3766053560
2
2
1 2527221244
2
2
1 2908931516
1 2471863604
2
1 3864727101
2
1 3821760088
2
1 1524010736
1 3270784974
2
2
1 884802413
1 1190393481
2
2
1 2393965197
1 1327841883
1 1834080339
2
2
3
3
1 3552677077
3
3
1 4050827744
3
1 2077009234
2
1 1019882386
3
2
3
2
2
2
1 1537430451
2
2
2
3
3
2
2
1 4035866394
1 853784683
2
1 1219138261
1 2813992370
1 3331665183
2
2
1 3095051193
3
1 2157313260
1 2318979810
1 1977143249
2
1 1082251137
1 152107229
2
1 3248598852
1 3872342853
2
3
3
2
1 1831147236
3
1 2498835626
1 1065685954
1 4232186479
1 351437547
1 2359737775
1 1152544050
1 1836307558
2
3
1 1712045063
1 2778453251
1 3814566641
1 4163427740
2
3
1 1828496830
1 2623063889
1 442581290
3
1 1192313528
2
3
1 807600123
3
1 4118923573
1 2672205909
2
2
3
1 3759895494
3
1 1543444480
1 243845278
1 496493524
1 2203814359
2
1 3874169381
2
2
1 3302458703
1 3918595307
1 424803486
1 3949107096
2
2
2
1 3083922809
3
2
2
1 3521778652
1 3828633581
3
1 3268264460
1 1357109876
2
1 1874391929
1 1619448115
3
1 3830458845
2
2
2
2
2
1 2338696887
1 3265762274
1 350627201
2
1 1336011131
2
2
2
1 689855882
2
1 17724347
3
3
1 3248441769
2
1 338655881
2
3
2
2
2
2
2
2
2
1 1215107808
2
3
2
2
1 240843047
2
1 3620443690
2
2
1 581072189
1 138985282
3
1 519833562
1 3387408752
2
1 2512684551
1 1626689453
2
2
2
3
3
2
2
1 1867895073
3
2
1 2865222965
2
3
1 836131087
3
1 4276496210
1 4223867215
1 1250740802
1 4188676318
3
2
1 3914250130
1 2939580967
2
1 3297968337
1 1495744919
3
2
1 2007201659
1 3267086368
3
2
1 2721344339
1 1612158591
2
1 1686176132
1 97872803
1 2617643613
2
1 785316681
3
2
2
3
2
1 1182718675
2
3
2
2
2
1 2315924961
1 521786410
1 4199696554
2
1 1846808223
2
2
2
1 3592117997
1 1181407239
2
1 2952127651
1 2396373982
1 2284750633
2
2
1 2031270680
1 2832769068
2
1 3179528454
1 2470639727
3
2
2
2
2
3
1 3181018613
2
2
3
1 47131963
1 387341496
2
2
2
3
2
2
1 3909702172
2
3
2
2
2
1 3002137182
1 160436376
2
1 2438476500
1 2523383928
2
2
2
2
1 2502662101
2
2
1 1983259488
2
1 975607609
1 318436493
2
1 1904517691
1 3705712860
1 2632569174
3
3
1 4009913312
3
1 251114393
1 1746965521
3
2
3
2
2
2
1 1829534602
1 4052275799
1 2856599026
1 341434706
1 1664838179
3
2
1 3177680382
2
3
2
3
1 1625533211
1 1645696097
1 3042919487
1 2613496746
1 824443381
1 3605699458
2
2
1 4120524128
3
1 2075284699
1 1992521850
2
1 337995657
1 237362877
1 4073684565
2
2
2
2
1 1011443994
2
2
2
1 1976480502
2
3
1 1047847821
2
2
1 948425244
1 1150258902
3
3
2
3
2
3
1 3242448670
1 3886095490
1 2641490887
3
1 649785992
2
3
2
1 1369590328
1 2465242803
2
1 1473376413
3
1 3608753697
1 1521547690
1 3976274283
2
1 46982737
2
1 2811290822
3
3
2
3
1 3256643382
2
2
2
1 3637238522
2
1 3993396234
3
1 2952439969
3
1 234261016
1 436855144
1 881933082
2
1 2040192770
1 1581674628
1 2249321543
1 1520510228
1 3733108935
3
1 785640359
3
2
2
3
2
3
2
1 3740700053
3
1 1679314442
3
2
1 831074604
2
2
2
2
1 1774812564
3
1 3193010089
1 1372876676
2
1 437093172
2
3
2
2
2
1 2392753000
2
2
1 4092201510
2
1 3724463998
3
3
2
3
2
1 1996793090
2
2
2
2
3
3
3
1 509418973
1 3677103242
2
1 2340528574
2
3
1 34185881
2
2
3
3
1 4234525191
1 4226169858
2
1 191778578
1 3449602110
3
1 3646707124
3
1 1760403520
1 1072905324
1 3945792650
1 2895512220
2
1 3030929376
2
2
2
1 2702809811
2
2
3
1 471206135
1 608275812
1 940386081
1 1716119630
2
2
2
2
1 2495185795
1 2725080188
1 3383714241
2
2
3
1 134061545
2
3
2
2
2
2
1 1083463843
2
1 2378994688
1 362941042
3
1 2404987425
2
1 3024226814
2
1 3968637229
2
2
2
1 3903656564
2
2
1 944655857
2
2
3
2
2
2
2
2
2
1 437416201
1 909742000
1 3125004854
2
2
1 3950792353
2
2
2
1 3289935777
2
2
2
2
2
3
2
2
2
3
3
3
2
2
1 4277780525
2
1 3008541284
2
1 2774427391
2
2
2
3
1 2132598454
2
2
3
2
2
2
2
2
2
2
1 2065715221
3
1 3139692458
1 4017662994
2
2
1 1105146585
1 1381059222
1 3981641403
1 3252551053
2
1 3302044815
1 301439365
1 894066710
1 2815339955
2
1 2380116942
1 238452973
1 33217016
1 142704562
1 2377952198
3
2
3
1 3810717780
2
2
1 3538861126
1 2808542036
2
1 1489853080
3
2
2
3
2
2
1 3534668538
2
3
1 1846572245
2
2
2
2
2
1 1686931060
1 4128422546
2
2
1 2509496964
1 2103447133
1 3376145467
1 3877785166
1 1483100347
2
2
1 1810537670
2
1 587054331
1 966512174
1 537286528
3
2
1 3986951428
3
1 3124926066
2
3
1 3588921527
1 3386881311
1 3055408694
3
3
2
2
3
1 2614143297
1 425949935
1 329798214
3
3
3
1 2241695590
1 1557350337
2
2
2
3
2
2
2
2
1 2188462804
2
2
2
2
2
2
3
2
1 2662426020
2
2
1 1002229966
2
1 3103818218
1 4110836696
2
2
2
1 621940190
2
1 1339371950
3
1 2013207117
3
2
1 500611900
1 3160908718
2
3
3
2
3
1 2366809629
2
2
2
2
1 1037168433
1 3310847604
3
2
1 1894844170
2
2
2
1 4159587015
3
3
2
1 654720567
2
1 1870886763
2
1 1679104786
1 1950484932
2
3
1 341125510
1 2160417255
1 2772930876
2
1 3267753286
1 203219131
2
2
1 3144234094
2
2
1 1744930098
3
2
2
1 2853029633
1 415427349
2
2
1 29813288
2
2
3
3
2
2
1 3618623392
2
3
1 1344384676
2
1 561039652
2
2
2
1 3140954592
1 1134117536
1 2232466957
1 419277617
2
2
1 583172763
2
1 2981776313
2
1 919826655
1 1416004210
1 445855431
1 2222055939
1 1186858395
2
2
2
2
3
2
2
3
2
2
2
2
2
2
1 1419702629
1 785649235
3
2
1 3827510520
1 2936757007
2
2
3
1 3222259134
1 4007212463
3
2
3
2
1 3493924240
2
2
2
1 1419303678
1 135563492
1 1246584052
2
2
2
1 2672465170
2
1 627240495
2
1 104856537
3
2
1 3095880717
1 3359057631
1 3936300908
1 2843213503
2
1 235619071
2
2
1 575881854
1 722278336
1 3814799767
2
2
3
1 4000837039
3
1 4093508032
2
2
1 4017911785
1 265697942
3
3
1 2693687334
2
3
2
2
2
1 3467754936
2
1 2584541775
1 2930338865
2
3
2
2
2
2
3
2
2
1 1130831743
2
1 291242528
2
1 2523251988
1 3052676699
3
2
2
1 97897683
2
2
1 227045600
1 1485108304
1 1868189778
2
3
3
2
3
3
3
2
1 981081446
1 572645462
1 2793684834
2
1 3462608687
2
2
2
1 3969347943
1 3875194458
3
2
1 3781107123
2
2
2
1 223182812
2
2
1 3264638181
2
3
2
2
3
2
1 2117803221
3
2
3
3
2
1 1015648816
1 3119935117
1 2007152939
2
1 208594478
2
2
1 901804553
2
2
2
2
2
2
2
2
2
2
1 2843933428
1 573328228
1 656089953
3
2
2
2
3
2
1 546660035
2
1 3267498817
2
2
1 4119306686
2
2
1 2383665274
1 1864297432
2
2
1 310659322
2
1 4022011488
1 2844467700
2
1 4178539165
2
3
1 1385155631
2
1 1416455135
1 680152346
1 1571661473
1 884038288
2
2
2
1 327151975
2
2
2
1 2887848340
2
2
2
2
3
1 702649124
2
1 3768749733
1 3202033119
1 3715218406
3
1 281328817
2
2
2
1 3512491119
1 3456488198
1 3202887368
3
1 4098041835
3
2
2
1 10537682
3
1 4000931659
2
2
2
3
2
2
1 3518733421
3
1 722998518
1 4121141718
3
1 1590695508
1 200436269
1 862930475
2
3
3
2
2
2
2
1 3154372230
1 3652062736
3
3
1 1696917452
2
1 3630706005
1 3808974651
2
2
2
2
1 2844674692
1 1692661322
1 3669357584
2
3
2
2
2
1 123968286
2
1 462984720
2
3
1 2002674157
2
1 870781143
3
2
3
2
2
3
2
1 190480871
2
3
1 855928587
2
1 3794211223
2
2
1 1458825097
1 3211228043
2
1 2310577996
1 1378133494
3
1 844290677
2
1 3569298474
2
2
2
2
2
3
2
1 785204652
2
2
1 1246591209
2
2
1 1217106310
2
1 588030363
1 1780995440
2
1 2689138250
2
2
2
2
1 2207958257
1 568983237
2
1 2010229594
2
2
2
2
2
2
3
3
1 2141613683
1 4008514827
2
1 574003180
1 3488722110
1 2219022023
1 3274743159
2
1 1175520135
2
3
1 2892173615
2
1 2295943486
1 2341230661
2
1 3540601146
1 3606761813
2
1 3488113784
1 3184890074
3
2
3
2
2
2
1 478310007
1 2293472167
3
2
2
1 3211759302
1 1479250497
1 2715046073
1 1319408232
2
1 4274746566
1 487771295
2
2
1 3063158892
1 2202457692
2
2
2
3
3
2
1 2922119419
1 487515378
2
1 1862790143
3
2
1 378845754
2
2
2
1 113730040
2
2
1 3012315324
1 376860773
1 672670238
1 695212803
2
1 219185620
2
1 2585896466
2
3
2
2
1 2316105332
2
2
2
3
1 2773477819
2
2
1 3116768517
2
1 1704465437
1 24543593
1 3947612468
1 1410118490
2
1 2864500586
1 2901260605
2
2
1 261700496
2
2
3
1 3541037030
1 2343144098
2
1 297947641
1 3173791523
3
3
1 1441421591
2
2
2
1 4208335576
1 4090642409
1 3218705232
2
2
1 2912330471
1 4187164391
2
1 2874363426
1 496380850
2
2
1 1325528289
1 773140940
2
2
2
3
2
1 42527886
3
1 1909605199
2
2
3
2
3
1 2505936479
2
1 1504106083
3
2
2
2
1 480476435
1 2098291769
1 2025111649
1 3932945263
3
2
2
1 68026405
1 2969888881
1 3116101992
1 4054754014
1 4173613756
1 2547119519
1 2975444335
1 3422976538
2
2
1 173098291
2
1 1428128962
2
1 583445710
2
1 2005843330
2
2
2
1 1321845130
3
1 2644840712
2
2
1 2116728573
3
3
1 1543296673
2
3
2
2
2
3
1 3175266517
1 3873544740
2
1 2897502108
2
1 887070857
3
2
3
2
2
2
1 2516078405
1 3931767572
1 3538253390
2
3
1 1723983825
2
2
2
1 2547101398
1 615262955
1 3848214444
2
3
3
1 2109842083
1 2582647403
1 1698295898
1 1647038967
2
1 2334793589
2
2
2
1 1387670338
3
2
2
1 1510928258
3
3
2
3
1 1984442810
1 1078412399
2
1 2654990882
2
2
3
2
3
2
1 989457922
1 2469997380
1 1459263804
1 3693426784
1 1356230372
2
1 3633227990
2
1 1249744069
2
2
3
3
2
2
3
1 2297879496
1 4042233979
2
2
1 332134884
1 2016726787
1 4134617499
1 1953955880
2
1 2906402343
1 3577886713
1 4271387081
2
1 2546826972
1 1615822744
2
3
2
1 3372440095
1 2283028616
2
1 1462998193
2
3
2
3
1 976687360
2
2
2
2
2
1 2517948693
1 1116511575
2
1 114676597
2
2
3
1 2187069844
2
2
2
3
3
3
1 970446270
1 3143721695
2
2
2
2
1 4244570098
3
1 1364493005
1 734378978
2
2
1 1009161012
2
3
2
2
2
2
3
2
2
2
1 1324132265
1 210621986
1 2359068372
1 1429040335
2
3
2
3
3
1 1940722399
2
3
1 3997325310
2
3
1 428352991
2
1 3393640032
2
2
1 2723878147
2
1 2356786497
3
2
2
3
1 353918394
1 3829000802
1 3279233715
2
2
2
2
2
2
3
2
1 4074264671
3
2
2
3
1 3760076503
2
1 2562183438
1 2202709278
2
1 2256204302
2
2
3
2
2
1 4187648123
1 3160219945
2
3
2
1 2804763712
1 14256320
2
1 2511829619
1 2099686493
3
3
2
1 1362278349
2
3
2
2
2
1 4031774469
2
1 4275467174
2
1 4068781157
1 2749313825
1 391425578
2
2
2
1 1623794056
1 3822292248
2
1 467719126
2
1 4009019135
2
2
2
1 4043942405
1 3563894055
2
3
2
1 1868606390
2
2
2
3
2
2
2
2
2
2
3
1 1637268774
2
2
2
3
1 2674212195
2
1 1306370050
3
1 2076419596
1 3271270189
2
3
2
2
1 2714446346
3
2
2
2
1 734377198
1 1187857486
2
2
2
1 2518106126
1 3714885313
1 1805579445
2
2
3
1 3133648534
3
1 1431209021
1 3814442607
2
2
3
3
2
2
2
1 1136460485
2
1 2586018715
2
1 1396997043
3
2
2
3
2
2
2
2
2
1 227059200
1 2278402157
1 2559603290
3
2
1 4247298965
2
1 3084694921
1 1419350223
2
2
1 3437675672
1 2644611847
3
2
1 2465721988
2
3
2
3
2
2
1 2424548321
2
3
2
2
1 419185911
2
3
1 3375684125
2
1 433227968
1 2471063525
2
1 4150835007
1 2866604428
2
2
2
3
2
3
3
2
2
1 711801861
2
2
1 2348171025
2
2
1 853235477
1 701343246
1 829165083
2
1 3778892768
1 1798877277
1 3864791310
2
3
2
1 525922125
3
2
2
1 1587109870
2
2
1 1870869081
2
1 2555159736
2
3
1 643743212
3
2
2
2
2
2
3
1 1202587451
1 592754865
2
2
1 3317726159
2
2
2
2
2
1 2284046551
2
1 985800575
1 2497987717
1 3384857579
3
1 2989825199
2
2
2
2
3
1 47617778
1 2452389024
1 500623156
2
1 2244308639
1 102021039
2
2
3
1 2258438788
1 873845917
1 660804728
2
2
2
3
3
1 2987912544
1 426770051
3
2
1 2269871450
1 3973742694
2
2
2
1 2553953327
3
2
1 1135567384
1 4281850955
3
2
3
3
2
2
2
3
1 4293379891
2
2
1 2508172554
2
1 2074499015
1 2775313481
1 2342135028
2
1 891613264
2
2
2
2
2
1 2870698713
2
1 3016966328
2
2
2
2
2
3
3
3
1 2050183548
2
2
2
1 3611425370
3
1 2892530458
3
1 4140672948
2
3
2
1 4221894172
1 92375434
1 643783804
1 1364835983
2
2
3
3
1 3220952199
2
2
2
1 2249274646
2
1 2730039245
1 3734999228
1 1892933208
1 1854850091
1 2755230727
1 4091546165
1 3439010038
2
2
3
2
3
1 340722699
2
2
2
1 3390096028
3
1 3066682168
1 2639101021
1 1780816495
1 1859239265
1 395441983
1 880925247
3
1 3658260515
1 165333506
1 4227790568
2
2
2
3
2
1 1387723023
1 2167728201
2
2
1 1080343560
3
2
1 3792145958
2
2
1 12657223
2
2
2
2
2
2
2
2
2
1 1241044955
2
3
3
2
2
3
2
3
1 2482423797
1 1545193348
2
1 4141003993
2
2
1 4202723726
1 1157017702
2
3
1 1011771583
1 2826258047
1 1910713321
1 2202279466
3
3
2
1 3312248831
3
2
3
2
1 1439467616
2
2
2
1 1081299278
1 333511727
2
1 2924556593
2
3
2
1 120752234
2
2
1 120024351
2
1 267537742
2
1 3165341389
3
2
1 2754069580
2
2
2
2
1 4253107115
3
1 3582133056
1 2894395452
2
2
2
3
3
1 472604372
1 3986062220
1 1974923301
2
3
1 4074534508
1 2718129030
3
2
2
3
1 2235874430
1 384378515
1 2835762902
2
1 3352785189
2
3
1 1289090267
2
2
3
3
2
2
3
2
1 2429807322
2
1 2924595687
3
1 2873874119
1 911309642
2
1 4057591963
1 4126923749
3
3
1 1111559070
1 708917045
2
2
2
3
2
1 3608709564
1 3385072232
2
2
2
1 2455501974
1 316514512
1 446183718
2
3
3
3
2
1 1559115049
2
2
2
2
1 2861893229
1 4286867071
1 267325944
1 1714783793
2
1 1306158254
2
2
1 875036577
3
2
1 3735523285
3
2
3
2
1 2202359349
2
1 2780874752
2
3
3
1 2688438165
1 1284067848
1 1660586058
1 1828578508
1 1202130688
1 2853548095
1 4194472342
2
1 1062683461
1 2310187600
1 1064083562
2
2
2
2
1 2669371761
1 1434269469
2
3
3
3
2
1 2862574637
2
1 502640646
2
1 1080297599
1 2184969407
1 108315150
2
2
1 3129178601
2
2
1 1012907210
2
1 1283605112
2
1 1718843301
1 1025512483
1 3782041030
2
1 146513654
2
2
3
1 1381284135
1 3454162324
1 796416696
2
1 1975521287
1 1561884016
3
1 3592463237
2
1 1506416978
2
2
2
1 66490136
1 3695392160
3
1 2044658900
2
2
1 572420152
1 3908000074
1 2897424226
1 4167057390
2
3
1 2020940606
1 1506217463
1 1650519232
3
2
2
2
3
1 1650141208
3
2
2
2
2
1 3244534264
3
2
1 2403276664
3
3
2
3
2
1 540606026
1 1890427979
2
1 3094765580
1 2012811705
1 2194623816
1 3330612212
2
1 1423350866
2
1 3507190197
1 1817306897
1 3433280791
2
1 2316505194
3
2
2
1 3246391787
2
2
1 2512930794
1 2407336968
2
2
3
1 3693795594
2
2
2
2
1 1520180163
1 924551507
2
1 1962953119
1 1601650877
1 2710864158
2
3
2
3
2
1 1968690285
1 3573658871
2
2
3
2
2
3
1 1852005428
1 2200171619
1 1296276508
2
3
2
2
1 1271000039
1 1812148936
2
3
2
1 100978659
2
2
3
1 3847848655
2
2
3
2
2
2
2
1 2921914499
3
1 1605947460
2
1 1494991269
3
2
2
2
2
2
2
1 2301491314
2
2
1 3852423983
2
2
2
1 3547095229
1 554334276
2
2
1 1415340989
2
1 3846079164
2
2
2
3
1 2461273102
1 1986576355
1 954210688
1 2577708698
3
3
1 1637252445
2
1 2559704331
1 2750568054
1 3936029660
2
1 2172207689
2
2
1 373535619
3
1 1384366210
1 831720643
1 4249934121
1 1026909584
2
1 2693935470
1 1939508253
2
3
1 2476048618
1 3811410775
3
2
2
1 544421643
1 54506150
3
2
2
2
1 938603736
2
1 4032528835
1 640214181
2
2
2
2
1 3994126045
3
2
1 430107400
2
2
1 205104839
1 803986368
2
1 4026491642
2
2
2
3
2
1 2388039803
2
3
3
2
2
3
1 4090051610
1 702802807
1 1065840399
2
2
3
2
2
2
2
1 4063603702
2
1 2430906608
1 1421492202
1 275664436
2
3
1 1846955788
2
2
2
2
3
1 3352858498
1 2936492913
1 70881651
2
1 1869260019
2
2
1 870842864
1 3161370459
2
2
2
2
2
1 3247609332
1 1286631779
3
2
1 1618968970
2
2
2
1 4015089289
1 2596843013
2
1 3183115431
1 1672106265
2
2
2
3
2
2
2
1 3431463051
2
1 425476590
2
1 1520327997
1 339340892
2
3
1 1939003909
2
1 3993584014
1 2026569760
1 4220840583
2
1 3883540423
3
1 2122097129
2
1 1434518442
3
2
2
2
1 400985196
2
3
2
2
1 851647937
2
3
2
2
2
1 736743956
2
1 3642740328
1 3235672466
2
2
1 102980333
1 141469666
1 825584362
1 3401415992
2
2
2
2
1 1411923703
1 913854045
1 2259933121
2
3
1 3347690340
1 3118053144
2
2
2
1 1080265579
1 4228836069
1 1565637728
2
2
1 2302277787
2
1 911930615
1 539953811
1 1651511736
3
1 25597684
3
1 687596026
2
3
3
2
1 1577055538
1 191873888
3
3
1 1087893865
3
1 3789328004
2
2
2
1 2910477633
1 1618755447
2
1 1806600486
3
2
2
2
2
2
2
2
3
3
1 2395186371
2
3
2
2
3
2
2
2
1 1757284340
2
2
1 3765242362
2
2
1 3508400768
2
1 2746955171
2
1 1301610822
2
3
1 2094442891
1 1863152439
2
1 157686999
2
2
1 228542047
2
3
1 3300359520
2
1 1825763474
1 1196721896
2
2
1 923601055
1 3383441855
1 2688211479
2
2
2
1 2897432823
2
2
2
1 4241733706
3
2
2
1 3163498369
2
1 1269431598
2
3
1 2672485493
2
1 2035062476
2
3
2
2
1 2640579995
2
2
2
1 1744638279
3
2
2
2
2
2
1 1598400869
1 2311163855
2
2
2
2
1 2759870668
1 3228061657
1 1456170826
1 1773935870
2
2
2
2
2
1 2561154686
1 916948388
3
2
3
1 385856714
2
3
2
1 1447653966
2
2
1 980569313
1 2301718460
2
1 338960776
1 1006326699
1 3708918877
2
2
2
2
1 1924419769
3
1 1471607516
1 2473237066
3
2
1 1893386854
1 3982588595
2
2
3
3
1 1229315220
3
1 1292913336
2
1 3846546443
1 3943026761
2
2
2
3
1 3353724441
2
2
2
2
2
3
1 1621259985
1 4242825670
2
1 3675670621
2
1 3114334462
2
1 857894699
1 80463516
2
1 308989628
2
3
3
2
1 2998762880
2
3
3
1 1761477343
1 2385370175
1 2800123225
2
3
1 4262852600
1 35322083
2
3
2
2
1 2123942185
2
1 2078724032
3
1 1818241593
2
1 434594114
2
2
1 2563660737
2
1 1606138504
2
2
1 2826007157
2
1 2558397479
3
2
1 2419733071
1 775333435
2
3
2
2
1 3676451483
2
1 2007291350
1 309784083
1 2123878265
3
2
2
2
1 2218327682
3
3
1 2931471845
3
1 1413182952
1 3607845833
3
1 2612296849
1 1080684716
2
1 2707658834
2
2
1 2706726172
2
2
1 2187769968
2
2
2
2
1 2432904621
3
3
2
1 14019789
2
1 3909914748
1 2084311428
2
3
2
2
1 2319864993
1 20979149
2
2
1 4114423524
3
1 2763685810
2
2
2
1 3878120939
1 3238707745
2
2
3
2
2
1 3414136253
1 1850363328
2
1 2602151365
2
2
2
2
1 2737663634
1 701911181
2
2
2
3
3
1 3711262032
2
2
1 3669620725
1 341870287
1 397923103
3
1 1851503503
2
1 1214167885
1 3578557709
3
1 3706011576
2
2
2
1 547603630
3
1 1830785159
2
1 2701438532
2
2
3
3
2
1 3144592101
1 1138601900
1 3566555437
3
2
2
1 1594202290
2
2
2
1 1881455131
1 1361007395
3
2
2
2
2
2
2
1 1132168969
1 3249420818
1 2617589105
3
3
1 99033186
3
2
2
1 3923831145
2
1 2550270086
1 928861528
1 3285109233
3
1 3101913140
3
2
2
2
1 1593038464
2
1 3768313228
2
3
2
1 1047216934
1 3141326504
1 368247917
3
1 949680783
1 4102951612
3
1 347483416
1 3392719950
1 2026996672
2
3
1 1778802297
1 1848679944
3
1 3430007244
2
2
1 4255464047
2
1 3818311008
1 382789147
2
3
1 1801078113
2
3
1 1702175611
2
1 4279770019
1 3922341563
3
1 3656787423
2
3
3
1 158285573
2
2
1 1630287773
2
2
2
1 4218859445
1 1768136880
1 785423196
3
1 1308507076
1 2537652333
1 2526664406
2
3
2
1 3680044437
1 2604684860
1 737931761
2
2
1 2809744936
1 658191206
1 1738626014
3
1 737710614
2
3
3
2
1 3312569803
1 2252326623
3
2
2
2
2
3
2
1 3844316355
1 924037528
1 3113122972
3
2
1 2499598783
2
1 1790395106
3
2
2
3
2
1 1707331425
1 1528065616
2
1 3913785909
2
3
1 789885097
2
2
2
2
2
1 2195363099
1 4096510755
2
2
2
2
2
1 2042856075
3
2
2
2
2
3
3
1 626472062
1 2588381518
2
1 1459217409
2
2
2
1 293866266
1 3296404986
2
1 3919222507
3
3
3
1 3737833277
2
1 655692321
2
2
1 2941725772
2
3
1 560491304
2
1 3041301327
1 2806569839
1 425214804
1 3903243684
2
1 869578778
2
2
1 4212126025
2
1 2912901348
1 2441674234
1 1915563972
2
2
2
2
1 2698367314
3
1 2343835333
3
2
1 253574522
2
2
2
1 4088004485
2
2
1 426333336
3
2
1 967203021
2
2
2
1 774296275
3
3
2
1 2260655846
1 1800469745
2
2
2
2
3
2
2
2
3
2
2
2
2
2
2
2
2
1 294231519
1 2224396397
1 2222455788
2
1 1422789966
2
3
2
1 365084334
1 3794800192
1 2215328479
2
1 746428575
3
2
2
1 239212567
2
1 3977471770
3
3
2
2
3
2
2
1 2422932288
2
1 2256650817
1 1788522510
3
2
2
2
1 3341022863
3
1 3565624625
1 3201681207
1 3998811630
1 1534827097
2
1 3907134269
3
2
2
2
1 426842767
1 386944912
3
1 3670590270
2
2
1 56499766
2
3
1 3109403317
2
1 2096809909
2
1 4280392274
2
1 2236456539
1 1552251624
2
2
2
1 2048736703
1 3416647040
2
2
3
3
1 1459669868
2
2
2
2
2
3
1 2178896271
2
1 1494534932
3
2
2
2
3
2
1 2042715488
1 2977185579
1 1729948252
1 933746790
2
2
2
2
1 1634565422
3
2
3
3
3
1 1700524038
3
2
1 2006569511
1 1357260848
2
1 2279349947
1 2757528039
2
1 2003963437
3
2
1 1676699105
1 214626173
2
1 467366810
3
1 3016736415
2
2
1 3187374677
2
3
1 9900590
2
1 76959726
2
1 4175525418
2
2
2
2
1 4138232350
2
1 2879223217
3
1 3889333314
1 1199279921
2
3
1 3864546030
1 151221403
2
2
1 2228712972
2
1 3089143930
1 686548350
2
2
2
1 1100890670
1 764661417
2
2
2
2
3
1 3181910332
2
1 2424551402
1 1627406379
2
2
3
2
3
1 2150821186
1 3067617296
2
3
3
2
2
2
1 3456175687
2
3
1 3724117894
1 2093326891
3
1 4006606531
1 2840802782
1 1643808837
1 3734663165
2
3
2
1 2050682102
2
3
3
1 54414128
1 1247035703
1 1428931471
1 3143697806
1 164687507
2
2
1 2967663824
2
2
2
2
1 3341520935
1 3214922261
1 1112101373
1 3550709295
1 1678094250
2
2
2
1 376980030
1 3640063960
1 4273940643
1 3247385265
2
1 3326902044
2
2
1 513391383
2
1 2387234237
2
3
2
1 3018476383
2
3
1 632168520
1 138924600
2
2
2
1 4083122544
2
1 707843601
1 1873741347
1 1459959492
2
3
1 662452217
2
2
1 1749896940
2
2
1 2913944523
1 2233548172
3
1 3406232820
2
2
2
2
2
1 2976476474
2
2
1 4207861751
2
1 1001908092
2
2
1 76493032
1 2323619294
2
2
1 2327816338
2
1 1718853852
1 294796550
3
1 1675974328
1 228243850
2
2
3
1 3954949912
2
3
2
2
1 720721484
3
2
1 2155582482
2
1 2309167255
2
1 1943384996
2
1 2356685178
2
1 2077032956
2
1 3895189229
3
3
2
1 1138345176
3
2
3
2
1 1024366280
3
2
2
2
3
1 380808235
3
1 4000705344
1 4084815804
3
1 1106897496
2
2
2
2
2
1 1646518413
2
2
2
1 1270550157
2
1 1729008820
1 3010733083
1 2967983064
2
2
1 1603533522
2
2
2
2
1 1256194676
1 3134804906
2
2
2
2
1 260503392
2
2
1 1193731785
2
1 4184308629
1 2587688884
3
1 1606842594
3
2
2
1 3358746407
1 528015218
1 3860740366
2
1 2700975397
1 2814636820
1 2146722135
1 485469838
2
1 2535761816
1 636020117
3
1 3902659748
1 359638123
3
1 1679218279
2
2
1 553315779
2
2
1 1021683564
2
3
2
2
1 460980834
2
2
3
3
2
2
1 3759090529
1 1700722659
2
2
2
2
3
1 2609573700
3
2
1 1500518070
1 2020812858
3
3
2
1 3975528625
2
2
2
2
1 2817042129
1 2486066791
1 36688778
1 2299646563
3
3
2
2
2
1 3350113855
2
2
2
1 763693879
2
2
1 378653368
2
1 3608765464
1 731548873
2
1 1133024919
2
2
2
2
3
2
1 1587958202
2
2
3
2
1 3170936230
1 201145159
1 2296676120
2
1 3443214866
2
1 955097717
1 3753656648
3
2
2
2
2
2
1 586108249
2
2
1 4142178058
2
1 1584098452
1 2950599397
2
3
2
1 2318701219
1 3361668547
2
3
2
2
1 2718428674
2
1 732211635
2
2
3
1 1062779704
3
2
2
3
3
3
2
1 2667932399
2
2
2
1 3096595065
1 3951776713
2
2
1 4248293930
2
1 2281154246
1 2057171183
2
2
1 3357201514
2
1 2339411253
1 927133074
1 746340600
3
1 2056626656
3
1 366917002
1 3462023968
2
3
1 1692741727
1 906265398
2
1 4054684917
1 3957825043
2
3
2
1 1314218726
2
1 3728771106
2
3
2
2
1 1065493822
2
2
3
1 1663477010
2
1 716311356
2
2
2
1 2908145093
2
3
2
1 2493082747
1 3359649721
2
2
1 591755321
2
2
1 2399146182
2
1 399124972
2
2
2
1 571496315
1 2662679255
2
2
2
2
1 3480917914
1 1331057307
1 572022978
2
1 277085000
1 2297508270
2
2
2
1 994722938
2
2
1 2915004911
1 1785831047
2
1 3013757790
1 3227094181
1 2686331785
1 1273278244
1 701642708
2
2
2
2
3
1 1744451189
1 4043735874
1 3462259372
2
1 2794383819
1 2512725879
2
3
1 3739588390
2
3
1 3251964770
1 1639224632
2
3
2
3
3
3
2
3
2
2
1 3330798846
3
2
3
1 872331911
3
1 1074492974
1 970943534
1 829694739
3
3
2
3
2
2
1 3582598635
2
2
1 2260392441
2
3
2
1 3246133712
2
2
2
2
3
3
1 683825041
1 619047942
2
2
2
2
3
1 110625876
2
3
1 986741269
3
3
2
2
2
2
2
1 613236649
1 3887657722
1 2515883924
1 45622026
1 3711483597
1 1077356863
1 508104106
2
1 3432117385
3
2
1 1487110985
2
1 3499417039
2
2
2
2
1 1835004417
2
1 698004257
2
1 4140693690
1 1200144821
1 3157201290
3
1 845879333
2
1 3457071271
1 1495713991
1 3394386736
1 2473183710
2
2
1 1950745104
1 3966364719
2
2
1 1583904628
2
2
1 3302226688
1 2072253547
1 2296854217
3
2
2
2
3
3
3
2
2
2
3
1 3497389834
1 849911128
1 3283374953
1 2491708817
1 825608558
2
2
2
2
2
1 2866968630
2
2
3
2
1 3525331864
3
1 1942700418
1 1531554913
2
1 1941829551
3
3
2
1 4105700424
1 127124278
1 748954137
1 2558870746
1 3400944872
1 426843386
2
2
1 2683915047
2
2
2
3
2
3
2
2
3
2
2
1 1039173152
3
2
2
2
1 1314267461
1 3820362307
1 1152336563
2
2
1 636900606
2
2
3
2
1 521305392
2
1 1893245945
1 3084841506
2
2
3
1 2030631510
1 3004082962
1 3232160418
1 1222864757
2
2
2
3
1 2364474862
1 181901779
1 730549825
2
3
3
1 797789293
2
2
1 710098126
1 2079020095
3
1 2408975352
1 1747716921
3
2
2
3
1 3112715657
2
2
1 3507588520
1 2258939466
3
1 4249171938
1 600945685
2
2
2
2
1 826594244
1 2646276344
2
1 2824141982
1 2862820849
2
1 566376235
2
3
1 506408138
2
1 1827755369
1 2198478199
1 2485076629
3
1 3234117003
3
1 1257307399
2
2
2
2
2
2
1 1741603919
1 2679426031
1 2179765806
1 3390291125
1 2508457245
2
2
1 116304436
1 3969278113
3
1 2047318176
2
1 889025866
2
2
3
2
2
1 3693735105
3
2
2
2
2
1 1979851830
2
3
3
1 1545410749
1 1302735788
2
1 2149367963
2
2
2
2
2
1 2514148829
2
3
2
2
2
2
2
2
2
1 2250183420
1 2225102246
3
2
1 2451000831
3
2
1 3372792966
2
2
2
2
1 3672827910
1 1210507850
3
2
1 1577747492
2
1 1671738303
2
1 2107663236
2
2
1 3843091913
3
1 1749497291
1 4172546811
2
1 1580732057
1 830235850
2
2
2
2
1 2049411590
2
2
2
1 1768145155
2
2
1 966857809
1 2071348085
2
2
1 3263918217
2
2
2
1 1961970583
1 2132674934
1 2212083450
1 1881296818
1 4025800626
1 1508313843
2
2
3
2
3
1 3527525866
1 1047849148
1 3195364627
1 4135357235
1 2434039117
2
1 1548520382
2
2
3
3
1 2444664513
1 3417223667
1 3499419409
2
2
2
2
1 2008641802
2
1 1792719127
1 339038000
3
2
3
1 458664047
1 1403521523
2
2
2
3
1 96373866
2
2
1 2166897604
2
1 1521818769
1 78075893
3
2
2
1 1559817278
2
2
1 4056618176
2
3
1 3788086955
2
3
2
1 3352845260
2
3
2
1 3937497005
2
2
3
1 3028326070
1 1042215865
1 2005846627
3
3
1 717932200
2
2
2
2
1 222249841
3
1 1231743515
1 1943105171
1 3626589785
1 2806520981
3
2
1 2086822241
1 1948306112
2
2
2
1 4231649284
1 3774856772
2
3
1 291138886
1 3317424402
2
1 3145844286
3
2
1 3416567694
2
1 1443087
3
3
1 3625165587
1 4036325735
1 145291451
2
2
1 812501442
2
2
3
1 3450191794
2
2
1 3111607643
1 3110745258
3
1 2032217941
1 347266032
3
2
1 4142085587
1 174739319
2
1 1654123596
1 2548510946
3
3
2
3
3
1 1529745046
2
3
1 2931122706
3
2
2
3
2
1 1455248874
1 1684916257
2
1 2622576929
3
1 2471879015
2
2
2
2
2
1 2532813951
2
2
1 941660518
1 3183026268
2
2
3
2
2
3
3
2
2
3
2
3
1 1291837488
3
3
1 3331720561
1 3189029690
1 3791744023
2
1 483687035
2
1 2369747298
1 794254251
3
2
2
1 2771488846
2
1 4153986460
2
2
1 3490072906
1 2843682881
2
3
2
1 2558548938
2
1 2447454068
2
1 2135721022
2
1 877633707
2
2
2
1 2256435047
2
3
2
2
2
1 912192345
2
1 2316947034
1 655420294
1 401073281
3
2
3
1 3963600402
3
2
2
2
3
1 1186756890
2
1 1278840169
2
3
2
2
3
1 1712156625
1 1147262117
1 247682610
2
2
2
2
1 2587516817
1 1024995679
1 1096069967
2
1 3895986575
2
3
2
1 1122416095
1 2945089722
2
3
1 3614652456
2
3
2
2
1 842403344
1 1481493456
1 4215285283
2
1 4082801063
1 1364808126
2
1 1478697615
2
3
3
2
2
1 2316217836
3
1 713930882
3
3
3
2
1 2872709856
3
2
2
2
2
2
2
3
1 2774224273
1 3506869543
2
1 2863136503
2
3
2
1 488197558
1 4117093755
2
1 1584781254
2
1 1113775311
1 2525675378
2
3
1 2231383638
2
2
2
1 1411053299
3
1 1722115458
2
1 2026453723
1 1352779984
3
3
3
1 1492304938
2
1 839277864
2
1 514410411
2
1 3624710576
1 3256132733
3
2
1 3929578779
2
1 3077610895
2
1 2718332101
3
2
3
2
2
1 2329676110
2
1 1273373141
2
2
1 2396847386
1 3123432439
2
1 324154874
2
2
2
1 2620695510
1 4291811378
2
3
2
2
2
2
1 2022182763
1 1375004130
1 3105296079
1 3057046566
2
1 1355733667
2
2
2
1 757345420
1 1153361448
3
3
1 2730971935
2
1 2109607219
1 1272839535
2
3
3
1 2063150829
2
3
3
2
1 2165246121
3
3
3
2
2
3
2
1 3324842695
1 2297150894
3
1 4021164420
1 3269041312
1 2936368796
2
1 180848701
1 2101782264
2
1 3105181351
1 3323800755
2
2
2
2
1 1497499838
3
3
1 1946104136
2
2
1 2392932268
1 3215135902
1 582539436
1 431648071
2
3
1 1403771827
1 1688776809
2
1 1155963948
2
1 2869905292
2
2
2
1 877851556
3
2
1 1735587983
3
1 216044238
2
2
2
2
1 1831233564
2
1 187246563
1 3831034862
2
3
2
1 3295488770
2
1 2414596940
3
1 803682508
1 471815215
3
1 2680629306
1 3310764419
2
2
1 2637702698
3
2
1 491711954
3
2
2
1 3697709169
1 186562745
1 556679599
1 177630475
3
2
1 1097138700
2
2
2
1 3748388421
2
2
2
2
1 454362130
2
2
2
3
1 264395057
1 2799975
2
3
2
1 3103683415
1 2340488877
2
3
1 2063409154
2
1 1793983075
1 2638735386
3
1 2952384631
2
2
1 3989192171
1 4063095292
3
2
1 349566493
3
1 2403236630
2
2
2
1 1074021126
2
2
1 2494471743
3
2
1 1679292338
3
2
1 898612232
1 977293020
3
2
2
1 1309239116
2
1 514659469
1 3488570614
2
1 3745853184
2
2
1 2837585860
1 1023309779
2
1 1462977171
1 2639374687
2
3
1 854808665
1 1962499147
1 114690166
2
3
3
3
1 960476165
1 2750794472
2
1 286078416
2
2
1 1434102350
3
2
1 499262105
2
1 1899360125
1 1089627842
2
2
2
3
2
3
1 1645118294
1 3894119555
2
1 4039170116
2
1 662209752
1 3316521644
1 1580404427
2
2
3
2
2
1 3052559087
2
2
2
1 1362690337
2
1 202241299
1 1347833131
1 664413008
2
3
3
1 981756577
3
1 945310596
1 4106074685
2
1 4143255516
2
1 3726099968
1 3047060708
1 2645446728
1 3850473239
1 3389331075
2
1 2017664072
2
2
2
2
2
1 3858024300
2
3
2
2
1 3941731791
1 1638130930
3
2
2
1 2830976220
3
2
3
2
3
2
1 636129689
1 1880729020
1 886279111
1 3062828124
2
3
1 2889692849
2
1 2550480279
1 2620230057
2
1 1755680639
2
1 2093520376
1 2336709869
1 406321478
1 1482282867
2
2
2
2
3
2
1 3270180087
2
1 3072740355
2
1 1527830581
1 2896410639
2
2
2
2
2
2
1 2584192389
2
2
3
2
1 1496391246
1 3231366186
2
1 21754155
1 4095090450
2
2
1 1540212784
1 2370293810
2
2
1 3379419604
1 1424699960
2
2
2
1 2457194143
1 965601334
1 3527882068
1 3278435161
2
2
1 2494065649
1 3459323936
1 1749515877
3
2
1 472841564
1 4237092358
3
2
2
1 1729583528
1 3191895698
3
1 13146589
1 3848721204
1 3002466771
1 2670420485
2
1 3438712811
3
1 3102864325
2
1 386984936
3
3
1 1984375519
1 3774493640
1 2346761199
1 2593622772
1 2156537583
2
1 218999397
2
3
2
1 1208655751
2
3
2
2
1 2764521051
2
1 1315364258
1 1190927012
2
2
1 3151518970
3
1 1683020638
2
3
1 3531205775
2
1 3265795333
1 12543167
1 1825209844
3
1 3346705977
2
2
2
1 3591131077
1 3987485177
1 2193057498
1 668695011
2
1 652533913
1 184008143
1 3436448772
2
1 2551366488
2
2
1 618249410
3
2
1 1169441877
2
2
2
2
1 3450380559
2
1 4031142962
2
2
1 370918303
2
2
1 4071197395
3
1 1596871993
1 133088080
3
2
1 4088206281
2
1 1912115762
2
2
2
1 3572380040
2
2
2
1 1188962738
2
1 4205934517
1 4120621058
2
2
2
1 3725954728
1 970611692
1 1153060202
2
2
1 3629112135
1 241529660
3
3
2
1 818223530
2
1 3245040927
2
2
1 907168027
1 3260723814
3
2
2
2
2
3
2
2
2
3
1 1132430807
1 2864507991
2
2
1 1592416116
1 3766638609
1 1235047006
2
2
1 1273465519
3
1 1908195066
2
1 3102473600
1 986433571
1 2564961874
2
1 603746712
2
1 3483043258
2
2
1 3401049552
3
2
1 3315009974
2
2
1 1299486005
3
2
1 3360110722
2
2
1 1998084272
1 1622621025
1 2038168439
2
2
2
3
2
1 4265471576
2
2
1 1498916532
1 47319489
1 854498500
2
2
2
2
2
1 836704443
2
1 2233424785
2
1 1471865252
2
1 3765407843
2
1 4150758577
2
1 2723192415
2
1 2163713271
2
2
1 2957785808
2
2
2
3
2
2
2
2
2
1 3260479911
3
1 1654145491
2
1 4049488073
2
3
2
2
1 870891116
2
1 1781849146
2
1 2817631068
1 3675998283
2
2
3
3
2
3
2
1 2998333787
2
2
1 2982668110
2
2
1 2636632487
3
3
1 55928626
3
1 3204403381
2
1 39070696
1 3494525868
2
3
2
1 671744126
1 1465851023
2
1 2880178354
2
2
2
1 781830166
2
3
1 1848577143
2
2
1 229083688
2
2
1 1015853750
2
1 2259054313
2
2
2
1 2846935124
2
2
3
2
3
2
2
1 2251452626
1 2062486582
1 3190479150
1 2186231532
2
2
1 711745943
2
1 38772449
1 1551562420
3
1 606842786
2
1 4179067855
2
2
2
3
2
3
1 3844262198
1 253327230
3
2
1 3292618344
2
1 3948768061
2
1 3590074123
2
2
1 3751934002
3
1 1504903799
2
3
2
1 2737353230
1 3962494249
3
1 2193879890
1 2151737971
1 1370732253
1 2966051142
1 2260326188
1 1744331565
1 3275972388
1 1498051707
2
2
2
1 1757610814
2
3
2
3
1 3009675825
2
2
1 3392534478
1 1330428915
2
2
2
2
3
1 3876112068
2
1 1864154434
1 2757215907
2
1 1279690375
2
2
2
1 3207085008
2
2
1 2611366488
2
3
1 1237159046
1 2874617710
2
1 1539919035
1 3065170659
2
2
1 499204165
1 2008698036
3
2
2
2
1 4001429100
2
1 917417175
3
2
3
3
2
3
2
2
1 2791770148
2
2
1 1881449333
2
1 913478336
1 1123401947
2
2
2
1 133080636
2
2
2
1 131295279
3
2
2
1 1826674919
2
1 2763784275
1 1217218452
2
2
2
2
1 1986303794
2
2
1 449945456
2
2
1 4251909559
1 2765987386
1 4217427035
2
2
1 3393815134
2
2
1 4085044467
2
1 2883124969
2
2
3
2
1 3478818432
1 679721584
1 408321924
2
2
1 1321021170
1 3509496612
1 3667615080
2
2
1 2402261084
2
3
1 4144688247
2
1 2565301389
2
1 2889411092
2
2
3
3
3
1 860371948
2
1 3589447306
2
2
2
2
2
1 4146958164
3
1 40773493
1 1208337593
1 1384846480
3
1 380786560
1 588880872
3
2
2
2
3
1 3825702292
2
2
3
2
2
1 1009653972
2
1 3381986091
1 890859156
2
2
2
3
1 912721152
2
2
3
1 2924657243
1 3575362777
2
3
2
2
3
2
2
2
3
1 3945742007
2
2
2
3
1 2043308433
3
3
1 2385040214
1 233251283
2
3
2
2
1 3784446510
3
2
2
3
1 2897289193
1 4050158288
2
1 1449836533
1 3470560813
2
2
2
2
2
3
1 2320830517
2
1 733870003
1 3258105776
2
1 1505462173
2
2
2
1 2548126857
3
3
2
2
1 367037078
1 3044543139
2
1 3636495224
1 3329861293
2
2
3
2
2
1 669204809
2
1 2334771701
1 9794858
2
2
2
2
2
2
1 3366408420
2
1 1306884198
1 1493176066
3
2
2
2
2
2
2
2
2
2
1 3866260291
2
2
2
1 4128557708
2
2
1 3191623378
1 2297379685
1 1318156428
1 2041829578
2
1 993300386
1 1153327886
2
2
1 1916915756
2
1 2562276367
2
2
2
2
1 3839674680
2
3
1 1287577241
2
2
1 3759858789
3
1 1624887667
3
3
2
2
2
2
2
2
2
1 836575872
1 220101888
2
1 2235977807
2
2
2
1 4158507264
1 1584591378
2
2
1 994205501
2
2
1 738460438
2
1 3704205208
1 2479517059
1 1292814204
2
2
3
1 1322052015
2
2
2
2
2
2
2
3
2
2
2
1 1270219129
2
3
1 1408054378
1 1660158603
2
2
2
2
1 497780935
2
1 4236865544
2
2
2
3
3
3
1 379556171
1 1347388370
3
3
1 640621396
1 1805173607
2
2
3
2
2
3
1 2386504874
2
1 782535143
1 2642045475
2
2
3
3
2
1 788902268
2
1 759933064
1 1911732828
1 3925131171
3
1 2304081969
2
2
1 3657401919
3
1 1086143511
2
2
3
2
1 1282857512
1 140974537
1 2023583262
2
3
2
2
2
1 366311102
3
2
2
1 3832291085
2
1 3046372645
1 1460811317
2
2
2
2
2
1 1873906077
2
1 1113114299
3
1 1471855498
3
1 3684758661
1 4211344529
2
1 1598833019
2
2
1 2271734467
1 4230481550
2
1 682687640
2
2
1 116332312
2
2
2
1 2178567116
3
1 3304385435
2
2
2
1 2883667710
3
3
2
1 404580389
2
3
2
2
2
1 764215473
2
3
1 2004421430
3
2
2
2
2
1 1399811220
1 2879614511
1 2863420841
1 396873767
2
2
2
1 2116025829
2
1 2824572153
1 1263108680
1 2111701188
3
2
2
1 2954319865
2
2
2
1 705184075
2
2
2
2
2
2
1 170523969
2
2
3
2
2
2
1 1978980893
1 3685065884
2
1 3762393530
1 3337813440
2
1 2079885621
2
1 2247402937
2
2
1 2127088423
1 3777591789
2
2
2
2
1 2455033458
2
3
2
1 3789004693
2
2
2
1 2605133589
2
2
1 3923860176
2
1 1209378746
2
3
2
2
1 4112420154
1 4046434820
1 4064172261
1 4033266735
3
1 3015635928
1 3794590074
1 2776119127
1 3223164332
1 4181651457
2
2
2
2
3
1 2594004444
3
2
2
2
1 3828762637
3
2
2
2
1 576770626
2
3
2
2
2
1 3435576947
1 1457951027
1 1488254430
3
2
2
1 1044522495
3
2
1 1733790941
2
1 1050096842
3
1 1094768591
2
1 1481989755
2
3
1 2894097857
3
3
2
3
2
2
2
2
2
1 3048491176
2
2
1 913271718
1 3831030423
1 2264496146
1 1609320044
3
1 2721132612
1 933331272
3
2
1 2388454197
2
2
2
2
2
2
1 1596115416
2
2
2
2
2
2
2
2
2
3
1 271338222
1 1302358972
3
2
2
2
2
1 700060228
2
3
1 2113417420
1 599349900
2
2
3
2
1 884744398
1 2551529357
3
1 2028065396
1 2343030007
2
1 1672828321
2
1 4038825330
1 3651744631
2
1 829482764
2
1 1641464074
3
2
2
1 1705565913
2
3
3
2
2
2
2
2
2
1 603753240
1 3598591927
2
2
3
2
2
3
1 3208577544
3
1 3397770042
2
2
2
1 1720929774
2
1 760928662
2
2
1 3211137093
1 3861486060
1 3486771380
2
3
2
3
2
2
2
2
2
1 1806568625
1 2534977314
1 32002156
2
2
1 1527737368
1 4066718909
1 937724981
3
1 3342015422
3
1 3588026650
1 1468815977
1 3166908298
2
2
1 990808676
3
2
1 1824763029
2
3
2
2
2
2
2
2
1 3236995325
1 4255466681
2
2
2
3
3
2
1 2814874277
1 2774036819
1 2872658177
1 2383775570
2
1 1337537922
1 3259578277
3
2
3
2
2
3
2
2
2
1 3567438031
1 822627529
2
2
2
1 3803959041
1 2097602706
2
1 2660890344
1 2811889050
1 1808650457
1 2618380699
2
2
1 3227960447
3
2
2
2
1 3150302444
2
2
2
1 20302763
1 3662703066
1 580271655
2
1 2336919877
2
3
2
2
2
1 519522848
1 1089564031
2
2
2
2
2
2
1 1814344479
2
1 75403025
3
2
3
1 2995531521
2
1 785867669
1 2553070230
3
1 4153776054
1 2617169701
3
2
1 2728507179
2
2
1 137207102
1 586493940
2
1 1649474985
3
1 1273578621
2
3
3
1 3808094187
1 2597976120
2
2
1 888258434
2
2
2
2
2
2
2
2
1 2098935651
1 4082903729
3
2
1 2995166209
2
1 3163286519
3
1 1323309093
1 126704721
2
2
3
3
2
1 775330685
2
1 1249068857
2
3
2
2
2
2
2
1 4125467587
1 1175675162
1 3806002556
2
2
1 3870431639
3
1 4254576862
2
3
1 1014932601
2
1 1413520106
1 1523590862
3
2
1 3030828174
1 2274486113
1 3418970793
1 1902520650
2
2
3
1 3129648301
1 963762012
1 1972101038
2
1 2580638790
1 1382806864
2
1 1104531269
2
2
3
1 1589966060
1 196908148
2
2
2
2
2
2
2
3
1 1008227960
1 722245309
1 4086900124
1 2539914183
1 1411784483
1 3094806111
2
1 1874492614
2
1 2105374676
1 3144532168
1 2336019295
2
2
2
2
1 3171562402
2
2
1 1462479081
1 1167128227
3
3
1 1423532546
2
2
3
3
1 873889451
2
2
2
1 2639894823
2
1 4000760446
1 1509996091
1 856218969
1 2837647188
1 3610539052
1 1053134597
2
1 3783750077
3
3
2
2
1 1103050049
2
2
2
2
3
1 3964719373
2
1 685518382
2
3
2
1 3088433227
2
2
2
1 2779563972
2
1 607206015
1 3276662930
2
1 1098844231
2
2
2
2
1 3837673927
1 1107563742
2
2
2
1 242352683
1 326801317
3
1 4205829641
2
1 2891221460
2
2
1 1414997880
2
2
3
3
2
1 2277003545
1 4177502075
1 3807240539
1 2595019887
2
2
1 811656818
2
2
2
1 1507373885
2
2
2
1 3197241819
3
2
1 302120855
1 4130206442
3
1 2636379065
1 2106352704
2
1 1872124504
3
2
1 1975797951
1 377797020
2
2
1 662066808
1 1775310676
2
2
1 4101047021
3
2
1 3182494401
1 440588040
2
2
2
3
1 399170483
1 2373743952
2
2
2
1 1148508737
2
1 3887541416
1 3602838667
1 3350269227
1 987232582
3
2
1 2881200540
1 1160985277
2
1 938151470
2
2
1 1529478530
2
1 2535244980
2
1 2059173980
1 3873073131
2
3
1 2313981948
2
1 3504838522
1 3753930554
1 1825036292
1 564850989
2
2
2
2
2
1 2903194352
2
2
2
1 1456712499
1 610314133
2
2
2
2
2
1 2268509742
1 588185580
2
2
1 2664965303
1 4211747882
2
2
2
2
1 4154150362
1 3405799585
1 3061860120
2
2
1 865716371
1 3440009206
1 1888028720
3
2
1 71313554
1 4082534371
2
1 3501119068
2
2
1 1693137586
1 520910258
1 1459102279
1 3583104468
3
1 3859344407
2
2
3
2
1 1722312995
2
2
2
1 2664607892
1 1782484393
3
2
1 1029545120
1 2557540189
2
1 1799511395
2
1 1389798261
3
2
1 3087827126
2
3
1 1116680370
1 3551499188
2
2
3
2
3
1 3061493557
2
2
2
2
2
1 927975518
3
1 1722009454
1 503038706
1 4080324694
1 361125742
3
3
2
2
1 4217639356
2
1 2352071840
3
3
2
2
2
3
2
2
1 4083093580
2
1 2923086939
1 2148089917
2
2
1 135880114
1 3469535447
1 687843624
3
3
1 1139045584
3
2
1 3103199359
2
2
2
2
1 555988291
2
1 3222921056
2
2
2
2
3
2
1 2440011786
1 2116777938
1 3747307375
1 282293633
3
1 2610185911
2
1 946492492
1 1521460613
1 3107537184
1 245232667
1 2088311331
3
2
2
2
2
2
2
3
3
1 406140222
2
2
1 174405285
1 4225855946
2
2
1 2491915587
3
2
2
2
2
3
2
1 3180009234
1 2613354689
3
1 3950590508
3
2
3
2
2
2
1 4250696717
1 232518972
2
2
2
2
2
2
2
3
1 1757432823
2
2
2
2
1 984967935
1 3546352055
2
2
3
1 211700464
3
1 1823390147
3
3
1 839161090
2
3
3
3
1 282956840
2
1 679277167
2
1 271009928
1 2466405337
1 797000128
1 1660863668
3
2
2
1 3989535897
2
1 1027558561
1 1940061854
2
1 1855323016
1 2196423736
3
3
1 2658590411
1 2658085523
1 1686104783
1 2271585460
2
1 3744421373
2
2
1 1250415615
2
1 2164540270
2
2
2
1 2413669424
2
2
3
2
1 4169978323
2
1 1778693124
1 2414159055
1 2557294753
2
2
1 339197579
1 2371349501
1 3994110132
2
2
2
1 3506071372
3
1 1543034638
1 884051273
2
1 3958485584
1 784952958
2
1 3680450326
3
2
1 2269280511
2
2
2
1 337744510
2
2
1 3732169717
2
3
2
3
3
2
3
3
1 1049805162
2
1 3676330123
1 3088328824
2
2
1 820052674
2
3
2
1 2963332871
1 87142067
1 848758028
3
1 1646003236
2
2
1 2761118964
1 2536353340
2
1 3857427242
2
2
2
2
1 3896805883
3
2
2
1 4132159372
2
2
2
1 896122648
2
3
1 4087349504
1 3489907718
1 1083238206
1 1305871862
3
2
2
1 2303442409
2
1 3142813873
2
2
2
2
2
1 2355017444
1 194859275
1 4042523204
2
2
3
1 1959368802
2
1 2944905079
3
2
2
2
2
1 1761512425
1 546214681
2
1 3006093415
1 2862005992
2
2
3
2
3
2
2
1 4133551344
1 1725164751
1 1305516812
1 1331150105
2
3
1 3030636311
1 342427859
2
2
3
3
1 3027606342
2
2
2
1 2671188367
2
2
2
2
2
1 3174957876
1 1669560889
2
1 183480256
2
3
2
2
2
2
2
2
1 3998681061
2
2
2
2
3
1 3565518862
1 535484005
3
2
1 2569923062
3
1 4122949044
2
1 1653261390
2
2
1 1254871792
1 2700477152
2
2
1 3720778896
2
2
1 537648003
1 2044729603
1 490359086
1 1491850780
1 2352047518
1 1833275556
1 382311440
2
1 4000275845
3
1 2436655639
3
2
3
1 4005680479
1 1061766810
2
2
2
2
2
3
1 1217342755
3
1 1595128685
2
1 3249121420
2
1 3015017124
3
2
2
2
3
1 1940444155
3
1 1227557673
2
2
2
2
2
2
2
2
1 1362600818
3
2
1 3376073030
3
1 2426136435
2
2
1 1727667582
1 2253694472
2
2
1 2564083894
1 1429273233
2
1 3873460471
1 1671262093
1 1475461730
1 963410327
2
3
3
3
2
1 1544786673
1 3029897562
1 4225680972
3
1 964810416
2
2
2
1 4040972058
2
1 2800162085
3
2
2
1 1346547125
2
1 635578960
3
2
3
2
1 2681112904
2
2
1 1623835843
1 604558108
1 1805671185
1 1680031863
2
1 3275300050
2
1 2493172010
1 3209058332
3
2
2
1 969320228
1 3634719301
2
2
3
2
1 288967012
1 1568615362
1 3143604813
1 3292418113
2
1 378139527
3
2
1 888945410
1 2441128179
1 1055411031
2
2
2
1 3660995745
2
2
1 3461132405
3
2
3
1 801902062
3
3
1 2702099266
2
1 1940707823
1 842298879
2
3
2
2
2
2
2
2
2
1 706279944
3
1 2571411962
1 25148004
1 2528403435
1 3070760758
1 3693694974
1 2536289211
2
3
1 22178156
1 3436073512
2
2
2
1 1779716882
1 3196423250
1 612877580
2
2
2
1 3182089793
1 4291083950
2
2
2
2
1 1366557424
2
2
2
3
1 3835254988
1 2619147031
2
2
2
2
1 1611398843
2
1 410201296
1 3880425040
3
1 1513277517
1 1461414869
2
2
2
2
2
3
2
3
1 1578726698
2
2
2
2
1 3476997435
3
1 1574267339
2
2
1 2655958252
2
2
2
1 3054253581
2
1 1273192522
2
1 774245744
1 1504999191
1 681667693
2
2
3
3
2
2
1 600994269
1 3444374948
1 3476547392
3
2
2
2
2
2
1 3771250608
2
2
2
1 4182852430
2
2
2
3
1 32218305
2
3
2
2
1 3637571610
1 352235704
1 3852273441
1 3535713749
1 585053720
1 2760131100
1 3729139870
2
3
1 4093661472
3
2
1 924851008
3
3
2
3
2
2
1 3364665171
2
2
1 1225430070
1 1861361867
1 1420427935
2
3
2
3
1 1301514928
2
2
1 533790560
2
2
3
2
3
2
2
2
2
1 2214085426
1 723490658
1 3363755239
1 2065697666
2
2
2
2
1 3535312201
1 2039922511
1 3766392736
3
2
1 4077864828
2
3
3
3
1 2691383523
2
3
1 1957770362
2
2
1 1877975910
1 1090836684
1 3653722558
1 2751175512
1 4153918365
1 2534393195
1 1927413183
2
3
1 32717665
1 2950575320
1 2035112483
1 4131270317
1 3011308702
2
2
1 2071104770
2
3
3
2
1 2925189468
2
2
1 3629018916
1 2181041081
3
1 443257375
1 1495503252
2
1 2499297482
1 4200605251
2
1 314858693
1 2650371735
2
1 226612938
2
2
1 1681159233
1 1318732478
2
2
2
2
2
2
2
2
1 1704094019
2
2
2
3
2
2
2
3
2
2
3
3
3
2
3
1 3982647012
1 361968442
2
3
1 3500759326
2
2
1 697547151
1 1184465835
1 312303757
2
2
2
3
3
2
2
1 1026092756
1 3390513692
2
2
3
1 2432434852
2
2
2
1 4165792727
3
3
1 1936639406
3
2
1 1346973763
1 2816938099
2
1 3367293177
2
2
1 833138533
2
2
2
2
1 4004669624
2
1 2957226347
2
1 1959228877
1 2789768375
2
1 3134322528
3
1 329427481
3
1 2088441899
1 2799968261
2
2
1 4219630204
1 1765113170
1 441229147
2
1 2452207154
1 3599961248
2
2
1 2724234861
2
1 3214183264
2
3
2
1 196132106
1 3954522749
1 105865957
2
2
1 4156711000
1 2223087402
1 1572104679
2
2
2
2
1 538901599
2
2
2
1 1760238243
1 1270981297
2
3
1 1556213633
2
2
2
1 3860160371
1 2998697112
2
2
2
3
2
3
2
3
2
1 3327174652
3
2
2
2
1 2965354644
2
2
2
1 1484426837
1 4250790852
2
1 3318437966
2
1 3765311369
2
1 3604909041
1 3163744954
2
2
2
1 1298029195
2
2
2
2
2
2
2
1 2592472651
2
1 215345967
3
1 1053387125
1 653198124
3
1 4224702476
2
1 3553488256
3
2
2
2
2
3
2
1 1315788269
2
2
2
2
1 1094471376
2
2
1 3994831153
2
2
2
1 414504077
1 1284614829
1 4190060417
1 2620386430
2
2
2
2
2
2
2
1 3504504040
1 2639460099
1 1691827014
2
3
2
1 1126015223
1 4112778906
3
2
2
1 254356735
1 3353119923
1 2908583619
2
2
3
2
1 1854005357
3
1 57627283
1 2750891081
1 3188207450
2
1 2214950676
1 1062319410
3
3
1 2924426700
3
1 270340217
3
2
1 438485985
3
1 3642403415
2
1 926367281
3
1 1169293480
1 2219841712
1 2441999528
2
2
2
2
1 2225579843
1 1736080178
2
2
2
3
1 1246617909
2
1 3488931953
2
2
1 909390013
3
1 1451861067
2
2
1 1180255622
3
1 2149322508
2
1 57273704
2
2
3
1 1288078342
1 2599593040
3
1 3348712755
1 2527001248
2
1 943032952
1 3230517256
2
1 1273933622
2
1 2569176837
1 983631345
2
1 1305952227
2
1 366974767
1 1070174947
2
1 4235645967
1 2380396163
1 201881309
2
2
1 1717196124
1 2362569288
2
1 674256064
2
2
3
1 2810625909
1 1051258459
1 2887503441
2
2
1 3500927435
2
2
2
3
3
1 671258551
2
2
1 1960368700
2
1 1526725564
1 928460730
1 302224961
1 594573390
3
1 1311176880
2
1 1886513726
3
2
2
3
1 2473122603
3
1 1456132233
2
1 952111304
3
2
2
1 527078680
2
1 3409347891
2
2
1 2755987224
3
2
2
2
1 4028782128
1 40031830
1 3792392072
1 2591981042
1 3997467268
2
1 3566834969
2
2
2
2
1 3009881875
1 2281468063
1 3211892595
2
3
1 49901388
1 2253071676
1 1795666868
1 1946837531
1 532711656
1 2589675913
2
1 2587657206
1 1029007443
1 3666811832
1 4144094871
3
2
1 4067248988
1 1584690947
2
2
1 794457340
1 403498885
1 813197610
1 1585958722
1 192620382
3
1 1279688066
2
2
2
1 3519029205
1 30482384
3
2
2
1 2464163375
2
3
3
2
2
1 3300470211
2
2
2
2
3
1 3440548611
1 104159909
1 2794494141
1 808502264
2
3
1 2057867694
2
3
2
1 780232604
1 2867808309
2
3
2
1 1897371472
1 2538584437
2
2
3
3
2
2
1 3934032230
2
2
2
2
2
3
1 125737207
2
3
1 1630637059
3
1 3373935673
3
1 3694572761
1 646227871
3
1 3024848675
2
3
2
3
1 2033884905
1 1893891157
2
2
1 1950498151
2
2
2
2
2
2
2
2
2
3
2
1 3659678681
1 2200098534
2
3
2
1 1367695283
3
1 4064102395
3
2
2
3
3
1 2957875324
2
1 3570532377
1 4185626175
1 952574849
2
1 4169939410
2
2
3
2
2
1 3690851931
1 2232748163
2
1 1527886546
2
1 3063905961
2
1 2640032706
1 4243751475
2
1 1545732275
2
2
1 3861824229
2
1 987898305
2
2
1 4015983824
2
2
2
2
1 2026279148
2
2
1 2079670092
1 4162763059
2
3
1 175743727
1 2536741059
2
2
1 403144851
1 3322349189
2
1 2777962939
2
2
1 2429337080
1 1630001201
1 1627992664
1 1256805561
1 2717367829
2
1 1460278287
1 3952358120
1 516399366
2
2
3
1 2100808085
2
2
1 108019838
3
1 4102301299
2
3
3
1 3176874991
3
3
1 2263008382
1 1878939070
1 877861630
2
2
2
1 1562326719
2
2
1 3786144256
1 1533446674
1 1410226975
3
1 2326036788
2
3
1 1268386951
2
2
1 3742826297
2
2
1 649113084
1 2030016094
1 3754854119
3
2
1 2554190588
1 3999225821
2
1 2678691426
1 209678632
3
1 4282712729
1 3129649922
2
2
2
2
1 969530876
2
2
2
1 4279414988
1 1700562247
1 3682469360
1 3564367477
1 3309985319
2
1 95485573
3
2
1 1035730379
1 3375494776
2
1 271375367
1 228103655
2
2
1 4180139722
1 1682404659
1 3524164164
1 3010267282
1 206091711
2
2
3
2
2
1 2937579112
1 3336684735
2
2
2
2
1 1966618792
2
2
1 1739473222
3
2
3
3
2
1 1662579128
3
1 2603198484
2
2
1 3576472736
1 456176234
2
1 1159833628
1 4105322742
2
3
2
2
3
1 3435985782
2
2
1 2725515218
3
2
3
2
2
1 2659786816
3
1 3081267364
3
3
1 4132092928
2
2
2
2
2
2
1 3909314494
1 142285089
2
1 2387630633
2
3
2
2
1 281169842
1 2849006362
3
1 151637484
2
1 1273627735
2
2
2
3
2
2
2
2
2
2
1 2326588549
2
2
1 4106088109
2
1 191222598
3
2
1 2932386015
2
1 3583033177
3
1 4262358578
1 504784893
2
1 3737476928
1 849028413
1 2333810019
2
2
3
3
1 2511481467
3
2
1 1425586510
1 1742026992
1 724088886
1 710331103
2
2
3
1 2394701240
2
3
2
2
2
2
2
3
3
2
1 2939125973
1 3102103361
2
1 1264519708
2
1 1194632615
1 1039606700
2
1 3632942005
1 4176361174
1 4027911605
1 1971669078
1 2323332873
2
1 2157624606
1 124436025
3
3
1 2873350589
2
2
2
2
1 1993143790
2
2
2
1 3712650646
2
2
1 4069170216
1 4023477120
2
3
1 329606670
2
1 986795035
2
2
1 1543066515
1 840168656
3
1 2093840893
2
2
3
1 3406801344
2
2
1 2468114223
2
2
2
2
1 2961842165
1 2565442362
1 1360459129
2
2
2
1 278933266
1 946321015
1 3930710324
1 2159732080
2
2
1 457033591
3
1 4280140793
2
1 1096960521
2
2
2
1 3862324585
3
3
2
1 418430017
2
1 1550973484
2
2
2
1 2146483269
2
1 945986342
3
2
1 705449221
2
3
2
2
2
3
2
2
2
3
2
3
1 4192176362
1 2438166559
1 2941411636
3
2
1 2653360203
2
1 354275066
1 3446668155
1 2385755507
3
1 4145709842
1 211850789
2
2
1 2971213986
2
1 1993915163
2
1 3384717249
2
1 3700354311
3
1 4052830386
2
2
1 1199166456
3
2
1 3893703594
1 3017646940
2
2
1 182600829
2
2
1 4287138389
1 791469850
1 1516693099
2
2
3
2
1 3060481203
1 137111664
3
1 3169114287
1 3518203942
2
2
3
2
1 1084617280
3
3
1 2018051136
2
1 2632273567
1 2693355466
2
1 515032731
1 150812137
2
2
2
3
2
3
1 576569961
3
2
2
2
1 4055350568
1 4265956337
1 3835898676
2
2
2
1 1708258177
1 4136533407
3
1 3690208804
2
2
3
1 2078312820
1 1767739203
2
2
2
2
2
1 1695676207
2
2
3
1 1293629757
1 1934057286
1 2892303303
1 2098179993
1 4163089393
2
3
2
2
1 1193740670
1 4134541732
2
1 1122109436
3
2
2
2
1 3876656306
1 305975181
1 2381791538
3
2
2
1 540044529
3
2
2
2
3
2
2
2
2
2
2
2
1 2693041276
3
2
2
3
2
3
3
2
2
1 3479840013
2
2
2
1 1803533524
1 1222169787
1 3440595697
2
3
2
1 325854018
2
3
1 2979508952
2
2
3
1 868708847
3
1 3690591588
1 3667057662
2
1 376886753
1 1757968651
1 712286937
3
1 349342908
1 306832564
1 299178906
1 2424631079
1 2521544596
1 3655576750
2
1 490727427
1 2122951669
2
2
1 1757887994
3
2
1 3175200086
2
3
2
2
2
2
1 2417489195
2
3
2
2
1 2799090743
2
2
2
2
2
1 3593491603
1 1385818035
2
2
2
2
2
1 3318445271
3
3
2
3
3
1 1126114121
3
2
1 554787557
1 4288877098
2
2
2
1 1219603956
2
1 4248390297
1 4198068057
1 2110533561
2
3
2
2
2
1 2874980349
1 3534418498
2
1 3375849454
3
2
1 4191792646
1 3067272940
1 2507886502
1 2688331435
3
1 3095314498
1 1222971304
2
1 729424376
2
1 2367725091
2
1 2641649855
2
2
3
2
1 3948564088
2
2
2
2
2
2
1 3056621993
2
2
2
2
2
2
2
2
3
2
1 3555912055
2
2
1 2764019490
2
1 1496748787
3
2
2
3
2
3
1 1759713090
3
1 3541241059
2
2
1 546222547
2
2
3
2
2
1 2583445955
2
1 3354966496
2
1 3087726975
2
1 1053018286
2
2
2
3
2
3
2
2
2
3
2
2
1 1261536690
1 3471391132
2
1 3001810100
1 4290416031
1 1000390131
2
2
1 2407980224
1 621721033
2
2
1 552858422
2
1 1701202252
1 309868273
2
1 1171508692
1 885761135
2
2
1 895231524
1 3934974442
3
2
2
2
1 2144038269
1 1462807524
2
2
3
1 2028129350
2
1 2862065314
2
2
1 752308838
2
1 1038353515
2
2
1 3807535000
1 3167725172
3
3
1 3649434791
3
2
2
1 3015126063
2
3
1 3037936940
1 3636399433
1 2318821438
2
2
2
1 2571738164
2
1 2012811123
2
2
1 2336572933
2
1 487359860
2
2
2
2
2
2
2
2
2
2
3
2
2
1 2885660391
1 1143921524
2
3
2
2
1 472743253
1 3443067307
2
2
3
2
2
2
1 1928978391
3
1 4104813693
1 1191070036
3
2
1 1447599169
1 3194494174
3
1 3786309362
2
1 3577174106
3
2
2
2
2
3
2
2
2
2
3
1 434793438
3
2
1 1690737090
3
2
3
1 3991139009
2
1 413037791
1 1051187227
1 329135066
1 3462714431
2
1 194264206
1 2466617521
1 2282874204
2
2
3
2
1 3790104639
1 25640050
1 3859091248
1 3882189323
2
2
2
2
1 2829521362
2
1 2215818408
2
1 2664253210
1 2179657588
3
1 1280913239
2
1 460025280
3
3
2
1 2286631827
2
2
2
1 3999732948
2
2
2
2
1 1032723769
3
2
2
1 2996719707
3
1 3205903477
1 4025193876
1 2713839792
3
1 1735782119
1 1783543733
1 1923017027
1 3904985530
1 2596112842
1 833222452
1 4140055659
2
2
2
3
1 945399105
2
3
1 2180479442
2
2
2
1 4156211461
2
1 2163771448
2
2
1 2065768602
3
2
1 2711242136
2
1 3734907871
1 459570253
1 3323610061
1 1208165684
2
2
2
1 4118315136
1 1601514699
2
1 149837383
1 281367054
2
2
1 3957084997
1 4001813314
3
2
3
1 207169767
2
2
1 3165948618
2
1 1988988184
1 1332091702
2
2
1 1650246991
2
1 3880897240
3
1 3436219947
3
3
1 2672520567
1 2675577952
2
1 3294614925
1 3920940585
3
1 3382577270
1 2559654267
2
2
3
2
3
3
2
2
1 1813524817
2
1 3215690261
3
1 1246572765
2
1 3219847492
2
2
1 3116885865
1 277527964
1 2862388386
1 1952452728
1 2613812177
2
2
1 2100869015
2
1 1445822111
1 1587208511
1 2469130185
2
2
2
2
2
1 2492080850
2
1 2684781193
3
3
1 588639238
1 1550631405
1 742428377
1 717995002
3
1 2231314651
2
2
2
2
1 1181290871
2
2
2
2
2
2
2
1 453535143
3
1 4071210456
1 4277971977
1 2011911001
2
2
2
2
1 659945551
2
3
1 3937854938
1 3254734823
2
2
1 949559671
1 2144907140
1 3075960443
1 3630350656
1 3315436795
1 3007489424
3
1 1337263964
1 720592869
1 2252824396
3
3
1 207708939
3
2
2
1 2891418090
1 3746368220
3
1 1793333570
1 1800261704
3
1 170614039
1 1761396468
3
2
2
2
1 3033956193
2
2
1 3987178522
2
2
2
3
2
1 775910423
2
1 986211324
2
2
1 2518453207
3
2
2
1 2987023480
2
1 1018808372
1 1916565274
2
1 2001403964
1 284876718
3
1 2579404595
2
3
3
1 510406818
1 1695920022
2
2
1 2668092230
2
3
1 835457766
3
1 2167177744
2
2
3
3
2
1 270845004
1 390928684
1 2435711355
2
2
1 594520509
1 1076904501
1 1322075044
2
2
3
3
2
2
2
2
3
2
3
2
3
2
2
1 2615244742
3
3
2
2
1 935701792
1 3896637642
1 174591883
2
2
2
2
1 1858663353
1 2452359202
2
1 2972192939
1 2021952052
1 1845010938
1 1355083959
2
3
1 1870858312
3
3
1 620789036
2
1 1203757807
2
3
2
2
2
1 4216378384
1 3120835354
1 1725186913
2
2
2
1 1919933983
3
1 4183456217
2
3
2
2
2
1 2858196248
2
3
1 3561633200
1 1585627816
2
2
1 345990819
2
1 2752558520
2
1 2381589596
1 2014840349
2
2
2
2
2
1 328148189
3
2
2
1 21593961
3
2
2
1 1871417903
1 2294403213
2
1 2325078884
2
2
1 1939772270
1 3433646588
1 1599478409
1 59436051
1 4185596497
3
3
3
2
2
1 3546390161
3
1 132489621
3
2
3
2
2
3
2
2
1 2039965957
2
3
1 776282429
2
1 1326311805
2
1 3664865640
3
1 3658061765
1 3908001297
1 1818057140
2
2
1 2173525688
3
2
2
1 3756089298
3
2
2
2
1 21373622
3
2
1 1828256346
3
1 3979511953
1 3691353986
1 3104672807
3
1 3772724197
1 3828458269
1 3193730218
2
2
2
2
1 1833786102
2
1 1799919726
1 2415552226
2
1 1589018780
1 2380198261
1 2666037558
1 1989520323
3
1 3327425706
3
2
2
2
2
1 728644934
2
3
1 2324931190
2
2
1 359145503
2
2
2
3
2
2
1 3020360835
2
2
1 343997820
1 44753668
1 694834907
1 3006100331
1 1611424344
1 1488104219
1 1157915656
1 1895436457
1 338600468
1 2607263996
2
2
3
1 3351361262
1 2514703068
1 1430257509
2
2
1 1267720402
2
1 3020053745
1 1064346804
2
3
1 2299549803
1 1918909702
2
2
2
2
3
2
2
1 3614052446
1 4011205403
2
3
2
1 3596484050
2
1 147031487
2
2
2
1 2228429707
1 3054340857
2
1 4037155456
3
2
1 2875450395
3
2
3
1 259796800
3
3
2
1 1086614269
2
1 406500012
1 2364136990
2
1 2600868176
2
3
2
3
2
1 2247408142
1 3216914640
1 1165138274
1 2559915872
1 1836998886
1 434105459
2
2
1 1912419850
2
2
1 199614356
1 3681369026
2
3
1 716129952
3
2
2
1 4158988292
2
1 2855471142
1 2603433965
2
1 3732428425
1 3161013512
2
2
3
1 3042747245
1 1117119584
2
3
3
3
3
2
1 1280803306
1 3146628795
2
1 159088282
3
2
2
1 2648335773
2
2
3
2
3
2
1 725227000
1 2234189750
1 3277071883
1 117081465
1 4140206655
2
2
2
3
2
2
3
3
1 1809716066
3
2
3
2
2
1 4087123652
1 2236318152
2
2
1 1969180013
3
1 1854836093
2
2
2
1 2500049184
2
1 3478863686
1 3654310197
2
1 2240178269
1 3270155327
2
1 3519608009
3
1 18252850
3
1 1340662384
2
1 1773023672
3
1 1842287417
2
1 3101847014
2
1 616326340
2
2
1 1840825083
1 947849643
3
1 2714551386
2
1 701270848
3
1 286513536
2
2
2
1 1894814073
3
2
2
2
3
1 1916276673
3
1 3268046712
1 3880886529
2
3
3
1 3302585184
2
1 2894620268
2
2
1 1903751237
2
3
2
1 209412412
2
2
1 429794692
1 3933747416
2
1 891534022
2
3
1 891208134
1 1810195713
2
2
1 2234148873
2
2
2
3
1 3393255807
2
1 2757084373
3
2
1 3463366194
2
2
3
2
1 795008887
2
1 3483037009
1 2402542710
2
3
1 3916401574
1 1883686663
1 1115908025
1 383807088
1 69812100
2
2
1 1745804786
3
1 1186374440
2
2
1 2964459536
1 3628746868
1 1855026456
2
3
1 2950351101
2
1 337125294
2
2
1 3258185862
1 4080932711
3
2
2
1 2688686475
2
1 2268418704
2
1 3516607992
1 182341161
2
1 2259601624
2
2
1 1984676696
1 4094975029
3
1 711051520
2
1 1915813814
2
2
2
2
2
1 777376467
1 2124546561
2
1 2841770789
3
2
1 624927812
2
2
1 2004286847
1 3947299891
3
2
1 1683949622
2
1 325279560
1 495314612
3
2
1 707336808
2
2
2
3
2
1 4257342619
2
2
2
1 2273411897
2
1 4268867702
1 673458138
3
2
2
2
1 4113655885
3
2
1 2258131147
2
2
3
2
2
1 577685754
2
1 289888919
2
2
1 3382890540
2
1 1611685376
3
1 3001949051
3
1 3949439516
3
1 3775616408
3
1 2847142396
1 652994147
2
2
1 395782210
1 1228269599
1 1055816810
2
1 564687578
2
2
1 4228010186
2
3
2
1 3130780825
3
2
2
3
1 3786446281
2
1 1074775960
3
3
1 1153835741
2
1 3434288248
2
1 3168670601
3
2
1 807270742
1 3195855459
3
2
2
2
1 188585807
1 1383618652
2
2
1 3977346435
2
2
1 1756900603
2
2
2
1 307864067
1 53527661
3
2
2
2
1 63187039
2
3
1 698696273
2
1 3921459010
2
1 2165385123
1 3696399356
1 1584509999
1 112739209
1 2923591597
3
3
2
2
1 1099030460
1 1007810807
2
1 4072474562
3
1 2709082630
2
1 2890880303
2
2
1 293112733
3
2
1 2143439444
2
2
3
1 795103045
2
1 2157205950
1 175715007
2
2
2
1 2390173410
1 3101649143
2
1 2579660700
3
3
2
1 1922169928
2
1 590748004
3
2
2
3
2
2
1 1998223852
1 2863446599
1 1094630462
2
1 1798827414
1 2755301384
1 2931274126
2
3
1 658910195
2
2
2
2
1 249841079
2
2
1 1986125913
1 888718264
3
1 1925222140
1 1338536082
2
3
1 1318755809
1 1008156882
3
1 2598071986
3
1 2638692165
2
2
3
1 177082745
3
3
1 3499424607
2
1 2943044608
3
3
1 439167243
1 905246684
1 2760615894
2
1 2211036066
2
1 500491431
2
2
2
2
1 2268070282
3
1 2584150699
1 237823652
1 1006613567
2
1 3985453027
1 3138761382
2
2
1 3448153169
2
3
2
1 2456986514
2
2
1 2949454299
1 3297439103
1 617399325
2
1 2564912695
2
2
3
1 3717234651
1 3223581504
1 2386436618
2
1 1202455850
1 873742927
2
2
1 1334665281
1 1567692604
2
3
3
2
3
3
1 1584672334
3
1 4143761431
2
1 3390838567
1 3120399672
2
2
1 3632022270
2
1 2793011566
2
3
1 2328116601
1 285591630
1 2074147922
2
2
2
2
1 85793746
1 1276472130
2
1 1816134662
1 639378702
2
1 3339881134
2
2
1 149505371
1 3522352788
1 221497757
2
1 1120998312
1 1832108053
2
3
2
1 1753335611
3
2
1 3031670158
1 2859630184
2
1 2353071292
1 2493808317
2
2
2
3
2
2
1 1356334011
2
1 803105731
2
1 1535092066
2
2
2
2
1 1713083657
2
2
2
1 1946928156
3
2
2
2
1 3246019827
1 3806083907
1 53106658
2
2
2
2
1 866245462
1 3746714495
1 2329888457
1 1575835005
2
1 1779724976
1 2492020385
1 1551550569
2
1 2665481063
2
3
2
1 275552477
2
3
1 4230844847
1 3001318792
3
3
3
3
1 1769884621
1 3680701987
1 2017394497
2
3
2
3
1 3646929390
1 1677581815
2
1 1614581818
3
2
1 2320440842
1 1005899355
1 1705249626
1 1971079998
3
3
3
2
1 4242183140
2
2
3
3
2
1 3263283348
1 1162614149
2
2
1 937716483
2
2
1 1372894297
2
2
3
2
3
2
1 3659475255
2
2
2
2
1 2077576900
2
2
1 1921259260
1 492398993
1 3825022022
2
2
1 3028295312
2
2
2
2
1 474404491
2
1 285095428
1 2350286727
3
1 285218011
2
2
2
1 1750150475
1 3826891741
1 1036937445
2
1 3619685104
2
1 1769765535
1 2315965696
2
2
2
1 2664922203
1 3608622064
2
1 80712465
1 1932350525
1 3502411451
2
2
1 2955075425
2
2
1 3823321973
2
1 1411238144
2
1 3848578527
2
2
1 2665094226
2
1 2557936477
2
1 1201605173
2
2
3
1 4258761339
2
1 3177679994
2
1 1877117135
1 834714850
2
2
1 1498722545
2
2
1 4099290231
2
3
1 1245699841
2
3
1 3428608548
2
2
1 1299262082
2
2
2
2
1 2121875811
3
2
1 2694487863
2
2
2
3
2
3
2
1 3338158036
1 1780525167
1 457330538
2
1 3672151370
2
1 604265602
1 2134119439
2
1 1941702919
2
2
2
1 271828272
2
1 2297613619
2
1 3519718558
1 79461448
1 1460757845
3
2
3
3
1 307227886
2
1 310225852
1 1737144639
3
1 2879756966
1 4289166530
1 2033264096
2
1 2006283005
1 699582449
2
2
2
3
2
1 1442802847
2
2
2
2
2
3
2
1 1630524070
1 996483971
1 936938970
3
2
3
1 1104508617
1 1377832787
2
1 2039345978
1 2550372621
3
3
1 2008911017
2
2
2
3
1 1391996716
3
1 2013590757
3
2
1 1314679038
1 3905034452
1 3530787486
1 669152701
2
1 3398575171
2
2
2
2
1 4175120930
2
2
1 1347153295
1 985283983
2
2
2
2
2
2
1 4028158668
2
2
1 1029487849
2
2
2
1 1473467032
2
1 984774513
2
2
2
1 1320311715
2
1 2398452622
2
1 2978069491
3
2
2
3
2
2
2
2
1 2171022615
2
2
2
1 3620618674
3
1 1238935716
1 48390287
2
1 1429820564
1 2554697876
2
1 2855040755
3
1 3957407470
1 3673391008
1 2187919928
3
2
1 1686435801
2
2
2
2
2
3
1 751986501
2
1 3713502439
2
1 2633440542
1 1157580226
2
2
2
2
1 3046946807
2
2
1 2759484011
1 2763398599
1 2149648430
1 998576570
1 48782906
2
2
2
1 2950359031
2
1 4220049163
2
2
2
1 280772453
2
1 358388330
1 1563769836
2
2
1 832397008
1 1168805950
2
2
1 2168863144
1 771044424
2
2
1 3206241093
1 217040475
2
1 3963535808
1 602414261
1 3697151821
3
1 910015113
2
1 707439105
1 2479775146
2
2
3
1 1040298615
2
1 3325769545
3
1 1642449653
2
2
2
2
1 2088202740
2
3
2
1 2214149730
2
1 2565784051
2
2
1 2180894520
2
1 3374523956
1 2847441547
3
1 990984226
1 3596044592
2
1 2713212715
2
2
1 3780173639
2
2
1 1462846944
3
3
1 3288038759
2
2
1 3820111012
2
1 3732903933
3
1 2061870698
1 2258396887
2
2
3
1 3305406916
2
2
2
2
1 1691928413
1 3026901388
1 1115216082
2
3
1 3806644594
1 3076424449
2
3
1 1012431851
3
2
2
1 354892598
2
3
1 3982746013
1 499344824
1 2276003482
1 1885579851
1 784985683
1 2392949607
1 748905227
3
1 3407706104
3
1 3567699247
1 1646577466
1 645788448
3
3
1 2301358380
2
3
3
2
2
1 844655896
1 4191847039
2
2
2
2
2
2
3
1 812308573
3
2
1 2205453753
2
2
1 3981903091
1 1730274922
1 3565968058
1 2143667343
1 3722926404
2
2
2
3
2
1 601963567
3
1 353629618
1 1417904870
2
1 936225376
1 4085064446
1 1550952472
1 2208833974
1 4223347934
1 1313128175
2
1 443041365
2
1 1484484415
2
2
3
2
2
1 1869161834
1 1297437616
1 1754519245
2
2
1 2697747970
2
1 3979040699
2
2
1 4121036740
3
1 1285840406
2
1 4283480038
2
1 3349950550
1 2221112763
1 3587609386
2
1 79929722
1 3059044507
2
2
2
1 1939244353
2
1 75289126
1 411750703
1 4031517255
2
2
1 3197539468
2
3
1 3192712654
3
3
2
1 492401708
1 3085808172
1 3946654229
2
1 3881589274
2
2
1 78692590
1 3863863300
2
2
2
2
2
3
2
1 3019307806
1 2366871389
2
3
1 1451368316
1 4101053938
2
2
2
2
2
2
2
2
1 1134325994
1 3563545738
2
2
2
1 1322466869
3
3
2
2
1 3905472323
1 3255292690
1 699584168
2
1 807014810
2
1 309996661
1 2105533849
1 2796032916
3
2
1 1852456138
1 1407669235
2
2
2
2
2
1 1394460544
2
2
1 1923000125
2
1 2988086905
3
2
2
1 138193352
1 2268517441
2
2
1 2766828295
2
1 3790655733
2
1 168819759
2
3
3
2
2
1 2384917233
2
1 3246671572
3
2
1 3383791259
3
3
2
3
1 3872967442
1 1345709212
1 1381461529
2
2
3
3
3
2
2
1 1208497745
2
1 3574267847
2
3
1 2329760431
2
3
2
2
1 2789738251
2
2
1 3763787868
2
3
1 3564786707
2
2
1 3084578520
1 1499878812
1 1699140932
3
2
2
2
1 4283959977
1 3613579926
2
1 2642540138
1 1542999842
2
3
1 1576682515
2
1 2097451304
2
2
2
2
2
3
1 4018640695
3
1 124295392
2
2
2
3
1 2784968895
2
2
2
3
1 167980688
2
2
1 713834746
1 1982236550
1 3758834522
1 161196406
3
1 2711977056
1 28487733
1 2297792092
1 2371055204
1 229106256
1 1555556437
2
2
2
1 47875224
3
2
1 3184942366
3
1 2485327931
2
2
3
2
1 4209481927
2
2
1 866880074
3
2
1 3005505173
2
1 3107739776
1 3804936506
1 855341590
2
2
2
2
3
2
2
3
1 867666778
1 3187670071
1 3267649746
1 3182885063
1 1786082884
1 285003379
2
1 1632739871
3
2
2
3
1 2728332093
1 622960447
2
2
1 384361140
1 2246722223
2
2
2
2
2
1 774681099
1 3326046842
1 2399272911
2
2
2
1 2734032288
1 3398215485
1 1853011875
2
3
1 3889708604
2
2
2
1 3608484652
1 2841013542
2
2
3
1 1580831344
1 1734864833
2
2
2
1 4185324957
2
1 226284166
2
1 724807205
1 1063424284
3
1 2296894044
2
2
3
3
2
2
1 174584969
2
2
1 3447809447
2
2
1 4136122756
2
3
2
1 2469211783
2
2
2
2
2
1 2762994253
2
1 3964262390
2
2
1 661445962
1 3029012464
2
1 2912728946
1 1836714475
2
1 1765634777
1 1006373141
1 1463332525
1 3629485746
1 2898807100
2
2
2
1 3632775319
3
3
2
1 1566058376
2
2
1 3829370126
1 1318629416
1 237076518
2
2
2
3
2
1 2653030338
2
2
3
1 592024634
3
1 2412626604
2
1 1165888645
3
1 3198152364
1 3951649334
1 1562852700
3
1 973916951
1 1698222551
1 3417795204
2
3
1 3789397800
1 2100562084
1 3607304535
3
2
2
1 1655855223
2
1 1086080924
2
3
2
1 3401229145
1 3799358847
1 77881534
2
2
2
3
2
2
2
2
1 1884410709
1 2933582013
3
1 1491204247
3
2
2
1 3455944013
2
1 4006343466
1 3539115244
1 3250582733
1 3216952590
2
1 1038536216
2
1 2488415555
2
2
3
1 197054207
2
1 451159938
2
2
3
1 2881891914
2
1 999714977
2
2
2
2
2
1 1717741308
3
1 3744604447
2
2
2
1 4005921259
2
3
1 4183157766
2
2
2
3
1 4212066943
1 1992409815
3
3
1 1330735018
3
1 2879096066
2
1 1401785482
1 3766136942
2
1 1608086953
2
1 1871446828
2
3
1 2781393869
1 1410980049
2
1 3322235008
2
2
1 1879203165
1 1269740242
1 2405631241
2
1 3662844688
1 792266601
1 1750508208
2
2
1 3068112695
3
1 2955281807
1 4133869136
2
2
3
1 449990931
2
1 545276873
3
3
3
1 4190509900
2
2
1 1575350463
2
2
1 3086873945
1 3925367016
1 2670852918
1 3528534112
2
1 164614993
2
3
1 1652579977
3
3
1 99166869
1 4108003961
1 1996968761
2
1 3916965571
2
2
2
2
2
3
3
2
2
1 1351409260
2
1 329435394
2
1 2778269719
2
1 799703952
2
2
2
3
1 3087313673
1 1553721591
2
1 3688785647
3
2
2
2
1 199525310
2
1 1521153017
2
3
2
2
1 201291200
3
2
1 1726284142
2
2
1 2846739922
1 1908007309
1 4100831433
2
3
3
2
1 2915759552
2
2
2
2
3
2
1 330476618
1 1979727648
2
1 1601228933
2
2
2
2
2
1 1663769634
3
2
2
1 2143687002
3
3
1 3106963358
1 1981908995
2
2
3
1 3141985370
1 340183217
1 464981235
1 3788323324
1 562095312
3
1 332922238
1 1915803115
2
1 1126134743
2
1 3017419254
2
3
3
1 3996934664
1 3603774467
2
2
1 2038042703
1 10215056
2
2
1 4103385260
3
2
2
2
3
2
3
2
3
1 1256427713
2
2
2
2
1 1331674353
2
3
1 2602644419
2
2
2
1 2291455265
2
2
2
2
3
3
3
3
2
1 883704672
1 3851260359
1 666759943
1 2064590997
2
1 3157669157
2
1 231192846
1 4044333109
2
2
2
2
2
2
2
1 2439682409
2
2
3
2
1 1397287602
3
1 3372837055
3
1 1352650809
2
2
2
2
2
1 3653954450
1 35694132
2
2
2
1 563322056
3
3
2
2
1 2271650719
1 307964837
1 1722540026
1 1882181057
1 4143688070
1 3370610453
2
2
3
1 3162333562
1 3789941273
1 56083287
1 4210146182
1 2067246030
2
2
3
2
2
1 2524321332
3
1 189756364
2
2
2
3
2
1 1495396477
2
1 4085587480
1 3379994225
1 3847409803
1 4083899810
2
1 1951991914
2
2
2
2
2
3
2
1 3145483601
2
2
2
1 1393696685
3
2
1 2960350760
1 3403505171
2
2
2
3
1 2001354448
3
1 185679250
2
2
1 3582785042
1 3455173265
2
2
1 2173159733
3
2
1 2679676797
2
3
1 3885136768
1 2111450687
2
1 2963155943
1 2486364224
2
1 2763649407
1 3775300217
1 3909059266
2
1 3672765799
1 3832031000
2
2
1 1485510751
1 3543832041
1 1232820366
1 1963245927
1 1113568683
2
2
2
2
2
1 2379272542
1 2815896115
1 1818058556
1 3056886130
1 816090811
2
1 2304766502
2
2
1 763902639
1 3777096828
1 4046183813
1 1067943254
2
1 3023508128
1 814012552
2
1 1726723030
1 978022893
2
1 1599456460
2
2
2
1 853932208
2
2
2
2
2
1 2965543988
2
2
1 3322465141
1 2888052307
1 1408031172
1 1585003280
2
3
1 3668951151
2
3
1 1623198566
2
2
3
3
1 2741929896
3
1 1110690852
1 382679698
1 2819058011
1 1517410673
2
1 3213552960
2
2
2
3
2
3
2
1 2685958218
2
2
2
1 4250422083
2
2
2
2
2
2
2
3
1 969367897
2
2
2
2
2
1 3564572975
3
2
2
2
2
1 2125521947
1 3964120930
3
2
2
1 2884284849
1 2778887949
1 196870983
1 3684336281
1 1017817619
1 1257290198
1 2082390056
1 1543597783
1 4270087409
1 223189047
2
1 1677563221
1 1103189794
3
2
2
2
2
1 202545310
2
2
2
3
1 1193897616
2
2
1 4024072087
3
1 3589747947
3
1 1137434161
1 1308961979
1 3753676697
2
2
1 3965953269
2
1 4113275620
1 142197700
2
3
1 3630226749
2
1 2233797127
2
1 1962611445
1 3497226143
3
1 1511717960
2
1 300353421
1 2935924542
3
1 3408480690
3
2
1 3908403344
2
2
2
2
1 2845274793
2
2
3
2
1 3623614306
2
1 3565539560
3
2
3
1 2993532746
1 2553128524
1 2221069997
3
1 1018782517
2
2
2
2
2
2
2
1 813814326
2
2
1 326201085
3
2
1 202899071
1 1428080244
1 3241252405
1 615548302
1 135486294
2
2
1 2342436019
3
2
1 1360092094
3
1 3136974017
2
2
1 4007366024
2
2
2
2
3
2
1 2362729572
1 2890405
1 713066438
1 507573443
2
2
1 3054587225
3
1 4579248
3
2
2
1 1004406910
2
2
2
2
2
1 4047884817
1 270410243
2
2
2
1 3197865255
1 2724862597
2
2
2
1 2682950618
2
2
1 2039976203
1 1612270611
2
1 3381619936
1 2928183266
1 1342678635
2
3
1 1021075186
1 1047996350
2
3
1 141510041
2
1 2018392696
2
1 2836999445
1 921601520
1 1490004225
1 1912059462
1 3842628488
2
2
3
3
1 1739622113
2
1 2301165265
1 1184758324
1 262095578
1 1933874537
2
3
2
1 2337247444
2
1 1886802495
2
2
2
1 2029139339
1 427723747
1 2973386686
3
1 267050679
1 2922394313
1 268877906
1 1154637966
2
1 3280274287
2
1 1357014157
2
1 549760690
1 1791457047
1 582475816
2
3
2
2
1 2336850767
2
2
1 346594557
1 1278761977
2
2
3
2
3
1 991304491
2
1 2168437927
1 3170113423
2
1 3689012352
1 3408501494
2
3
1 856629531
1 679828565
2
2
1 3024057824
1 2161879632
3
2
2
1 1639215765
1 2308401574
1 3826898438
2
1 2592976119
2
1 730578767
3
1 1560449914
2
2
3
2
2
2
1 3434442082
1 2552428637
2
2
2
1 4225702741
1 523948541
2
2
1 2299492994
1 3565662081
2
1 590995689
1 1279836834
2
1 4173239444
1 3051410074
2
2
2
1 2737219466
1 155765907
1 1154851363
2
2
2
1 2585261055
1 3052236449
2
3
1 2402135605
2
1 2098283875
1 936463274
2
2
1 2995912947
2
2
1 3684310757
3
2
1 1298031486
3
2
1 540336103
2
2
2
1 2651224206
2
2
2
1 671965974
2
1 251192365
1 1413322940
2
2
1 2637760210
2
2
2
1 2825804067
2
1 4021726911
3
2
2
2
1 2908878217
1 938329833
1 3814368910
2
3
3
2
1 886471649
1 1665753576
1 1946543662
1 3655850278
1 2194847857
1 3884704464
2
2
3
1 136957332
1 1162157727
2
2
2
3
1 670006270
2
2
1 3252546267
2
1 2691152037
1 817192699
2
1 1889092589
2
2
2
2
2
1 2112344795
2
2
2
2
2
2
1 562650717
2
2
2
3
1 3116770555
2
2
2
1 1936825934
1 579366831
1 3157390804
1 3923136608
1 2467597519
1 2707029154
1 3887207594
1 1837473583
2
2
2
1 1701055544
1 1993011953
2
2
1 3484892733
2
1 3132919147
3
1 1870430542
2
2
3
2
1 3634132441
1 572121858
1 649742093
1 3726374159
1 2108392561
1 3309404506
2
1 266179759
1 385824478
2
1 1578526954
2
2
2
2
1 2706679889
1 2858395977
1 2006943661
1 3597504501
2
2
2
3
2
1 2865524471
3
1 4217295188
2
2
1 2044578977
1 188602545
2
2
2
1 1676164476
3
1 3477759649
1 42887794
3
2
1 973214089
1 4241286979
2
2
1 3823277818
3
1 3763016772
1 931290692
3
2
2
1 1140505440
2
2
2
2
1 3048089390
3
1 3705756567
3
2
2
2
1 2919455723
1 1002963543
1 1412260191
2
3
3
2
1 3640960919
3
1 84231623
2
2
3
2
1 3655362238
2
1 4263974098
2
3
3
1 2515558513
1 3712128832
2
2
1 773757195
1 1644351711
2
1 2542597507
1 1915828009
1 1312695606
1 1465826786
2
2
1 2239409937
3
2
1 197871823
2
3
2
3
1 142355121
2
3
2
1 161130348
2
1 2386055864
1 1636591747
2
2
2
2
2
2
2
2
2
3
3
1 3971105645
2
2
1 3261036147
1 4163732672
3
2
2
1 2383910946
1 3433733222
2
3
2
1 1087975401
1 3900862986
3
2
2
1 2238523654
2
1 3819249891
2
2
1 1913183494
3
1 1894072243
3
3
2
1 309825299
1 3887855318
2
2
1 2906359481
2
2
1 2899221860
1 491114740
2
2
3
3
2
2
1 1670917
2
1 4059953378
2
1 2532009773
3
1 2497598838
1 1856478735
1 1312259256
2
2
1 3261162167
1 1805113165
3
2
2
2
2
2
1 1176207888
3
1 3456286111
2
1 3927135536
1 2998487366
2
2
3
3
2
1 1340793729
1 2145831153
1 1779761782
2
2
3
2
3
1 1961205311
2
2
2
1 3836706957
1 4185457788
3
2
3
1 816777278
2
1 2627752843
3
1 149691098
3
2
1 3932321682
1 1565077996
1 4277527952
1 2746508476
1 2493558762
2
3
1 3991367818
3
2
1 583446271
1 1849058982
1 3370770890
2
3
2
1 3048297932
2
2
3
2
1 2359679633
1 2523163013
2
1 3582202831
2
2
1 2839866176
1 1538467775
1 1395303707
1 2861268606
1 3290504653
2
2
1 1124995151
2
1 2806972114
1 2330503180
2
2
2
1 1149953193
2
2
3
3
1 3103906736
3
3
1 2787855701
1 3301667229
2
2
1 990817260
1 168931482
3
1 3227555127
2
3
2
2
3
2
1 1131329006
1 1607455470
2
1 3685054791
2
1 2911498117
2
2
2
1 1255443757
2
2
2
2
1 1974941972
1 216710353
1 3605476715
1 2178843429
1 1017977169
1 3958429450
2
2
2
1 41496118
2
2
1 3769578870
2
2
1 3856652334
1 825029701
2
2
3
1 2983323925
2
2
2
2
1 3965296473
2
1 2219230848
3
1 2191007959
3
1 2382236815
2
1 1686548530
2
1 751051752
2
1 1504707575
3
1 3805954712
3
2
1 2250156962
1 3900249557
1 3668792396
2
1 3308538069
1 1755068811
3
2
1 3007164248
2
1 3038788625
1 896716837
2
1 2079895434
3
2
2
1 1006900875
1 1348850922
2
2
2
1 2738411571
2
2
1 1290687641
3
1 1137086418
2
2
3
3
3
1 1140363959
3
1 2890779918
3
1 3333294821
3
1 357027148
1 2687622865
2
1 1285236333
3
2
2
2
2
1 277433311
1 876507504
3
1 1134772623
1 865143422
1 1295447433
1 808564140
1 2464091587
1 4205248472
1 1810881224
1 4049468160
3
1 211183406
2
2
1 1821021470
2
1 1620022952
1 1412530869
1 3773466195
2
1 879758490
1 2627687636
2
2
2
2
2
2
1 3790681369
3
1 258499020
1 2451081441
1 4249514394
1 3186051579
1 174491276
1 659879686
3
1 954670102
1 3943851867
3
2
3
1 2658415252
3
1 500269313
3
1 2835632827
2
2
1 3169012026
1 4079625000
2
1 714198562
2
1 152161161
1 1493458045
1 1866133611
1 3645062192
1 2607041119
1 1011523653
1 4001212439
3
1 400174436
2
1 2489088259
3
1 1247692525
1 1759173908
2
2
2
1 1024239213
2
2
1 2863477946
1 1410710933
1 2521317198
2
2
3
2
2
2
2
3
2
3
2
2
3
2
2
2
2
2
2
3
1 3345750773
2
3
2
1 183643715
2
2
1 1556632402
2
2
2
2
2
2
2
2
2
2
2
1 1207833777
2
1 4148295407
2
1 1857323676
3
2
1 370627545
2
1 1739601043
3
1 3416725569
2
1 1943466376
1 1274112929
1 545787315
2
2
1 393387927
2
2
2
1 1851123437
1 2450433572
1 3609842470
1 2822268929
2
1 4092383952
2
2
2
2
2
1 855788889
2
2
1 2224763621
1 2369460263
1 989176664
2
3
2
2
2
1 3371733620
3
2
3
1 2497765762
1 66729058
3
2
3
2
2
3
1 3469176777
1 3912705908
1 1714820442
3
2
1 1806309822
2
1 779656319
2
2
2
2
2
1 786958395
1 2448695353
1 756065481
2
3
3
3
1 3233021149
1 1830947509
1 2249032421
2
2
1 2550333048
3
2
2
2
2
1 2757490443
1 493217502
1 1389765656
1 3515499539
2
2
1 3010433780
2
1 172908989
1 2342987575
2
1 1549542329
2
1 1423981245
2
3
3
3
2
2
1 2865736598
2
1 3053302602
1 2387225777
2
1 3166774045
2
1 2523956304
2
1 905017392
1 450294860
2
3
1 2210304248
1 1714950015
2
1 3915523507
2
2
3
1 3422094243
1 2134052682
1 1747124375
1 859718642
2
1 804800565
1 215175811
1 3914548403
3
2
2
2
1 1634675746
1 4208844087
1 1816833539
2
3
1 3444595133
1 1652354835
2
2
3
2
1 1874290413
3
2
1 1339642857
1 1056898295
3
2
2
3
2
1 1902079580
2
1 3510402978
2
3
1 1478600453
3
2
1 560194215
1 1948944644
1 2982637080
1 4045268007
1 741685147
1 1350411156
1 2962820894
1 2745762105
2
2
3
2
3
1 403350562
2
1 1541865407
2
1 3460687738
1 2525540548
1 960831240
1 976787737
1 3909165662
3
2
1 3011165754
2
2
2
2
1 1875495408
1 2915915521
2
2
1 2916166067
2
1 2387129065
3
2
1 3887574834
1 94617661
1 186250616
1 311237913
1 685027571
1 929421024
2
1 2602193290
1 2514629796
1 2087387394
1 4027131410
2
1 1850916216
2
2
1 2939287077
1 4236844604
2
3
1 1414950128
2
3
1 3107278184
2
2
2
2
2
1 45036741
1 359320485
1 4277019457
2
2
2
2
1 526490267
3
2
2
3
3
2
1 507907917
1 859080838
2
2
2
1 2277552811
2
1 111658901
1 234965242
1 935935096
2
1 164938954
1 3214685648
2
2
1 1850362125
1 1176063041
2
1 3520537573
1 24835898
1 766385992
1 134011589
1 2843467795
2
1 1798252735
1 1220704851
2
1 3851189829
3
1 670988360
1 620914859
3
2
1 1188818201
3
1 225942734
2
1 3233903593
1 3319996995
3
2
2
3
2
2
1 1292892794
1 2726701736
2
2
1 1848907966
3
3
1 569837391
2
2
1 3031116869
2
2
2
1 2681305679
3
3
2
1 3168380413
1 2931296294
3
3
1 2296460389
1 1918157531
2
2
1 213227866
2
1 1202380078
3
2
2
2
2
1 2423727089
1 4062629131
2
1 2054374340
1 3944579241
1 2595872629
3
2
3
1 443754817
3
2
2
2
2
1 4062021012
2
3
3
1 2958146222
2
3
2
1 16101785
2
2
2
1 1618784752
2
3
2
3
1 49003704
2
1 3435204521
2
2
2
2
1 938026590
2
3
2
1 2859829554
2
2
2
1 2177459452
1 1182754713
2
1 3222141200
2
1 1688999648
2
1 2423804698
1 3863936347
2
1 680813354
1 3864860933
2
2
2
2
2
1 1138013263
1 1288611048
1 2870870037
2
2
2
2
1 2312405768
1 2619700080
2
3
1 3005396957
1 2572963525
3
2
1 635390636
2
3
1 1134363773
2
1 3993617016
1 890795518
1 2224789496
3
2
1 2284330919
2
2
1 1400488373
1 3116048366
2
2
1 3586592608
3
2
2
2
1 2024285170
2
2
1 3356201010
1 2367716519
2
2
2
1 3088994006
2
3
1 1415531592
1 1345417571
1 1263725939
1 2340712301
2
2
3
3
1 3541913841
2
2
1 986430952
1 2159348764
1 2025134369
2
2
1 2380729271
1 4189670568
2
3
3
1 2548167972
2
1 3935521136
1 3245034842
2
1 4243653872
1 2842003559
2
1 4007712700
2
3
1 1364665612
1 528216539
2
1 2325570971
3
2
2
1 3772755420
3
1 1949864287
3
2
1 844168233
1 2035394593
3
1 2883675233
3
2
1 2868888498
1 1874990688
2
1 3863968899
3
2
1 563330009
1 4153175658
1 2884211749
2
2
2
2
1 2318241059
1 2850210760
1 1922173713
1 839941222
1 2732830867
2
3
2
1 1858288797
1 1083648848
2
3
2
2
1 1482732787
2
3
2
2
3
1 117914454
2
1 2011280029
1 2967960960
2
2
2
2
1 3180080195
2
1 1422568173
1 2038215946
1 1731036803
1 3860920109
1 4124988819
1 1415516217
2
1 2821212987
1 3270990089
2
1 2658097421
1 2876084304
2
1 1113270139
1 1612448383
1 1156078805
1 4236135657
1 3731397470
2
1 4021752587
2
1 3772876294
2
3
3
2
1 131085827
1 1563816340
2
2
1 3004271028
2
1 1301326416
3
3
1 3199309595
2
1 1848500040
1 5142630
1 554309798
2
2
2
2
2
2
1 2877228815
2
2
1 1795646450
1 3376246049
1 181480683
1 1506294986
1 3638655427
2
2
1 44982590
2
1 1507919090
1 1807294726
3
1 2496784813
1 3197806842
3
2
1 1783737156
1 2825332617
2
1 3216081429
2
1 578431071
3
2
1 4143853021
2
1 1814623657
1 1383692082
3
2
1 68420090
1 1357548291
1 1155205073
2
3
2
1 3769890108
1 2719869068
3
1 3008547241
1 4209416644
2
2
2
2
2
1 4146834550
3
2
1 3262020397
2
3
2
1 1319311697
1 521231094
2
2
2
2
2
1 2909130560
1 3317714886
1 1764801109
1 2113572781
3
1 3999097497
2
1 3985208239
1 3537320647
2
1 935110659
1 2150521520
2
2
1 2293953462
3
2
1 1171973373
2
2
2
3
2
2
3
2
2
1 1896379502
1 3993519992
2
2
2
2
2
1 984352425
2
3
1 3415277758
2
3
2
2
3
2
3
2
1 624137955
1 2580357775
1 2261375878
1 114067519
2
2
1 2095688740
3
1 2279609314
2
1 52404120
2
3
1 2585027559
1 379529533
2
2
3
1 3879645505
3
2
1 3185815048
2
2
2
1 2440894900
2
1 3015082424
3
1 3651331734
2
1 3513073965
1 4031993948
2
2
2
1 3470784916
1 322202817
2
2
2
2
1 2547097837
1 380791612
1 2505288383
1 4238945420
1 1480643641
1 3227226439
2
2
2
2
3
2
2
1 3468780004
2
1 3774606891
1 381182624
2
2
3
2
1 3819607442
2
1 2063862048
2
1 789868369
3
2
1 996517684
1 77461931
2
1 3308304744
2
1 2736816795
2
2
2
1 948454293
2
3
1 1559029042
2
2
1 2120433087
2
1 1061729329
1 1379444251
2
1 825731306
2
2
1 3008160631
3
1 1351488063
2
1 1467472336
2
3
1 2998504879
2
1 3505077153
2
2
1 3064145714
1 2294402451
2
2
3
1 1518530022
1 3950775370
2
1 2997087451
2
2
1 702966954
3
3
1 869111138
1 2907223873
1 688538086
2
2
1 3715262865
3
1 136109814
2
1 3610546056
1 2671892899
3
1 2973930487
1 3708615282
3
2
1 484235535
2
1 802914511
1 1362718891
1 3361486710
3
2
1 3185767966
2
2
3
2
1 4019282426
2
1 3919131788
1 2359693113
1 3796718447
1 3187227672
2
2
2
1 3766129237
1 794956885
2
3
1 1577539903
2
2
1 1503283084
2
2
2
1 871582551
2
2
1 983950144
2
2
2
1 3763487741
3
2
2
2
2
2
3
3
2
1 1108677327
3
2
2
3
1 2169674204
2
2
2
2
2
1 307398520
2
1 666472578
2
2
2
3
2
1 1189931081
2
1 4070268260
1 2874975755
2
1 2892958505
3
1 4022593707
1 4266639897
2
2
2
1 1810912542
2
2
2
1 1816662307
3
2
2
1 4019041541
1 2447642725
1 1593198819
2
1 2500856639
2
2
2
2
2
2
1 3851081690
2
2
3
2
1 1664283941
1 1594546220
1 88113511
2
1 2200159813
2
3
1 2792027166
1 2629774881
1 3214784135
2
1 142457447
2
3
1 2150042635
2
1 3954269402
2
1 2290570436
2
1 1617606727
1 457828422
3
2
1 2342218868
1 1269373732
3
2
2
2
1 693144620
1 1001082354
1 2815227430
1 4099818562
1 2963582175
3
2
2
3
2
1 3231117075
1 3145953848
1 4240536893
2
1 1532461403
2
1 2244484405
1 1662706019
1 2151960809
3
2
2
3
3
3
2
2
3
2
2
2
2
1 1521348159
3
1 416461399
1 1358471467
1 1209428083
1 252612669
1 1528377436
1 291840376
2
2
2
1 676721181
3
2
1 3854710207
3
1 4595703
1 2380183565
3
1 2276020229
2
2
2
2
3
3
2
1 1045022744
2
1 3248956820
3
1 2808902643
3
2
1 3945850081
1 3513085457
1 105836067
1 3874845806
1 3439401923
2
1 2258501773
1 795868026
1 1813549850
2
1 114460559
2
1 1851172864
2
1 1824622194
3
1 2449369946
1 4149118371
1 1834993387
3
2
2
3
1 3299836106
1 3614820215
1 2183865906
2
2
1 2339161554
2
1 187269505
1 3090801112
3
2
3
2
1 3970521309
2
2
2
1 854015144
1 4132321584
2
3
3
1 527558420
3
2
1 3162993336
2
2
2
3
2
2
2
2
3
2
1 4047419704
2
2
2
1 2336025423
2
1 2752111353
2
1 489725276
3
2
3
1 2212888252
2
3
1 1527970735
1 1167417840
1 1885852127
2
2
1 1368450987
2
1 2713934574
3
1 912387945
2
2
2
1 2253777506
1 993760561
2
3
2
2
1 2225560425
1 3226657188
1 1876555503
2
2
1 1419679211
2
1 2828556579
1 2078822303
2
3
3
1 51760984
1 3191959664
1 2443755109
2
1 1248947466
2
1 1304838049
1 2816636933
3
1 1542734595
3
1 588446903
2
2
1 914134030
3
1 385728845
2
1 233609476
2
1 3196835374
1 4177449972
1 3279564170
1 2325213050
3
1 1832443739
1 2198464595
1 3807292015
2
2
2
1 781884125
1 717858355
3
2
3
1 2118857313
3
2
3
2
1 1343436103
2
2
3
2
2
1 976303054
2
2
1 733462151
2
2
2
1 94171232
1 1956936900
2
3
2
1 1107120426
1 3002027336
2
2
2
1 2307351283
1 1474661442
2
2
1 1190483215
2
2
1 1290219919
2
1 3637593288
2
2
2
1 2738335277
1 4122342027
3
2
3
2
2
2
2
2
1 1529266680
1 282434824
2
1 2377153918
1 1543726228
2
2
2
1 795907987
2
1 1706559728
2
2
1 132973897
1 3594367164
2
2
2
3
3
2
3
2
2
2
2
2
1 2228477971
2
1 3769044729
1 2230814645
2
2
2
1 3618939967
3
2
2
2
2
2
1 526798358
3
2
1 411452967
1 3779460207
1 2281628352
2
1 2091531867
2
1 1918172095
3
2
2
1 2245394813
2
1 3829828022
1 850734890
3
2
3
2
1 2996024706
2
2
2
1 798968869
1 1175877920
2
2
1 2850115622
2
2
1 2411507339
2
2
1 3486323610
2
3
2
1 2712374828
2
2
2
1 834055817
2
2
1 1547846128
2
1 3188009797
2
1 3031697815
1 2352225679
1 391995881
2
2
1 106016185
1 2497243346
2
2
2
2
1 2452249557
1 4191412565
1 2853116612
1 2154538291
2
3
1 1081427068
3
2
2
2
2
2
2
1 1603601393
1 1349316457
2
1 3729709244
2
1 2693179525
1 472472408
1 3446339164
3
1 277577566
2
1 3676942153
2
1 3768724619
3
1 3779766261
2
2
2
1 3411608750
1 3915137915
2
3
2
2
1 1548915550
1 1916851780
2
2
2
1 3852302439
2
1 1465008178
2
1 1090351733
2
2
1 205162921
2
1 2248039167
1 516809415
3
3
1 260473243
1 1147646133
1 4048253073
2
1 3490965363
1 4090308544
2
2
1 2477023178
2
1 3694675605
1 3566756029
2
2
3
2
2
1 1679309641
1 2220325690
1 195234119
3
2
1 3592852144
1 190088003
2
3
2
1 2730087973
3
1 2120293357
2
1 2532325787
1 4266484001
1 38462331
1 4223579281
1 329061151
2
1 2157191666
2
1 237358561
1 3564214445
1 4152703852
3
2
2
1 941738408
1 2608324425
1 4158776891
1 1370765659
1 2014946671
2
2
1 1709741293
2
2
1 190183165
1 1395776091
3
3
2
1 1554522089
3
1 1918319525
2
2
3
3
1 1190171716
1 2452905119
2
2
1 3584171298
1 518049591
1 1758912972
2
1 1592477175
2
1 1629643395
1 3637676676
3
3
2
1 3251491120
1 3577289824
1 1696331496
1 2991657519
2
1 134184694
2
3
1 2302322877
1 3690195618
2
3
2
3
2
3
1 3047852447
1 3357326228
2
3
3
2
2
2
2
2
2
1 455515264
1 2150156861
2
1 2903536014
3
1 4169630015
2
1 3432178183
1 1121148868
1 189777937
2
2
2
2
2
2
2
2
3
2
1 461956311
2
3
1 1574197740
1 4169209082
1 2977325270
2
2
2
1 1576343073
1 744689639
1 2082122782
1 1271239172
2
1 3407382484
3
2
1 3189330444
1 3757665414
3
2
3
1 1807812045
1 3551576008
1 3001150364
2
2
2
1 2626570280
1 2798318663
2
2
2
2
2
3
2
1 433189648
2
3
2
2
2
1 2151115129
3
2
2
2
1 2778164356
2
2
1 3770819154
2
2
1 47911289
3
1 4098239038
2
1 4006732693
1 3812757274
1 133475837
1 3388387061
3
1 3538638065
1 1407441260
2
3
2
1 3584081547
1 574315095
1 1181059322
1 3176446247
2
3
2
3
1 3735503432
1 279798466
2
2
1 3442571160
3
2
2
3
2
3
1 568298037
3
1 2222249691
1 2772937115
2
1 1938638408
1 3659167426
3
2
2
1 4090382225
1 468322393
1 1712345884
1 1462956633
1 2819030564
2
2
1 2952654810
1 3490735166
2
1 2360761826
2
3
1 2303406631
2
1 54035743
2
1 2643883375
1 378075305
2
1 4266494116
2
1 3046720374
1 2748207705
1 2621751443
3
3
3
1 251332698
1 3637865211
2
1 3342817938
3
2
2
2
3
2
1 2031242630
2
1 2814144135
2
3
2
1 2304440159
2
2
1 2945706956
2
2
1 1294493360
2
2
3
1 3499978119
3
2
1 629290934
1 3249015868
1 835638082
2
1 2830829157
1 1947274073
2
2
2
3
2
1 1885543958
1 3556068886
2
2
1 648928309
2
2
2
1 1479527835
1 768503883
2
2
2
2
2
1 2411266719
2
2
3
3
2
2
3
1 165395724
1 1606622843
2
1 1325212993
2
1 765235709
2
1 2747475033
2
2
1 3345999481
1 2941259480
1 2436290795
1 2444999621
1 1397546972
2
1 4245861116
2
2
2
2
2
2
2
2
1 4257417254
2
1 3721214205
3
1 3500007873
3
1 1197861939
1 2416141176
1 52291114
2
3
2
3
1 1263066770
1 3067706969
2
2
1 2045085696
1 293433925
3
1 3253512928
2
2
2
2
2
1 4193079395
2
2
1 723354821
1 1064893445
2
2
2
2
1 3333207447
2
2
1 3879503161
2
1 1010775686
2
2
1 2381354786
1 590598814
1 2717343009
1 2470820253
3
2
1 461104247
2
2
1 2648121299
1 598574948
1 993163648
2
2
2
1 1219287895
1 1739409257
3
1 2546483044
1 965859421
2
2
3
1 481202653
1 535832211
2
2
1 656902207
2
2
1 2904621314
2
1 2462850737
1 3046488786
2
3
2
2
1 722847074
2
1 96040831
1 112064138
3
2
2
3
2
1 686844781
1 2850248357
1 1359021435
2
2
2
1 3570213057
1 3066379637
2
2
1 3724282229
1 855182035
1 966757889
2
1 3618914332
1 2803287410
1 105799427
2
1 617643126
2
3
2
1 1055504849
2
3
1 2487177245
2
1 4075646293
1 675686416
1 1000131371
2
2
3
2
2
1 3570951247
1 1504475893
2
3
2
1 2264315090
1 1536014026
1 3071100204
1 3597782457
2
3
2
2
3
2
2
1 1264295112
1 2199476915
2
1 3097923421
1 1784601887
2
2
1 1006076300
3
1 1853449976
2
1 479896138
2
2
3
2
2
3
1 1333936301
3
1 752759837
2
1 3795704891
1 726623705
1 1625264517
2
3
1 596764299
1 669011120
1 1242016742
2
1 2636023817
3
1 2928553950
2
1 1969778114
2
2
1 2357093696
3
3
1 3433106699
2
2
2
2
1 1736302658
2
1 2494879947
2
1 3579267885
2
2
1 3138899198
1 3267245095
2
1 114780117
1 1854219821
1 3418569516
1 1522144053
2
1 3527542640
1 85910417
1 1615401625
1 1592775351
1 1362696693
2
2
2
1 3947295478
1 1149936612
2
2
1 2173273126
2
1 2884648815
1 1815317242
2
2
2
3
1 2382519475
1 3073309989
2
2
2
2
1 1384974632
2
1 3149056270
3
2
3
2
1 3800408247
3
1 2954545222
1 388638278
2
1 2688718252
1 3560853515
2
3
1 2267985432
1 1553609890
1 2128409398
2
1 4261746948
2
3
2
2
1 2870411277
2
1 1694965794
3
1 1864184815
2
2
1 1030056904
3
1 4159343344
2
1 1135628011
2
2
1 2438959699
2
3
1 4232182171
2
2
1 317758861
2
1 1117840537
2
3
1 1854393569
2
1 2392936335
2
1 1077275049
2
2
2
2
1 2535491657
2
1 3704863687
2
3
2
1 2717228727
2
3
2
1 2136850772
2
1 3116965868
1 1635430152
3
2
2
2
2
1 1116397879
2
1 2880844105
2
2
2
3
2
1 64615264
3
2
2
3
1 2340364450
2
1 764452829
2
1 3441269352
2
2
2
1 3133730582
2
2
1 622161789
2
2
1 1698619534
3
2
3
1 3224153177
1 2686916941
1 374197240
3
1 2217850083
1 4062907882
2
1 882584635
1 3052312405
2
2
2
2
2
1 3377981456
2
2
1 875742119
2
2
1 542778061
2
2
1 4104324093
3
1 806244559
3
3
2
2
3
2
2
1 937182248
3
1 3923745158
1 3400338057
1 629544195
1 1110766445
2
2
1 702551601
2
1 97587873
2
1 3979637044
3
2
1 3184024286
1 2387703530
2
2
2
1 2479825649
3
2
1 914288583
1 1276487662
1 1857173297
3
3
2
2
2
2
1 3888165030
2
1 2002028647
1 620271614
1 3811465846
2
2
3
2
2
2
2
1 2409203452
1 3157412233
2
3
2
2
1 3520807641
2
2
2
2
2
2
2
2
1 3472028712
1 3352124735
3
1 1494622329
1 154480967
1 3889094497
1 3270885046
1 3351138527
3
3
2
1 750020205
2
2
2
2
1 105442369
2
3
1 414305283
1 829141806
2
2
1 1621872353
2
2
3
3
3
3
1 644625536
3
3
2
2
2
2
2
2
2
2
1 288024290
1 1066562631
1 1607801810
1 537194622
2
2
3
2
3
1 3255926263
2
2
1 3498106787
3
1 1692475851
2
2
1 3841482604
2
1 4149681692
3
1 2930890179
2
3
2
2
2
1 2399565252
1 3092565692
2
2
1 822635577
1 877062998
1 2526102157
2
1 551592084
2
1 2452175797
2
1 2655486663
1 1595597180
2
1 2329858360
1 2862213719
2
2
1 3789396853
1 2827633883
2
2
1 1543479428
2
1 1662181601
1 2714493467
3
1 2213677701
1 726599833
3
2
3
2
1 3322560757
2
1 4259711144
2
2
2
2
2
1 613019956
2
1 3772052944
1 2193416071
1 4225105299
3
1 838394694
2
2
2
1 991881592
2
1 1339767102
1 1548011450
2
2
1 4194733740
2
2
1 1708469984
1 3439798460
3
2
2
1 1844257457
2
1 1718062133
2
2
3
2
1 1459147679
1 142670194
2
1 2438165246
3
1 3976608939
1 236049952
1 2613448737
1 2422301633
1 232392083
1 3421937268
2
1 432933915
2
1 1764979978
2
1 3764613789
1 4056860719
2
1 3053466280
1 683193813
1 53175416
3
2
2
1 2108837471
1 815864063
3
1 1861357119
2
2
3
2
3
2
1 1908380710
2
1 2408370572
1 2317043774
2
1 1775360714
1 3247150510
2
2
2
1 343671123
2
2
2
1 615890049
3
2
2
3
1 1429641892
3
2
2
3
1 3934896822
1 2809192330
1 1342337038
2
1 3247613411
1 2595486162
3
1 3646481174
1 368620935
1 319452232
1 3818422148
1 403842708
1 1657839221
2
2
1 2119656161
2
3
1 4115842407
3
1 1624209461
1 266423089
2
1 1319783498
2
2
3
2
2
3
3
3
1 101439479
1 3263645056
1 2991380061
2
2
1 1011251956
2
2
1 2108166546
2
2
2
2
2
2
2
2
2
3
2
2
3
1 3239346548
1 3236680339
1 2953928908
1 1522597347
3
1 711701282
2
1 3753144512
3
1 2883290846
2
1 4044455030
2
1 138127707
2
1 683040602
1 959593818
1 2651801749
1 1223730863
1 3189991051
2
1 4024877263
2
2
1 47462189
2
2
3
1 407368143
1 1752143266
2
2
1 2226101490
2
3
3
1 2474832969
3
1 2260655321
3
1 620077448
3
1 2239496943
1 155072400
1 2576712577
2
2
2
1 1486412090
2
2
2
3
1 689824076
3
2
2
3
2
1 3344756738
1 85651255
2
2
2
2
2
2
2
2
1 494117722
2
2
1 630128699
2
1 3886129557
3
1 2866622005
3
1 3658159162
1 2702765005
2
1 4001111967
3
1 3053661461
2
1 2678938062
3
1 995485943
1 4068852811
2
2
2
1 1001402773
1 1152519572
2
1 191148147
1 2379590659
1 2709419445
3
2
2
3
3
2
1 1088549296
2
2
1 2873355148
3
2
2
2
2
1 2720179514
1 1365377966
3
3
2
2
3
2
1 1509791279
2
1 778686123
2
1 3365182209
3
1 3501711417
2
2
3
1 2470895854
1 2399580523
3
2
2
2
1 1446657944
2
1 3158291264
1 1397767474
1 2435895276
2
2
3
1 3153888348
1 1170393761
1 3485672915
1 1733578170
1 413369566
1 74403940
2
1 2486067623
3
3
2
2
3
1 3768107437
1 1133263996
2
1 3706361301
1 2881995233
2
1 425959144
2
1 653129093
3
2
3
1 1039361885
1 1762908517
1 1552897394
3
2
2
1 2919663868
3
2
1 663634866
1 504446194
2
1 647005512
2
1 1055993131
1 498858889
2
2
2
2
3
3
2
1 2290441680
3
3
1 1255079321
1 3632500911
1 2848933371
2
2
2
2
2
3
3
2
1 2298615317
1 2392155553
1 2758285636
2
1 2737799227
2
1 4205660066
3
3
1 2800104383
1 3468823092
2
1 3207318659
2
1 3580023606
2
1 1374451896
1 244003821
2
3
2
1 907447221
2
1 3582046522
3
1 3987781139
2
1 2475293765
1 3968083195
2
1 2705317043
1 3132096932
1 2292861915
2
2
2
2
3
2
2
1 2800104862
1 4149550112
2
1 398211229
2
1 815661941
2
2
1 1946171000
1 1007079043
3
2
2
3
2
1 527979253
2
2
2
2
1 317653450
1 2257310739
2
3
1 2890936492
3
2
2
1 1333901395
3
3
2
1 328918331
1 981693259
2
1 2598575330
2
1 3352790907
1 2456455573
2
2
3
1 2266060477
2
1 2708710253
2
2
1 4026840666
1 3550168615
2
2
2
3
3
2
1 323623614
3
3
3
2
2
2
3
2
2
2
3
2
3
1 2882218285
2
2
2
1 787710227
1 3706540571
1 763306174
1 3276434281
2
2
3
2
1 3487906372
2
3
1 3516711784
3
1 1692581069
1 2332519740
2
1 2319455673
2
3
2
1 4257252373
2
2
1 2970166225
3
1 1056951424
2
1 4054093830
3
2
1 2968840091
3
3
3
1 2279585945
2
2
1 1456249903
1 3708351841
2
2
2
2
1 1972661228
1 3014877447
2
2
2
1 4109327823
2
2
2
2
2
2
1 3413242415
1 169644202
1 3821136711
1 862113561
1 381079758
2
1 2814397749
2
1 630522802
2
2
2
1 2687794254
2
2
1 473054795
2
1 2500170405
1 3887952349
1 765589591
2
2
2
2
2
1 1154007272
3
1 3733084952
3
1 1144615871
1 3644360900
1 1424894583
1 3535403
1 3324707648
2
2
1 3468531429
2
1 3505584530
3
2
2
2
2
3
1 1363069179
2
2
1 2641103679
2
2
1 2554133422
1 582618209
1 3637902985
2
1 887589002
2
3
1 481688292
2
2
2
2
2
3
2
1 3664324916
1 1523673954
1 338413476
2
1 2080355713
2
2
2
3
1 4148532866
2
1 1082191073
3
1 1834363560
2
2
2
1 2486444549
2
1 3985024234
2
1 4254489574
2
2
2
3
1 3235144065
1 195801469
3
2
1 3128208650
2
3
1 3768091657
2
3
3
2
1 2320184451
2
1 2629013700
2
2
1 4240693564
3
2
1 1634847223
3
3
3
1 4028542844
1 4213629631
2
2
1 1317056484
1 813002233
2
1 3178389357
2
1 3481008061
3
1 1146423875
3
2
2
1 913024910
1 3403798718
3
2
1 3636142149
1 546008746
3
2
1 589240047
2
3
3
2
1 1399988982
3
2
1 561875478
1 2790973009
1 1098104241
2
2
1 804172086
2
1 3844005489
2
2
2
3
3
2
1 1692018535
2
2
1 3417889783
2
1 3317031833
1 2867591727
1 3721808080
2
2
1 3762992727
1 3363103317
2
2
2
2
2
1 2451567710
1 57306019
3
1 802490446
1 1462445937
2
3
2
3
2
3
1 629914985
1 894722988
1 1123799249
2
3
2
1 2288694747
2
3
3
2
1 1657506358
1 2680264789
2
2
1 558912908
2
1 2023380162
1 932323006
2
1 906441234
2
1 2978213634
2
2
1 4210538540
2
2
1 306315434
2
1 2838681126
1 1604704533
3
2
2
2
1 1486689604
2
1 4226127614
3
1 203831212
2
1 2967480005
3
1 3946530688
1 1749494512
1 3224097845
2
3
2
2
2
2
3
3
2
1 2451542443
2
2
1 4236759254
2
1 3726737854
1 4281358450
2
2
1 959139113
1 1518834945
2
1 3618933203
2
2
2
1 4045085109
2
2
2
1 2773432364
3
1 1981413854
2
3
2
1 2880021104
2
1 3822724999
1 660226962
1 4041491423
2
1 1623592605
1 1270334390
3
1 4239955452
2
1 1044946184
3
1 1797538717
3
3
1 2913378928
2
2
2
2
2
1 3829713635
2
3
1 104970535
1 2140347429
1 798008055
2
1 3410499086
3
1 2364386178
1 1630556803
2
1 429098588
1 251515099
2
2
2
2
1 1121052503
2
1 1079311796
1 860901206
1 3115575679
1 321314459
1 3734453
3
1 1698071572
1 484693818
1 3646085060
2
2
3
2
2
2
1 3432857963
1 58510300
3
2
2
1 1401637709
3
2
2
1 211402186
2
2
2
1 2725647357
1 3818699124
1 2642644912
2
1 2663676713
1 4027730536
2
1 3545386406
2
2
2
2
2
2
3
2
1 719784919
1 2608349302
2
1 1037480056
1 1953026441
2
1 100993220
1 3319772257
1 4186429956
3
2
3
2
1 2679194652
2
1 1793767978
1 138673584
2
2
1 826858063
1 2349933394
2
2
2
3
1 1850390889
2
1 3070859370
1 2093660500
1 823070688
2
1 2131785844
2
2
1 2603219864
2
3
2
3
2
2
1 2938422542
2
1 2718711328
1 3196581581
1 2531744690
2
2
3
1 93459496
2
2
1 3226933937
2
2
1 2010273893
1 3540341660
2
2
2
2
1 1217132702
2
2
1 2662481283
2
2
2
1 2401324228
3
2
1 3009519867
1 3992088044
2
1 2150293869
1 3488319356
1 2844056406
3
3
2
2
1 4081273190
2
3
2
1 1512064749
1 22273752
2
2
1 636668552
2
2
2
2
1 436742108
2
3
3
1 4079323091
2
2
2
2
2
1 2048836541
3
2
1 2640704667
1 807597414
1 107960474
3
1 1413577127
1 921890067
2
1 1998137436
3
3
1 1552869980
1 1339068582
3
1 1151913331
1 1613013322
2
1 3255687021
1 3713082339
2
2
3
1 2905562339
3
2
1 148757348
2
1 1140391586
2
2
2
2
1 1992095119
2
1 3149695822
1 978766378
2
3
1 3777321751
1 404770828
3
3
1 4037668927
2
1 3708853115
1 1220157976
2
2
2
1 952422459
1 4172377792
1 1907541267
1 2211684348
1 224265142
2
2
3
1 237111059
2
1 3863311610
2
2
2
1 662394482
1 1985020338
2
2
2
2
3
1 2274985869
2
2
1 3112711971
2
2
3
2
3
1 1248651148
1 3277212922
3
1 1241845457
2
1 1353220737
1 2529841037
2
1 2182102333
2
1 863330006
1 3246508968
1 3719849367
2
3
1 2930335859
2
3
3
2
1 1560165662
1 3974172503
2
2
1 966660193
2
1 364332130
2
2
1 2876283255
2
1 755503010
2
1 1344047443
2
2
2
1 3241135939
2
1 4131775914
3
2
2
1 719950224
2
2
1 1704355319
1 157349440
1 1461759947
2
1 3014551981
2
1 1349549194
3
2
2
1 3455159433
1 2735549402
1 1055514528
2
3
3
2
1 4117771768
3
2
2
2
1 1596447374
3
1 3054948481
2
1 4089555731
1 2619872600
3
1 669992207
2
2
1 4229671448
2
3
1 3508979870
2
3
2
2
2
2
1 1338756316
1 2663437332
1 434399599
1 3322892895
3
2
1 477057382
2
1 87997519
2
2
1 3671996648
1 1524082595
2
3
2
3
2
2
2
2
2
2
2
2
2
2
1 887668471
2
1 2288467346
2
3
1 816771034
1 321095644
2
2
3
2
1 3538742378
2
1 1495480899
1 849509148
2
2
2
1 4183071240
1 2229738931
2
2
1 656094958
2
2
1 904164318
2
2
3
3
1 3012158090
2
2
1 636554489
1 910738222
2
1 391261544
2
2
2
2
3
2
1 3917388617
2
1 1816242967
3
3
3
1 1916263718
3
2
2
2
1 2931329923
3
2
1 1402745317
2
2
2
2
1 3909109798
3
1 935446662
1 2997889777
1 2495700695
1 2329468224
1 3758047885
3
2
1 959467604
2
1 791817080
1 1743396684
1 4072688810
1 172583441
3
1 2696795762
2
1 3551504276
1 4121590587
1 3279034144
1 3923502859
1 2129616362
2
2
2
2
1 357735294
1 3959568943
2
3
2
2
2
2
3
1 2687660930
2
2
3
1 2298443283
2
2
3
2
2
1 4095457214
1 4205140040
1 756132083
1 3567962254
1 3104564300
1 3951381847
1 1124224961
1 2863861549
2
3
2
2
2
1 1492570950
1 1016091893
2
2
1 1694069858
2
2
2
2
2
2
1 1866763477
2
1 1434885274
2
2
1 3346614566
1 588345869
1 2919485309
1 1654894061
1 716704032
3
3
1 14115232
2
2
2
1 3169753918
1 3466056856
2
2
1 896821355
3
2
2
1 2728369754
1 1741659461
3
1 603151720
2
2
2
1 1257225429
2
1 2203266593
1 3377431772
2
3
2
1 752531583
1 4132421247
1 105732178
1 3821817856
3
1 1041985269
2
1 3362057548
1 2254023972
2
2
1 2152713511
2
3
2
3
1 1147296156
2
2
1 2223525695
2
1 1472497324
3
2
1 3344766136
1 3859487575
2
1 695652848
1 891850448
2
1 446314659
1 4186693049
2
1 1128041249
2
1 1788593870
1 2377270381
2
1 317003196
2
2
1 2025616723
3
2
2
3
1 2362969571
2
3
2
1 2819197611
1 2188663334
1 2543542118
1 4076895263
2
2
1 2605561836
3
3
1 482838875
1 3325639329
2
3
2
2
1 3305469772
2
1 3825367630
2
2
2
3
3
1 2172288516
2
1 3811655703
2
2
2
3
3
2
1 2195589311
1 2585277087
1 1309381455
2
1 4233068597
1 3847900726
2
2
2
2
2
3
3
2
1 3994686518
3
3
1 1542771668
2
2
3
2
2
2
2
2
2
2
2
2
1 2963054355
1 728404393
2
3
1 1614604702
2
1 47558995
2
1 4197361734
2
1 2548737195
1 3637868338
2
1 598859936
3
1 2057589390
1 2449261096
2
3
3
2
2
1 4039035149
3
3
1 399565057
2
1 1824291919
2
1 702695031
2
3
1 2132618046
1 2004786663
3
1 3759991954
2
2
1 4179210198
1 1668145911
1 3952947101
1 1916547482
3
2
2
2
3
2
1 1674789670
2
3
3
1 1056805388
3
2
3
2
1 1184888139
2
1 2417643878
2
1 2601479180
2
1 332207444
1 2811336263
1 3108613820
1 3206693569
2
1 1022605291
1 2929637399
2
2
1 2726504659
1 1743406135
3
3
1 1652636870
2
2
1 2523626613
2
1 1569512293
2
1 650258443
2
1 2796109717
3
1 2824548695
3
2
1 2210223117
2
1 2273325650
2
2
2
2
1 70063261
3
3
3
1 3205893670
2
1 173415609
1 3761309939
2
1 1417342372
2
1 1078476406
2
2
1 3758282372
2
2
2
2
2
2
2
2
2
1 3153509919
2
1 2427470189
2
3
2
2
2
1 2199580174
1 133543940
3
2
1 1698374531
3
2
1 3209320033
1 4187045996
2
2
1 3643459953
3
1 4232023176
2
2
2
1 2342888477
1 594559622
1 637744390
2
3
1 3434870305
3
1 2882009124
2
1 3374683015
2
1 580941143
3
3
1 1794247363
1 1225172039
1 2389145298
1 3557861357
2
2
2
2
2
1 1819203942
2
1 1008976508
1 1191716183
2
1 902025397
1 2907881875
2
1 2962369593
1 503946419
1 2547462528
3
2
2
2
2
3
1 2040103237
1 2939232066
1 3204587902
1 749259505
2
1 2445365135
1 3771927236
2
2
2
2
2
1 1730772580
2
2
1 3912538553
1 949710343
1 1482832554
1 3286033432
2
2
1 3986136545
3
1 2361073207
3
2
1 3244630804
2
2
2
2
3
1 1056063891
2
1 2376952724
2
3
1 3603888337
2
3
2
1 249821237
2
3
2
3
3
1 1140482315
1 1373610221
1 3517051430
1 4207098897
2
2
2
1 4161776011
2
2
1 2514186366
1 3706678096
3
3
3
2
2
3
1 414080573
2
3
2
1 3052135251
2
2
3
1 3251628875
2
2
1 1473306687
1 1646544810
3
1 2640589420
1 906298582
2
2
2
3
2
1 3887303954
1 3682220446
1 709161006
3
2
2
1 1245909965
1 2607007990
1 3730010882
1 851306476
2
2
1 3990428622
3
2
2
1 3215126593
3
1 2505921338
2
2
1 3751112100
1 698475950
1 3642997880
2
1 2359048839
1 653250847
1 2656970053
1 351204720
3
2
1 1917499688
2
3
1 977037301
1 4044667925
2
1 3329280518
1 3609632740
1 4233885622
3
2
1 241624533
1 3453167729
2
1 1274632895
2
2
1 3740522603
2
1 904931001
2
2
1 536216279
3
2
2
3
1 2486573319
2
2
1 1031642006
2
2
3
2
1 1830924820
2
2
1 155422854
1 1312500824
2
2
2
1 1204644638
2
2
2
1 2162089156
3
2
2
1 2114806558
1 415428427
1 2849525591
3
1 94433798
2
1 2374407414
2
1 638772792
2
1 403736138
1 3830985210
1 3868309145
1 2064965852
3
2
3
2
2
1 3555663014
1 3493847605
1 1865924353
2
1 2366699928
1 2870388872
2
2
2
1 1259410484
2
3
3
3
1 2304593197
2
1 4217233537
2
2
1 926649015
1 1300722274
3
1 1570853299
1 365025260
1 2675867217
1 734673731
1 1482287260
2
3
1 1317623880
1 2469085752
3
2
1 4180092499
2
2
2
1 1167110867
1 3955514914
1 2995551058
2
1 401706060
1 2210509985
1 711875034
3
2
2
2
3
1 309552872
2
1 466120673
2
3
2
3
1 3144245813
2
1 458805644
2
2
2
2
3
1 2124399062
2
1 3439289142
2
2
1 589161223
2
2
1 1043319924
1 1518517676
1 2660890893
2
2
2
2
2
1 729457735
3
2
2
1 2580691844
2
1 3745564303
1 3636720660
1 3830196378
2
2
2
2
2
2
1 3603420456
2
1 2283298943
1 3099002880
2
1 2379406890
1 2597866540
1 3251366059
3
1 790717039
2
1 336563156
3
1 3775549727
3
1 3724826382
1 430382468
1 80354806
3
2
2
2
2
1 1601179113
2
3
2
3
1 1835041223
3
3
1 4065287463
2
2
2
1 2187424258
1 1574231078
3
1 814626541
1 129043133
2
1 1539001418
1 1306451780
3
2
3
2
2
1 4181758507
1 2496646505
2
1 445655270
1 3072129185
1 2737035528
3
2
1 2087672927
2
3
1 647865633
1 2648267753
3
1 345913884
2
2
1 4149689271
1 3067890805
1 1651067597
3
2
3
2
2
1 1627165248
1 3696479875
2
2
2
2
2
2
3
2
2
2
2
3
1 3971456473
1 2670667353
1 927354170
2
1 71293425
2
2
3
3
1 2814243148
2
2
1 3160249775
1 3614169682
2
2
2
2
2
2
1 3219298468
2
1 3043689774
1 1750158083
1 2933848858
2
2
1 3005672689
2
3
1 54224157
2
2
2
3
1 3781437255
3
1 1336407720
1 4230674590
1 1961042488
2
2
3
1 3866960666
3
2
1 1680693473
1 1596075933
1 4197402225
1 795276619
2
3
2
2
1 241081602
1 2462338536
2
1 2414929051
1 884810373
1 370796952
3
1 2162244691
2
2
1 427703227
1 560293828
1 2591265597
3
3
1 3421488881
2
3
3
2
1 3028985293
1 583707284
1 3623742605
2
2
1 1133532738
1 1741074628
2
1 2458322786
2
3
3
1 3288893964
1 4206063040
2
1 475766734
1 983843642
2
3
2
1 998526624
1 1865478786
2
2
1 516911788
2
1 3673292716
2
2
1 1188384338
1 1898020214
2
2
3
1 531566029
2
1 3454241783
3
1 2994298515
2
2
1 3854419366
3
2
1 3661516985
1 401845413
1 3089002553
2
2
2
2
2
1 3539855758
3
2
1 292386866
2
2
1 2829169200
2
2
2
3
3
2
1 1050480895
2
2
2
2
3
2
1 3985481025
2
2
2
1 655285413
3
1 3167297911
2
2
1 407331257
1 2435713809
2
2
2
2
2
2
2
2
2
2
1 892718867
1 716900850
3
2
1 2987439295
2
1 3045847167
1 1606732816
1 2893303571
1 2620167816
2
2
1 2467144206
3
1 2330483817
1 587249014
2
1 173106824
1 1502645322
2
2
1 2019134097
3
1 3857847067
1 2385597058
1 1062142645
1 1875195978
1 4066952872
2
1 3822031776
2
1 2955367890
2
2
1 2664113013
1 2101742911
1 4139662885
2
2
3
3
2
1 1075666688
2
1 3563720783
2
2
2
2
3
2
1 3975059631
1 1364681133
2
1 1771257278
1 1872123587
2
2
2
3
2
2
1 2852419567
1 1480421241
2
1 3851195061
2
1 3864158068
3
1 3804633181
2
2
2
3
3
3
1 2926271158
1 3718712105
2
2
2
3
1 2668087382
3
2
2
1 609092283
1 137961755
2
2
2
3
1 1937898477
1 4152849443
2
2
1 3519395077
1 570577373
2
2
2
2
2
1 1327364361
2
2
3
3
1 1109112830
1 3253369079
1 376604826
2
1 1001265910
2
1 1841546071
1 249169181
1 1409707439
2
2
1 2218345105
1 2600274175
2
1 510102643
1 2447150273
3
1 4288126343
2
2
1 4108326645
1 1883768132
1 2216071500
1 2355695454
3
3
2
2
2
1 2751102339
1 845282832
2
2
2
1 610878819
2
2
2
3
2
1 560013373
3
3
2
1 3368954475
1 3537907273
2
1 429200583
1 516848940
3
1 1533394179
1 2103379894
1 1962078134
2
2
1 4096740801
2
1 769899785
1 1095766099
1 940893591
2
2
3
1 784698653
1 1853010410
3
1 1640784634
2
3
2
2
2
2
2
3
2
1 1614433430
2
2
2
1 3355996097
1 3960627592
1 266999440
2
3
1 1376444575
3
2
2
2
3
1 170200806
1 847275108
2
3
2
2
2
3
1 2299103372
3
2
3
1 2110315561
2
2
1 1370038587
1 374488892
3
2
1 1787793472
2
2
1 1280894693
1 1834096020
1 1266485968
2
2
2
1 3319999286
1 1264003642
1 3196152608
1 1838585705
2
1 690311633
2
1 2989582636
2
3
3
1 3003120907
1 682706320
3
2
1 2909462161
1 514182274
2
1 2922311071
1 2455917943
3
2
1 1611118266
2
2
2
1 2978941595
1 2481191715
2
1 2215742962
2
2
3
1 3148079717
2
1 52961628
2
1 1039588701
2
1 3459339246
3
1 2356098618
2
3
2
3
1 1478250336
2
3
1 2501252924
1 4076617051
2
1 803007889
1 534858529
1 3443871920
1 702491121
2
2
3
2
2
2
1 2590427812
2
1 2754062660
1 3264561648
2
1 812677881
1 2437498371
1 2025786740
3
1 381324723
2
2
1 1668302519
2
2
3
1 2303792693
1 3178857174
1 1577757054
1 4019516630
2
1 1890896277
1 1189575173
1 3074586276
1 1820822689
2
2
2
3
2
1 1267163013
2
2
1 927824395
1 2662816993
1 2968937171
1 786743710
1 214178238
1 3232914360
2
1 374044684
1 2439858329
2
1 743637568
2
2
1 3434594045
2
1 2657465217
1 2070952506
2
2
2
1 2257420214
2
3
2
2
3
3
2
2
2
1 1490959603
2
1 3408186449
1 3436095151
2
1 3155650482
1 832138957
2
3
2
1 2977260135
1 493471329
1 2372418988
2
1 2014956141
1 1892406348
2
1 3244502897
1 1405496395
1 940136204
1 3252098813
1 107049269
1 2368212845
1 1436719460
2
3
2
1 1491967832
1 3323522848
2
1 4145058073
3
2
1 1207331246
1 3567298781
2
2
1 4248373637
2
3
2
3
2
1 3073265256
3
2
3
1 3197274425
2
1 345892755
3
1 2473555923
3
1 1230728948
2
2
3
1 278003817
1 3474389749
3
2
2
1 964678934
2
2
2
2
1 572005099
1 991970634
1 2725247768
1 1887606326
3
1 1085996177
2
1 1227623644
2
2
1 353706605
3
2
1 81584392
1 679715502
3
1 1767046842
2
2
1 1464115895
2
2
1 424321851
1 102979555
1 859041017
2
2
1 3440512181
2
1 1950728053
2
2
2
2
1 2796510805
3
3
3
2
2
2
3
2
1 277266195
2
1 659385244
3
1 2549289049
3
2
1 1430406433
1 3162802890
2
2
2
2
2
3
1 1576999409
1 2036517387
2
2
1 2012482893
3
1 2070649973
1 4105357027
1 3441498486
1 2373539828
2
1 693582741
2
1 1742503388
1 2355550332
1 3158657812
2
3
1 2080281364
2
2
1 2997855980
1 2384580485
2
1 3372333442
1 369123570
1 4020785071
3
1 2116194226
2
2
1 2184278481
2
1 4005876075
1 1443686745
2
1 3167469260
1 2809496288
2
2
3
1 3374862493
1 2893213452
2
2
2
3
2
2
3
2
2
2
2
1 485706470
2
3
2
1 622164832
3
3
2
1 523682873
3
2
2
1 3319636582
1 3517807919
2
2
2
1 2444060655
2
2
2
1 3857271724
1 2760942390
2
3
3
1 781580855
2
2
3
2
2
2
2
2
1 3629612639
2
2
2
1 2659728944
2
1 298511829
2
1 1683010135
2
2
1 4033582347
2
2
2
3
2
1 293662632
2
1 3335625198
1 2657715174
2
1 4111882560
2
2
1 1929908795
1 1650556291
1 3084033939
3
2
2
3
1 1834489810
3
2
2
2
1 3201188968
2
1 3907876213
1 1822000397
1 739657012
2
1 3517593815
2
2
2
1 1165112117
1 1166689192
1 1006312551
2
2
1 4209498782
1 2832834937
3
3
2
1 4043134022
1 2424764654
2
1 1543206569
1 691257396
1 169586780
3
2
3
2
1 2915425891
1 2850427275
2
1 3322610619
2
1 3455142030
2
1 1913392180
2
1 1325138543
2
3
2
1 3069750874
2
2
1 3397679301
1 41246795
2
2
2
2
1 4289190885
1 3139439898
2
2
2
1 981518326
2
1 876919981
1 2625506832
1 516691525
2
2
2
2
1 3600635620
1 2430435202
1 1709129924
1 1976221593
3
2
2
3
2
1 862549875
2
2
1 4127879090
2
1 2775149392
2
2
2
1 2075947850
3
1 3506977700
3
1 3420762448
1 984553104
1 1307576884
2
1 2649073605
1 698268003
1 2548292586
2
2
1 965689659
3
1 1485881131
2
2
3
1 3915240485
1 2005227939
1 3541771886
1 810680610
2
1 3534640620
1 1016442257
2
2
1 296689396
2
2
1 3861244093
2
2
1 114442038
3
3
1 3763452510
1 2205283354
3
2
2
1 1262663393
3
1 1726487347
2
1 2664690684
3
1 2947446399
2
1 1720872206
2
2
2
2
1 1557256916
2
1 277235501
3
1 1171369709
1 1597826892
1 3092014297
2
2
1 225212037
1 1731744802
1 3748453655
1 2770729377
2
2
2
3
1 728584645
2
2
2
2
3
2
1 260037518
3
1 749669032
2
1 1920123957
3
3
2
1 1702119598
1 2796952826
1 2073056702
2
2
2
1 2489012216
2
3
2
1 1921857400
2
1 79587958
3
2
3
3
2
3
1 3496476262
2
2
2
2
1 3780835897
2
1 1235302587
2
2
2
3
2
2
1 4239014077
1 389365886
1 253142193
1 901199875
2
2
2
2
1 837829054
2
2
2
3
2
2
1 332231634
3
2
2
1 1859082342
1 1276752963
1 1246745636
1 2921611359
2
2
2
2
3
2
2
2
2
2
1 399167516
2
2
2
2
2
1 3751236976
3
2
1 1881415960
3
3
3
2
1 2216454929
1 2048661817
1 2615385495
3
1 1205705870
1 2357377180
3
2
2
1 523430797
3
3
1 2714862355
2
1 2525060408
3
1 642332341
2
1 1551695316
1 396302788
2
1 2719537934
1 829650415
2
3
2
1 2094592627
2
1 2287498215
1 1721958322
2
2
1 1889628746
1 1117472756
2
2
1 3480151137
2
1 41100503
2
2
2
1 3909716933
2
2
1 2842248178
2
2
2
1 2059086443
2
1 2539838503
3
2
3
1 4132577640
1 2182821947
1 1671942336
2
2
2
3
1 2978034597
2
3
3
1 3974286103
2
2
2
1 1145097001
1 1083409656
3
3
1 3940689220
1 3372425765
2
1 3404988278
2
2
1 486688478
3
1 2554387816
2
2
3
2
1 3432431802
1 1525944395
1 2771795184
2
1 3816229893
2
1 2498586137
3
2
1 3390896027
1 1527113890
1 3048106062
2
2
2
3
3
1 4180317556
2
3
1 890422509
1 222780716
2
3
2
2
1 1584775958
1 1966317787
1 1474712912
2
2
2
3
3
1 91594061
3
3
1 278811371
2
2
3
1 776778437
1 3240502276
2
2
2
1 1422541472
1 1933977353
1 558933317
2
2
2
3
2
2
1 1284287600
1 3568668483
1 3323018013
2
2
1 4080858102
3
1 1521641750
1 2512757071
1 3076973424
2
1 352188571
1 3021833833
1 2859068536
1 321458516
1 2184258065
1 1827306962
2
1 1951647306
1 1272005582
1 2756048405
2
1 4088047757
1 2132826932
1 2128191340
3
2
2
1 3891340714
1 1184313826
2
1 3610478023
2
2
3
1 3304872829
2
1 2436892068
1 3307911182
3
3
2
2
1 1882320024
3
2
1 2714981289
1 1538893519
1 1275549377
3
3
2
1 2041750942
2
3
2
2
1 4080200042
2
2
2
1 4164311421
2
1 3420744207
1 1590033259
2
2
1 3242560412
1 673766593
3
2
1 1805347055
1 2195141926
1 2938086368
1 3325963952
1 3854911448
2
1 788882984
3
2
2
2
2
2
1 1967454182
1 3833676265
1 3014132058
2
2
2
2
2
1 4231887760
2
2
1 2287928295
2
1 4213534515
1 9747142
2
1 318781095
1 1288709864
1 534800567
2
3
2
1 1377802547
2
2
3
2
2
1 2505426229
3
2
2
2
1 111954805
2
2
2
2
1 3123603229
1 2403840325
3
2
1 4125815788
1 3423156056
2
2
2
1 3922024252
1 951454411
1 4232500208
3
1 42398182
1 2585796525
2
2
2
2
2
2
3
2
2
3
2
3
2
2
2
2
1 107473115
2
3
3
3
2
1 1700534754
2
2
1 3125667976
1 3304667270
3
3
2
1 400092919
2
1 4071672151
2
2
1 2541372918
3
2
1 1100177682
1 831062404
2
2
2
2
1 4016145629
1 3315266636
1 3988887089
3
1 2152714863
1 2363486577
2
1 1918707230
1 224491993
2
2
1 3927139037
3
2
2
1 987222622
1 2163442269
3
1 684641057
1 1229289423
1 3065860079
2
2
2
2
1 483417226
3
2
1 727180165
1 2681009583
1 2028918378
2
1 2447344177
2
3
1 1781989918
1 2970790759
1 1380283366
2
3
2
1 1819814985
1 1330491668
1 4122662208
1 1427006039
2
2
3
2
1 4014413637
2
2
1 3471340513
1 4034561780
3
2
1 3767545093
3
2
3
2
3
1 2280601903
1 3096777557
2
2
2
2
1 4151976036
3
2
3
1 3722387518
3
2
2
2
2
1 1039703847
2
3
1 406075049
2
1 2126930453
1 3555143039
1 3033752463
2
1 3552883334
1 409908660
1 1077836563
2
2
2
3
1 2192073166
1 2978434600
2
1 3066953124
2
1 776778133
1 3648735440
1 681205909
2
3
2
3
2
2
3
2
2
2
2
2
1 3998165085
1 3751906007
2
2
2
1 2111592330
2
2
1 72646596
1 1801970696
2
2
2
1 1816663689
1 3723393536
2
2
1 4213665120
1 1310796028
1 1164485245
2
2
2
2
1 1076345455
2
1 655256332
3
1 4268427975
2
1 2652481643
3
1 675496033
2
1 3404777377
1 1750543571
2
3
2
3
3
2
2
2
2
1 2716791095
2
1 2637639429
2
3
1 2922676846
3
2
1 2237042319
2
2
1 3959987461
2
1 311588311
2
2
2
1 3124747157
1 2791082301
1 2541973694
1 1060325976
2
1 3418338776
2
1 736590689
1 681786583
1 139950020
2
2
3
2
1 2151286110
3
2
1 157269323
1 1388294879
2
2
2
2
2
2
2
2
2
2
2
1 3991836372
2
2
1 2776714534
2
1 2995987031
2
2
2
1 3207367523
3
1 1358544933
2
2
1 4159692032
1 322405294
1 2559621424
2
2
2
2
2
1 3349166786
1 324734715
2
3
3
1 1749420519
1 1029790577
2
2
1 3398129842
1 2371054829
3
2
1 2510016665
1 2767034289
2
3
1 3321205984
2
2
1 730660937
2
2
1 1735371254
3
1 583748385
2
3
2
2
2
1 3016763566
2
2
1 539427416
2
2
2
1 3767806024
2
2
1 651919526
3
2
1 439295014
2
2
1 806128854
2
3
2
2
2
1 155392360
1 1116207818
2
1 1957320362
2
1 2074543114
1 4237523972
3
1 3837708233
2
2
1 777408005
1 2944592550
2
1 1977972449
3
1 39177224
1 1569941812
2
2
2
3
1 2608706977
3
2
1 3674141107
1 2640491384
1 2093735356
2
2
1 379311467
2
2
1 701754079
2
1 1464803852
2
1 2752335512
2
2
1 3702099191
1 1717150628
2
1 4062598131
1 216472039
2
2
3
3
1 3540438668
2
1 1259956935
2
1 2356807038
1 3166788756
1 3329435457
1 344007364
1 1247714797
3
1 3137925996
1 671244791
3
3
1 650382104
2
3
1 1017594899
2
3
3
1 2045478312
1 1855781295
2
2
1 2309714259
1 2081868040
2
2
2
1 3157393070
3
1 3913299136
1 1238996008
