98760
1 15973830
1 374476550
1 3107931664
3
1 1410540188
1 2642203289
1 3444959958
2
1 4024862395
2
1 575031564
1 4062486227
1 3755068625
1 744069721
1 1053076367
1 1412020420
1 504084687
1 1051416194
1 1677458425
1 933367024
1 1424660402
1 1867282582
1 3272634494
1 3105821121
1 4026228196
1 1493940506
1 1074746943
1 3343401946
1 2205533184
1 1911845357
1 714498445
2
1 4229933871
1 2634004689
1 486161078
1 172686767
1 3638457865
1 3596707563
1 102761065
1 3866178155
1 2950453408
1 2072091624
1 4127766679
1 2126494842
1 626878809
1 649439928
1 2581007142
1 567718152
1 3642281499
1 674680434
1 3859225669
1 1680889159
1 2797664549
1 2866099453
1 3928398199
1 3205196580
1 3413710864
2
1 1543998225
1 2086667355
1 715123159
1 1819427993
3
1 493537228
1 3764608895
1 43591507
1 1082535935
1 3844710356
1 1861196063
1 2847186526
1 2489551555
1 3429885824
1 1374754681
1 1990113176
1 38273882
1 2819839269
1 1654646838
1 2084701243
1 2862064507
1 1335066356
1 3554208210
1 2951757231
1 1024546580
1 3114703202
1 1529773309
1 3880433620
1 1882263153
1 871565332
1 732766919
1 1869428239
1 2279984183
1 1590804785
1 1668056135
1 3232852701
1 3772114858
1 2168561690
1 1730911683
1 1915703861
1 3012919765
1 3577314260
1 445081701
1 438713095
2
1 4191871666
1 144367800
1 1958349914
1 3110356087
1 2582581353
1 620890352
1 2627252721
1 2629711602
1 2617235033
1 783719358
1 3049485944
1 1434429858
1 2952774682
1 3011529039
1 457311199
1 1035186790
1 1653849738
2
1 61167175
1 55437333
1 3760838190
1 2465982785
1 1183960196
2
1 2574469077
1 526593700
1 3583476288
1 1783473360
1 521392793
1 164405413
2
1 1654871551
1 2585408157
1 147648034
1 207699850
1 1351233676
1 1978606939
1 4048334623
1 2403543195
1 1194613036
1 975166317
1 2789847614
1 2025070725
1 1674096155
1 2282866710
1 822230200
1 181013893
1 4110177094
1 873657348
1 4284309809
1 2598571948
1 1629776163
1 185476778
1 1893296413
1 668420210
1 1405970932
1 1654143001
1 1247604827
3
1 34949208
1 680076182
1 3839848629
1 171900193
1 545557556
1 4057387627
1 3207011675
1 3648645929
1 2914222145
1 2895365610
1 2757575346
1 552078710
1 2959863589
1 3241756460
1 3591267942
1 2194777098
1 379640511
1 2719672099
1 3653834390
1 2511671756
1 2897200046
1 65735137
1 1426239304
1 2898226373
1 2891475637
1 3290035655
1 110733584
1 348777943
1 516477046
1 1221318405
1 1245687580
1 2558701831
1 319113827
1 3463992666
1 253929888
1 786249439
1 3080111847
1 1090911202
1 2313559719
1 1753635110
1 2229646299
1 839004017
1 3015456171
1 1619970316
1 1943111788
1 1872325800
1 2673623601
1 1302754037
1 3687331950
1 1726237007
1 2116266157
1 2175099309
1 4100080617
2
1 2641013140
1 1663566935
1 805699043
1 3506012623
1 2488674076
1 3520324771
1 4289270077
1 2381486390
1 976767531
1 188486721
1 1306992398
1 4225967891
1 1809763296
1 2544895130
1 396763956
1 3123803825
1 1510776350
1 765040878
1 3851947559
3
1 2606307715
1 161772679
1 1032707676
1 3183194640
1 3134870173
1 1930818228
1 28111868
1 2582539073
1 1403806717
1 3437930027
1 2862627029
1 881494267
1 2397661306
1 378358702
1 3554747410
1 2895895987
2
1 3740408006
1 284839758
1 1199283405
1 4167891446
1 3066455725
1 3125977005
1 2610421390
1 103017750
1 4237809418
1 3762098827
1 1289069793
1 2991520969
1 1338746234
1 1398104868
1 3650691424
1 621582889
1 2206486233
1 3124133173
1 2080341676
1 362781803
1 1516087050
1 2575229404
1 2843314017
1 115623655
1 449410067
1 2055309924
1 159337360
1 105306714
1 4044062822
1 3791167087
1 3339162135
1 1667146607
1 1838753202
1 1155422610
1 1035111672
2
1 846750637
1 3336317146
1 1283390677
1 3049736902
1 1886889263
1 3823675290
2
1 2965364573
1 3721155661
1 1201306437
1 1575711218
1 2699338960
1 1914571276
1 1221737457
1 30519812
1 706377500
1 719548832
1 888088993
1 488380055
2
1 3389888396
1 27455977
1 3534151520
1 2615964416
1 1669995547
1 1381886034
1 2392486687
1 4016829214
1 691227376
1 3736179485
1 1494113349
1 2314154474
1 659956589
1 1591497589
1 43559771
1 3371260513
1 1641648264
1 836889799
1 626549419
1 2497949930
1 3964041004
1 670460793
1 448838322
1 3218289809
1 4116274120
1 3257965856
1 3912568684
1 2900115264
1 1999749833
1 2036661435
2
1 3866673821
1 4291051140
1 4275692287
1 2407619543
1 1282476605
1 310739923
1 3578510109
1 2043496901
1 1932780024
1 1655196934
1 3184893923
1 3372976879
1 1944341935
1 4086925081
1 851822449
1 1664760154
1 511584534
1 375548455
1 2854099372
1 3074314587
1 789558913
1 4245651450
1 3697993494
1 644278436
1 3963849425
2
1 398883127
1 2042143545
1 292757476
1 3582345619
1 2184221743
1 3606968999
1 3810937721
1 1200989630
1 4090756342
1 2370298660
1 4220896947
1 1383156448
1 2966344982
2
1 1089937790
1 3567382818
1 447410787
1 1412484627
1 1986924314
1 3932232675
1 4121452127
1 3856604046
1 2401665415
1 2487405512
1 166376243
1 530659200
1 2687676944
1 367747509
1 3560129094
1 2936901459
1 410058716
1 1354523639
1 190216042
1 3112763534
2
3
1 2577800852
1 3777497954
1 2235007713
1 3141152508
1 2605727036
1 551408918
1 4153683884
1 406486841
1 4133493482
1 2017250517
1 2457336304
1 2437816406
1 4127970655
1 3313736361
1 1833120488
1 2601112771
1 1485992087
1 2149938749
1 554355290
1 2583266602
1 713167252
1 3981328278
1 2458238880
2
1 1993889113
1 95127153
1 806550599
1 1440336446
2
1 946147716
1 1314846054
1 1493559544
1 2332937012
1 1058981488
1 324720521
1 903833759
1 1755287211
1 183704244
1 617342290
1 2516085112
1 3200325611
1 2761126461
1 3608350128
1 146246984
1 3191378256
1 3075916465
1 2019843655
1 3165846609
1 2881209358
1 2280171214
1 2558067720
1 1824776343
1 2299153057
1 3797864963
1 2901481087
1 3473287098
1 3327100386
1 2256358523
1 760311574
1 2839948821
1 3294264577
1 2065086923
1 1047029342
1 684577221
1 3163993853
1 3076158304
1 3814549553
1 2192019049
1 1305129800
1 3723334654
1 2326092782
1 3059572757
1 331603394
1 3859998175
1 1475657813
1 519178920
1 3663525732
1 2958866798
1 1892510404
1 2778192955
1 540584851
1 401053561
1 868228074
1 2818112796
1 1360386701
1 1932381650
1 104436777
1 3196303438
1 1235605285
1 3410459038
1 3522681896
1 717433989
1 881765334
1 3296804943
1 2861568299
1 3845868063
1 2087792601
1 4089949486
1 3940256429
1 1386343293
2
1 1848997887
1 2188422365
1 991858168
1 3978352119
1 3316039094
1 3111589831
1 385196956
1 2451228068
1 2361682712
1 2104713661
1 3679951219
1 3860552215
1 3282913521
1 3656311125
1 3278037517
1 3779603210
1 4262011931
1 4230286445
1 1183182479
1 1490478425
1 1451579666
1 3503711762
1 1429044467
1 255271207
1 1305249710
1 2788735686
1 2161161198
1 3550948406
1 3532634745
1 2819892924
1 2056442272
1 2501935602
1 3030556136
1 471050420
1 736338698
1 922655627
1 2911255935
1 4114351165
1 158508896
1 3542761748
1 4171739061
1 2989194639
1 1930475143
1 2302312036
1 2747721022
1 3035171878
1 2104506652
1 856301048
1 2766506136
1 3123032204
1 41262162
1 937557394
1 3564781406
1 2114734810
1 2820413698
1 2559173484
1 2064456412
1 2692727502
1 1667353701
1 4214052961
1 2151261281
1 432984957
1 2301891872
1 3442532612
1 4169207664
1 280971366
1 2147164801
1 964490178
1 1018352223
1 998476064
1 1520793638
1 374302911
1 2642775532
1 481936090
1 1438109428
1 1465340594
1 212678378
1 921859644
1 2700110851
1 2706554504
1 3114254673
1 2874868600
1 242883185
1 897023945
1 3292142753
1 3724897164
1 444732321
1 2331965854
1 10324430
1 4282284164
1 4262150441
3
1 2523497646
1 1920423626
1 1718501652
1 4231347117
1 308085584
1 358137527
1 4241364575
1 4121934034
1 2754765552
1 7771576
1 1883487697
1 2596520379
1 3984998642
1 3113652434
1 1305955534
1 2230325431
1 356606439
1 1133506247
1 2843143728
1 699371718
1 4135815939
2
1 52161363
1 2642749411
1 4126029351
1 116525494
1 3535925914
1 3532910403
1 567188787
1 409750260
1 1621500363
1 690390643
1 3706709212
1 3467023454
1 2339211866
1 3167951031
1 1759369854
1 2077666291
1 2631252505
1 3870195895
1 3554088369
1 4289634911
1 1338075209
1 2366988348
1 355291164
1 2712287264
1 3719144320
1 2674785149
1 2541769627
1 790824759
1 23468513
1 2710916477
1 3326515020
1 1761911505
1 2123867801
1 2421477827
1 2331436435
1 1993448278
1 3125381174
1 3759535992
1 2598121586
1 2157653567
2
1 465714294
1 54374616
2
1 3715575814
1 314041181
1 2040963186
1 3827347670
1 10037348
1 2168742340
1 338954781
1 3884821525
2
1 1756811026
1 1157711650
1 504849305
1 1651391818
1 283449502
1 856036363
1 2293107185
1 579948644
1 1355380151
2
1 421967495
1 1576042419
1 1437657987
1 1014238751
1 3927395845
1 3531327446
1 2729706303
1 1559806501
1 3597337836
1 461395719
1 1603546099
1 1113044249
1 2821432951
1 2449477754
1 2434815385
1 2419684989
1 275699747
1 869752186
1 1670667740
1 244629372
1 2032482479
1 714819431
1 3026518232
1 617757524
1 1429047446
2
1 162544977
1 3286845273
1 1903682780
1 4215741803
1 3115904266
2
1 2322356150
1 3866529370
1 2820350968
1 865773279
1 1351164621
1 1104150409
1 3089117028
1 2271368921
1 4029195177
1 874651202
1 48728178
1 267547858
1 4157436950
1 1935640715
1 3865114327
1 40739890
2
1 3341466677
1 2327480142
1 1641221294
1 2688069949
1 4280945842
1 1512000073
1 1764577440
1 191508147
1 672448738
1 3739726368
1 628037900
1 2996140288
2
1 467538024
1 300151141
1 4058580965
1 857173357
1 2157365592
2
1 3453016166
1 3162055098
1 4236641125
1 3204793811
1 552155665
1 794201924
1 3138805960
1 4061298315
1 1252892667
1 3386144916
1 161896875
1 380125549
1 85056036
1 304731689
1 1355694881
1 4213091149
1 3175876169
1 675621087
1 1976579727
1 2725238734
1 1213899662
1 1764473515
1 1647552685
1 3103792363
1 282603656
1 3081656613
1 4056889104
1 2871246061
1 1645819597
1 1178811013
1 1160476761
1 3898621021
1 2625174265
1 3939015691
1 2556652717
1 2541258804
1 1058406709
1 284661574
1 1336312042
1 3089352187
1 807136322
1 3917829366
1 1725785302
1 160976245
1 3546099639
1 3612267095
2
1 3120848323
1 3769969365
1 1976220439
1 4151997342
1 1524077062
1 3499837169
1 1162010636
1 4055052050
1 2771835061
1 2412575313
1 3267264976
1 2200680973
1 588453500
2
1 2476468382
1 998490724
1 526200034
1 3281478344
1 1095055371
1 1641565173
1 1030977154
1 904665817
1 1568791177
1 1961943140
1 1511250018
1 1930082251
1 1143697662
1 3326637137
1 4107090212
1 3749561746
1 3765869615
1 4172602513
1 1785984286
2
1 1788739659
1 1499084366
1 2170796214
1 3734957305
2
1 3017344877
1 2591994548
1 65371017
1 2242944637
1 4257968645
1 3221167511
1 3917521361
1 1996021924
1 3864728848
1 261552250
1 1592927907
2
1 4242125544
1 156690210
1 137416936
1 35676951
1 1583238059
1 1506683703
1 2104315180
1 1809948446
1 327503022
1 2703763985
1 3963964592
1 2376425628
1 2932312969
1 2673010795
1 968358976
2
1 3473815520
1 1825532874
1 4156599022
1 2237073695
1 2382703890
1 2824699818
1 2822772139
1 3319141820
1 3019370222
1 2896207613
1 2235295886
1 1182006443
1 1516424510
1 303290275
1 4193869035
1 3645787309
1 3626926859
1 535432438
1 4225101802
1 2850685121
1 2021967699
1 2310525379
1 2372381860
1 1623054077
1 3085219991
2
1 2600606939
1 2264106752
1 962364784
1 315171698
1 4076119825
2
1 723679823
1 923817802
1 442565725
1 2627297899
1 2633817432
1 1686984615
1 832574452
1 1912282338
1 4293739737
1 2191069269
1 1172853680
1 511887634
1 1589652720
1 1622452612
1 3051835846
1 4029433551
1 561193029
1 520270654
1 1259010387
1 1199917432
1 1000372057
1 2243803233
1 351369651
1 185897168
1 2187774445
1 2637681882
1 2840663898
1 1953729203
1 1134205713
1 1093785500
1 3645119873
1 2392823911
1 3098449600
1 3578796321
1 2073793646
1 260065185
1 4160724074
1 142118088
1 3515312351
1 2574663285
1 112917181
1 1916797184
1 1246752162
1 2087683025
1 1074738463
1 2055973363
1 896970614
1 3326205483
1 2620621815
1 3519209536
1 1176299057
1 1840212179
1 1825007865
1 2330413011
1 4130947863
1 1425860419
1 2172769062
1 3082791207
1 2882011326
1 2844080290
1 3784514079
1 3281986865
1 3391479199
1 4256405907
1 4265301269
1 1428527537
1 1238736282
1 2621720502
1 1216603055
1 2573599607
1 1509961490
1 867422615
1 3824707283
1 928611077
1 2689688984
1 648149148
1 44934946
1 4029942068
1 3217923223
1 1063145152
1 3272876336
1 1629485586
1 1112826759
1 642043922
1 357018061
1 559483021
1 2287981528
1 2628557352
1 3677047535
1 1011095991
1 2547783767
1 1801801645
1 3932744198
1 2359442067
1 2404578692
1 1257556839
2
1 2891247865
1 4132500411
1 3411593554
1 2066746763
1 4152263799
1 3062353013
1 1417958745
1 176561462
1 3222958850
1 294528025
1 1676579219
1 53117420
1 4208018857
2
1 2607038644
1 2138889005
1 2152053253
1 2589397950
1 461346623
1 3297674412
1 4132747011
1 3150333637
1 3678023814
1 4173723254
1 1534637847
1 1835747742
1 942435399
1 4141738677
1 3722224617
2
1 887846350
1 3716215864
1 1678887447
1 2487613827
1 2319559099
1 2182972248
1 1593744158
1 3531913037
1 3958881063
1 229968190
1 1532815750
1 4112647305
1 1369057692
1 2164935419
1 3858330613
1 832109888
1 2543686882
1 3717022322
1 2648330297
1 1155263536
1 3749899621
1 2961106741
1 2552828202
1 2541234181
1 3398248776
1 3264831082
1 4159035148
1 2173124261
1 3123811771
1 1074499943
1 3183745503
1 3768782502
1 2632252575
1 1007350728
1 2001778131
1 917837750
1 99584256
1 3299663110
1 4276727948
1 2537805295
1 2219687702
1 871301690
1 605804400
1 3563760220
1 112988353
1 699773963
1 3473414916
1 2547511100
1 329917650
1 1258977524
1 912382197
1 3925629749
1 2309535987
1 1483753611
1 4196935307
1 2707180202
1 438313497
1 3685868328
1 3882169751
1 4181863641
1 2147478243
1 3602312643
1 1989093793
1 125208210
1 1233367974
1 2053398194
1 3495963352
1 976387611
1 2975251438
1 1673834689
1 3087721579
1 136933399
1 2938684961
1 3469862118
1 3079908009
1 2380012706
1 587828564
1 1991752616
1 1815491256
1 1948491181
1 2971661410
1 19345259
1 1188897939
1 154442977
1 3726472209
1 3264653517
1 2096078443
1 2305224534
1 4242889549
1 2708979348
1 2138513826
1 3778864988
1 2561008035
1 3440140779
1 727032977
1 4290272365
1 2409834727
1 3137277771
1 641871997
3
1 1007284264
1 3740935223
1 4221333955
1 3634720931
1 2923048766
1 4196599534
1 1481115910
1 3287136894
1 3054446882
1 493202637
1 1405448580
1 112613655
1 4058775713
1 4151409681
1 3488296240
1 375589780
1 2937737351
1 2461592902
1 217488776
1 1671307267
1 2845358295
1 3028588371
1 4156230753
1 895383583
1 1689550724
1 2255511558
1 3203083609
1 2291284431
1 165929268
1 50783563
1 3791515331
1 1972817097
1 1794440510
1 4284344966
1 665242691
1 2759722218
1 4098008649
1 3261749635
1 3291917612
1 950971977
1 1315747451
1 902223099
1 2615296140
1 2593618960
1 3567568336
1 2295350459
1 830382834
1 4289574794
1 3833678588
1 3843359437
1 3087732808
1 3241247175
1 3078082562
1 2508198168
1 626979837
1 3345795998
1 730579016
1 675451048
1 2039199938
1 564475216
1 1280116094
1 2029306654
1 1716047224
1 1456720280
1 3389324981
1 506569
1 1088161871
1 40607341
1 1456254551
1 723543585
1 424361796
1 3840637034
1 1424014766
1 3738121396
1 1148937661
1 550736283
1 1133517671
1 3555579918
1 1114465927
1 1429717541
1 3948316174
1 71710076
1 2130405090
1 2189976497
1 1240601604
1 3463020853
1 1799168661
1 3949077525
2
1 4213466032
1 715070846
1 4187700717
1 1362644697
1 2847574006
1 1751436884
1 2889390464
1 4037510781
1 1254154700
1 3802238434
1 1525177635
1 70158176
1 4063345489
1 314749167
1 1709311589
1 418070368
1 875541591
1 2858983769
2
1 3840996585
1 2708370872
1 1895988196
1 333623707
1 3174426493
1 2791897138
1 14749031
1 2973585927
1 135872485
1 3699623749
2
1 1368973980
1 130916793
1 585147581
1 2549218303
1 156209701
1 3516111236
1 1587114798
1 2198309837
1 597013613
1 2453096403
1 4228762304
1 2705172682
1 1741357404
1 1334235525
1 2392333168
1 2728325063
1 3836842527
1 3453971508
1 520348610
1 3579605205
1 1574052224
1 3970301987
1 753570506
1 1904329248
1 2412129077
1 632724233
1 2552662679
1 1687840425
1 3063691086
1 771540614
1 2943765476
1 3428883442
1 1174838630
1 2717166588
1 23931741
1 1123528457
1 1239760779
1 4247941104
1 3456787966
1 852259208
1 2002576810
1 905068430
1 4266161608
1 586155440
1 3957147739
1 3380323253
1 1440492434
1 2547705818
1 1212179358
1 22954672
1 2028828771
1 3706260640
2
1 4063617693
1 3670014827
1 4288102825
1 872454742
1 50008131
1 356176716
1 742170832
1 1101480408
1 1940121818
2
1 566988071
1 3538277297
1 90549834
1 1710856603
1 3378153114
1 222351124
1 314674966
1 513506914
1 1233953796
1 2591250344
1 1772984789
1 2887643806
1 3205426598
1 1201053247
1 2857628483
1 322210092
1 908944026
1 3615695721
1 286118997
1 1119311026
1 808715332
1 808306008
1 2063831569
1 652926590
1 1951421805
1 2523943284
1 249611055
1 2751287255
1 3187669333
1 2787093430
1 1692788606
1 3569321537
1 671571078
1 4219456963
1 3216575048
1 2060146879
1 1417255460
1 317126232
1 57331153
1 3788862040
1 1002755902
1 312691165
1 2049658353
1 1983489318
1 2176096601
1 3001521059
1 1018100914
1 352558948
1 4147512343
1 281934478
1 899397633
1 4279933327
1 2623319554
1 131944129
1 2414733648
1 2996701036
1 2449158350
1 1869301617
1 1566085998
1 3047661860
1 3807730420
1 1701563993
1 2160995668
2
1 134807928
1 3281267367
1 404727841
1 3558303108
1 869932407
1 2267114242
1 849507405
2
3
1 674186607
1 3288634343
1 4271295357
1 122007153
1 3925148149
1 899304062
1 3787729929
1 3901870933
1 800024489
1 1043250248
1 1509020414
1 3689273199
2
1 2722196974
1 3926653176
1 553491519
1 1639760998
1 3509097989
1 4188228974
1 4115066555
1 3254687442
1 3644241055
1 1656510551
1 2639520662
1 2324177662
1 3789922383
1 3338902689
3
1 3896817978
1 3698209922
1 2811713678
1 3603133260
1 219074923
2
1 2269554168
1 2715114025
1 2737385934
1 2660078445
1 1352350919
1 308415004
1 590210275
1 1428281366
1 3139857509
1 487542959
1 1394599438
1 3658497816
2
1 2328657877
2
1 2022199167
1 1619856302
1 784087071
1 1983300096
1 1701809047
1 3068282408
1 877610217
1 1964806091
1 3881138824
1 410390818
1 717535109
1 1080090120
1 2288067625
1 2084168063
1 2177784829
1 2800254361
2
1 4225034867
1 4111307281
1 4143990390
1 565681313
1 1319995971
1 2529499025
1 1762798806
1 1191348161
1 2993056732
1 2395560845
1 2601299559
1 764512813
1 3423280498
1 2132549182
1 3240334169
1 3637638140
1 1141079958
1 1220406289
1 3915873528
1 929290248
1 4267939107
1 3821259422
1 3335482538
1 1601701285
1 470903478
1 3016070032
2
1 4224412428
1 653958943
1 4163865236
1 2828382340
1 1081966291
1 363542361
2
1 326870029
1 3324093816
1 424441280
1 2177635083
1 3187163746
1 3221884320
1 3435333132
1 342435627
1 4112650918
1 2220602534
1 1143658290
1 292234847
1 2179842372
1 2300966908
1 3173315264
1 2545975756
1 74663304
1 804441671
1 2768210990
1 2208515980
1 2809673660
1 1337219259
1 811261661
1 2079489052
1 294453314
1 2908081307
1 3760792989
1 1588760576
1 2348337454
1 4201874507
1 413502822
1 2262027811
1 75196717
1 1585639404
1 2827356759
1 1445032626
1 3954628277
1 3029484460
1 2003085783
1 480715771
1 2102244405
1 254990109
1 1007780229
1 4211939973
1 1603149156
1 3461542607
1 4227289903
1 3996570152
1 1916959941
1 1367460623
1 1444181821
1 1723611247
1 93622254
1 2941719512
1 2433662871
1 3746409283
1 3406172226
1 1119362979
1 1923255590
1 288905553
1 1903748023
1 131884303
1 2522668927
1 756705201
1 3729680643
1 3980316558
1 3553318191
1 806902182
1 3357551037
1 2764025378
1 2785665092
1 2119053452
1 3772147741
1 3053091212
1 2745429649
1 585972259
1 3652931224
1 3349616425
2
1 1326415938
1 568375631
1 81413291
1 1246881028
1 3390787384
1 3368839139
3
1 244174984
1 3564897013
1 2307319360
1 3889712141
1 3396154627
1 3702554591
1 1998560436
1 3052501022
1 2469145969
2
1 3710917772
1 2298877642
1 1919636503
1 48454026
1 3964216755
1 3304487943
1 3783451461
2
1 1824043780
1 3125880760
1 3063604269
2
1 4059541370
1 602507773
1 508631126
1 2703788030
1 1470364746
1 3798457487
1 2786953771
1 2730876932
1 1991921660
1 3636462322
1 4228176861
1 1765215265
1 2747005666
1 1076009000
1 2825817182
1 3699985403
1 3695758939
1 2053536639
1 1588154465
1 2972531172
1 2207460051
1 2967937731
1 1475287870
1 3222022240
1 1909665862
1 509537662
1 4158013084
1 3352046727
1 2960016768
1 619743386
1 988590755
1 2202866035
1 3689842459
1 1098774786
1 1546588223
1 2685879162
1 3978626385
1 578529693
1 460960950
1 2324299688
1 1810502374
1 3517750225
1 3981323386
1 2896933531
1 4037520028
2
1 275634097
1 1943150615
1 2172548353
1 926573591
1 1504897189
1 4150114992
1 1479019321
1 3816018797
1 3275924038
1 1323413118
1 1160431887
1 1883301918
1 2608437462
1 3174708508
1 139726963
1 960293173
2
1 1029680476
1 1601814454
1 1913320506
1 245218850
1 1666667145
1 925099415
1 2726765628
1 1239034449
1 652810869
1 900123521
1 2618251867
1 3529961715
1 4059307855
1 3276674111
1 1552666957
1 1861197112
1 3750129142
1 2361085508
1 597326042
1 124657218
1 1789583842
1 312731491
1 790838769
1 4149713645
1 909847290
1 3614056995
1 2292537944
1 2442554959
2
1 3955372737
1 4239888856
1 535907228
1 383237469
1 2660599016
1 3166479340
1 1432507333
1 2315379296
1 950523447
1 3773449723
1 1760854762
1 1980002568
1 3019980549
1 4014182304
1 3004992295
1 2114858364
1 3144935192
1 702292397
1 995490765
1 1017087984
1 3797173604
1 2788021940
1 3716023821
1 3026066835
1 2088920388
1 2711177139
1 3865498587
2
1 252702196
3
1 4045982171
1 1553191743
1 3502812595
1 3122452277
1 409167537
1 1794349932
1 2511741037
1 3787733760
1 1160512869
1 3374806142
3
1 3876619646
1 770229278
1 509972489
1 754463818
3
1 354599988
1 288169044
1 4203657698
1 1899478975
1 2699877475
1 3202938119
1 3051126738
1 2441214985
1 1639188956
1 1539262303
1 3139551461
1 444467214
1 636437317
1 102796301
1 3394525020
1 1308006178
1 312974693
1 3452548635
1 892645438
1 3456659993
1 881799200
1 349899732
1 60903910
1 551304096
1 2491292627
1 2850800057
1 1078966598
2
1 3893770791
1 2822114450
1 4200059121
1 2237920959
2
1 3948516760
1 3077279632
1 640597589
3
1 1199094225
1 2099287855
1 736142198
3
1 2141673854
1 2293193900
1 212127842
1 3063865253
1 3236009351
1 406149802
1 54658309
1 7502417
1 3905000324
1 139404959
1 1915969084
2
1 2915386088
1 1827688918
1 4251385827
1 2041649886
1 124196059
1 1480928129
1 87784238
1 1811817893
1 893519997
1 89924441
1 2920795639
1 3271723575
1 2035743744
1 626797915
2
1 2904291719
1 1561771004
1 2639552120
1 3009807958
1 3227649789
1 2495581427
1 1726119583
1 1038105003
1 4064094675
1 1027319591
1 2646936861
2
1 3629122564
1 1747600840
1 3245592881
1 479966764
1 2133206252
1 3181894142
1 1236494516
1 1213752235
1 3394744461
1 2622821919
1 470980982
1 102122571
1 4011830098
1 1356742183
1 2731966436
1 3381785971
1 2715633035
1 3342961897
1 3289446909
1 882549674
1 2658335877
1 3262769182
1 2598870994
1 4131595772
1 4103319529
1 3110327797
1 2166007045
1 4103372708
1 3573102085
1 882432452
1 434319139
1 2264658198
1 4065011773
1 2403225159
1 425491956
1 4135632218
1 2077044991
3
1 2243459193
1 3213553529
1 3909825869
1 4145466357
1 1373960526
1 2780191713
1 1563155735
1 3849673747
2
2
1 3733481808
1 381888843
1 2471589651
1 357942397
1 3108777686
1 1573342085
1 306992603
1 534003754
1 3797980375
1 2215592440
1 1787947754
1 1009031637
1 3800827146
1 2145842402
1 326871197
1 2289256214
1 1560978780
1 3825248691
1 3738986245
1 69577537
1 3561176088
1 3596355686
1 3031041938
1 267969025
1 265442605
1 1990061416
1 3818050225
1 4254233112
1 2966702856
1 1802806238
1 4248484320
1 1184413127
1 189566510
1 648146099
1 1709352458
1 3720452054
1 2238259419
1 2651907097
1 4159413021
1 4045880151
1 4250724276
1 451392702
1 1964785385
1 2278773951
1 1473039212
1 1889559338
1 2218606863
1 1250862775
1 711518530
2
1 3071686339
1 2197215825
1 994829666
2
1 369549019
1 3157084956
1 3957002141
1 1552354079
1 3396786439
1 3140367750
1 3353110553
2
1 3147071699
1 1783414847
1 3466709278
1 2336935782
1 635649466
1 1254113004
1 1994856099
1 630441923
1 89756663
1 2272354799
1 1856632063
1 2382204689
1 3105056283
2
1 1440503044
1 3193402096
1 419590441
1 4212072
1 2182449781
1 2092047851
1 3646562855
1 4124217442
1 3717605908
1 1913933936
1 3238548159
1 3988118192
1 3470452420
1 943329998
1 3225611932
1 480569484
1 3453290343
3
1 1371926367
1 4105884019
1 3021326753
1 1161986035
1 1872196219
1 11665254
1 4173893083
1 4290609757
1 2464820912
1 3384119516
2
1 1315301063
1 2042958472
1 1375403486
1 2379216671
1 138141342
1 264965836
1 1753244464
1 2693024706
2
1 194975209
1 2776630479
1 3004493144
1 127609341
1 3873189560
1 2210683720
1 3133874803
2
1 96918659
1 3533684271
1 2709726204
1 1820517510
1 901564179
1 3809948710
1 531271925
1 2457117617
1 2916259800
1 1595588143
1 76998498
1 1351790211
1 2643229069
1 2574116701
1 3997418036
1 4071842924
1 692686046
1 3396765352
1 2763171674
1 1964757998
1 3505010302
1 3864458055
1 1511036280
1 2892601412
1 205241838
1 682865848
1 2431479238
1 3343839943
1 1063041095
1 2536635819
1 935673867
1 1924357824
1 46657453
1 647603734
2
1 4043671311
1 3560846303
1 1743727971
1 2661678982
1 2290880836
1 2637284396
1 2484706440
1 3124238203
1 2308270156
1 3210843639
1 1629464355
1 236465871
1 631547393
1 2400041346
1 1165054564
1 2392811341
1 3016224183
1 2846406576
1 3436069733
1 3711409871
1 2678801412
1 440981342
1 1567972161
2
1 2050108438
2
1 869143769
1 888015532
1 1099612548
1 637809603
1 4193272325
1 1591701820
1 2518305888
1 518276505
2
1 3517672765
1 576837133
1 3525714195
1 3750422527
1 3788286770
1 923684129
1 4145352096
1 1692679856
1 761759542
1 1840681489
1 3372726116
1 3451610694
1 1630034473
1 4071926523
1 2841090842
1 50075921
1 537999675
1 1616908740
1 597189232
1 3479573830
1 1800756184
1 3052694300
1 1215863286
1 4249424534
1 3946003131
1 2857432035
1 4246924267
1 2879466600
1 104865573
1 3044065230
1 2758196969
1 2846135072
1 3694982307
2
1 2860101972
1 1205578631
1 4195613577
1 1150531397
1 2186752667
1 2051053776
1 2289642375
1 2441298567
1 904826729
1 436795428
1 53337654
1 2713328102
1 1793747383
1 3791156713
1 2759249485
1 3479692068
1 2622411428
1 579472820
1 2947993527
1 3635632225
1 615753085
1 733768061
1 2607968301
1 3800193220
1 1986315045
1 938890792
1 3962716139
1 1337279148
1 2815158018
1 3194041393
1 3788250848
1 1740434096
1 2894949489
1 3109956857
1 3551225417
2
3
1 2565615374
1 1961612262
1 3669650894
1 510689822
1 3878173032
1 1740496371
1 1000608429
1 678732856
1 1991179685
1 2325072197
1 1309703309
1 1868140159
1 2262414662
1 442780039
1 1280796270
2
1 2053150867
1 2164700260
1 1319987730
1 1283952942
1 1789077310
1 2223487589
1 931984235
1 572952762
1 3169452841
1 3052501943
1 2697436859
1 2268043991
1 3444223123
1 4146126639
1 3213828071
1 697070399
1 4244683923
1 1946381339
1 3891361289
1 1873753674
1 1050119395
2
1 2650698395
1 3565907961
1 1957129528
2
1 3087500260
1 2877675309
1 1278489989
1 935030744
1 3163032661
1 3656284266
2
1 4284379493
1 1464810721
1 1803705618
1 448133611
3
1 1352273908
1 2291460867
1 886479853
1 787179754
1 725560616
1 3173598566
1 3819931004
2
1 2653285829
2
1 3901387899
1 2924074314
1 3505466038
1 3074130123
1 1626845242
1 2780485390
1 2407771707
1 3423252635
1 3125446158
1 1407294037
1 678963381
1 2333093361
1 2083285470
1 1203977284
1 3058858941
1 3848638644
1 16204642
1 935839415
1 3070545225
1 889775163
1 1221845116
1 43235465
1 597084703
2
1 1587286074
1 367615930
1 106199150
1 3192212881
1 41826197
1 2941952854
1 1421265301
1 2556211990
1 854013980
1 3182247909
1 1440391819
1 905990660
1 1244742239
1 3712502804
2
1 2342041134
1 14750975
1 2155528260
1 1568118528
1 208982712
1 2637049090
1 1436470230
1 2912217966
1 3220954861
1 3234896774
1 4272268285
1 2652094361
1 1137196349
2
1 3546597421
1 3948071824
1 2868148684
1 867916907
1 1388237238
1 2097444469
1 2034112531
1 1442974874
1 114014017
1 616964156
1 3955643142
1 2434135619
1 4176649676
1 3354802723
1 2382527671
1 3500575410
1 4100446036
1 2463061749
1 4259677628
1 1155944814
1 1345522482
1 1616075496
1 354282436
1 3948767156
1 3754397538
1 1830297450
1 3984572104
1 3124877562
1 184190891
1 2712151104
1 64296497
1 2699045130
1 1873416067
1 1723599850
1 3380159711
1 1278048744
1 1816642571
2
1 2170491852
1 3451197429
1 3666715982
1 1891044944
1 2389598848
1 699194065
2
1 1992539025
1 1122671119
1 335347408
1 3323027551
1 681935420
1 4238068786
1 603360580
1 2985325350
1 3517647400
2
1 3153434846
1 2700246238
1 3143075873
1 2194103010
1 3794388694
1 1482891814
1 2318982223
2
1 3321102642
1 67262811
1 1623334798
2
1 2937436523
1 1991247490
1 1511089091
1 747137090
1 933969130
1 1744809569
1 3791709997
1 723252653
1 2390449530
1 3081627974
1 2532218602
1 3464799712
1 2595637473
2
2
1 2066495907
1 2598135473
1 1872005806
1 4115553507
1 3996358348
1 109782278
1 2570207626
1 705109267
1 4293877451
1 2027080908
1 554737754
1 2298000498
1 3678567692
1 3942133148
1 2757857713
1 902671344
1 1961420218
1 1351672833
1 834552414
1 3853069120
1 1146415851
1 2233794723
1 2611709565
1 2059834110
1 923868935
1 2769542079
1 317627970
1 1525837294
1 1626214444
1 1087035129
1 2771999754
1 1937817624
1 1555099107
1 2048711307
1 2402456236
1 1591580868
1 3371310309
2
1 937573481
1 2178944628
1 3164885244
1 836104774
1 626234973
1 1003519693
1 3963718746
1 3370495269
1 2902493408
1 1353424612
1 1829867429
1 1768587953
1 36375757
1 3674089090
1 3978471227
1 3686059124
1 2029741622
1 4120521271
1 4013685286
1 858915936
1 2274385919
1 3864290693
1 948722338
1 822101269
1 3734386670
1 2194843022
1 4063672015
1 3059071666
1 2640533352
1 3462922577
1 809671909
1 4150895762
1 800526737
1 3772337057
1 777255058
1 2718896611
1 802412569
1 3895853733
1 382895214
1 3286948904
1 2224488823
1 2147676220
1 2442335860
1 25261219
1 3952493899
1 1328615808
1 1111771797
1 397708754
2
1 1586767929
1 2900929505
1 3744714656
1 94189772
1 1696954012
1 4126879923
1 3684834944
1 1418961995
1 4099280152
1 29037336
1 1634279800
1 1542471128
1 2051449448
1 2337332700
1 2558339181
1 996670136
1 2785021208
1 1963744181
1 1901313724
1 2204361585
1 1047079949
1 1660410217
1 93469902
1 2116773895
3
1 1827182631
1 773216662
1 3490818848
1 1908210015
1 296379490
1 850105665
1 1855706249
1 1318100156
1 121429005
1 3836444441
1 2145016777
1 2220274353
1 4105591471
1 551570512
1 464845886
1 331120105
1 2626357160
1 1536504989
1 4215464589
1 3176720825
1 3521711446
1 1812109633
1 3360594401
1 3097241030
1 1758128459
1 2647205766
1 3591195981
1 1119428054
1 4168924715
1 2487211624
1 1072922576
1 3956617919
1 3918541472
1 4278508532
1 3788045368
1 676296850
1 3346418142
1 2343373064
1 504952580
2
1 1867872559
1 1562439358
1 952619725
1 645486290
1 4190001140
1 1992597152
2
1 277275133
1 925532512
1 1620096843
1 2827220996
1 2752469310
1 3341546355
1 299098854
1 1275514071
1 4113988128
1 2335478503
1 2452996110
1 3641530016
1 1154841197
1 3623300041
1 272538174
1 264466989
1 1937775739
1 3699385787
1 638493155
1 2654436373
1 2722787036
1 1035979681
1 3609249982
1 1038754384
1 3812922421
1 3893724450
1 2758884195
1 3431089161
2
1 2300547481
2
1 2801853203
1 3800655358
1 2166353040
1 2405784380
1 2738347897
1 1679813555
1 3947043890
1 3490403483
1 2866000856
1 3644299760
1 2736797574
1 2535610962
1 3823714565
1 2999889010
1 754967095
1 3259475401
1 2526096377
2
1 1371273304
1 1341395896
1 2083873573
1 366241734
1 2900406081
1 2275636429
1 1852367883
1 4132264184
1 1460272075
1 3496210593
1 3674571900
1 2159965828
1 1828841446
1 3952865713
1 85885188
1 3613183257
1 21911781
1 3189624339
1 4049041381
1 587465994
1 2034290093
1 866880807
1 3844360556
1 2026957926
1 1361846570
1 2523389888
1 831383102
1 1887336365
1 1289194617
1 3901556782
1 1883076420
1 2281876518
1 702555283
1 165949576
1 3131647201
1 4231281032
1 877106456
1 3993227878
1 2575169051
1 3200074007
1 535319795
1 2860523531
1 592572990
1 3082294888
1 3944483457
1 269553602
1 959088628
1 2838513600
1 128815518
1 4090257163
1 861127087
1 3604722086
1 3116757116
1 4042296748
1 2219938731
1 2790870962
2
1 3826047953
1 1492705466
1 1551770933
1 3862872207
1 4130247736
1 2645281358
1 2369706650
1 2840769527
1 3439417978
1 2689905238
1 1709339905
1 3461128790
1 2763058055
1 1412872194
1 2695419926
1 3318663804
1 2407022854
1 1712654643
1 3312124397
1 2841038109
1 2110287099
1 4175301760
1 798908385
1 2815734462
1 1369421073
1 627459997
1 1935605559
2
1 3632536171
1 4126051256
1 550117358
1 2976615522
1 3177641187
1 2038067222
1 78656757
1 1047943188
1 352872817
1 735165740
1 3096643735
1 828282342
1 460963825
1 1901790551
1 2821130388
1 3386791615
1 92043974
1 71912754
1 3624202477
1 893680588
1 3705303770
1 2225311659
1 618029178
1 1260082260
1 236862387
1 2263063842
1 2356317768
1 602557545
1 1063809917
1 3267326953
1 1696878921
1 3012082053
1 716701815
1 2122513328
2
1 1185354148
1 78187913
1 194077587
1 2741176191
1 2537760104
1 3169260081
2
1 94517602
1 2366904664
1 2646130414
1 3884429877
1 620385994
1 531160243
1 253727988
1 3229281575
1 2301865033
1 3529366377
1 201810246
1 1370157081
1 4216034630
1 4124588369
1 1563024113
1 3767866516
1 3864817973
1 117326202
1 1103173311
1 1085066650
1 2469028820
1 3354830355
3
1 3094880399
1 4059292994
1 3393198687
2
1 4146010834
1 317914563
1 295873686
1 1909484601
1 331583788
1 43423625
1 2347546335
1 154379420
1 2476602167
1 1461703635
1 3064879191
1 2347897918
1 1527913835
1 3024628151
1 1843895727
1 2750788627
1 1476471356
1 503434775
1 2814798911
1 1978321
1 1021504371
1 784700838
1 3034912809
1 2002483036
1 2908598306
1 2665371027
1 3828768904
1 949296880
1 1889820339
1 335512627
1 4001003773
1 4266924053
1 2977224990
1 3776981628
1 2333933104
1 3226020337
1 3029978829
1 819729951
1 124644667
1 2185534225
1 410987044
1 1761827682
1 2133725668
1 2747629852
1 3715799197
1 3007660777
1 2877143758
1 2904950939
1 4202862185
1 4013966248
1 2495847423
1 1932532753
1 227783801
1 3011219755
1 4079176479
1 1554271646
1 3866196869
1 3145968741
1 303726198
1 2780647363
1 2215699048
1 4119349802
1 4112037159
1 196271563
1 2919306470
1 845319131
1 3602520447
1 2301661566
1 2597427196
1 2746969823
1 3861725860
1 3031894286
1 4141363300
1 4029041298
1 658131188
1 450201392
1 3874134943
1 354235002
1 2181400277
3
1 584723155
2
1 1243420541
1 2416128303
1 1091702374
1 2943405582
1 69073196
3
1 620869599
1 2732983409
1 2337587717
1 3472416376
1 1312537191
1 1326759075
1 1389356788
1 3921277703
1 1356116791
1 528979524
1 972119488
2
1 1442579382
1 3650790576
1 799378862
1 3397141061
1 3032856
1 2161132189
1 3694524989
1 2778867007
1 4278323969
1 338357062
1 4115403695
1 4242989592
1 3790294722
1 4290026568
1 3109171202
1 726268933
1 1262817748
1 1649122212
1 1452093950
1 227695576
1 2170588570
1 2486431649
1 1457332832
1 1838966452
1 3312498864
1 1250730149
1 1682061338
1 3543810702
1 2854013025
1 3992381343
1 3027847782
1 4127792670
1 21694719
1 1535074693
1 3201729421
1 3498103836
1 814612362
1 2123822331
1 3185684655
1 3672374419
1 3791299683
1 3591018735
1 3774479293
1 1154378680
1 1041092223
1 1182373480
1 2837775548
1 232150142
1 912475625
1 2236206171
1 280003644
1 495647911
1 1801740846
1 1831833391
1 4096167758
1 1589828246
1 1905975667
1 2996668266
1 2689716222
1 14518083
1 3560169714
1 1632970732
1 3554530729
1 2284373860
1 1559177272
1 828738632
1 3937387546
1 1538157858
1 1017225018
1 1381164747
1 3496034114
1 1535276985
1 2509534886
1 3791312862
1 3921115557
1 1905686957
1 224421234
1 741776717
1 1137614422
2
1 2441276047
1 588154578
1 1863732161
1 3543069008
1 882835880
1 1877793143
1 2014347282
1 2846060794
1 1410955858
1 3814254947
1 123127830
1 3999476493
1 800806877
1 2401170779
1 3526069095
1 1664558578
1 2882907364
1 3866004578
1 1143892365
1 1950857562
1 3877721167
1 2576536460
1 513134974
1 4017236883
1 3845581276
1 1865536124
1 46597387
1 1223615212
1 3970011736
2
1 1864173680
1 3310001194
1 875380949
1 854222162
1 1048928328
1 3268315214
1 2401360628
1 2582584340
1 1613329860
1 1737763842
1 2785633278
1 3507605650
1 451292028
1 1956853232
1 2169114609
1 548601843
1 138609379
1 2853253756
1 1990554132
1 2508360973
1 256592829
1 2999168672
2
1 35629713
1 1798270133
1 4148327265
1 3869252467
1 2088597328
1 3155509669
1 645333528
1 2730120716
1 1428501160
1 3152030305
1 4170792422
1 329918360
2
1 1099493526
1 1259110036
1 1288066492
1 4036188720
1 1152482521
1 905134174
1 2534478754
1 226618923
1 1453557851
1 1409601074
1 2498075470
1 1155633051
1 4184632202
1 1679274878
1 2390975767
1 1391687131
1 1235244570
1 1968746987
1 2331287324
1 1632248975
1 2283978854
1 362142546
1 141988292
1 1066328304
1 2199527050
1 2317808649
1 1378889512
1 1053383315
1 1992111800
1 2587603796
1 3556581397
1 1249628330
1 2556256781
1 2980481243
1 2183927376
1 344801337
1 2008604891
1 3560381681
1 4143758565
1 3200161522
1 1387979191
1 702754206
1 473566285
2
1 3616604985
1 2161935302
1 839728717
1 763294332
1 1463012776
1 1653488547
1 3776211642
1 3187797637
1 4225663332
1 2454207672
1 1701383479
1 836654644
1 3999388498
1 2138891965
1 235413669
1 2981668336
1 572437672
2
1 1495158921
1 4208333218
1 4092469437
1 513946004
2
1 301083210
1 3006912129
1 433751179
1 1187276261
1 2142524068
1 3087795138
1 2648281216
1 999813650
1 3018120210
1 2041614429
1 1250927344
1 1241928358
1 2974793172
1 904934452
1 955262096
1 2264150269
1 1089458666
1 3067272752
1 2915929610
1 3522375498
1 1346536723
2
1 2177750517
1 1516464681
1 1816040315
1 2153952719
1 556699379
1 1476823269
1 4100010040
1 2266796786
1 3597338155
1 975994063
1 3391861232
1 1190322907
1 652008545
1 1924670820
1 3957558749
1 60669503
1 2852501752
1 707204827
2
1 2419169845
1 3988963186
1 2336640585
1 3219711271
1 4046731203
1 1227309206
1 2726573111
1 4011077805
1 3278030701
1 2347048783
1 1843004784
1 2047999074
1 2407757134
1 3190758866
1 3832365644
1 2688726955
1 1426386979
1 25431742
1 3898907202
1 1246851219
1 1003871632
1 2438384863
1 2934114542
1 2156172904
1 3333703982
1 547259914
1 2951065441
1 3944763939
1 2258150806
1 1698487585
1 898331113
1 3040084216
1 26019875
1 2227034753
1 401291107
1 1759685744
1 3025809817
1 1516611629
1 4032084645
1 2356493589
1 1175710281
1 1763943472
2
1 2253827239
1 2037487495
1 409976457
1 3769336285
1 2177334456
1 4116121840
1 1301310719
1 2277060839
1 4277257185
1 542695691
1 3094320345
1 3331955737
1 3761885303
1 2394468905
1 3835147819
1 3095537563
1 1379298047
1 339972853
1 2482963024
1 1115417622
1 890185292
1 2255146491
1 4070545002
1 951057099
1 3780678607
1 2548393751
1 4243623515
1 3208741327
2
1 1811853016
1 2233051289
1 3734369850
1 1836731276
1 4040770841
1 1210709950
1 2515975494
1 156492463
1 3462463801
1 2959773848
1 3249471789
1 1481042367
1 292358705
1 2760826186
1 898577549
1 2986526000
1 3121764255
1 1737450968
1 1924151264
1 394030832
1 4190567561
1 4074370972
1 3384484238
1 3274059527
3
1 1308520511
1 409436858
1 769246989
1 548628861
1 29848327
1 3157754713
1 1065432360
1 1778811231
1 1141732837
1 3470888899
2
1 847166480
1 2760949987
1 507805728
1 2908773970
1 1044904378
1 27354719
1 264452098
1 1026645273
1 802133569
1 274771394
1 3261824969
1 3225506422
1 2231190789
1 804313495
2
1 3075210386
1 3714754888
1 3816277405
1 4004599678
1 2082526574
1 2197635819
1 1886618067
1 2165004368
1 2442164624
1 2825365828
1 3980269629
1 4186474559
1 2322553060
1 3920555913
1 1127319684
1 1843780571
1 3297304176
1 782485849
1 4293858046
1 1249350078
1 1354836821
1 1397773630
1 841628421
2
1 2057228392
1 3528563666
1 2618748556
1 3285940273
1 2451621228
1 2008358079
1 1311137305
1 2577373016
1 1189057157
1 3593851363
1 2815207460
1 2664453022
1 3628209914
1 2172845055
1 3299316313
1 1275446823
1 1869829605
1 976276202
1 3585406769
2
1 3025520276
1 544730740
1 3091037345
1 1200855614
1 4231385700
1 882153467
1 2617332340
1 2582126038
1 2267239588
1 3097577828
1 3478971494
1 76824000
1 3104418508
1 1017340058
1 3845501423
1 429919527
1 3618513115
1 2953012159
1 3063359639
1 2145220105
2
1 1236453786
1 1635331694
1 2675468712
1 4071829198
1 4163027312
1 2466053208
1 2919291028
1 2726453708
1 4215378014
1 602703832
1 1114113748
1 1414474853
1 1812734253
2
1 3985529630
1 1831434219
1 2483810319
2
1 1329218485
1 279299676
1 3034422234
1 391912347
1 1506269348
1 3836462760
1 1211325658
2
1 1512455832
1 1401372367
2
1 399823191
1 3385553211
1 3770872821
1 1184111209
1 3058547793
2
1 376713955
1 4248927154
1 2643104136
1 4240411979
2
1 2654307515
1 1784250499
1 2299273457
1 3636395937
1 2457731424
1 1634289671
1 749813874
1 554705159
1 2933427690
1 426540875
1 4153602130
1 1060950262
1 1598027022
1 4016381859
1 1132907391
1 3284676762
1 1675639287
1 1103557492
1 595314800
1 2914148556
1 1509048863
1 3614892
1 4287829940
1 3639807628
1 1649233627
1 1911470769
1 2608454325
1 1016713870
1 1382725714
1 3313473617
1 3282438953
1 3194231071
1 876413083
1 3817309077
1 3965208868
1 3009361858
1 1027711529
1 2917058423
1 198727068
1 4187552220
1 3723452061
1 3480356901
1 434805679
1 689949780
1 3247211801
1 746560345
1 4059529566
1 4077859033
1 2861074854
1 3785087756
1 340512805
1 3922944433
1 3788979458
1 2506601002
1 3276544426
1 1746259573
1 1807482494
1 180128211
1 2336670832
1 2163289863
1 1360689689
1 618110205
1 1093711114
1 3201522445
1 441119587
1 1333424488
1 3363136544
1 663132097
1 252976480
1 541322494
1 3789308131
1 2113318511
1 639820714
1 2899908504
1 2477391994
1 503630541
1 2213028779
1 1714747838
1 1276697781
1 2872701142
1 728523852
1 3481319690
1 2294111907
1 210423208
1 2605881378
2
1 2631014504
1 3531734967
1 4019064442
1 4062928062
2
1 2193079983
2
1 3616232556
1 2101104276
1 1638644456
1 312897311
1 211216254
1 2299568219
1 1589466891
1 1338594250
1 3703679360
1 2754060052
1 107410856
1 902429612
1 1912417762
1 4072353009
3
1 2201443778
1 2738129913
2
1 1330220645
2
1 3745771754
1 2644368379
1 3416764352
1 2676679770
1 612672210
1 1790706358
1 3979186013
1 1051483568
1 3753827329
1 2790759673
1 1776684678
1 685534991
1 3004766813
1 3460744996
1 3861209213
1 2895876742
1 1246711925
1 2040287803
1 1236414801
1 1610832458
1 3768664641
1 2179830765
1 728451231
1 493477585
1 3296554419
2
1 1158584438
1 1720266283
1 2751131329
1 1421276480
1 2379432907
1 3199370362
1 4041055103
1 2002039402
1 676501113
1 1042387688
1 2056527871
1 3373232689
1 3319405986
2
1 243856145
1 4220408366
1 571517802
1 1329999940
1 1248527324
1 630702620
1 3296657190
1 2795667943
1 2908907426
1 4033606624
1 402793632
1 1740155402
1 2910573889
1 1156832551
1 1895151692
1 1857444964
1 830640208
1 1098930866
1 884321301
1 3138188838
1 346834444
1 1023768795
1 4190932294
1 1874759390
1 3474249337
1 3484196698
1 824530738
1 1326225378
1 2458771122
1 863888223
1 3258559881
1 109391433
1 2319343057
1 2112447609
1 2458416742
1 3063916768
1 1162544437
1 1605490556
1 3330666775
1 797848730
1 3372777281
1 2145486996
1 759672874
1 2511230399
1 2814654292
1 759781940
3
1 1264867140
1 3942550663
1 187119652
1 423051651
1 1277455648
1 3237606518
3
1 1359336628
1 2096201698
1 3700512394
1 3180769496
1 3818526571
1 3085914813
1 4093910042
1 2346810131
1 1402104309
1 3099597884
1 3149561589
1 3166891222
1 1988039397
1 2444818728
1 2883721861
1 1020766958
1 1539457518
1 2635424659
1 1867472018
1 2620796179
1 342825371
1 4197430992
1 2483621523
1 616635352
1 1773817167
1 2288586787
1 835072330
1 1241189954
1 1259231844
1 4122173502
1 1406964708
1 1951995224
1 1236238850
1 2092244037
1 1730363801
1 2331963954
1 3732316379
1 2469669680
1 70336648
1 4044623907
1 1031216827
1 2812981895
1 1260220376
1 3644905210
1 795228798
1 102087489
1 1344463289
1 3513171317
1 2765804981
1 3107197140
2
2
1 1916994192
1 256693890
1 825805254
1 2319246462
1 2110479927
1 1705589948
1 382736655
1 824570267
1 2732911596
1 927641336
1 2054551445
1 3817366975
1 3575788124
1 2494561290
1 2803375429
1 4010587062
1 1686513564
1 2415810555
1 3714160456
2
1 1725542658
1 1879148693
1 3419178797
1 2426874978
1 4226505137
1 3520044485
1 1918843781
1 3043285882
1 1532046796
1 85834489
1 730697520
1 1126481980
1 3785249740
1 834639942
1 3252801939
1 1004818539
1 4249957881
1 3161648752
1 4253458504
1 3696480392
1 1144714028
1 114001122
1 2549415880
1 4281770398
1 2856613661
1 1632875060
1 1327395822
1 480014642
1 3597480117
1 1928855066
1 1744973709
1 2745988604
1 517256004
1 1051502409
1 1343185429
1 1852096599
1 3407756759
1 964385092
3
1 2393550310
1 2964202465
1 2798232174
1 2052595116
1 3571542360
1 512316982
1 2909779474
1 3852748717
1 4028707350
1 1700697431
1 1498751069
1 2816029588
1 3179415072
1 3378939497
1 3288151991
1 228955259
2
1 1551740725
1 3730287564
1 338248409
1 3097751828
1 2850551751
1 2389115510
1 1318901613
1 2125900508
1 2002021290
1 3328605014
1 2043283994
1 806180564
1 1649208996
1 1391550852
1 78473627
1 3665349003
1 2673165416
3
1 1251577324
1 3374539894
1 3964431663
1 854853319
1 3345774877
1 669233067
1 387695480
1 3920993928
1 3551376258
1 3282723254
1 2845458959
1 1593637975
2
1 1108959364
1 1622904157
1 2198156639
3
1 860332935
1 2433107500
1 2301662297
1 3624309761
1 4067484628
1 2924913917
1 1144339227
1 1286147388
1 2480091968
1 1892824895
2
1 3655344135
1 890623629
1 3195614022
1 4191138830
1 2787512882
1 3694646982
1 842660761
1 4259359441
1 3608205182
1 961459091
1 768310516
1 66435004
1 2112163165
1 647495873
1 2173675401
2
1 468208937
1 98881795
1 3140318565
1 1888664601
1 995437003
1 4260260470
1 2486149745
1 1104834442
1 4147117704
1 2007482835
1 4271194294
1 1267663236
2
1 2241790549
1 2601415382
1 3205403823
1 1339110268
1 320003538
1 1454101229
1 1237005796
1 2416955643
1 2179127463
1 319752892
1 2773236771
1 4222402322
1 2641285081
1 679159748
1 1613339952
1 3709211606
1 3640655725
1 3990100917
1 831279060
1 828537461
1 573821982
1 2870499322
1 1771494727
1 757623033
1 3943003809
1 387264742
1 529440644
1 2576661044
1 3454236007
1 3782716257
1 3274540814
1 3430203927
1 4023554267
1 1820962271
1 2123069916
1 3856833024
1 3546524164
1 3855909179
1 2458917928
1 2784503301
1 657430591
1 2278262163
1 1663533880
1 1708122968
1 2082334962
1 2111734552
1 2348335231
1 3600938149
1 803835065
1 2142347410
1 375813289
1 3133216213
1 3481211874
1 1989762881
1 2830141970
1 3274986794
1 4244436771
1 2119819655
1 1515871635
1 4069395823
1 533811685
1 1191872705
1 908643378
1 565123484
1 256754600
1 3764737173
1 1373168594
1 221469252
1 1413714126
1 1147645443
1 4172349067
1 3859964077
1 1275602035
1 744633513
1 4214292654
3
1 3538735326
1 1811914913
1 822982254
1 4244158305
1 3842524417
1 2072098863
1 3867196939
1 3783689676
1 3342722707
1 837149347
1 687788718
1 24637349
1 1081457473
1 1808316551
1 4033585876
1 4159256223
2
1 3048343824
1 3684007683
1 3280522620
1 744258998
1 1304077110
1 238640540
1 1708331130
1 2546397761
1 4058113404
1 4031990107
1 1406140282
1 1953799759
1 1019642767
1 1873013223
1 2584333936
1 4080440935
1 2383108776
1 4241659242
1 3881002284
1 2580048075
1 1151533366
1 1279886652
1 4125832259
2
1 3689808477
1 296841516
1 1458513303
1 4136671329
1 2742047662
1 2569413534
1 692710462
1 2387146644
1 3620566245
1 1944468149
2
1 3467109030
1 3492326146
1 753242395
1 2639755455
3
1 1229940970
1 2740175246
1 1954420843
1 1018279483
1 3386158725
1 682244352
1 546515112
1 227171750
1 4249218108
1 3387471512
1 3404634618
1 3297744799
1 3963321781
1 3357522612
1 2156010867
1 734487227
1 697082386
1 4071369476
1 186977595
1 1957129104
1 1772720281
1 2622412577
1 2252422434
1 1885103903
1 557084083
1 3100330071
1 663579041
1 1464972271
1 3773178967
2
1 1643822360
1 105601262
1 2931376420
1 4233524314
1 413438462
1 3114684486
1 622389530
1 4220772938
1 298195588
1 862636643
1 1503568998
1 2883228992
1 1580984204
1 4004575649
1 3140748775
1 2243554089
1 3262654727
1 1834455262
1 2295581767
3
1 326114154
1 231069293
1 1067289151
1 4060707444
1 3696234108
1 2266838683
1 714694442
1 1463608144
1 3942080221
1 494695592
2
1 1358603649
1 914413725
1 1497986787
1 2077848814
1 358183781
1 985754088
1 634190148
1 122668301
1 3433564625
1 3126141971
1 1577799067
1 2231852635
1 754889722
1 1256306775
1 1593058664
1 1743881003
1 3595356395
1 3552010787
1 3633788291
1 3323294755
1 249058705
2
1 1053456443
1 2982693798
2
3
1 3674757909
1 1451160152
1 1399463379
1 1479570118
1 3308617666
1 1049581264
1 2018610356
1 39123451
1 3559645971
1 2609331332
1 79026628
1 2292378774
1 61966304
1 2362083600
1 4174153228
1 564526383
1 419896304
1 3580551865
1 2451893254
1 2403095695
1 2793864697
1 449728449
1 982038953
1 611725886
1 635268624
1 3130712631
1 2521008203
1 3184188603
1 431712295
1 903671129
1 1131408135
1 2900240133
3
1 2401374030
1 3155010864
1 3023421770
2
1 2583403865
1 137113033
1 675131635
1 2228198395
1 1506131033
1 1684038127
1 2738186358
1 2705504747
1 1666256560
1 2885681461
1 606403613
1 2457847828
1 2112119937
1 3385677088
3
1 3045477134
1 2135580134
1 2448932567
1 2442667894
1 3020047875
1 1224017531
1 1064037816
1 1904697434
1 101904999
1 3543163310
1 1766634156
1 3596489159
1 3929458653
1 988313110
1 1029779584
1 3180426861
1 3536086902
1 4158331280
1 2968527753
1 2282750574
1 453022698
1 4211286692
1 691051843
1 1843386752
1 3658865731
2
1 185189054
1 2065099219
1 2212207689
1 3607404617
2
1 2341159602
1 2676552882
2
1 1788455932
1 2938869859
1 550521836
1 834339378
1 1558310519
1 245773873
1 1253278850
1 2588169966
1 513974913
1 443316513
1 4261320682
1 2810741657
1 1918349024
1 260952514
1 2875063418
1 1141949261
1 4120372867
1 2611156882
1 3422902555
1 475899023
1 1716375959
1 4208410654
1 3234793860
1 2191155608
1 1884362376
1 2499618245
2
1 3029923304
1 86786471
1 2689956097
1 1649146973
1 1742750039
1 1842304402
1 4130083556
1 1227750293
1 2126995675
1 1652797547
1 1733741118
1 3652087686
1 1827685938
1 2476809320
1 2713218027
1 3918452524
1 3790469413
1 3302433300
1 580449795
1 519969485
1 646050389
1 3763426979
1 2519807815
1 2009221852
1 2012955008
1 2674814825
1 1221841058
1 2255462766
2
1 827885608
1 3756419820
1 2509551910
1 3680910090
1 3840660085
1 3082910422
1 959748993
1 625079944
1 3825046445
1 548920650
1 1244785704
1 609136403
1 3644248148
2
1 2867025369
1 1350726262
1 327900627
1 3534658749
1 317222109
1 398592421
1 1338489912
1 3922885229
1 519520888
1 3640776605
1 4118690326
1 1313761168
1 3563308523
1 797726067
1 1006677956
1 683328441
1 4021392382
1 3091631198
1 1562479486
1 4273682429
1 2151468110
1 2450316824
1 2162041630
1 2550996933
1 2487245690
1 29667107
2
1 622049995
1 3950353603
1 4022591356
1 2042470151
2
1 1938641782
1 1016245028
1 2936966493
1 2001499153
1 2079714208
1 1580904717
1 2986711937
1 1158068784
1 2873344188
1 4171678281
1 2454276093
1 1512914237
1 1709818927
2
2
1 374833911
1 107054123
2
1 3246457121
1 958887496
1 645995812
1 1054498782
1 1916749591
2
1 3988857417
1 2144162181
1 2021741104
1 1117136438
1 2893949003
1 3518636663
1 273652635
1 2593717555
1 2994812321
1 2483536164
1 4059696791
1 4188183344
1 63861974
1 1548007558
1 3405637018
1 3733005969
3
1 1580653083
1 1318500827
1 488279953
1 2399204352
1 1350321808
2
1 2824142849
1 1147566033
1 3624247785
1 1374740111
1 2315930032
1 2653244864
1 2562453627
2
1 2504534487
1 3330610709
1 3355067975
1 3951232826
1 2325701031
1 3609278289
1 2819535012
1 67712016
1 2773792314
1 1257003861
1 248028613
1 2778995630
1 769028143
1 1002359117
1 2692526146
1 2942018104
1 1923991555
1 2469982219
1 2957372313
1 3746719588
1 483346815
1 3891649319
1 17495516
1 45779191
1 1770254273
1 259655684
1 2673742853
1 3821845609
2
1 3276111857
1 2330798020
1 3325711079
1 3945566467
1 3862006798
1 2643483299
1 3536143969
1 3927639225
1 1574184401
1 2249066688
1 681539140
1 1772329616
1 2478945337
1 4191768560
1 695991952
2
1 2891317572
1 946480034
1 170910173
1 2993842451
1 3469041804
1 722464920
1 1271261785
1 3273852290
1 1966041553
1 3614297542
1 266319544
1 4047366401
1 404563056
1 2273910736
1 2099404729
1 3675734732
1 3811763079
1 3879869394
1 3827335239
1 1013746215
1 1877186595
1 3503138090
1 348771162
1 4098860341
1 1261767847
1 3046940668
1 446447190
1 576604519
1 915970656
1 2619988045
1 3083648932
1 887568019
1 1818009920
1 1473554058
1 4186060372
1 782056666
1 2431305446
1 763332413
1 3614262411
1 3910374990
1 249722457
1 734324652
2
1 2592258523
1 3894579297
1 4199766352
1 1843574169
1 3061083892
1 1929645972
1 2259107356
2
1 1762451444
1 2658338555
1 4056917776
1 967944374
1 370512026
1 3229265388
1 2570965257
1 1570266316
1 935221043
2
1 1739251989
1 4257712561
1 1643947654
1 3649591649
1 3558115572
1 231254376
1 29942591
1 189126398
1 190822256
1 3627419740
1 3802021590
1 1438384325
1 2520310320
1 2271351504
1 2448608112
1 1707968153
1 1372530521
1 3447221372
1 2345080410
1 418607086
1 1825181350
1 4214219079
1 2908572618
1 1165371670
1 4086332352
1 2071376242
1 60461497
1 4000130202
1 636603876
1 254120254
1 1132947044
1 733676356
1 2057538523
1 2759020092
1 3459351082
1 1162460062
1 1163938456
2
1 3472138872
1 2871759301
1 2665240996
1 1952719508
1 4258874179
1 712223078
2
1 3686486560
1 380464505
1 2186493963
1 1491237395
1 3545866474
1 1845141305
1 2836368892
1 780825252
1 887671712
1 3943712051
1 2743957626
1 1259738773
1 2747231852
1 3072451981
1 1885342342
1 622948314
1 3962173311
2
1 1133422559
1 2368747228
1 1932458450
1 1457994534
1 4108821470
2
1 2824109773
1 537967648
1 257771579
1 3267854879
1 3333389299
1 1773342491
1 2450980055
1 816564699
1 414951356
1 1220198120
1 2884642565
1 2751525900
1 4191895213
1 518786243
1 785091084
1 1669282010
1 704105087
1 484464732
1 711349964
1 2815730740
1 2876551187
1 4077098686
1 563875021
1 2485747040
1 4277397867
1 1837308216
1 2486621567
1 1395659044
1 2733616421
1 2377973639
1 3285726934
1 886066374
1 2010969731
1 3849196432
1 805147011
1 3279587587
1 2833138882
1 2909575471
3
1 3751563835
1 4219624944
1 1432240056
1 3781858983
1 1173381197
2
1 997847105
1 135176396
1 3608632792
1 2113647706
1 3558908407
1 644317460
1 2037207220
1 2163294852
1 3371993257
1 1118510196
1 1632284276
1 1726838590
1 2123295837
1 3241264579
1 1556805462
1 2964623215
1 2711768932
1 2609269648
1 328660640
1 3659243469
1 2684846354
2
1 1287875848
1 916882389
1 1325390852
1 1191233844
1 826244380
1 2816558147
2
1 4226860695
1 158054076
1 4020044684
1 1471820118
1 2553743938
1 8272734
1 3890330005
1 3955372979
1 2446288082
1 952260442
1 1117549771
1 3858991564
1 1135751065
1 1133051372
1 1315669357
1 4244868588
1 1167661281
1 924953213
1 1777106831
1 3264900366
1 3605815881
1 4146261668
1 4203596497
1 3909680948
1 995779960
1 3341646321
1 3102598406
1 1028789387
1 3269820307
1 3610694439
1 2414706493
1 3431695127
1 1160997775
1 308867045
1 533638473
1 390315916
1 839175289
1 3194157961
1 3360900530
1 786157753
1 3869995048
1 2550508949
1 2317910093
2
1 3460725411
1 340701468
1 2605012739
1 2421624790
1 228913643
1 1544854235
1 3550376954
1 3112786216
1 323334652
1 4028764384
1 3332308580
1 1373231247
1 2089517909
1 2442408138
1 2190419521
1 1415219343
1 2702265124
1 2695856182
1 300945064
1 1764163381
2
1 1687934369
1 2095879727
1 3827906760
1 2845456259
1 830066692
1 1838338683
1 1881868349
1 1030061013
1 1442584810
1 3459265996
1 863477508
1 86760078
1 483470880
1 3062120129
1 1095027595
1 694255703
1 799225583
1 4041933652
1 331007103
1 1868425170
1 2436022789
1 999577439
1 3857808888
1 2229569917
1 1112277335
1 895048642
1 602111392
1 1638971083
1 218134256
1 2944928469
1 3430907118
1 1174589768
1 1571076277
1 4162611099
2
1 678881526
1 1494788149
1 940887949
1 2723477703
1 3346567483
1 2587821428
1 3392100130
1 3629524640
1 1662428048
1 1254105616
1 1000777733
1 1144478727
1 2278873896
1 343064028
1 3508524761
1 4034220857
2
1 3837092600
1 805434487
1 610940354
1 2434956963
1 2549071567
1 2318351702
1 2916779923
3
1 859376900
1 53348222
1 1042406740
1 455504976
1 2468843812
1 706910479
1 3421825952
1 1575641090
1 1194282553
1 3036719968
1 1882704988
1 3096367934
1 3993308355
1 1654304096
1 2304664911
1 2474114629
1 3922996400
1 67723420
1 79875526
1 3365586960
1 402937372
1 1596023885
1 3908031647
1 2205028454
1 586128870
2
1 2122364095
1 2639857101
1 1857549729
3
1 3637379424
1 961553757
1 1835479781
1 1792630701
1 621620515
1 448695941
2
1 678801485
1 1212969252
1 723825803
1 2606616233
1 3028019609
1 3531860329
1 111203586
1 3786319850
1 2120068202
1 511287723
1 2703304103
1 2483821353
1 2704645132
1 3060822057
1 519848209
1 1191798103
1 3827480948
1 2767575787
1 3263830601
1 1863181326
1 1180898741
1 2167975794
1 3421857391
1 2545092560
1 3666251741
1 3307988687
1 903522571
1 3649293211
1 4061202256
1 217637929
1 4173573770
1 1605546365
1 3249060489
1 1070091394
1 4028742827
1 2819649998
1 2124936731
1 929716479
1 3375301509
2
1 3513596091
1 4204835556
2
1 3518019793
2
1 2473402136
1 748784522
1 2118459635
1 1802342198
1 835457035
1 1939844717
2
1 2401205237
1 3354025426
1 2616787413
1 1432740125
2
1 810639318
1 1673562908
1 658331918
1 1740606883
1 388804616
1 2159671661
1 828669364
1 1005118448
1 2876521130
1 3400824526
1 3709141696
1 2659338945
1 2907734924
1 698352311
1 3616528406
1 1453211236
1 3353750883
1 931374095
1 2157288707
1 3165508561
1 3290480320
1 1784121061
1 2982121424
1 683977634
1 622929488
1 2423003971
1 1877888512
1 3141643109
1 3815208682
1 2479152593
1 2059706864
1 3616383471
1 3452665998
1 1947723755
1 3122227011
1 2130370692
1 1980194754
1 1483063727
1 3888089625
1 3436008496
1 3919442156
1 1209587540
2
1 3980746236
1 296240972
2
1 282151748
1 3554443109
1 1708886980
1 781375269
1 3804693678
1 2776331826
3
1 187454723
1 1816117633
1 2393194878
1 846394072
1 980753539
1 2302078991
1 4248169795
1 1724100036
1 3803291850
1 3388711534
1 251366343
1 1613142545
1 1038285115
1 3250285264
1 1700831403
1 2093701919
1 2333714467
1 3345395464
1 2641069994
1 234496087
1 3998873274
3
1 3519107991
1 423980720
1 2868468596
1 1672284336
1 2735288861
1 1684890137
1 541250800
1 3633976645
1 592695475
1 3927332500
1 3252573386
1 4073442700
1 2624151081
1 1810106724
1 2551643170
2
1 1558582206
1 360936424
1 3914846339
1 3302230454
1 1294459212
1 4161951210
1 1541119744
1 2160784933
1 246914694
1 2260477926
1 3650338176
1 4254812980
1 678741976
1 3327903000
1 1997739137
1 1864533549
1 1643457734
1 1597907781
1 552828866
1 1300277127
1 1396801271
1 2067052267
1 3970826783
1 1684118089
1 970083126
1 3286562816
1 457418836
1 2059043618
1 1780818990
1 96956155
1 277838345
1 2092826412
1 2308807484
1 422670699
1 3003249477
2
1 2359939100
1 1050196148
1 111460945
1 3065996339
1 1099480603
1 1515719267
1 3155171685
1 3137719297
1 4024693572
1 3851940626
1 2526575908
2
1 1398870807
1 549619268
1 4249305906
1 2449407046
1 959724249
1 1192314250
1 1370849202
1 1681384304
1 1414595059
1 2262363695
1 3621762643
1 1271067467
1 803958627
1 3647323759
1 3989001920
1 4280874870
1 1740253065
1 3619743082
1 137399803
1 3701624687
1 3823787239
1 3774761834
1 4165233545
1 3063851223
2
1 224953395
1 3213374977
1 3821871112
1 3770195628
1 559123973
1 3903556366
1 4082527710
1 857515570
1 3390382035
1 1823155136
1 2305041928
1 2474460200
1 4055786250
1 3736047391
1 2060422699
1 1177296261
1 2999671370
1 2179233623
1 4109265062
1 2806900402
1 399817347
2
1 3201921786
3
1 1131126868
1 1375925419
1 1502427294
1 1235242354
1 3661958827
1 2106542033
1 1605961244
1 3382393220
1 2326386649
1 2528218599
1 116690799
1 491927852
1 3396191281
1 2001805698
1 2176869805
1 3458533097
1 164056825
1 2307818879
2
1 3496567303
1 3555763184
1 2039909156
1 72444259
1 3902849469
1 2602419742
2
1 1082256636
1 756044423
1 3317353071
1 2663839639
1 912153631
1 2788347000
1 2088186790
1 3937054067
1 2808442824
1 1194875670
1 3198137303
1 3487068945
1 122315363
1 1721921916
1 4009681738
1 76767194
1 2610794365
1 603582744
1 4218565633
1 35924365
1 2894556986
1 3809725720
1 2843558688
1 3764121265
1 3319577757
1 1769066901
1 1660074063
1 1674723134
1 2588725307
1 1129001425
1 62522004
1 3735759134
1 381143913
1 2360710292
2
1 3346129550
1 1680955881
1 2471983472
1 3210316279
1 2670854384
1 4005476829
1 2627333757
1 3049385496
1 367193797
1 2827486047
1 2249013242
1 2577626626
1 2114546710
1 2314649901
1 346929751
1 3872687164
1 3622858489
2
1 3197998853
1 3272638260
1 1397584365
1 447146208
1 2469266574
1 3536042741
1 1804834182
1 777689213
1 4164461264
1 4265203984
3
1 2588834183
1 1208116901
1 152832184
1 3389308964
1 1159982599
1 3169938079
1 895122846
1 2806827659
1 1173254428
1 643194813
1 306626185
1 3096842299
1 1602099586
1 3173793313
1 1402670459
1 3230271669
1 3223812620
1 2314886385
1 1361610945
1 1256200001
1 947970022
1 3830175501
1 1081179069
1 1719202790
1 676294013
1 3592708938
1 1602972358
1 3568963874
1 2759423705
1 3691230888
1 3003025393
1 3860983239
1 3232692117
1 2070091233
2
1 3037271070
1 2250525538
1 3952584318
1 2276000369
1 357963787
1 3217071181
1 3583757766
1 2173952854
1 1697017859
1 502224951
1 3578261367
1 1733080730
1 2934117320
1 855426893
1 824210348
1 1211730852
1 899746371
1 3150333502
1 1518836548
1 1347706132
1 921805439
2
2
1 3590568600
1 1248807829
1 1633293978
1 536741186
1 2790115309
1 2082453468
1 310078601
1 1810028559
1 97937322
1 1600808834
1 2366820674
1 3659971313
1 4202153142
1 1674207280
1 3363998352
1 4247735233
1 3816849974
1 2272141057
1 1640766951
1 2791645887
1 1792771849
1 3828603306
1 2525816809
1 1344278757
1 3967110252
1 4064323031
1 3076729948
1 1118995858
1 895898546
1 556798414
2
1 3813740433
1 1381754907
1 1671919596
1 1941241596
1 99545731
1 1365113544
1 2413752652
1 2586573047
1 1706992752
1 3657509602
1 1410517484
1 1502625285
1 599947378
1 1479669153
1 3760219820
1 1244880401
1 576833746
1 1194646862
1 2320409318
1 1310605495
1 1469235088
1 1964505242
1 3209352017
1 3172925298
1 3866576689
1 2476438575
1 2672826434
2
1 1031912773
1 1864443222
1 4079294252
1 1728228656
1 4119043051
1 422662646
1 2788874672
1 3304240904
1 2224585289
1 2332155389
1 1694933467
1 3902193791
1 879310565
1 3584908395
1 2749876056
1 719234632
1 3448942210
1 3779734465
1 1097184585
1 3868323379
1 3557295076
1 3008426116
1 3895108758
1 4008760015
1 2442365347
1 496450678
1 1005612555
2
1 1758867782
1 2344887573
1 3988187680
1 1149317906
1 279463138
1 2815493536
1 3768000156
1 2842697281
1 1163510091
1 1844713482
1 27864749
1 2865696880
1 1571690177
1 904430297
1 2683367753
1 398856272
1 3174419411
1 2321734974
1 555228103
1 49090034
1 1821012691
1 1188304418
1 1048780359
1 3653370358
1 1263779641
1 666713873
1 1618344092
1 3480356388
1 605962554
1 1516046625
1 2225743212
1 1072232954
1 2062697226
1 708754703
1 2849868303
1 1481273911
1 1627641004
1 272187857
1 2104295781
2
1 3392034940
1 3304559070
1 1422797004
1 1812879199
1 3340561568
1 4111203244
1 479036771
1 3217973161
1 692961424
1 2364366254
1 2519527945
1 2291987834
1 2625623385
3
1 3002331980
1 1477170179
1 3187952645
1 3698013728
1 4265046301
1 1271725156
1 1675930227
1 2725765742
1 2969734977
1 50830990
2
1 3092406449
1 2084184025
1 1163758629
1 1600015897
2
1 2323609838
1 1795584992
1 1099679205
1 2756556275
1 3339499310
1 149868499
1 2937701942
1 63300676
1 125034783
1 3714102816
1 628373416
1 3516774509
1 3544816836
1 1016141594
1 2939257885
1 3013244686
1 1700976133
1 1173633084
1 2982538018
2
1 1290068366
1 3027789378
1 2939795658
2
1 1252846528
1 1572289709
1 2427964614
1 1867633211
1 388289805
1 1133171879
2
1 2052422075
1 2612821753
1 3528894146
1 2468420582
1 3909968850
1 823189856
1 2501354210
1 1618602122
1 2571134847
1 3206718303
1 1172482664
1 1297030544
1 2138058396
1 2319643179
1 3662111003
1 4208040387
1 1053841151
1 3836884460
1 2145162232
1 1506609834
2
1 4180042767
1 917247445
1 1189250733
1 1144307564
1 55245835
1 3647862706
1 1434096179
1 737633510
1 204335550
1 2996686597
1 3706258721
1 884410760
1 3422580515
1 174111967
1 952066537
1 1129949211
1 3239347444
1 670241634
1 309066404
1 1749443403
1 2306047142
1 1449594536
1 2297096028
1 3758745069
1 2073057010
1 4224693464
1 3119969692
1 2944176943
1 3658842574
1 1419255127
1 1327713384
1 2036933469
1 187146858
1 2227317521
1 2833142857
1 1747251774
1 2382114676
1 1631237540
1 157870315
1 110436000
1 3860901918
1 4165650944
1 2670284147
1 3612255476
1 3279844409
1 1954592060
1 2023443364
1 2285114149
1 3251679659
1 3287422101
1 2672425478
1 920877484
1 687278330
1 707283832
1 359501574
1 4162987943
1 705282695
1 38916572
1 3546067933
1 4114992066
1 2335783072
2
1 162460707
1 2592776351
1 1529028425
1 68743260
1 587927155
1 3533083497
1 378492120
1 227266156
2
1 1972321443
1 3033388265
1 1281391606
1 2501546849
1 3602563671
1 991857333
1 1808746528
1 4053754671
1 2886796683
1 2773185630
1 2028519985
1 845648337
1 1062388285
1 3108844960
1 3607271031
2
1 342727984
1 1708275724
2
2
1 1705832239
1 3019322348
1 1678665223
1 3471450526
1 2242843698
1 2139892704
1 3375831060
1 607972879
1 7145898
1 1670612524
1 2970804637
1 3946777672
1 4278409195
1 3793637672
1 2974529227
1 2424003003
1 1058337669
1 1265181027
1 969891036
3
1 1016251700
1 895992629
1 454289216
1 3363207100
1 1998525901
1 2632235816
1 3758566780
1 2483658070
1 600606755
1 832788728
1 1549159066
1 2402570642
1 928862028
1 925398244
1 694426135
1 965037256
1 1550433738
1 425251219
1 1627360933
1 522765513
1 2947832649
1 2733652954
1 1475001870
1 2497277041
1 2618560889
1 701080854
1 4209889284
1 4094188408
1 2608529227
1 2825207014
1 2476361766
1 2226799749
1 4009664507
1 4056280549
1 4193801325
1 3024195461
1 2146206462
1 1553690466
1 2075105349
1 3958654461
2
1 1040336295
1 2268474099
1 3303833871
1 3232613394
1 3675588312
1 1248084047
1 1413633928
1 1796629314
1 2244191246
1 3596621965
1 372920876
1 684082048
1 1880570206
1 1248399729
1 3476520482
1 882761078
1 3200861641
1 1329008812
1 2018967292
1 3601896308
1 785500440
1 391732671
1 2530829648
1 2445534632
1 3966711894
1 62977807
1 3673899507
1 733044489
1 990428865
1 1521126403
1 957334404
1 653102076
1 2009880648
1 260143601
1 94991390
1 3935073090
1 4214077797
1 577938906
1 1279727824
1 3195083327
1 3071054705
1 3778606717
1 3611219622
1 4020191899
1 3623405293
1 3016970008
1 2524358298
1 867224280
1 917414622
1 3937629963
1 3520404424
1 1805222090
1 1034374341
1 2289356774
1 2495894663
1 2868452593
1 2787229804
1 1765728088
1 1208398508
1 1889201836
1 1040551471
1 516785788
1 591070360
1 1967892794
1 1063855059
1 4147124104
1 4062475377
1 3764899909
1 3303890274
1 806022403
1 51094662
1 389030755
1 3861350318
1 503335944
1 276442374
1 664753247
3
1 3370867714
1 2632920333
2
1 1097926793
1 4068614150
1 3357087568
1 447299947
1 2745483518
1 334875165
1 1907382140
1 3529199734
1 1734369676
1 3031945897
1 104086945
1 1681737262
1 2781156212
1 3716406936
1 572995066
1 2691678507
1 3690207411
1 254868975
1 1161881480
2
1 2929872510
1 3033624064
1 2596953425
1 1801201256
1 2570716940
1 3738019799
1 3239460213
1 1916616320
1 717626631
1 3311053579
1 952364011
1 1642580369
1 2747731881
1 3175296679
1 3017066430
1 4073964988
1 484596774
1 2288853071
1 2801971489
1 3833168347
1 2714727536
1 3907784843
1 3966743844
1 96775409
1 2499086880
1 915822736
1 3086607916
1 2090861505
1 514653239
1 919300836
1 322044906
1 2402342403
1 3479253484
1 9595637
1 982809291
1 2188908355
1 2386255978
1 3303943559
1 1092960348
2
1 1204281145
1 3240609515
1 2325462920
1 4217318573
1 1365508520
1 1978482699
2
1 1753004184
1 3021676709
1 718194960
1 723998300
1 3694483222
1 3129021554
1 906107899
1 1088590216
1 2145563810
1 1955171189
1 1325441312
1 2836135080
1 806950215
1 2885328318
1 948889749
1 2535531956
1 1825277557
1 1569947158
1 1237993325
1 470892591
1 1484543535
1 589945379
1 770537505
1 370464756
2
1 159077559
1 1495689675
1 803424986
1 558488637
1 3560494300
1 2269708061
1 2498071901
1 3784764236
1 2034808980
1 1047173587
1 4202666558
1 3594189246
1 41025776
1 783355896
1 1111806108
1 1220999611
1 1178781002
1 3311374316
1 689194296
1 992980145
1 2576549092
1 1115708509
1 2416231977
1 3314911932
1 3753010705
1 2913287844
1 1947053760
1 3746696533
1 2284785464
1 2320609793
1 2535917179
1 2700228778
1 2876440648
1 408840300
1 2054937879
1 3589690704
1 2973969239
2
2
1 51115151
1 2200496281
1 1174808011
1 2961586899
1 3230782647
1 599116076
1 3457695854
1 735152098
1 3284753292
1 863761562
1 3971775100
1 1121541894
1 2647546756
1 2291856457
1 3787917513
1 869977272
1 1955076247
1 506808706
1 2891424803
1 3935955685
1 2017917994
1 2138788481
1 288341220
2
1 108293582
1 4151387589
1 3858418840
1 1339999875
1 317823606
1 1482869901
1 3593420996
1 1432596006
1 1667958798
1 2729593680
1 673400617
1 2722677173
1 2567590491
1 298004914
1 197558487
1 2020872019
1 1621760482
1 199551096
2
1 4220507355
2
1 133058020
1 749729702
1 4057548926
1 787820088
1 4067457345
1 2093408238
1 3049360308
1 1867445866
1 515287460
1 178889439
2
1 1925536834
1 787099867
1 2155465522
1 3010406335
1 3499471209
1 3178628181
1 3502667319
1 2163911769
1 3786555112
1 3095567480
1 2096595236
1 1160593326
1 3204371562
1 4273316771
1 1104607579
2
1 2292668101
1 26948924
1 986983260
1 1106266103
1 252104024
1 2350684363
1 2188299218
1 1179662431
1 1998687472
1 842607389
1 4038452336
1 1856151707
1 1107417894
1 1744273698
1 2000495742
1 3256657160
1 2479380152
1 2719355936
1 2408223968
2
1 2050598176
1 1541794389
1 3968097137
1 656120781
1 3034370719
1 1063539357
1 303217432
1 652821065
1 1342854549
1 3343688382
1 2477862276
1 1080496436
1 2178220343
1 3497761890
1 723368118
1 1886485076
1 1747260012
1 2203456541
1 969970934
1 3623100325
1 1011922709
1 3811662818
1 2042340046
1 1514838459
1 936003579
1 1189546728
1 2062801749
3
1 2768386659
1 135029774
1 3333007599
1 1753527765
1 3033086761
1 3307208564
1 3442884012
1 4132161423
1 1380086399
1 1011040664
1 888243780
1 3646977332
3
1 3219600985
1 1401609186
1 1231739585
2
1 2588369039
1 3547431496
1 650365185
1 2832461181
1 2060000815
1 1492172906
1 2255460399
1 2749848898
1 2228540287
1 1546162469
1 199850512
1 4174504172
2
1 2189153552
1 2617517606
1 2883888437
1 3026648459
1 3440968150
1 2354142696
1 3524463292
1 2573650465
1 2330465869
3
1 2211576527
1 3292843214
1 3041953163
1 1118543766
1 725151172
1 964303134
1 1373253152
1 2869029447
1 594880819
1 1797927309
1 2052240570
1 4226587804
1 2467219529
1 4081872128
1 1415158963
1 2902631410
1 2535126018
1 1151836023
1 3965299097
1 2503261508
2
1 3586883296
2
1 175911492
1 803223373
2
3
1 3953567607
1 2468052929
1 3086346046
2
1 3110733417
1 3637693695
1 639489494
1 251796752
2
1 2755442544
1 126552392
1 2103542337
1 627994566
1 1694475412
1 2380739357
1 143634647
1 3658013376
1 1051056601
2
1 377560801
1 4083576730
1 2645732379
1 510164733
1 467559131
2
1 3969595158
1 4095188927
1 1295770339
1 377221289
1 2072793688
1 1783713456
1 2296321039
1 1343841263
1 75142462
1 3128392640
1 3319554300
1 1072273251
1 895057468
1 4109739395
1 2448523053
1 2649390620
1 4062620200
1 2342794734
1 3421618841
1 2012404134
1 52920930
1 2479466724
1 3115422453
1 3322230351
1 3660418472
1 4251102149
1 2272120632
1 1823722150
1 4268337513
1 861415734
1 3867359532
1 3886988423
1 1767638280
2
1 3152332729
1 393650361
1 3274093699
1 1392515090
1 732635534
1 2930225166
1 1760706255
1 2913395541
1 3310054785
1 3558330974
1 2798523722
1 2727591104
1 2011334892
1 1363546992
1 2355568353
1 4024869359
1 321493747
1 496315365
1 1790410673
1 1527521425
1 123876592
1 2749344583
1 906472818
1 2186523567
1 3161277427
2
1 576899516
1 3770822526
1 3070257137
1 1186196455
1 4010586897
1 2462572811
1 2057798243
1 3362871508
1 3142319294
1 3231762188
1 5032992
1 3150116457
1 3332669015
2
2
1 3449308662
1 2282534380
1 1262304672
1 2293139256
1 3418429628
1 3834558533
1 2465257237
1 2596520312
1 1182438918
1 161173114
1 4101188689
1 4048687655
2
1 2657820405
1 261283250
1 3014783264
1 1118093257
1 1702331631
1 2959859042
1 1164079871
1 3596094087
1 3283204500
1 2176013955
1 51908466
1 44147683
1 3599513313
1 2992400160
1 3985755650
1 3975911771
1 3976361523
1 3898622665
1 2833330818
1 1807282641
1 3769178860
1 58124592
1 832998263
1 3487422606
1 1192578468
1 2886833380
1 3953015636
1 1570140093
3
1 2885792170
1 1461981637
1 2374828749
1 3219796888
1 2192647838
2
1 4287138614
1 1587855474
2
1 2402071154
1 3154090350
1 1511731955
1 12887418
1 1923089056
1 1895958425
1 4114371486
1 2037296889
1 4006230683
1 126198595
1 3699747072
1 1466357522
1 1108216092
1 1665812070
2
1 3151621612
1 2462400391
1 269586937
2
1 287014733
1 2011499662
1 2567088162
1 3214793526
1 3505007134
1 448948118
1 2869229594
1 3688493300
1 4190229949
1 2302574057
1 1285471372
1 2362267297
1 673189162
1 847007629
1 3713215363
2
1 2908934810
1 813847720
1 2735084195
1 1841132723
1 1119390424
1 3912524698
1 4127542611
1 2835918234
1 2006789670
1 389002178
1 4020944853
1 2928625105
1 4281386231
1 4129875118
1 2096645794
1 124028774
1 3313177122
1 1747025076
1 4284870947
1 2355495191
1 171656820
1 1565228191
1 2935013815
2
1 1179899451
1 2763970704
1 1592081435
1 1907011643
1 932391646
1 3233126893
1 2768987660
1 2924488272
1 1823052055
1 106034426
1 79959269
1 3512935250
1 2060204544
1 1915795570
1 1623692865
3
1 802850487
1 1053903954
1 3432859108
3
1 243700537
1 4244418992
1 2728146721
1 3821027332
1 160036074
1 2898050446
1 3019138347
1 881166693
2
1 1352448939
1 2219997724
1 3947224520
1 1004142849
1 2267440416
1 1181359704
1 2880612409
1 2417476389
1 3701572699
1 1779657000
1 3814047103
1 1911983304
1 658337442
1 262679134
1 171579150
1 2835313721
1 440145051
1 2080057050
1 1899509745
1 2729357217
1 483409076
1 1874305428
1 1302643182
1 858008884
1 1116498773
1 3139859305
1 1937935282
1 1130885006
1 3545254414
1 655069216
1 818410188
1 4013261449
2
1 958343451
1 490278537
1 3392298647
1 619735594
1 1086221134
1 2450531603
1 3463853306
1 3394683055
1 1534971482
1 487929516
1 640166184
1 2765598050
1 3926616187
1 344263774
1 356781636
1 2099851929
1 2854830335
1 2191586815
1 640791146
1 838491977
1 1021799603
1 3568267099
1 918453936
1 2451512252
1 3688121171
1 1058132837
1 3205713533
1 3843001937
1 4061646512
1 3834068992
1 1463952594
1 2871284850
1 3129154386
1 1002964038
1 2850687704
1 3483250667
1 4047217220
1 1256927157
1 1892897730
1 2856651672
1 2096152554
1 4166337027
1 1548478307
1 4027046276
1 764446831
1 27956240
1 4254516846
1 760034405
1 3754256278
3
1 3216757932
1 107157486
1 3811243012
1 2033251288
1 3607075286
1 888107385
1 1802187702
1 2153408193
1 1612542980
1 3788857896
1 3755640984
1 3740482176
1 3386011776
1 270973553
1 67805022
1 3147452021
1 1159042036
1 584810308
1 3820455036
1 1897831035
1 4171748327
1 1258427576
1 2879406919
1 3242468110
1 3107842552
1 3906588959
1 3766922515
1 65559840
1 2211198724
1 2545469024
1 221313040
1 3506321145
1 1700188548
1 2573522907
1 767369462
1 2193486250
1 792263702
1 3080262546
1 3909441429
1 1346307178
1 3611681423
1 74807070
1 2621935570
1 2670783277
1 2128471248
1 588247798
1 3969017459
1 2429072650
1 1993534631
1 1462519992
1 415051410
1 3071959794
3
1 301486736
1 2564393629
1 2760568913
1 3587701182
1 166683023
1 1217346753
1 706025497
1 2438317294
1 85455738
1 3892988209
1 3032416811
1 1177310281
1 3328728223
1 321633258
1 1779165757
1 688516255
2
1 3240093222
1 4189027308
1 1560135596
1 3814077351
1 694077381
1 1039751604
1 3295529875
1 671648982
1 3383532336
1 3040197853
1 3779613556
1 121605457
1 3887584362
1 2818203793
1 629916923
1 3124128019
1 2647273946
1 140280022
1 899557135
1 3108606386
1 2809563741
1 1185806341
1 880900020
1 2112661428
1 890340697
1 1857748842
1 3042351666
1 3293292849
1 25137134
1 466121069
1 3557998464
1 1970391106
1 599939046
1 2901028362
1 1338012877
1 405598027
1 3565032024
1 103150328
1 3716016085
2
1 2041775490
1 2967720689
1 1101852010
1 438087036
1 4219853766
1 2766994306
1 2884439597
1 964156703
1 1027138087
1 3464072415
1 887196300
1 2492449883
1 2275350090
1 1629438647
1 2164907445
1 180406738
1 1351978629
1 3238660632
1 4141295128
1 167880985
1 3923557222
1 2786313541
1 3761157699
1 1069042135
1 2362726407
1 431584952
1 385189306
1 3124813549
1 27065338
1 2708853191
1 2553382807
1 4035996901
1 2300183143
1 1792957563
1 238938435
1 1055194650
1 2497145191
1 3088071040
1 1202576724
1 687761499
1 135696983
1 3959209746
1 431464416
1 3107093034
1 2871634151
1 2955178001
1 1782452469
1 39267617
1 945545366
1 469272895
1 720095049
1 98653227
1 2674954294
1 2659836051
1 250834143
1 3853253881
1 1983782619
1 1057491822
1 1310960040
1 1210009424
1 4237246677
1 1375946104
1 1380145800
1 3261668666
1 806524117
1 1507060113
1 2477810762
1 389706915
1 1542589873
1 1316603883
1 1201017513
1 1126264974
1 1957153075
1 2460910729
1 1031335053
1 3828418416
1 2391312892
1 3285439377
1 720140134
1 1922665289
1 1228719916
1 203342408
2
1 2635899412
1 300315985
1 2560230036
2
1 109079096
1 2655418701
1 1594101945
1 3725331726
1 2094353279
1 3629571450
1 1839640924
1 1534599277
1 4125206456
1 3963514568
1 1081816094
1 2042063058
3
1 2993298770
1 4119390028
1 139432191
1 2613323450
1 2465306572
1 1188518402
1 2205718222
1 3602862414
1 580331295
1 2574715951
1 564371283
2
1 1185479795
1 1711129432
1 3391990376
1 1452600723
1 527476896
1 3919539532
1 4231968163
1 3818254198
1 547543849
1 119839960
1 890829056
1 3066125221
1 966561224
1 3733623231
1 207588047
1 3957749806
1 1475724252
1 91911098
1 3534818938
1 1769293277
1 161396700
1 97262182
1 2858887920
1 3301169051
1 3322986102
1 3637714609
1 78549817
1 2337933557
1 3207162124
1 3177720906
1 3610906250
1 1840115892
1 4037549181
1 2463297443
1 2180493155
1 2152329867
1 1420585252
1 1736417212
1 3209216935
1 3959252735
1 3195152276
1 3837585438
1 3611743934
1 482900390
1 1048332008
1 868208631
1 1428663709
2
1 2004726104
1 4078390395
1 3939278353
1 2163505986
1 2094709975
1 1651571644
1 1434505346
1 954671090
1 3519328614
1 3940809505
1 2013991806
1 2185700450
1 2222391801
1 1777686502
1 1825821537
1 3034068060
1 853483250
1 3630798303
2
1 1847385375
1 1827365378
1 162099387
1 708510176
1 320321391
1 2247557465
1 1051593025
1 1285371466
1 219629267
2
1 3402928670
1 2576317839
2
1 3518478489
1 434576142
1 1718426286
1 2046494208
1 552476460
1 2742962358
1 4087783942
1 4073487475
1 2828590772
1 1905282901
1 4221332500
1 2222756241
1 2180289197
1 2296502302
1 1148956516
1 2323688285
1 507367577
1 1963893339
1 3880699753
1 2990843714
1 927644577
1 3647419942
1 3660857835
1 2471920780
1 2408627924
1 3920422100
1 555644957
1 607933545
1 359186973
1 2608468330
1 2388347860
1 299196609
1 234048161
1 4042729507
1 919540365
1 19047103
1 4104200318
1 2532229131
1 3362391430
1 492707993
1 3861666877
1 3709639976
1 2790853115
1 4142526908
1 285866309
1 3929370183
1 271544861
1 347369392
1 2161857049
1 1133108592
1 3987916613
1 3141555934
1 2743093198
1 2280898528
1 1686486952
1 1287594685
1 2175303396
1 1392183274
1 464166171
1 3553761850
1 4268704928
1 62524182
1 784579623
1 2568899719
1 3690782874
1 980209804
1 3675310313
1 373442479
1 518665303
1 1037061455
1 2382218588
1 219621251
1 1192298984
1 2395678638
1 134351682
1 2244036508
1 1763112228
1 2293740750
1 270112450
1 3880148597
1 1536828068
1 783335667
1 2741113302
1 1779280073
2
1 2397527020
1 1392371597
1 3307941941
1 940084065
1 2350963263
1 1153116286
1 371374642
1 1623468739
1 804681590
1 245112163
1 2920311401
1 3929176521
1 2347663327
2
1 1434425916
1 1563790094
1 3488471999
1 903174997
1 1768358792
1 4041641154
1 2915003710
1 394347477
1 24882195
1 1050054101
1 2668519139
3
1 765258929
1 1794659967
2
2
1 3532507695
1 990523182
1 1295844097
1 1025523475
1 2196307777
1 255097319
1 3143142484
1 678627977
1 1252380569
1 2407430176
1 1538840895
1 1129338080
1 3001693316
1 3993331407
1 869089779
1 1088076307
2
2
1 246717424
1 2228239074
1 2451893583
1 2811516016
1 1358182862
1 3613823310
1 4268422668
1 2313718536
2
1 3257836869
1 1651501888
1 1239069082
1 2521324607
1 3244302719
1 2280013926
1 779798158
1 1710120087
1 4010363647
1 3552980515
1 2771722759
1 2379426704
1 847482105
1 2062489217
2
1 666002227
1 3150046143
1 1386910609
1 2367758889
1 2956135082
1 2218432106
1 2341004469
2
1 760799665
1 4042895594
1 2077627156
1 2755186742
1 4264299052
1 860590481
1 1342439842
1 4255927178
1 166470618
1 1535109668
1 3393394597
1 2930702721
1 3879679236
1 2018923200
1 3053774102
1 2219645971
1 575188021
1 296065809
1 3931387730
1 2143134340
1 2887816235
1 3277565166
2
1 2339813217
1 2649982447
1 2087798782
1 474603084
1 118098066
1 1967734619
1 788976326
1 91399441
1 4250546303
1 1249763050
1 2948013012
1 2820734662
1 1888946031
1 4106600009
1 2527325840
1 3170058693
3
1 1539402198
1 1846014861
1 3896468972
1 2644476841
1 2786275977
1 4161650111
3
1 397199253
1 4245611082
1 3956895641
1 2465594097
1 2262715572
1 688827225
1 1860604520
1 4113858387
1 1532999377
1 2255938905
1 4225671470
1 3936912066
1 1042487583
1 869000114
1 1085462011
1 824145756
1 4162727542
2
1 813625089
1 3158263446
1 839599002
1 2330970738
1 3169594943
3
1 1041945756
1 3716027333
1 1125850838
1 521914796
1 1717018611
1 1209031925
1 411360004
1 2924832289
1 255070738
1 978126164
1 2586078465
1 1990545906
1 3459941191
1 2966886261
1 1080671740
1 3947714906
1 1186981463
1 2085744399
1 2620239843
1 843744217
1 1557521696
2
1 2831618107
1 3989481764
1 1365374266
1 2971468016
1 2173244690
1 649918463
1 2744033807
1 3440840934
1 3601403351
1 1843826422
1 1484525784
1 2311884944
1 3969857704
2
1 3790315683
1 3103375475
1 3171832533
1 2484623090
1 2587841838
1 2945414597
1 3845720157
1 3677775228
1 197216861
1 3515833272
1 1359372265
1 506127272
1 3211242180
1 3814465172
1 1626120885
1 3847064926
1 2186777380
1 2919249333
1 242932318
1 1432828678
1 358925323
1 619394632
1 113000098
2
1 2448709835
2
1 4034453924
1 969476940
1 4018603434
1 3226903395
2
1 2327108790
1 2146879435
1 2228250994
1 2399147592
1 975865414
1 3881444037
1 3599120289
1 1738435166
1 2947883317
1 766251442
1 1062081559
2
1 2954360559
1 3943904793
1 1276903335
1 3832119905
1 834685767
1 3803855435
1 3336599414
1 462965536
1 2847398478
1 444637284
1 634550259
1 2194645553
1 3385983085
1 656731724
1 4043152968
1 2970396728
1 101621497
1 525764204
1 3128990291
1 614900741
1 3728018367
1 1653267828
1 2197942133
1 1885725886
1 878733675
1 257766426
1 2321757756
1 1849579740
1 589013808
1 2329329614
1 774945807
1 3632042111
1 4120057141
1 2534399991
1 1100870487
2
1 4272883526
1 1406187141
1 794500747
1 925639700
1 4441343
1 3831045029
1 2708034337
1 1037113887
1 2094674039
1 1119768877
1 3040761883
1 4256261763
1 1947754336
1 1747612312
1 276567589
1 339014811
1 915071037
1 4205980594
1 401233243
1 2496302609
1 1395308494
2
1 2098117829
1 2064008079
1 2017820905
1 2186300891
1 745560548
1 262846143
1 3304361735
1 1993144305
1 3558006919
1 3295181357
1 2966740082
1 2189518772
1 597197017
1 1032301701
2
2
1 703939040
1 2086128151
1 3625377376
1 63932456
1 2348066874
1 2141398318
1 723701672
1 2535551366
1 1427928375
1 3190078533
1 3520256711
1 665777599
1 4221263323
1 545019165
1 1543558049
1 1925249467
1 3118192069
1 2136615474
1 2950510363
1 3438395417
2
1 568587526
1 2095533013
1 2457027867
1 1573662702
1 1994803415
1 3894999153
1 1340777207
1 3051237348
1 3222669523
1 4120488994
1 2842562886
1 2411444611
1 4028958885
1 679134157
1 524272000
1 3059526021
1 3437901636
1 3157623684
1 2845675906
1 2880674960
1 916850780
1 2682464936
1 1285214979
1 4209725291
1 922774807
1 809011224
1 1999027203
1 4243183896
1 1068649875
1 519079710
1 2132589712
1 1813269946
1 3546815825
1 2407793196
1 2159161914
1 2022501656
1 2562072243
1 3838606088
1 2897156314
1 2128365858
1 3128610110
1 3216307160
1 1009754845
1 1760057873
1 1967900135
1 3841140353
1 1052140506
1 1587147375
2
1 408029432
1 240053425
1 1922362660
1 3847126349
1 2139182633
1 159055642
1 3849981436
1 251440884
1 1366978301
1 3514015695
1 3149092044
1 3528427505
1 1812728584
1 4041520697
1 2485964034
1 1874803678
1 3593663843
1 1533101184
2
1 4238653297
1 3774668639
1 39535380
1 1062844609
1 522831125
1 2489372555
1 612198653
1 153660358
1 3254238390
1 1783984132
1 3972462101
1 607703217
3
1 1124426207
1 3698383892
1 3423802625
1 20164966
1 1504570926
1 3332432174
1 1330344066
1 2502697171
1 1663394487
1 1240951974
1 2310140357
1 2136096888
1 2583870437
1 364398900
1 2943284195
1 1329632231
1 920512994
1 117087268
1 2335477217
1 30434003
1 3058276638
1 2985473535
1 4022055739
1 4098901869
1 4202872849
1 3456739485
1 2191482561
1 3613096320
1 348076367
1 3349096656
1 1996290666
1 718270990
2
1 3913798081
1 1318295541
1 144158884
1 69811456
1 4235938328
1 2568906880
1 1323813752
1 3155393286
1 3010411730
1 2749448042
1 3268537880
1 3454540604
3
1 1291394525
1 3487694645
1 533033325
1 2424471826
1 622288821
1 3037519765
1 3678683727
1 443955847
1 2451326411
1 611333356
1 1901096212
1 1912894297
1 344816304
1 1314452838
1 849818487
1 2545043025
1 2871916723
1 2296724121
1 2450338727
1 1165647955
1 1686440502
1 3451268690
1 3237343118
1 2529303853
2
1 1531703073
1 2082733755
1 1113949670
1 950556520
1 22542100
1 1872272117
1 3184371967
1 3802892476
1 85359367
1 2946681650
1 1758252407
2
1 2873999677
1 3593540431
1 3320503595
1 1531150837
1 2608970055
1 4259696315
1 2750069730
1 1975949446
1 2219339783
1 2035932276
1 2300322584
1 4197779833
1 2258086076
1 439154178
1 3143470887
1 1845852321
1 380100321
1 1229196681
1 4066109478
1 4125965174
1 1569988832
1 604939231
1 1191986300
1 1415213466
1 2742255160
1 574082335
1 143390841
1 2269077096
1 1155463498
1 2897339310
1 1465142101
1 1882021188
1 1365988930
1 1565047884
1 3667305459
1 1956622887
1 1923258255
1 2156174966
1 1225329522
1 967225013
1 677144365
1 3674733762
1 1143372553
1 826184347
1 2807494877
1 2382218880
1 585296958
1 1716305788
1 1479672151
1 3287386300
2
1 2935404687
1 3617568741
1 711701484
1 1392775444
3
1 609190718
1 940693825
1 1291953331
1 1619582572
1 2171409932
1 351474716
1 3765579309
1 407873015
1 859174511
1 243695391
1 2640852054
1 540548667
1 2893585604
1 4052980183
1 2424155643
1 2692235482
1 480384829
1 4053716411
1 2450288040
1 446928683
1 2665493995
1 2953142298
1 2923804173
1 2673963423
1 1830541046
1 794522887
1 2939689453
1 1547188240
1 597892886
1 3420562733
1 2892937163
1 2983413813
1 596410994
1 490978563
1 3178432358
1 2135248353
1 1908316844
1 4195828155
1 638889162
1 2110585412
1 1257596476
1 327122079
1 2552922652
1 3471741008
1 3401688169
1 886124613
1 721111094
1 2990631519
1 4073604679
1 2514144592
1 279913541
2
1 594187309
1 602974787
1 3269767453
1 536536332
1 1819042822
1 855752623
1 1458072935
1 3253873661
1 3646235587
1 2465909574
1 2498283308
1 2319610906
1 1659494606
1 3343685899
1 314702361
1 3838051416
1 532237813
1 2973532522
1 742328034
1 3939067853
1 3472787291
2
1 1609008551
1 984635028
1 872217114
2
2
1 1295783737
1 3168443534
1 4100497632
1 825474296
1 368017621
1 1022729003
1 522721932
1 1552354179
1 2931643768
1 3195272899
1 3007603727
1 3787283971
1 4101200162
1 1984794129
1 2744202480
1 3847998697
1 347445299
1 1390617450
1 3683880184
1 487471266
1 3359054906
1 1764433780
1 3926070891
1 1538235353
1 666946253
1 133809702
1 227199899
1 1825810399
1 2829334631
1 959772713
2
1 2420315336
1 1873977116
1 2694610709
1 417449610
1 4167313153
1 4149527907
1 1997507906
1 2132941567
1 421866720
1 2557800377
1 624693290
1 4123004792
1 3296674751
1 3384310908
1 742245167
1 498050391
1 1679495430
1 3576903778
1 2883431459
1 2328175393
1 891143457
1 1748192139
1 4066473098
1 614598159
1 1465134841
1 148554125
1 3045521436
1 1259401753
1 2043250474
1 1384186583
1 3922604498
3
3
1 2478862256
1 565057920
1 1450973915
1 208113343
1 3457520398
1 2838848882
1 2220548215
1 1223753997
1 4209979
1 2888836189
1 4119210922
1 1052898670
1 4026563641
1 1753813702
1 1004619198
1 3655663798
1 951499778
1 2232174408
1 683517820
1 780554671
2
1 1760974898
1 2889833078
1 2280938128
1 3242260208
1 896864615
1 3439266885
1 797175396
3
1 2230538404
1 841224991
3
1 2764082002
1 4275762442
1 2989259160
1 2813331815
1 3701081927
1 2506955324
1 1871370412
1 3957997749
1 3277837744
1 472265278
1 3323261700
1 1536362048
1 3824105541
1 2778340503
1 2079665085
1 4213596065
1 1752853624
1 2393535416
1 3929638133
1 3779270507
1 667739430
1 2899465283
1 207343082
1 2320433090
1 3130608447
1 3004049257
1 2564992122
1 106203960
1 2333196248
1 2909691091
1 384360938
1 4209741229
1 3227374774
1 967470390
1 77028188
1 2814273958
1 1479555437
1 3312876821
1 1098232014
1 2377271710
1 1380525119
1 2884757595
1 2367380798
1 1165543677
1 767399767
1 280774526
1 562158690
2
1 424272840
1 1196295484
1 437779466
1 2796307792
1 2459098194
1 2227569197
1 810103179
1 1271685768
1 1599643880
2
1 3146822040
1 4209743913
1 4220597881
1 1155861403
1 4000011118
1 1141888212
1 1296646938
1 470909934
1 2841280320
1 645745902
1 1496382863
1 79128318
1 3102494521
1 2336933346
1 2464750700
1 1069397804
1 4191666514
1 765447196
2
1 1099057975
1 3692712063
1 845195100
1 3002027036
1 4038619955
1 3358200114
1 1870548124
1 3131186670
1 3649005339
1 90918048
1 1193048805
1 1920499134
1 4098075576
1 3892471915
2
1 3860796694
1 3487353366
1 214181405
1 2473767817
1 1645771325
1 1779636506
1 2914421423
1 1959621133
1 1552925111
1 2329585173
1 4011951431
1 2307940146
1 2075338748
1 344660467
1 2646830890
1 1136918111
1 3646391156
1 2696654845
1 4144270319
1 2456281083
1 2218734871
1 488800243
1 4138942079
1 749122561
1 978014652
1 1052039220
1 325248620
1 1664994784
1 4109434461
1 838146607
1 1779302147
1 1312798831
1 868309204
1 2005533661
1 2786950712
2
1 2588313421
1 2407931457
1 1709725455
2
2
1 433935624
1 3868523024
1 595482654
1 1598680158
1 1626105494
1 3244359033
1 3675354175
1 1177451443
2
1 812086295
1 1715754030
1 1815439623
1 1023612319
2
1 4059233930
1 3613736041
3
1 1191650842
1 886345961
1 3530417910
1 167178979
1 2283852589
1 3655193974
1 1854401379
1 1080369728
2
1 1263015021
3
1 14901533
1 643488132
1 321676142
3
1 2862617637
1 2498309884
1 3877096498
1 653269250
1 791282056
1 4030404728
1 1685481632
1 284975597
1 3699648231
1 1161997962
2
1 1283880337
1 3950248883
1 1766266589
1 2294462772
1 666708762
1 2778478389
1 220110374
1 2617533472
1 1832687567
1 3207842544
1 2690285746
1 3696077898
1 2079213629
1 519689248
1 3256579291
1 925259487
1 80182029
1 1251229682
1 610170205
1 1415601210
1 2450433166
1 1890558881
1 1652038294
1 831039715
1 3666118249
1 2361570820
1 981837190
1 1875205728
1 2951521403
2
1 91871847
1 2159029943
1 402837696
1 148360682
1 127248746
1 3331710776
1 538758816
1 1037963511
1 2074954805
1 2987789414
1 2824245449
1 3294651753
1 2903725566
1 3526211553
1 3329313734
1 1438577250
1 3206282680
1 2455718466
1 190187209
1 1278673445
1 2235853504
1 2102234834
1 3375169384
1 2911765685
1 3938071258
1 2372842473
1 3243415298
1 2044525235
1 1993063019
1 1177676871
1 517719215
1 2805394959
1 101964436
1 2058127441
1 800470644
1 3334732934
1 927377218
1 1681695321
1 782574724
1 4030668968
1 3658417740
1 2972915393
1 1293213991
1 309957607
1 2109520914
2
1 2630541603
1 402507152
1 3051122417
1 373445582
1 1609999548
2
1 4051921143
1 39319680
1 3539953266
1 3590944725
1 2400702
2
1 4136180364
1 870983076
1 2729348999
1 1333787472
1 2388023567
1 2848275206
1 1890138631
1 758034678
1 1598970929
1 58119319
1 2888885278
1 947736612
1 4266798142
1 263183950
2
1 1419858488
1 3633988709
1 1608657054
1 3439778375
1 3346356853
1 1056073582
1 2785103105
1 2011148818
1 3459994799
1 4226293234
1 1534144326
1 1624268767
1 2561928775
1 815979872
1 3595035543
1 3358794931
1 578956166
1 206756639
1 1038171393
1 2919751783
1 970445631
1 4078762570
1 619553022
1 2005856159
1 3592075947
2
1 3148337546
1 1430657321
1 3011613439
1 3201681954
1 2380411097
1 2363605670
1 345591359
1 3419700059
1 3900734051
1 79081256
1 2144999496
1 2026448355
1 3117221889
1 255671983
1 1784590569
1 2848462868
1 1883014326
1 4260160687
1 3080183996
1 2459032855
1 704158837
1 559526776
1 1820090104
1 2844538881
1 2738096331
1 1756624335
1 551557092
1 1865030538
1 1269741658
1 3528787338
1 1060692352
1 3917036489
1 3111391628
1 199559616
1 17216504
1 1373027533
2
1 2950229622
1 1434851860
1 1475292853
1 4078271431
1 2152345194
1 3270042242
1 4177829113
1 3862174095
1 166149424
1 2297028273
1 2714901313
1 3742348510
1 2711101763
1 1817447645
1 2582627062
1 3839840305
1 857625555
1 989799723
1 2973557067
1 3693770662
1 1724479327
2
1 1112251710
1 3488583349
1 107947583
1 1082407473
1 3283911249
1 3903066553
1 2170647765
1 2693412393
1 3736972540
1 2107915995
1 2905588971
1 3230096185
1 1320433395
1 3277322496
1 80730305
1 3772953049
1 1656840474
1 2674506722
1 1882071010
1 3578516131
1 218471792
1 637851541
1 2131997045
1 867703781
1 950690193
1 1243954918
1 2964707569
1 2330044469
1 2466979069
1 2110654954
1 3392882375
1 3738015371
1 2813286827
1 585665215
1 974243434
1 2229259227
1 1479739455
1 2906235124
1 2235327979
1 1083625009
1 3784582372
1 2537814366
1 349657184
1 3441736861
1 3739073411
1 3891621743
1 2888880126
1 767634257
1 907209209
1 1101321978
1 3661721193
1 2816372945
1 3486346530
1 1657218380
1 1473142362
1 2855966676
1 3019446142
1 2715764786
1 3508359340
1 1109555257
1 875095572
1 2900296580
1 2798431197
1 550888134
1 3115683461
1 1517882550
1 50241591
1 1186841064
1 530520021
1 3108496765
1 2594679802
1 3161244699
1 3249052902
1 957551393
1 4131216691
1 3882591253
1 1559792064
1 3304840474
1 1305992025
1 2644110418
1 3609478423
1 3535054887
2
1 2405789820
1 1055873945
1 4171187397
1 2153300966
1 3165117809
1 3538323534
1 1975299714
1 2513064436
1 2540377861
1 4046696136
1 188237182
1 3386591509
1 2968868913
1 4105722616
1 4181151887
1 835904909
1 875021301
1 3576502963
1 2991516442
1 3975603713
1 1294793209
1 1460370839
1 1313914807
1 2211975418
1 2027325239
1 737196527
1 2240842571
1 3347649819
1 870110731
1 1548059550
1 3835353480
1 1911010259
1 379338976
1 3705365324
1 3667958407
1 774579265
1 1460191516
1 1913522909
1 533306326
1 3292346189
1 723884403
1 2858297698
1 1136003798
1 2222145494
1 1194436768
1 2848095292
1 3502759020
1 217512596
1 4048949181
1 3539141029
1 2578760421
1 3930878844
1 1940773414
1 3801812813
1 1329464280
2
1 3192180764
1 2922590429
1 2217251700
1 664695786
1 2818979748
1 47956333
1 2136276873
1 1659427859
1 3714637410
1 1397346293
1 3704169834
1 182630979
1 1316718633
1 2289237279
1 69180348
1 2977714293
1 3135965408
1 860785913
3
1 327553112
1 1923007326
1 3880361030
1 3070995007
1 728662380
1 3892948119
1 1013235370
1 2022039443
1 2179014191
1 2575420354
1 1742033854
1 1790058924
1 555862403
1 2028893308
1 2205658804
1 1097957592
1 1648858416
1 273876973
1 573539184
1 1641025082
1 8575906
1 582420308
1 2270527806
1 3720062411
1 1530061604
1 3013690109
1 2045561978
1 2438799439
1 2087206513
1 2794568839
1 2793440952
1 2710805348
1 1251152424
1 1441503328
1 2895036812
1 2284845795
1 581155913
1 1131029357
1 7937280
1 1670856916
1 1454750496
1 1069129207
1 739787417
1 1377377286
1 1405536428
1 2748133212
1 3706352224
1 3443893334
1 1604633690
1 1804613471
1 2548603333
1 4195835436
2
1 2347292965
1 1931109047
1 1958736353
1 3202514409
1 442942614
1 2355565452
1 3639722537
1 3273729864
1 3044230193
1 2285249819
1 1279709949
1 2073027347
1 1633967805
1 174177418
1 3286969169
1 2521210784
1 3834374859
1 663369069
1 1104562915
1 2623786987
1 4257658118
1 236728922
1 3877847908
1 4056909629
1 2489245897
1 2721728796
1 844184246
1 3987892894
1 2718687546
1 330955912
1 986343200
1 3333189566
1 2395083749
1 3400425951
1 1098745990
1 98789870
1 3251012653
1 3373532015
1 1493589388
1 2243081795
1 136318802
1 1051375291
1 3633965938
1 1646021836
1 1249674966
1 2342861394
1 763888624
1 3166485838
1 1085787652
1 2295895332
1 2827326737
1 1789196412
1 3167541124
1 4024716165
1 2948771961
1 503154321
1 4179433960
1 1052117075
1 2430278040
1 3122791152
1 3069350901
1 1145955764
1 2546090236
1 2911568123
1 811003464
1 3971513883
1 1477614109
1 685144830
1 1080075742
1 2901302241
1 3079327139
1 2931691502
1 2687782305
1 3365278013
1 1654906807
1 246308202
1 2496773124
1 2937175999
1 3771609426
1 1652899362
1 1647662310
1 4076509618
1 2643553907
1 3420348905
1 1240471931
1 711653900
3
1 4082155922
2
1 3410647066
1 2119948260
1 593605953
1 774813253
1 1417597829
1 3065434570
1 3864714361
1 732406975
1 2115585086
1 2535927391
1 2109225561
1 3683082574
1 1760218290
1 1647143771
1 4109130364
1 1736975953
1 47154951
1 1968473059
1 2668813096
1 3924229052
1 4122604467
1 3520786117
1 3110319811
1 2898173500
1 1646140829
1 3784467682
1 1250382227
1 4181737010
1 1489263119
1 19433229
1 724631053
2
1 3637860652
1 2409300662
1 1043800796
1 3204824114
1 3943924137
1 1813206579
1 2806840039
1 3774938069
1 3391035500
1 3324489297
1 3229132001
1 280068989
1 495343142
1 3672873177
1 1665031284
1 3409970945
1 3981902941
1 1217419935
1 67259349
1 4259415587
1 4198867287
1 787863868
1 723023147
1 4208709375
1 4111522260
1 1797424531
1 2291054900
1 1777896377
1 1254526837
1 3421945494
1 2723024996
1 2641284376
1 4197833074
1 3484820693
1 2759693042
1 1913019227
1 2948094950
1 1517516977
1 287011792
1 3370659180
1 3408364943
1 808645496
1 2483968472
2
1 796099623
1 4270994382
1 3758874951
1 2382883345
1 1226871751
1 1686158931
1 141554918
1 156777117
2
1 3575116013
1 184837758
1 2319522254
1 1419016154
1 3086816835
1 716971258
1 1606585322
1 2607260341
1 1495495972
1 2314170734
1 175749640
1 413565156
1 2471544917
1 2093084526
1 510605121
1 3013694753
1 1264797785
1 767563571
1 2393001264
1 1995738112
1 2429574914
1 3722171352
1 3687666518
1 4000400151
1 1540607283
1 3561719678
1 774331089
1 874060788
1 1113952091
1 1266088674
1 1172731528
1 1868531494
1 1668102391
1 3305283544
1 3448272980
1 96617307
1 1616736679
1 1562697655
1 531066492
1 4225765702
1 221915342
2
1 194485675
1 1236965393
1 3479911561
1 3640825744
3
1 664435543
1 2592331842
2
1 2827606450
1 778831847
1 2639479
1 874170775
1 2608101443
1 3490676331
1 1894296108
1 1809625819
3
1 3230345563
1 4288336687
1 3364486339
1 1340208171
1 2473799457
1 4106412918
1 340440653
1 486790438
1 1508611175
2
1 4214548286
1 3870213583
1 3969242713
1 3027199090
1 3733240566
2
1 4118825732
2
1 3318634617
1 4116627727
1 2836504511
1 2811797483
2
1 126788602
1 829634468
1 2399839326
1 4277629834
1 3052011472
1 135602099
1 4191999759
1 2429413801
1 4264556501
1 3713260373
1 912326919
2
1 1561235802
1 4132737346
1 1277604858
1 3553457421
1 3874279295
1 676725584
1 28375677
1 2798928638
1 106934267
1 2008918545
1 1479961180
1 2565230096
1 2126267983
1 3759350975
1 704329591
1 3321023932
1 1598291060
1 888634378
1 1725302073
1 2299249385
1 2102422763
1 2594796389
1 3185844575
1 1471717419
1 2913692224
1 2666930475
1 2292314712
2
1 2111874724
2
1 1459284389
1 4224697657
1 4017396167
1 3854310998
1 3759584060
1 3459712611
1 2454370566
1 4064372497
1 3776141570
1 1197834331
1 2815296659
1 2452446915
1 1205108406
1 851691532
1 2736124490
1 3518235240
1 212753808
1 2328123474
1 1447944141
1 1731753680
1 3725457489
1 2591093052
3
1 1687398307
1 883075757
1 4290502928
2
1 3112881354
1 2146535394
1 44202255
2
1 3424243446
1 2796145638
1 4215147750
1 4059671307
1 4201609757
1 1344246049
1 2372504052
1 459390598
1 1009619308
1 3545552936
1 1438136626
1 3238973183
3
1 3453171195
1 3860610370
1 3269470860
1 1271296299
1 2297668409
1 1780009476
1 771409323
1 321048338
1 2943371737
1 127290706
1 2813311624
1 3077457231
1 2816915575
1 3900503714
1 2496416074
1 2201810608
1 1737522385
1 1445133947
1 1713302814
1 627348992
1 1656823520
1 1337915861
1 4220607802
1 3630523321
1 2076355731
1 2996513759
1 4050457689
1 2667886547
1 562717648
2
1 1470846766
1 1775435737
1 2293811991
1 912880657
1 1374624571
1 4203157528
2
1 2562608412
1 346860196
1 2001225098
1 2163545874
1 1834519259
1 3835977705
1 2294159663
1 137254741
1 594111621
1 3262788620
1 4166245949
1 2787142346
1 734946724
1 876580722
1 3968002404
1 3081688383
1 1647816624
1 2125901866
1 1685457810
1 1332102753
2
1 1673920336
1 406410569
1 2280431607
1 4108702474
1 86303579
1 3080738486
1 1346927592
1 712789194
1 797731889
1 1786280796
1 2744953120
1 1054951903
1 4130965155
1 880105478
1 3659226264
1 3438189598
1 2612583553
1 3770029714
1 1418344670
1 1676128078
1 2167180052
1 2966096948
2
1 1305648036
1 2593127344
1 2385491105
2
1 2950561935
1 1449430446
2
1 110328657
1 3619865343
1 4154697969
1 2307828474
1 4028634272
1 3218510756
2
1 3089004825
1 3804857514
2
1 3010846263
1 1310237164
1 2875877203
1 1829484214
1 2654140946
1 3798231358
1 2897764195
1 980384864
1 1831519044
1 1936703235
1 3163561856
1 2362187296
1 959093200
1 196695818
1 127401494
1 3351769862
1 3270836790
1 1920918963
1 1946138012
1 26828579
1 1937045496
1 2830864701
1 4068180070
1 4180485317
1 3498634640
1 3994402042
1 110955286
1 1854558590
1 2748803426
1 1935602585
1 1375630133
2
1 1989000165
1 1804299274
1 214650862
1 2141595098
1 215548298
1 407608320
2
2
1 3320173799
1 453378816
1 2818226225
1 257526326
1 1728677717
1 2609000705
1 378005822
3
1 4133226756
1 621671462
1 3198742928
1 2293469313
1 2519598592
1 3230238438
1 3698273828
1 2366011464
1 2003726280
1 3722354184
1 26034618
1 4178346932
1 3994060525
1 655858715
1 1193620652
1 2088508509
1 502311520
1 1129099012
1 2411601888
1 116924377
1 242357495
1 3458609987
1 2411504978
1 1971917310
1 2533356850
1 3769930182
1 3328701298
1 3744649475
1 651566048
1 659555773
1 2147647466
2
1 433063701
1 2092162178
1 4138029871
1 1387581958
1 1637153662
1 1605922078
1 3987375936
1 22228006
1 2876527427
1 4252481145
1 611022305
1 3898699640
1 4189721366
3
1 4025661444
1 3698924968
1 1353992365
1 2356140865
1 78625636
1 1188038788
1 1370764528
1 3571811888
1 2730930822
1 1275263156
1 804004683
1 2158036329
1 3668952180
1 3582307466
1 1694941174
1 4090663323
1 3988362530
1 1364609689
1 3331024029
1 1729148606
1 482203729
1 2152759498
1 2140774566
1 883059705
1 1928678387
1 2581535315
1 924120231
1 1785729753
1 1033563578
1 2338488315
1 2340164504
1 2676961003
1 960725585
1 3221310990
1 660071354
1 2150105517
1 2616289506
1 813054642
1 3853017593
1 2557454466
1 2966271758
1 3270815369
1 2121422848
1 1520581316
1 2443021234
1 4165630887
1 3685267337
1 917284013
1 2384062890
1 4143374249
1 51694371
1 3189308775
1 1694629841
1 94348976
1 237837490
1 762066710
1 890833400
1 4076343008
1 3337831574
1 1202891099
1 2766053616
1 4088056679
1 255670270
1 3842584075
1 1554724862
1 257214231
1 3485262587
1 3490692499
1 3373835792
1 2939686654
1 1155850158
1 1287313189
1 4269120365
1 1115913601
1 3999314323
2
1 2128992925
1 2356177872
1 3845123777
3
1 131537292
1 3922519179
1 3959857013
1 2194226281
1 2002770089
1 1984654497
1 53509184
1 2837419520
1 2811165332
1 1870783822
1 883554088
1 1496053092
1 4000924435
1 1776614098
1 3482152389
1 3653701264
1 2736441365
1 3819990540
1 663055200
1 2523553634
1 1720809603
1 3910168117
1 984233416
1 1895997696
2
1 825213783
1 1590553774
1 3405027020
1 500517042
1 1836404086
1 1396959354
1 1198620516
1 3686885520
1 2465459563
1 2542595221
1 3854036862
1 3776349292
1 27347434
1 2404920613
1 1348563579
1 3592268071
1 2477798632
1 1816523608
1 449653480
1 3999250298
1 2206069176
1 1758858592
3
1 3166130892
1 2967416994
1 352166995
1 363818018
1 1774522318
1 613695831
1 1685855959
1 895549770
1 1048406474
1 232276778
1 201936326
1 134283524
3
1 1818764115
1 1916582450
1 1968189853
1 3415985047
1 2883906100
1 3386072085
1 2319532467
1 2176250924
1 2568942107
1 3991174967
1 3227926206
1 1010632087
1 3149154199
1 330532265
1 2263992753
1 513190577
1 3483208822
1 2316728764
1 2842612720
1 2237692935
1 150260266
1 894663440
1 2830998075
1 4161861785
1 1102929912
1 2522744880
1 2714733406
1 3053805123
1 3983349249
1 3178404326
1 1243187101
1 426095221
1 4286175706
1 170029362
1 1350350643
1 3821692126
1 816770554
1 3566492373
1 3710605331
1 3238295709
1 2585429965
1 1119667929
1 3626085202
1 3201918038
1 2187639186
1 52119706
1 3167413151
1 2440164772
1 2587924972
1 726920305
1 508411630
1 705152974
1 3457319537
1 1316199272
1 1882604480
1 1911718201
1 177927010
1 428132002
1 1100435474
1 2141553856
1 1130259157
2
1 3902110212
1 1308541428
1 2585056862
1 4173138999
1 3230520192
1 651066000
2
1 757323549
1 1741098591
2
1 3199232530
1 1711772267
1 1787130136
1 829943726
1 3566388861
1 3659644521
1 478998331
1 1288585248
1 1396669090
1 153113206
1 3349864666
1 205285790
1 1401585150
1 3750535651
1 991514289
2
1 920067256
1 2063107014
1 2462147410
1 1928596006
1 1416022173
1 3404592828
2
1 4091102789
1 2834288866
1 2417495064
1 1447976540
1 2755562542
1 2580139923
1 958471367
1 144632481
1 1721321639
1 106790199
1 3704268781
1 1938203430
1 3429544191
1 1082805843
1 436911678
1 476861050
1 3382049205
2
1 3080750135
1 948165134
1 3576438622
1 2094018318
2
1 4013340329
1 699349814
1 2553307692
1 1328380130
1 2573763722
2
1 3619860169
1 3597360941
1 1185048420
1 3639158743
1 1994817360
1 93546779
1 1637338928
1 3788389673
1 1619715283
1 2885819216
1 352156785
1 2131394206
1 2258441717
1 1499025182
1 3743357553
1 2050883204
1 3506776824
1 2111549302
1 289301272
1 2191260870
1 507919074
1 991153515
1 1899661858
1 2791343044
1 2647798349
1 3624918305
1 2388515861
1 4248825252
1 3929148363
1 613634594
1 4045722483
1 3263629352
1 1941574559
1 404120827
1 769695041
1 3423007048
1 3905561547
2
1 3753033809
1 2287994901
1 2565946422
1 2875681746
1 1138810767
1 3460084790
1 1229731744
1 2405827709
1 3723132312
1 3413899496
1 2806177359
1 1219961957
1 1194311932
1 3910270011
1 1945064459
1 3886241657
1 1485424878
1 1056310753
1 3978472609
1 3601625971
1 1393453646
1 828822999
1 64967294
1 1472385772
1 2220820601
1 3411409616
1 1700538446
1 3736291099
1 1111713572
1 2135442829
1 1654741237
1 3240258544
2
1 2472210519
1 2053101025
1 618838152
1 2989747157
1 2225802389
1 1712583361
1 1018875389
1 3880485805
1 4132340955
1 4240181755
1 4092589683
1 3511983288
1 1242942066
1 2429579732
1 1495821598
1 3699299637
1 2788180923
1 351599636
1 3440660311
1 542648416
1 2846166961
1 1393679033
1 1426378998
1 2579042484
1 6812461
1 204668428
1 4153196245
1 1014975071
1 434903425
1 1555866629
1 112463428
1 3329572497
1 4128246398
1 3109770663
1 3190006298
1 414138121
1 3530350339
1 3980355408
1 2441825130
1 2517331352
1 400453106
1 3738673341
1 3942644849
1 3712474308
1 261680070
1 2308198322
1 1401433837
3
1 2137283036
1 3581451371
1 1076279371
1 390432513
1 368072154
1 1076653378
1 3649147325
1 906466711
1 3532433879
1 1153094526
1 4028052936
1 4259747788
1 3747238973
1 2019381440
1 2296501617
1 3826650421
1 497281779
1 1411255635
1 333259552
1 2087779200
1 761137605
1 3806956829
1 788664707
2
1 61483638
1 544052190
1 3402513602
1 3146672645
1 1584471500
1 3527665672
1 1427707534
2
1 2446067684
1 793903298
1 1548333187
1 3671378825
1 655839072
1 3246105076
1 2098432302
2
1 3350557327
3
1 2443444986
1 1191447212
1 2188675388
1 323700219
1 3213983851
1 2959179176
1 883616847
1 3081464211
1 775559731
1 1046694451
1 2397344852
1 1168385612
1 3509452893
1 1803580411
1 2301988909
1 2075869236
1 2102640757
1 2503848975
1 3285233024
1 2315567747
1 4042541775
1 68712335
1 2332048065
1 1044471963
1 1316982413
1 2729491516
1 2708320493
1 1640367506
1 292335409
1 3189767408
1 1256322981
1 1382032030
1 1379805603
1 1229074205
1 4063269504
1 2868256230
1 1951327958
2
1 1943922224
1 3727680482
1 3592777281
1 2724266546
1 3641950540
1 1355800365
2
1 51447336
1 122292791
1 2664180754
1 2122942874
1 3737369660
1 1158952191
1 3796778562
1 843336382
2
1 2223635080
1 1853781756
1 514805402
1 1415390164
1 3762722083
1 937459006
1 224461847
1 1054907298
1 410459469
1 1551946449
1 1955986569
1 459090612
1 3087832319
1 2790350664
1 238604734
1 808016186
1 1925632067
1 632572500
1 525684712
1 3013743283
1 4267009092
1 3923710285
3
1 2387738643
1 1105455626
1 2752814503
1 1376918118
1 1664928845
1 3013882339
1 1361148389
1 3073945332
1 2333259859
1 3020204135
1 792056421
1 98566339
1 4086491645
1 833808626
1 3092143158
1 1237025670
1 675404461
2
1 751196630
1 2921229731
1 3590117032
1 1472451046
1 870692453
1 2826798074
1 808756629
1 4063835013
1 1418191536
1 901932811
1 1139710705
1 935100311
1 3149096011
1 3970815895
1 494133478
1 2975743526
1 601619981
1 2896796326
1 2296226145
1 2689055805
1 4096531673
1 743855775
1 3101644791
1 2801832399
1 3416478260
1 2795408519
1 3322186163
1 3601248143
1 2237751854
1 4282911789
1 1901299220
1 1124368588
2
1 1125966047
1 3124970700
1 288264062
1 831696365
1 3583788896
1 2360480376
1 2137981347
1 3635477047
1 1163497629
1 4078440783
2
1 1648292290
1 2043322034
1 4012711591
1 1580023848
1 1543534924
1 2140908580
1 3418832270
1 2717859563
1 1620982625
1 1409740128
1 2061808343
1 1842473270
1 4039113792
1 3857039645
1 2704839151
1 3667347957
1 2685683588
1 832029158
1 3624693620
2
1 1391755896
2
1 1640621376
1 423628538
1 471397451
1 945272186
1 3272804609
1 3562932543
1 3665369146
1 2277319091
1 3814505370
1 3928241462
1 1718342843
1 849924005
1 782809318
1 1264971997
1 2195171911
1 740833080
1 2298910566
1 1271037339
1 1221617687
1 3954757008
1 1136010124
1 3810791103
1 1475204392
1 485213817
1 2502090732
1 2212732934
1 726258880
1 1908931048
1 2375337383
1 1602662782
1 2246439695
1 2826909228
1 2501651059
1 214374341
1 1199422474
1 3070889707
1 2283728589
1 982591021
1 1543509336
2
1 3687103063
1 2141422139
1 1075808230
1 2521644542
1 1224721406
1 3637004674
1 6732571
1 2208077771
1 508867498
1 4170305881
1 3906548679
1 3525938279
1 2859055041
2
1 900751754
1 2671353724
1 1658522531
1 4234367302
1 105197492
1 3632282256
1 892955835
2
1 3147583811
1 2787823988
1 2631651145
1 2228582170
1 1024460850
1 1908965256
1 1605744471
1 3938292941
1 4102664068
1 3268956236
1 1374839714
1 510181020
1 4101796519
1 1820317546
1 2656658226
1 3246073200
1 1765767598
1 2180962096
1 2018021637
1 2796009287
1 3654973612
1 1698876711
1 2704469524
1 4037986592
1 2848973565
1 2882644208
1 734556221
1 450820923
1 3279484070
1 398195408
1 2536196869
1 2185901897
2
1 1126180846
1 4027880693
1 4089441838
1 2401071433
1 595651974
2
1 4179485539
1 3439030499
1 2574411895
2
1 3024225856
1 1596671858
1 3159834314
3
1 2763140870
1 3633131764
1 1931934298
1 4092988140
1 62388844
1 1313006050
1 1414361349
1 4217587512
1 3287169198
1 1965067546
1 2102055242
2
1 1087606929
1 2218406495
1 2269592611
3
1 2207672107
1 2748540323
1 1736548254
1 2675319582
1 130547149
1 3844861815
1 418971948
1 1420119551
1 4180607698
1 3154538841
1 442892950
1 1947744943
1 2697155308
1 2998408766
1 1452519353
1 3157518781
1 2533402152
1 426331671
1 3769045713
2
1 2521742740
1 4092828453
1 1022162803
1 1587994201
1 2014447216
1 3168646242
1 2094015334
1 2140138654
1 1675231901
3
1 12451453
1 2207833855
1 1991522878
1 3513892512
1 248312356
1 770487092
1 4085121020
1 2932208066
2
1 2937769429
1 593878733
2
1 1971994327
1 1679740845
1 4163818280
1 2176004008
1 1467742028
1 3170872197
1 970552934
1 271876518
1 38417344
1 209379820
1 3841044325
1 3325827072
1 2833896798
1 2459045624
1 587916929
1 720329015
1 1359687574
1 305895868
1 3666045653
1 865249741
1 1432388367
1 2676533343
1 4184722228
1 1992457426
1 2410787975
1 1904618465
1 2607229071
1 4244734524
1 2219998106
1 1791714329
1 1133613144
1 2041210240
1 100000401
1 3995372360
1 3753519888
1 882697343
1 2647290287
2
1 3170396788
1 2499980516
1 2943725126
1 1686089785
1 1046065876
1 4256166554
1 1560881820
1 2147989628
1 76699600
1 1005095753
1 1900513215
1 555730848
1 2564500154
1 2135131254
1 3786202754
1 1997208447
1 1537859651
1 2072808250
1 1258928471
1 4075955203
1 914359489
1 1816789910
1 289189837
1 2574081607
1 3641360231
1 2119887257
1 3495637845
1 668945968
1 3359123158
1 4120061578
1 2343404086
1 4145710053
1 1710108585
1 1668448998
1 1929096380
1 2087391951
1 1823690076
1 1038722872
1 538860336
1 484975730
1 9902259
1 3154065168
1 128311607
1 3579373904
1 3878191886
2
1 3669692867
1 924899321
1 1811372114
1 4152350844
1 1597654538
1 1901941801
1 4066118899
1 3997304445
1 3874957474
1 717000296
1 494443251
1 3525261890
1 4286624447
1 3722791266
1 2352205154
2
1 7150539
1 3321090559
1 2764918800
1 2028921724
1 2563530504
2
1 1812854423
1 2673502428
1 3927487748
1 245553302
1 776755361
1 1574845013
1 4083701272
1 3230800163
2
1 653247705
2
1 599520619
1 2980978235
1 183217736
1 1025740951
1 3601827215
1 2186747490
1 2274698435
1 1152016303
1 2245792673
1 2973390226
1 3643483087
1 1878477631
1 2664362959
1 2029094684
1 769300800
1 1805521246
1 1886294260
1 393173376
1 3155637960
1 4056572974
1 2050920867
1 642479153
1 1111078970
1 2824781532
1 1245559308
1 4115972574
1 1519091514
1 1378795743
1 3911556347
1 2245476456
1 1801268897
1 925589058
1 2514939953
1 3746518046
1 4091585437
1 3236456848
2
1 3301425611
1 662269862
1 1091298717
1 1922074418
1 1610005014
1 3512838001
1 542620854
1 2045718573
1 3114631887
1 221411932
1 2033639960
1 3326421944
1 277798713
1 999391686
1 1994876144
3
1 3211233056
1 2303834548
1 3204781855
1 2571551764
1 679420116
1 1769873966
1 129906488
1 3949666613
1 2022097061
1 1113912063
1 261602100
1 2074134716
1 2543995766
1 1359595722
1 4230804308
1 2470736825
1 3715555643
1 2822735463
1 2289144885
1 3020111098
1 4047961929
1 728098057
1 49500707
1 3215162332
1 652774611
1 1892198381
1 3483460319
1 591591234
1 3325938480
1 2921213857
1 157887662
1 379557601
1 528296232
1 1598619626
1 42450066
1 135715859
1 191909887
1 1574755131
1 1364488096
1 859388042
1 3796566707
1 3819985131
1 1693006167
1 2601384965
1 2144163925
1 2139094873
1 1366411363
3
1 3666303174
1 3189776502
1 1030609905
2
1 1271870479
1 2995841803
1 504161938
1 2974562362
1 876089472
1 2155719480
1 3784110166
1 2989418075
1 3343946003
1 3947227380
1 1931548330
1 3529306202
3
1 2862350655
1 1788234757
1 1924350614
1 619717403
1 3605702657
1 3842965415
1 2200219842
1 1352384091
1 1574914363
1 1201952711
1 1817846368
1 2916190061
1 2533744536
1 2132768650
1 1288636983
1 2291254898
1 3112774793
2
1 787233236
1 40979286
1 1571140390
1 1591161608
1 4273145736
1 3300953335
1 149781693
1 3878830818
1 3775224103
2
1 2386696658
1 2543634090
1 3412235901
1 3224978301
1 2182329325
1 803025652
1 3812199734
1 2947755444
1 4075611421
2
1 644617934
1 98624194
1 834864687
1 2354607033
1 339225045
1 802463586
1 2215426399
3
1 673150812
1 1814198036
1 4049562743
1 3718171004
1 1354100755
1 2923768668
1 47659102
1 267362230
1 3861481548
2
1 4254458519
1 2274919080
1 1778523223
1 1860512561
1 31278761
1 2581433895
1 347221968
1 884560465
1 3348357695
1 372706610
1 3164424861
1 3010685302
1 1026230646
1 1290770218
3
1 2435416137
1 2006936059
1 739168588
1 4002052058
2
1 1866249639
1 2603922219
1 2576888552
1 2018254486
1 3430812258
1 301103975
1 378578990
1 3139751300
1 3695862677
2
1 3031631450
1 1317363566
1 2764419704
1 1995526510
1 1655237549
1 1894675985
2
1 1990913783
1 3715649461
1 3094042937
1 2634035080
1 2140488474
1 1803859483
2
1 1936544937
1 3877615685
2
1 2306764850
1 2567443586
1 960079018
1 2912477973
1 3888074237
1 935088913
1 2613404439
1 1706849307
1 339590258
1 1876868861
1 2535298015
1 4112236936
1 292251416
1 2086233278
1 4280627916
1 2847618757
1 2566983155
1 2879354661
1 4000230905
1 3775962494
1 1608812062
1 1148303753
1 844509819
1 838156496
1 121770022
1 1933364510
1 3557938802
1 2857796450
1 1836130677
1 2595680396
1 3258414397
2
2
1 3498816765
1 2892061952
1 3035042726
1 274524220
1 2603750195
1 1916579411
1 2712764282
1 178088298
1 1542110961
2
1 1591087725
1 2096692178
1 2987308369
1 3400390549
1 2080721772
1 3065311147
1 1836770287
1 1325191066
1 1301684179
1 4178410547
1 952398667
1 2713465021
1 2184768478
1 121725757
1 2954011557
1 2998511342
1 287373796
1 3664837156
1 2345685743
1 1919321641
1 3448734635
1 1981514707
1 3620912164
1 3682530742
1 2238424618
1 3471775380
1 2218781323
1 1680403298
1 3692607847
1 277365036
1 3033823022
1 2870716364
1 3364770038
1 2376004702
1 4131239172
1 2219307871
1 158279701
1 1401823718
1 1047935684
1 664579191
1 3342761841
1 2715197920
1 3890679808
1 524429270
1 657645173
1 2661591583
1 4205514856
1 2590273699
1 927924107
1 4162095733
1 2904630334
1 798552338
1 1702039664
1 2488452666
1 1602848464
1 771716374
1 3190197776
1 2627197581
1 802382290
1 3847795832
1 3320330490
1 1882194585
1 1507498298
1 3308062140
1 2538643340
1 48627159
1 4142483180
1 3680685030
1 3177011037
2
1 3991426613
1 953063339
2
1 1456615561
1 1953140166
1 1590112361
1 3334800596
1 3702483329
1 3130708452
2
1 43608780
1 4033323345
1 3182010948
1 1211081005
1 1042970754
1 427249448
1 3438165398
1 2934733785
2
1 1395005653
1 821610789
1 173363626
1 1269951975
1 2494502076
1 2950384634
1 2603834230
1 3038143066
1 1546135961
1 2631706962
1 1174207506
1 3395148022
1 997521944
1 381335469
1 1973225209
1 1979864961
1 775379599
1 3069469277
1 1250967412
1 2111200900
1 1779257614
1 775012349
1 3484414387
1 2238920102
1 1796852613
1 540247353
1 1850515810
1 2853298384
1 620356816
1 1616766612
3
1 1804330664
1 603371674
1 278669701
1 1670621620
1 2402790655
2
1 721591586
1 290443851
1 2124726835
1 2140654199
1 2084448351
1 3545546521
1 3353515415
1 2978736479
1 2183001526
1 3621514745
1 2320858630
1 845556284
1 259136611
1 3577859121
2
1 773521290
1 773253617
1 933923260
1 2130039867
1 1679677618
1 3493252638
1 2905667515
1 3041435431
1 2412615914
1 3678774790
1 1237119972
1 3119148814
1 3891516350
1 3240251081
1 2622492375
1 258182322
1 4080823088
1 705916628
1 2793547047
1 2923775977
1 2501457348
1 2658418119
1 3356541622
1 835228670
1 2294331761
1 1241398132
1 3254976214
1 180765930
1 494751085
1 3582106385
1 227517405
1 3954486266
2
1 627907887
1 95179618
1 297150788
1 1948040836
1 2534994735
1 2715514116
1 3885176510
1 697871874
1 1463006947
1 2313373901
1 4107195609
1 483000385
1 3680089357
1 3658699050
1 2166184806
1 2802200098
1 1264574725
1 1465889504
1 427292770
1 3499883457
2
1 987741061
1 2104511208
1 1495032813
1 2494647538
1 2321515987
3
1 2191887795
3
1 822611641
1 2745101179
1 3396433023
1 2467668049
1 237951310
1 1133075376
1 4190955334
1 1732828624
1 498453137
1 202357565
2
1 3713835979
1 4082248420
1 4261038806
1 777952741
3
2
1 2413102531
1 2080507757
1 1478245730
1 569668036
1 2719929679
1 1783318439
1 1561548950
1 360004329
1 1208094356
1 1836746781
1 3719256014
1 4016925267
1 818066893
1 3729338315
1 1460567932
1 3395569099
1 1192704878
1 3448108863
1 824256090
1 348334052
1 497247403
1 4028088370
1 1932984685
1 926496539
1 2840090723
1 1783398594
1 2528635306
1 3532483942
1 3950264837
1 3585431097
1 3764498248
1 216052798
1 2109878221
1 897973515
1 1080620659
1 530976912
1 650588104
1 3206444488
1 2806937757
1 3095467429
1 3312285703
1 988450974
1 3808699852
1 1191865281
1 3842571110
1 2563239439
1 46575800
1 1438186838
1 828561057
2
1 1311413605
1 2160065507
1 12627377
1 422077191
1 2474312884
1 1192751355
1 304420250
1 2981708173
1 4147010880
1 1888818514
1 2333222804
1 1353051541
1 662558412
1 1805760869
1 2749257977
1 1434264019
1 3362559552
1 3935770955
1 3485867519
1 565327751
1 2636208612
1 3684507081
1 1271889982
1 289023539
1 2535871812
1 1717320008
1 2154902735
1 1786380935
1 2254419639
1 3695920758
1 3840568573
1 88873128
1 2708772568
1 2466660830
1 2148714201
1 951009240
1 1651275175
1 1430711219
1 3350803348
1 1358720999
1 891893424
1 2088256649
1 329793879
1 312185792
1 3769348676
1 1643414810
1 3052600702
1 953255272
2
1 3921474014
1 518627299
1 1387376077
1 3002132394
1 2996325099
1 1819113074
1 3758994527
1 2077188284
1 1772923961
1 1279158333
1 2511387099
1 1744042959
1 3761631760
1 2737293493
1 3440671019
1 2601225469
1 4274666668
1 2605730818
1 3412309451
3
2
1 4292114741
2
2
1 4227972474
1 3670282523
1 943356648
1 1024232679
1 3460604180
1 3553168477
1 2993011424
1 2475628839
1 3189962188
1 2616562036
1 2851520286
1 2473567881
1 1256304103
1 1462957680
1 3822204464
1 2720280601
1 4081958709
2
1 1964256941
1 2384739847
1 78585027
1 129395196
1 121942022
1 1255255165
1 2510081013
1 3341727043
1 1205557781
1 1537684643
1 848179282
1 2015418840
1 2742249247
1 1778087292
1 1188270030
1 2076116485
1 1293890345
3
1 3802188368
1 1882869321
1 2141108317
1 4176580337
1 2469881140
1 2849743979
1 656656926
1 2756957301
1 3023687069
1 2862822566
1 658283825
1 1358672551
1 1533076973
3
1 3652964009
1 3715833542
1 1323183574
1 2118576185
1 366941662
1 3121853665
1 4026586430
1 4236703688
1 2373020535
1 3792522582
1 2717856000
1 1271695210
1 954502871
1 754918562
1 1773335049
1 586154141
1 1868198069
1 732825326
1 1136834313
1 4271032719
1 1784766146
1 1480056942
1 3592928360
1 4052634134
1 2076724081
1 489429000
1 3765862447
1 3841729304
1 2629829559
1 2393786869
1 915657570
1 935555876
3
3
1 2735026801
1 2737742525
1 467134553
1 3547370368
1 1479709117
2
1 4073888746
1 3919444487
2
1 312546012
1 494441003
1 986773819
1 3875554337
1 1451965201
1 3595606555
1 2456399347
1 718035299
1 180094575
1 2926321671
1 2416422407
1 3082915683
1 4278204984
1 787800820
1 147469429
1 3391381046
1 3097883778
1 1738361980
1 3867564523
1 260558549
1 2865709418
1 1682335744
1 2547938992
1 2212732604
1 3275631086
1 2717148673
1 76751129
1 3586926696
1 4059020941
1 622242539
1 572667614
1 932083335
1 3677077620
1 4132534720
1 2623173567
1 3297186162
1 3245866898
1 1889054108
1 2202427326
1 2220140209
1 1454740609
1 3037858866
1 3601466821
2
1 728311372
1 2831860473
1 2825785990
1 547897328
1 2494091001
1 3412443986
1 1924815535
1 3770275368
1 2748180386
2
1 1892264646
1 1905829222
1 1453951474
1 2123943072
1 3286929402
1 1591276525
1 1676000380
1 1082669277
1 1329921043
1 2995755289
1 1854253053
1 622483763
1 1606145125
1 3579845491
1 3780145611
1 916468568
1 1801427821
1 937860977
1 3025260546
1 1997427138
1 931515449
1 2557872315
1 1529218534
1 1171503336
1 1205583828
1 3783019093
1 3727738020
1 3547308919
1 3067411349
1 3350076818
1 1925755092
1 2221226213
1 257480858
2
1 2276459323
1 603665641
1 3964495930
1 3754780905
1 3504538247
1 2018705152
1 2804603476
1 3231586612
1 167946220
1 2233244312
1 2548586284
1 3540383140
1 1691204233
1 236760298
1 1188740806
1 2846065954
1 2261541866
1 4104464492
1 75964591
1 4094371821
1 3703985862
1 1884940038
1 743400080
1 3171779898
1 1775294969
2
1 3624353977
1 1556750072
1 2794896737
1 2243231300
1 1649007155
1 1456765288
3
1 70649716
1 2810149773
1 739099886
1 1289547023
1 2963685911
1 2114550889
1 2297093467
1 2579119224
1 2830385629
1 1192012055
3
1 152793809
1 3496233834
1 3216823457
2
1 3319778841
1 2891488826
1 591898935
1 2704557148
1 2115651340
1 1196651336
1 198858643
1 1461807633
1 3601865845
1 2004162875
1 727526224
1 2955333744
1 3944354953
1 791672419
1 3799865656
1 2649315296
1 3854182386
1 161021692
1 203629998
1 3648182358
3
1 1364525478
1 3505479886
1 1522827707
1 1989007443
1 2851711540
1 791724296
1 1508603338
1 1474831695
1 266234841
1 2391231362
1 1322089491
1 3870118344
1 1854261670
1 1158156552
1 2600814301
1 1844359243
1 349681365
1 2126495237
1 1800129252
1 3914153883
1 2331346966
1 4197788300
1 4257468557
1 2538490675
1 65096474
1 3657355566
1 3037002567
2
1 931530999
1 1349330395
1 3574029027
1 1803990218
1 1543189732
1 1894781940
1 851059953
1 4167141151
1 244780410
1 3936787988
1 1921652035
1 3881699250
1 678456884
1 673315223
1 3019743310
1 2631710713
1 850639788
1 823905622
1 1594550989
1 459778317
1 3614873755
1 718105260
1 3447371401
1 3811130710
1 2761345031
1 1092280129
1 1768248429
1 3052819278
1 633165113
1 3377608760
1 467107272
1 564373987
1 763262841
1 3525548196
1 2971766554
1 1255486802
1 2215742086
1 3474504863
1 3136825213
3
1 3748280114
1 3200798040
1 1118114097
1 641212466
1 2692289689
1 477250114
1 3263416208
1 632183065
1 3337908374
1 2804667991
1 3955829388
1 2700551368
1 1237472880
1 853951155
1 728352461
1 3801128690
1 1160821892
1 3895574283
2
1 4223939935
1 2740590830
1 2858073043
1 2826694745
1 3489191591
1 4236813366
1 1664766230
1 2737970494
1 3963889180
1 4194894985
1 757623068
1 26190453
1 1907457236
1 3870471805
1 653191512
1 3768583725
1 2546943722
1 21404681
1 1343855607
1 3761971102
1 289831207
1 1988950929
1 1388074847
1 269971425
1 271707156
1 3873384893
1 441304684
1 2815635816
1 1877804459
1 2924332726
3
1 713616428
1 3059038849
1 1100121271
1 117114988
1 2113126766
1 3553132957
2
1 854683149
1 3361298189
1 889383492
1 3370848245
1 2162633839
1 1584696140
1 213748109
1 1893399174
1 92217121
1 3475478077
1 3385469522
1 1454886411
1 3390167786
1 876307566
1 3098972396
1 3740483404
2
1 315476304
1 2571923511
1 3710084568
1 917888729
1 2411844177
1 1742931544
1 3866894329
1 4204433832
1 3262906168
1 2753125865
1 2815542318
1 1621213607
1 1726402601
1 3927085715
1 3338477862
1 2100904611
1 1542671883
1 3216041172
1 4258867593
1 121733840
1 949632114
1 2055546628
1 1470129771
1 830818855
1 3553872398
1 3770587899
1 205458431
1 2017767848
1 4157559296
1 484395387
1 3372488517
1 3000359598
1 3073208493
1 871818894
1 798523379
1 208700424
1 2554666829
1 1579145347
1 1462357107
1 221217966
1 3058396239
1 1884824357
1 666788112
1 4053803819
1 2091450411
2
1 53269091
1 2274413441
1 4271867401
1 2298088814
1 638540546
1 1021602169
1 3945214514
1 3187257999
1 31826465
1 3608109758
1 4167923506
1 2083181024
1 3449029641
1 1615720517
1 799061147
1 3921614660
1 2943807128
1 3786197663
1 3896278157
1 455069035
1 3578060930
1 3619625820
1 1264993302
1 1656046208
1 2683775704
1 2044807560
1 2053622527
1 3123344956
1 684570919
1 3449984774
1 2633094984
1 3301833606
1 1022383925
1 2510387949
1 293464180
2
1 2613973342
1 1281022774
1 2368562853
1 2348306063
1 1881090235
1 2019301186
1 4169721245
1 2030838900
1 3078660182
1 57499532
1 2076233302
1 2683530352
1 1269487885
1 835029747
1 2536085649
1 871805149
2
1 2214358273
1 1940194649
1 2987734981
1 3970107534
1 2517705251
1 3761587195
1 1610280135
1 4136179091
1 3226932184
1 4072187464
1 3249368643
1 1061299544
1 3137361528
1 453635684
1 570215278
1 3410214860
1 724459691
1 1333916723
2
1 864921150
1 4186688811
1 3588229376
1 3873537819
1 2170889125
1 733957165
1 1081562225
1 3867789
1 200860110
1 4278694098
1 2834398005
1 2809239366
1 587540054
1 1051993798
1 1146756071
1 2303677366
1 1114283432
1 1081782065
1 1662775127
1 1010018982
1 2825274530
2
1 1464937132
1 3286023252
1 4064377036
1 2949389431
1 231602255
1 3188001641
1 2668485647
1 3715879993
1 3208306177
1 2161980796
1 2620026962
1 2419200573
1 1659709769
1 2416392194
1 4285930022
1 3973219516
1 622006141
1 1932569336
1 1119454905
1 377870049
1 432719987
1 2381415090
1 2514906008
1 3263441056
1 641690725
1 1550666309
1 1744254368
1 505640196
2
1 1965713442
1 3093088755
2
1 849354666
1 627255308
1 2648497318
1 2982692403
1 1837118885
1 396321742
1 2331554127
1 2181291988
1 1051209032
1 2030385275
1 4062113608
1 2604692198
1 3987178380
1 4079676599
1 3905503523
1 31134993
1 1599069593
1 3238219385
1 1276118137
1 3157032043
1 713750949
1 3853494936
1 2508907714
1 2216349327
1 1069136043
1 3780303054
1 130458067
1 3385792816
1 1415338163
1 340862560
1 2164705458
1 2776704008
1 3606028162
1 1325048630
1 2389069551
1 1181101619
1 1114741034
1 390327097
1 3145542613
1 3554749247
1 2100042201
1 142980045
1 2840314220
1 2585653013
1 1645629177
1 2603869533
1 3040251966
1 1265333624
1 2977272718
1 217525789
1 2400592055
1 382034837
1 3977945039
1 2235289013
1 2533120646
1 1905160951
1 4254870980
1 2222203811
1 2905685479
1 1554877870
1 3583515934
1 855510162
1 4220866220
1 86811950
1 1288702487
2
1 1305846981
1 3366537878
1 2154301446
1 2492621091
1 4118931254
1 3438968655
1 1260889763
1 2316295039
1 751959649
1 2303785261
1 3427350863
1 4249744510
1 80030320
1 3698717288
1 838433020
1 424768446
1 3355179955
1 3766063208
1 60929559
1 703488051
1 847931962
1 2864397616
1 3138928419
1 3537310369
1 975386733
1 2988550999
1 3003578094
1 748582569
1 2948277518
1 2398826283
1 675920803
1 368473893
1 2770652048
1 2568435609
1 27501775
1 2854116142
1 1311728929
1 1640218597
1 960342155
1 1610054233
3
1 437200209
1 836853568
1 2909583040
1 2554204592
1 3838109000
1 3625783895
1 3361013375
1 954202300
1 2777956129
1 3867457312
1 572032768
1 3119127314
1 1102265025
3
1 3314695317
1 3956582759
1 2313285685
1 1121012391
1 2337239897
1 3649340511
2
1 897303925
1 3802687728
1 2943132803
1 4218006797
1 1239841740
1 2307770039
1 89314706
1 4053164865
1 1832383831
1 2920926691
1 2254188764
3
1 4175618091
1 3310726033
1 1235440341
1 597167813
1 3418351926
1 1555733782
1 3605347504
1 3385357200
1 2612645056
1 1447907545
1 530429430
1 1387433295
1 3754588079
1 3746795516
1 591846036
1 2787424521
1 580188611
1 1654135451
1 4083761776
1 833824725
1 1953026479
1 3003321062
1 877639976
1 771741505
1 420316327
1 3215492429
1 2634599220
1 2466305425
1 3222443404
1 839773213
1 3466382314
2
1 295450498
1 454225492
1 3832482495
1 1392501939
1 690540934
1 3698507784
1 1221916866
2
1 1860983004
1 3718245915
1 2052415545
1 3322043458
1 4113466960
1 2207700246
1 3496532291
1 3527611199
1 1840485610
1 1365600435
1 3941380346
1 4091752583
1 3383481216
1 4148202507
1 942926527
1 2914664568
1 1475632517
2
1 2376763467
1 1532737925
1 2408826898
1 2488760567
2
1 1004605711
1 3157195777
1 1965231257
1 1728806563
1 1019827668
1 3978963776
1 4262203363
1 2267029434
1 992585582
1 4119109010
1 3666692692
1 385996292
1 885528492
1 1969830805
1 1726741901
1 3712813366
1 1440849899
1 32240259
1 3900488117
1 326162890
1 1013933792
1 2103509955
1 2903472398
1 2647439364
1 3762042160
1 2002665532
1 756737724
1 376839800
1 3764244398
1 2688374383
1 4058293098
1 1175095688
1 3421849924
1 451530210
1 2590146227
1 3559552020
1 1384678726
1 3873492726
1 722893195
1 2948098378
1 66618698
1 1094046238
1 1981288364
1 3423095056
1 1461970903
1 3884510201
1 2688877688
1 222395992
1 3769596824
1 209387469
1 3870171120
1 1175294940
1 2329405083
1 1301409608
1 2696864230
1 3799087267
1 2730451899
1 2823217788
1 2325794641
1 3678657831
1 2696129161
1 1068226603
2
1 2779964950
1 463815601
1 1894273173
1 3636342526
1 184569253
1 1607386293
1 31712385
1 2915431119
1 1591578560
1 3755755171
1 1608697988
1 36093286
1 3371750452
1 659390129
1 2862440404
1 3598684298
1 2947602187
1 3849074126
1 3921310193
1 687259128
1 2820450270
1 1116092172
1 1533569260
1 1965823855
1 4156533609
1 1564653726
1 2968569337
1 3109561068
1 702230459
1 382106635
1 3822690204
1 2685614684
1 2562091911
2
1 1970222818
1 2483874142
1 430833066
1 1851151485
1 2119641402
1 2605038533
1 2483493973
1 170273338
1 3737933640
1 1166141173
1 421592978
1 2329009545
1 2702460465
1 439511375
3
1 4031509199
1 1126232067
1 3566103941
1 1715455083
3
1 322845747
1 2372643560
1 3816228496
1 1724519478
1 2134207160
1 1405260858
1 4174510192
1 773250096
1 2412461320
1 1775534168
1 947063292
1 749755285
1 1864847382
1 2570057518
1 1801915254
1 3099603599
1 2482022317
1 183082568
1 1735687976
1 2048213630
1 3860788288
1 520907173
1 3073385425
1 477703130
1 649214008
1 3658524075
1 933861103
1 1273245503
1 168062305
1 3494102724
1 2178252250
1 4218766321
1 4196042069
1 213988411
1 120843885
1 1736456594
1 3123782354
3
1 18835564
1 2232434544
1 3356292468
1 2164672591
1 2745124637
1 688179180
1 4105000389
1 1385134377
1 1629602787
1 938978634
1 1066021482
1 2734741336
1 2391166202
1 214040234
1 973756940
1 1052407720
1 3700531399
1 2336301038
1 652329383
1 2202909795
1 202584642
1 3113869936
1 2369725706
1 1536057053
1 3199616234
1 4111618724
1 2241574809
1 2476991820
1 3520649707
1 3452662774
1 2026521790
1 808319761
1 2684490917
1 3176418606
1 47128151
1 1340253292
1 1840336963
1 1075375278
1 632546869
1 1966381985
1 544575507
1 1703233369
1 786882277
1 3430669666
1 3344673454
1 1248664650
1 3742291872
1 3158904957
1 3734964347
1 3068434997
1 2955776340
1 3505985052
1 4113791566
1 3744798250
1 3892287975
2
1 2113766010
1 3779151063
1 2060340420
1 3396015869
1 3747200692
2
1 16785797
1 992321220
1 955783762
1 2630195801
1 1892919753
1 1014509352
1 927784172
1 66514965
1 2388915437
1 1357063109
1 3381963928
2
1 3934083269
1 2504627650
1 35093982
1 2671053656
1 3153276312
1 3278116799
1 1354147043
1 4032362318
2
1 3080670800
1 1959559384
1 3189018526
1 786174266
1 30902408
1 1423931577
1 1783487020
2
1 3921805658
1 584114308
1 856292920
1 3465273705
1 2063902766
1 1978312683
1 1381368265
1 1190071394
1 1179628093
1 81359737
1 3343137414
1 1250517805
1 1075499454
1 2253675578
1 1148934927
1 772192212
1 3251330258
1 3547057523
1 3846816787
1 3756575648
1 2638475406
2
1 3882057599
1 1745473651
1 2816716789
1 2923900063
1 3679589887
1 2668859824
1 4162105662
1 2873419262
1 289899399
1 1539825482
1 99298667
1 280691401
1 2874092815
1 4070804322
1 3502590109
1 2945572195
1 967646240
1 654181248
1 1527805138
1 1046731912
1 1734588381
1 2998594523
1 2977401898
1 2738029250
1 720620752
1 3726280953
1 1452798853
1 1691341736
1 3625128179
1 2630304514
1 3830100837
1 144560447
1 2653934358
1 1740314258
1 3283677556
1 2666632533
1 932171106
1 1737781782
1 2351703951
1 2144676428
1 3128965850
1 3680283973
1 1641083372
1 2862446813
1 2272804952
1 2867425296
1 3509599729
1 2087939911
1 589174761
1 2199658466
1 643499468
1 3449381225
1 1424095142
1 4242260354
1 2293591560
1 3565563692
1 3046668838
1 673983544
1 2416619180
1 2848633245
1 1302493988
1 3663220832
1 2819504934
1 1926855754
1 2742899565
1 2219800567
1 1955396097
1 3084400365
1 1530260931
1 1485263236
2
1 4192009203
1 882164827
1 2844306799
1 2973179358
1 549511149
1 1116676391
1 2970100978
1 493674491
1 2790320733
1 2803458802
1 3554268872
1 2239483157
1 913839564
1 1845937905
1 3600115995
1 3525600264
1 1949930974
1 1629156564
1 238401276
1 3591376181
1 205175029
1 4008286304
1 761854698
1 2099725099
1 1756972280
2
1 2233560330
1 1953392555
1 3701318508
1 3212226022
1 826742947
1 3624584488
1 3095712305
1 3296832916
1 3037612113
1 3568869143
1 332754779
1 1802409741
1 1971401628
1 3151163593
1 998727167
1 253094361
1 802506716
1 2980525166
1 3541808187
1 2875777329
1 1705853991
3
1 70860025
1 1755878401
1 251723664
1 2346053900
1 2852450578
1 122684831
1 2608657514
1 3965752934
1 647754035
1 4281089937
1 2267911285
1 3977527314
1 1676531030
1 3819416653
1 272470797
1 3935943382
1 1717847935
1 246811481
1 1418255678
1 2355244819
1 2224224347
1 3089489253
1 3264269484
2
1 429683309
1 1999149929
1 3453877063
1 1148697686
1 567048713
1 2331071772
1 2789465266
1 3194758302
2
1 91396857
2
1 2913957689
1 506912335
1 1895090852
1 1289384246
1 2689388810
1 237913181
1 808703876
1 1400414661
1 438227702
1 3066568182
2
1 3987316121
1 1158355765
1 3900664485
1 2889134526
1 2956902848
1 1279842869
1 1627356292
1 2548446980
1 3076341991
1 448884783
1 2776810015
1 377683627
1 1209883153
1 855973700
1 581768436
1 1931682165
1 2739268101
1 1505375200
1 1037958270
1 2135784529
1 868583950
1 1483693372
1 3257467873
2
1 2407255272
1 1440868696
1 1146675634
1 3268318626
1 1686158658
1 1908980620
1 2101227192
1 1318711998
1 160411115
1 3347789252
1 1321946680
1 3124854367
1 3749844271
1 1213580247
1 2478337673
1 2736311255
1 1608486870
1 1650671343
1 1067355867
1 1967654117
1 3638847521
1 3800635094
1 920767984
1 1894689418
1 505281451
1 1794467140
1 2519777657
1 1946071016
1 3535471821
1 3511121636
1 2017428933
1 1319185368
1 2303731680
1 1595391306
2
1 3414232956
1 313371115
1 1541469808
1 191561383
3
1 2764577421
1 3228651047
1 1027239959
1 2203136677
1 968504588
1 1797208329
1 68409186
1 1104442844
1 3234336938
1 4039731364
1 3874644854
1 3043460036
1 4030717148
1 1729451380
1 3839137045
1 1992592126
1 3312957353
1 4202956806
1 4080650231
1 2257812910
1 615683453
1 699434960
1 377118625
1 2457769378
1 4112986945
1 920922994
1 723626480
1 3619736453
1 1814948802
1 4150999668
1 4234945064
1 1712114595
1 1527024458
1 486009299
1 291853752
1 4005880925
1 3858608166
1 4271604196
1 3948813802
1 3202819211
1 637970204
1 540380889
1 38348630
1 3547976043
1 4110432041
1 1756844105
1 3877539911
1 612577829
1 2771048235
1 2844293571
1 4014269723
1 3142513780
1 4012646940
1 1319156056
1 4100005236
1 1776347259
1 1084405959
1 1979190042
1 1222014451
1 4204759447
1 595535072
1 3164692089
1 2760951044
1 1271734447
1 395774349
1 273320313
1 808949956
1 1438643702
1 2617741225
1 1132560185
1 1142889617
1 1609215075
1 1726602644
1 3322996711
1 3959924760
2
1 1008099138
1 4283095810
1 3904935975
1 1486034124
1 2911320024
1 1582980239
1 1701716389
1 1763296622
1 2851621904
1 1278666852
1 2029176166
1 426004090
1 1750394781
1 2901184813
1 3760330688
1 3922833267
1 1453355411
1 386284693
1 4146651670
1 2618505199
1 1410921235
1 3183959954
1 1794014392
1 1753517572
1 4147054830
1 1172933648
1 4034659727
1 2103082503
1 1228842409
1 3326336076
1 1773026955
1 3457249073
1 154322946
1 2150746978
1 860709490
1 2832265839
1 4151337065
1 640566994
1 4057569863
1 647511023
1 339933552
1 1622487608
1 753788623
1 3201262590
1 1965632978
1 3574144747
2
1 2162876106
1 822139009
1 545496763
1 523929921
1 4199736045
1 3433506910
1 87523340
1 3419778129
1 3694467819
1 3306859649
1 4072922826
1 2812289518
1 90203605
1 3154840739
1 3497147675
1 1480699488
3
1 3491077431
1 336603263
1 4002301649
1 3441686141
1 2434560621
1 495149862
1 2688354080
2
1 3141079434
1 3693766644
1 3275953373
1 3520561014
1 2761141308
1 2831986612
1 234998098
1 2343921273
1 1128215307
1 396372681
1 1810631513
1 4146575836
1 3518094337
1 3643542621
1 3246320152
1 463442389
1 575637845
1 3973327852
1 2399637686
2
1 584213337
1 3587506244
1 994872732
1 283258356
1 1614174644
1 2295067375
1 1306994987
1 894911785
1 1744750817
1 760711932
1 984884227
1 2473629407
1 1414164303
1 4126205556
1 2086924899
1 852275250
1 3666769637
1 503647566
1 1207683977
1 1453446642
1 364040361
1 750458752
1 2336900743
1 4177905411
1 239539381
1 3744352762
1 1310137295
1 1856574946
1 835333893
1 4146802969
1 68902679
1 3254339947
1 407593623
1 796236360
1 2731106136
1 3275950028
1 3188518070
1 1708721394
1 314048835
1 2310427871
1 724154233
1 3140833332
1 3805684896
1 419583824
1 431957559
1 385271832
1 1611569626
1 300015237
3
1 1710376476
1 704117726
1 3259593228
1 2246589898
1 2182917705
1 1005407443
1 1054058887
1 3831230642
1 3976086938
1 648845656
1 3600630756
1 2080222884
1 2920610445
1 1380712954
1 687121523
1 3398385935
1 3342998852
1 4124114691
1 713221279
1 1561447383
1 1188855608
1 2933768268
1 2455643343
1 624270029
1 1158191691
1 3372368787
1 411575920
1 3553994763
1 1427684030
1 1768270702
1 1206356852
1 3274763145
1 4041042870
1 3156965211
1 3491123373
1 2647762807
1 3732409921
1 51829138
1 3047851486
1 1898314553
1 184637651
1 2971028502
1 3333787132
1 4035093922
1 907843297
2
1 857132449
1 2234305433
2
1 1010935675
1 1604569552
1 3967977551
1 979776111
1 293182068
1 1553747139
1 617158959
1 1247207692
1 167612086
1 338805971
1 1240139221
1 305647094
1 2460811601
1 3996855135
1 1698753460
1 1220129021
1 2982208247
1 150558115
3
1 2372651372
2
2
2
1 1294958781
1 2037196471
1 356279892
1 695493392
1 4015013624
1 2600755755
1 341166309
1 4151094219
1 2012942804
1 1618791017
1 345502130
1 2118790068
1 702386626
1 1537859857
1 3703032216
1 674200001
2
1 46553547
1 328228733
1 2915286350
1 1565409166
1 2373567811
1 2589600113
1 3072652077
1 2368373124
1 234929084
1 3201278096
1 812510304
1 2754368937
1 2256521184
1 1161382664
1 2100494666
1 4132161386
1 900892483
1 3881977173
1 2918633264
1 1641844342
1 2090905112
1 3578103696
2
1 4051007116
1 1473445204
1 4249572469
1 2991623804
1 854793380
1 3860500034
1 567653421
1 1958407019
1 16714191
1 865412328
1 910450855
2
1 4268668038
1 1171644478
1 2783936045
1 1503163495
1 2577514660
1 76440198
1 3749244263
1 3084675661
1 3219768340
1 533190612
1 3671811830
1 2574883154
1 1958091028
1 1216361300
2
1 2784836438
1 4009791743
1 3399040725
1 579375601
1 3895411361
2
1 3337276068
1 1025956885
1 1279305422
1 1960901891
1 3522086247
1 1678628856
1 2988132391
1 4065818110
1 3455419747
1 339932560
1 3257810581
1 759589977
1 1608689619
1 1557190915
1 2306032697
2
1 664767244
1 4204541448
1 3356692152
1 3593397266
1 3684984833
1 2157576484
1 2298476563
1 3971068810
1 543027707
1 3272875469
3
1 1944641479
1 589577482
1 1240339438
1 890896240
1 4279170101
1 2230332872
1 3931618131
1 1217865570
1 2030678545
1 4162149104
1 768017267
1 1439814644
1 3140113427
1 2647578730
1 4105857828
1 2719004386
1 3170927752
1 3554523715
1 3745428655
1 4034024061
1 1856910851
1 1005226948
1 2060819252
1 2969172688
1 561301100
1 833827121
1 3442940844
1 3548363805
1 1434841335
1 3221289545
1 843915944
1 2644683999
1 1846418257
1 1208687214
1 799407405
1 2243762842
1 2338627148
1 2238517681
2
1 655831593
1 4214792635
1 1403603211
1 784759959
1 1356636134
1 3284953544
1 3908705791
1 3838509310
1 4098372297
1 1177989514
1 1207268751
1 404527925
1 750258623
1 4002532353
1 905655160
1 3256915544
1 378974722
2
1 3501594151
1 810959961
1 2710708735
1 61268908
1 3083301969
1 1072209228
1 2747226916
1 2124507073
2
1 3823294010
1 4136907171
1 2486255366
1 1253894346
1 1349255081
1 552265022
2
1 3907382298
1 2961864588
1 859914959
1 355219072
1 1827494347
1 671384436
1 3911460606
1 3073079970
1 1105110997
1 751838847
1 345091423
1 3042080773
1 976403755
1 220895848
1 3422356303
2
1 1662917806
1 2412882944
1 119517052
1 4259197662
1 1137179748
1 653244759
1 2427456124
1 3623920502
1 95271481
1 161726014
1 395890785
1 2910819117
1 2731522379
1 3750446804
1 2592934937
1 2768158800
1 2739564023
1 3512189276
1 3409374787
1 2487490656
1 2566363940
1 3132527273
1 3055611200
2
1 2784033205
2
1 3594752743
2
1 2989206253
3
1 3769138299
1 3649008414
1 4243273364
1 2218662079
1 2112069964
1 3624659569
1 1941259667
1 2436489918
1 3918658029
1 1016087822
1 4118990629
1 4082829723
1 3916303397
1 105669875
1 84656950
1 1461958260
1 2350636548
1 941522241
1 935760162
1 1798692328
1 624576107
1 1363846676
1 906136786
1 2067841310
1 1977290368
1 698430925
1 598171652
1 2694398598
1 2023468374
1 1735899917
1 77650809
1 177588896
1 1552601836
1 503084732
1 4157699537
1 3802355388
1 2098140075
1 711967512
1 3499266458
1 2806310531
1 1651678123
1 913927536
1 3653788945
1 2460353740
1 2864666203
1 939743822
1 2381590546
1 547563299
1 59394847
1 2958660994
1 2451591603
1 4234523280
1 1264971112
1 1167615496
1 306335924
1 3737641354
1 1026829725
1 2545945442
1 1832054404
1 2035419960
1 3069889397
2
1 1903697974
1 1677870636
1 2197612278
1 2592249741
1 1521381768
1 3520202331
2
2
1 3803037737
1 3613844918
1 208583488
1 1571794904
1 4217873993
1 3547992509
1 4123436279
1 1701962125
1 3658962012
1 290465491
1 2219277533
1 1697284027
1 1031512916
1 2857727139
1 3064152893
1 1568816254
1 3727297355
1 3007326879
1 225011633
2
1 2480199796
1 844606284
1 2481647210
1 2529350764
1 1524903902
1 3356179986
1 3922463181
2
2
1 4078356439
1 362590928
1 3149397731
1 1799670566
1 2819910399
1 973882578
1 3377173929
1 3224398646
1 3917392183
1 812350174
1 311627178
1 101353344
1 1741360667
1 1003070799
1 162744929
1 3176857043
1 4124336431
1 1845185175
1 3095449390
1 4213832297
1 2720614722
1 2272753126
1 1805734927
1 1944361054
1 3677819503
1 4115016249
1 275695120
1 3109526759
1 2149901008
1 4107849717
1 3187379439
1 904631032
1 2417189217
1 1672825950
1 2129009860
1 2402866190
1 1696029699
1 3589315953
1 853941036
1 1845473107
1 2329588242
1 1799760794
1 3147147945
1 324748713
1 2945380913
1 1535456787
1 474182017
1 3533870405
1 3000844539
1 28976008
1 1442546033
1 2594609511
1 39155464
1 864292621
2
1 1425302578
1 860396933
1 3338835129
1 1290811357
1 598107314
1 1675044439
1 4023105294
1 1080960578
1 1861711057
1 231311018
1 143537134
1 3087407117
1 869083320
1 3689257014
1 601291271
1 3928127663
1 1521352299
1 2328450649
1 3369045277
1 2502365668
1 3133549667
1 1312260768
1 489364063
1 3654658479
1 756322361
1 2474080165
2
1 3260217289
1 1854053440
1 2407967357
1 2430881996
1 2105520746
1 2007762927
1 2005334585
1 3062361152
1 3880606661
1 1521077154
1 2361435714
1 3038081936
1 4284254241
1 814034268
1 2146396302
1 3616351741
1 4292516121
1 3290932441
1 2467629462
1 1394164726
1 2486024405
1 1827626514
1 554565227
1 202816547
1 1706737524
1 472673784
1 444759872
1 2403140440
2
1 2441672234
1 1467671686
1 72208050
1 2063461797
1 4239236837
1 1065569964
3
1 2472292842
1 2207952539
1 1183052123
1 1561015884
2
1 608922320
1 1644871391
1 3137797985
1 3852967953
1 4040392392
1 3549780678
1 3405192596
1 3377112166
1 3640134938
1 233904104
1 2946576911
1 248900435
1 2121611502
1 3984311443
1 1063562239
1 961389174
1 2748493955
1 2052570817
1 2772547819
1 1698265761
1 2808570750
1 2911165353
1 3476176930
1 2081174566
1 1633993048
1 790473108
1 476753668
1 533412374
1 3936142056
1 1962478256
1 898207938
1 3155328971
1 1641692633
1 953679948
1 3356345385
1 2205121286
1 1868668181
1 1670923650
1 3000014138
1 1656091542
1 2397863552
1 416499316
1 2168388574
1 2154021706
1 1464356948
1 701814550
1 2625110808
2
1 945060610
1 300731804
1 2978698467
1 1932601866
1 2078325999
1 2893804731
1 207112460
1 956649085
2
1 40077629
1 2155340061
1 2363121599
1 3103586420
1 3183022844
1 1301425506
1 410629941
1 361588290
1 858203787
1 886838343
1 1811574899
1 10696440
1 4223309199
1 1269464222
2
1 2654223627
1 1385063808
1 964184548
1 365959552
2
1 1473702415
1 3839469215
1 3044134433
1 1240990923
1 3174755677
1 2041974726
1 2070029660
1 2850862311
1 1064166803
1 2713842301
1 401067381
3
1 349670671
1 2196636382
1 787296200
1 1119505671
1 373344331
1 2209256455
1 1359978999
2
1 2397461224
1 3795543386
1 3112267471
1 71121006
1 4284852425
1 253314865
1 3103111433
1 2548088910
1 3102508711
1 3663466209
1 2347093219
1 466469472
1 604519673
1 43824475
1 3911451374
1 1438189807
1 2617340163
1 644356345
1 2043251424
1 1167728823
1 3501843323
1 3076576119
1 2601383567
2
1 4077539790
1 1844060224
1 829768282
1 630566757
3
1 872470552
1 2544728015
1 2806667020
1 4106578597
1 2090587476
1 1033372645
1 2922953963
1 809046
1 3924526660
1 396295877
1 3602785173
1 3391363612
1 2776593196
1 2780523091
1 476231546
1 3986704620
1 3221226164
1 3083916102
1 2874614649
1 1992249127
1 1557826755
1 1791787978
1 4089276255
1 4039258293
1 713385235
1 3697760455
1 3954232823
1 3238811030
1 3883589353
1 2490303142
1 448241626
1 1696709645
1 3967333097
1 2492399261
1 1662706313
1 1857844249
1 3662870253
1 3649359363
1 2568318377
1 2274297929
1 1163381119
1 465216917
1 2615704831
1 4218318565
1 905488258
1 2243468260
1 1879832224
1 3765877969
1 3229429179
1 3872466224
1 1487379893
1 2395266020
1 906376157
1 604489771
1 1522796894
1 3227252915
1 3224629526
1 3381772948
1 4194199771
1 1502779980
1 2369466935
1 1814053915
1 1989613549
1 724576050
1 2528130297
1 529411077
1 3238439267
1 215258769
1 2596655231
1 465695063
1 2825253294
1 1308733465
1 815294388
1 1619078915
1 3540216613
1 964073272
1 3884263322
1 1093127174
1 2000105211
2
1 3307773158
1 921336647
1 3366275569
1 1161861122
1 3922758886
1 1573227105
1 2120062048
1 1385221602
1 20791506
1 3180504028
1 642314803
1 2291839997
1 1800664450
2
1 3056255735
1 3691995295
1 2545938480
1 2870194597
1 261210587
1 2642197257
1 1245266764
1 689565556
1 3124014531
1 2620453684
1 142395808
1 1671194134
2
1 2198429768
2
1 2178236386
1 3520521919
1 1379940455
1 3274071061
1 1870713962
1 3845886615
1 2060198299
1 898051887
1 364875703
1 2445094420
1 2497638997
1 1410583280
1 4022688886
1 615818884
1 3609428720
1 3527446019
1 1871385953
1 2301704101
1 3688035492
1 129297288
2
1 2877175942
1 3892531838
1 7335860
1 2359570016
1 1904259606
1 3544708213
1 709335444
1 360591894
1 1781596226
1 3733522663
1 1242062029
1 1823810151
1 1125906673
1 3547956162
1 1195536580
1 722686806
1 1597263765
2
2
2
1 1089561452
2
1 3508302800
1 3638663055
1 3814485189
1 1256492415
1 3346055702
1 928774378
1 376804616
1 3797159490
1 325010272
1 3159408028
1 2209596204
1 4065261648
1 1611017688
1 3187007150
1 2653483926
1 402126132
1 577223962
1 1223553442
1 3255164733
1 782051100
1 3665740013
1 3168823467
1 3605796311
1 3886484021
1 189636571
1 131815339
1 4088366163
1 2296885713
1 121548617
1 741335538
1 4229101983
1 2288132937
1 1126704918
1 4291574498
1 3236439704
1 2970911398
1 2768461846
1 460955023
1 909773957
1 1220734009
1 2729329241
1 2564923769
1 980802061
2
1 1073443982
2
1 896715105
1 2366773835
1 3453545646
1 697521045
1 1109518003
1 3278206457
1 1255305674
1 3396143597
1 2911223574
1 2736851157
1 1652876307
1 3376931604
1 1898199302
1 627123429
1 4160559562
1 2341811442
1 965286989
1 2792575914
1 1357105822
1 3578733696
1 1178162589
1 641414770
1 2617170313
1 57336141
1 1123358478
1 31880646
1 2951815296
1 3989502629
1 867643046
1 2973717168
1 3671895027
1 3436294578
1 2186775244
1 1222437279
1 527539494
2
1 3870509722
1 370903726
1 1286598245
1 1783322182
1 1360950846
1 3730935115
1 1500242337
1 4278166986
1 1906960052
1 1059536846
1 3986756893
1 1996307767
1 2738659575
1 3222054472
1 2014211845
1 3469188159
1 3167105540
1 2766444170
1 3012895757
1 3487178954
1 176547525
1 1352673276
1 3364863424
1 3166372835
1 1677642551
1 1198776171
1 4120945513
1 3989961650
1 3433808697
1 2326861866
2
1 1106309439
1 3748723386
1 126676474
1 3677318351
1 989164926
1 934775038
1 2860606829
1 575359316
1 2013180201
1 2107665921
1 3813336609
1 2492784575
1 1399690360
2
1 3340129822
1 2542840448
1 449213499
1 272016314
2
1 387731206
1 1188565336
1 3845843391
1 3073749534
1 972669962
1 2896820994
1 854818284
1 185507855
1 1404809600
1 441541132
1 2908495691
1 3149850175
1 1626601039
1 2692093593
1 3361979369
1 1364824442
1 2634555546
1 2984407593
1 1135201910
1 81068791
1 1306860626
1 521465543
1 3781931042
1 3026885828
1 769544176
1 1665284058
1 3257565724
1 2303780950
1 3929379358
1 2672549958
1 608506676
1 3997168023
1 1266866874
1 3199415441
1 1863722199
1 3288129599
1 2333429537
1 4232427862
2
1 2984787279
1 3116445795
1 281541616
1 2160832667
1 4052446089
1 1707972384
1 525993880
1 1476677296
1 1488960692
1 1099761454
1 3670176967
1 3346950131
1 4179823825
1 2112683131
1 287077037
1 809029083
1 2578277978
1 401379420
1 3346309642
1 2067414564
1 2488153525
1 797897955
1 1404613792
1 2219057133
1 4173839890
1 1595758910
1 3385024537
1 824490353
1 1668634671
1 4163715394
1 1828741554
1 3568816704
1 2348195208
1 3153174361
1 1837367533
1 2107709545
1 3594832362
1 162149447
1 1754405520
1 2831785160
1 2375546084
1 2979798483
1 2568428871
2
1 3454481156
1 2795712594
1 2289242541
1 791401871
1 2084427481
1 2374222624
1 579845894
1 4039898870
1 434152128
1 602457729
1 1189717296
1 4208502960
1 2354900820
1 494646123
1 3563947046
1 505201105
1 3204504976
1 893126519
1 2784638872
1 59633817
1 247459564
1 389894912
1 1753863994
1 1138404093
1 2846424474
1 1424116335
1 1729301423
1 3834292053
1 195567518
1 1770767369
1 2223799664
1 1675843445
1 480728911
1 856305128
1 1889592896
1 1239596613
1 3132169027
1 409563937
1 3210488651
1 1718591634
1 1262782035
1 2747679015
1 3760528649
1 41244215
1 594768351
1 2092805493
1 2278281537
1 3738672175
1 3210686050
1 3943440279
1 2688449485
1 2468522181
1 2522202046
1 2669006683
1 3576891182
1 501164036
1 3493862073
1 769446221
1 1956613979
1 1509172587
1 735093609
1 3981156140
1 556071633
1 2887908671
1 147735204
1 2507525138
1 1950608423
1 632296710
1 869420565
1 2179034300
1 620415184
1 346154968
1 268883732
1 2245865740
1 2829901534
1 3936231716
1 1493082143
1 3305177702
1 1508469518
1 1420768877
1 3985621752
1 3076378040
1 2350117668
1 59870327
1 1584161667
1 3320513847
1 3072214658
1 2175737425
1 4003006423
1 960469129
1 2362879040
1 1820058323
2
1 3361343931
1 738993088
1 3212800295
1 586617122
1 2675525157
1 3983316311
1 1536211311
1 2677917648
1 566630691
1 404585066
1 534424238
1 588778415
1 911925098
1 2312385226
1 2831656658
1 930544020
1 3719984717
1 4049595477
1 4069811935
2
1 707500035
1 1427604889
1 2306141944
1 625418743
1 3727837446
1 1701347209
1 2435291641
1 4285515603
1 172187253
3
1 4005184202
1 1977095537
1 2214604876
1 2300080181
1 666260849
1 2419871545
1 1270434757
1 3856723654
1 2194929509
1 2525644909
1 3607378402
1 1191977394
1 235669140
2
1 1717015000
1 1079922442
2
1 1170806491
1 472936581
1 758402254
1 222178218
1 3098692951
2
1 3707756866
1 3701641133
1 4214591957
1 2532923537
1 2827491897
1 370682004
1 103652020
1 3747512369
1 3675080887
1 3822063601
1 3595295669
2
1 2412085496
1 1705987642
1 3790804874
1 558120625
1 2628013398
2
1 3986721380
1 493407655
1 1801859712
1 2991718950
1 3404187065
1 1347990337
1 31505802
1 2203864102
1 2593844469
1 3758894743
1 789529034
1 4177005155
1 2307815605
1 1208131089
1 2891842227
1 2372383145
1 3100838748
1 3574470100
1 1175468209
1 301478219
1 3120911680
1 4234830440
1 1484722379
3
1 1720121752
1 535237522
1 1763431691
1 3316665140
1 2335759463
1 538269140
1 2549160902
1 1994719178
1 2893840936
1 2697565307
1 3640824183
1 3281558448
1 3338896755
1 3878122861
1 3473082229
1 596632664
1 517298886
1 2120217653
1 304561078
1 4232434048
1 4132930782
1 3813012281
1 2299005850
2
1 782486436
1 1577456199
1 285936018
1 857482884
1 1706636225
1 2830091831
1 1040066566
1 533084668
1 2127133500
1 1786359400
1 1349067975
1 3995364956
1 1252679029
1 691409035
1 1149901478
1 591156732
1 2971655424
1 632582632
1 182735330
1 1789977273
1 541033901
1 3903235019
1 3392100179
1 1758430944
1 3191010910
1 2971671768
1 3216914947
1 2686930368
1 2929756873
1 2523449464
1 1597127390
1 851175400
3
1 283133383
1 3240239901
1 3660280559
1 1136825811
1 1239690281
1 1758734631
1 1559629168
1 3569415982
1 2715849684
1 1342659293
1 2483408448
1 96865618
1 716247801
1 1573434526
1 2208259357
1 1810770967
1 2213868611
1 380822395
1 4097422296
1 3581997150
1 3843653408
2
2
1 666004640
1 2560669980
1 318213458
1 3167852620
1 1224991165
1 4087582505
1 1186997756
1 1742777693
1 1821720753
1 2521678094
1 3085169671
1 2869353864
1 3729340240
1 4254670910
1 367785903
1 3873709751
1 1065105613
1 2900698767
1 4061040721
1 842186012
1 2133466743
1 472691317
1 3467397217
1 711234169
1 3999464617
1 2327751512
1 1514877396
1 2556580031
1 2458576706
1 531432835
1 2787406478
1 878670383
1 2659103583
1 1622178263
1 2816221324
1 1966869921
1 4266674739
1 1517511672
1 795560629
1 93972731
1 1899961233
1 1184677785
1 60192671
1 2859301315
1 1755959043
1 656553140
1 4183522840
1 2282127484
1 3998796198
1 3552782545
1 172989346
1 2611864459
1 1970411006
1 1947797353
1 1666937828
1 1833351283
1 470815349
1 1201555146
1 2022316231
1 2862040628
3
2
1 3115804449
1 1644356740
1 1218965605
1 1499245894
1 2955149601
1 3858515819
1 1587786501
1 647542340
1 2336712464
1 1971633710
1 4185681000
1 303059515
1 725005383
1 1949486659
1 2630430827
2
1 307569660
1 2043390
1 4123214815
1 3502981562
1 3667066025
1 3188234606
1 3591851792
1 2763363270
1 1531737349
1 2863013046
1 2323783464
1 2709213387
1 2545901565
1 740100637
1 3991332649
1 90019044
1 2263562434
1 2087530240
1 1566766212
1 362708808
1 1740256841
1 1818382399
1 3262480555
1 1690232208
1 1575008706
1 3898108506
1 3741892728
1 3306518966
1 64389361
1 3712762500
1 306256514
1 166546841
1 3241940879
1 4213245760
1 4021990738
1 2784575620
1 2530654260
1 511564514
1 194867914
1 2516126632
1 3494157079
1 132265704
1 4262857816
1 4151040377
1 1886076876
1 1122208123
1 3072055888
1 841456482
1 3247074619
1 1085131612
1 1510030338
1 3029694018
1 2391213946
1 3003766404
1 27035408
2
1 2804366174
1 2956805607
1 2252168590
1 3549963418
1 2311316497
1 1721087176
1 2730286030
1 3644210614
1 3404987416
1 2736110474
1 3289260339
1 1366125683
1 256804507
1 3471920021
1 594785573
1 1945411529
1 3626081045
1 4260043147
1 1952423687
1 4214158627
1 2494948162
1 2893193423
1 2163780729
1 1260339886
1 2394595453
1 2373432310
1 4202441718
1 173167472
1 3208765377
1 533714455
1 3674493742
1 2069109226
1 613078102
1 1719477350
1 4162356884
1 1619382219
1 353517590
2
1 626762693
2
1 2859772861
1 3854241417
1 442226770
1 295402515
1 2307276628
1 6879801
1 432232768
1 1693218923
1 3418156649
1 1822566853
1 3227357927
2
1 1507076349
1 724607
1 3932219450
1 1757902789
1 4206942992
1 1747347622
1 3626854281
1 2611133063
1 564974745
1 711626613
1 2985052798
1 587463389
1 3863481084
1 2231862757
1 1205858582
1 1680142405
1 1530808518
1 2252898975
1 3100947588
1 4282752824
1 1642921109
1 962318326
1 227873287
1 2633822463
1 2840000949
1 2710850460
1 3664697421
1 3092553130
1 2285442706
1 3828880880
1 1379208651
1 925008589
1 1963834362
1 549835207
1 836914177
1 2050749332
1 3880392965
2
1 3103774700
1 3567087049
1 1749413929
1 703112124
1 296608152
1 4098708233
1 3019271583
1 487393137
1 864406088
1 4235683929
1 1635149970
1 1962914932
1 1297201028
1 794382591
1 2687189549
1 976005173
1 1581983867
1 215776277
1 4116611485
1 1647131402
1 2696695048
1 2781752253
2
1 4263029540
1 2510527549
1 3897036819
1 1772114850
1 3385955249
1 1816416859
1 1000348672
1 4051240553
1 2249257688
1 3259033805
1 1864883248
1 4002746769
1 3325946930
1 3387549114
1 98864679
1 4039113677
1 1039890679
1 4175335658
1 353434829
1 4055906510
1 3246663099
1 561271112
1 393127732
1 3229019814
2
1 4003741154
1 3279100644
1 212196964
1 3415282031
1 1425563092
1 292296548
2
1 4073371899
1 297758215
1 2282017353
1 3112565216
1 3874540584
1 1651515789
1 926805119
1 3623275798
1 404688136
1 1485511258
1 4070941000
1 2295942924
1 1399646311
1 4221747452
1 3856125307
1 4052810246
1 1041206469
1 3125353400
1 2855363116
1 1004556096
1 2968840949
1 1130444119
1 3209560088
1 2771281046
1 1178226124
1 1674390061
1 937305693
1 1359371102
1 1219393766
2
1 3217329666
1 452483396
1 1796251425
1 876034637
1 1121051070
1 2832623063
2
1 13337367
1 4163015435
1 4053292578
1 3342299720
1 4087712251
1 3786777943
1 985680255
1 3875869031
1 1612026259
1 2017634757
3
2
1 1455859062
1 3263725411
1 2164432618
1 2651989299
1 1547908290
1 420484651
1 3548372780
1 1714935748
1 3612825583
1 3879045917
1 340785793
1 251137968
1 150306560
1 1582018060
1 24174677
1 849053998
1 1139071678
1 1231087489
1 860715779
1 2584507147
1 1838377141
1 1861176891
1 1821997265
1 3339622386
1 2416255061
1 3790914375
1 2302574025
1 2847871453
1 1795381837
1 4013989671
1 2766491965
1 1605184545
1 3703933025
1 732732158
1 376629500
1 3826617270
1 2751914287
1 2250902437
1 797659658
1 2022849923
1 4265409897
1 516774657
1 3088725006
1 1707781124
1 529992981
1 2055920463
1 3203599376
1 3559476357
1 3192601752
1 483736875
1 129859067
1 399614335
1 1686538370
1 2193743251
1 2680812614
1 2321923087
1 1720728941
1 2648232762
2
1 4106840547
1 911345931
1 2523099394
1 3071302742
1 2276035984
1 1603473908
1 3294300413
1 1294989971
1 807919688
1 1778262877
1 3604469329
1 725738429
2
1 3713401152
1 595434393
1 11044712
1 1193762935
1 2379372886
1 2757602697
1 4201557932
1 766869766
1 1282174085
1 1628991932
1 4177865836
2
1 668445984
1 4220865285
1 515612584
1 1215902544
1 301856342
1 3322911812
3
1 2177435177
1 3754181109
1 1322172269
1 3515097210
1 2013027825
1 1575277282
1 1144245712
1 1293335989
1 2775552564
1 1339473585
1 1409060657
1 4111672148
1 3191701036
1 49288919
1 1739590151
1 3439389014
1 905380483
1 3342202011
1 2549081852
1 3191669790
1 2551082128
1 3735485978
1 4231270400
1 2713431020
1 1042436697
1 1643623169
1 248891548
1 4228744870
1 3012081575
1 216441170
1 2503372140
1 4015147354
1 3221937930
1 1185275132
1 2514277243
2
1 1985125835
1 2570182972
1 1088100503
1 965993914
1 2460754444
1 3564201638
1 3896903098
1 792670540
1 2286203273
1 2204988598
1 57859394
1 32247036
1 3679457637
1 969853542
1 2684694187
1 2116966530
2
1 804944318
2
1 3711366845
1 1981565576
1 1244208212
2
1 2197631713
1 1569588220
1 3082837586
1 3805846239
1 1123541914
1 2814356421
1 3861908687
1 3199248521
1 2723110824
1 440835627
1 2047729749
1 1937258301
1 2061952081
1 2006337296
1 3689321740
1 4166473881
1 2944192454
1 3169469840
1 1864618661
1 1839494075
1 2094285870
1 1240796012
1 3981657214
1 4205571281
1 543106381
1 613504399
1 1109562773
1 1327585007
1 2405360098
2
1 605299958
1 3918890481
2
1 1115065984
1 3799981210
1 4035803171
1 283631435
1 2873492775
1 2435755542
1 3236894985
1 3600164221
1 1551672294
1 2999737699
1 4046566354
1 2486447334
1 1466271887
1 800369197
1 3348274267
1 3533378688
1 71364200
1 2500996853
1 968223009
1 3226841006
1 3406429553
2
1 2888401930
1 1904473993
1 284472625
1 3612859941
1 2526839834
1 132100602
1 394077913
1 2494125950
1 3166117997
1 1887434329
1 2810633797
1 2157175518
1 427768652
1 2974958845
1 3954319732
1 3301232731
1 662636864
1 281329645
1 2987949223
1 2117690876
1 1301517698
2
1 2065278501
1 1518839659
1 457163534
1 246601050
1 3434747430
1 3596970152
1 3988216122
1 846687638
1 4274119736
1 2931046696
1 1500716338
1 2222854580
1 1339111681
1 2458956377
1 664319271
1 129041712
1 1438248921
1 2829045998
1 2895409232
1 1857464728
1 2546951172
1 3820085005
1 3520405028
1 4052162862
1 4113845517
1 3863481845
1 52726843
1 2141048141
1 156321961
2
1 1892158071
1 1498763543
1 449235227
1 2616060803
2
1 3848822335
1 2473278397
1 3428602406
1 1129969808
1 4244166370
1 2559082598
1 2265722442
1 912317441
1 954843204
2
1 2850260024
2
1 214281958
1 634115241
1 1803244341
1 1911509009
1 208161981
1 1003593195
1 4053465165
1 1496740846
1 2752590820
1 3574420070
1 2471177797
1 583002520
1 3840440580
1 273231187
1 642610211
1 1283940975
1 623535013
1 3139962310
1 3509903320
1 2575730432
1 465306068
1 525861052
1 2595543409
1 2698976706
1 2645251059
1 2716270067
1 2038548052
1 2182989849
2
1 614305986
1 3344597451
1 2339308912
1 2929969733
2
1 4293431068
1 3342424105
1 2291932450
1 2933258632
1 4267000422
1 1737964760
1 755370577
1 3500670672
1 3003975233
1 2887834864
1 3555205081
1 1795160001
1 1459706096
2
1 2713759261
1 885241032
1 4108005048
1 4143885163
1 807324387
1 2939688680
1 2130312527
1 2587103659
1 3240590940
1 3225339012
1 2940929473
1 2615372227
1 1429263592
1 3267170526
1 3936734923
1 2286400310
1 3930699446
1 3447754893
1 3054814157
1 924517937
1 205772475
1 2999842675
1 2755979478
1 910060449
1 1523774023
1 3761118496
1 1166006229
1 2071191603
1 4169016338
2
1 816479313
1 1076684107
2
1 1658143164
1 3860761782
1 1733355230
1 1245357055
1 3620033734
1 1689680619
1 3670307143
1 4124248199
1 878610113
1 2037792724
1 2618467856
1 2022599290
1 3800075771
2
2
1 4115554988
1 2608397948
1 47508773
1 1493138277
1 2549345278
1 3725513718
1 865805407
1 3863334877
1 1416977847
1 1290033688
1 2976942332
2
1 3018234893
1 1859952664
1 81321306
2
1 3583967406
1 1045402078
2
1 2777069150
1 664879738
1 2875162469
1 2288347615
1 1037003881
1 228109964
1 1509574487
1 864052904
1 4221054140
1 2925990721
1 572705427
1 772485853
1 1977865454
1 1784860943
1 2141085718
1 1689996479
1 24801680
1 809389233
1 299612716
1 1391640962
1 2623743546
1 181592817
2
1 2597435727
1 3530004348
1 54062316
1 285658014
1 1319590745
1 112579370
1 3534402149
1 462101406
1 3967417423
1 3805844843
1 4184604465
1 126194889
1 742589155
1 4214637652
1 133651698
1 220514846
1 1223969643
1 3310791694
1 3159650414
1 3258448345
1 1366333599
1 1353323467
1 1316911151
1 48123096
1 1428515906
1 3306995801
1 1793712330
1 3835495304
1 3506708536
1 557450986
1 3152445063
1 1540320454
1 3084177329
1 697302923
1 1102535042
1 2308943450
1 2288802074
1 3397770172
1 3535661890
1 639083603
1 5114452
1 1117268087
1 672128944
1 2363903887
1 2210786231
1 3484186021
1 2479876825
1 3172343854
1 1218291827
1 2210762052
1 3999713468
1 4106510680
1 1958270486
1 921098714
1 3001202610
1 3751293525
1 428504432
1 3893277831
1 3049986067
1 2721123567
1 4047585753
1 1798237207
1 3101318172
1 4007385751
1 589393231
1 1463040504
1 1586366611
1 1979392173
1 3934846462
1 1439276409
1 1714791308
1 155332047
1 247960903
1 609430457
2
1 2402585494
1 3274940090
1 205037878
1 2153948514
1 3775160715
1 887366458
1 4168561717
1 1884898440
1 2607202783
1 3799247342
1 1085277
1 2192656576
1 737490513
1 455005430
1 3808729372
1 3087013771
1 2696737576
2
1 1651481457
1 2543621583
1 2492442152
1 448831917
1 2841141642
1 2188388680
1 888878282
1 1518030604
2
1 2564021577
1 1394442360
2
1 696283429
1 2729211217
1 1914390056
1 576852830
1 1269614805
1 30575454
1 284723599
1 2227392308
1 1839549183
1 998941559
1 3387933155
1 3857391981
1 198040065
1 1755417313
1 982478895
1 1760512348
1 624474302
1 686278425
1 2945372222
1 3138700724
1 1896977628
1 3710821241
1 1287533251
1 1483351790
1 560696622
1 2818111058
1 3931375750
1 4115246056
1 2622652451
1 2481338813
1 555301771
1 26622842
1 565562577
1 3398177116
1 1994887967
1 3814902047
1 675737926
1 1586393739
1 1745388885
1 2031187547
1 710578637
1 1069465356
1 3013217214
1 2649558298
1 2960725923
1 3964270897
2
1 1109131246
1 2787515327
1 3272788861
1 1616810780
1 3217191698
1 2980508924
1 3086110308
1 3957937862
1 312957346
1 2535931591
1 1731488509
1 4179757549
1 144045883
1 824798704
1 4251104703
1 147930562
1 1716433557
1 1953544136
1 2323172712
1 2852592982
1 905447767
1 395909166
1 117002577
1 3612058250
2
1 3720099681
1 2881795747
1 4118623990
1 1970348986
2
1 2905762433
1 2896836301
2
1 2013646691
1 4088385018
1 1764283205
3
1 4081427977
1 3240704733
1 4192073498
1 503430847
1 221421306
1 407801105
1 3280041332
1 1146132500
1 2818933482
1 2473554308
1 2221889738
1 2955630932
1 753259154
1 1969047057
1 686300245
1 2225651148
1 1401098096
1 1777378373
1 2325290750
1 1719056219
1 2095997905
1 2205406809
1 380539683
1 3542790069
1 1307550396
1 3147120351
1 1127308495
1 3123710463
1 3264145854
1 3929178572
1 3038246855
1 943528812
1 2410685398
1 971154338
1 4145445467
1 1582565408
1 1981723486
1 685735814
1 1603664225
1 1474093789
1 1902754283
1 1378149099
1 2676072277
1 1931718835
1 2266773680
1 11992970
1 3794456469
1 4097163560
1 661027513
1 3086513085
1 2082698546
1 3603320622
1 1277847587
1 3115182132
1 2619687789
1 1879797540
1 3917019942
1 228120007
1 2684856254
1 2176902946
1 2578584681
1 846001654
1 1114981436
1 3519198853
1 2262755995
1 1058285738
1 154548210
1 2881600090
1 1947686843
1 499999435
1 3508772955
1 1839709311
1 3955866974
1 1357716541
1 680251948
1 3086803503
1 1237493062
1 4291838635
1 1735256180
1 2376029518
1 851593946
2
1 1092332374
1 2380083536
1 2233953662
1 2292903845
1 1032226227
1 397298671
1 1504925974
1 1817086588
1 3835238887
1 44674496
1 2862861432
1 3351174617
1 3257924136
1 2171192259
1 982131649
1 416742928
1 2526401936
1 383833307
1 3071755628
1 3947477539
1 847135310
1 2641441345
2
1 4096629565
2
1 2589800063
1 3910200568
1 14792883
1 2000240925
1 135835574
1 2838649122
1 1109928908
1 4003996214
1 463599191
1 2927411960
1 522169661
1 1865078635
1 1507172387
1 1880160718
1 3581662254
3
1 3179743845
1 543465867
1 3735389014
1 1743239321
1 3033746474
2
1 1652803228
1 2914363074
1 2654389036
1 1538053180
1 657448344
1 216901379
1 4186291352
1 2463564817
1 2140111094
1 715298269
2
1 681943677
1 2725084295
1 4029975463
1 2546040024
1 3010074382
1 2636079787
1 3072217241
1 2476294814
1 3680010348
1 4004678253
1 1053151179
1 726241611
1 1820686609
1 3887968256
1 3826460707
1 3239182705
1 603959379
1 3805070763
1 244620473
1 1087736286
1 1502492058
1 3892831341
1 1444632367
2
1 915079829
1 393833130
1 3104529510
1 1222344008
1 2016477463
1 927351819
1 4280903031
1 2710018083
1 1502615221
1 533653960
1 235537665
1 2174858080
1 156252241
1 1024682571
1 562534561
1 1691689023
1 3348950983
1 1353787426
1 1396661456
1 1453075771
2
1 3982836066
1 654252579
1 660542209
1 3347621863
1 1277521255
1 2390177774
1 1781908312
1 688213870
1 4137674915
1 2571624656
1 4221841476
1 3218675192
1 3361962900
1 1539003055
1 874869862
1 1279178271
1 2623991733
1 3810117423
1 3229668631
1 2348495430
2
1 754122244
1 3905882029
1 584754582
1 2572411332
1 1776315628
1 1573811633
1 4035857977
1 3935536593
1 455630844
1 4010979980
1 1488566546
1 2050173007
1 2053702364
1 1918116090
1 3494874873
1 2532277161
1 1922426004
1 3096544190
1 322717225
1 1280369416
1 2617704080
1 3945330231
1 3776630955
1 3851234449
1 1743721728
1 1199857082
1 4184416768
1 190390629
1 1069462896
1 3589473973
1 3049485533
1 3708264468
1 1176835422
1 167472649
1 1157225554
1 2635676027
1 3177681818
1 33559479
1 3532582914
1 224362988
1 314787576
1 3434203416
1 4048875088
1 930850490
1 1975303726
1 519467336
1 1583333715
1 3751899616
1 3812503869
1 4122721534
1 4211356068
1 1657725515
1 505281725
1 1901826903
1 3152453436
1 3975077212
1 3738148023
1 1779806681
1 2688852573
1 4228182685
1 2779730385
1 3199227340
1 2286054311
1 2011588344
1 50410491
1 2288073880
1 2227472864
1 2742359233
1 2290967242
1 2508395652
1 3231581173
1 4044595657
1 182696121
1 3187761136
1 3496148348
1 297995933
1 427512205
1 571964797
1 681751745
1 90762119
1 989876624
1 3367977150
1 3031083660
1 163576918
1 2027875769
1 2795768617
2
1 753717911
1 2231447365
1 529278734
1 2509153459
1 3900536991
1 2114882639
1 51639115
1 1103549057
1 1672412986
1 4285381393
1 4010970988
1 2134937990
2
1 3992281597
1 2340851211
1 2599598297
1 2891918757
1 3300322363
3
1 3122268179
1 4032657103
1 1226233818
1 2554510912
1 1882236547
1 1512415311
1 1246546008
1 2487059357
1 2436456447
1 1992866728
1 3639558655
1 1752225031
1 1070008658
1 2880212233
1 345423464
1 2997049401
1 752828925
1 4221358573
3
1 3236032230
1 3341666730
1 3541172959
1 2048025544
1 3496509409
1 2869595164
1 3263612494
1 3430647516
1 2710914206
1 1094957054
1 4117785077
1 428134604
1 3067542575
1 1980335578
1 623158449
1 2515080966
1 116619018
1 477586784
1 2952947451
2
1 4125464584
1 1927584711
1 2788416502
1 3177726495
1 1031971158
1 4066569326
1 3205271179
1 2981963143
1 989305559
1 4090672907
1 1077371890
1 3471753843
1 1502646765
1 3716898898
1 3596433209
1 2424785242
1 1526321967
1 87194290
1 924603391
1 1112059485
1 2760175299
1 764034658
1 2426375695
1 2498727392
1 2460835293
1 1091523550
1 2205419538
2
2
1 3582231723
1 1019695868
1 1842432319
1 1776282086
1 2822443754
1 2112988772
1 3133732174
1 2629112154
1 3002118716
3
1 1936618186
1 152661301
1 4071568189
1 4141097740
1 4193856664
1 826612391
1 1679809554
1 1854139037
1 979476465
1 4076407727
1 349304999
1 2251980499
1 3017479651
1 4230055865
1 1947318379
1 100727413
1 3225886907
1 987738697
1 3998414383
1 746361581
2
1 1058026514
1 515990745
2
1 3770510989
1 988623071
1 4271571430
1 1389387791
1 588244481
1 3322600135
1 2119576655
1 4255010109
1 1420371501
1 1555830380
1 2033407460
2
1 1679188712
1 3937824956
1 2713700539
1 2837945769
1 1481376576
1 592967737
1 3780475276
1 167211874
1 4215270588
1 770556295
1 657491866
1 1342219498
1 557132824
1 1556045708
1 3943879586
1 3580615519
1 3156511759
1 2276147497
1 2679861976
1 1840696604
1 3199823570
1 1784228712
1 122127818
1 831731975
1 3231927994
1 3918583313
1 1887831728
1 3764624304
1 2927623396
1 3917752758
1 2846818587
1 816143830
1 1515652678
1 2222636690
1 2938174549
1 3866762705
3
1 1286037487
1 1958385914
1 1245574495
1 4291940285
1 719060657
1 1646495000
1 3714791565
1 1781138385
1 2050237244
1 258805785
1 2364155464
1 4047647025
1 3275540587
1 2840660967
1 4012801805
1 2732227962
1 3649363821
1 1662331917
1 4110561327
1 2897112401
1 2114575755
1 4288525528
1 2681013681
1 871273239
1 2086046944
1 2772666052
1 2113018820
1 1232831228
1 3254446994
1 1691168805
1 3809667773
1 523585740
1 3453332357
1 208680806
1 2237622178
1 1465921971
1 2425181781
1 1605849708
1 2064686221
1 1723134280
1 3903799635
1 2816533230
1 1009447181
1 1866390810
1 2484148965
1 3015502965
1 576140622
1 1712720096
2
1 3510741540
1 2119072732
1 3753400196
1 1585204617
1 1289176990
1 1862155998
1 3549833588
1 1368400976
1 291150128
1 3138516971
1 151521477
1 4091930732
2
1 1381991010
1 1669082819
1 3315714138
1 3079248621
1 4280720691
1 2334487100
1 4164964974
1 1499985855
1 1529959818
1 4116104170
1 3124118049
1 2563642318
1 1726852185
1 3203427927
1 1987410369
1 546510919
1 2584767638
1 928326598
1 4231434083
1 2592000317
1 1303967840
1 3600960998
1 1963571392
1 2456969748
1 4054798177
1 3056038276
1 3405210824
1 2840889539
1 273808757
1 2352127180
1 2607842604
1 2830821377
1 1915199747
1 2683904661
1 3540315908
1 3621281529
1 2159245288
1 2772625157
1 3650309089
1 308307972
1 2086027044
2
1 4007592495
1 3701463792
1 1648564568
1 1585330561
1 2274413757
1 1149076212
1 484644393
1 2369221248
1 961441284
1 2048137542
1 875748549
1 3774280948
1 3333483651
1 2658662872
1 788642945
1 115022712
1 846013913
1 2117506964
1 2065973051
1 463515848
1 4174619007
1 1033451519
1 3683723557
1 788333473
1 3011004176
1 847846163
1 1024262350
1 512688695
1 61645813
1 2633076858
1 771937755
1 226940041
1 2000833554
1 3504265654
1 2778035433
1 1792855776
1 4193109077
1 1091311551
1 2834382397
1 4128784368
1 2386235239
1 3178200649
1 1481747098
1 1180718382
1 3349415851
1 3291162740
1 4184116970
1 487995536
1 2902309520
1 2218824102
1 2084004777
1 4037163046
1 2093042286
2
1 522459224
1 1095687909
1 2010596728
1 4127978192
1 1145442206
1 571599727
1 480151584
1 2914604576
1 926222214
1 2793107926
1 3358186261
1 4143914191
1 4263239116
1 3286832384
1 64381796
1 937006793
1 766620547
1 1302609451
1 110728704
1 1464188569
1 566724734
1 4044262446
1 577568751
1 4145935364
1 2020951454
1 370489074
1 3624726673
1 2493949946
1 1854828600
1 1045028251
1 4259344470
2
1 2353341062
1 2402628012
1 120086092
3
1 2244511468
1 3291052284
1 1332843124
1 2095270824
1 968047154
1 2415823719
1 2232452375
2
1 645080726
1 1418256679
1 428847890
1 2016314282
1 1097054047
1 1615118733
1 2008769156
1 1738700683
1 843131957
1 1381836911
1 3070470281
1 2408233540
3
1 809243052
1 2598895747
1 2335733735
1 547764744
2
1 916973253
1 3354476175
1 968495258
1 3711169745
1 1472816753
1 2799147426
1 2510799879
1 163168519
1 2125151003
1 1054264710
1 3094530627
1 3522285844
1 1166549724
1 3114864659
1 1758132689
1 231734205
1 596792435
1 672115828
1 163350609
1 1657730649
2
1 1019362734
1 3070766703
1 3526348725
1 206402857
1 1882070712
1 1248966016
1 738575543
1 787385655
1 970618138
1 4059426364
1 2405137764
1 1609658384
1 3173042535
1 1894476284
1 3539962796
1 4015172484
1 2823621487
1 2764641292
1 1902515168
1 1990527491
1 3106911137
1 3831773625
1 1245734019
1 2519149811
1 2019341376
1 467085403
1 284005175
1 3671771473
1 4236187647
2
1 1071897144
1 3956855724
1 1059678019
1 329997557
1 1200650707
1 246382661
1 430032858
1 3338739659
1 1730652024
1 819476188
1 642484532
1 1505379051
1 1222713061
1 4037809651
1 3550202824
1 2524469636
1 2655669451
1 1738680213
1 535869017
1 92934462
1 633296007
1 793042013
1 3793635013
1 1175684370
1 3955336758
1 3583439964
1 1829126615
1 291625251
1 3670792252
1 325033448
1 912976261
1 2928919778
1 154032161
1 3663693847
1 830054038
1 3151201347
1 1028048001
1 2513989425
1 3649837531
1 534511236
1 373733439
1 4258975516
1 2557148032
1 511129080
1 1705802383
1 3605461814
1 794786610
1 702548857
1 1389954203
1 13031219
1 3610324313
1 4141629579
1 2799940127
1 155796559
1 2797406077
1 1994891698
1 4162271911
1 265915648
1 2646768677
1 1092258529
1 4221473749
1 236012751
1 2879333026
1 1434903737
2
1 2696845876
1 3964534899
1 2863042276
1 1704351916
1 1975957009
1 847903371
1 2044682080
1 2468100867
1 574662101
1 1028384573
1 134853985
1 2352987930
1 113730292
1 3336541112
1 3278447675
1 1557837838
1 3661821423
1 2496581865
1 1557452157
1 1553145679
1 3221792523
1 270525452
1 1390054981
2
1 2267446336
1 364837403
1 2754539834
1 3048099283
2
1 2465460284
1 548023333
1 693604532
1 1311357786
1 561410225
1 2051369080
1 2433490431
3
1 2860178734
1 2726781338
1 2882075649
1 483880332
1 1429622571
3
1 3725084322
1 3738101704
1 3552351557
1 107553696
1 4086251632
1 4138583037
1 39290708
1 823153887
1 1972575877
1 1486863848
1 2408638588
1 246260917
1 1193931721
1 3562718787
1 1697290634
1 1406496829
1 1385790573
1 3853251433
1 1376401626
1 3686243512
1 1515961
1 1003663501
1 3858245132
1 3707976859
1 1882764135
1 554176207
1 4223387871
1 3159131764
1 2448500066
1 712752345
1 199806931
1 2855779201
1 2705019203
1 1723536513
1 484640852
1 87172068
1 3655440969
1 3075870260
1 4267592350
1 512952730
1 4154355826
1 1918715653
1 1922378453
2
1 634287169
1 1190867552
1 203069370
1 3136757493
1 4198442132
1 3664101326
1 715150726
1 3732252644
1 582323987
2
1 2705492563
1 3632588167
1 570478894
1 1512961311
1 3743830284
1 4122474440
1 3299446662
1 857662152
1 3208365998
1 3368922789
1 2232859814
1 719045152
1 3142731389
1 1598671334
1 875455924
1 1683064602
1 2479289533
1 2154667477
1 2007043050
1 2088561968
1 3800732373
1 2454930765
1 2532107722
1 1653398014
2
1 211353898
1 939644965
1 1156569827
1 4144989710
1 3309925137
1 1096158777
2
1 2483766702
2
1 2151452812
1 2278649386
1 4182822630
2
1 1348081366
1 1758743109
1 2266608427
1 683153622
1 1113113152
2
1 1389461674
1 3344294962
1 590891123
1 3350535173
1 875223898
1 3113706529
1 2323900273
1 1085480514
1 3342196022
1 3679406499
2
1 3318847660
1 4124491240
1 913064212
1 2512591996
1 144216520
1 3333378551
1 4226519612
1 956360344
2
1 993871156
1 4206388343
1 3398845555
1 435132925
1 783680744
2
1 438848619
1 180794777
1 2816983105
1 960551777
1 800353602
1 1006313544
1 52979474
1 2000539078
1 3626190183
2
1 394905560
1 360816079
3
1 712425499
1 2681786085
1 287031156
1 2644839346
1 3969464967
1 2281895815
1 1265891782
1 2792410469
1 934879387
1 2604976567
1 814687663
1 3576813374
2
1 2275767784
1 3495782679
1 692978030
1 1318928744
1 1036009313
1 3868570155
1 2693224969
1 4238330534
1 3490980063
1 1311602065
1 2194125401
1 2049558119
1 82529003
1 209448338
1 193553072
1 3972477587
1 653488220
1 2243634783
1 2447041521
1 1881595994
1 145405327
1 3868999282
1 2703400819
1 1407212551
1 1507571827
1 797780718
1 880524349
1 3892587329
1 345501958
1 1222945892
1 1894798627
1 1132917469
1 3048358836
1 790173727
1 869017957
1 1877495318
1 4062315861
1 3746028302
1 2717194562
1 794968795
1 1748631187
1 3943979294
1 1590813915
1 433041766
1 813308287
1 2076877562
1 939594881
1 3766126557
2
2
1 3663786094
1 3513347397
1 280378838
2
1 2425161495
1 2718375891
1 3413366564
1 3331618796
1 3190309415
1 3880936646
2
1 4292402575
1 216668546
1 1638890760
1 82066782
1 2989916492
2
1 2743528840
1 291461604
1 681026307
1 903779073
1 1861843563
1 355586283
1 985487946
1 3471175632
1 3257943029
3
1 3357266242
2
1 2223426524
1 1394235505
1 2637138069
1 2440141542
1 965736423
1 435002468
1 418295369
1 3144403881
1 4167412368
1 3586680888
1 743129933
1 1100575489
1 3940375194
1 3919766408
1 728175746
1 335359762
1 3147461156
1 3005695688
1 395837913
1 117868995
1 2797652812
1 3410493678
1 2670004381
1 2113971383
1 179132907
1 2998323990
1 3134999372
1 332824479
2
1 395338855
1 3496232762
1 3245870907
1 1778212084
1 939960404
1 717486926
1 267934320
1 3764368275
1 1567384778
1 3957962330
1 794459589
1 646939363
1 2042030223
1 1267957634
1 3871177268
1 4291668123
1 684758415
1 2736029141
1 3376983311
1 2192613885
1 2109518066
1 4231312478
1 3151447457
1 4143179297
1 28987380
1 3192845925
1 2584919761
1 214234041
1 2046137623
1 1110674658
1 1231198426
1 2363492453
1 3790930278
1 3004223492
1 2797823281
1 3533394421
1 3975411694
1 1797438295
1 2443584692
1 4150832832
1 3993438512
1 3922329247
1 589945321
1 2295517919
1 4273414813
1 1578901913
1 3168273066
1 3754172150
1 567201130
1 2581928534
1 549602558
1 3316328604
1 43730292
1 773807700
1 481230181
1 787802343
1 453112966
1 572507075
1 2245151388
1 3619174269
1 3079100700
1 3272800520
1 4207495734
1 1174091801
1 1977542449
1 2614429005
1 1935952221
1 2806132242
1 948082994
1 462691099
1 546239352
1 3188983806
1 3019012592
1 2249600195
1 1795993074
1 2585608492
1 4194358395
1 1399173618
1 2986447906
1 3385142
1 3531112757
1 1042297580
1 3376821849
1 1478546269
1 1470705776
1 2647414179
1 1699727552
1 2067077076
1 811552790
1 1166886723
1 857101530
1 2060031998
1 1484782693
1 3542365902
1 2034009770
1 1302154178
1 2674547159
1 4187603463
1 2013766695
1 2118831633
1 3221367248
1 2260895985
2
1 1566756579
1 1148385479
1 3869609496
1 2551747306
1 1074600615
1 1776906079
1 313187164
1 1132409257
1 1144901829
1 211763397
1 803481429
1 1307173774
1 3967642782
1 1983922505
1 1010437968
1 153954776
1 1667309587
1 2746777306
1 2204574940
1 416215742
1 1854112799
1 250827930
1 384325811
1 116207187
1 1107482261
1 3490515026
1 2533378718
1 30630646
1 427811651
1 3645382542
1 3040413508
1 3945310657
1 3882615047
1 2998443245
1 2767797712
1 3249808903
1 2050794747
1 133027212
1 1808528827
1 1012371812
1 1293540085
1 2621798123
1 214485242
1 1506272363
1 576847785
1 634019540
1 3768960269
1 3085491128
1 484533177
1 1333635039
1 1728159981
1 4146794524
1 1356844656
1 3407474162
1 4095857902
1 1540636341
2
1 3916938821
1 166058316
2
3
1 1965454768
1 3776120794
1 879834867
1 2705191545
1 2905377720
1 1233860517
1 2876623555
1 3171680253
2
1 1159259248
1 832426661
1 4068714179
1 4003828178
1 3444392775
1 508263456
1 1680654251
1 1923744703
1 2233870168
1 324635655
1 1952523578
1 2799486289
1 2393679692
1 871412990
1 2786464606
1 1515840336
1 2635146733
1 3515547399
1 2503582992
1 2333054097
1 681068554
1 2745038249
1 1402579060
1 4084032702
1 1991845341
1 3771994440
1 3287817993
3
1 46018612
1 2551551267
1 1596755886
1 479515338
1 2502637775
1 936703020
1 2806699654
1 992417011
1 3345206671
1 586560679
1 503018747
1 3698191162
1 2430273111
1 3304179963
1 3517761932
1 2935419469
1 1904377436
1 844553858
1 1127554251
1 320229588
1 1346991233
1 3737302704
1 231427227
1 2173828120
1 1551479421
1 47047659
1 1961744712
1 1657244318
1 1139024233
1 1709587397
1 3307240978
1 2777804488
1 3244696513
1 3290833212
1 3087368263
1 2227638687
1 3057540784
1 1716169676
1 1254637326
3
1 757683047
1 270068169
1 1794589193
1 2621057648
1 2527757573
1 1052831209
1 3634661119
1 3945262925
1 1536317088
1 2883118578
2
1 1399678554
1 1186928089
1 685700897
1 735771453
1 1248483992
1 2572138957
1 890605339
3
1 392348717
1 2245044921
1 3985224422
1 2350694418
1 1267124579
1 498712802
1 2306604687
1 222104894
1 1950754192
1 3079637302
1 3039668717
1 221459617
1 3157150733
1 1475780971
1 3717095800
1 2905984705
1 2119727117
1 1336719339
1 723168311
1 2081459993
1 1097746490
1 1711266694
1 1149290363
1 1457196265
1 2550731061
1 1278603674
1 34716081
1 1929206434
2
1 406269693
1 4180050741
1 941240477
1 3575667284
1 608307117
1 3642791639
1 3663841163
1 1526142931
1 1827812973
1 3402478316
1 2029569079
1 3088958206
1 232117958
1 1597384456
1 3976475044
1 3870361685
1 1053629927
1 495863464
1 3696221856
1 1858507419
1 737070221
1 1879372497
1 429485755
1 809587711
1 1073536306
1 2843372095
1 2974213525
2
1 2130759712
1 2568802872
1 182795428
1 241518934
1 3034527803
1 1617165723
1 804316573
1 3204085111
1 1507722889
1 1711499021
1 3435578905
1 1745683671
1 1477864252
1 1733049989
1 3910237517
1 2061034338
1 1992000172
1 553776944
1 643881468
1 2020140967
1 1842882727
1 4050734924
1 3484996505
1 347865750
1 1621867936
1 1004267239
1 3599368161
1 3397617559
1 3896819109
1 3174120280
1 2490786623
1 3890630124
1 4053036959
1 1012530779
1 2007302270
1 3181670902
1 3340816982
1 111296258
1 3572915567
1 728244589
1 2780159275
1 1953218490
1 1462702222
1 2229485277
1 1008290117
1 3401732795
1 2704713706
1 1435134308
1 1448467982
1 590724123
1 306073031
1 1216082033
1 3651288309
1 3715141440
1 4003395287
1 1669477052
1 3308356439
1 3481226997
1 2962099301
1 105785693
1 2007760267
1 451181253
1 992528140
1 1205928135
1 1637216174
1 3314820456
1 1651961817
1 708374685
1 266175499
1 3147354528
1 3337020566
1 2593038456
1 2956727011
1 3283226342
1 2244065192
1 3934310497
1 2637941701
1 1317053118
1 1963555695
1 1431171635
1 234210184
1 246622781
1 2044054628
1 3352505719
1 2093330887
1 1163070262
1 4065463897
1 1816255466
1 3906938474
1 2631710974
1 2309626386
1 495515595
3
1 2289305447
1 2211666738
1 190974715
1 4028593026
1 1653591161
1 2769078952
1 279038668
1 2810376836
2
1 1559105789
1 223793041
1 3920286125
1 1941178252
1 2316049551
1 1967493389
1 2480089806
1 1708174756
1 866158398
1 1442010748
1 1287600351
1 1467218101
1 3581893981
1 2323571346
1 1463189360
1 1124009431
1 1636966756
1 3062612131
1 1310352013
1 1069278480
1 3503571447
1 931686300
1 4256898867
1 2104569013
1 178735449
1 3503255064
1 1633923646
1 3553732562
2
1 3853982264
1 3798009920
1 3786449406
1 2026747204
1 1221295636
1 1823654137
1 561772240
1 1174799628
1 3483576925
1 2439237553
1 2933572569
1 2468597877
1 2457521911
1 124734382
1 1747943755
1 1300132588
2
1 1076652988
1 3604688859
1 3528816025
1 1429100348
1 205150513
2
1 239958512
1 1428542757
1 2303456671
1 1336727362
1 1782850558
1 1836811779
1 1662313862
1 1789838330
1 2922012036
1 4241218710
1 2300548171
1 256570401
1 3359648438
1 2508658709
1 2168334243
1 216495172
1 3834269272
1 1087513802
1 1321247636
1 2696783507
1 880538033
3
1 609531329
1 1158241251
1 607734792
1 1185203534
1 4186168858
1 1739875010
1 2870057437
1 2880422416
1 3375984854
1 2110502543
1 4150166297
1 2155216452
1 2427452258
1 1704607464
1 2819322058
1 3899434998
1 1287605039
1 1924221284
1 1305900365
1 2644514634
1 3770489941
1 2322503468
1 3310326478
1 1961040095
1 3816417977
1 4180808196
1 3723276128
1 4037751986
1 3869448164
1 1160793373
1 782317025
1 823779447
1 2613680003
1 189719295
1 696115128
1 1261415549
1 2913407702
1 1571484461
2
1 3027263193
1 1710136055
1 3601654630
1 2328428322
1 1342606323
1 574489915
1 694090312
1 1001047926
1 1896017553
1 3281717838
1 1814092770
1 1679682574
1 2118579682
1 3769788293
1 2104490014
2
1 1647396790
1 4096317649
1 48469609
1 2472442503
2
1 3775220458
1 1354455225
3
1 3702440485
2
2
1 1913953520
1 3294507637
1 3614828367
1 2081067028
1 209684265
1 3363084298
1 2134455707
1 1484414294
1 1793579955
1 507076824
1 1366310067
1 554106692
1 2246824627
1 1861724057
1 2115611719
1 3408510667
1 271803485
1 4275659013
1 2241732340
1 2906508292
1 1439908987
1 1814464427
1 1354129894
1 3478212972
1 2163777780
2
1 1031306514
1 1677816568
1 1396264301
1 1223866202
1 2621201422
1 331683821
1 3597272195
1 3670238808
1 1474108751
1 2930233409
1 191115093
1 1934125395
1 1881094882
1 3867396690
1 2704344407
1 3569041106
1 1636040798
1 546647768
1 339036944
1 1099120677
1 2477642432
1 1091220475
1 1890937485
1 748917142
1 3386021432
1 1633949243
1 1106131869
1 2392344365
1 3235788472
1 2562759944
1 2881983541
1 2688462904
1 3842312897
1 1695227135
1 688343350
1 2853695958
1 705200341
1 3565205246
2
1 2442869435
1 720820948
1 4113614377
1 566592330
1 1270248225
1 2926961013
1 2680546184
1 1393275679
1 1978714071
1 4140202945
1 686434857
1 3346576861
1 3013268465
1 4206873736
1 77697972
1 1166099471
2
2
1 2232377284
1 3986371816
1 1724947699
1 2875248260
1 2181350044
1 410072006
1 2248763246
1 2622601161
1 331440791
1 3806029761
1 2085980022
1 3750179923
1 1320948747
2
1 990025363
1 2421533414
1 4255123862
1 4037478691
2
1 1811195598
1 1825566227
1 2931342876
1 4083554524
1 2848158279
1 347755028
1 2011843555
1 462036680
1 1597925610
1 1340061339
1 771090557
1 3250794294
1 3390796061
1 2599820
1 2887263251
1 4007142929
1 257535878
1 1291005976
1 793776666
1 1104942745
1 82594865
1 3937304889
1 2906239324
1 1225175809
1 326716333
1 463212614
1 850640935
1 2925430854
1 676661293
1 3373380765
1 775973438
1 1752430892
1 2920825355
1 2693134716
1 1500798688
1 2161530591
1 207085944
1 3544765616
1 926817269
1 1270051728
1 1347260053
1 1841242456
1 903741829
1 106516426
1 1839459852
1 1923397626
1 3908639689
1 2860444198
1 3884751907
1 1508489252
1 1160102633
1 3664886795
1 1681414205
1 1113885764
1 3727602363
1 3541757353
1 1032368403
1 634909310
1 1533853671
1 1240737929
1 2201102304
1 474473492
1 281330390
1 1484150184
1 1082716595
1 130657498
1 4170232547
1 596944998
1 2523868519
1 2511903274
1 1811658223
1 2155560270
1 2612601336
1 3940593382
1 80380618
1 2572824710
1 546308078
1 443689155
1 2083529166
1 3906025107
1 1665496373
1 338493861
1 3279998447
1 1473384642
1 3701921683
1 2675336263
1 52758135
1 619208874
1 940161754
1 513920500
1 2001413438
1 3207522283
1 4015894033
1 1265940991
1 3367229147
1 2230320537
1 2816675978
1 3034478309
1 1919259150
1 2186702993
1 408732181
1 64660292
3
1 3533973229
1 2137549600
1 1080176224
1 2740487685
1 1048310010
1 615565458
1 3321195608
1 2743774614
1 3853228226
1 655552891
1 2542952452
1 230012221
1 3441174431
1 4216967452
1 2532768161
1 2601330566
2
1 1990720779
1 3949562088
1 1975431917
1 382240293
1 1056671316
1 3963035641
1 1564389228
1 735334067
1 1416009301
1 4153625952
1 3255192333
1 2063391172
1 3938580202
1 365542412
1 213379216
1 257841046
1 744657820
1 2624780976
1 454690929
1 610546703
1 880349579
1 2298549506
1 2668299364
1 240939053
1 4199675372
1 1036645475
1 3724134718
1 1993196124
1 56226877
1 4228888022
1 1308700144
3
1 3006205350
1 360927431
1 1192839488
1 985709142
1 922215591
1 735907056
1 2027489618
1 1408584142
1 2083205834
1 3003212273
1 1460327293
1 3224921743
1 3314950725
1 1630395173
1 984348429
2
1 4245575765
1 563931095
1 1297411911
1 3545209206
1 688543484
1 621270728
1 104732621
1 1210549924
1 2530142280
1 4258540332
1 3442567042
1 1560908744
1 1675754224
1 2781619616
1 2080040670
1 2776793433
1 1904359792
1 3399981084
1 1872510504
1 3077116421
1 114801898
1 3473714846
1 315090926
1 968405909
1 3721687269
1 3710103105
1 3281732919
1 381309622
1 3085369712
1 2012770364
1 241376451
1 1533172197
1 1029227400
1 3800262064
1 4200384756
1 2069100449
2
1 4221949514
1 2739511484
1 4089240230
1 1133369625
1 479443981
2
1 936306074
2
1 92697870
1 1534047206
1 1082377791
1 1279803504
1 2842165544
1 2193730927
1 2895413474
1 2731576177
1 1638734013
1 1640954497
1 489148083
1 2171552865
1 982184060
1 1557468578
3
1 156991255
1 2861339902
1 3060691947
1 717495765
1 2692204591
1 2296136308
1 4021722022
2
1 2460988038
1 1821103807
1 1734600449
1 2523577176
1 2188209345
1 1867526243
1 3274134551
1 1526260692
1 4167484050
1 3407875137
1 1395348433
1 12071704
1 782009452
1 2944259708
1 2355463423
1 2571899184
1 3520155261
1 1905081232
1 4236316232
1 2327141817
1 1070968735
1 4088997492
1 448149937
1 1502306164
1 3532973985
1 814717081
1 1473522806
1 3199607994
1 222795553
1 677813805
1 3829251837
1 4032204759
1 507233264
1 1853222247
1 1032361699
1 336341776
1 2584981477
1 3052722484
1 2877788761
1 3225321596
1 1042214122
1 1371456769
1 363608363
1 857966746
1 2567943957
1 3426726992
2
1 2590919597
1 1203639091
2
1 147325807
1 4208998711
1 399081088
1 2716488168
1 4106732280
1 4056046196
1 1393595226
1 1610936649
1 2649556473
1 2121806741
1 377160841
1 2090438561
1 3195199759
1 2801809496
1 347785316
1 3931728687
1 2451276297
1 1932190481
1 1822386078
1 211993551
1 2459628341
1 3368945556
1 1438655521
1 1520847954
1 416865466
1 3562969710
1 3786404324
1 2660619759
1 2521612432
1 1734347329
1 3660653603
1 4170412635
2
1 2677221285
1 3496746243
1 3767923919
1 2947143526
1 3453107352
1 2743335646
1 3702971835
1 2869352132
1 348558909
1 1055451335
1 1669526431
1 1044453844
1 2381552951
1 671817996
1 3405821857
1 2622141458
1 992319899
1 2981799262
1 3587359020
1 4195527714
1 3248467842
1 257752922
1 2921906234
1 416435671
1 215876621
1 3260031484
1 2579668220
1 1497647167
1 679512780
1 889019930
1 1134434591
1 3745269349
1 1535898694
1 380967557
1 2254266409
1 2921945262
1 289737158
1 2311096062
1 938571865
1 973932498
1 3944737393
1 2294323443
1 1887963392
1 3630402380
1 854332031
1 4026570968
1 3560191612
1 2621290670
1 1553544535
1 1646111543
1 828026307
1 3107079846
1 704496372
1 832815021
3
1 1197660350
2
1 4006857276
1 3942834553
1 146282411
1 1089746697
1 3671209796
1 2255062258
1 980707628
2
1 3624007874
1 2409645423
1 4035414685
1 187739855
1 2964409546
1 1802159066
1 1523153939
1 4274986982
1 946382639
1 2605468768
1 2504890946
1 2953221065
1 1933801661
1 1469980358
1 3697952839
2
1 3509241714
1 2705480334
1 912720947
1 3563843722
1 1783805880
3
1 531376277
1 3104338608
1 1088433216
1 1885869850
1 3940800194
1 126017191
1 251189835
1 3483864666
1 2295176535
1 3368537106
1 248659038
1 3835575430
1 1645464608
1 1080669144
2
1 1711820598
1 3873483146
1 1789779662
1 1357071572
1 2405884661
1 1106203716
1 1222028542
1 2867134447
1 628984086
1 1497507526
1 2551708193
1 2185417160
1 4040581464
1 1967481231
1 2175533954
1 863644611
2
1 63052374
1 4063687895
1 3049127927
1 832169103
1 2712405055
2
1 995881702
1 267902005
1 671936642
1 382154863
1 1469903018
1 2862425947
1 2554787374
1 2780231476
1 2192756456
1 786341205
1 205043464
1 2550817868
1 1315266120
1 1270636474
1 3223994151
1 1225984089
1 390016625
1 3305247582
2
1 2134120216
1 3305433190
1 1879265366
1 2423622503
1 2830269136
1 1541133319
1 4142692835
1 3720124911
1 1141056667
1 2732994302
1 544241463
1 515207505
1 1334073286
1 2259951620
1 1206348653
1 2035924698
1 1457824663
1 3844897640
1 3327023613
1 3286334336
1 1721244293
1 3521011289
3
1 1560553413
1 2051154835
1 3127451946
1 4165552030
1 2262627089
1 413131198
1 3958380583
1 605905020
1 3626093744
1 2557393201
1 3941026358
1 1150749139
1 338125076
1 2778070050
1 3164713326
1 3740354716
1 3781159194
1 2194216961
1 3967039129
1 886492306
1 1645696810
1 4266254062
1 2556695962
1 2324393472
1 2966213910
1 2986861263
1 1040587663
1 1362547291
1 4233964623
1 949487761
1 1991162862
1 3613026941
1 48540685
1 2184058794
1 566942028
1 4019072348
1 2452033255
1 3522972008
2
1 3764443146
1 1100901630
1 3404806650
1 2797285865
1 956273850
1 963583505
1 3261236747
1 1908486343
1 3930204114
1 3179797084
1 4039388473
1 575351194
1 2362025171
1 927571415
1 2396846379
1 3218162734
1 2913229093
1 504740512
1 3182042557
1 3354178057
1 2034489065
2
1 423900155
1 1048470196
1 3117488972
1 1762857178
1 1979927571
1 1126828247
1 2521518327
1 4176266443
1 187634937
1 2958389996
1 448128878
1 2783057311
1 284325610
1 418432157
1 3144530553
1 1711548666
1 858755088
1 3548996030
1 539953379
1 1269136720
1 3309237470
1 694718738
1 474686847
1 341306644
1 3392229461
1 813865311
2
1 584734192
1 1401207239
1 419504839
1 1931178501
1 3861582935
1 3825980395
1 2491563089
1 2698198005
1 2100089440
1 588936476
1 2268405238
1 3262309600
1 438581588
1 3609248558
1 3724127406
1 3669080817
1 3050782867
1 2110362515
1 3988084456
1 3690490714
1 1184322843
1 751732090
1 2333968142
1 4213703961
1 1709517183
1 3953943141
1 2874887110
1 988856132
2
1 555886434
1 2590608572
1 1560459844
1 1842240692
1 3684130864
1 3799282714
1 3864788781
1 3221408190
1 1188936055
1 1405245178
1 2798367881
1 3223113235
1 366621237
1 1601403118
1 3443117612
1 3243381715
1 2259846096
1 1997668732
1 2691430463
1 2329417041
1 1121004772
1 2092731577
1 1272119056
1 4223555268
1 2164470417
1 3373303144
1 1510046090
1 292977302
1 1871550592
1 2887471539
1 1600233836
1 4170728987
1 1823078807
1 1840585334
3
1 2145302858
1 3504642344
1 1974949232
1 786314290
1 2583279758
1 2629384208
1 1596448677
1 1073088785
1 316668015
1 2239771174
1 2807380951
1 4244123084
1 96946854
1 2574845861
1 84656649
1 4226395302
1 2853463368
1 3848838868
1 4160688168
1 869467757
1 2475288723
1 1455714367
1 2386626485
1 3677717258
1 3971283415
1 1600191884
1 2637112452
1 3844116139
1 756926232
1 3469521499
1 647053037
2
1 4176466389
1 586302005
1 1295874169
1 1000202505
1 294219271
1 3795327793
1 4130522273
1 3884430530
1 847888440
1 1452635649
1 91975271
1 44297122
1 16166643
1 2994648463
1 1529343292
1 3174610236
1 2895858928
1 3829124957
3
1 2219703860
1 213119798
1 806117791
1 2683236958
1 708469285
1 3134053805
1 1470603106
1 1709013347
1 1178445045
1 1182856872
1 4245456829
1 1934649795
1 3175576615
1 2752376615
1 48441212
1 1786940032
1 1420709009
1 2480338349
1 2859700878
1 1754832128
1 2028117819
1 3824803052
1 3596119959
1 325129015
1 852021589
1 1951560856
1 3014724527
1 3553518354
1 357766452
1 2613417994
1 352853455
1 2795220499
1 39184021
1 1970765059
2
1 3065840507
1 3219610690
1 2465774904
1 4075472176
1 3541877756
1 3988853627
1 3442232274
1 274025952
1 3465220160
1 3127090512
1 477931239
1 3191877732
1 2750363454
1 1005569628
1 412766490
1 3421682530
1 2686995236
1 2220527479
1 3473601661
1 3535743238
1 86377466
1 1217965126
1 2164572322
1 466510584
1 4291408808
1 2487050938
1 3789186201
1 1488417552
1 395508568
1 1466897345
1 2729568963
1 992553348
1 1146871947
1 3756484822
1 131754084
1 4007753339
1 2220906800
1 4233920521
1 1934981947
3
1 1863109616
1 425027171
2
1 3536156317
1 1764191950
1 3730013078
1 178791151
1 4258139121
1 4201501509
1 3543692445
1 3996785574
1 699964050
1 1511609127
1 2445390948
1 3013606310
1 1484734327
1 757561635
1 3128083110
1 325403964
1 385147877
1 2491474065
1 3214593234
1 3610741621
1 3087124751
1 2867660572
1 2634006341
1 884405247
1 1901414985
1 2424181300
1 3111392578
1 1077384720
1 1822257248
1 336746648
1 4259464879
1 3432398247
1 1542698128
1 784117924
1 3432892514
1 3604025817
1 1374193594
1 3353316551
1 2980121050
1 72420041
1 510245916
2
1 763467553
1 58003385
1 3212745736
1 328658890
1 3281349965
1 204787127
1 3296847
1 1178090512
1 3814724798
1 2344563552
1 3188502625
1 3679382054
2
1 2401356082
1 3780090597
1 4248704924
1 97760909
1 3939903818
1 263228501
1 2780734465
1 2810886619
1 100113477
1 2748381877
1 3335899414
1 2154695327
1 605334210
1 3222719471
1 3812485578
1 1787474344
1 4152847119
1 1821281491
1 2277280389
1 1506604689
1 3721649187
1 1336327541
1 3527611188
1 110010414
1 3824900696
1 1683965725
1 914707541
1 2551647359
2
1 3348769367
2
1 2392235512
1 1707035615
1 2914908615
1 3038351839
1 134482150
1 3687531956
1 910379254
1 257155655
1 1905843967
1 1057493531
1 454653964
1 3922188444
1 3804104932
1 2562695596
1 1351468800
1 2726467930
1 1510418425
1 3572171564
1 1265725130
1 3025662900
1 3249012594
1 1231526182
1 4213320282
1 741464891
1 1924327011
1 3195578496
1 4200142628
1 2274003253
1 305336389
1 4178098229
1 3529845716
1 2046169438
1 1054720340
1 442171874
1 1819225818
1 1164290274
2
1 812272786
1 1471238093
1 2179265411
1 3088586313
1 1917982847
1 3396673880
1 575539756
1 2110868099
1 2206156834
1 3889526271
1 2088373941
1 161173658
2
1 937332437
1 555899874
1 2899411147
1 1096484893
1 2895346315
1 4094013189
3
1 3713703399
1 2696469732
1 570972217
1 1162284814
2
1 486278732
1 1270712384
1 1029829291
1 3050537805
1 4010572211
1 1729864970
2
1 518350439
1 2657143733
3
1 221395152
3
1 582917447
1 4158933398
1 2281950608
1 1127202117
1 3622918813
1 167200851
1 62193851
1 2689190754
1 3813218116
1 279631110
1 2916306502
1 3656069091
1 3401070907
1 2491284178
1 2403089545
1 2129661972
1 379833433
1 899004126
3
1 2085175240
1 3327588682
1 2064452508
1 1857686633
1 2023691038
1 4126872188
1 3834910383
1 3187429608
1 3507499848
1 1714418213
1 980092666
1 2776883593
1 138589338
1 2307377168
1 1020790636
1 1058810367
1 2814664450
1 2306850063
1 1415178356
1 1873074773
1 4085194957
2
2
1 3459512011
1 664216647
1 1717705458
1 798697953
1 509580029
1 3299002011
1 1275489737
1 2347173388
1 1393261139
1 3399820960
1 826340415
1 1595693659
2
1 3819392055
1 1040389396
1 197864945
1 380980998
1 2758470023
1 1876235143
1 3554792432
1 1310323040
1 4103908743
1 2811296027
1 2765556819
1 3320093034
1 136864936
1 1828426311
1 46685298
1 3247079963
1 628947548
1 2334167622
1 3936237335
1 3837081713
1 2831127442
1 2368657467
2
1 3177308673
1 3241431196
1 3384104411
1 3398587877
1 99417755
1 3986636969
1 2258060269
1 3195195678
1 2821058858
2
1 2919076625
1 1487092572
1 2428605792
1 1987229568
1 2720310434
1 3003461430
1 4165526266
1 590005703
1 613627158
1 528877866
1 405029494
1 1723382074
1 371302949
1 3297584193
1 4150321678
1 3910217653
1 3538405641
1 2368693880
1 4223650611
1 7297957
2
1 3139572341
1 2247815826
1 24118899
1 3663152692
1 1588195819
1 1430199109
1 4092844227
1 1557590700
1 1779169255
1 1690661653
1 975710918
1 3235650998
1 3886759925
1 3585821666
2
3
1 3883453486
1 3124933205
1 941474094
1 883586364
1 2085425142
1 3747455860
1 4121682509
1 1627742444
3
1 1477888997
1 567767578
1 2136569340
1 3368858275
1 204995480
1 3119790996
1 2243136397
1 2693583207
1 1008800236
1 4035574619
1 996439721
1 3750769509
1 1140023618
1 3756484203
1 3601060270
1 1298243824
1 2676586173
1 2982308316
1 2559284089
1 222684369
1 3939356986
1 4100566166
1 3182960914
1 1515000891
1 1168622104
1 523759962
1 2990953506
1 1098548485
1 1920566246
1 2376307226
1 3561593683
1 1027320968
1 2363816555
1 1071779593
1 537507150
1 2882244833
2
1 1185284833
2
1 1420698929
1 4135078017
1 1597519920
1 1993848467
1 2350370809
1 1832417029
1 4042834265
1 1082696353
1 3309370543
1 1695060088
2
1 1102956481
1 3530016281
1 2499999510
3
1 3570801374
1 1228803968
1 1255128650
1 289895948
1 2803412979
1 4044599767
1 795742037
1 2468872621
1 3916044527
1 4056409572
1 1656534065
1 3510531513
2
1 2292831059
1 3515045795
1 932659790
1 582496729
1 1794576340
1 2499649582
1 3542868765
1 1185932479
1 2584781988
1 148569502
1 2019501715
1 3783841510
1 3115513811
1 2341828621
1 3684283681
1 2494230204
1 3798632347
1 3702591752
1 1113437765
1 4157512038
1 2762515916
1 1953927792
1 2576517971
1 3111494709
1 294358543
1 610666981
1 1205593917
1 4048990342
1 472247953
2
1 2388349970
1 4188426967
1 2187719385
1 3075465114
1 4259757967
1 4011018826
1 558435377
1 2347570615
1 2552313116
1 1050285730
2
1 3505784396
1 1542954054
1 2199749200
1 3951555432
1 1647031659
1 4265712287
1 3724409282
1 2391152800
1 4010757587
1 3108062443
1 861716491
1 3336747161
2
1 1163773986
1 3751558152
1 497364440
1 3950462453
1 3129075915
1 1960352823
1 2134323056
1 1677982945
1 1070826814
1 52565524
1 1994150013
1 1929578478
1 3643883684
1 766033918
1 2759950147
1 1942097685
1 721250294
1 2916981329
2
1 227228747
1 3641847811
1 2263483148
1 983817877
2
1 427648577
1 428944594
1 569924407
1 638329750
1 3286156780
1 613281761
1 1445053891
2
2
1 1274926080
1 2617628897
1 1576902158
1 379919738
1 407979095
1 1072645700
1 564879187
1 4104997691
1 3397041536
1 3427302404
1 884871975
1 2336678769
1 3050684462
1 1476886145
1 3460081428
1 2538665560
1 2180542604
1 297507952
1 3585172868
1 9726592
1 3947191751
2
1 3496980595
1 1889454473
1 3440452888
1 1942996796
1 2122304789
1 1576609043
1 1760432731
1 1355279147
1 3682455462
1 483952400
1 3466713260
1 1560052474
1 3179882076
1 2897782226
1 2514908760
1 766563764
1 150221618
1 81591916
1 2103972490
1 1758169955
1 3116528958
2
1 1089231324
2
1 3533279540
1 3002010394
1 1226732522
2
1 2602874085
1 2323191868
1 2896854591
1 1468908147
1 3556562976
1 3543468317
1 3007078482
1 2864013106
1 2897675417
1 1921033496
1 3536236929
1 3066505951
1 1284434452
1 3989498040
1 1137092645
2
1 2687186111
1 3246873827
1 3234301372
1 1987950193
1 112464952
1 2381730130
1 3439235031
1 2008031891
1 3013341753
1 2068914264
1 2916910679
1 1991372714
1 674384108
1 1828120283
1 479033852
1 3615792431
1 2900887674
1 2457253540
1 2464411669
1 3201173628
1 1439490827
1 3316078698
1 741159850
1 84938925
1 3908234130
1 535202065
1 2379326863
1 2924621831
1 1468435670
1 3288230949
1 2428773400
1 3547775632
1 3901622260
1 715423039
1 4022994026
1 1675035388
1 3613567421
1 927201174
1 4098184692
1 1921295134
1 3760343003
1 2173147257
1 2089233350
1 1002470715
1 2779913
1 2852892787
1 2771511429
2
1 3151927139
1 2628421757
1 2003144674
1 4271379873
1 1980693389
1 3192433557
1 1200905422
1 2246831673
2
1 3251400072
1 1561711552
1 2650616451
1 2526994864
1 3619364041
1 3581704382
1 2582062235
1 3682810879
1 3670137622
1 3407988728
1 3723252626
1 2740858520
1 3227939330
1 1289078876
1 4209297035
1 3955592067
1 1008325261
1 482884270
1 3433088816
1 1961910231
1 191277511
1 3272405092
1 2023851413
1 146833272
1 2851732754
1 3508549820
1 1250106797
1 3634916950
1 326123366
1 4057523320
1 1106810068
1 2974551000
1 3378321014
1 3409816623
1 2354913541
1 3452869837
1 1298017572
1 2898533455
1 1722608330
1 3099567021
1 41908476
1 3491425219
1 2271468359
1 3824873378
1 2743791896
1 3759826841
1 1855165037
1 1559866501
1 3167784516
1 1815324973
1 2909631721
1 4260513396
1 2496373160
1 3034965770
1 3476074085
1 577379226
1 2198755404
1 3699762637
1 3720794883
1 387533797
1 1397464182
1 2503631554
1 852729396
1 3992884130
1 3497201401
1 2620056716
1 242652485
1 1626114939
1 1252461602
1 3067407715
1 2506998939
1 3628582123
1 761162086
2
1 1273837820
1 1615424023
1 3225758543
1 3503875208
1 3042249228
1 2833420009
1 101486719
1 3967823653
1 2197688855
1 276830066
1 4116235864
3
1 3077743960
2
1 2230938457
1 2099584823
1 719193308
1 1645143486
1 4236586754
1 3479005692
1 3565455571
1 3440944101
1 2443747522
1 2727264707
1 3916486623
1 190438939
1 2058925984
1 3362385710
1 3191079132
1 258459670
1 2978339641
1 3277728881
1 115260163
1 592151363
1 3738161785
1 2915390518
1 2563036625
1 1798582161
1 469194108
1 1059157306
1 4250369001
1 595853375
1 2852736751
1 1597361167
1 3687401435
1 2173015323
1 570671980
1 1405341765
1 6294671
1 4085174579
1 1263719923
1 3234106799
1 2441709852
1 3939315429
1 3095191537
1 3886167389
1 3336052849
1 2384629194
1 2604038355
1 1962806535
1 308686580
1 2727549209
1 2077003641
1 636771152
1 1486590105
1 927026417
1 2045162395
1 773085888
1 3241479784
1 1710580370
1 2224874853
1 3822894328
1 404418518
1 2151495825
1 4085904310
1 148783587
1 213048099
1 4123042256
1 919814167
1 3747235625
1 4232466317
1 2756786340
1 1971694203
1 506156336
1 2226250800
1 3896637013
1 1106087495
1 3852099745
1 1790099626
1 143994641
1 1205814359
1 1679059317
1 1001405150
1 89592349
1 3956891192
1 1134499497
1 4068345575
1 41007990
1 3970387697
1 1585293942
1 1645926922
1 1051055969
1 249591105
1 3063739735
1 3833759849
1 1941997781
1 1564401216
1 2869219787
1 787891848
1 3130523272
1 165078789
1 3777700970
1 4238138908
1 1359880282
1 1280684557
1 2240719878
1 2058965930
1 1104918794
1 4000959579
1 2978077768
1 3672417731
1 88797769
1 1716405052
1 3260633336
1 1453676402
1 2820271606
1 390006305
1 2427868293
1 297997958
1 2957557378
1 951583102
1 318068104
1 1684127268
1 2950842763
1 1025806866
1 3442240226
1 1320600760
1 304366704
1 2539877507
1 94220705
1 1489634291
1 6986501
1 3591737134
1 2123374392
1 1078287924
1 3941881873
1 35512357
1 4285934941
1 2445640604
1 969357775
1 3642750557
1 2955393522
1 3983275249
1 197185720
1 2165306004
1 166341689
1 3428050348
1 3540297312
1 784856859
1 2109825560
1 3901947487
1 4031270139
1 591619496
1 321182243
3
1 3979967663
1 1267122445
1 3718446408
1 70566479
1 2829216160
1 2558438855
1 2339492386
1 1824961087
1 2089840759
1 3257590547
1 2736243860
1 1494957857
1 3855292725
1 3996624531
1 3416259178
1 3437706550
1 3265062255
1 520904657
1 1071066382
1 784884382
1 2798710665
1 3719671449
1 2928857417
1 1477962670
1 3154364612
1 3615426574
1 4083505522
1 1718440352
1 2421896858
1 4038542393
1 3878220281
1 2303141540
1 1522207989
1 355868364
1 4023115694
1 2229712616
1 666284401
1 3841390138
1 2627210562
1 300696422
1 3455983887
1 2254433082
1 3419831960
1 3147181063
1 3687618626
1 4119241486
1 3706407980
1 107570990
1 3756106325
1 403579148
1 1087295189
1 1765826893
1 2319738783
1 1881294550
1 3705865583
1 69401086
1 527549755
1 2008921335
1 162106709
1 2749851048
1 1902590009
1 1553638052
1 3931439090
1 829940111
1 990682138
1 2790540383
1 2525557272
1 1102180565
2
1 3334190662
1 2398791316
1 583805649
1 2662982928
1 2366413901
1 3463777720
1 1453815438
1 4265101908
1 874250467
1 3070176982
1 2527816550
1 1109585231
1 3320530538
1 1342071394
1 1058439199
1 360293958
1 1792535925
1 3548657102
1 2125216445
3
1 374286213
1 2065575250
1 62789693
1 787099572
1 3564717301
1 3856619021
1 547847091
1 1726205852
1 1763988135
1 1047593598
1 2676726314
1 29709340
1 150669811
1 1553901892
1 720732352
1 2539875751
1 2517261855
1 3988948820
1 239878510
2
1 2952309985
1 2896702236
1 3156769851
1 2964447583
1 3274909430
1 414309766
3
1 3570993838
2
1 1943611818
1 2689963322
1 2645855460
1 1119880134
1 947471645
1 858465391
1 3521717813
1 3776006304
1 2706594371
1 4088693151
1 937683036
1 1145232670
2
1 2670679572
1 2563717885
1 3424102992
1 2976036672
1 2633263641
1 217431073
1 4253785961
1 1555282839
1 1630080771
1 1071091570
1 735403648
1 3953131779
1 3459450575
1 640331139
1 3013805750
1 615742827
1 309860448
1 2389673672
1 2231172868
1 1616391691
1 3361318276
1 1050885351
1 565103730
1 591591715
1 3906255703
1 1320692499
1 204288300
1 2591697168
1 283867743
1 1806437055
1 3781442248
1 951216459
1 2799505305
1 723491727
1 1344415204
1 3138261400
2
1 1936261119
1 3139816669
1 2633416658
1 2601727230
1 3041548282
1 1411068693
1 530339834
1 1957922828
1 3969943540
1 1119320470
1 903338440
1 2644416690
1 1241833819
1 861448673
1 2926344149
1 1976781004
1 317105344
1 888108841
1 2663923084
1 1173045082
1 4079163286
1 1970130047
1 3090058161
1 4181869217
1 3960952324
1 2722859846
1 15051240
1 3813532102
1 1987604865
3
1 537450895
1 4279862887
1 1369044704
1 4019527928
1 1723535409
2
1 2206375438
1 3977853014
1 3614470758
1 669707164
1 3576310490
1 1200397036
1 1522075318
1 3835964259
1 4090007018
1 2589112046
1 2015530013
1 2927601547
1 3791333452
1 3893252573
1 509860072
1 474784378
1 1272980945
1 3542611069
1 3134329359
1 1066224291
1 123158711
1 3147262063
1 748887670
1 3334178309
1 3777381593
1 2436184847
1 185295375
1 2623130558
1 3471029507
1 1518837013
1 4044506950
1 4148274201
1 1309202823
3
1 2877519333
1 825148266
1 2089178444
1 2414738026
2
1 2148522197
1 2966838137
1 1144091917
1 1712882854
1 2037917913
1 4040827459
1 70468962
1 1685353139
1 3008445148
1 3930070202
1 665195249
1 2055675
1 2564488445
1 4271990091
1 41481112
1 1304103240
1 745397003
1 4214574664
1 2590765383
1 2618886751
1 3809322815
1 162284681
1 822818297
1 2586237296
1 1867639281
1 4019619127
1 2672808701
2
1 599221525
1 1372976840
1 1083560156
1 3493620935
1 1773834503
1 1027884763
1 3184571976
1 1648304012
1 2119515618
1 3540936335
1 3027659312
1 4057483574
1 3852991227
1 3641030119
1 1656851467
1 1376157563
1 3143974855
1 176798702
1 3996705239
1 1641747131
1 1239290793
1 974735740
1 1518101370
1 2686350053
1 1075284186
1 3938827767
1 3871189646
1 2722529126
1 284929717
1 2054899422
1 2117216985
1 1333971792
1 2251651905
1 2664550700
1 303930360
1 1207472890
1 3021244076
1 2028655268
1 3289339506
1 3730734772
1 2792141573
1 1952422231
1 3600601559
1 785380969
1 2801923920
1 2227340456
1 771555438
1 2790217026
1 1231336018
1 4188513261
1 1976006460
3
1 2381749511
1 769932227
1 3696271814
1 215706348
2
1 2255216081
1 3643379077
1 3540978671
1 1349713913
1 788200430
1 2228775461
1 2384387086
1 2725938685
1 2398761774
1 3562213402
1 2951646103
1 1553512745
1 3250285346
1 3610099755
1 1970592742
1 1186701285
2
1 2490109247
1 2311968530
3
1 1813336945
1 2581449502
1 663152565
1 3028902176
1 4082442438
1 1180813422
1 3330709429
1 892941
1 534016100
1 2903058340
1 3416429427
1 52155375
1 2619896332
1 3057422439
1 2695959518
1 336679888
1 25789049
1 2540400102
1 1537540552
1 3829397397
1 1040608197
1 2940788518
1 790441241
1 2664259707
1 3440802779
1 3133814478
1 2466641982
1 3680631179
1 4089717445
1 2150241063
1 2072557055
1 3517055623
1 3154944151
1 1198042735
1 1503115576
1 4274238334
1 1275709773
1 545942182
1 3701962009
1 3472769557
1 623814081
1 2997515193
1 1247502376
1 839733696
1 4219863494
1 2825184273
1 3224464944
1 2872150463
1 396944008
1 3162761071
1 249811671
1 3280532481
1 2766493427
1 1488753137
1 3791276949
1 56654495
1 3323745712
1 523614785
1 2023564144
1 1707451091
1 499235384
1 2947435319
2
1 3127631680
1 3405696613
1 4177050865
1 3240660649
1 1344422739
1 1934425716
1 2231200040
1 3586173286
1 121464180
1 2018788867
1 2739623249
1 1023054653
1 3472708818
1 10362127
1 2356961261
1 1151052493
1 2676495708
1 1957701711
1 534299329
3
1 255475188
1 3331512774
1 1904354722
1 3400731395
1 3833746652
1 2494687185
1 1734243742
1 4219625681
1 2463620570
1 1482917057
1 2448370069
1 2436248557
1 4032428072
1 2658058221
1 2447461125
1 2917572317
1 566280209
1 624425801
1 2159017104
1 2243616556
1 1055422883
1 1425518576
1 27659821
1 2545878128
1 316896434
1 3212545720
1 1168954630
1 366202765
1 1225290609
1 1960138642
1 772844073
1 1394634023
1 2912272740
1 1858244197
1 3043053577
1 2844726840
1 908194451
1 248110191
1 4099264782
1 3525559637
1 2133971833
1 3211652646
1 1567128114
1 1120974756
1 2579777697
1 4210819819
1 2319001970
1 1414711831
1 3717459488
1 3245873326
1 4185329774
1 1051724547
1 1724162399
1 2287123523
1 2949282637
1 1806964036
1 915830278
1 241097969
1 2245510561
1 957778695
1 2258630539
1 3291526296
1 1638009989
1 1786920972
1 4057681715
1 279633746
1 1809644466
1 1992513294
1 3289654640
1 798803049
1 3833672188
1 1582562528
1 2770903275
1 1399777342
1 224357251
1 1425202065
1 3950973975
1 2139518588
1 2339282032
1 696763355
1 3360969257
1 2949128254
1 2388287477
1 1205166835
1 905601441
1 4074473969
1 3392821899
1 1112807329
1 886408421
1 3695226862
1 1501658598
1 4109738389
1 3666075662
1 221849680
1 2945048923
1 3421888415
1 2483382867
1 1749059561
1 2095871481
1 496361246
1 1359759423
2
1 1909777839
1 1372451319
1 3104084407
1 2533816193
1 3919788788
1 3037695683
1 2029422911
1 1707572021
1 3185783733
1 710740857
1 1155896197
1 2806429484
1 1451496303
1 1207437188
1 3106094754
2
1 591268410
1 2696496289
1 783726946
1 272594323
1 3536010073
2
1 3015165151
1 36902095
1 3524492982
2
1 356104657
1 2272738433
1 2706615760
1 2514197367
1 2479798690
1 842139536
1 3567982896
1 721587254
1 984984033
1 779516351
1 797518576
1 1073722687
1 3455105590
1 3580533272
1 722628875
1 735176677
1 3523339270
1 2012533058
1 3895730919
1 4209136481
1 1787261855
1 1316296249
1 3887673091
1 935220657
1 336437048
2
1 2928813716
1 416868459
1 722414291
1 1349186443
1 231113571
1 92197818
1 593337136
1 3118122888
1 2114746943
1 4095681747
1 1734893047
1 2692897719
1 1921207707
1 1918023850
1 3631075231
1 2775718874
1 508392658
1 3342422126
1 960995803
2
1 2412183488
1 733313577
1 2277180873
1 3166724904
1 4181104241
1 3224471348
1 2327382018
1 2742296518
1 1241084268
1 1114132628
1 3750876395
1 1878606904
1 2023717036
1 2309832888
1 2016803272
1 2463973349
2
1 466273832
1 2940272141
1 4187451087
1 1409795889
1 1916023826
2
1 651103454
1 1442561610
1 23349927
1 791824182
1 2205118211
1 4180365996
1 2579510138
1 4086345366
1 2382890536
1 4271902439
1 266830937
1 4220128968
1 3221231571
1 3972205689
1 2789760573
1 1555136502
1 4076464300
1 4175667880
1 2941546830
2
1 34427601
1 3954806265
1 3533734020
1 2478247240
1 76701916
1 1190374452
1 597830807
1 346259103
1 2879068570
1 2044384321
1 3314389003
1 968008958
1 2297024178
1 1248086913
2
1 2301583732
1 780246503
1 171466241
1 2590994111
1 541124360
1 3892340335
1 3860837178
1 1585280527
1 380916081
1 4070103365
1 4137748958
1 3705497811
1 1007394014
1 4257103239
1 3287085167
1 2609757652
1 2967571740
1 3028976082
1 2603962515
1 3420377237
1 3028366611
1 152914132
1 420710557
1 3647817798
1 726185664
1 4052938294
1 270592283
1 2719228796
1 3749022434
1 1164680389
1 3821563043
2
1 2895119663
1 519595424
1 1381834387
1 3026748295
1 3600797862
2
1 3816242845
1 514386424
1 3387085708
1 2767199496
1 3034497199
1 1148257119
1 3029212796
1 4078870162
1 4046968036
1 2899350509
1 1176693095
1 339251695
1 3326032164
1 3643238213
1 85233877
1 31153310
1 1091053632
1 3960523081
1 2646781897
1 362959357
1 1431559606
3
1 3709858262
1 3929451627
1 2088607477
1 1570606394
1 1554677929
1 3659773006
1 3188480825
1 1749236811
1 2839636878
1 1245957521
1 1848704179
1 1009645089
1 328905232
1 704030121
1 3819235380
1 233632850
1 3027100006
1 3021193621
1 52505766
1 920152262
1 2644135394
1 1399152969
1 602215385
2
1 816336833
1 1116683615
1 1868795452
1 3978390455
3
1 3729670455
1 2760680534
1 2314871285
3
1 2822826046
1 1612924980
1 3920171972
1 518157721
1 1108434663
1 2468535259
1 207000984
1 95442594
1 4221363642
1 3105451778
1 2629531181
1 1623223066
2
1 1956346093
1 1928738161
1 227301876
1 2382704154
1 1524398084
1 3916564294
1 1668577011
1 2504851993
1 669713083
1 677004790
1 1942652435
1 1405591087
1 2823070644
1 3567068725
1 4265727655
2
1 3168949368
1 4189791161
1 2236295098
1 2233577053
1 4265452916
3
1 4159798676
1 557341858
1 1232098029
1 359834355
1 893745402
1 1383843182
2
1 1607747384
1 3545749303
1 914852174
1 1506997958
1 3370622468
2
1 1719467059
1 3803184157
1 724668639
1 3667288639
1 2031411297
1 2297627181
1 2344152617
1 288274064
1 255094056
1 1658984612
2
1 3614931672
1 3110963944
1 4010985399
1 907278407
1 2456688088
1 3461393278
1 758038872
1 2252788708
1 3800350570
2
1 628442314
1 3276626721
1 2021942074
1 2127644193
1 2003354561
1 4016264668
1 193176265
1 1429082353
1 3581505323
1 801649500
1 1946294737
1 4186701099
1 408822186
1 4289107090
1 264255525
1 2968373703
2
1 1853447642
1 1399286656
1 3448030610
1 1916613233
1 2331554599
1 1906632430
1 3243396129
3
1 1145503835
1 1238760572
3
1 938141875
1 2610700945
1 1656377608
1 1456598722
1 1466736107
1 662401571
1 3891090745
1 774229026
1 2561744427
2
2
1 412823152
1 4099155993
1 3627133265
1 4133345551
1 1420195172
1 3683744627
1 438443213
1 2682289923
1 3062725919
1 3896856734
1 1498695391
2
1 2415785440
1 1109732239
1 1087390115
1 4080757317
1 14315286
1 243430068
1 1910712937
1 3599584487
1 167799048
1 3344478313
1 1876816135
1 1535363041
1 2442646796
1 2355091170
1 1098920518
1 1374578653
1 1497107705
1 3417387314
1 3031884774
1 1926581865
1 2895864349
1 2339418950
1 1882714151
1 3250519065
1 459324330
1 3896960851
1 1252526506
1 1576193724
1 3751113673
1 1609256010
1 2696589666
1 376063677
1 1012652324
1 585756631
1 753864722
1 4275785954
1 2834520594
1 3197445094
1 4261526065
1 3669963832
1 2802361284
1 1094703241
1 2302633547
1 4102639894
1 3744582078
1 2044874345
1 1820807392
1 3106166632
1 2255965728
1 1768812500
1 2326404156
1 2704618816
1 3155659458
1 788686559
1 2884284629
1 1745141845
1 3537915191
1 1665212103
1 842982623
2
1 224756721
1 2499396202
1 1541375544
1 1333899748
1 1105963770
1 486073362
2
1 1946914711
1 2062662629
1 3729292313
1 505713547
1 2456439974
1 4279768758
1 647508689
1 3315213893
1 3571663152
1 651050245
1 4149723706
1 3998595124
1 4247643469
1 404977659
1 1576863613
1 1117718755
1 715204974
1 3193447218
1 2614479953
1 3849061140
1 1020384895
1 2380486871
1 2576016163
2
2
1 3821427247
1 541151570
1 1328838743
2
1 3180161435
1 1062175802
1 2509358700
1 3584851682
1 2150280514
1 2672712359
1 173510354
1 2239444534
1 906777884
1 1648401433
1 801464268
1 3922132424
1 1314704199
1 607334106
1 804857290
1 1638146527
1 1358750035
1 2019999839
1 1564061278
1 3373019313
1 2202872459
1 4043622852
1 2364245815
1 3703878771
1 234913200
1 2394447941
1 1971898019
1 1829138640
1 2529331899
1 2456913915
1 2064150338
1 477712087
1 1979068002
1 3890017564
1 3769547002
1 337195766
1 2660825507
1 975309650
1 4294434595
1 2608303294
1 215134925
1 4150669371
1 2070295771
1 881741328
1 3300821245
1 3387855465
1 2283153632
1 3434910245
1 2022505620
1 2143093863
1 750478097
2
1 3794257457
1 1194872705
1 1464221657
1 876415399
1 4253434041
1 3332982757
1 1250838381
1 2461192044
1 2898808968
1 3729917870
1 2642113318
1 1268586886
1 1977583013
1 2962739276
1 3997922387
1 2797855916
1 1853368957
1 132719922
1 1775392229
1 2659076087
1 1543774823
1 1911348903
1 1375904582
1 2279665828
1 2722208740
1 2913564528
1 3462026616
1 2978687950
1 911749334
1 1744697244
1 912045816
1 257713631
1 4033721433
1 615455175
1 3465898872
1 2147873212
1 1816472283
1 1179597609
1 2091791122
1 2465747456
1 3953696315
1 285602610
1 751441780
1 2802403588
1 1923820254
1 1748192729
1 3043774502
1 2837660612
1 1454704945
1 151900518
1 3264593798
1 3753034418
1 2531602524
1 3042662525
2
2
1 3173112580
1 1306583761
1 3262631635
1 2017640249
1 2557190565
1 4290663401
1 1338336933
1 3510330037
1 2264320434
1 3770655355
1 1616282956
1 2137106618
1 1932157645
1 93576600
1 1780030603
1 2202722700
1 756384064
1 3733330616
1 2913862650
1 3979634440
1 2726797832
1 2625174132
1 1882307460
1 458419503
1 3328146807
1 279556802
1 2960368059
1 1812766315
1 1526315658
1 3754920677
1 2908892996
1 1301095333
1 3100423302
1 308678653
1 1627501889
1 3039003060
1 1985716959
1 180043802
1 397563628
1 4020057391
1 39072949
1 1758467807
1 3557948340
2
1 1589314636
1 3084261000
1 747935489
1 1264418124
1 630773503
1 4011075345
1 1392539629
1 3555420501
1 999524219
1 2217294281
1 1034921133
1 3936708291
1 3656858246
1 2890733905
1 274911277
1 2700385536
1 3086032902
1 1862732719
1 2729339326
1 4005934677
1 895571285
1 2424819219
1 1318882127
1 1958480046
1 4002960936
1 2331733876
1 245000522
1 2432906697
1 2727345433
1 2071366855
1 3008933280
1 4144921966
1 4116415387
1 3460496167
1 3765066661
1 1313985222
1 652818461
1 549456763
1 1365202648
1 3678651932
1 2890112966
1 2966261677
1 2327534542
1 3124806714
1 611401584
1 2586169183
1 244449202
1 1849480138
1 879197874
1 337338675
1 2477586541
1 1707508381
1 1114386040
1 52110012
1 2002578785
1 514422503
1 3616404665
1 2060771944
1 2254320004
1 1542726161
1 2843883161
1 200244224
1 3260176178
1 3939117278
2
1 2692205372
1 3677654208
1 3940141822
1 1560436003
1 3589650908
1 2075482251
1 2465009372
1 175689224
1 3913688585
1 1760974357
1 3957091933
1 1504900239
1 1581469379
1 160499752
1 1145686888
1 2544095821
1 3660758894
1 877380933
1 394559814
1 3058848829
1 3976151370
1 2927300089
1 808636615
1 3988274306
1 346016313
1 3246653210
1 997332472
1 1623997503
1 290534195
1 3435411857
1 2353335874
1 4257887125
1 1356965965
1 3989678633
1 2920483813
1 2427892769
1 3439854592
1 2257424859
1 798403354
1 2503448987
1 446673475
1 3759965854
1 632361584
1 1996016870
1 819927004
1 1606249143
1 1014553416
1 307776044
1 1068320588
1 433920854
1 1819960828
1 2157482256
1 1682980510
1 1154066822
1 1140234530
1 3919966709
1 2424561750
1 1199057852
1 2729121615
1 28954699
1 1070661305
1 3546303034
1 580513986
1 4082433867
1 207118943
1 2544861491
1 4293833116
1 1138702666
2
1 1112025834
1 1147467642
1 3182931182
1 218008508
1 3295682389
1 377797634
1 116601930
1 3346367870
1 176241934
1 1383311152
1 201221830
1 3353225416
1 3768835520
1 884936352
1 4263273868
1 2770344139
1 2424208852
1 3570501017
1 1792745664
1 26463836
2
1 2610364310
1 4160014008
1 1440011222
1 2636748395
1 3644957495
1 2047674937
1 155164364
1 234218730
1 3686037865
1 2279502436
1 2317054480
1 730313949
1 1068430511
1 559477595
1 4127968342
1 1687939450
1 1694393695
1 2621074123
1 3401378276
1 332507920
1 1776150474
1 4236339030
1 4206233402
1 2548718581
2
1 1373753789
1 1949761284
1 3611186075
1 3257267375
1 3673770644
1 1891743151
1 2963672016
1 2281063230
1 4110698351
1 2721028496
1 2990020580
1 1760373840
1 1080297695
1 1664352008
1 337682247
1 1239925618
1 229667969
1 2984774731
1 3597990574
1 446304296
1 497148777
1 3287658793
1 1585441652
1 3658058287
1 3927293878
1 1171709821
1 1681087120
1 1248310064
1 1088673661
1 420520463
1 494319833
1 643146612
1 4119253009
1 1110060571
2
1 1902751068
1 2344785892
1 3160286587
1 2626162173
1 2940590780
1 1455777500
1 399533775
1 2821471602
1 3545158290
1 645903388
2
2
1 1333618815
1 2937343804
1 1966042403
1 914309243
1 3114840643
1 600483317
1 2089463527
1 3371410392
1 2552861703
1 1588563642
1 2167209077
1 1110171421
1 2654820572
1 1122670412
1 2095080893
1 1883079359
1 2642014457
1 2331603116
1 1385402057
1 831125996
1 229343827
1 2687967651
1 571640871
1 473969584
1 3823772497
1 2777539879
1 2172448949
1 1192787758
1 4240425035
1 508989095
1 259351018
1 2184954400
1 3427797954
1 3030235263
1 2528614550
1 3017565677
1 2240319304
1 2699698703
1 1558797661
2
1 2337308784
1 3452856867
1 1392699212
1 961923898
1 273456002
1 475712517
1 1169787664
1 1741609692
1 1844399512
1 2016638148
1 1399508406
1 850825352
1 4068937306
1 948045886
1 1236266722
1 1866089284
1 1293830903
1 965640670
1 1668144459
2
1 1331766992
1 568617091
1 2685692095
1 1779539966
1 3365762134
1 2556402861
1 1057575609
1 1486577747
1 3107629496
1 650333723
1 2176192649
1 292673357
1 4033026745
1 1258586416
1 3652914325
1 2188402021
1 2759400324
1 521953319
1 3229555282
1 3598257778
1 2794971274
1 441945821
1 530297353
1 2866263718
1 2481670111
1 2956064828
1 2999433346
1 2548032836
1 3812625724
1 2541325103
1 2529424173
1 4068847823
1 2268565146
1 424393476
1 3643874845
2
1 2445567111
1 3549239500
1 4061498250
1 3004026253
1 1766094008
1 527698309
1 529479025
1 1000197870
1 2636612462
1 868364863
1 421874094
1 4177428162
2
1 3029933078
1 919620180
1 1784649687
1 3090375513
1 2695677669
1 3242068319
2
1 4202502826
1 3733939726
1 954488405
1 3059258859
1 2521719293
1 3572624940
1 1357851909
1 1210992941
1 104998340
1 4186074971
1 2231418335
1 2546617416
1 4258118922
1 2586353767
1 2512682194
1 554775754
3
1 3609573980
1 1689922596
1 2772913490
1 553696707
1 3594455035
1 463807023
1 2536600847
1 2371321732
1 3484994375
1 1181011642
2
1 2109296003
1 2638897528
1 3162462681
1 1743646326
1 3110995559
1 17366089
1 3308693500
1 3336152362
1 1706456946
1 4121022032
1 2076852130
1 281870465
1 1557977766
1 977058847
1 2901166313
1 1366930070
1 570607679
1 1902974449
1 1581967597
1 2976796229
1 1261486636
1 1466061007
1 1746933436
1 1194441536
1 2816169139
1 1324625105
1 1515732929
1 209458315
1 888762735
1 279981534
1 2454493376
1 1412628982
1 2816155666
1 2260932850
1 3676259448
1 2577177776
1 477406626
1 2614083212
1 2248261983
2
3
2
1 469354940
2
1 2227664523
1 1298424923
1 4202027881
1 3544941122
1 2619959074
1 1646355753
1 3401359473
1 1151464339
1 2689308968
1 788569094
1 1901721367
1 1159084828
1 3587733216
1 671700972
1 1929342926
1 3957186813
1 587682446
1 2733983469
1 3220948388
1 1462763824
1 1598011115
1 1110241328
1 1541730213
1 2550886723
1 2256848050
1 1003681370
1 1964841519
1 124688253
1 1207966724
1 1184772456
1 74836676
1 524049486
1 2276958979
1 1300482735
1 325211690
1 1233899006
1 3855949318
1 569544796
1 1796357320
1 3648722233
1 2093833992
1 3450054190
1 3076769485
1 3468578661
1 4018690776
1 569172351
1 3324465979
2
1 2795114925
1 2453504674
1 3740428918
1 2547099915
1 831576204
1 1204428179
1 2421282622
1 1420903194
1 979699393
1 3884163634
1 154198340
1 3435511454
1 1980333892
1 1800279520
1 2986164369
1 543662966
1 3334607914
1 3669793240
1 3683778521
1 2270682142
1 1661727508
1 3014373749
1 2938671556
1 4285239157
1 2217375415
1 2368810640
1 2146211522
1 2121546278
1 2745286246
1 3913953605
1 1531163847
1 974253881
1 4127820355
1 1515724044
1 4201015195
1 3868120277
1 3839198450
1 2247716652
1 759004723
1 13328474
1 2931182767
1 1271635297
1 815803498
1 4144106744
1 2030139987
1 218667305
1 2540126795
1 2604039272
1 2175898864
1 76068205
1 753045720
1 3309558748
1 1387622151
1 3001656635
1 3331131252
1 2815308290
1 1484901376
1 1050324062
1 997710468
1 3192433857
1 1234925200
1 3272871891
1 2983085905
1 3642395180
1 3983529744
1 2174321409
1 597959707
1 3089084171
1 3348101875
1 3794079143
1 1751978
1 3155057318
1 3657187524
1 1489177356
1 2281669326
1 3368405435
1 4081216458
1 702601851
1 3100583757
1 376400924
1 2284219519
1 4090250739
1 3299068163
1 1481977930
1 788872373
1 926098392
1 1994745312
1 991069829
1 296379099
1 2483785552
1 3218112015
1 335749271
2
1 2654704035
1 4230146717
1 1036402043
1 3888449237
1 2947630445
1 4170887793
1 650765724
1 2688192563
1 462934366
1 1881831325
1 968895206
1 1614533887
1 2222823063
1 775708845
1 1561567546
1 3918845857
1 1161529365
1 1420187178
1 202664521
1 3269589973
1 1075439349
1 925418142
1 328386001
2
1 3332661756
1 2614097714
1 3950792647
1 2029262092
1 810406162
1 2378465836
1 3483648986
1 1440218737
1 2372993910
1 3244634213
1 171508584
1 1362461788
1 854290331
1 2279039317
1 1056675294
1 3923276538
1 3848333626
1 3227529159
2
1 929109131
1 2980423510
1 95113073
2
1 1533836027
3
1 2962214695
1 1014878814
1 1647961153
1 3104771400
1 3530218196
1 3310783120
2
1 862720541
1 1352910341
1 1611451472
1 1944381565
1 3484828581
1 3326682951
1 1386250476
1 653108337
1 233611330
1 3527603042
1 3777565302
1 2866000716
1 1220051346
1 3038987536
1 4173652705
1 1183545396
1 239897844
1 3333232459
1 3193241820
3
1 1282419870
1 189952111
1 1082290363
1 3667828416
1 2614133019
1 1780581788
1 2067581592
1 2121587833
1 3010897861
2
1 102638679
1 3511520678
1 1100837712
1 3464295044
1 1338269683
1 1587257561
1 2855685566
1 2988449605
1 2157962474
1 3888430569
1 2189332797
1 883442574
1 4039738341
1 347261256
1 1693408554
1 4189335080
1 2545851217
1 13258395
1 367200808
1 3072098665
1 747025079
1 3691564561
1 4160897289
1 3687528458
1 4243916562
1 7940364
1 176298978
1 3254334046
1 3135861017
1 341545673
1 1086457577
1 2584800807
1 1383571088
1 858142947
1 2139820866
1 3754255219
1 3045025612
1 427538385
1 1482136697
1 2254327364
1 3786156051
1 1263798016
1 2781965431
1 1199843999
1 3429779765
2
1 1820096077
1 846679445
1 3827859548
1 1056424811
1 469913511
1 923026210
1 261911043
2
1 3347387877
1 118466084
1 1977793556
1 3650023345
1 3633074766
1 2776183222
1 3375719835
1 1126267162
1 4057440552
1 2119773551
1 3449921064
1 3381700905
1 2585810752
1 1722561307
1 339229830
1 3810060655
1 3374382965
1 2965076310
1 57740887
1 1596807083
1 2529930488
1 2896903776
1 4130403250
1 3492580338
1 3359670738
1 4040964241
1 1885057236
1 1500957569
1 687840200
1 2169812931
1 4039931347
1 1620235653
1 3672924843
1 2167953236
1 460842505
1 2836797312
1 1566599302
1 3825939762
1 4186839354
1 1578639723
1 1276907255
1 776870288
1 2083602136
1 381001178
1 3054003534
1 924159796
1 1488309787
1 2483449097
1 2049338938
1 1110900203
1 4033790451
1 2818350915
1 3604503198
1 1605648111
1 2680229035
1 3348532985
1 2833805311
1 1805936379
1 1655365187
1 64703563
1 857897608
1 1773826884
1 118235766
1 3353202525
1 2227069779
1 1910559287
1 772619519
3
1 3314287386
1 1528039961
1 908269958
1 1428081776
1 4103041011
1 91952127
1 3656021590
1 1666756765
1 1983335010
1 2618851190
1 692116066
1 848392811
1 872009169
1 3018064858
1 1210673837
1 3909609559
1 2685148422
1 2469777547
1 3714620920
1 99820124
1 4280605193
1 1865056661
1 3790882890
1 122173378
1 3574865819
1 3007357243
1 2402444803
1 4042215577
1 3758784284
1 1133819196
1 1251743918
2
1 3475282431
1 3325810031
1 1472888257
1 991945642
1 4013678385
1 2429599154
1 2897491905
1 1471667243
1 2360370508
1 87690552
1 2976806404
1 4070399527
1 2883373687
1 1262118684
1 1798846657
1 365510298
2
1 436707175
1 180462353
1 3223073479
1 2507567431
1 2025056104
1 2802291079
1 1291138488
1 2597410654
1 2593425811
1 2274358513
1 4091907408
2
1 3171227190
1 491351673
1 958740883
1 1711712683
1 1234144975
1 3799912859
1 511503959
1 1482801342
1 3928584304
3
3
1 3755828264
1 1640024705
1 4229480824
1 4172382143
1 1901650491
1 3956935851
1 913389246
1 1976001120
1 1046218430
1 4210668262
1 2338252586
1 4032039439
1 2141239550
1 2750978938
1 2524452315
1 2114055606
1 3754737442
1 134437651
3
1 2768142919
1 1727212246
1 4245872322
1 1297633828
1 3274588290
1 2384849208
1 2249321177
1 1068087217
1 706912217
1 3490659653
1 791785955
2
1 2226858637
1 2255390847
1 2800695238
1 2966766655
1 853768905
1 2353616588
1 2308183631
1 2331576613
1 2050702934
1 1191894043
1 1941960483
1 759750636
1 3104273146
1 3750370064
1 3930641565
1 2406272643
1 502909666
1 4102548136
1 503899400
1 1661621757
1 3288683100
1 2595651617
1 2482715879
1 2077769739
1 2019749437
1 3947940138
1 994046785
1 1594994767
1 612392020
1 2637129350
1 1161253893
1 3200870
1 1361964797
1 1856473600
1 1564178890
1 2331502181
1 3407209491
1 3092273745
1 4022764111
1 3354780270
1 3073182362
1 2519305269
1 400535849
1 3437795310
1 1441065294
1 3050528380
1 3592345296
1 3934681322
1 1569547255
2
2
1 556335857
1 1658240570
1 3701961056
1 209352435
1 678274775
1 2682382811
1 3583899073
1 2121940749
1 1367220203
1 3824655517
1 94120308
1 2319193480
1 1804375301
1 3510399750
1 4099232705
1 1335867640
1 1099212362
1 2150082774
1 3489817499
2
1 2674799684
1 275404633
1 2191722714
1 3567892493
1 595548165
1 1234490447
1 2893081188
1 1942660106
1 2657878657
1 2039661061
1 1761723189
1 3896406899
1 100109666
1 705830929
1 46389355
1 1432721853
1 3471391878
1 2622974660
1 4059710843
1 201971197
1 4012331193
1 1185160093
1 2246658324
1 1108465716
1 1553810746
1 755252882
1 4275120792
1 3436075207
1 728126189
1 3907003945
1 2508313625
1 1550615238
1 3914042680
1 2318109935
1 4073815647
1 1122638368
1 1750460169
1 1517521193
1 487912332
1 2257211836
1 3556017184
1 264642312
1 4068324022
1 3917938842
1 2219090315
1 1150121363
2
1 3249055199
1 517757386
1 4211782805
1 524143015
1 2467672117
1 253411483
1 458345640
1 1542047586
1 503389009
1 3118052111
1 3385667608
1 43367885
1 3665364543
2
1 4101833372
1 627921877
1 4151631982
1 245711682
1 2057360681
1 3703088951
1 3879270704
1 1569117307
1 257151556
1 391161347
2
1 3798580083
1 1097982487
1 2027133296
1 2824324007
1 2896614745
1 2467696317
1 239177450
1 3059477336
1 1621963224
1 2823559644
1 817624816
1 2189778724
1 2990288190
1 1629010708
1 3346692784
1 297144995
1 3652468965
1 3243733031
1 21832506
1 879583921
1 3574186459
1 1014783949
1 2198212108
1 2071599445
1 2991837840
1 762719910
1 432248024
1 4039909183
1 70653323
1 3436339784
1 2682106924
1 1426749582
2
1 3293349821
1 1946208256
1 155914102
1 3003618917
3
1 994694080
1 3869417968
1 389578014
1 869666728
1 1355174733
1 240937530
1 3025851243
1 1226147074
1 957269842
1 2214474500
1 1630174410
1 2016573053
1 3668794223
1 1179375001
1 3772078363
1 3107725338
1 248332717
1 1066270367
2
1 1223907594
1 2297555510
1 1397520697
1 1866198200
1 3083308914
1 3960116442
1 1156158668
3
1 4177778692
1 1628330330
1 3820145275
1 3948411934
1 1227471173
1 1057695961
1 857176623
1 3383204782
1 1495911270
1 3113536998
1 3649345541
1 3669984921
1 3555021045
1 2670547302
1 2066931287
1 1237158921
1 278253740
1 3603340359
1 684303844
1 843029702
1 2088148330
1 3600777956
1 871480701
1 3893711911
1 1500098788
1 3303337838
1 1655267834
1 1697013461
1 2673431841
1 3036934773
1 395163023
1 1480068638
1 3039242358
1 1652538089
1 2121138787
1 3685474746
1 3045610482
1 2285932969
1 2252105035
1 2727608331
1 437721441
1 2860097524
1 3018114914
1 2501868074
1 2161825813
1 312070553
2
1 3047497808
1 1569225448
1 1470103923
1 687129814
1 3580684501
1 3719732069
1 440454553
1 660232962
1 2985579010
1 112999822
1 1194895748
3
1 905643037
1 1882350614
1 4050949612
1 1849347033
1 1586482385
1 2856680310
2
1 4142961295
1 4275947955
1 2720555504
1 251884386
1 1707582873
2
1 4145096625
1 468073390
1 1970990480
3
1 2992556374
1 3003488239
1 2630242916
1 1017880735
1 1704929244
1 4089201824
1 2302159962
1 3680718446
1 370915262
1 3662850233
1 2987450524
1 1580686667
1 473902789
1 635811591
1 2779198952
1 3954884312
1 1465463879
2
1 906006714
1 2182811974
1 3896437052
1 413866395
1 181762530
1 2925409478
1 202516255
1 4162879968
1 3149286091
2
1 2105410791
1 898575533
1 2251777843
1 2125682032
1 2984172138
1 3497232146
1 2520297428
1 3169257655
1 2238749156
1 304586887
1 3830372276
1 2473178254
1 2778650676
1 721854441
1 374463570
1 872140640
1 3633210354
1 77170166
1 2416171961
1 711923859
1 903386404
1 627322256
1 484273992
1 1978218097
1 221077496
1 454226935
1 4199868709
1 290025107
1 1476215107
1 4245173643
2
1 2194627349
1 2065957684
1 914446836
1 1644058111
1 2190243560
1 2674813872
1 825217630
1 2006117686
1 3946706103
1 1616270563
1 421898649
1 686164825
1 1795786000
1 3470796153
1 1217419634
1 418944856
1 3167732744
1 2530657559
1 506917258
1 2259040147
1 3039308695
1 2670344442
1 2013533880
1 322544701
1 1062275980
1 2736630633
1 1194827379
1 1784952089
1 3170354083
1 3965734103
1 3615170909
1 360644847
2
1 4007699303
1 4192652423
1 2670224970
1 1475103131
1 4099519991
3
1 4120671374
1 895308209
1 2989724073
2
1 2399702177
1 1410319994
1 1122331333
1 2295323328
1 2588263149
1 3546892275
1 2119522522
1 2332327637
1 1360734765
1 1586140560
1 530142342
1 3205577867
1 1748157332
1 3226683780
1 1712187133
1 1303896822
1 4169804670
1 2532522867
1 3664575869
1 1475577807
1 2689887744
1 4037537742
1 1055272923
1 2289355657
1 245334736
1 984224901
1 81448855
1 2753316832
1 1482655239
1 1500399642
1 524933450
1 1682497245
1 1385381213
1 3891053882
1 2567110226
1 2424825495
1 4162039096
1 3361103596
1 2000484457
1 2589983339
1 2612547118
1 3739218619
1 140774346
1 3190714560
1 4001964352
1 1380442394
1 674474008
1 2852433958
1 1502153524
1 2705139918
1 1554102916
1 1218204869
1 365669274
1 2284405904
1 251337995
1 2644556290
1 1897078790
1 541751431
1 2359043629
1 878322610
1 3725393003
1 182254979
1 317193411
1 2592276697
1 3668501153
1 2640202364
1 2241679898
1 3975930952
1 3443946961
1 1332453016
1 4245008492
1 2738862209
1 69916623
3
1 3369355438
1 2422067322
1 1244322729
1 3019855068
1 987550377
1 2537224431
1 518684310
1 976264494
1 193415110
1 1462484629
1 3893240246
1 3933846288
1 4213598063
1 2146888038
1 326354940
1 2792213866
1 2737667616
1 537468111
1 3845784874
1 2292437283
3
1 256280897
1 3537998602
1 1097831709
1 4265750888
1 197604315
1 787807461
1 1703023
1 1892440590
1 722911455
1 629269774
1 1790994950
1 132706683
1 2325342723
1 3488566073
1 2809490427
1 598396965
1 269405896
1 486078121
1 3728148222
1 2118352385
1 3727572491
1 2476316802
1 3523650919
1 3722635250
2
1 3238851761
1 3881517092
2
1 3537751530
1 3711230577
1 546706610
1 2168797750
1 292107534
1 3874862037
1 3932329336
1 229811364
1 578717066
1 3386543992
1 3671299309
1 1783538381
1 2644065714
1 44391544
1 2459915480
1 432986755
1 3093465175
1 3536503825
2
1 3197608299
1 26454951
1 4031891707
1 2820530821
1 2809389898
1 1868962438
1 321760369
1 2594923711
1 1088161844
1 456953075
1 1221641196
1 4167534075
1 2302921335
1 1139348678
1 227112890
1 2731925783
1 2712889458
1 2291036577
1 1559197990
1 2406256676
1 2502825573
1 3334617715
1 3681107689
1 661083884
1 1999365214
1 578156298
1 59418199
1 517843032
1 420850958
1 633294464
1 436395868
1 1107323011
1 2796417731
1 1240495790
1 965364986
1 4116341467
1 1483596980
1 3349909820
1 3471794414
1 655603624
1 3586722235
1 3569913042
2
1 3865864103
1 3995539153
1 742334740
1 2212858554
1 3155550449
1 3069100588
1 2460544742
1 2557659611
1 4135177721
1 2587676691
1 351195716
2
1 2060608808
3
1 1847684621
1 2589667277
1 3791893523
1 1252543170
1 3529948023
1 1955404359
1 2447077934
1 769250685
1 58957844
1 2593141405
1 3729502730
1 3657523897
1 1462495845
3
1 1394854665
1 728223135
1 2775532351
1 707626865
1 215048100
1 14169798
1 2746922715
1 3965787527
1 3159410491
1 2164094913
1 4032540685
1 1709559786
1 2180407000
1 1397704427
1 4144267946
3
1 749113758
1 2747469388
1 391473976
1 3094294123
1 3851376323
1 742837609
1 4213879836
1 1085170311
1 1623348672
1 1731171742
1 527517242
2
1 4007237253
1 2326676743
1 3951012125
1 4224733670
1 4244694208
1 1240128436
1 84305097
1 3336265953
1 4201582750
1 1632935802
1 3622468373
1 1391875464
1 1492186393
1 1148343632
1 3988669052
1 2624122186
1 498227077
1 1950991794
1 2716427866
1 2490871374
1 3286292798
1 1699052437
1 1238308415
1 2000289477
1 3034027664
1 2526653807
1 1585070856
1 3645330548
1 3439882279
1 1598627061
1 4223828440
1 397208690
1 761715304
1 3147633038
1 2291519283
1 4026819606
1 2928202722
1 2458813954
1 4122540583
1 2149707276
1 459351027
1 1965306225
1 4120239588
1 255955906
1 2539992020
1 2344707161
1 1270304159
1 309227991
1 226345231
1 2830666556
1 3700010729
1 590415217
1 183631683
1 323749305
1 2424582762
1 114274578
1 1753472425
1 4097788603
1 146430868
1 4116132382
1 4024745837
1 2007936412
1 3536245709
1 882251805
1 3693104329
1 758706611
1 1132025409
1 743727266
1 1797953196
1 3901401423
2
1 2379783135
1 2411243699
1 884183000
2
2
1 2679694561
1 3145303209
1 4256225700
1 1459899220
1 2382027494
1 2277589018
1 3401278087
1 274037318
1 2586479414
1 4158035544
1 1270903542
1 3274684433
1 2895479711
1 3893142333
1 4127887294
1 2817953292
1 2909755526
1 2039991523
1 3872560420
1 3196423274
1 527077977
1 838413015
1 428166097
1 1928589664
1 2450438833
1 1512622160
1 943594880
1 233788008
1 3228523451
1 3917950921
1 680230463
1 2133173271
1 1397323270
1 531038585
1 1156491322
1 1444674820
1 217186737
1 4257777064
1 847265618
1 4039136724
1 351148798
1 3524545387
1 3479802570
1 2887259337
1 1009929088
1 2930007431
1 555569992
2
1 2746963256
1 1159432513
1 2479349446
1 2168381596
1 1681240383
1 297887111
1 1311462887
1 165725509
1 647620880
1 1711835946
1 4097980212
1 3273228015
1 1631948496
1 42548797
1 1759966292
2
1 2141167906
1 288906511
1 484820522
1 3544315509
2
1 2365561273
1 1731289543
1 955561922
1 1355809994
1 2489514401
1 1504693999
1 4136431615
1 132957595
1 4011099042
1 3162053555
1 3893206356
1 1072527690
1 489680575
1 2296364527
1 991921735
1 857362001
1 2208854635
1 4209962202
1 1297501281
1 3376332993
1 3880239479
1 1249768247
1 1698370962
1 3834799075
1 350442262
1 4106885586
1 3023771307
1 1553775232
1 2488139937
1 3918508310
2
1 1591927016
1 4258109810
1 2867529589
1 3062864096
2
1 2010213033
1 486483518
1 4260571370
1 1984416392
1 2972862407
1 4279532146
1 1032739870
1 2105993663
1 2734089239
2
1 605416913
1 3019403748
1 1770313725
1 489158768
1 3280272593
1 377342885
1 4860582
1 1307090693
1 2713099913
1 2811855260
1 1078835290
1 909395788
1 3795278379
2
1 1225370642
1 2989204715
1 3960962107
2
1 3741217211
1 2877967477
1 2844637807
1 2222224334
1 987408388
1 4251690693
1 3496460731
1 1871536032
1 3200632110
1 1013480432
1 931829018
2
1 3415802652
1 1160963379
1 1613184902
1 3909153025
1 3077914834
1 2924451202
1 3189621372
1 1838543636
1 2876189742
1 1906146797
1 3923343884
1 84091285
1 186844158
1 1331487752
1 886046239
1 3200177737
1 3651077907
1 4124630444
2
1 3673450855
1 3912653923
1 1215690503
1 4212663205
1 3210922664
1 535817427
1 1614292107
1 3165024460
1 3424890497
1 2767997834
1 671048437
1 1006245895
1 3748611835
2
1 3676229984
1 3626463508
1 3186934816
1 1598203110
1 235844462
1 2559068714
1 2383877313
1 3894272758
1 490432516
1 3673348138
1 2600057177
1 1587131896
1 1302143550
1 3554920540
1 336268427
1 993837096
1 4086475448
1 1305996622
1 848698994
1 3979531923
1 445275445
1 1656779025
1 1192573284
1 149157438
1 2491091325
1 1991275520
1 321976080
1 1640661531
2
1 2169911469
3
1 3281169841
1 3122020110
1 2719508771
1 3350882148
1 660969609
1 4246055669
1 665128288
1 3361590727
1 1718955711
1 3261216116
1 387547348
1 828429498
1 2226613415
1 1556070943
1 1030949838
1 1866187932
1 2264284842
1 1171597412
1 3870252363
1 1619577918
1 3892367355
1 3977222839
1 3734492938
1 4231241790
1 709387290
1 3821531935
1 4264926965
1 1135703312
1 2648999282
1 4050208041
1 350431659
1 2945378399
1 1023413817
1 3089869268
1 3980871115
1 3314852642
1 699783369
1 169986612
1 53975180
1 1379328866
1 1584580320
1 4229129132
1 2422882602
1 1886609495
1 1926272453
1 2041449382
1 437780293
1 3141175717
1 1000258015
1 1100788748
1 1243658508
1 104452678
1 3686441801
1 800843170
1 3715448249
1 229757659
1 3114896467
1 460096290
1 1940767784
1 2319250703
1 4065348983
1 3435499012
1 1334900383
1 851284655
1 3318014864
1 611717555
1 780659193
1 2107367388
1 3657129038
1 2810099579
1 3748632981
1 472606675
2
1 2256964798
1 225738743
1 3641554514
1 3642880436
1 2531825930
1 2166949303
1 72666243
1 2303651684
3
1 2877920873
1 2006314490
1 4014461014
1 3332282391
1 3743443398
2
1 4097541281
1 873395418
1 853814499
1 472009923
2
1 4179410716
1 1763230967
1 3811036851
1 3184222152
1 800156998
1 729774026
1 2455029985
1 4162700898
1 2264208888
1 3418417917
1 3412552000
1 3798445605
1 2926726832
1 3040946955
1 964949817
1 732623017
1 835403613
1 3595388970
1 1685698399
1 3510824182
1 3130527780
1 780391112
1 4042797405
1 1377549912
1 4107469724
1 3993355222
1 3934748327
1 168086182
1 3020464461
1 3504377672
1 230060069
1 2841803943
1 2279432293
1 3625759266
1 4103627809
1 2720955677
1 1182090248
1 3343030797
1 3225429141
1 420883330
1 997671675
1 1373608209
1 3776494140
1 3360084903
1 3096025055
1 2239573656
1 1585309670
1 2477286140
1 2087997000
1 1390917192
1 662167740
1 561725093
1 1851524069
1 186559546
1 2383713584
1 1763628080
1 3385098188
1 698869235
1 2572198600
1 445996112
1 3248157175
1 2970367693
1 3225680390
1 2061096167
1 3545398290
3
1 3762127535
1 4161322957
1 3273621469
1 158375806
1 3864081749
1 720242387
1 1767782955
1 1332369547
1 2909873500
1 1097233039
1 439380397
1 2203162850
1 3724749329
1 3454556762
2
1 657554365
1 4150767677
1 3116880800
1 265908944
1 1860385995
1 3884406487
1 171430659
1 3303189549
1 979947255
1 74054366
1 637089368
1 3227920021
1 3277869744
1 3901697750
1 1627358704
1 2873844596
1 2485656613
1 1982540953
1 2944398265
1 2136252997
1 1583268666
1 2723772110
1 474143691
1 3169555191
1 2434535497
3
1 2702309977
1 3294587218
1 1301441844
1 3617202274
1 2055013387
1 3285185186
1 1919609828
1 3518504550
1 372035663
1 2778138039
1 172855487
1 3399117519
1 701225588
1 2828658120
1 3181919120
3
1 303695662
1 1145013520
1 3945980095
1 3875894410
1 3628737393
1 2759617400
2
1 58112671
1 464657609
1 3264158261
1 3038219256
2
2
1 1286146185
1 2109192904
1 2055216043
1 3683686307
1 3229440854
1 2849338861
1 675632979
1 4081400244
1 3270494036
1 2145062309
1 1477632216
1 980734205
1 38158310
1 3349170801
1 3053626279
1 826900442
1 3375667223
1 1152476139
1 4067284102
1 208674634
1 3922306465
1 2182948310
1 4268510167
1 3308834619
1 3608408719
1 3731028365
1 2658310599
1 3386354944
1 1709200972
1 1201726762
1 4046228908
1 3902293936
1 2453083633
1 926155760
1 3588172293
1 4167406024
1 2717378348
1 1300664174
1 3535788069
1 4087461989
1 1816738122
1 2888263572
1 2126315777
1 2072429673
1 2661538014
2
1 3059635670
1 1823061805
1 3000675695
1 2277922610
1 4122503820
1 414459173
1 4057796381
1 3928212743
1 1614343837
1 3334641820
2
2
1 1991377023
1 4115653832
1 1919411169
1 444209446
1 644026484
1 3783258807
1 1574558627
1 1470082808
1 3211967638
1 69204098
1 2198915024
1 1494283858
1 1379495038
1 1308261974
1 3753312729
1 722412474
1 2085521684
1 1828109936
1 2506473483
1 3916490076
1 788508662
1 687053775
1 146510904
1 1304034990
1 1259431652
1 2591683061
1 3812530286
1 2478983865
1 684357763
1 2881444150
3
2
1 1886333301
1 910346225
1 1801535600
1 3824751906
1 1509873530
1 1707204902
1 242521716
1 124188385
1 2884609430
1 4013116491
1 3651867048
1 1270294538
1 3015885951
1 1138580397
2
1 2024221441
1 2448756919
1 3083054383
1 2038500824
1 3386951707
1 3002952216
1 478201603
1 4108609153
1 2522350242
1 3799454242
1 154238107
1 1648338470
1 2064284439
3
1 626021097
1 2201424774
1 287817532
1 2712104432
1 4166231897
1 3395357820
1 2610142503
1 1263941967
1 3578766437
1 322767592
1 4071784517
1 4024427452
1 2058779668
1 3441405895
1 515634268
1 3559650158
1 3723130028
1 3841127283
1 1024047774
1 55849918
1 3927425451
1 2735136265
1 3799161024
1 2040221737
2
1 2180565099
1 3959479675
1 3375049076
1 1050506998
1 2156623015
1 1541367509
1 3354013582
1 168178187
1 2848959921
1 1362299993
1 3627231170
1 3534821581
1 3455183766
3
1 3981539607
1 3337273997
1 2527654730
1 2026878769
1 2864527806
1 2574020755
1 2393742213
1 1793020856
1 2134981720
3
1 304332235
1 2667118681
1 3645709565
1 3670804589
1 3625195991
1 3945721529
1 3090280126
1 3244920546
1 1505010477
1 1696322150
1 639958541
1 1587308336
1 1751040926
1 3708300892
1 142279028
2
1 2297820866
1 2116036428
1 4102769414
1 3622413368
1 2379474041
1 4261032056
1 355757590
1 1843193730
1 829774529
1 1453110165
1 2715620974
1 2740814701
1 3842168307
1 4177438590
1 1402016529
1 1512088187
1 59202714
1 1181799368
1 3563128575
1 3871429828
1 1019244038
1 586039954
1 3857434674
1 597554430
2
1 2035599350
1 388425389
1 2902385913
1 3253627032
1 924307963
1 3469877343
1 3906564237
1 4222183556
1 791603628
1 3826288061
1 1444159927
1 3842756229
1 4271395149
1 1898446971
1 1631315250
1 290565680
1 3634050865
1 3770380439
1 497033498
1 85645589
1 1205443344
1 39605107
1 3381365303
1 4124929027
1 3692422889
1 3446369541
1 626209763
1 256365551
1 1253536688
1 1604202054
1 2313748446
1 1373055162
1 1407002534
1 10340788
1 545821282
1 436170534
1 596888870
1 3532380554
1 805728799
1 2102928668
1 679123172
1 185616897
1 4155638004
1 3865260724
1 3723814665
1 1898051089
1 4152230154
1 2138499983
1 64235683
1 2991197649
1 1135182632
1 2668069541
1 2115048085
1 2710123316
1 972620999
1 293815910
1 530403960
1 1867046984
1 2921707414
1 1818881889
1 1780748584
1 504049191
1 64509697
1 1351715044
1 2968161391
1 488717402
1 2468015350
1 1471890120
1 2868002537
1 689526503
1 394847423
1 3312032127
1 3688585271
1 221597023
3
1 2391745213
1 2525140672
1 2447697147
1 3215954765
1 1382835192
1 3067614188
1 2398122279
1 778145704
1 2054671891
1 313939162
1 2185498461
1 2114679712
1 2465661271
1 2295770255
1 1179377679
1 323733523
1 2611902341
1 1421699667
1 2780545518
1 1567916078
1 843667461
1 677732630
1 2668995897
1 3156706864
1 4225261122
1 2086304514
1 2778455805
1 301743724
1 3954804120
1 2195523142
1 2568256895
1 3644012924
1 3679822079
1 2036739566
1 4127114361
1 3213174041
1 728177754
1 3307497747
1 1698717933
1 1001454369
1 2240054196
1 2466957786
2
1 337630495
1 315765255
1 4258886196
1 3006221014
1 3771300356
1 2674146838
3
1 1906277607
1 1952486111
1 1640489808
1 61426137
1 2024453119
1 2555773923
1 3536895339
1 2870601478
1 3171281560
1 2667370440
1 3371916997
1 1441356470
1 729548222
1 3937056251
1 4179376308
1 1355529765
1 1606511205
1 1854860378
1 3597779391
1 2426733754
1 2882148781
1 3496344743
1 2305249071
1 442947436
1 580270630
1 1708736826
1 3673839867
1 3958626674
1 1900089374
1 1691325467
1 299535619
1 3268819012
1 2526402604
1 3004037046
1 554927952
1 2626557089
1 3704452808
1 2789883969
1 4135651163
1 1267740344
1 701821302
1 3502028451
1 3514270437
1 276336639
1 3689162969
1 2068580039
1 3230165487
1 2474380266
1 2450240117
1 221800145
1 23690520
1 1903039023
1 1677826793
1 3767534523
1 3618717992
1 2993281391
1 2627783572
1 2834993823
1 3138216801
1 3877836197
1 7476902
1 2696807130
1 1308733007
1 1578613076
1 683682282
1 3879037167
1 1082296709
1 3939617441
1 3837058579
1 1701881665
1 1455247112
1 2081553814
1 3379936745
1 1898741959
1 3761268602
1 171790333
2
1 3962887035
1 3673638349
1 3318035265
1 2294770354
1 3866044092
1 3480998290
1 328779095
1 4127055031
1 1725874546
1 3738736743
1 2884391302
1 2576818130
1 1588862080
1 2668529837
1 3058054449
1 589883621
1 941063849
1 4063747639
1 1123654158
1 1852559929
1 1777332381
1 3016898421
1 3320130750
1 2425956007
2
1 1498715975
1 3725998641
1 2776287168
1 417422214
1 1318811614
1 2949995151
1 3111675959
1 537304843
1 4008962462
1 2536479700
1 3221676926
1 3632558178
1 524210527
1 3229620565
1 3079856837
2
1 873660237
1 2282411852
1 1614977896
1 441677254
1 1253753316
1 3858597555
1 1826803983
1 1267557710
1 3414529555
1 3054214974
1 1160845174
1 2058122450
1 2374073377
1 3715595163
1 2917196106
1 2133540900
1 2256307598
1 3143914504
1 1294100363
1 591871691
1 2668193016
1 2020777889
1 1993712072
1 1113462446
1 1748062659
1 2072178477
1 4193559288
1 3176424398
1 3163356380
1 1899620588
2
1 2176699057
3
1 84752100
1 2755776409
1 290135012
1 1140911915
1 3170810514
1 4163917939
1 3272851757
1 2136306976
1 210243641
1 4095359416
1 2585052925
1 996447965
1 2614918901
1 2711228522
1 2427786807
1 1915219808
2
1 1943664490
1 1388461906
1 1077406880
1 2615891082
1 1380919080
1 112131560
1 2406118014
1 4247142953
1 2330442521
1 2105365657
1 3544244937
1 3414495372
1 2128393525
1 3635318926
1 3508454715
2
1 2643890501
1 2235812464
1 3612848167
1 1183530971
1 4010305296
1 3801327959
1 2844579447
1 1179312332
1 239974106
1 2452107219
1 1766398965
1 3801313739
1 1338645644
1 983845396
1 3978164284
1 1446178011
1 2870767362
1 3970229281
1 2717218968
1 1612123167
1 1921095067
1 87761821
1 453162757
1 515535262
1 3343550505
1 2390827244
1 853218897
1 2500826993
2
1 735728956
1 1899955883
1 1145687092
1 1422141751
1 1202260984
1 2899845431
2
1 2296809276
1 1465212666
3
1 778563003
1 610789646
1 3604733613
1 1763407230
1 755565868
1 3507898264
1 2757289768
1 1947511606
1 730622100
1 1528685156
1 1842163981
1 2943696712
1 3693064029
1 1227558095
1 1841275662
1 3363380532
2
1 3806040883
1 1949174134
1 932295187
1 434084454
1 2077418118
1 2040367527
1 1243312456
1 583684016
1 2097936720
2
1 1272857270
1 282745774
1 1986685922
2
1 3905443022
1 407064678
1 4005096103
2
1 932585661
1 2943597706
1 3810327423
1 4024005221
1 1316191215
1 1871129903
1 3713458140
1 1476941324
1 4113999822
1 2900863118
1 572924712
2
1 1658842089
1 3057894670
1 1195751380
1 3761657794
1 892913752
1 2068102029
1 1900814294
1 1355520375
1 4108454091
1 2673008726
1 3140954106
1 2011227177
1 560517566
1 138513783
1 2952349028
1 1896888137
1 1312299957
2
1 1801166976
1 678482384
1 1670881340
1 2798216322
1 3559273315
1 580850443
1 1929588573
1 3963352136
1 3146740856
1 1685387807
1 4047009842
1 3869922399
1 1082865985
1 2512364616
1 2467402273
1 933221162
1 4283983570
1 2917236730
1 2283520487
1 2709508121
1 409404735
1 2329336959
1 4131080546
1 2044184755
1 2351913710
1 750609635
1 1706368356
1 726762833
1 2242567024
1 623583492
1 1185081766
1 1926820879
1 4164768513
1 1079146762
1 1697121031
2
1 1834720607
1 1248443133
1 419804628
1 2670767283
1 519446692
1 2919408025
1 1677299518
2
1 901363014
1 2657084607
1 1183187882
1 242878782
1 251351034
1 3464259346
1 3674242148
1 3559703452
1 1793717406
1 1348027255
1 2998602911
1 2480755935
1 1124592523
1 1796218449
1 3693179569
1 3955199728
1 3328106679
1 480079167
1 370807514
1 1008262206
1 4290470063
1 4056034675
1 3031608780
1 2523396615
1 3479945579
1 3792444512
1 1071108616
2
1 166143
1 2635874304
1 1031677856
1 1616806492
1 3889086098
1 1407429616
1 4279359989
1 465391296
1 2006468288
1 157179348
1 2913226767
1 1203105571
1 2320491710
1 3798531766
1 2895369514
1 3906163398
1 82461844
1 3498390506
1 1392356410
1 1092596288
1 2679966151
1 29625780
1 1923410086
1 287323473
1 645559369
1 2024923088
1 1394744028
1 466118985
2
1 4287754216
1 89396242
1 4209016297
2
1 2599145784
1 1099089809
1 1955445329
1 822088430
1 2598977550
1 1077251857
1 2828274516
1 1694331680
1 866712633
1 1178959993
1 4155192784
1 2676199118
1 2423109713
1 4217562644
1 3668344967
1 4271722725
1 697603646
1 2768872176
1 1444230884
1 2796815066
1 590904868
1 1679367267
1 652115300
1 2088497371
1 3767070949
1 1420309261
1 2971737650
1 3623923586
1 2476221691
2
1 1341721040
1 1944462737
1 606156838
1 2268532886
1 1104313242
1 3029324350
1 1453724623
1 1392391844
1 621535560
1 1806562999
1 958260712
1 758570571
1 544895981
1 1705598640
1 234811581
1 2122230291
1 2950645371
1 2825846574
1 2486104282
1 1917086786
1 3516590368
1 4146058528
1 2546156535
1 3096682844
1 1168057603
1 3840501763
1 1443134549
1 2796946831
1 1036899142
1 282616839
1 3663382052
1 3074219289
1 606642033
1 322232375
1 3101012516
1 215512791
1 1760535291
1 2233273526
1 3121694893
1 2346624079
1 1415078698
1 1870455072
1 2210913602
1 3796309548
1 865550518
1 2487656888
1 1650270662
2
1 1634998042
1 2017885719
1 3128568324
1 2745858907
1 3165321607
1 3156692603
1 2124239930
1 3398734120
1 4234340237
1 3987881055
1 4218384642
1 2364818162
1 1854271636
1 99277154
1 1325440863
1 2916421220
1 932610385
1 632772485
1 966683591
1 1001186371
1 2512966937
1 3545494528
1 4266346642
1 831322946
1 3704076608
1 164839734
1 1930706431
1 2138165489
1 525718612
1 2905870144
1 341565088
1 3823374871
1 3810965489
1 883109563
1 635399291
1 4132463435
1 3302374775
1 203739243
1 2472571268
1 2896237151
1 3049990811
1 4163419106
1 3778404576
1 549572670
1 726658462
1 1224437435
1 3227650154
1 4146155585
1 4188830081
1 825537173
1 1960944092
1 648590889
1 1894444728
1 3904117785
1 3869759231
1 2214765030
1 2466555930
1 334351364
1 2099812324
1 1324269859
2
1 2559850962
1 1239625690
1 3774148041
1 649722807
1 1873829466
1 3786358692
1 548631367
1 3635096045
1 2846062221
1 689037276
1 1131398816
1 90554798
1 1125889858
1 2318006745
1 1305939927
1 815658796
1 2488518200
1 4158944607
1 3265357747
1 217506642
1 2370815343
2
1 1497124877
1 3152088685
1 2909131535
1 2748518219
1 2010008512
2
1 1693347390
1 910795863
1 1866574697
1 3534850501
1 4090759283
1 2031659343
2
1 1913641598
1 481460079
1 1546301575
1 3364561532
1 4043181431
1 562930896
1 1626913454
1 316520279
1 2952136579
1 953096630
1 886502420
1 3033331814
1 2702804356
1 1783172989
1 1799970205
1 2417130837
1 2475839474
1 2133068077
1 4018065908
1 2770854619
1 2802866268
1 4259032332
1 3440080204
1 2699627281
1 957262443
1 3725589469
1 3303446124
1 2506010639
1 2251238718
1 3629364853
1 3978753005
1 731526475
1 240735507
1 1225890725
1 2143317036
1 1479238393
1 860741786
1 2359510724
1 2089903358
1 568639498
1 2653384087
1 742304577
1 326789274
1 705069988
1 4122311577
1 4239471940
1 2026493552
1 1896683032
1 1617234462
1 3149349500
1 827778513
1 3717843466
1 893121020
1 247129831
1 1014243976
1 2289377108
2
1 2417488309
1 3999212379
1 2118840726
1 2267141689
1 3563862766
2
1 1522427458
1 3263636028
1 3709214938
1 2563922677
1 2947172577
1 3433018371
1 2630814767
1 613352636
1 2413742137
1 1061109011
1 1461494733
1 150456764
1 3855099375
1 959221257
2
1 1085520498
1 3891526126
1 249267017
1 392147479
1 1902827472
1 3065414437
1 4142459431
1 3436440112
2
1 2034970306
1 4117858527
1 2765486054
1 2675629525
1 4049937992
1 2002040471
1 1347178934
1 2644479352
1 2726531331
1 3566234090
1 3220267442
1 60927368
1 2845774483
1 3232454547
1 866566841
1 1316405236
1 3091217496
1 80549812
1 3694667875
1 4149133835
1 1597832353
1 514494173
1 3825445862
1 3916983379
1 1139249064
2
1 1864630453
1 216575305
1 1575103122
2
1 2577184107
1 823443509
1 2609058798
1 2354685566
1 3938797771
1 4196790637
1 3295850227
1 4157168272
2
1 2220235367
1 2933801304
1 1408285119
1 3811057569
1 1518601565
1 1446700164
1 3973463379
1 1740563288
1 1258643385
1 4050325268
1 1940785215
1 1617264476
1 259900841
1 3471517246
1 187306278
1 39628710
1 3770069805
2
1 3736060184
1 2862666708
1 164250985
1 665540811
1 3650782799
1 3626854008
2
1 3024331189
1 1985396917
1 2661943814
1 1662399072
1 2534682113
1 575695113
2
2
1 2014770310
1 1467488415
2
1 2345409901
1 1812143423
1 415507249
1 1092718450
1 2814265412
1 3267605299
1 1714224146
1 3712662359
1 357123741
1 2432547465
1 2791082744
1 3155379829
1 3601455569
1 1801172767
1 650441492
1 3420207923
1 3627895180
1 1798376801
1 283562190
1 2850237468
1 1212833399
1 2985757083
3
1 3381456902
1 290423144
1 441300851
1 133988933
1 4252114401
1 419558057
1 244965999
1 4089681556
1 308600035
2
1 229864602
1 2364969642
1 1555789777
1 2009134133
1 364858276
1 2757315284
2
1 1940882714
1 998668497
1 1862437987
1 2919467528
1 1267745213
1 1528739256
1 4152466045
1 2177588308
1 584054824
1 4171439694
1 891053620
1 3093358597
1 3360215204
1 473960770
1 2714104114
1 977000231
1 2052600840
1 1263218066
1 3860757205
1 2786538456
1 1878570083
1 1573899505
1 3856715205
1 306490260
1 3059369722
1 2640419445
1 140123269
1 2196790819
1 705954705
1 2392653397
1 4094142861
1 2374513334
3
1 1188370598
1 1224056607
1 1118294285
1 2903910750
1 436346868
1 3802133885
1 3018020779
1 4088945572
1 3550877712
1 389154192
1 262576443
1 2019023849
1 529270978
1 3155957512
1 38252755
1 3883159059
2
1 4212823171
1 4228297925
1 402255686
1 18016217
1 2485501714
1 3448338904
1 1514379496
1 2425646408
1 886382249
1 1847366665
1 1292122009
1 10406892
1 757030934
2
1 956665178
1 4288230760
1 1143678703
1 441533399
1 2494141683
1 1137578085
1 1581548485
1 3438349857
3
1 1686638763
1 68030678
1 3729223904
1 1688951992
1 2810653103
1 50771774
1 906791577
1 3986336606
1 3969693749
1 2903916980
1 639027997
1 3521530729
2
1 391730387
1 3268710766
1 3171487807
1 2235480620
1 2494213064
1 1530821049
1 3538214136
1 477332502
1 3397818207
1 53707407
1 2776096831
1 4008465667
1 2985415849
1 1456379687
1 959676710
1 2470410615
1 1739950412
1 59853118
1 457347564
1 760398208
1 2289354357
1 3076561363
1 8664263
1 3886220152
1 44935362
1 1125409403
1 995977490
1 2734723558
1 2814246134
1 1527219409
1 4092342622
2
1 3833655065
1 882767343
1 3179497471
1 814978404
1 4022724024
1 2018497572
1 3275270085
1 803823812
1 1211575045
1 3309949609
1 373188645
1 138631526
1 2063633241
1 3868149413
1 56431106
1 3351559545
1 2840932697
1 2660448235
1 1219759294
1 3581440821
1 2840568213
1 2879571863
1 201527317
1 3486520823
1 627436738
1 3341183848
1 2822280077
1 1272148609
1 2374704381
1 3772509750
1 1028078935
1 366081228
1 3545483241
1 3549245921
1 947790029
1 3334873689
1 1100909047
1 1498121288
1 2660768664
1 2184254107
1 1068400500
1 3339551996
1 1394426846
1 2786522483
1 3213937380
1 927312900
1 2821026660
1 1682983897
2
1 866145141
1 148488011
1 4019807193
1 2486384985
1 3421802734
1 2710466465
1 2207835874
1 1549831544
1 155048951
1 619280048
1 2418183589
1 3688477086
1 1771120742
1 2387181328
1 1546771328
1 323159424
1 3711006399
1 1781973478
1 1272402898
2
1 3714852670
1 2590187260
2
1 2551826752
1 2455370313
1 3374316248
1 690047432
1 4224496436
1 3544530469
1 1751764369
1 3752567287
1 344769939
1 3272816320
1 623338118
1 849012359
1 1789047078
1 2469764214
1 1257292712
1 2984717750
1 2835119192
1 3192347696
1 212384901
1 861018057
1 4249051560
1 2841652873
1 2956115301
1 2749204428
1 3308716676
1 684401034
1 564939099
1 1012030967
1 2062654333
1 59221182
2
1 2230899140
1 348529418
1 2011332284
1 2350923752
1 4182787450
1 2429133911
1 412553374
2
1 1125176304
1 4256114015
1 2252425881
1 1996674705
1 928487888
1 2674291668
1 796211518
1 3876284404
1 2463201260
1 459980375
1 2558430091
1 2201570445
1 2322185769
1 1805572458
1 53354736
1 1544256927
1 2596345308
1 3553898577
1 4277916527
1 3555529243
1 2098186988
1 20503146
1 384105724
1 1340020026
1 3841282969
1 2335175311
1 528424777
1 105733185
1 1561622016
1 4033736063
1 3600318097
1 1957923796
1 495906932
1 593688206
1 2472740150
1 2723326601
1 1394052100
1 1388372643
1 4273593571
1 2725986202
1 1180566319
1 3814954497
1 2431758821
1 991303304
1 660443326
1 4164259624
1 637149416
1 4273400214
1 1624477408
1 547537475
1 3971854021
1 3280880563
1 1966795983
1 1051394544
1 1817569458
1 1857386037
1 2802464805
3
1 1410384454
1 2335762270
1 2582029233
1 3536152673
2
1 1943337934
1 3870358519
1 213220184
1 2993702978
1 3640628457
1 3086477427
1 3670890194
1 1930073461
1 377360843
1 2281506634
1 4266024833
2
1 4102386259
1 3462859120
2
1 1173272446
1 344367165
1 3202682306
1 2578306596
1 1468140433
1 2269434350
1 1171885904
1 2038406506
1 2616282534
1 1808216646
1 3215785173
1 3467236828
1 2218398777
1 1833533985
1 2624561650
1 1337581844
1 2279346872
1 948904616
1 209747525
1 1428164079
1 3706561165
1 3140945910
1 435683066
1 2456173422
1 2499637967
1 4124310518
1 2780963938
1 560242640
1 2932007053
1 3971747773
1 4010519373
1 2948718909
1 1721680503
1 2052645853
1 2480109665
1 2977737471
1 443504127
1 3488589304
1 2394129667
1 2594094340
1 3520491515
1 761425657
2
1 2683379643
1 3740281155
1 2814933091
1 388341600
1 2934539231
1 2846580888
1 3971007908
1 4236658138
1 4132582022
1 1273073896
1 3486986600
1 1881184238
1 171865590
1 1928770005
1 1607184708
1 425847552
1 2553330432
1 2941366738
1 662177346
1 1184011795
1 3225876222
1 1628855667
1 703628044
1 3162739060
1 4153601533
1 2559182629
1 399873540
1 376203899
1 2774169798
1 2763001445
1 2863417664
1 4137660946
1 981966978
1 20665100
1 2595410959
1 2310069796
1 3573692916
1 857834205
1 3969429476
1 3850879585
1 2291519244
1 451281696
1 1184646643
1 56757595
1 3816715531
1 1833539803
3
1 840203622
2
1 1776616367
1 3598828646
1 1019371014
1 100415232
1 597659909
1 2643539144
1 2294970311
1 1448617889
1 2813126532
1 123065638
1 2021447621
1 2208297359
1 3396112143
1 1249014915
1 2530039172
1 2931057959
1 4273466394
1 604681617
1 1385133586
1 755028929
1 2050115401
1 2728528986
1 3481701620
2
1 3516942966
1 98120940
1 4183396947
1 3467992505
1 2022607732
1 1092063170
1 3339951068
1 1721069747
2
1 4271583657
2
1 2717682104
1 384560515
1 2396328872
1 1295034029
1 4140133447
1 2881170504
1 2842706390
1 3123968394
1 2221833889
1 886107380
1 1002648489
1 1845696423
1 404199902
1 3532279249
1 219228975
1 1551841688
3
2
1 1470723365
1 2982307398
1 1269444837
1 4211378758
1 1871350532
1 380198045
1 170782031
1 2473703858
1 1035461562
1 3472812350
1 878717586
1 4100774186
1 2554018171
1 2309800529
1 3073888904
1 1386008511
1 3619869408
1 1536082073
1 3686385017
1 3732881253
1 191517883
1 1733615832
1 3369568969
1 4132970032
1 129339035
1 1086030459
1 576212360
1 1336385880
2
1 1645812497
1 1782243442
1 1796824912
1 3484330108
1 1645882096
1 2551071574
1 499893272
1 1671172214
1 2436465595
1 1799000173
1 1717789796
1 1583285686
1 1991881782
1 984796878
1 3021883791
1 2084283320
1 3962541290
1 2331684388
1 3011799677
1 369684993
2
1 1541435650
2
1 2671466119
1 774184570
1 3578407855
1 156151716
1 255823410
1 2320335570
1 1456982675
1 758702335
1 417210776
1 4265314275
1 1383459280
1 1960862826
1 2447743708
3
1 1452496073
1 228394155
1 896282511
1 195595010
1 1936086629
1 2929898299
1 2330657936
1 2729651353
1 2273681718
1 2512543853
1 3983916761
1 1819809661
1 1558939912
1 867311477
1 1315544993
1 3003199955
1 2114086028
1 2142127684
1 3849747979
1 3403520841
2
1 1967662675
1 1419991348
1 997044353
1 2125381517
2
1 1607298219
1 3318976665
1 2947902863
1 514682281
1 547234782
1 2718743741
1 1245197449
1 3631146230
1 3895593636
1 3192476365
1 1798378358
1 4106588294
1 675865570
1 2439239140
1 1467945962
1 1431230879
1 4078909832
1 1667893169
1 4243097898
1 707122994
1 2978262043
1 1948907913
1 3901234835
1 3953190995
1 1594981838
1 3678042926
1 4154135676
1 3087897020
1 610276551
1 1220829206
1 4098552030
1 1308714018
1 1053193566
1 2524316537
1 2388519442
1 1596701875
1 2783462965
1 921845334
1 913748118
1 275300942
1 1350692191
1 1827736236
1 2315925170
1 2340146457
1 3755252037
1 332059813
1 970761139
1 119651791
1 2171713039
1 1230428083
1 4231773595
1 3208147883
1 554250727
1 2474890160
1 2799510298
1 1358154025
1 22767098
1 3521897299
1 3111334969
1 2727965897
1 2978261517
1 701483266
1 3261013176
1 649959898
1 3762092403
1 4009029094
1 2599256471
1 1018724362
1 2181432890
1 3582433829
1 1788379264
1 2379232554
1 3506157159
1 4178192322
1 1713128892
1 599570039
1 3146510732
1 1369042670
1 2565509049
1 1326138318
1 3368525701
1 1776741160
1 1301085755
1 314551420
1 2284531495
1 3114045674
2
1 2033823065
1 2218258457
1 3239622863
1 2243248202
1 1250686598
1 1920503403
1 1326570440
1 3140612365
1 219411682
1 2501078994
1 2570844227
1 1213986904
1 2453033201
1 19409635
1 1924723398
1 4033171890
1 838483019
1 937550169
1 3596221772
1 493125569
1 1946741550
1 548399443
1 1672445284
1 3953924389
1 3770229642
1 3790425392
1 1392389988
1 3190198896
1 1210999245
1 349258921
1 1474384402
1 3870264380
1 3595432655
1 2404346093
1 4110530196
1 777978601
1 2033345296
1 644618538
1 3163389426
1 3735585757
1 2363298386
1 2521395058
1 1721348270
1 123206018
1 1247392542
1 744742998
1 4110685869
2
1 91378198
1 2001330351
1 3763925307
2
1 2049652275
1 3421859072
1 1372468303
1 3078371323
1 3422906382
1 1381730690
1 1724321519
1 2112556930
1 3442343276
1 1089347286
1 2970225805
1 336888569
1 2558043652
2
1 2352691524
1 3773802923
1 1864336577
1 1712251040
1 3591703422
1 156480208
1 1019978173
1 18037502
1 2772022604
1 3579199270
1 2910908401
1 3621242611
2
2
1 3317047775
1 1946018215
1 647327229
1 2064401997
1 863304786
1 837402097
1 1917029566
1 661479428
1 639893953
1 1341848227
1 392836351
1 3125195364
1 2088335174
1 2304322270
1 1944064367
1 2294655680
1 2379179263
1 1509636047
1 2825949089
1 198320204
1 302628199
1 2237507209
1 207307085
1 2599069069
1 4105388102
1 3457248851
1 3601365003
1 4294757536
1 1037516789
1 395168655
1 2008177803
1 3886395822
1 2055461315
1 502827187
1 765457989
1 532924420
1 2889933422
1 3826065608
1 3147250006
1 907392319
1 3852772849
1 1136126420
3
2
1 1993590941
1 3201651582
1 791080857
1 1950982208
1 3187544025
1 1608469986
1 786431890
1 2652177237
1 431989646
2
1 18137815
1 3096337023
1 2895053156
1 3096308070
1 1183132560
1 3703601806
1 778524895
1 2657952923
1 1457233204
1 4002838145
1 2439960414
1 2445119466
1 2678834945
1 914281396
1 3193727676
1 3225658951
1 2567081157
1 3083381325
1 3177078712
1 1040061146
1 3663555038
1 2075553314
1 2437114842
1 1559222769
1 3819516325
1 1644549459
1 1562387111
1 78697860
1 3419859457
1 2908904012
1 2690574146
1 896385250
1 1319574045
1 2433794587
1 2223751908
1 2845842577
1 1084459153
1 4090288147
1 2238998281
1 2622468424
1 75528866
1 3287555671
1 3651291446
1 3525566713
1 922266632
1 286565666
1 1194388204
1 1832312101
1 3288549847
1 2367722141
1 2869941156
1 62354030
1 3910275162
1 215330424
1 3444488542
1 934302068
2
1 2894007782
1 3257721058
2
1 3084197327
1 2378148464
1 2282289921
1 3180373953
1 4204706772
1 4277761426
1 3294930417
1 3928820341
1 1505632515
1 977385040
1 2325510848
1 1525726934
1 1793860461
1 2683079177
1 2236182370
1 2883938272
1 3976001710
1 1811969037
1 2363245650
1 3267765466
1 4060303591
1 849967994
1 2540544585
1 2831171519
1 1252684312
1 386362534
2
1 2338628651
1 2573791592
1 3372092849
1 3070162356
1 3535009437
1 804066295
1 961264591
1 3872546215
1 321801612
3
1 400519953
1 240692007
1 3378162351
1 4288991114
1 1848212988
1 419457375
1 1122232361
1 3920310552
1 1060795233
1 4195826154
1 3087762121
1 3218415011
1 2141589275
1 3464521032
1 1910046738
1 1364729585
1 1041210530
2
1 2089073000
1 1138225442
1 1725255356
1 3650643291
1 846948036
1 3431294113
1 2865446360
1 4112945493
1 1429006733
1 1985974239
1 2113926849
1 26000220
2
1 1989557163
1 4093222501
1 970164858
1 2801072541
1 2113108786
1 2720317590
1 3476641736
1 1029263526
1 2905589518
1 4177274989
1 1261144599
1 2837002242
1 874828661
1 218899875
1 860252261
1 3119270201
1 1133581797
1 1497605836
1 3849166793
1 539858537
1 1533540010
1 4128142872
1 3790646168
1 344302929
1 2284253572
1 4081416167
1 1750268014
1 2171209022
1 4261589733
1 3794333822
1 2153584594
1 2570978174
1 2140925080
1 925093749
1 490668943
1 356640025
1 2241274176
1 1778640390
1 777006007
1 2814179461
1 3050984970
1 3713636436
1 2514517989
1 3587713366
1 2208383091
1 2141794927
1 920699909
1 3045550498
1 557430843
1 1711781736
1 856705579
1 1379066316
1 1984142852
1 2336437463
1 2152640843
1 2442763937
1 2549265748
1 1612102613
2
1 182357698
1 1074650911
1 305210674
1 3637942083
1 673017845
1 3002458743
1 741869809
1 3520692427
1 2848466908
1 917285427
1 1400268259
1 58282217
1 712587441
1 3920665750
1 3711913828
1 3082732735
1 3449528979
1 1592778473
1 3779331691
1 4281513762
1 10260159
1 2599195092
1 4234731625
1 845215774
1 4085468222
1 3115542218
1 621041848
1 3799978266
1 1300864816
1 1918496640
2
1 2493891450
1 3808953751
1 615426635
1 3409089403
1 3624842261
1 1190302651
1 3754395263
1 4109026239
1 1915288539
1 1792650806
1 302063898
1 3540708561
1 1867336895
1 1814023271
1 1856931520
1 3598687893
1 430969460
1 2152160727
1 1267494772
1 2500947660
1 1054036351
1 1934378146
1 4028224194
1 2144558059
1 1328720718
1 842116950
1 422568571
1 2558565712
1 1580795599
1 4151441134
2
1 221704391
1 3053834603
1 622329616
1 849363129
1 1827279895
1 2481610104
1 3421561562
1 366757622
1 4016084708
1 635187376
1 3027110144
2
1 1888881150
1 1849491934
1 2676019372
1 392779550
1 1706865232
1 362767653
1 2373581606
1 3194461656
1 724982134
1 239349148
1 2407168772
1 3744073661
1 3970114890
1 3871931180
1 2345095850
1 3573675639
1 104453705
1 3764094066
1 3318233377
1 3655207744
1 1130280803
1 1735963831
1 572153611
1 3777365893
1 3307281017
1 3518769732
1 1586529714
1 312939638
1 2898664720
1 1298311836
1 2089729533
1 1307354913
1 473397146
1 2262451250
1 4145997146
1 2483940037
1 164138503
1 1830291420
1 220454757
1 2360423748
1 3176804236
1 1243417968
1 1977479875
1 2413957077
1 3564866240
1 1809213229
1 3183212193
2
1 3506305898
1 959402411
2
1 1164748198
2
1 1022110372
1 1685414757
1 2068640443
1 1327733270
1 3158287022
1 1255213061
1 131803400
1 2430302121
1 2422249899
1 1653127424
1 1407807960
1 1625097046
1 614404888
1 52397060
1 2585464626
1 2273346922
1 2643948202
1 2598820683
1 3442383832
1 3039901969
1 3366401379
1 1534485801
1 548008287
1 3851432211
1 4169747556
1 244795818
1 1847981453
1 691843461
1 538315760
1 1038355008
2
1 3106058682
1 14813637
1 1499596614
1 3736362429
1 3810367153
1 2407859493
1 1787308151
1 3408777606
1 1725724280
1 3041657034
1 3577764828
1 2489986662
1 1078557535
1 13228238
1 2257169781
1 2348233092
1 1432875312
1 3303418831
1 3922070761
1 4060355906
1 3121667427
1 251406181
1 3464266919
1 2493318695
1 2952668079
1 2355859239
1 2466985653
1 3870462705
2
1 3183058767
1 2037345118
1 4203622788
1 796302416
1 2854073034
1 2761355494
1 2777295413
1 1006351492
1 1404197375
1 4252902444
1 1451532730
1 544263373
1 2835313011
1 2740702074
1 2182825652
1 2413810083
1 839748703
1 2648554046
1 3426056688
1 1202953657
1 1640871718
1 2870993535
1 4044924952
1 34729454
1 2978846251
1 1395243895
1 743498889
2
1 188342210
1 1759039547
1 2109417618
1 745391815
1 2435478369
1 1247371162
1 3777858361
1 3647192806
1 2526790547
1 959194292
1 735115926
1 2802547849
1 912631568
1 3375176722
1 3736015656
1 628350378
1 2005258456
1 3809134762
1 162295793
1 1059351650
1 2397960197
1 85737838
1 3127801417
1 901555615
1 369942702
1 782749033
1 3050867375
1 644204897
1 3887196536
1 2017892504
1 996870147
1 2378074858
1 2298069988
1 4032574121
1 3226685960
1 1534389979
1 1542649861
1 463174611
1 1333333774
1 148390993
1 2110994567
1 972942031
1 2312272054
1 2028993033
1 4107708341
2
1 3419517945
2
1 913234663
1 36482098
1 2434400764
2
1 2193673932
1 1463083196
1 3668918083
1 3235349915
1 1218504531
1 3353757213
1 2880634259
1 1287938527
1 1572980866
1 3869335724
1 3676466939
1 1218182428
1 281100990
1 4114876740
1 1447203655
1 2125469810
1 22067916
1 2304888877
1 2821341842
1 61699161
1 2886109838
2
1 1810168683
1 968493774
1 906019210
1 1202857344
1 1606400255
1 1495122612
2
1 1884163500
1 2683451810
1 2469078574
1 138058697
1 4201809744
2
1 2133177559
1 1713667005
1 2638772041
1 684369231
1 118019644
1 2843658471
1 2788342761
1 3931234499
2
1 3860886471
1 1409366560
1 526074311
1 1323786432
1 1172025615
1 2779852858
1 1477011659
1 1833525273
1 2283066910
1 1625973893
1 2280941322
1 3641319160
1 3750829040
1 461662258
1 1202283268
2
1 3159006583
1 983669350
1 2322703648
1 3035643146
1 661975359
1 1241574187
1 3439326170
1 1405971460
1 2496926873
1 1587950662
1 1326152155
1 1244790301
1 3218613082
1 3511248818
3
1 114072913
1 3597998645
1 3768745510
1 1785979913
1 3426790929
1 2601406290
1 2659027465
1 747449891
1 1584164716
1 2949667984
1 2891243581
1 964009178
1 2227008148
1 757545480
1 724241252
1 2690955907
1 1217964589
1 2395668404
1 608308317
1 2637658795
1 116065504
1 3702709691
1 1212156450
1 1065730218
1 3004018868
1 3053524973
1 201487647
1 2005541904
1 3064445017
1 3825603735
1 1536005305
1 3638178994
1 4028271652
1 2898716530
1 4095431327
1 3200286501
1 1977885253
1 3216557287
1 539963727
1 1882064641
1 2220920800
1 2813370189
1 1085992721
1 3201261126
1 1604240927
1 2173234763
1 327837221
1 1740326424
1 2650097294
1 3028969184
1 2524406974
1 3524653229
1 2823854968
1 2509241061
1 1215103638
1 3261725947
1 3252328466
1 2516752261
1 4089542272
1 3246352636
1 3894091882
1 3192681630
1 3190168165
1 2271897563
1 787438020
1 1535789616
1 3550570183
1 4232862871
1 707366619
1 2029041478
1 3313478953
1 1976454665
1 4122341851
1 2996521895
1 3304263595
1 3905002467
1 2782051457
1 1296978872
1 798969457
1 4293189009
1 1696464654
1 72461728
1 2720793000
1 244168734
2
1 2734739115
1 3651391223
1 3973836566
1 24626682
1 3927501889
1 987335201
1 1989522345
1 3890711265
1 3148099353
1 1330488166
1 3454886321
1 2430334056
1 960120757
1 3103237262
1 3086038348
1 4259916241
1 3493621334
1 2779909438
1 2187878525
1 2114576228
1 135787150
1 3871569482
2
1 2852204568
2
1 1122596698
1 3342811525
1 3142474881
1 297773346
1 3409296025
1 3752882379
1 3816690917
1 2155159037
1 3130773017
1 1233669378
1 3961910774
1 1860900801
1 3349925761
1 4143209634
1 412033187
1 4214963844
1 511708187
1 3562285637
1 2381109287
1 2913714889
1 1767319781
2
1 2909715330
1 1533553528
1 1235450898
1 2312940269
1 1076372119
1 238209617
1 2930347091
1 1922341406
1 2932457095
1 1019027362
1 3475090476
1 1638550194
1 2474443115
1 2432014503
1 1185921032
3
1 801735259
1 2610798236
1 1394753040
1 1706827595
2
1 3228939227
1 2811361255
1 3205131873
1 3463787889
1 4058690245
1 3200960902
1 1991931174
1 1019782990
1 2017008758
1 672348208
1 1213380953
1 2474524835
1 4043602133
1 2205173515
1 321558057
1 3869504552
1 1318963199
1 2101604223
3
1 1113417398
1 3846363841
1 2615773222
1 1817386802
1 1126237986
1 3180364639
1 2516997438
1 1582168446
1 2444568346
1 2100141927
1 953193324
1 1487724856
1 24098934
1 4156141806
1 2293353864
1 1351402398
1 482101223
1 1573496991
1 1585383506
1 805863635
1 2376895455
1 2921698727
1 2381133945
1 4254454923
1 2748817379
1 3102967260
1 388022059
1 3773134771
1 3639540685
1 402580746
1 1984433914
1 869135146
1 2534034391
1 1820906609
1 2090257657
1 1650704793
1 3933076320
1 2312307724
1 2362594183
1 22353147
1 4154449811
1 4083994724
1 557639632
1 1954348737
1 1711326154
1 3372941729
1 535559630
1 825085402
1 4519606
1 1418217483
1 7177660
1 3022090364
1 2026913540
1 3656483542
1 2384844791
1 2986682674
1 3151795788
1 637885748
1 3888112776
1 1679555943
2
2
1 1533715203
1 1504776886
1 248361517
1 2724130508
1 1383068511
1 1545561466
1 1941256657
1 764812581
2
1 1906125601
1 3073653894
1 244312294
1 3210675148
1 2092350876
1 1755353117
1 700930761
1 4181850102
1 2183684385
2
1 2783603875
1 641044682
1 126886746
1 7816432
1 110282904
1 248319571
1 423861602
1 3340133975
1 1398697856
1 668672400
1 522504102
1 3443514631
2
1 1542501346
2
1 486724207
1 26631073
1 1847956607
1 3850875616
2
1 2301078507
1 2256122573
1 3346478698
1 276957146
1 3611630896
1 412556987
1 3376600269
1 4213495031
1 3576936266
1 1672127686
1 2782904084
1 28337639
1 4217841502
1 83893335
1 3301198154
1 1865016150
1 2905817422
1 1692407256
1 2324540221
1 2157421490
1 2727729641
1 2803131977
1 1360328582
1 3151629463
1 3445255291
1 3671977174
1 2596424896
1 160496025
1 225715338
1 1533945129
1 3507454886
1 1072018242
1 2826733085
1 1876992784
1 479971958
1 515437103
1 1827623470
1 1638324101
1 4045099149
1 674253087
1 1588707902
1 160327472
1 2513480591
1 3147396057
1 175448606
3
1 1033441347
2
1 2881126219
1 1283445485
1 1983084594
1 3268621526
1 4072294327
1 2425570812
1 3528587419
1 4087330611
1 3884084345
1 499556069
1 3750103638
1 2870623976
1 3160035819
1 3744275146
1 1474693121
1 2476293840
1 1784836224
1 514662447
1 3776774611
1 1917067231
1 1917783402
1 1853673442
1 3010566713
1 426075823
1 386396850
1 715990851
1 4139846038
1 141557356
1 171350340
1 3544632310
1 1321149030
1 2834499799
1 3125473859
1 991189230
1 1048812597
1 3526077060
1 3662802243
1 211947409
1 279357730
1 3084521729
1 2259023423
1 1774076779
1 1806818812
1 2567976860
1 1876877185
1 3538424164
1 1443857876
3
1 635212605
1 736193864
1 1895366306
1 3604966708
1 3936519767
1 426019832
1 510124992
1 1991719165
1 601073751
1 1881564607
1 998698992
2
1 1244763135
1 1576493232
1 215038966
1 1489255127
1 828068151
1 1788885705
1 1387642099
1 4056767868
3
1 3815815745
1 21534740
1 3532317887
1 8366462
1 491321420
1 706719674
1 1800385319
1 989956066
1 1721750998
1 1303016931
1 2219199103
2
1 4029585844
1 4010204536
1 177780723
1 3614555606
1 3577654743
1 3226412528
1 1226269872
1 2926462732
1 2552219650
1 2695501607
1 1070193720
1 4117012252
1 1355938513
1 878018877
1 4146009625
1 3177594750
1 2652831705
1 3262692714
1 2256862768
1 4137092902
1 1896155874
1 779519394
1 1589366706
1 2861477195
1 3379056341
1 490601479
1 491953777
1 983494013
1 939533003
2
1 3056375706
1 379517028
1 4192370227
1 714458064
1 4273241920
1 141485739
1 951722801
1 1621004393
1 282038991
2
1 946612722
1 3923404560
1 1246163842
1 1647601506
1 654738319
1 1746367826
1 1081325980
1 2821711587
1 3634616236
1 786988405
1 1182112497
1 2324441012
1 1846546243
1 4097362019
1 482286929
1 2520551516
1 2481224523
1 3368498755
1 3815898627
1 1709635925
1 2266776642
1 3476727999
1 4192109804
1 2470829049
1 2610147600
1 1544386108
1 784492234
2
1 3585196042
1 535406614
1 1091992154
1 1020335408
1 2367672938
1 33502540
1 720533317
1 72443127
1 3196692880
1 1719571357
1 3201037708
1 3535649730
1 2491036630
1 1541743984
2
1 4032821131
1 380072556
1 3544019710
1 220377205
1 578122392
1 4107222065
1 2393596057
1 1580030752
1 1995879484
1 4101103306
1 867608246
1 1562924989
1 2773720462
1 690283902
1 144100808
1 1604516127
1 493761662
1 2661220608
1 3203323711
1 1045323133
1 2952524829
1 860671528
1 1971132644
1 942108469
1 3300656473
1 1117446468
1 435779076
1 1282583092
1 3793123622
1 2373742543
2
1 1144759018
1 2432806671
2
1 3956058210
1 1226006183
1 2146788009
1 1741957761
1 3216438187
1 1314183653
1 1590711026
1 1223366948
1 2287725058
1 267285911
3
1 2584607106
1 737357110
1 301526754
1 1564614557
1 4174223882
1 1996640097
1 1607753397
1 3963291383
1 677417486
1 462914261
1 1065399195
1 3433002013
1 3119829358
1 4051838939
1 2009415280
1 585023716
1 3640452443
1 651083294
1 2832440995
1 3403900074
1 1492552130
1 810925513
1 1597217220
2
1 3243653396
1 2612161972
1 652703244
1 4165176238
1 3403392313
1 3721370269
1 4260180353
1 517053527
1 424509838
1 791570095
1 713346358
1 3338412868
1 1959044047
1 2651647877
1 375557580
1 3161046892
1 3171073015
1 479830274
1 526103222
1 1601065881
1 2309061744
1 2033498024
1 198502189
1 2076850610
1 1390263870
1 317974455
1 373726464
1 1780582294
1 1856834214
1 1662395317
1 1159920832
1 1869190426
1 3709780097
1 3778919999
1 1396273307
1 918012254
1 2379824967
1 1369647386
2
1 3187429203
1 2927529462
1 4203769146
1 3038026690
1 985302615
1 1023885012
1 2580334557
1 882099652
1 944193833
1 1538379532
1 500080893
1 3537147862
1 3730055011
1 4158858933
1 815525406
1 4194375572
1 3804608769
1 3001589964
1 1629357785
1 3520387515
1 1457157158
1 2699078314
1 4230997982
1 3481862023
1 3365604109
1 4149084801
1 1200997647
1 3849407628
1 4098372920
1 249683595
1 2877649390
1 570036443
1 3683426221
1 2830780787
1 1554887987
1 2490071295
1 3179239095
1 2971846340
1 255656727
1 3697409379
1 2566444166
1 2952111606
1 2601842836
1 3808860169
1 3647965988
1 2625054513
1 1164391793
1 1844142133
1 2240996268
1 4041993511
1 2437509853
1 1836758237
1 3265973029
1 2937516300
1 1792372651
1 3844828799
1 3148015538
1 551596187
1 4016537490
1 1230334320
1 2768009548
1 470989252
1 2013613684
1 918099153
2
1 2708548556
1 3547536215
1 3432922926
3
1 2043683213
1 4202716901
1 4057964820
1 3317050231
1 745753314
1 3565068151
1 721092433
1 3750777485
1 345486583
1 4119298424
1 61496125
1 2148582817
1 3778169783
1 2955526789
1 2867561924
1 898291289
1 1033486559
1 453830262
1 1779960590
1 82957212
1 2983069825
1 3867039281
2
1 2207323593
1 3176869082
1 1888723060
1 468854014
1 299767215
1 3051572492
1 2198914721
1 1298234507
1 1113636302
1 397641670
3
1 1620255437
1 4034947973
1 500685587
1 154652433
1 3365929063
2
1 135374725
1 3302543474
1 3174052185
1 2380094817
1 3372277491
1 2835737899
1 929151197
2
1 2570079039
1 1358939421
1 3610994404
1 2411176131
1 3647116091
1 3940995955
1 111621933
1 1479748474
1 3412129079
1 3071018656
1 2745013993
1 1565070169
1 1376288324
1 1396762664
1 2404526085
1 1678897241
1 69287287
1 3132945949
1 588508632
1 1746504362
1 2320277976
1 1188674600
1 3608551679
1 4241641691
1 2068498330
1 350681864
1 1794927334
1 1032527584
1 2924722293
1 406301896
1 3003842794
1 2996054794
1 100853749
1 2194095275
1 1128393928
1 1789266715
1 1989823358
1 2434800376
1 182395700
1 4275423465
1 2688113053
1 249605741
1 3108062439
1 1979437557
3
1 155364971
1 1439212432
1 855426955
2
1 3911148492
1 2476561829
1 2118935446
2
1 3593319087
1 1382061388
3
1 2040628926
1 58991409
1 52329835
1 2693410722
1 1795290715
1 1350336106
1 1068655438
1 226838026
1 3816849205
1 302902356
1 2990414669
1 3280391486
1 2928160963
1 2864671911
1 3572036810
2
1 2625958281
1 1777624593
1 2639556395
1 1542934833
1 698641281
1 3408932814
1 517724264
1 1239203040
1 3608768434
1 3176684337
1 2752063142
1 2298539209
2
1 3541929493
1 713898042
1 566915922
1 1226974463
1 3520027738
1 608396435
1 4106843163
1 81792121
1 2060280342
1 3231077182
1 3230426848
1 3888227080
1 3590188165
1 3606822985
1 185646603
1 1313849107
1 1478448928
1 3595832844
1 4045414506
1 421640807
1 352999990
1 1785507197
1 1723886678
1 2243608221
1 3765674514
1 1413533462
1 3757395156
1 2726174654
1 2768799164
1 1064989417
1 2721287973
1 1185243892
1 2247667751
1 2790324979
1 2940149443
1 1474693525
1 3443333691
2
1 216130582
1 3718666733
1 2495327175
1 4274786006
1 1514117978
1 3142171322
1 1063208645
1 1738762622
1 1172472081
1 332273658
1 1670832135
1 2401022988
1 2171458569
1 2362887677
1 1389028221
1 94870055
1 1011457324
1 1357283654
1 3049428380
1 3665872599
1 1617451048
1 4224515247
1 1566080029
1 3320894166
2
1 2191017578
1 1417071791
1 576147673
1 1277111575
1 2768485301
1 3583668483
1 1769706800
1 1526335028
1 647386134
1 1376216795
1 3590516873
1 1908315269
1 3243804038
1 665220154
1 882754637
1 3418431312
1 1248437759
1 1763573577
1 2730110516
1 2294543741
1 1680832569
1 3061812284
1 3170334125
1 561858566
1 3141736576
1 4274484561
1 2899783931
1 1125575489
1 2492384133
1 1360888902
1 1838715280
1 2307246196
1 3150155620
1 131213919
1 4158965256
1 4009025895
1 1045688146
1 2211439069
2
1 3038749743
1 1986726170
1 2962862119
2
1 3643357073
1 1120456552
1 798222210
1 1413375871
1 1947192655
1 3808871512
1 335159773
1 4294233145
1 984080909
1 669726753
1 3915299954
1 3204846737
1 1444791413
1 3659601465
1 4160738090
1 4275297867
1 2976002414
1 342927218
1 902196088
1 1032807300
2
1 211154486
1 2545916003
1 2185562591
1 597753872
1 3364889102
1 2504188555
1 3544838555
1 2438437262
1 3955823281
1 3238000638
1 1825680117
1 1031830384
1 3486265349
1 2682878071
1 1237590854
1 1582170249
1 60319525
1 1068333821
1 964696272
1 4147026384
1 2669014181
1 4163289607
1 3956297787
1 1462194856
1 1569340085
1 2680398731
2
1 3637939708
1 1444414929
1 2956136216
1 902117711
1 3719375865
1 2049375165
1 1860019947
1 2775154824
1 2716044619
3
1 2939499096
1 3959923239
1 3182815528
1 3454154162
1 540275875
1 3075937299
1 386599225
3
1 2109725696
1 2843229234
1 1104743357
1 1755663615
2
1 3268229204
1 3464313018
1 1096179092
1 216882902
1 3433664060
1 3110968982
1 1781234994
1 3746972511
1 2475578569
2
1 1306515796
1 3730915080
1 4065520905
1 1100935931
1 4174055048
1 3597963266
1 2490217588
1 1099291737
1 1474083298
1 1513610180
2
1 3381609315
1 2478637561
1 2750578493
2
1 2191701845
1 1621054400
1 832536299
1 2275974111
1 4213100992
1 239161261
1 2068059610
1 2947011857
1 3947843397
1 136467362
1 4240665121
1 818339078
1 1040097
2
1 3665305367
1 4254210086
1 3249487199
1 2378441995
1 4137103953
1 946459371
1 2224755851
1 32998807
1 483426716
1 530486278
1 3504823933
1 966629508
1 913329880
1 1310653672
1 2863146522
1 3175372349
1 3579521388
1 3296133945
1 2000321961
1 2957106782
1 4285263816
1 3547708778
1 380811373
1 264690163
1 3845715842
1 670935376
1 725502345
1 2956646406
1 4156963801
1 2394570504
1 465864457
1 808280012
1 3237902046
1 1983402677
1 1447835684
1 2101492287
1 1821082725
1 1720686768
1 2050000721
1 1591406679
1 2174705575
1 2697468981
1 1191620721
1 3841109614
1 3413318995
1 1241875731
1 3304219217
2
1 2952535730
1 163988367
1 3280793768
1 3608731685
1 405180044
1 1472602332
1 1553629081
1 3469303533
1 2779583826
1 1133495551
1 393315823
1 1198470684
1 3638753556
1 2832101852
1 3893868546
1 4012204833
1 3213911531
1 2006813817
1 2376176045
1 3441507466
1 2003383039
1 1603869438
1 3306565260
1 333247039
1 983294723
1 901105608
1 3885652185
1 597101544
1 222571737
1 903220838
1 2786091098
1 3862415887
1 1413456415
1 313968756
1 1405545817
1 4014769715
1 1349597660
1 3570041991
1 2758982619
1 2336729964
1 1675687146
1 1323308991
1 921021364
1 486593771
1 3567030716
1 1338999408
1 3728871096
1 2824552280
1 1299403203
2
1 1496142954
1 772101013
1 389023585
1 955359700
1 3186143846
1 1281004435
1 1005261079
1 832403680
1 1172796902
1 1754214697
1 272113035
1 247388009
1 159917757
1 2821942712
1 2268459178
1 2864945974
1 355329643
1 1672510101
1 1968010014
1 582044024
1 1445131842
1 1324479059
1 3712923569
1 1574538160
2
1 2934527827
1 2589697738
1 81576438
1 1984700056
1 2038127412
1 550813190
1 2285675688
1 2597353876
1 1074144708
1 4226828571
1 1078021378
1 3530857944
1 1038450187
1 596344525
1 2867294436
1 3042908867
1 1329273425
1 1741437012
1 1147195144
1 3688180554
1 1913291753
1 1555146889
1 2158855454
1 2995008683
1 2345666847
1 3897307009
1 68095528
1 2333307277
1 519944356
1 4166503799
1 3442020149
1 3880042179
1 2654117743
1 3369827586
1 149419495
1 1623586285
2
1 3983708560
2
1 3744183024
1 1685180328
1 1356895823
1 1354838202
1 760539202
1 3394034080
1 2887925724
2
1 2857318521
1 1183410813
1 177863539
1 4142908447
1 2484215190
1 543735181
1 2577477694
2
1 2789617807
1 116062223
1 4032768487
1 2574858075
1 1148023076
1 3391903906
1 1177945999
1 3716341190
1 1054946198
1 4282876033
1 2009365232
1 364234014
2
1 1616043212
1 547976898
1 3907372914
1 287823092
1 1516293997
1 356271542
1 3512900338
1 307854643
1 1459683842
1 541731565
1 3991349777
1 3476145519
1 3319990360
1 2497548072
1 2489954594
1 234643932
1 1187375399
1 893036530
1 2634675287
1 3124875888
1 3806677599
1 1524383277
1 728835885
1 1971468109
1 2085975166
1 2727924000
1 1810047906
1 1936474118
1 838752812
1 2055832579
1 1494120030
1 1305472494
1 302480796
1 1589586558
1 3306913798
1 2387418823
1 2573742085
1 538989738
1 3811971196
1 2091450211
1 1289351147
1 1988129487
1 3931063899
1 805421047
1 199794302
1 2478369215
1 1721924737
1 368203028
1 2978207185
1 2796131255
1 1884066417
1 1316176738
3
1 2373761051
1 1928996335
1 2668876657
1 948825244
1 3631327438
1 1648942008
1 1105218041
1 2873369616
1 639411089
1 3819367878
1 2364751303
1 3170536602
1 3577353761
1 3257452261
1 2531809840
1 2992629537
1 3739471663
1 3564020088
1 2704622577
1 3191829058
1 2597900018
1 1977807942
1 3458953652
1 2025844799
2
1 778501285
1 2333367214
1 2842361268
1 1215781521
2
1 3635978475
1 49067279
1 2482253580
2
1 4042500262
1 3798268799
1 24387037
1 1199790818
1 2434321297
1 3973057972
1 2134913672
1 1478375822
1 4060290589
1 384519296
1 3075421794
1 2603394908
1 4124178531
1 3309426238
1 1574377757
1 618854879
1 320386399
1 4204952503
1 1598145609
1 3798981630
2
1 2446033706
1 560135627
1 3934444870
1 2155395682
1 435875302
1 3348906499
1 3435000108
1 1968494616
1 2788607877
1 778489423
1 2720441225
1 1548386413
1 1343210944
1 2095703222
1 793972561
3
1 2120946534
1 1989422799
1 187048355
2
1 290884219
1 231983937
1 777440698
1 3690768487
1 2297886302
2
1 2426361315
1 3970513268
1 3506782534
1 3255131978
1 3505750295
1 1324958555
1 1646751688
1 2451278115
1 1622057901
1 551349747
1 3345899904
1 4177478098
1 297691824
1 395680823
1 999601658
1 707466991
1 4016057478
1 2997003132
1 3863517966
1 3107838731
1 3183553385
1 648337016
1 756497833
1 1748345316
1 1970660668
1 1079494129
1 1259267086
1 3083921999
2
1 641165942
1 1310998819
1 2441254929
1 919200781
1 2269563106
1 2869654238
1 100145093
1 2302568226
1 1593895174
1 2774796407
1 1989346368
1 3887031964
1 872636142
1 2410484688
1 2470088805
1 735368328
1 1979352754
1 3761307351
1 1258858252
1 1213459695
1 2757420728
1 2691098903
1 3425663195
1 2019532392
1 1616802858
1 2723921978
1 2078902927
1 3549226082
1 3052082676
1 2979325987
1 299076507
1 2906704728
1 3362856406
1 1918063270
1 1670243451
1 2651690240
2
1 894484947
1 2095062950
1 804649586
1 1901557961
1 355328719
1 3559844307
1 4181173818
1 575048442
1 3354321185
1 5663600
1 2547597363
1 3368625744
1 3117207447
2
1 3599765904
1 4167121358
1 3729768610
1 3348966750
1 2355180529
1 2371868570
1 443245653
1 915575427
1 3423678998
1 4012310736
1 1602481593
1 2836019449
1 2103667194
1 14339741
1 3261405290
1 2397345565
1 1993588815
1 3376721663
1 3649111432
1 364210856
1 3764923169
1 1414498523
1 2953361124
1 2257191750
1 3996135714
1 663698632
1 4223527865
1 1854134715
1 1746735055
1 3334034852
1 2925564640
1 2866856743
1 435126243
1 2309135186
1 1846037271
1 3981764371
1 1969018799
1 2188143063
1 1109916253
1 1915430292
1 4047273166
1 3343466638
1 3263349810
1 4129879872
1 566928666
1 3305009795
1 1104188222
2
2
1 3229820320
1 3183928910
1 161062616
1 3088250048
1 537953918
1 2981883203
1 694034207
1 2175412423
1 82457778
1 4188913233
1 3587399685
2
1 3153902509
1 2760019971
1 3230351771
1 805477152
1 2792641054
1 1679827078
1 3817023215
1 3790181971
1 1149391241
1 2860352027
1 3384379286
1 307255022
1 1662112158
1 314521228
3
1 2290202146
1 576219351
1 320147812
1 1363719020
2
1 1164897220
1 1032464199
1 4187894633
1 3967584213
1 397048311
1 2338048077
1 3633160218
1 1330848180
1 676293316
1 1043511679
1 247476544
1 3883634560
1 2888421376
1 3955486447
1 3660381943
1 997058880
1 2114814574
1 1664241513
1 3469724837
1 880478996
1 3386196050
1 4262431282
1 3541407959
1 1132386316
3
1 2200437233
1 3339018202
1 252221222
1 4102641740
1 2577295275
1 2117682060
1 1174030478
1 2192520479
1 178253567
1 2618993353
1 4163077247
1 3091043397
1 1582603562
1 2360543486
1 1212016090
1 292724286
1 1178446255
1 2833034705
2
1 3524532680
1 4077217435
1 2815084429
1 628778067
1 1826281401
2
1 3926606509
1 2566897661
1 1749512680
1 1174808983
1 939751556
1 1337074006
1 406160247
1 4102822438
1 2991698478
1 758511772
1 3147288935
1 3238796989
1 2991850459
1 289224247
1 3078058814
1 529173627
1 1562449976
1 4269848028
1 936292998
1 2275793332
1 1491198597
1 2234119446
1 3765443590
1 3214123440
1 544292851
1 162529317
1 2143173835
1 2350989599
3
1 17634526
1 28001100
1 4282583569
1 157151376
1 772290692
1 3056232670
1 1202100230
1 2785737521
1 1662285753
1 862244289
1 266593543
1 2714353431
1 3746433200
1 2742857882
1 389202436
1 2541370621
1 1153269940
1 2938893831
1 1173569229
1 4223250032
1 1944551883
1 135982825
1 3856443645
1 3085595245
1 1744962645
1 3103400653
1 1711405251
2
1 404526813
1 1393860928
1 489551183
1 3868623419
1 1848455023
1 3928437092
1 3233533300
2
1 703589161
1 4127962461
1 1207879936
1 1574059645
1 402972306
1 3980539641
1 149809290
1 46001745
1 2055601400
1 1932497496
1 3921372477
1 2386212392
1 4001317022
1 306043121
1 967699823
1 4073167753
1 3346023642
1 1722955599
1 825382093
1 821104299
1 3399312888
1 992508746
1 3228805630
1 415998260
1 4242748657
1 1573869938
1 3258993574
1 430271301
2
1 1533514657
1 2054912640
1 665630975
1 1564645696
1 968245855
1 382785341
1 4221114363
1 3136499894
1 2436629103
1 1643088124
1 2673808507
1 4115569156
1 1712123376
1 3605438534
1 785941319
1 2475264350
1 1206053052
1 1344929720
1 1861665596
1 1159637169
1 4016077689
1 4205454114
1 3771818159
1 2015756082
1 680738701
1 2626001300
1 965095172
1 2226535409
1 3807535310
1 1787533176
1 3462570376
1 817408596
1 339291293
1 3605313004
1 1339766595
1 3741284995
1 3353036213
1 291067447
1 2772451157
1 4194169866
1 2597541560
1 684997083
1 1235827895
1 1615894970
1 2372331509
1 1500079194
1 1077127576
1 1926708933
1 2586014316
1 2258216087
3
1 3833411035
1 3605934795
1 4226973684
1 4050826029
1 2802437652
1 2769709481
1 1598887770
2
1 51369557
1 970967903
1 557143570
1 572208977
1 4159068053
1 3188779373
1 2139863809
1 1335836719
1 3236393291
1 2116901482
1 531252241
1 1043472633
1 1854518561
1 396471212
1 3524259037
1 2827373762
1 1234702585
1 381724279
1 2738883556
1 2061862125
1 483226292
1 3307483076
1 2384434826
1 2593230962
1 3896811509
1 3057160057
1 1119520921
1 2384737609
1 4244347287
1 1660734389
1 2211941697
1 4224078285
2
1 1906072120
1 659084595
1 2757848740
1 3087101591
1 2281820648
1 3335101978
2
1 783049123
1 374068172
1 1724051063
2
1 3985627732
1 3518237783
1 2864635443
1 431723791
1 2069913527
1 596768314
1 4024235135
1 3554553970
1 3117065158
1 886124033
1 1646345154
1 1723900646
1 1190743466
1 3559570999
1 3616499422
1 2195708469
1 664009140
1 367533863
1 612325204
1 4141488589
1 2404779934
1 4277406318
1 518870118
1 1413955377
1 351729063
1 3583122042
1 2584480654
1 1377345341
1 2116425474
1 3360946927
1 1736074506
1 629234601
1 1956701130
1 88404676
1 805324117
1 3503536399
1 1980719584
1 465456234
1 2920681498
1 3370119450
1 2661906671
1 104127252
1 724662062
1 3994902708
1 2598676887
1 3435037853
1 3045818905
1 208919836
1 1690087080
1 2224051570
1 3142500588
1 2007770229
1 2280921611
1 2853839979
1 2566135800
2
1 3391017532
1 330344018
3
1 1812434215
2
1 3101704537
1 1385134076
1 3181525329
1 3378258558
1 4034913827
1 509126782
1 4010601466
1 4280561155
1 2814765713
1 629678642
1 2474423826
1 1307414720
1 3171663176
1 3638024228
1 1014140640
1 2537845344
2
1 3716903527
2
1 254016545
1 3612750481
1 1411383544
1 2199968571
1 2202786981
1 180372496
1 191177568
1 3088565694
1 3121057573
1 1125668592
1 1797072787
1 851196186
1 1757005649
1 4185344405
1 928539372
1 2235179238
1 733569364
1 1887480236
1 3640835966
1 4269716090
1 1091671242
1 1718432697
1 3719663220
1 847452983
1 3680679975
1 1241342130
1 2601193627
1 3186353408
1 2765234222
1 2462787072
1 1762203696
1 2368374589
1 3389418528
1 1428116761
1 1287950320
1 4268056971
1 1229080974
2
1 2337873882
1 1218313089
1 2457507294
1 1076331794
2
1 587348129
1 335782556
1 1525592500
1 310008581
1 3889065187
1 1047403378
1 3505325098
1 3759201624
1 2141488347
1 1454141117
1 2168068373
1 3666275708
1 2738078648
2
1 3337958546
1 391685178
1 2711424471
1 2261005402
1 3768740202
1 721052799
1 4176014526
1 458379254
1 644416600
1 1978307877
1 2188552092
1 2265428698
1 3792776478
1 755499896
1 3866630002
1 179509137
1 254170607
1 1471488934
1 3289238988
1 2002436187
1 3150577486
2
1 3179958469
1 1169852598
2
1 3320567751
1 214831608
1 586508511
1 1062472874
1 177060981
1 3186259227
1 3647954387
1 1642466983
1 1069194273
1 3000457110
1 3134474272
1 4063510752
1 3592611740
1 981034317
1 490604280
2
1 1299177948
1 2248913031
1 2716883781
1 297485740
1 75183855
1 3639541125
1 110184878
1 1764973645
1 163367763
1 161734064
1 3408880760
1 2580188233
1 309584476
1 3795267973
1 3909504123
1 376569475
1 2724566641
1 4240275980
1 3928308921
1 1132418872
1 2350418901
1 1677193870
1 3992365374
1 2317305533
1 374920361
1 828874012
1 2042359541
1 2784586026
1 554062541
1 324385157
1 1083404016
1 390966992
1 4118764400
1 3188470504
1 360641782
1 3149904693
1 2090272140
3
1 3424238886
1 2770752186
1 3573989562
2
1 516118026
1 3750183310
1 2068273665
1 3789792762
1 408183209
1 3452743422
1 4049250099
1 4019329398
1 3617975818
1 450168361
1 2878181819
1 3369508684
1 746277488
1 1693746074
1 810177187
2
1 242421828
1 3221903929
1 2282030586
1 3422549624
1 3531182
1 2648578607
1 2818472231
1 239227064
1 1185507057
1 1639437648
1 3037094057
1 2622705002
1 2027874964
1 1871751734
1 596741323
1 203538683
1 148355275
1 1233353446
1 4182569404
1 169000974
1 2680847556
1 617621091
1 4021885514
1 1332491331
1 832576037
1 1543026716
1 2881961625
1 2826691048
1 853925900
1 3935499235
1 3155789822
1 1956117507
1 1122879634
1 1286644468
1 2111743796
1 4233727349
1 2662787137
1 2074980065
1 1027767031
1 2015402568
1 477703583
1 2229235673
1 2959344587
1 837975228
1 3110315454
1 4092589587
1 3886734482
1 914674998
1 3907120487
1 484778983
2
1 3813634421
1 3010785804
1 4102206261
1 15938873
1 620978452
1 2026622149
1 670829792
1 772158830
1 133573201
1 873980721
1 2927618182
1 611855508
1 556557335
1 1269591072
1 652007135
1 3082691290
1 4006511274
1 1557780230
1 1725271825
1 1981408930
1 2142834945
1 3498322772
2
1 2668814357
1 2857069635
1 93076255
1 886773760
1 419274286
1 3401871274
1 3515414337
1 3889579799
1 2915437104
1 302534593
1 2916561532
1 2924009324
1 2952792163
1 658307427
1 3505126987
1 2149401597
1 3885811828
1 2145689906
1 3796098458
1 2676792132
1 3531999941
1 3410172382
1 3181024521
1 3715176541
1 2943977743
1 3435275393
1 3907300944
1 1309794559
1 2436498123
1 3164848691
1 3180223734
1 1513319109
1 596095815
1 790151063
1 901487840
1 2071942315
1 3062776368
1 1789007867
1 1639256857
2
1 3476347319
2
1 3064582603
1 2596154126
1 1755978886
1 2585748804
1 4146294304
1 1644050239
1 3102290459
1 977966062
1 2289025416
1 1186208550
1 1367198654
1 1181645855
1 3745802628
1 896780801
1 2605146040
1 4070226241
1 2878800562
1 2959736118
1 3310490301
1 3509613888
2
1 3895853446
1 1899722963
1 886501555
1 2602102238
1 3026416615
1 690467271
1 3656524859
1 3893421102
1 3247681284
2
3
1 3868171759
1 1772506427
1 1534504958
1 3745840989
1 1266519337
1 543909814
1 3449067932
1 1100689223
1 2859326183
1 985785960
1 1479383256
1 3749772826
1 2890898374
1 104732297
1 1301111261
1 1750613737
1 1006030457
2
1 3737334180
1 3027418932
2
1 3628354148
1 497457598
1 676836960
1 942819868
1 1965150656
2
1 3577353084
1 1969585401
1 4240220900
1 2555655779
1 2592751271
1 505799989
1 185462816
1 1673463100
1 1034874121
1 3581790804
1 2056508993
1 1009191006
1 3273441451
1 977480594
2
1 1659198808
1 2590734051
1 2003934238
1 2720362018
1 3204380131
1 2584132428
1 2085365927
2
1 2473941756
1 2975566669
1 2951076913
1 3184745162
1 2297146186
1 2669259451
1 1574060586
1 2344079236
1 1069981512
1 261390915
1 3875924655
2
1 429399013
1 3877906527
1 2561849583
1 4208886963
1 119393090
1 560840641
1 3580777916
2
1 3025704083
1 1822299577
1 3539738989
1 2619777578
1 2154896365
1 299564264
1 563561135
1 4119366776
1 4157613555
1 1777388307
1 1303866291
1 1212339717
1 1414980593
1 2827580020
1 2240648175
1 3653039194
1 2525782044
3
1 3917595749
1 2852765758
1 3674641912
1 3334886806
1 3642958253
1 2551341209
1 2315931047
1 497583189
1 727396212
1 2450816722
2
1 3436115694
1 905081434
1 143630496
1 2307178228
1 1777234089
1 634464694
1 3852962630
1 2969036116
2
1 1812314375
1 2679524239
1 503825691
1 3250412772
1 2352836492
1 3205100924
1 2637749600
1 4193327584
2
1 394992407
1 595757132
1 1603392019
2
1 449210281
1 1992971207
1 1736390562
1 282381218
1 450475617
1 1518336647
1 3159979203
1 3439100868
1 3164576337
1 1252805643
1 2917106059
1 4103897345
1 681876836
1 4233481550
1 1068047682
1 3014657652
1 1110131792
1 1084446840
2
1 243364003
1 2395072483
1 2743550278
1 4201325932
1 314787533
1 3466105449
1 2178181821
1 835761974
1 1505566887
2
1 3373407771
1 3789171683
1 2696866918
1 4074389559
1 2094750157
1 1769321331
1 726281948
1 289446554
1 737744236
1 1733844761
1 2265515101
1 1977848105
2
1 3482811928
1 2787990618
1 2932214805
1 234932760
1 109634093
1 159547905
1 3018563997
1 2529296351
1 484525376
2
1 1826198435
1 777096787
1 865560767
1 1602515929
1 2689851500
2
1 1766833678
1 2608532732
1 933802654
1 3628655848
1 1286643146
1 3058476761
1 887074929
1 142684427
2
1 3327862606
1 3463387928
1 476079870
1 1762050980
1 3751599136
1 1236549108
1 1006340396
1 3123082481
1 1042180271
1 3136584538
1 1673929046
1 3136301045
1 3784951533
1 1696992379
1 2911966099
1 2981987456
1 1850438480
1 1115875754
1 1962198160
1 3678188561
1 3290352452
1 1930611426
1 1344036735
1 2191427898
1 1981488071
1 3090378743
3
1 1260665146
1 3950875543
1 3167753584
1 3399144380
1 591115988
1 1635458274
1 519107742
1 618624805
1 4251795325
1 2151318707
1 232835907
1 1565811413
1 236913525
1 852413916
1 3384905448
1 1198513844
1 985258221
1 2919689970
2
1 807904252
1 3225991699
1 2581908821
2
1 2374770932
1 3413735627
1 2166585282
1 353618662
1 3230393374
1 2213458022
1 2211397190
1 310694732
1 350349168
1 907634092
1 487471432
1 1698219042
1 652347129
1 3511895427
1 3993919752
1 2684814598
1 2215812138
1 824268833
1 228030966
1 3000341363
1 659647537
1 457723116
2
1 2967117166
1 3027989758
1 2573021920
1 2432832514
1 246699492
1 4244473425
1 2788504513
2
1 2154840077
1 1853454081
1 449048564
1 1951729027
1 1827637795
1 1109465700
1 2579234816
1 3686724362
1 3976195970
1 533435734
1 3523618887
1 2780616605
1 45596456
1 2956281843
1 4056988435
1 814745421
1 3142591363
1 2336985737
1 3704707335
1 4159304492
1 2155343902
1 2846032295
1 276436266
1 3535605291
1 2353595317
1 441744283
1 892907046
1 1388299863
1 87238911
1 529821140
1 3454280308
1 1355265909
1 2652578204
1 3026835873
1 3564973106
1 1762540749
1 2920741475
1 137507217
1 333996174
1 305212560
1 194926702
1 2994650304
1 2233842918
1 3604248672
2
1 1564334531
1 1358241994
1 996532706
1 2533611825
1 1790658484
1 2184542246
1 308687432
1 706228264
1 3016602492
1 2574029003
1 1960993040
1 2860012390
1 2576550170
1 2790396805
1 1870297763
1 4009554763
1 4007409757
1 2278213356
1 1466775195
1 1869416097
1 3768775698
1 1458590873
2
1 2937252964
1 1252780384
1 4006027434
1 1795947012
1 2471454535
1 3902760194
1 926969702
1 1964470017
1 2755369238
1 191732004
1 1079973368
1 513711764
1 2598425794
1 311668018
1 3502962249
1 1396180863
1 824496756
1 1102262896
1 3537676268
1 3674208751
1 1811504926
1 3988395099
1 181002825
1 3456978627
1 3476825392
1 4062285885
1 378723531
1 3573103605
1 2342074974
1 3675151053
1 2195135884
1 1982416790
1 4067348350
1 1756306171
1 2429862759
1 1451125222
1 3135495683
1 277371659
1 3626530760
1 1128240747
1 1597969680
1 332755879
1 3339473927
2
1 924331750
1 138856337
1 4285841403
1 2409112090
1 3590458712
1 4288077224
1 367962875
2
1 2695014101
1 1769845360
1 2415378570
1 3346482683
1 24872821
1 159156727
1 1966930139
1 2280777421
1 1260187442
1 1424077877
1 3561881961
1 33881716
1 2977478410
1 714318806
1 3833797661
1 3600456473
1 2538369577
1 195303812
1 1187791033
1 796487325
1 3181139528
1 21946465
1 1579381975
1 1825352189
1 2617689201
1 3519991821
1 2810341895
1 1495478835
1 831117058
1 4237158588
1 3233625067
1 2966742913
1 2085895708
1 2032145509
1 3279026527
1 4093068116
1 3117102448
2
1 3695153884
1 2505701999
1 2604451272
1 2520549097
1 761937564
1 927849071
1 2759398141
1 1274870189
1 82546354
1 1800511399
1 2864815814
1 1960044584
1 3818124281
1 102238134
1 1091885781
1 4046673892
1 295208471
1 2124186604
1 379301298
1 2279259680
1 4095353496
1 2020748912
1 323724296
1 360394837
1 1594751668
1 3065762203
1 1840909166
1 693493121
1 2747572783
1 114903514
1 4087576809
1 2840797042
1 2499833948
1 493932858
2
1 4210399553
1 4231221509
1 2576978638
1 2272377392
1 3131399045
1 3060560124
1 1581459905
1 1258847985
1 3147732969
1 2801993494
3
1 1741176614
2
1 2388245573
1 2729138403
1 3598381474
1 947166671
1 3959648361
1 2898436484
1 2524387858
1 4111783433
1 3106937934
1 1425194893
1 342989245
1 967319034
1 2827871502
1 2249091876
1 1646972657
1 1725136945
1 929528218
1 1544097985
1 2690977322
1 4011349342
1 1550960288
1 1865218799
1 282886767
1 2532484338
1 661394216
1 3751838249
1 3292840371
1 312897136
1 1754585992
1 1172394616
2
1 2644680512
1 1598094512
1 2688393606
1 3056196585
1 2864706718
2
1 3102464412
1 3409931380
1 1010636816
1 968464047
1 133328900
1 961520823
1 290241493
1 3384434745
1 1906066196
1 1249169288
1 4259076498
1 1473846672
1 488995259
1 459398378
1 3369722946
2
1 388101987
1 404847888
1 669102485
1 1075316690
1 553731748
1 3725642146
2
1 3788383594
1 1676250272
1 3778861791
1 395935401
1 283573585
1 2101422980
1 1384873789
1 3017281987
1 148882634
1 2035770001
1 1882759529
1 2431353415
1 1286008974
1 3444935692
1 3158389378
1 532288522
1 1623229814
1 844322701
1 1685041024
1 2444754058
3
1 3090245263
1 3390798605
1 3662934120
1 2933790085
1 3751653558
1 554117685
1 1651749086
2
1 1507439822
1 1168123063
2
2
1 259853458
1 2520749941
1 3889205626
1 1324595692
1 2231582061
1 2261638172
1 1716863970
1 218705427
1 265007217
1 1053383875
1 3257447526
1 3774140404
1 660885194
1 3508602036
1 999853847
1 2536778939
1 3731979148
1 2579132742
1 3223725603
1 236219615
1 2283569599
1 3880006742
1 3996854467
1 4192986753
1 2126908204
2
1 3599273122
1 2022946801
2
1 1540518514
1 3394264162
1 1815968127
1 2672268421
1 3041378550
1 711662362
1 696835833
1 1627364287
1 1037042210
1 1788698108
1 1248853722
1 1624351696
1 2585890219
2
1 4262953880
1 3981567572
1 2905981571
1 1360521319
1 2280151819
1 4110861542
1 2911477411
1 3466451230
1 3643708616
1 3384379978
1 1275921254
1 3373981265
1 3053346924
1 1785953505
1 1485365151
1 3265282888
1 1891871567
1 2579202306
1 1091054206
1 2826283758
1 2905082721
1 1178224194
1 4190949930
1 2326689019
1 4130353928
1 96479723
1 1994003825
1 1462498800
1 1513226790
1 1158022001
1 2725926145
1 752822065
1 3279334684
1 1582901185
1 2854157263
1 455523630
1 2030675655
1 2406657573
1 175337828
1 1342066642
1 2067566224
1 409510857
1 2856338369
1 2383386148
1 2963976307
1 2293648558
1 3868932261
1 2025875072
1 547004650
1 1386699414
1 3672793335
1 3062123117
1 1404746967
1 3491999380
2
1 2210452388
1 727571722
1 3978733227
1 1711286969
1 2378621557
1 2587156603
1 3769737120
1 2213659470
1 2928769657
1 1489401621
1 963943848
1 4066822351
1 2183149427
1 1049395250
1 256710895
1 1564725564
1 3705645635
1 2712114095
1 4021622750
1 2656594364
1 1607763793
1 2341139339
1 1500783748
1 4078086093
1 4266276618
1 3995255612
1 895892312
1 1314902190
1 4166893899
1 1368785496
1 892675722
1 3717784516
1 1326828305
1 2304193497
1 1237190130
1 1345630363
1 1261031471
1 655679858
1 1996227309
1 2798785803
1 3796038970
1 782775273
1 1853893745
1 2627510175
1 1380400620
1 3192439097
1 3879590153
1 2759736995
1 125259146
1 2054734528
1 4111529746
1 3421834543
1 3180302154
1 1453889963
1 98349773
1 102185858
1 3388914608
1 2679967033
1 2508512844
1 2359782359
1 2965338475
1 1332332409
1 4274234200
1 1881316947
2
1 1264871829
1 2011306428
2
1 2860665759
1 25960096
1 3054294939
2
1 137131829
1 116635940
1 3802362375
1 3998924515
1 2766899189
1 858819360
1 987872422
1 756955982
1 479017728
2
1 3513125714
1 3355785000
1 83421346
1 66903764
1 1762196917
1 2717183938
1 3863877107
1 6820787
1 2547691665
1 1992309684
1 419756699
1 2145257908
1 1311458638
1 1617637607
1 3541997300
1 1695370826
1 87184866
1 1777572369
3
1 2326061856
1 2105530922
1 1280027822
1 2662477976
1 1599034532
1 3121639010
1 1598002226
1 63332118
1 1307946600
1 3846281027
1 3859671349
1 1216323353
1 2076361503
1 2807962139
1 2883106989
1 3112606164
1 1239742255
2
2
2
1 657227903
1 965293239
1 3613376621
1 421110876
1 2056803523
1 3476502270
1 4146921106
1 2438668966
1 3058733595
1 3532476073
1 3708487997
1 1670548094
1 3107987017
1 877950899
1 840910596
1 1606498661
1 1122707
1 2930397389
1 3668497126
1 703035221
1 3499968953
1 3511025774
1 29140113
1 383823044
1 1903842555
1 16873917
1 1729669949
1 1762889500
1 2443249928
1 4272658851
1 2490925985
1 3037252314
1 1814955238
1 3305428199
1 3019439623
1 3549687475
1 1038986242
1 2455069770
1 2302037366
1 386013284
1 47815544
1 4073095181
1 3334409922
1 1746223526
1 2490355385
1 2627415913
1 2367347494
1 4197631209
1 1454654535
1 2427532928
1 1574846628
1 2624884824
2
1 3838220119
1 3630595885
1 2710834530
1 157663146
1 2381542864
1 3887383472
1 2791354470
1 3594269238
1 2882108454
1 3396439783
1 1497457201
1 3871433551
1 641191831
1 770519787
1 758433115
1 1896234156
1 309715414
1 3767655058
1 3033052962
2
1 1516888930
1 3469431623
1 2885541959
1 1250347981
1 3029167424
1 1906403943
1 1554263269
1 2267777455
1 327332555
1 2896670857
1 3744251279
1 3342662007
1 1199512869
1 1645399718
1 3710425442
1 3606984092
1 3878664511
1 2937461500
1 753993835
1 4185568049
1 2923721878
1 1195877400
1 1550078394
1 2785681702
1 2788647806
1 2642581395
1 2780613399
1 741578645
1 3586149637
1 1649312170
1 606696518
1 2401098637
2
1 2545148368
1 1112113741
1 3981285270
1 3718842132
1 3354170732
1 553208509
1 3995310366
1 3547717653
1 352004654
1 3863586262
1 4136056632
1 3596359933
1 1088399967
1 4024597972
1 657412480
3
1 3851268353
1 1545569399
1 2646260080
1 1922380859
1 3256502926
1 2325215177
1 1747006633
1 984798131
1 2228534282
1 3643795164
1 3814446631
1 1367872229
1 902283366
1 2956597850
1 2236520958
1 1503481380
1 2508287
1 1581447137
1 4200965254
1 3397684762
1 4004129740
1 3306493246
1 472666682
1 2620993901
1 126337631
1 638323276
1 273199424
1 3757311279
1 1837527505
1 2398150020
1 682847611
1 2328742601
1 572633438
1 2329637381
1 1218389592
1 887930488
1 3053869857
1 2448971920
1 1939778394
1 772966229
1 2859098234
1 2721542153
1 2109253560
1 3156420391
1 69391688
1 1546135532
1 2492577150
2
1 4100955000
1 3658631803
1 1901403554
1 2837284425
1 2393457003
1 1520888380
1 2028711050
3
1 1919773406
1 4224529175
1 288705138
1 3538095033
1 425274653
1 2801712131
1 3907872010
1 34744564
1 2585201509
1 2869720884
1 726360823
1 3482741118
1 3377818981
1 1708599783
1 199410865
1 3631319911
1 1885182912
1 38843819
1 1014406360
3
1 3452328675
1 1009411829
1 4117981801
1 2971677497
1 2000192979
1 3885404878
1 3275533814
1 3397338492
1 990283454
1 4203486707
1 2665307981
1 3600189957
1 200118335
1 3221743812
1 3391034547
1 3983420216
1 2876857986
1 1709279887
1 2097819236
1 1819941386
1 2916932489
1 389681623
1 3488195509
1 3944858442
1 3913869241
1 3719388584
1 409375884
1 2128497243
2
1 4021821278
1 2439363168
1 1305442028
1 4059717144
1 1354759141
1 1278493977
1 2474753806
1 2687285300
1 3751781836
1 2462182165
1 48931713
3
1 3091872177
1 1753905993
1 3275652200
1 2014360622
1 4124290606
1 3524115050
1 979259644
1 3093659959
1 894940667
1 1595536310
1 4187956908
1 2544723580
1 2799280
1 1473912728
1 1263208645
1 3452490634
1 2336071582
1 840619547
1 3745565594
1 665999307
1 416041061
1 110501374
1 2825157058
1 3488006231
1 942866958
1 4136688164
1 4209773948
1 3068125888
1 2567973737
1 1032404420
1 1077961627
1 3694924691
1 2553446779
1 930771289
1 1398585757
1 3553997327
1 3305726466
2
1 3309261634
1 333969390
1 1412748601
1 1787521789
1 2605348354
1 2978636930
1 1338783557
1 2516793833
1 742968875
1 1517505929
1 961465577
1 1737024576
1 1920860092
1 2351236810
1 3718968996
1 3139307878
1 1420393426
1 3978325997
1 3095797043
1 736384865
2
1 2793783689
1 534468287
1 2419790424
1 3241127140
1 2507041428
1 2280921098
1 170306423
1 1851905398
1 3064677671
1 3045214057
1 2573013160
1 1562620192
1 759503378
1 3552981094
1 95330362
1 2604352155
1 1087323981
1 3862262054
1 3054245946
1 3166467695
1 2186888199
1 4161187055
1 3432480165
1 1676582626
1 1122907302
1 1108915088
1 987189123
1 1721917592
1 1315562143
1 1370536254
1 3242572582
1 1726341374
1 543914651
1 1671232814
2
1 3035727327
1 2230583268
1 1244035608
1 657019565
1 4222221343
1 3590039107
1 1339415254
1 1941862630
1 4152693703
1 950048586
1 2311828800
1 1134028566
1 3846077475
1 2644914413
1 2647944784
1 1083090326
2
1 4271844076
1 2454414430
1 844849571
1 2102301867
1 4275265804
1 2479360826
1 3574230440
1 2432715453
1 345571642
1 705776055
1 2142734927
1 2383005091
1 3624553336
1 3564046684
1 285127227
1 1224365565
1 630941739
1 619247672
1 2872455331
1 3627718305
1 3290829601
1 1203034061
2
1 2649010904
1 2050168240
1 1284025927
1 4209800786
1 3416387630
1 3663110412
1 2169907958
1 4101367599
1 3138638904
2
1 2583381633
1 351301115
1 473010387
1 2256021941
1 2645345136
1 3441395624
1 2548128283
1 1385607006
1 780580851
1 3565620650
1 3030236261
1 2903825175
1 2214626369
1 4210770957
1 4292252959
1 3673249601
1 2345698968
1 97416452
1 1698873791
1 3657866455
1 3700433677
1 562771756
1 2647054494
1 166436775
2
1 1019532905
1 3850809406
1 3425785544
1 3840439623
1 2977708876
1 2339463716
1 2359499805
1 4190632842
1 582104849
1 3204339663
1 1351700857
1 141207672
1 796067844
1 288913119
1 3340269568
1 2721967715
1 3188251262
1 3369989392
1 4056370754
1 2871944752
1 1993256437
1 162603390
1 2673337306
1 4289362254
1 4049713442
1 2073913902
1 4188071842
1 2256007410
1 1086212689
1 1798278410
3
1 476942760
1 1709912373
1 412054264
1 1780319059
1 3633632390
1 3222457239
1 3192152031
1 674101364
1 3787535434
1 1492752421
1 2669930332
1 2885665790
1 4152937723
1 1917142025
1 2451929339
1 1654873307
1 3971799677
1 3852078384
1 2820893445
1 743490355
1 1092650664
1 807588124
1 483732561
3
1 4091996400
1 2809056202
1 1565188938
1 34686558
1 222238166
2
1 3533507327
1 2964099010
1 595706463
1 1456543889
2
1 3102793504
1 4105535660
1 3356491859
1 1051038195
1 2051961969
1 769109560
1 738903609
1 2831595252
1 3465948367
1 2984656089
1 881176822
1 2609804206
1 1412698075
1 3544652665
1 643891434
1 1433050626
1 810951159
1 2427732926
1 2932273698
1 3017609018
1 1382896432
1 2466961387
1 4251098086
1 1498548239
1 3680176538
1 2610329970
1 845370149
1 226112643
1 2002132700
1 367537369
1 1196742226
1 74420815
1 3090567190
1 85220047
1 1619165243
1 4206536026
3
1 4029372478
1 2859705629
1 2660450630
2
1 980616872
1 728768262
1 2919464338
1 2220137586
1 4199265642
1 323827772
1 952247003
1 3820465824
1 3740963039
1 3829119682
1 2329588083
1 1149736429
1 502220062
1 1711694062
1 2933230386
1 4256713629
1 4038625104
1 3331285165
1 3256293637
1 3458095754
1 3938071499
1 3529649889
1 3422456111
1 2039069468
1 3030043690
1 887454805
1 2783828497
1 785718642
1 2070437210
1 1343082027
1 495597873
1 3517682165
1 2383610387
1 1575425173
1 2772271342
1 181992527
1 2487750884
1 3269919117
1 192749198
1 1328893451
1 564861257
1 3887282180
1 1429215175
1 2718042714
1 1650399202
1 3459056691
1 2259198078
1 3495387770
1 971457679
1 3371773054
1 326028137
1 1450389578
1 917319881
1 2338363005
1 1644003833
1 2589015365
1 754432925
1 3817459143
1 3115240046
1 2217172158
1 2121200917
1 1524420929
1 3775885695
1 621003141
1 4294638425
1 645493504
1 2526876480
2
1 3519214824
1 517446018
1 172247958
1 2424680879
1 2790987827
1 83210070
1 2085575650
1 823996199
1 280025084
1 885028212
1 820807333
1 2784313283
1 2663486849
1 1930490722
1 1738543934
1 961220280
1 1793116004
1 1368727340
1 289844120
1 2242693960
1 2653725047
1 556673198
1 848934067
1 1783886707
1 464572486
1 2578209183
1 356751387
1 1248136594
1 4180369219
1 4221848756
1 2855159998
1 3814409758
1 4198452532
1 2023302208
1 355568673
1 427894795
1 1650223736
1 2829837993
1 3748579263
1 2118767940
1 1384622410
1 2955009342
1 463324210
1 3752939202
1 2410231332
1 1866279004
1 3735709258
2
1 3444859101
1 1240559941
1 1986214713
1 2159782934
1 3480040437
1 1650509567
1 1105196897
1 715210368
1 3388918706
1 540761489
1 1805628545
1 713918155
1 702692928
1 778809448
1 3706959402
1 1062626722
1 2654826888
1 1385882568
1 173135106
1 259651708
1 1171378915
1 1230572377
1 2851754686
1 2327078026
1 2222901751
2
1 690547533
1 3174848501
1 3038901936
1 2909458072
1 1970097691
1 755598887
1 3254323866
1 816388761
1 3873200334
1 963304561
1 4091546019
1 3667687408
1 2472917415
1 125786841
1 1127999428
1 1276594331
1 3780369587
1 2941334135
1 1025614743
1 828268989
1 3695254367
1 3551098964
1 3943551336
1 3677062432
1 4057554727
1 591665834
1 1412506331
1 4236093616
1 1659335034
1 3361287867
1 2996989497
1 1027426055
1 3397906674
1 2667246933
1 3351130424
1 3508089901
1 902302798
1 1400533963
1 3760814311
1 751864168
1 2519961207
1 3175808013
1 3201683703
1 3687805713
1 1201322931
1 1492564851
1 427987668
1 2831814155
1 3713019526
1 1265128815
3
1 3749276750
1 1436573523
1 3583631995
1 2407230263
1 1536957499
1 2877730040
1 3476761607
1 338328424
1 1962736040
1 3754070539
1 4214814879
1 2465159572
1 3696919890
1 1193855572
1 1019256275
1 3785108169
1 3828746175
1 2737150233
1 227029523
1 2483972616
1 584995886
1 3598495577
2
1 3997001897
1 2995706454
1 1136342513
1 2455433165
1 870476304
1 837092515
1 3881436869
1 3404819815
1 1861687275
1 1116364288
1 891747210
1 3376566205
1 1562562128
1 239300513
1 4015760736
1 2328737750
3
1 409274264
1 3957829446
1 4180067651
1 3032492990
1 2831077281
1 1418362520
2
1 3669643769
1 2048221729
1 651128658
1 4053510081
1 3075438193
1 1095451833
1 3525624925
1 1116633523
1 762214615
1 2069070630
1 833057081
1 1014096114
1 3775589164
1 1071447940
1 1614165973
1 3497334708
1 2527896093
1 1153680170
1 3528719226
1 1866805002
1 3165397604
1 3071358445
1 1548501385
1 1890856995
1 1925499381
1 3180094079
1 924965281
1 2820830529
1 847367454
1 375159760
1 3152045956
1 3348558277
1 3818769047
1 3124714125
1 2100510627
1 587881925
1 414065046
1 364069913
1 1845919371
1 2555921601
1 3926122775
1 1500484898
1 1352939274
1 1967479283
1 1769284557
1 4083439416
1 3003189773
1 3790632968
1 1599171981
1 4071892267
1 522136918
1 3180731170
1 3073121895
1 320279935
1 188190955
1 1726784664
1 3704754417
1 712347616
1 2687538146
1 3900343432
1 3872998057
1 3326475080
1 3409946186
1 2346927003
1 2522001129
1 1942652048
1 2286117020
1 815698673
1 1385062928
1 3510127539
1 2731807355
1 3730599234
1 3129728400
2
1 1728757782
1 4042920932
1 2351165476
1 3874046140
1 1087972779
1 335424067
1 3080487535
1 2824298144
1 2518612861
1 2322896516
1 2516898740
1 339349792
1 2365382842
1 2167418990
1 224771053
1 2149598276
1 963182552
1 2429795236
1 1259973216
1 813414918
1 3005575448
2
1 2107472906
1 1234343072
1 8172065
1 1290763521
1 2088218929
2
1 101356408
1 1870876034
2
1 4012674140
1 3385818842
1 2614367829
1 3528614387
1 164681611
1 2503586556
1 2563895668
1 3467165720
1 3749171744
1 1937809540
1 288468414
1 3020415172
1 1620494787
1 1902675556
1 1362335169
1 4126195681
1 2824580056
1 2280530752
1 3340362439
1 932566388
1 2815567062
1 3674421391
1 462220102
1 4152480268
1 2164162087
1 3688498965
1 1859262023
1 2588884877
1 731072755
1 2784409209
1 2054416191
1 1717090126
2
1 3442781683
1 3862929385
1 866087229
2
1 3921713839
1 2359679924
1 2661548752
1 111268798
1 2161072626
1 2414148771
1 3800883045
1 3067758143
1 2973666419
1 3894096458
1 962053647
1 332244282
1 3111997127
1 1497847033
1 1221566610
1 785220629
1 481171954
1 1431895020
1 3412724272
1 157948490
1 504156620
1 490293479
1 1892752287
1 589935502
1 317947377
1 3608528582
1 3647827149
1 340840930
1 2889416301
1 1766599464
1 3883906358
1 2104350233
1 4238023047
1 1646725345
1 589749383
1 204114925
1 1879756235
1 3220087922
1 769600138
1 3633510161
1 2382998882
1 3350548931
1 1076491458
1 2821102429
1 2787875365
1 2571181029
1 3673055964
1 2757458399
1 2238094983
1 3403376758
1 2259913291
1 4061655375
1 2021393825
1 114624500
2
1 2971637918
1 1259024708
1 3287905297
1 2557631018
1 2959898098
1 4161018705
1 4149761511
1 73814743
1 2749333846
1 947635379
1 4086474592
1 2327875944
1 3746342350
1 3102202435
1 90260042
1 937144805
1 1179514798
1 3113953459
1 2324314304
1 3092725611
1 888161542
1 3353266670
1 3763185598
1 1216219271
1 2488118331
1 3485170200
1 1432784634
1 3777608800
1 173499841
1 4154615494
1 3038322126
1 3492460398
1 3734818186
1 3362792931
1 3336427339
1 3029176399
1 3846403128
1 812317736
1 3290327418
1 927281670
1 603016968
1 2627643774
1 751017779
2
1 873746664
1 3012609173
1 868277175
1 3431743874
2
1 1648040446
1 2025521433
1 1958701136
1 990428035
1 3335508790
1 3001438473
1 1924781835
1 761016189
1 1017804019
1 2658456371
1 1166842330
1 2436905189
1 449999749
1 3439647915
1 1190211181
1 4125083245
1 2889341655
1 2377328324
1 2084884563
1 2934605887
1 1174871180
1 2116771609
1 18596439
1 4290070474
1 1618676306
1 3783519341
1 1678705605
1 2655650159
1 715922622
1 3666796336
1 697744895
1 1010452231
1 3793196999
1 2176084305
2
1 4276759929
1 1398124526
1 1429431768
1 1196006622
1 3331166808
1 3409878123
1 1597772441
1 3169662207
1 4253557659
1 2673323928
1 850098161
1 2606940272
1 921294169
1 223337953
1 1351666004
1 2773135940
1 1054638570
2
1 4253635207
1 1148168606
1 2245377310
1 3644272536
1 3447037344
1 1210001610
1 521775939
2
1 571590937
1 280620502
1 3689316693
1 4078441908
1 1694800325
1 2052167501
1 58641866
1 3906066817
1 1808840947
1 1062406465
1 3273753063
1 2799047423
1 2905164629
1 4179521060
1 1244193235
1 1260152605
1 1081060733
3
1 2782648969
1 3305848386
1 32646689
1 3649939918
1 1390020905
3
1 3800738771
1 2917492310
1 2346851349
1 2286804289
1 4288883695
1 991138320
1 3989209339
1 4074600165
1 308331920
1 1056584322
1 3980108439
1 2149314251
1 2837467286
1 2359974557
1 3280788319
1 571683589
1 2060438238
1 2602762732
1 3147888827
1 2598605283
1 3375908719
1 892137667
1 3250850806
1 2187056954
1 3572239337
1 273991404
1 4080938888
1 2195496461
1 451850382
1 3585835435
1 4215274757
1 1815459900
1 754448591
1 4270247886
1 3244587130
1 2562341620
1 409420677
1 1379995600
1 1385041199
1 1520042377
1 1588572291
1 2903588513
1 630644123
2
1 1302339986
1 1324694117
1 3774625918
1 3662367616
1 1511167656
1 2310967734
1 1831653886
1 1532027893
2
1 853375243
1 1918660223
1 3799850759
1 3095035083
1 2152015983
1 4023159438
1 2063849041
1 1711596227
1 2309183740
1 1632494006
1 3198297872
1 3210019762
1 2627685010
1 1438831876
1 1840200616
1 699034691
1 895868242
1 1883696844
3
1 354908205
1 1094351563
1 1965919261
1 1181533421
1 3206295157
1 964564121
1 2169947781
1 3506317356
1 4090326863
1 908901676
1 250611103
1 2571210981
1 685293027
1 3585946547
1 605934840
1 3104080138
1 51248133
1 2745398696
1 1783159568
1 4058734914
2
1 4004064734
1 218131284
1 3223329461
1 3200645919
1 1406417772
1 1628510675
1 1707005642
1 108205493
1 1212017905
1 1950335791
1 4290651653
1 3384736404
1 3109317882
1 2744721878
1 3141704557
1 3335189550
1 3784696924
1 4040436427
1 379944483
1 2212969374
1 208836151
2
1 1450996848
1 1307302545
1 2665112635
1 2590432967
1 1929811701
1 1025807589
1 378532474
1 3749861238
1 3791647242
1 3897820296
1 3959906869
1 3592903400
1 4037940421
1 1868430528
1 3059207201
1 2682258680
3
1 2759605581
1 2557413420
1 3630426036
1 744849673
1 1872268331
2
1 4147199537
1 1651836538
1 2766913549
1 1218876861
1 1110896981
2
1 1374402220
1 3714267532
1 1516898606
1 743627124
1 2185586026
1 77979999
1 2137449898
1 1960124271
1 2839648478
1 1714281439
1 2195719273
1 3267280118
1 649916477
1 4243076397
1 3145596052
2
1 3502391700
1 169205949
1 2660694642
1 1536725346
1 291550115
1 1372296409
1 1152244181
1 610053813
1 2284370230
1 3031379166
1 2597844293
1 566835949
2
1 3540840611
1 181100831
1 1035804001
1 2617486965
1 559153866
1 600835108
1 1239777521
1 473645330
1 3663937653
1 3181177997
1 1144990183
1 2373077428
1 2424776989
1 3896274285
1 574445416
1 2653694339
1 2973842072
1 2213170143
1 3229469638
1 3329450899
1 3813210535
1 3221363113
1 857809051
1 2938456032
1 3492053622
1 2494829170
1 146069144
1 3897628240
1 3279100114
1 2206330774
1 3199354702
1 3371648568
1 1499923909
1 3211487097
1 4130267522
1 833261599
1 1500659970
2
1 861861738
1 119366043
1 1478071464
1 1398647038
1 852955084
1 3776806935
1 3645757241
1 1399439759
1 3342177365
1 1815956313
1 269693146
1 1320979861
1 3132331344
2
1 495186793
1 3756550265
1 1718162153
1 988821817
1 2587546744
1 1595027440
1 1807649683
1 3993090857
1 2036966962
1 2076773451
1 3020778390
1 2140949399
1 40302367
1 2172252271
1 2603816626
1 763471670
1 1087521904
1 4272177756
1 3715481313
1 1572386862
1 3871599416
1 2026570382
1 1493775962
1 1771101748
1 1168617711
1 2742537072
1 3292072777
1 2962324734
1 2374637529
1 618348664
1 1776987107
1 130186924
1 342333796
1 4287779099
1 1359662565
1 2873622934
1 3373333804
1 624083886
1 3559906913
1 595749966
1 3622946814
1 3683641502
1 3492861236
1 1409558588
1 3694315322
1 4249088006
1 320111034
1 1340835337
1 3079315844
1 795694542
1 3438906376
1 3605104794
1 2664528742
1 1188133375
1 2948956100
1 3488749240
1 455282799
1 937814196
1 3695912752
1 2846904798
1 4027284030
1 2457568255
1 2195388261
1 2006426668
1 2750568761
1 4101044584
1 424643645
1 1714837495
1 2186005344
1 1092685249
1 339546241
1 1230297035
1 2598585555
1 445379150
1 2677829178
1 3455130959
1 67198001
1 3545978761
1 2179145167
1 3529623315
1 4212533253
1 1173707345
1 2351011067
1 1478639962
1 649922739
1 3268861538
1 1220499943
1 72249785
1 2083707968
1 1439747497
1 3240003039
1 2722767392
1 2885020483
1 1902852112
1 1183920114
1 2681259205
1 2684293051
1 2772403207
1 177634403
1 1584188594
1 2843075031
1 120532417
1 1838267033
1 3102928719
1 4158123070
1 1143208202
1 1796069203
1 1028897903
1 1976194764
1 40510327
1 345784330
1 3870855450
1 4080902487
1 863493924
1 396966096
1 3393773311
1 1744559607
1 619973173
1 1053930442
1 558243180
1 2828780081
1 1736793835
1 304803284
1 3874999032
1 289676701
1 2089480416
1 3389217779
1 1299077773
1 3945482314
2
1 1075312628
2
1 414948025
1 946177449
1 1939905162
1 3049413414
1 113661791
1 3854943140
1 2074950839
1 3367833755
1 639359084
1 2892498108
1 3668369677
1 1932023061
1 4196888996
1 4083162866
1 1031214250
1 1360713533
1 1634672963
1 2184588452
1 72439353
1 1984252305
1 2079325897
1 1687761381
1 2054774972
1 500104209
1 1361651928
1 3674474384
1 3393287020
1 1409996187
1 2219676656
1 158415686
1 2937602542
1 1707259562
1 280293910
1 2059810248
1 798364172
1 531488837
1 3672923945
1 66496639
1 3753532158
1 3517970342
1 3809071032
1 1939687862
1 2087920076
1 1160263531
1 3557952007
1 882818647
1 2716603730
1 3959838929
1 2949592817
1 1042325290
1 876197314
1 3515855346
1 163578285
1 40657536
1 3089613624
1 3883951190
1 1508818613
1 1049718154
2
1 1647676683
1 569225085
1 3072859882
1 367432630
1 4032041811
1 2915425875
1 10364181
1 2816348766
1 1743102231
1 3719122987
2
1 2884624169
3
1 3141482571
1 2059734572
1 1832376829
1 3457112712
1 2288949992
1 2429678650
1 3765285360
1 904453173
1 3241519757
1 1119952709
1 2558028847
2
1 3331578952
1 457671522
1 1768405860
1 745316645
1 1208689952
1 621963020
1 204081672
1 2556671226
1 193525086
2
1 3460669508
1 3394371454
1 2473599050
1 1634797916
1 3446505319
1 3490840692
1 3912464218
1 1742190872
1 2137966259
1 604765177
1 1909167679
1 4030922868
1 1219845068
1 1048984344
2
1 751942822
1 1782721398
1 1284609902
1 1432546330
1 4021461311
1 1609706718
1 3721762108
1 1486182078
1 1189651190
1 3158626318
1 3126006795
1 561956246
1 1626663538
1 2249073315
1 499078723
1 1281577542
1 4214422767
1 397592686
1 3604516318
1 2908869500
1 1653074007
1 4237076181
1 2954317008
1 3661977365
1 3071675863
1 4058160592
1 4086528101
1 2735640644
1 258718363
1 2708447054
1 2809238052
1 3418691079
1 3598084540
1 999562566
1 1226590861
1 4010411379
1 3921670250
1 3597514934
1 1959809750
1 1990607339
2
1 2164578752
1 2297705311
1 3728443460
1 4279998566
2
1 2659766938
1 3704155406
1 4168093003
1 2697967729
1 1044606244
1 2371383625
1 851928676
1 1267394680
1 1580495678
1 534302563
1 2214511161
1 4192026858
1 1266821956
1 1855254633
1 2936813562
1 1995752325
1 1914038415
1 3068713293
1 2948211506
1 3674611343
1 2585542052
1 315454126
1 3702357887
1 580211634
1 3179765135
2
1 926605561
1 1745824443
1 1584144152
1 2406782631
1 354186864
1 1718102345
1 406299779
1 3700682350
1 3155133791
1 2307766175
1 461693134
3
1 2056157722
1 2859805075
1 3335267486
1 2642535422
1 2572517328
1 963334832
1 2770589223
1 3853883486
2
1 2385550790
1 3394205911
1 165872685
1 4172786863
1 331491415
1 2041146199
1 3609738596
1 1966145125
1 3854760911
1 3083746824
1 1853010184
1 995755913
1 1258525389
1 3089752492
3
1 3760853342
1 767811717
1 2586038788
1 545674446
1 1062155067
1 3598986508
1 515559143
1 887892983
1 3510375333
1 3212890532
1 4232662713
1 1704414444
1 2859569571
1 3113966539
1 431679056
1 2844074666
1 2316102596
1 3330631441
1 3494944121
1 3399270505
1 3002562831
1 1907361517
1 3937620939
1 297684863
1 2372898706
1 1875029538
1 1873588217
1 3612318889
1 63070139
1 89142855
1 1987497918
1 2846002871
1 1667243305
1 2955789221
1 3849929725
1 4237414710
1 3546460670
1 528089394
1 3174634874
1 1632587028
1 737522981
1 3039353302
1 1912694919
1 3949988199
1 770984956
1 357861303
1 417267416
2
1 1373755647
1 2628917160
1 1563083245
1 2319414286
1 99967591
1 1613552204
1 2008865174
1 1158216100
1 1984333354
1 1933523044
1 258883503
1 3616107989
1 1662090607
1 138686704
1 1908182366
1 2864968648
1 1624005103
1 1976592967
1 667544677
1 4105136290
1 3474597811
1 3092722397
1 4160396050
1 1339643134
1 3179837445
1 3621595617
1 3026510345
1 2937881737
1 1368383782
1 1217735682
1 2797204288
1 3756609615
2
1 3558769842
1 1208921969
1 1618585992
1 2013204361
1 3256044812
1 3115922504
1 1396746547
1 3800533323
1 3241910819
1 885848830
1 1470523331
1 354914124
1 576774321
1 3069907203
1 2805075339
1 1523580718
1 155112845
1 1436301586
1 822748831
1 1477882972
1 899133057
1 1486633323
1 3854317493
1 3167923131
1 2669244374
1 3305923802
1 1706574461
2
1 3852413338
1 3355026629
1 3302751648
1 1168840201
1 3083728983
1 2368669218
1 121372264
1 3983040107
1 3005573948
1 4175193232
1 2820479896
1 4250882163
1 736152575
1 1634830249
1 1989237950
1 1226214950
1 1468919962
1 3610856617
1 275010324
1 888942248
1 2343763494
1 350509275
1 1493732042
1 3736433909
1 4086156446
1 1977481700
1 1140824614
1 3465827363
1 647124240
1 1880546228
1 2781638290
1 1636701503
1 1270733191
1 1228030945
1 1741203212
1 4150756305
1 1794310892
1 3101553732
1 2102735735
1 1605939163
1 3689123385
1 4030506664
1 251724036
1 2969051320
1 2000337812
1 429137035
1 3292357901
1 3802417214
1 2397958916
1 3727739421
1 1202199154
1 3951910215
1 2421841272
1 4011918258
1 1795474494
2
1 1213322250
2
2
1 1097970328
1 4201894344
2
1 2633877551
1 66727380
1 4258591443
3
1 3814119610
1 1492607596
1 3645754975
1 1172155705
1 1509122489
1 2238730422
3
1 2377946516
1 1329091085
1 3740852781
1 1491020945
1 3711960183
1 364280089
1 693917065
1 3668252517
1 1273418265
1 2565203277
1 1946561573
1 1329073187
1 3635941005
2
1 2767781016
1 2290825192
1 4272695676
1 1130684994
1 587165983
1 1722148276
1 2210504381
1 2211975156
1 494718583
1 2211931355
1 95370198
1 4155953166
1 3100642606
1 903954817
1 2612109902
1 411591356
1 313215107
1 3220745000
1 3921395478
1 68169357
1 4108856020
1 3493029641
1 1036591176
1 767852069
1 2136405267
1 3624119714
3
1 1229368259
1 3203371355
1 851500872
1 1448440398
1 2552896052
1 2081744577
1 2855824852
1 536464122
1 2066222996
1 3632176089
1 1791060217
1 2182118511
1 147009876
1 569108954
1 3234436758
1 1946911537
2
1 3470916317
1 465840844
1 4118475774
1 1514608036
1 2973458599
1 2012522753
1 507520390
1 3101842729
1 2843415315
1 3785850920
1 2766945160
1 4004601200
1 1677677070
1 188509906
1 913771659
2
1 2233555744
1 4224151143
2
1 1822625382
1 661837150
1 397355344
1 1134568931
1 2175804446
1 3259968684
1 3429478702
2
1 3231146516
1 3319117149
1 4032737832
1 3445541461
1 3512389421
1 3036477501
1 156768614
1 27134062
1 3523483819
1 1223854144
1 1064279561
1 2778130014
1 568097711
1 243346201
1 2118496916
1 412649324
3
1 4259427375
1 2097914563
1 445366232
1 2974776701
1 3787470859
1 790069238
1 3519588775
1 777098437
1 3181319601
1 2138002170
1 2623583520
1 3148028498
2
3
1 3464166269
1 115965125
1 2134329477
1 4131582270
1 1801224456
1 3861386653
1 559832601
1 3590516220
1 496596927
1 3118660156
1 3055949351
1 2883095078
1 264134657
1 1175472311
1 816154021
1 485196923
1 3055989138
1 823867661
1 3685456692
1 3355022040
1 1516206126
1 1887820498
1 2857101957
1 776415616
1 2251894763
1 91122868
1 1203218073
1 899599260
1 2680734117
1 1576143018
1 4262715988
1 3763290203
1 2455592720
1 482055938
1 2131967694
1 16255451
1 4080041000
1 3057671480
1 3143923789
1 3111948574
1 1380681976
1 964989692
1 877611402
1 2940513484
1 4117193079
1 1400642378
1 3711113988
1 1796859762
1 2798567210
1 2232005976
1 531773844
1 2193400521
1 2820122855
1 698923190
1 3245386942
1 4283359150
1 2459424159
1 3068157822
1 3570399891
1 3391521591
1 2595722302
1 1295495462
1 2143291157
1 917316860
1 2787665242
1 3346591813
1 3389445676
1 625677678
1 3301233307
1 4029099243
1 3263733908
1 3570772942
1 2698216199
2
1 1871891218
1 1266566778
1 2693563895
1 1235237603
1 1065221985
1 3278173513
1 3380034573
1 2083215500
1 2247595857
1 3364112631
1 1095644976
1 2912380622
1 269819364
1 3011784617
1 3665655792
1 1169708019
1 2899020169
1 493290376
1 2730315309
1 173726382
1 547994012
1 359391681
1 3552258678
1 2536642687
1 1916845341
1 3166600557
1 2766852396
1 2486224837
1 2756422345
1 1273334898
1 3289431712
1 1249402074
1 2637396323
1 702985193
2
1 3306977946
1 524219642
1 1502606184
1 1663991410
1 920526416
2
1 3486808590
1 1894815365
1 37955460
1 1776480832
1 4286106179
1 1038831519
1 2496585829
1 489738332
2
1 3410383760
1 1829801733
2
1 713185052
1 3744594808
1 1561038309
1 218912421
1 1665304456
1 2340939111
1 3564402385
1 3041464917
1 3039513717
1 3349944409
1 2221616733
1 946836250
1 1891615428
1 3284916969
1 4132984539
1 943023649
1 2852035563
1 142329861
1 506362210
1 3786209737
1 999939732
1 3451416215
1 2218293686
1 812178404
1 470568052
1 193357256
1 3708839672
1 2181482323
1 3330098998
1 1371386582
1 2580083036
2
1 2303452160
1 271946015
1 3170385373
1 2063173477
1 3761164590
1 1309344728
1 485867591
1 993880216
1 4192899648
1 1779184320
1 2960561893
1 2607378774
1 2026998411
1 2203642145
1 781443510
1 280183295
1 3249125396
1 2970751879
1 3024123365
1 2362973122
1 2455989663
1 3311769161
1 3120263471
1 788743222
1 1114298727
1 310945931
1 1804870573
1 2018530735
1 2284427218
1 1322130765
1 3114218349
1 2941629198
1 3338928692
1 801148309
1 457017061
1 3108455749
1 1950258887
1 2695122050
1 900233364
1 637616701
1 3332942162
1 46699592
1 581185844
1 339677284
1 1047908977
1 3070574304
1 2923295961
1 840732352
3
1 1921254007
1 2668200527
1 1143110128
1 3369993187
1 1910773267
1 3729322704
1 749967985
1 2119102949
1 3517305768
1 1954520227
1 3148347270
1 4031296151
1 1638938340
1 2537769789
1 2312483566
1 357166117
1 3343246305
1 2364855723
1 2408308934
1 2992538963
1 1935620192
1 2312468954
1 3200322658
1 1686366743
1 1524539019
1 1417224504
1 2833040875
1 974104550
1 339941048
1 2901100132
1 2977493870
1 3720311144
1 2626465169
1 3913306382
1 1248364750
1 3021881387
1 2085480277
1 1563029504
1 1448054308
3
2
1 633425522
1 704593887
1 2919684402
1 387838287
1 3715338322
1 758818884
1 53050039
1 3755529874
1 3083656003
1 2458791175
2
1 2273453712
1 1631609356
1 1671657747
1 1293710404
1 4118753696
2
1 3567256774
1 484727641
1 126836667
1 209758665
1 4015573668
1 2811677413
1 1401063369
1 168213524
1 4158211191
1 1178942167
1 3733314780
1 1227108446
1 2315898808
1 2265650862
1 286277644
1 2376439664
1 642894080
1 2745064223
1 1155825791
1 823628321
1 1469597232
1 1685803532
1 251392934
1 908055090
1 3439259829
1 1451628500
1 1546514039
1 3043544516
1 2421337411
1 4007168424
1 1005501218
1 4010218672
1 579418091
1 3433200324
1 4137742545
1 2759062520
1 2004133930
1 790793828
1 3083723819
1 1640062165
1 1680564577
1 1101175030
1 1852010495
1 4099961323
1 3623762040
1 4048988674
1 1963447552
1 288708481
1 3461583183
1 2691422712
1 1938844865
1 48106706
1 2881137713
1 648501343
1 3995379919
1 4111194246
1 293440225
1 3467795539
1 3397470660
1 3094850278
1 2534634219
1 3235877679
1 2039581476
1 2376176458
1 4148564913
1 658684941
1 3894359068
1 2520391527
1 559645757
1 1179675406
1 2595706397
1 4281537363
1 1403742556
1 2171104016
2
1 3091271460
1 171795563
1 3472834361
1 3672589291
1 2470938158
2
1 2177514665
1 2050807603
1 2169739417
1 2547412635
1 4255002283
1 3348497229
1 2470137839
1 3745896748
1 1852890707
1 152072609
2
1 4171139045
1 967779037
1 4059100639
1 458735370
1 3569959283
1 686196492
1 3442090748
1 1004886356
1 1765819290
1 2179275536
1 3696394234
1 327218371
1 500301405
1 1581874719
1 553303842
1 582834802
1 3797450349
1 1995276385
1 3771614654
1 3978338866
1 490893483
1 4262580766
1 680223940
1 3951366452
1 3208722145
1 511948616
1 2894101801
1 498032329
1 3759077120
1 677889188
2
1 925112426
1 1256824745
1 693834804
1 3446335893
1 1406003027
1 2177440756
1 1670538313
1 1696552071
1 745112557
2
2
1 1067637425
1 179271250
1 2723990044
1 4103401624
2
1 772475255
1 2174317398
2
3
1 3089654240
1 4007488296
1 3853856509
2
1 3726257530
2
1 3291946395
1 1275494148
1 3412046436
1 3927470925
1 515182331
2
1 3374793108
1 320919982
1 3372898092
1 2693270042
1 558236432
1 2114053171
1 3142029258
1 3162766678
1 437579339
1 3778315359
2
1 3652462238
1 1022235943
1 478695077
1 1421184103
1 3541434437
1 506273424
1 3086830042
1 3641113339
1 3012723533
1 4131522509
1 347858609
1 3492609082
1 413947215
1 2757617768
1 423609942
1 3749003017
1 1031230563
1 2970072196
1 1153481165
1 1819766180
1 1498254725
1 3867212258
1 1593950252
1 1286309761
1 165759828
1 1988152188
1 1634616657
2
1 2288209691
1 2720113789
1 2089895985
1 1898845545
1 2439559838
1 1895352122
1 2916245627
1 1397738210
1 1656720754
1 3148046080
1 1873892054
1 815708986
1 1662692307
1 2081208053
2
1 1680120248
1 257415193
1 553298795
1 781516885
1 2295458226
1 1848172650
1 1625125115
1 2557717611
1 1131710674
1 996374464
1 2949786535
1 3650323626
1 980001635
1 2368500491
1 3221831961
1 1187646934
1 1494600895
1 1542022330
1 20869161
1 2125876618
1 1332023790
1 442256682
1 488310732
1 3547011020
1 1651349869
1 3595401911
1 281965362
1 3868655603
1 1811367516
1 1704092769
1 1120538876
1 2223739287
1 1008924481
1 2308352770
1 3303261912
1 3398815636
1 573650836
1 124978945
1 2326934664
1 1929614705
1 3614043620
1 3407948288
1 633591629
1 742986927
1 291123250
1 1179449254
1 658202919
1 3656066916
1 3095588559
1 941148147
1 2380081536
1 1843800831
1 427192061
1 3320496299
1 243214276
1 161951770
1 2166107333
1 2161356797
1 440927924
1 3204102776
2
1 734303392
1 520565153
1 3869915790
1 1144793501
1 1688375023
1 1016951166
1 2824719970
1 4004394274
1 3251071541
1 1394597
1 2442820796
1 1182796595
1 600408853
1 3964554443
1 1988562933
2
1 3778688076
1 1509114239
3
1 2196151650
1 1112164287
1 3298427812
1 618771094
1 285866770
1 2476667621
1 1827749145
1 3577771465
1 2825298613
1 4236625744
1 2167886915
1 372652233
1 2350689388
1 54741198
1 3397306042
1 1854650888
1 3840217454
1 1378085338
1 1077125002
1 382457641
1 2361776420
1 2799747881
1 1394365997
1 2774598179
1 1916074805
1 2832722207
1 3806388652
1 1842066
1 942402765
1 386818253
1 1419403395
1 2697349188
2
1 3431359261
1 2326223858
1 1825818724
1 2965444597
1 3324476410
1 1585938842
1 2561797618
1 2053649590
1 3037998108
1 1033582430
1 3406208633
1 2601398428
1 2032547000
1 427484
1 626632833
1 55851717
2
1 2935433205
1 570904311
1 1933916358
1 1892850779
1 140269845
1 2751009986
2
1 1722212088
2
1 4059698265
1 2600361771
1 3242049179
1 1455530948
1 3215702413
1 3519012321
1 370468183
1 3665361259
1 4115839360
1 1945689256
1 2867799188
1 1604561301
1 606312286
1 2608234345
1 1043979367
1 3893361212
1 1724137170
1 1115773617
1 2193650117
1 1278649946
3
1 3005807026
1 4152596404
1 3789956050
2
1 2231473994
1 416582699
1 4142511490
1 2819974705
1 485142765
1 666252692
1 3005587612
1 2372763776
1 883078338
1 3140726852
1 1542297693
1 1482741867
1 1369383819
1 3642344347
1 679500083
1 2970981062
1 2207997388
1 2065843207
1 2880063878
1 687045722
1 1070541147
1 2815670926
1 2886896521
1 1506272201
1 43938774
1 452517350
1 1018058938
1 4131596801
2
1 1709981628
1 402005989
1 2079910782
1 900763509
1 4083678562
2
1 2389310535
1 268505779
1 3407805144
1 4232038700
1 1841754262
1 4117825952
1 2813492470
1 144441769
1 3774208961
1 2686219646
1 4076894005
1 3159443006
2
1 3176145248
1 1836205481
1 2560681047
2
1 2933000641
1 4256599577
1 2281148422
1 3977022016
1 2384449286
1 495188797
1 65919427
1 1134170932
1 3411492784
1 2295669997
1 4019334059
1 2573146177
1 2156929653
1 2087530756
1 3869440625
1 3664406849
1 4131142714
1 3160937701
1 73839803
1 4221192636
1 3827143350
1 1032184439
1 2482933881
1 159146050
1 1284757070
1 1279523544
1 1558665673
1 3962136104
1 1689131387
1 1926927890
1 1901044698
1 2890479007
1 1323613863
1 2250365701
1 4276331298
1 2843605288
2
1 4231569230
1 903799095
1 1538732636
1 2778581381
1 3940686197
1 2823211290
1 1312417066
1 2777054275
1 2713310927
1 1832448747
1 2647482346
1 2995419358
1 3705192171
1 1334392154
1 2938612172
1 1979767598
1 4262250187
1 1919945048
1 3813744669
1 4116905203
1 2197490822
1 2103729618
1 253454590
1 1336293303
1 1506125667
1 2731106863
1 3383479119
1 2017451031
1 2145924071
1 4052790402
1 156933052
1 628088165
1 2021069684
1 731840306
1 1253342600
1 309185954
1 2787424240
1 2132773418
1 504228687
1 1852415695
1 1400798748
1 793443237
1 111873180
1 3370143884
1 1751150937
1 3244379446
1 1658901756
1 2498325812
1 649913971
1 381484020
1 4156089364
1 2152591104
1 605167325
1 2861200776
1 1782267583
1 3373417294
1 1278374437
1 945698343
1 426585459
1 1216479075
1 3887608746
1 2269468145
1 3401821072
1 3126529467
1 1274787938
1 121698379
1 3026294247
1 2512660303
2
1 1260526626
1 343651026
1 3158253945
1 3304221942
2
1 300126660
1 4194415517
1 4122090784
1 757326719
1 3276728598
2
1 1605361334
2
1 1182326289
1 2322122825
2
1 3890444070
1 1427152761
1 4088314363
2
1 2203273897
1 3222636618
1 429174726
1 3835627207
1 3962819392
1 297148690
1 1172592720
1 3278626210
1 2905149272
1 36203844
1 3886060522
1 187802973
1 3575872784
2
1 3974753287
1 1857877116
1 1798621842
1 3083156608
1 2315103177
1 3465006953
1 3519166769
1 748414886
1 3291173537
1 214252466
1 1916428295
1 1292985884
1 2780473936
1 1969700264
1 2988217980
1 3143715250
1 1340265779
1 5380161
1 435757535
1 2727066049
1 3105534771
1 1710345427
1 1684528042
1 209130182
1 115677162
1 266352745
1 1244158078
1 12453583
1 433771115
1 3606772298
1 2242230773
1 1409130286
1 3079923816
1 3462517649
1 3292476464
1 1713115636
1 2444821553
1 893192548
1 3796058481
1 664350646
1 3359385904
1 1571878587
1 2420821341
1 3578556116
1 597870960
1 1373715173
1 2485052934
1 2113798648
1 247912745
1 1115175667
1 3984676743
2
1 1425501616
1 799085728
2
1 3889119839
1 640108451
1 3407092216
1 255513468
1 2916931779
2
1 2166429158
1 538213837
1 1193604938
1 1763045622
1 3082561983
1 3504732108
1 978742975
1 1102881685
1 2079422707
1 3317057822
1 2771951082
1 4223578317
1 2144112128
1 1077284998
1 4061970521
1 2342836354
1 882388404
1 2554935176
1 3559830439
1 3884470929
1 2125559127
1 687257616
1 1992737237
1 1038504558
1 2251219380
1 1110762200
1 2448376459
1 1276009070
1 3866022482
1 508248263
1 2622855691
1 4039081870
2
1 2860085524
1 1692734011
1 3530057738
1 2775577414
1 3931849104
1 968231293
1 761248245
1 2725886579
1 3801989225
1 3091381150
1 1294103428
1 1964843362
1 3163921688
1 2753522379
1 2181889875
1 1882509349
1 3176374212
1 4256363942
1 3430726813
1 1870963988
1 2819463691
1 3191470023
1 2413850360
1 2146430915
1 3902696730
1 2019147376
1 3020344796
2
1 2257881366
1 273206133
1 272076718
1 3538474026
1 1050739670
1 2186375279
1 4102608955
1 1410791970
1 804082426
1 1823916275
1 3498581855
1 2568696095
1 1707616109
1 1475826622
1 719341336
1 2932725460
1 118005624
1 4269500533
1 3692424813
1 1573553187
1 2088218977
1 3935359661
1 1505762831
1 2447901845
1 2517611707
1 3322072897
1 1654874061
1 3768969886
1 3979396878
1 1713134885
1 2974429310
1 3988727291
1 1158390330
1 811083142
1 1934664912
1 1260095347
1 106036640
1 2398394703
1 527838995
3
1 2862391132
1 678209240
1 2119055723
1 750765026
1 4099765282
1 1157596489
1 2575217569
1 1978656436
1 2311251814
1 1171225797
1 154862928
1 2296864432
1 484636515
1 2611610408
1 1633932786
1 348683055
1 1459780606
1 3027228850
1 1524282178
1 811698006
1 3178886415
1 840760047
1 2810758089
2
1 617054234
1 2036113341
1 3245295856
1 2888843436
1 2828818753
1 21672912
1 3113203153
1 1435262800
1 2926194108
1 592654516
1 760073521
1 1353011112
1 1045243244
1 3225298180
1 2581666759
1 520804267
1 929044168
1 2469560750
1 3883239375
1 2472752213
1 2134512938
1 530934496
1 2636960997
1 2594252528
1 3642112936
1 3184761972
1 3525290649
1 4189066808
1 3405223418
1 36081660
1 1841694787
1 2345134817
1 1501741366
1 359845376
1 1484015338
1 1446049696
1 1750534866
3
1 1868901151
1 3271326255
1 912544550
1 1619897556
1 2406914094
1 3041477450
1 2172333134
1 2444661872
1 3224688559
1 184771162
1 3083020147
1 139389257
1 3479195273
1 73283707
1 1298770262
1 3365778329
1 2256813596
1 3697492068
1 1139603556
1 3890004213
1 673295967
1 3115650529
1 2316654082
1 2748814524
1 3864498968
1 246706905
1 4114266578
1 3597757157
1 1482393028
2
1 557647089
1 2742365504
1 893284101
1 3836740877
1 2401477525
1 1859022770
1 3190467008
1 811547630
1 4214492071
1 2176645461
1 2673239285
1 2400009229
1 1537527645
1 3849203270
1 4172935732
1 3011654300
1 3073930612
1 2742394719
1 1976507764
1 1275209734
1 1004881058
1 4101455543
1 266030984
1 97606823
1 107424693
1 673322746
1 1013831491
1 2473607352
1 1903389918
1 4238502070
1 3575880165
1 276476769
1 4085863403
1 3868163230
1 54731555
1 2887409426
1 3045587416
1 1788027204
1 4053043533
1 4106538286
1 3157144896
1 525823309
1 1688961908
1 1822811647
1 1664240090
1 4041863316
1 1354313168
1 4264094812
1 3540573743
2
1 4098489998
1 1650861019
1 1008044412
1 1477895761
1 3544293817
1 2950965402
1 2807445503
1 111588
1 806237556
1 3003510635
1 3578426741
1 806568007
1 1365435540
1 34906081
1 4070962278
1 2305704337
1 1856624981
1 267070337
1 2880943183
1 329086538
1 3879704873
2
1 4191003474
1 1417651278
1 1769113890
1 2816485510
1 2458604434
1 2691136443
1 4029389030
1 713923764
1 952143753
2
1 2852091576
1 762134343
1 1278591322
1 3253148167
1 3011165776
1 1840226519
1 3270104596
1 2921913775
1 1126504978
1 675792144
1 4056893321
2
1 2041439306
1 1195169024
1 1960803004
1 3883187687
3
1 3275209159
1 3780080611
1 3836578100
1 1090808129
2
1 111233198
1 1486260729
1 2844849584
1 1521322378
1 3454906823
1 533283915
1 885463927
1 2475018693
1 1228274891
1 2932801081
1 1049127731
1 3700385277
1 4168556652
1 3898663690
1 1170981119
1 193016871
1 1273610810
1 1217509642
1 3209649636
1 3834757556
1 2123404843
1 1625293356
1 3331844740
1 2877154363
1 3546210988
1 258324969
1 1399343071
1 3634346462
1 1840455508
1 2365013552
1 2446576364
1 1403309345
1 550008199
1 13238420
1 1475814248
1 333857254
1 3897983117
1 1480446768
2
1 343685744
1 160767120
1 4224986126
1 1813848928
1 3480440231
1 443697458
1 1105090027
1 1649420629
1 3388699746
1 1398552729
1 1800878394
1 3994778787
1 2284938064
1 883177595
1 3818256564
1 357474387
1 2084799663
1 2494597274
1 3308895953
1 1232731136
1 948215819
1 2238872578
1 593500211
1 3143217750
1 1630026715
1 2702853245
1 1252695015
1 776995666
1 2002952688
1 1838707670
1 4120933158
1 599164646
1 472771187
1 2971611445
1 3140802970
1 3071226577
1 151394313
1 658201547
1 2562904775
1 681312063
1 233266492
1 3515702373
1 101358096
1 4249293919
1 3838293919
1 311824330
1 1547847551
1 2010772969
1 3267105631
1 4128437966
1 2254905335
1 277666232
1 162519631
1 3759937327
1 517285157
1 4246169744
1 596011118
1 4019592907
2
1 2374158769
1 578721813
1 2004894158
1 1985673083
3
1 3512027226
1 4054068987
1 3705884021
1 3857253764
1 2699309254
1 1594005451
1 3850445237
1 3137661773
1 1527204278
1 944164931
1 4244455055
1 804572856
1 2867156592
1 69230529
1 3212785176
1 98649195
2
1 3701044455
1 1407518715
1 97264319
1 1514599086
1 1682440702
1 2854852667
1 1543820491
1 2659642641
1 3283211610
1 2123336407
1 504245208
1 3324553569
1 828958795
1 3599187342
1 1587655783
1 980685943
1 3825673303
1 404154022
1 3725057996
1 403312573
1 98530593
1 2265257396
1 1413429151
1 3704847061
1 408167826
1 662475239
1 1598973406
1 2038409206
1 3769250025
1 3446639391
1 1479327014
1 4058650158
1 3722363173
1 684305585
1 2285866854
1 3823177223
1 524535948
1 976542489
1 831272756
1 560861399
1 3789048705
1 4141116669
1 257240136
2
1 2285007943
1 2395113857
1 2268218302
1 1055448050
1 208424414
1 3744223621
1 157541171
1 864123867
1 3520140702
1 3617057908
1 1946564203
1 1326019868
1 2873962831
1 661926120
1 4167516582
1 571845343
1 637699413
1 3918169565
1 683332374
1 2669053668
1 4197137243
1 141147088
1 3625909944
1 1027478137
1 3134810217
1 3025094978
1 412876608
1 2176426811
1 3482589105
1 197859287
1 80747503
2
1 1906309758
1 3066096674
1 3335939420
1 1050751065
1 3487670396
1 2072593964
1 4066620725
1 2581675815
1 118103089
1 40257660
1 917711661
1 335621126
1 3454869206
1 340191794
1 976006295
1 1817378979
1 3950323620
1 4217576344
1 2742715547
1 1436702920
1 2708571101
1 3075958961
1 3458477838
1 44122699
1 2698320667
1 1740663403
1 4011124163
1 1944707420
1 3578095652
1 3729772059
1 3355064327
1 1403671944
1 203773435
1 1099491580
1 2105133602
1 944867947
1 1470586060
1 1840944725
1 2080555549
1 1346827980
1 2577834729
1 2127483058
1 2840865241
1 747530290
1 123059748
1 428607129
1 924746705
1 3635413524
1 4060285450
1 1955497576
1 3520061975
1 4032618170
1 688768523
1 233165412
1 2441509116
1 4215268648
1 979561602
1 3306556771
1 840496222
1 2963191579
1 3066155536
1 1589580599
1 2183877472
1 804242072
1 3502716577
1 1803573366
1 3266666333
1 2302660202
1 3656396263
1 547003658
1 1020654971
1 2528763883
3
1 1932560252
1 1355619413
1 1008356165
1 3917765324
1 3500148691
1 2360415694
1 1695337727
1 3829364604
1 1957449303
1 1044376180
1 2426933085
1 2079477801
1 3961086976
1 2647274402
1 2648906324
1 3521944304
1 3202699957
1 3689990686
1 1525387240
1 3464518736
1 2628872134
1 2702761475
1 682990388
1 2774050560
1 3721087702
1 107225888
1 2203990305
1 2187053887
1 3781569717
1 3615822971
1 2242558998
1 1614620643
1 12009981
1 4286610753
1 3396752650
1 2156282447
1 2239680677
1 1884932885
1 3132764853
1 3398223
1 3284893093
1 2866190213
1 2502031918
1 1087954488
1 2918653180
1 1060197743
1 3768200577
1 3695745372
3
1 2078496593
1 2533681260
1 2825430284
1 3624600214
1 1654601665
1 1475609930
1 2438680799
1 3307839105
1 3912872496
1 1409052098
1 180840439
1 3242644294
1 2685899302
1 3330294728
1 1685709953
1 283195943
1 134978662
1 149258129
1 3785534259
1 1703763785
1 1710651030
1 420061308
1 3062674028
1 3108827273
1 2882714448
1 3449157426
1 901391643
1 325816584
1 3608560946
1 3266490761
1 1777985157
1 4010111704
1 3065604479
1 674807731
1 2985073848
2
1 890979595
1 2573936294
1 2023734392
1 1197618897
1 4200797533
1 3013254225
1 2747011541
2
1 3705691251
1 3713186519
1 2820148560
1 3145821853
1 6559438
1 3085748443
1 902867944
1 749724376
1 2022050167
1 245288262
1 3599035900
1 1087156136
1 797943156
1 2696693762
1 78847148
1 1310843465
1 1662015183
1 944985290
1 461436518
1 2170796621
1 24216078
1 1325824799
2
1 2338888026
1 670895908
1 3320277915
1 3427769171
1 906236191
1 434654163
1 1471106570
1 4153643632
1 3703637190
2
1 3843164609
1 1178820843
1 3903791983
1 3800395731
1 1027384897
1 2463450232
1 2200778209
1 569286810
1 2588757311
1 1576695790
1 586076523
1 969626223
1 2354317551
1 3561031291
1 1733592753
1 4139255919
1 345664256
1 1849532461
1 3544417136
1 2984159558
1 3470535620
1 2021636912
1 3929041161
3
1 3363918980
1 3424879943
1 2212141885
1 1974049942
1 1230437809
1 1256466159
1 911090304
1 3816260632
1 1300488125
1 2295167429
1 1189735830
1 2696344896
1 1091629133
1 2249038517
1 1153429866
1 4249886446
1 307848926
1 3133785785
1 4071718311
1 1231644444
1 392774118
1 1372047666
1 428184467
1 4079409663
1 1063570679
1 2276876572
1 447458240
1 3415374604
1 1051220086
2
2
1 3404457041
1 1189762780
1 2546895620
1 2048342340
1 1726591215
1 798782037
3
1 2812579266
1 3376310148
1 2916306246
1 3095825567
1 3472465430
1 3387565715
1 1827630367
1 830719592
1 851926924
1 2459056488
1 2511082142
1 851829184
1 4036777612
1 3403464110
1 1835797627
1 673770253
1 1127721550
1 882101042
1 3927123195
1 3470301486
1 1271701145
1 3646615326
1 1554608929
1 2561283419
1 2311448318
1 1477304967
1 1284195812
1 663320843
1 3279404613
1 2690451677
1 817212303
1 1853091100
1 2936959577
1 142789239
1 3468978033
1 3712184150
1 4250228706
2
1 1880030085
1 954242842
1 1309554292
1 3578336944
1 869254903
1 3002175204
1 4041119562
1 3099556025
1 2897528131
1 1716705234
1 4249660656
1 1361988693
1 2567521979
1 3105553721
1 2905387385
1 341451684
1 4202035665
1 120676901
1 1127862741
1 1458108403
1 469457679
1 2769447173
1 3447940450
1 2249105084
1 1759322848
1 2379867770
1 745757045
1 2547510245
1 3918337292
1 3110369100
1 2566804311
1 3826402067
1 540538935
3
1 277020324
1 494656206
3
2
1 1191803389
1 1557988162
1 3322886246
1 587142130
1 841281423
1 1514509926
3
1 346208948
1 2431254341
1 84092408
1 687828389
1 3765008191
1 2319840398
1 4019902141
1 2050612888
1 1361517249
1 2635269086
1 2610150122
2
1 1776093170
1 2388481072
1 716961640
1 1330698712
1 1968053001
1 2415288014
1 3379935986
1 4045553766
1 1813097053
1 2668728644
1 3329357323
2
1 3052665034
1 2488252780
1 141817721
1 2313827910
1 680744018
1 1296318211
1 4120107958
1 2634034794
1 4054861132
1 2669792631
1 3479949434
1 2453258527
1 1583403808
1 1332818993
1 2820723814
1 1421553894
1 1900053993
1 248466360
1 357631261
1 532428870
1 3969131683
1 4105783666
3
1 1103547696
1 1592120422
1 4031811470
3
1 3052631092
1 812544103
1 1725020663
1 2845921103
1 2586978556
1 3287608271
1 485889927
1 1793078525
1 973626120
1 3578284889
1 2807530621
1 939641957
1 665727705
1 2672610047
1 3742883282
1 2812813539
1 2091580588
1 496901770
1 1589541984
1 4179068617
1 1107322422
2
1 3228903277
1 169902780
1 4048343366
1 3599291020
1 157035410
1 545088336
2
1 3364025007
1 4115351907
1 646096289
1 342485637
1 3238514686
1 2897863197
1 4227831280
1 785250854
1 1121432299
1 2075447652
1 1520400961
1 2039785707
1 3885101582
1 3525782275
1 3793973540
1 3791695857
1 2830271632
1 3644294057
1 538965492
1 1459551412
1 2841754768
1 3769615819
1 2315188741
1 2766078932
1 1484169553
1 1908406625
1 1107371641
1 4265222469
1 4089781010
1 4266155861
1 4229920732
1 1255016244
1 4289420819
1 1874041682
1 3336250991
1 1493552801
1 306692120
1 3734507133
1 3279629486
1 1211593066
2
1 1183602169
1 2063676209
1 2046297083
1 1223067075
1 3527816430
1 1284297754
1 283368589
1 2781087200
1 1386959681
1 1615878473
2
1 1681637096
1 839760940
1 2301949322
1 1838764664
1 216819452
1 1856414076
1 3568166757
1 133858593
1 3832896926
1 1424953547
1 1909457126
1 2625747184
1 675818910
1 3696240177
1 3523918278
1 2260806595
1 333829706
1 3661382341
1 1419620879
1 3040972215
1 141076757
1 2815622960
1 442268321
1 2687492825
1 205274039
1 792050471
1 2109138463
1 2628572556
1 1797965579
1 2199133647
3
1 2801667687
1 508583305
2
1 1880068870
1 119301314
1 1644750857
1 390228772
1 1064038078
1 702721286
1 1547050587
1 3344329348
1 2757471557
1 463431784
1 2693306281
1 1648449970
1 1567376254
1 3237775453
2
1 1282990665
1 3369330418
1 226539635
1 2611531529
1 2188808212
1 1397142935
1 1414275059
1 2708833565
1 1583067811
2
1 3434130537
1 2962488672
1 446780115
1 1076078068
1 3154740570
1 3256134437
1 3211536723
1 3802114665
1 2390980114
1 2383059288
1 4101238558
1 4272622642
1 680944538
1 2489433667
1 2392687319
1 3827326354
1 193843326
1 1534603398
1 5806067
1 2902299490
1 3105746399
1 1838273187
1 1639746444
1 1462657802
1 3220737249
1 3220697286
1 4261561916
1 2646375703
1 2080929752
1 3039934995
1 4070879140
1 1282604818
1 1454666816
1 2003336879
1 719421016
1 3171497034
1 129730544
1 3624485901
1 683321504
1 712228171
1 1409724609
2
1 769023304
1 2288330683
1 3013859436
1 3581300195
1 4131723131
1 2718491656
1 160168435
1 2296242867
1 3126548245
1 3500297246
1 2238230685
1 2112840049
1 29508182
1 2575874307
1 1334318452
1 2162352217
1 3414498660
1 3157869299
1 782331648
1 394191563
1 1984824059
1 2761439566
1 3477196842
1 641056362
1 364644409
1 1292331677
2
1 1796234030
1 180066326
1 1430410489
1 2101135288
1 65352711
3
1 1594593083
1 2717880359
1 3525480729
1 3850496796
1 2682428698
1 2128951102
1 1822093556
1 1971027916
1 929553538
1 2226739105
1 1550339060
1 3082394283
1 3181303151
1 3019052350
1 3949403474
1 791841974
1 2888233808
1 3987809936
1 306221695
1 4097508382
1 778503549
1 2945579751
1 2362319473
1 649579725
1 173515975
1 2674615893
1 3741118785
1 3128411549
1 1620211002
1 1042380600
1 3837189567
1 611735995
1 1123577846
1 4204421525
1 3502345995
1 3924218452
1 1519262896
1 3337529537
1 3128019420
1 3919222571
1 2571812504
1 3089467180
1 3671527932
1 401259910
1 1300771541
1 4215714471
1 1486642490
1 3083942336
1 3113032941
1 1622351227
1 2605592239
1 2530865762
1 3661262979
1 1298770128
1 1490466998
1 3455566915
1 3734131131
1 1278036658
1 2003978042
1 3142355329
1 629373214
1 2129005046
1 4136105689
2
1 3523279253
1 2155379083
1 398114186
2
1 1282101710
1 1201692489
1 2574500188
1 3669510367
1 3208958020
1 834322459
1 4266604900
1 647451506
1 2134833878
1 132000491
1 3833952039
1 2366263402
1 3021782998
1 991689464
1 2881727589
1 2126561192
1 1793767726
1 3430819526
1 1011132328
1 683493566
1 679997616
1 3725310175
1 3677161604
1 3991162163
1 2642342669
1 1313708857
1 2936070489
1 3455540781
1 499478270
1 3424158942
2
1 3921544514
1 275966171
1 543448040
1 3198703632
1 4270354185
1 25953420
1 1488304966
1 3777535726
1 2669773885
1 3404416657
1 964630062
1 225176314
1 553750258
1 4286873347
1 2903956322
1 3317691690
1 1281633501
1 3737219182
1 525365892
1 279428385
1 833727821
1 167563125
1 1932758774
1 1626447493
1 880108825
1 1336156407
1 163999396
1 369433041
1 2823133229
1 3810411799
1 483237644
1 347154203
2
1 1509974091
1 1735482814
1 1823467048
1 2115074944
1 2646358431
1 3372220810
1 402481415
1 1379060625
2
1 3046001863
1 95976157
1 3893495920
1 282168101
1 2301838662
1 442931177
1 3169059368
1 1655706772
1 3364139298
1 1977147381
1 24050527
1 3860040143
1 3120155192
1 1160869720
1 1178246214
1 3884061234
3
1 3779405835
1 2438737847
1 2553508335
1 3353040240
1 3217644973
1 2401525884
1 382730997
1 4201307607
1 836150996
1 4247721718
1 2462262313
1 915499503
1 3159880453
1 1740534158
1 2992335924
1 772282990
1 927965062
1 1141768074
1 2549223898
1 2729824763
1 4278490351
1 117545551
1 1152919750
1 759184377
1 4044674157
1 1287648149
1 1415367121
1 2737186280
1 478974257
1 4217649913
1 2121010297
1 1025521832
1 1212681770
1 2961315813
1 214928992
1 3762370203
1 911975340
1 2436114942
1 2246756979
1 3939835182
1 852257621
2
1 2446287826
1 1390016455
1 4052346519
1 1211076083
1 3414289017
1 2659604539
1 2209520619
1 2056999558
1 3463107266
1 3653221769
1 3202947696
1 3920914039
1 2830384144
1 2255369501
1 4288708696
1 2624658546
1 679900943
1 3192753558
1 3451830869
1 3286752451
1 27335424
1 3423333392
1 10808083
1 3247795426
1 2763252956
1 60634591
1 2581114895
1 4152110097
1 1819008245
1 912908231
1 3540089949
1 2244270012
1 666592734
1 2109151714
1 2299863295
1 3549367117
1 754975324
1 4132629650
1 2411788265
1 1527956777
1 3520114869
1 4256226802
1 884525099
1 899966861
1 1044540189
1 3075916161
1 2445728168
1 2033149463
1 1909205560
1 3095271445
1 1235691920
1 2989260752
1 1241630018
1 2112857875
1 1739452382
1 1649268903
1 3656470362
1 507143540
1 3476338283
1 1823267251
1 2188698981
1 1380943704
1 3699865148
2
1 4280875917
1 1251350965
1 15203058
1 1763168279
1 1037732217
1 1296386237
1 3576182306
1 1538461771
1 920120943
1 4064621703
1 3537331346
1 585331612
1 3878088211
1 2569413256
1 1271724386
1 769540920
1 1995985310
1 95119394
1 4144505612
1 1678759718
1 3747554515
1 2919708948
1 4169241213
1 1984978387
1 2771543031
1 256405767
1 126832038
1 325849458
1 3675952595
1 507485781
1 13534813
1 740188876
1 1545896370
1 2297103686
1 628443565
1 1231076981
1 1921839076
1 3471511811
1 3941508320
1 570569652
1 1889881651
3
1 3949221953
1 2289055754
1 1185484452
1 1963412597
1 3877802051
1 804632329
1 3178620348
3
1 124295855
1 2683290806
3
1 2473362814
1 3492683184
1 1483584505
1 3599801507
1 3145625937
1 3608155878
1 1621130690
1 909199467
1 2266863846
1 2525612079
1 3380084057
3
1 3226849004
1 2017733726
1 899936150
1 181413248
1 400332577
1 602664005
1 280759981
1 15781822
1 1723404935
1 2637261265
1 584472575
1 4284313926
2
2
1 566327139
1 1160552717
2
1 862231638
2
1 868206957
1 618923407
1 3467116974
1 1199849907
1 611933574
1 984528452
1 1753583649
1 3130287323
1 198020464
1 1180540790
1 262209401
1 1091707856
1 3984203533
1 654467009
2
1 2076050442
1 525566084
1 4246662232
1 1298100158
1 1851105752
1 3889535740
1 3290936400
1 1150370563
1 3858278128
1 3629760340
1 901679860
1 696616756
1 202800869
1 2876322934
2
1 552898498
1 1435524923
1 1424345367
1 3730011655
1 1442515891
1 4132897152
1 971202730
1 209823806
1 1063924800
1 1068783119
1 3090986384
1 3346329729
1 1058251851
1 2460901179
1 3245745808
1 2845031018
1 4053469408
1 721987619
1 1667276590
1 2465131191
1 1341352632
1 512564635
2
1 3777709267
1 518872731
1 3414504031
1 233868617
1 2713524005
1 253304674
1 2185117990
1 780990817
1 3560101302
1 2799650032
1 2290345543
1 3132704131
1 1786234252
1 1555334348
1 1438709715
1 3058228409
1 2156970381
1 3022216250
1 2665188616
1 1536201675
1 3833876781
1 1430474850
1 4193847361
1 1523607424
1 188931927
1 2402696817
1 2819023113
1 1292192301
3
1 2760222163
1 2223526335
1 1758548151
1 3835807979
1 2179875534
1 3615929274
1 986032093
1 3299918819
1 4141489355
1 3142741446
1 919487289
1 2783142044
1 1252511151
1 590549990
1 259564127
1 1474341132
1 4059538916
1 1061526721
1 1572931923
1 1088102093
1 3613484663
1 3334711376
1 3282623135
1 2957704165
1 28787508
1 3575448216
1 2130487585
1 1851317224
1 4046079489
1 3830812988
1 602586784
1 2209228800
1 629734379
1 1223665500
1 1769980825
1 2446144942
1 2515489730
1 4272788567
1 2567919856
1 1009551890
1 146032974
1 2156369216
1 3193869405
1 3844267640
2
1 3816611609
1 3781532671
1 3378485991
1 1489119496
1 3526211481
1 983779605
2
1 1921007806
1 898805625
1 3651179005
1 918796129
1 2345765440
1 2220925456
1 1485970839
1 1141071172
1 2322696800
1 4105697862
1 3112481768
1 2921681907
1 2641349773
1 3651682645
1 3803158243
1 381596877
1 3706169341
1 1775600611
1 3844561550
1 3452752995
1 1990466013
1 716855488
1 3391047380
1 1562522256
1 3590469665
1 2275731508
1 3741059924
1 982883576
1 2368237577
1 2513362139
1 3892916158
1 1996102030
1 3400419922
1 2989076161
3
1 3183463261
1 1899963115
1 2021128855
1 2161775108
1 3015193017
1 224821937
1 2432069834
1 1713476073
1 58266540
2
1 1932462330
1 1168864772
1 1501573326
1 3643043050
1 2295974686
1 3610130263
1 3963033245
1 4019233419
1 3700281940
1 1429489239
1 2388533533
1 2557365311
1 3783289963
1 635739486
1 2939544510
1 1372495651
1 639366966
1 147606970
1 3620416271
1 1506627633
1 3676530054
1 125525457
1 1760065510
1 3832686507
1 3116899207
1 2594272724
1 1410908157
1 2670725063
1 1987009038
1 2230181605
1 3557827120
1 2807989864
1 3758748592
1 1417424520
1 967100492
1 2435579207
1 2181992093
1 364333354
1 2712883513
1 2209382915
1 1765193256
1 889117990
1 2912354896
1 3911751328
2
1 3565423830
1 344203811
1 332118440
1 2005163475
1 1327295187
1 1834065634
1 1064434720
1 205194643
1 1386085799
1 3935462039
1 2258630501
1 526683769
2
1 1283370719
1 2682340907
1 3095423515
1 3040111244
1 1171804252
1 4155265210
1 1589034679
1 1366094570
1 2065667303
1 3850921081
1 2032847244
1 898362279
1 2878900105
1 1462060979
1 1500201683
1 3201868203
1 1785918404
1 3296693836
1 2522430179
1 2622991601
1 1692730731
1 754291727
1 2612481096
1 651224022
1 3754734327
1 918807711
1 924206057
1 1494079561
1 2015236385
1 501827882
1 2908594756
1 602220001
1 4103514113
1 338413610
1 635738114
1 3896447481
1 2139200896
1 153552663
1 2000530374
1 1677982608
1 1385977681
1 2080931378
1 2412090998
1 1814146015
1 797554723
1 2854942415
1 610195349
1 4077772349
1 4268118581
1 4153227734
1 263577873
1 4046214627
1 4127239660
1 2048496369
1 4103288380
1 116780404
1 549945845
1 420042263
1 1960603905
1 60946530
1 2895537341
2
1 1577562649
1 1858527097
1 2535234485
1 3973079145
1 1980477368
1 4020206811
1 3690833414
1 1748986814
1 3548147752
1 3627427936
1 2365312207
1 2188336864
1 542370576
1 768734351
1 3155882879
1 3977384685
1 2800717554
1 2986109723
2
1 1633886270
1 4238474902
1 337556059
2
1 3238131868
1 3615512626
1 4072920633
1 2282950798
1 847498388
1 3726603746
1 1164735318
1 953547360
1 2149328375
1 1858054558
1 2849506596
1 223558550
1 4119896974
1 2382730049
1 3030667736
1 549015695
1 1748559347
1 2180386029
1 1737117674
1 1749473389
1 1565031677
1 71406320
1 532035498
1 4149101287
1 376736262
1 1373011872
1 3323885687
1 2645298652
1 3723246174
1 2841408614
1 1838050200
1 1982904712
1 3726810037
1 1085871417
1 54284837
1 3786780184
1 2761680495
1 700496843
1 225930639
1 1276325484
1 1184848835
1 4114182577
1 3609035400
1 1459209523
1 2988507190
1 686309583
1 4136012259
1 3004794306
1 80371037
1 171192724
1 1945550329
1 3509650220
1 1135671466
1 3350089929
1 4224507194
1 3327612464
1 1338845656
1 3854411902
1 744027378
1 2586019879
1 466900026
1 3246203960
1 3396171144
1 3463416360
1 2286911470
1 2845355596
1 2486924691
1 3504404876
1 3644507464
1 3216143876
1 2664228745
1 2422805699
1 4256826548
1 3931118091
1 3066046289
1 1184929108
1 3693303182
1 1168792738
1 3700656464
1 2913031037
1 77755330
1 1099812034
1 1411915710
1 2361095768
1 2586409864
1 4058838632
1 2090042350
1 578771934
1 1386504698
1 3692172100
1 171578142
1 3459413540
1 312583609
1 624475596
1 1668895082
1 2761540744
1 4287952376
1 2264738803
1 4231507595
1 799375007
1 2053579045
1 2051054543
1 1176521123
1 475666157
1 1117776553
1 1472670897
1 1174919298
1 1973866613
1 2738435234
1 3353725405
1 2828045003
1 942372585
1 1897041498
1 4100125416
1 794972272
1 1993008874
1 926608832
1 1037075693
1 99163523
1 2392286037
1 3202160919
1 1745945195
1 1778862737
1 2492580852
1 306334736
1 1727716533
1 2493477340
1 2462407087
1 6409696
1 3889572454
1 3514592638
1 4108109270
1 3683646079
1 846489790
1 1486758456
1 70829813
1 2473891421
1 862484238
1 3824111397
1 3604217387
1 3039189663
1 1400793516
1 4219547985
1 2142065751
1 1633520687
1 3856459914
1 3813972091
1 3193400200
1 2506729902
1 3144403548
1 4004469339
1 400210886
1 537899340
1 59145559
1 3445014865
1 2208927484
1 156788791
1 2212733184
1 1071615903
1 387126546
1 2139906468
1 1806637662
1 918238330
1 2714481986
1 1187588083
1 2501805849
1 1099123467
1 2457290892
1 624473737
1 628403581
1 1707428347
1 3184177656
1 4120753130
1 3868935847
1 734667354
1 2954980091
1 1616692697
1 1525958349
1 156673590
1 1155149166
1 2081794004
1 2214006434
1 2710169911
1 257373976
1 3119612295
1 170802304
1 2707919213
1 3950835853
1 1964685948
1 1215860453
1 1692098581
1 3833741677
1 3981135097
1 3441406898
1 1295451509
1 2124004435
1 4068061546
2
1 851042336
1 638543329
1 889328963
1 1063052722
1 2328984285
1 1067521244
1 2527264799
1 4088678111
2
1 2060691107
1 3449157760
1 2775174201
1 2508637051
1 4225691098
1 2943648034
1 3101071047
1 706760744
1 990688026
1 3030862946
1 1732745875
1 1065150400
1 4042171255
1 1445151835
1 3073376562
1 2263358028
1 3676552919
1 4104920952
1 1502754037
1 519951029
1 3244470221
1 1893034028
1 1754071060
1 2486854835
1 1000692241
1 4095319784
1 396743320
1 489313221
1 651902475
1 805081281
1 4091263685
1 1846028222
1 3456929471
1 1352656244
1 385246476
1 3041936480
1 3776480022
1 1634869069
1 2808097391
1 2405506973
1 310321961
1 1278684254
1 52749935
1 2791419450
1 2667015760
1 3535044589
1 331420135
1 1919538978
2
1 2521965629
1 345745572
1 3644699783
1 1005877710
1 4244302738
1 2893006860
1 3755481345
1 4224779269
1 3958767632
1 3479764833
1 2011149693
1 2508579989
1 3592078048
1 1181852602
1 2119510295
1 1419789340
1 2972713721
1 1081228186
1 1327215669
1 722145820
1 3977888859
1 2255696298
1 467316746
1 615572463
1 2646294142
1 313998154
1 2993764387
1 2524257465
1 805874943
1 4209701133
1 840233867
1 2406998422
1 2338241094
1 2824600560
1 1156565425
1 2840762700
1 960963010
1 420834713
1 2914255486
1 2451243027
1 587872483
2
1 2295798005
1 3135353668
1 4179766828
1 2682592094
1 660348350
1 3239295949
1 2439310070
1 2214177130
1 3744781944
1 3926268820
1 1799213188
1 128747689
1 1429692612
1 1710819809
1 3761753463
1 2316492703
1 1130293914
1 333418316
1 1501594788
1 854729539
1 1702518
1 2772717425
1 4244642591
1 3530064595
1 4020359982
1 1393354768
1 1854277986
1 841176271
1 337734628
1 2837534349
1 771362468
1 2310447127
1 4000784966
1 1069153513
1 3766561704
1 2995736616
1 1302893543
1 2034753503
3
1 2639320648
1 3001420742
1 3301424039
1 3487305933
1 475371587
1 1891538098
1 3612140517
1 2135935814
1 1967620225
1 3823794904
1 1047615298
1 1057134198
1 2644035213
1 1726130677
1 2640498705
1 1725739107
1 1200623097
1 3911957275
1 3068999281
1 3269505383
1 3935113699
1 916572230
1 1170827854
1 4272925890
1 3129042597
1 2087181271
1 3356821788
1 2678121539
1 1576164550
1 4027202221
1 3677169339
1 2548859891
1 301316880
1 3292050586
1 2949489221
1 4234656185
1 18373749
1 208675248
1 3204507985
1 2239234226
1 2340259424
1 4145095773
1 958865758
1 3039414432
1 4282901453
1 4105864253
1 708305792
1 2403538378
2
1 3696117107
1 185518043
2
1 141467444
1 3201558229
1 3384118238
1 3838219426
2
1 4079583660
1 3221717179
1 4060560339
1 2227278047
1 664057893
1 1614448291
1 977237193
1 2192207037
1 2116962788
1 184157341
1 3254609290
1 302182831
1 3482717446
1 2493855693
1 2829455081
1 2646822656
1 1876183999
1 3904512920
1 1320850205
1 3666283729
2
1 124604299
1 283871384
1 3520412621
1 773061929
1 3328324468
1 3346239591
1 3758746689
1 599448961
1 3284191074
1 3997394462
1 3944053910
1 2375866272
1 3526803624
1 1965321862
1 3876097712
1 1081995307
2
1 2149004230
1 2696405530
1 3932495668
1 192945391
1 2326613049
1 2118478767
1 680709668
1 362427305
1 3486652449
1 1916951892
1 2017533161
1 2855558303
1 646030720
1 389484700
1 1690384345
1 1566618415
1 2761003416
1 3179279743
1 4040259874
1 3559863421
1 2769133663
1 2952989585
1 2508935043
1 2062459650
1 2137134198
1 3494581885
1 3840609670
1 1871007314
1 3862060541
1 2671059361
1 2965807355
1 2003692263
1 2007782060
1 1057941582
1 546717821
1 2170820980
1 607244991
2
1 2956836825
1 3877636488
2
1 920233037
1 2143835493
1 431632564
1 290288173
1 993168259
2
1 4185982559
1 921375378
1 3791865975
1 4229375640
1 887867629
1 1786303876
1 3276256015
1 2716140690
1 4265831183
1 1103823517
1 2790187649
1 1236033219
1 4208954063
1 2219473976
2
1 1189903981
1 2623046540
1 3403583762
1 3725970403
1 2641613937
1 1526686859
1 1618426110
1 1380308925
1 630746455
1 4119396959
2
1 3062555065
1 2182986126
1 809422812
1 886022638
1 631894287
2
2
1 2658996992
1 2349968024
1 2199616544
1 1422995911
1 1937487433
2
1 3366720744
1 93508172
1 3425408195
1 866533970
2
1 655592239
1 154512620
1 1355666761
1 2695298349
1 1316822580
1 1981854254
1 2483790139
2
1 1252044741
1 2469326083
1 381787639
1 1122158181
1 1307696433
1 17604044
1 2353008141
1 2841633287
1 2919350663
1 906588549
1 2412763476
1 4283602261
1 762944564
1 3794047502
1 2574865035
1 2873522224
1 2447687372
1 3224033993
1 3155956969
1 4119338554
1 4004142486
1 3110439052
1 1530995418
1 2494999076
1 3210889757
1 3278302955
1 274315661
1 460432839
1 4035847245
1 1496593597
1 1400290007
1 3368016174
1 1187696516
1 411371533
1 3662478436
1 3592445446
1 3687457644
2
1 3795776126
1 2021187576
1 2554435475
1 2283257165
1 858311917
3
1 3040095924
1 291196163
1 1046261761
1 1888734008
1 342970887
1 2364883661
1 2687531042
1 3964016643
1 715705110
1 1131951122
1 1498621216
1 2667754806
1 2357646002
1 2408800067
2
1 4221203343
1 3860782164
2
1 3802000927
1 1983440933
1 4059731260
1 1493055545
1 4277881663
2
1 400154655
2
1 2014685450
1 1806177805
1 1503012097
1 720541185
1 4000740198
1 713406222
1 3232342990
2
1 1323339585
1 98639769
1 1333780454
1 1554463837
3
1 3787209885
1 2458645622
1 3269271879
1 2788146301
1 3209195925
1 2650803706
1 3096508779
1 3909984712
1 1733958409
1 1407430699
1 4123987595
1 3778429363
1 2032332644
1 2365408938
1 2361046652
1 2840926890
1 4114330538
1 2664840878
1 4187470324
1 3152807967
1 1493123557
1 2996746082
1 2503771440
1 1187022332
1 3249666256
1 754206519
1 1839616546
1 2419541094
1 924950205
1 4251645969
1 1526213787
1 207780774
1 1355067743
1 728626210
1 2801728937
1 1634400298
1 2158523411
1 221610514
3
1 1779962840
1 3575463096
1 4225028225
1 4278231209
1 406285983
1 704667689
1 3097515431
1 403483173
1 275098206
1 3476022873
1 2237069105
1 1067495260
1 2371620863
1 3333233099
1 2535751467
1 2657867051
1 1619811732
1 2276732053
1 2433684275
1 1014678870
1 4035791476
1 1501400038
1 1982530269
1 4177492090
1 1740321374
1 749468931
1 171354689
1 790019376
1 2555720157
1 506089663
1 398832730
1 3125636044
1 248219322
1 2575528797
1 3526936976
1 2734267181
2
1 1292481098
1 762369999
1 4079684123
1 1520504758
1 2415013139
1 4060606176
1 3734448302
1 1726332574
2
1 1609161565
1 2014555423
1 2118888305
1 2472417732
1 3898785677
1 484489763
1 2209246783
1 1487178226
1 2046750072
1 855619515
1 3392822531
1 3202376178
1 1356625660
1 2651641175
1 4258211477
1 2644033942
1 3659438525
1 576314239
1 3248734918
1 573772138
1 799235041
1 639188049
1 1093793763
1 2909328290
2
1 1810113646
1 1698611795
1 2995378628
2
1 269040817
1 1269473217
1 2045375051
1 2381221987
1 1344043792
1 107950204
1 5566394
1 3882583144
1 1330929176
1 3615811757
1 3579289030
1 3905338282
1 242258214
1 441220985
1 3280390573
1 1137581925
1 2973327944
1 1961346850
1 2734147181
1 1408244395
1 1583217321
1 3134866041
1 747933018
1 387337407
1 3026496909
1 1707846564
1 1368943318
1 2078322349
1 2650279544
1 3406364244
1 1859250181
1 3570868762
1 1318392550
1 389031140
1 1426314724
1 2974500721
1 856744633
1 1854859260
2
1 3729942556
1 1208836183
1 2602623855
1 2474208233
2
1 2220273333
1 744535641
1 2153722701
1 1439296314
1 4278676378
1 3876741724
1 1199508378
3
1 82034258
1 2035503785
1 337853280
1 2664205277
1 1571908439
1 1336312055
1 1358460306
1 1208852990
1 166771859
1 1791056565
1 300210966
1 2258695347
1 285622953
1 4064447082
1 3963796307
1 2148455850
1 1133051644
1 1399598146
1 3786236525
1 741105230
1 2134373601
1 2975501136
1 2758913268
1 542825305
1 882702482
1 3051002993
2
1 4143371693
1 1062382159
1 156107277
1 776033746
1 3218525808
1 598445276
1 927547637
1 668945344
1 2420943515
1 419564308
1 435459062
1 3560908940
1 246403063
1 1790461700
1 1055643276
2
1 3487892305
1 2142167562
3
1 1030624691
1 1935599888
1 1160818012
1 206875254
1 2797550362
1 4285516176
1 1390292776
2
1 1503702384
1 1963160489
1 483172109
1 363381627
1 1436603270
1 4234439742
2
1 3887993423
1 3757367950
1 241865210
1 3823579297
2
1 2065013099
1 3131389697
1 3663525000
1 686123199
1 228760740
1 3871448579
1 280950392
1 3017598550
1 1997580300
3
1 2967806019
1 3926726029
1 1263948794
1 1497349892
1 1651801484
1 174933071
2
2
1 1164095159
1 415305204
1 2072152432
1 2685878811
1 1816095971
1 1736546684
2
2
1 3320418881
1 2884308787
1 3778702715
1 1534092277
1 2544448963
1 99593095
2
1 872162067
1 313567717
1 1262501998
1 3616127123
1 941916401
1 4043286106
1 2476123794
1 2776290034
1 2195445595
1 2628770446
1 292141416
3
1 2857127854
1 1132682506
1 2222727101
3
1 2340088263
1 3169049898
1 420153186
1 2289606520
1 1448772387
1 2567738911
1 2870939039
1 440814607
1 3132068905
1 1068189126
1 2840389811
1 2186466423
1 3924431453
2
1 3863686308
1 2749757150
1 1040732401
1 965830291
1 1802661573
1 2565985200
1 1127012411
1 3975452194
1 579305924
1 1486240254
1 1522413980
1 1443952792
1 1541638089
1 712462963
1 2055006063
1 44843639
1 1860302556
1 1280656018
1 2730726839
1 270694333
1 2367848212
1 2527720657
1 955041947
1 1793220570
1 2608308422
1 1221922718
1 3605341621
1 3935109260
1 3508231644
1 2181087302
1 3969775416
1 66580085
1 1366423448
1 1028413662
1 27046050
1 2636356546
1 146958252
1 947934061
1 1854073393
2
1 3893483147
1 1966944729
1 642718536
1 3964016963
1 3755134687
1 860613200
1 3614657262
1 454808005
1 2839490564
1 3189247730
1 2458629463
1 88512904
1 4240917238
1 1405562265
1 2934241202
1 578507973
1 1415923144
1 3427199849
1 1323703822
1 3497862837
1 3250363457
1 1287919785
1 1827057013
1 1336742791
1 1106390548
1 3758503306
1 2204857207
1 2367817640
1 2299532499
1 2479697330
1 2934577341
1 2825073947
1 1475567546
1 572496681
1 2497891182
1 2378097138
1 3603769549
1 895980856
1 2868587673
1 4153460601
1 106881554
1 1186260404
1 2615468738
1 2907657958
1 337382231
1 4236291013
1 4005187296
2
1 3372394325
1 3820818415
1 1697357348
1 1672746514
1 2423990384
1 1431722796
1 158190664
1 3203227680
1 2242674756
1 1923325149
1 455989440
1 1746120730
1 898553461
1 4007456574
1 3988111509
1 1187901379
1 1838321102
1 971631306
1 741399529
1 4021918112
1 2925775799
1 1939410755
1 2885295472
1 50522185
1 2821278613
1 2592326625
1 1639592745
1 3615839817
1 4213775838
1 1900358365
1 2993009305
1 3723339556
1 2185977690
1 1735270421
1 1997633982
1 3211058877
1 4262028188
2
1 589706539
1 3041345907
1 2427266068
1 1186202923
1 2033176063
1 2937685878
2
1 1210341423
1 3920192643
1 3991688860
1 1722075366
1 2401042661
1 2794235406
1 2501334638
1 2970620057
1 827190765
1 2875623570
1 1509857111
1 3081958637
1 697678259
2
1 3650287051
1 3515862288
1 661590931
1 3464269546
1 3231216524
1 881248693
1 2882822696
1 2483720964
1 673071247
1 2261462409
1 1211098289
1 1876598724
1 450385968
1 3382529180
1 2474533848
1 938294651
1 4102823589
1 1343103170
1 2464056441
1 3822322261
1 3279709182
1 1771346355
1 3931473134
1 3069512288
1 2077211756
1 170875602
1 2705045265
1 2521636605
1 3123397894
1 182615027
1 3402509299
1 1653053891
1 3053154028
1 3895802247
1 165439812
1 2482922386
1 1508875818
1 3516290460
1 299610031
1 4289763140
1 1771785578
2
1 1573798711
1 3726399321
1 165332634
1 3104803884
1 3097655031
1 598895247
1 1058676278
1 1114199104
1 2857467292
1 3479945860
1 5137242
1 1783855267
1 1957301274
1 4119952039
1 2584614078
1 1785641883
1 1317004769
1 3054902002
1 608240476
1 1774899895
1 3879385197
1 2920692122
2
2
1 634874332
2
1 567436716
1 3569661567
1 2711904249
1 1068180994
1 986708633
1 1116676293
1 1246622351
1 1576077968
1 2006460486
2
1 2306449357
1 2637006413
1 992561135
2
1 2621051282
1 1777753369
1 1924399576
1 3301105528
1 3906824219
1 980742017
1 1644033298
1 3757586947
1 2834080765
1 2792215435
1 1881289573
1 1444658773
1 4104056611
1 4209346710
1 2173269227
1 3517517920
1 234211287
1 169787095
1 3080967276
1 649856179
1 802819469
1 311304392
1 1606739545
1 1648873092
1 698208103
1 70894774
1 1363979924
1 3536084501
1 2087181465
1 3500355316
1 1873901826
2
1 739809297
1 2554093828
1 4188872145
1 3628351599
1 2060368507
1 259719358
1 1570660823
1 2101763029
1 3782315389
1 3953969127
1 3831004495
1 4223175052
1 89378434
1 3342206992
1 116664416
1 1596555928
1 3061947427
1 1404064274
1 233467669
1 4135884401
1 1083613461
1 3902762975
1 574426594
1 29871169
1 1281022850
1 1664631151
1 4084320547
1 3252540052
1 4074693763
1 2957893075
1 1782888313
1 243299054
1 3554204340
1 4200231424
1 146444423
1 4091841100
1 2594256565
1 3830124152
1 923894304
2
1 482102865
1 23862303
1 38411303
1 2715948915
1 1269259163
1 3855910002
1 1476412123
1 1600583983
1 3112701500
2
1 3977454638
1 2936078686
1 2136962226
1 3306351662
1 3058805055
1 3530277277
1 731414107
1 2837531223
2
1 1498520330
1 2655306505
1 1911661201
3
3
1 3306511998
1 3761962266
1 2096248609
1 210672930
1 3705729142
1 1494104574
1 2325576871
1 2174937603
1 3710730774
1 609998304
1 3680636043
1 913341487
2
2
1 3447309880
1 2286803849
1 2302245218
1 3606625610
1 3645096715
1 132774082
1 917324942
1 4265574122
1 1392227653
1 238083128
1 2443082769
1 2856996625
1 520712958
1 3247962053
1 3010196946
1 533252839
1 1523988627
1 42254229
1 3420537272
2
1 4196003149
1 3612415043
1 1749281221
1 3354360963
1 578307512
1 2047455401
1 2105493085
1 3948927858
1 2744219711
1 2411051109
1 585898139
1 2379296115
1 4134378591
1 2784973997
1 3730800575
1 2841684593
1 351528204
1 2058981715
1 759345881
1 55693308
1 3005581981
1 1487340625
1 1723366522
1 1367954064
1 3954128627
1 1120630641
1 3664324940
1 3986154912
1 3315696400
1 3912106352
1 3677908132
1 3059651294
1 3297870681
1 118990044
2
1 106723456
1 1323711986
1 2818534593
1 1505781118
1 3882880652
1 471448057
1 1016151918
1 3417501496
1 2925024159
1 4094280834
1 3211920509
1 119656988
1 354214564
1 3745098604
1 2775130874
1 2684443421
1 23739373
1 3857317071
2
1 2908445098
1 2796319003
1 1304251763
1 2419634208
1 2294352550
1 284491005
1 1183168650
1 3346466465
1 3986232865
1 3834252873
2
1 2056590208
1 4111046066
1 3568202635
1 1882382337
1 2871757878
1 4101235124
1 1203784366
1 2568504356
1 1253699871
1 4178050302
1 4201066581
1 3711335153
3
1 2344894667
1 1518056468
1 774402002
1 3587861831
1 289292643
1 1552605659
1 2015005785
1 3242854317
1 3344293634
1 2877086264
1 1720929564
1 934737815
1 2705700265
1 56603127
1 870507047
1 3031406971
1 1363669934
2
1 3088461223
1 2133400775
1 4152180289
1 3635933629
1 3559904945
1 269676801
1 1765660548
1 455613555
1 2283421044
1 2958585510
1 3577829169
1 168390945
1 2101849902
1 3201152863
1 2227209325
1 1433258513
1 3240355675
1 3021746269
1 2837026426
1 1560408642
1 524621973
1 3438902839
1 2271638519
1 1310245547
1 866957043
1 453770240
1 871536013
1 1901274447
1 2856114944
1 2223881904
1 2795005220
1 3433225426
1 1631543894
1 3826344600
1 1969645068
1 2677162019
1 339856555
1 3493080100
1 541624431
1 4242178557
1 2102733441
1 2053605889
1 1273445934
1 857970164
1 2399426522
1 3077255033
1 657546875
1 2420872375
1 1800941856
1 277686502
1 4087838351
1 2373926852
1 2986333873
1 144987712
1 211477099
1 2663081782
1 176188803
1 2590453211
1 806066183
1 1788736265
1 224349236
1 4177672508
1 3298440269
1 2378547196
2
1 3271182246
1 1007343852
1 509813873
1 2970883198
1 1409605951
1 3132030065
1 1208196673
2
1 3651715834
1 2674090510
1 3385390521
1 2899470287
1 2197081426
1 1045151582
1 2120757247
1 302180215
1 1462494058
1 3062114573
1 633348627
1 3447466403
1 966554147
1 3626361907
1 4091190780
1 2320851881
1 3502900332
1 1000131370
1 2858705592
1 4231004406
1 3357505540
1 458680105
1 2778634834
1 3533300575
1 3612184824
1 2975878937
1 1244593350
1 1759690098
1 2634313846
1 1115792816
1 3021923094
1 2521978510
1 100691178
1 4019300474
1 605976058
1 344509814
1 2010765628
1 412292614
1 1680363608
1 666120820
1 133758650
1 1680548504
2
1 2266582162
1 3292120984
1 2982414987
1 372803395
1 2883380111
1 3843436927
1 3952155200
1 903509540
1 689378863
1 2116929484
1 4268925064
1 1635109296
1 3580181812
1 3824110456
1 1399896909
1 3384009430
1 2561241279
1 991439433
1 2723397687
1 2159301356
1 441594555
3
1 3264601484
1 1376146827
1 2021645802
1 780884561
1 4289158328
3
1 3273810556
1 4165330646
2
1 822448472
1 1556338341
1 3172547595
1 173439495
2
1 2913032650
1 3169953969
1 3487757446
1 2057666967
1 2037320459
1 3177734915
1 2514412795
1 987682235
1 1310407555
1 3975544129
1 3357684714
1 2859078900
1 3750474433
1 1862901058
1 1372634353
1 3002331753
1 3469548497
1 2602346712
1 4039294447
1 2963868543
1 3636663554
1 2983650129
1 1725253055
1 343514159
1 881875425
1 1312104930
1 3054303752
2
1 1485650420
1 3101621646
1 3520331536
1 863857474
1 2828970508
1 2707065384
1 1401928273
1 3968966538
1 3448171327
3
1 1232190391
1 442582388
1 3149067050
1 68611845
1 1560759273
1 829026288
1 2443240267
1 4032765901
1 4253683068
1 3877249067
1 3444869798
1 2502474402
1 4294778366
1 1411739410
1 634145219
1 3996103059
1 415718375
1 801176182
1 1392363447
1 939203067
2
1 1786544648
1 1145687102
1 3749159251
1 2870627432
1 1178029539
1 2447354295
1 1838441806
1 2316159186
1 83827425
1 3024345661
1 4199135520
1 498619837
1 3778316298
1 2616171485
1 697756702
1 2060825309
1 3837008831
1 2626297660
3
1 1017446892
1 2149636268
1 3158505587
1 2244204469
1 197494255
1 2889778182
1 3992100246
1 3202187869
1 2525658853
1 2847801542
1 2534748920
1 1832185340
1 3625594958
1 1248866753
1 892897810
1 4051234352
1 4211839414
1 3480396924
1 2759290928
1 464141322
1 3599850571
1 1400406803
1 3710658606
1 386893782
1 170831720
1 2095709408
1 3142071043
1 1317850379
1 2187638138
1 1262549852
1 2286126296
1 4191446754
1 2859148700
1 1174009463
1 2842875331
1 3568221214
1 2508308906
2
1 1641969597
1 1899187925
1 654063561
1 970135063
1 16079254
1 3211921663
1 3659844783
1 2174921758
2
1 2787355479
1 1889836500
1 2438746750
1 127645834
1 112760043
1 229810274
1 1601557116
1 2579947177
1 3047007144
1 3383965650
1 3102805431
1 1395739938
1 2850640588
1 2788361969
1 2650562988
1 4076576015
1 66833989
1 4071941841
2
1 2433287824
1 3932161842
1 528057000
1 4025968193
1 3786681758
1 4083651456
1 1277823018
1 473681021
1 4052944100
1 512757570
1 1612650350
1 395576274
1 3937796236
2
1 4252731515
1 963759908
1 322469291
1 1856646738
1 3081838222
1 3693293319
1 1909759640
1 1557707639
1 3510025210
1 2973621360
1 597463001
1 295457246
1 972119171
1 249432483
1 3742968995
1 1185965603
1 3595171387
1 673972423
1 2192133592
1 315725970
1 3103423739
1 3289721280
1 1770770144
1 1041169079
2
1 3807946701
1 767673286
1 2102491696
1 2547709317
1 2275423107
1 560105299
1 1549842280
1 2994118841
1 1803819716
1 932609342
1 2738050177
1 2143334904
2
1 1642556029
1 2646244331
1 516161784
1 1485241026
1 1096713404
1 1227354533
1 283350598
1 1530805875
1 325384852
1 1172223542
1 2676212917
1 3506457929
1 1178937355
1 2126833307
1 4256669367
1 697584451
1 2098686721
2
1 3846062695
1 911324299
1 2906010991
2
1 3317600830
1 2974042920
1 1000631343
1 722854137
1 842339089
1 1145606799
2
1 2750701391
2
2
1 2172101124
1 27581116
1 892372122
1 79798725
1 3521569422
1 1374284527
1 130420718
1 782123482
2
1 511687829
1 3675577203
1 2546691578
1 2267687014
1 4239326200
1 3534695590
1 1356777854
1 2319110662
1 3734123607
1 614608893
1 2259411984
1 739123225
1 3410682057
1 1718433909
1 619460523
1 2877340355
1 1320884101
1 285780856
1 1227217499
1 2120771368
2
1 2150976317
1 3451754169
1 1481006384
1 2759574925
1 3769273534
1 2828331062
1 3292441347
1 4028317439
1 3566784217
1 3406533003
1 3590146528
1 2572694929
1 686726539
1 3631861478
1 2873363556
1 3279246491
1 1850658778
1 237938529
1 3432413102
1 2267934893
1 622959981
2
1 2582187719
1 3887255105
1 2199883139
2
1 3148915231
1 1380804956
1 4007216972
1 3825947069
1 941436013
1 693616767
2
1 2247169619
1 1790573924
1 3213497203
1 896538283
1 3099720832
1 4080577405
1 3456547401
1 3665896098
1 1978345620
1 3201549582
1 759462458
1 3815373322
1 3296286088
1 2779672739
1 421393185
1 224397557
1 3943140127
1 908544274
1 2821445528
1 2097171633
1 1657567955
1 4204770360
1 719207671
1 1792708799
1 3562931161
1 3639868249
1 2980609902
1 3638736319
1 71491173
3
1 3551493600
1 264838599
1 1086071149
1 3424498698
1 282812770
1 2920748030
1 2612602456
1 1395943463
1 4003688675
1 2565246238
1 3812771636
1 2182476075
1 2050736222
1 2353363497
1 265013528
3
2
1 2069254597
2
1 2292369761
1 483005227
1 3614490779
1 635861697
1 3692857086
1 3145728315
1 2319974712
1 4167857881
1 3518333764
1 1717970760
1 2879448870
1 3712834406
1 842904242
1 3935930807
1 1208936271
1 1988656839
1 1534691168
1 1657942346
1 3015388716
1 2181556986
1 2962547150
1 3891675742
1 4157803346
1 1629393181
1 3778054426
1 1585095242
1 1933769443
1 2834305125
1 3693224460
1 3902258787
1 3464536419
1 2977727866
1 1943185329
1 3450855722
1 3060799457
1 1629080949
1 422157923
1 3064941166
1 713935073
1 2242526440
1 3121957509
1 1376076630
1 2985279361
1 813327941
1 2028449773
1 1924181189
1 537563031
2
1 2157048175
1 3490005129
1 618053469
1 1459930649
1 1427137683
1 1505599447
1 4092242784
1 3029872576
1 4268040291
1 1883418777
1 898202258
1 214452734
1 1890306516
1 1388929459
1 2421741619
1 3784265482
1 334886992
1 1208173127
1 3987865409
1 4213490410
1 1044655710
1 2336164795
1 505766326
1 677686475
1 2221998832
1 2254016805
1 732672745
1 1572129006
1 1247013405
1 2139512907
1 1007343145
1 433217771
1 1305384292
1 3992064619
1 3410075078
1 4168109224
1 2880373020
1 798593975
1 3511288201
1 3860854543
1 3597292807
1 1939005389
1 1911691665
1 3459129106
1 4183128641
1 3572511125
1 462876393
1 4289799248
1 3223798237
1 3504331335
1 2987405962
2
2
1 3487805689
1 780020667
1 1003714473
1 2907581756
1 2893216042
1 821979015
1 2847356648
2
1 1964114059
2
1 3843892502
1 1400131616
1 3964881640
1 1130347677
1 3003887382
1 4022405117
1 653662444
1 1727249679
1 1013786094
1 2857901439
1 2339175623
1 3572083572
1 1673034393
1 3921277151
1 2626390517
1 3429927360
1 2896537729
1 1338049976
1 3148328733
1 1259481360
1 2190687108
1 3424963175
1 1382939650
1 2434173084
1 588777961
1 2536717430
1 3728456122
1 3392901044
1 330333347
1 302035158
1 783017387
1 4149484635
1 1130479510
1 4222613198
1 2720019407
1 959482084
2
1 2732206541
1 71425225
1 1456395989
1 3478553536
1 1344464855
3
1 4192822577
1 1349631528
1 3032472437
1 3707012446
1 2064290663
1 4034547491
1 238930197
1 802369829
1 2731435920
1 2012352122
1 339190297
1 395989837
1 1391953374
1 3112120391
1 3243311728
1 230460018
1 2761039577
1 3093166309
1 3864948354
1 3560481225
1 3398842809
1 433009505
1 422712975
1 4116509505
1 988209570
1 3056329969
1 31656906
1 965724415
1 1810423372
2
1 1064800712
1 53532947
1 3085888834
2
1 3629146366
1 3216573329
1 1518121513
1 340160232
1 2141074969
1 3944883066
1 2195746204
1 1352201598
1 2912707172
1 2087798079
1 331096602
1 3037162983
1 607351758
1 4236113123
1 3160125524
1 455145063
1 4144161902
1 1757078075
1 709607178
1 3925819107
1 1476419061
1 1460768546
1 3913473234
1 4014178345
1 2825819509
1 2320870389
1 1655260482
1 1719025274
1 915592675
2
1 747228792
1 826070242
1 979427489
1 2648289784
1 3777973852
1 747575371
1 2539691412
1 1919694406
1 2979228678
1 439312562
1 3764335668
1 3918572819
1 3325303146
1 4159766338
1 189588301
1 1359366547
1 1413614682
1 2386137549
1 1416497638
1 174131284
1 1648632823
1 791357505
1 2443345142
1 3506481978
1 347714269
2
2
1 763335089
1 4230914428
1 4233445420
1 2961696598
1 1377415067
1 493059713
1 438901567
1 1490515905
1 3932606171
1 1701914802
1 3311614720
1 2136798864
1 716522772
1 4232021682
1 2368825231
1 3588683968
1 3852033596
1 2486407259
1 1735245240
1 1511455878
1 2509752802
1 2444784968
1 687926293
1 558510828
1 3844044199
1 2664385115
1 3021127826
1 1635659442
1 167160669
1 3491221981
1 2844148459
1 706307177
1 2611609899
1 2992037172
1 2633957384
1 2047693082
1 3129076975
1 184088064
1 3221466308
1 803611308
2
1 1775457065
1 2234934290
1 2722310896
1 1148757991
1 3682192433
1 3192284
1 1665668790
1 3062668120
1 909062145
1 4014750165
1 2016757651
1 1214705138
1 1978110066
1 2174160033
1 2984245171
1 341310210
1 1861270345
1 152403137
1 3362743660
1 1365556488
1 4253003294
1 2954481675
1 1777503455
1 2358321291
1 3598680765
2
1 1821138803
1 4227460508
1 2216202659
1 1990370011
1 2461315361
1 3406821108
1 4096256621
1 2236504788
1 3344944419
3
1 3805285595
1 348442439
1 920881489
1 3629705159
1 224426203
1 2911803490
1 4064998738
1 393145877
1 2117710478
1 3502341197
1 2516401602
1 2247406644
1 582549781
1 740009503
1 3410144424
1 1918356955
1 1338130012
1 1322799773
3
1 3731552238
1 78916861
1 1530974004
1 910931274
3
1 1261460174
1 3669333407
1 351744688
1 3566856985
1 1869543057
1 2151800760
1 2158174069
1 1429919476
1 2144512634
1 1169287244
2
1 2604249838
1 3245425066
1 2231056748
1 2055649020
1 2834125996
1 1953243053
1 2371813036
1 3891603564
1 728060829
1 1459987881
1 3214719552
1 1576504527
1 3369392713
1 3850718880
1 2032158840
1 3695067615
2
1 4293325884
1 2772844284
1 2383638891
1 4276440547
2
1 1600545474
1 1758396317
1 2935780597
2
1 1972120340
1 663783525
1 2446653684
1 3391729992
1 3460896797
1 2875909056
1 2564486356
1 639409449
1 3266109720
1 1160230503
1 1621839636
1 3932796349
1 2283579273
1 96266504
1 1377207140
1 816007561
1 881580822
1 1580191137
1 2618833041
1 942635576
1 3281918511
1 1262070878
1 2281088033
1 2666215123
1 2565892683
1 4122373427
1 1380682439
1 2351177746
1 953643887
1 2692956267
1 802570159
1 2891858714
1 2576410671
1 3222258294
1 1774834666
1 4017843432
1 3404056805
1 1634644983
1 712754154
1 3771310058
1 3181726101
1 529728520
1 770203831
1 2263863633
1 798998092
1 4187252536
1 1643168620
1 2268791601
1 48227786
1 405858609
2
1 1231296596
1 2860911124
1 1661298712
1 3857695178
1 1131397015
1 1706752604
1 2090787381
1 4239290520
1 776240717
1 2386893261
1 2478766423
1 3923086017
1 1376675947
1 737571821
1 3150696592
1 3926055675
1 2361139872
1 485537933
1 1099032538
1 579984129
1 711859148
1 2378281623
1 1250285286
1 877456359
1 2938462453
1 1361623622
1 614674535
1 1809002201
1 3431835186
1 2475147924
1 3811987007
1 253440083
1 2653626888
1 570296806
1 3420236556
1 2577675648
1 545863076
1 2473692110
1 2183409603
1 40758616
1 1450031819
1 23757743
1 581496906
2
1 3016519479
1 2524622495
1 71371243
1 71046968
1 2670237451
1 2525511113
1 3942708877
1 1121969883
1 2403651653
1 1080383426
1 3091331190
1 1325591693
1 4078823594
1 2193279031
1 2555998304
1 752906088
1 1802271990
1 3741016148
1 1913364200
1 1284864789
1 3520508724
1 1375183592
1 2663130924
1 1812280813
1 3761917160
1 1920208300
1 4064666798
1 3542820496
1 2284546782
1 946181205
1 1204648647
1 3126920042
3
1 2530886558
1 2159767625
1 3681379495
1 454878980
1 2577940205
1 810714644
1 2452188843
1 3730467741
1 610897298
1 328680461
1 962715066
1 4225604191
1 942463003
1 466684558
1 1890685927
1 516081144
1 2454700252
1 630001043
1 834677337
1 1050773192
1 3552946519
1 4163152212
1 1734432382
1 2546206078
1 2087803605
1 1699522991
1 2227658582
1 2960934106
1 2186715861
1 2861356476
1 3060554187
1 2990356791
1 3630606603
1 1003176326
1 2310192380
1 1523719253
1 2341792616
1 2303911377
1 3373873360
1 4031156761
1 3432842433
1 2734055076
1 675480762
1 2868257725
1 833256063
1 1242885046
1 3221404462
2
1 2341909544
1 276769209
1 964714764
1 1650451885
1 1383697401
1 627000574
1 2245538979
1 915873291
1 1519652281
1 1166374579
1 1317082017
1 3551131806
1 1202234094
1 1320216143
1 2955410617
2
1 3867979408
1 1041624228
1 3506691074
1 2912775683
3
1 4082769713
1 543251772
1 4150801706
1 1792412479
1 2125779179
1 1240095386
1 3613644202
1 3058955027
1 3739493949
1 2619409950
1 2762691263
1 2011845585
1 1663956262
1 4213186863
1 4263077840
1 3239616651
1 2150782010
1 1207520431
1 97465815
1 243342212
1 4249232451
1 1293601043
1 1884762927
1 3935032174
1 2580135847
1 2571736732
1 615067832
1 2290074256
1 558641636
1 1124496935
1 3137365993
1 1443916441
1 264913268
1 3877254849
1 199309646
1 749850454
1 3821821363
1 164015164
1 2840611206
1 1676655646
1 1951226512
1 761174842
1 500429030
1 720657387
1 340074849
1 3039989540
1 31654331
2
1 1633819884
1 2192817819
3
1 3020672820
1 2274872689
1 4037009048
1 1776164792
1 80544261
1 867773504
1 1415252664
1 2640982590
1 197949775
1 1773604357
1 4245221091
1 3670287652
1 3491258398
2
1 349796450
1 1563482829
1 1756696061
1 880320539
1 1402165841
1 4013624472
1 3468200254
1 3247751769
3
1 4228563830
1 1267094163
1 299016767
1 3483549812
1 3148878017
1 1940358860
1 874878593
1 3005549062
1 1423962344
1 1477401846
1 1500615764
1 3216496226
1 232018663
1 305356043
1 1051124686
1 3650425161
1 735776977
1 1826668458
1 4252099205
1 1984683356
1 4213197444
1 2972648864
1 2598345110
2
1 3575090403
1 812321275
1 4021833229
1 3315618174
1 3684390673
1 901440728
1 3712879522
1 2989807635
1 3866329384
1 927807193
1 2941848153
1 1006878417
1 2305492461
1 1298688844
1 2465860837
1 543290173
1 1329508326
1 350555752
3
1 1126714411
1 3118428089
1 2099838590
1 4022650453
1 2644597211
1 1425341523
1 3794062727
1 3534121646
1 1552757094
1 22161372
3
1 2619962745
1 2925278930
1 3046679346
1 2542410992
1 1568475562
1 3522875765
1 3934430151
1 961860242
1 2559335237
1 2926987955
1 219067531
1 1751941421
1 4110807263
1 3949242344
1 750491687
1 3107170167
1 3078708039
1 3668884367
1 1890814547
1 1722838010
1 379990633
2
1 1641493779
1 110093461
1 2546032297
1 1832557246
1 753016173
1 4279286405
1 2614848542
1 3788698948
1 1482296161
2
1 1988040288
1 2533184933
1 1870028839
1 2461134391
1 2882544784
1 379866640
1 2117916663
2
1 3804340963
1 1174053809
1 3054415111
2
1 502148724
1 2578441067
1 2082855359
1 1968985603
1 3428784249
1 2282816477
1 3168074710
1 1390111229
1 4005307606
1 1376583070
1 2439959998
1 3231463746
1 2191199240
1 2843496163
1 1467209276
1 681216064
1 2644320765
1 3436487230
1 4180435206
1 913533401
1 1120633637
1 1795246506
1 2323381492
1 2875372573
1 2629648162
1 2638662482
1 2783788432
1 2695588178
1 3056865688
1 1093075159
1 3949949684
2
1 896693769
1 428429342
2
1 1164615477
1 1510471597
1 2700129899
1 1429068928
1 340647736
1 3182348647
1 2466649064
1 662700736
1 1939796384
1 1202716422
1 2499086091
1 3340460830
1 850208588
1 1917451927
2
1 2607531257
1 1106887612
2
1 1039972697
1 3853258176
1 404574289
1 1481440098
1 3072557008
1 1216127216
1 3237259437
1 2767195286
1 565853973
1 3066833491
1 2313350698
1 3363439930
1 1282654149
1 3914669357
1 2640389685
1 86227370
1 306372643
1 4186159077
1 2093854962
1 2843208537
1 2066034993
1 1517237686
1 1810065939
1 2297437231
1 1060049595
2
1 1314496768
1 3634523048
1 2229452569
1 2811631999
2
1 2814622681
1 3541523074
1 496005935
1 3284739665
1 4100335841
2
1 3765577413
1 2292811046
1 394476187
1 568219995
1 4010262980
1 2823110004
1 2996333241
1 2286496457
1 881503659
1 1638583803
1 1210927606
1 2469996607
1 2217286039
2
1 1765513825
1 4237080785
1 913600531
1 801961601
1 796552619
1 3443591356
1 3885710816
1 147954275
1 1918069470
1 1898104114
1 4293136094
1 2398662836
1 430997089
1 2293503310
1 2102141464
1 1862099962
1 1763687638
1 898683149
1 3845906427
2
1 1530669412
1 3047822016
1 2094437758
1 1545518156
1 1731814787
1 4245754823
1 1232605225
1 3933448796
1 3688190426
1 86527645
1 3614742814
1 3263563435
1 3835787068
1 902012587
1 1028976290
1 796101142
1 2841454214
1 1391899364
3
1 2979149810
1 3092116131
1 4187435681
1 165153398
1 1986195745
1 4049417466
1 2087991049
1 3594627746
1 874375043
1 659433920
1 762919211
1 951018454
1 1537458941
2
1 1742485822
2
1 461074057
1 2539022915
1 4204538556
1 1526901193
1 3991610518
1 508175696
1 483814892
1 3615126675
1 1928764580
1 1211339084
1 2084616814
1 792347308
1 626710737
1 36636865
1 3404143532
1 2487637670
1 597278255
1 3725658875
1 2159898440
1 3648667587
1 1856809063
1 274352835
1 821956447
3
1 2857530176
1 2945186763
1 265666653
1 3035588096
1 2400978520
1 4034584703
1 2752911641
1 1316974985
1 3296803712
1 3446645860
1 2017720263
1 1002593935
1 1132527873
1 2950876462
1 825273091
2
1 2152925180
1 3232554013
1 163951578
1 2787453365
1 4283542485
1 3126963674
1 3504316990
1 1284328486
1 1802616756
1 656356647
1 1490512645
1 2969677232
1 361040127
1 295788294
1 284850775
1 2240240689
1 2379782371
1 3171939928
1 3251888909
1 3890825794
1 3653229082
1 4134450444
1 3107582760
1 590102070
1 1046213587
1 4276187742
1 1317446027
1 3102273231
1 107865772
1 292888792
1 567759277
1 781560370
1 3335131538
2
1 1567074833
1 1451475844
1 2099582523
1 2124517796
1 3226105833
1 2005387819
1 3119813693
1 3173950529
1 3479597317
1 1228746218
1 2298171728
2
2
1 1411569148
1 71205548
1 4198459444
2
1 3337817877
1 2333541142
1 2522191505
1 4287171926
1 4027967033
1 352437349
1 1266391885
2
1 2402182111
1 2989080087
1 3068309719
1 2695189114
1 1512662635
1 4254478930
1 647393779
1 4205398942
1 1820676279
1 2585018951
1 2395701
1 782945544
1 1978475975
1 101532757
1 3628285701
1 694480433
3
1 1131334756
1 1154353537
1 2165468647
1 2180167328
1 3009738648
3
1 887008997
1 4140844671
1 1503119434
1 638908735
1 4155418897
1 179078514
1 4108519018
1 141468864
1 1298731174
1 1503038250
1 849544352
1 2834738086
1 2183910879
1 1347649302
1 813381347
1 3478878390
1 2787486337
1 3628399743
2
1 1205621678
1 1366372544
1 3377010749
1 594534538
1 2422191240
1 2710044846
2
1 2194779731
1 2276083078
1 1987637291
1 3111965744
1 1260969472
2
2
1 601957948
1 2942670013
1 2212443588
1 2706143413
3
1 3637039482
1 2298676692
1 522490482
1 257382858
3
1 3249381319
2
1 1655662201
1 239489627
1 18757994
1 1483710
1 2306221495
1 3476256998
1 1952315558
1 3374978313
1 487320926
1 1640542560
1 175781267
1 3089657662
1 3311287389
1 1209533027
1 3940740868
1 213664711
1 1137120943
1 1752039713
1 4294586323
1 2373956561
1 3813325337
1 1787747768
1 2970468714
2
1 4188574291
1 1004671898
1 4113156242
1 2370944499
1 3029632745
1 2750263724
1 50096078
1 4104008078
1 2353019293
1 432650588
1 815397831
1 1386570448
1 1484274971
1 2795487707
1 2479273525
1 2139428188
1 3831669599
1 1443554425
1 3610815718
1 1916058799
1 851598985
1 144828226
1 1743819435
1 1349383350
2
1 1068220047
1 940553630
1 1326158404
1 1071900714
1 626402693
1 3299943341
1 3797486339
1 3988747517
1 483890300
1 675299733
1 2850573837
1 1793316497
1 45094351
2
1 3517761271
1 2914395821
1 3416495505
1 407875621
1 2617008161
1 828231476
1 3774803450
1 1943458560
1 4118810213
1 1900091972
1 1926697780
1 3670060963
1 1885215018
1 3294214718
1 1208927924
1 4275764101
1 525626616
1 3648051777
1 3657418400
1 3521467997
1 1103552752
1 2778017545
2
1 1996091432
1 3125229033
1 1906494244
1 921800044
1 1325762381
1 4212854244
1 1306987705
1 1422681513
1 627901074
1 3238533707
1 3773485239
1 4139703625
1 1982930819
1 1954346230
1 2001250654
1 3482420395
1 3657077198
1 2723932493
1 331463008
1 2147841572
1 3928545422
1 3504022031
1 1941544119
1 844956965
1 3579211834
1 4194783866
1 420480777
1 2500713119
1 3828096265
1 4229909774
1 4148644744
1 1173656260
1 62952959
1 3190205431
1 1215902590
1 1186694639
1 1087014580
1 1342672347
1 2176753073
1 295726796
1 3834884507
1 4013750198
1 3976381263
1 3134992461
1 2886434992
1 2165298477
1 4078358279
1 3744359553
1 4242216748
1 2844027132
1 2997884153
1 2569391477
1 1886486371
1 3647017095
1 4237998016
1 2321845133
2
1 3470725106
1 3407510875
1 1937851666
1 3360053589
1 3169369936
2
1 3715305070
1 894784290
1 2617245439
1 2764595961
3
1 4210769313
1 91773498
1 1918298400
1 3559308547
1 3440099775
3
1 3688028975
1 1195664008
1 3994895658
1 1862206393
1 1738783176
1 3100542737
1 2147374982
1 3549406717
1 2906703261
1 2248185289
1 516582400
3
1 3403239372
2
1 2077369819
1 644977809
1 270013467
1 412875171
1 4142483990
1 428978024
1 1036659914
1 2368538626
1 2780687996
1 3393911052
1 2318413768
1 2027133870
1 3715278916
1 872442939
1 332236600
1 4205130884
1 1654079155
1 4242839517
1 3817951140
1 4262285681
1 2277721936
1 1864062875
1 3253285137
1 1032332584
1 3894843645
1 3393518039
1 2387973158
1 3902219807
2
1 782941402
1 299136544
1 3674147883
1 2845962724
1 3272222757
1 3572548360
1 4120138696
1 1527270930
1 2935953104
1 544147604
1 4198774093
1 3835608876
1 1563283342
1 2537280666
1 2060922590
1 1282355168
2
1 62660247
1 3750231186
1 2527071826
1 3948889124
1 172382591
1 3226309429
1 959053656
1 1892697627
1 3623673677
2
1 212101556
1 2694618521
1 2405021345
1 3072650182
1 2996135867
1 4291425952
3
1 2499749289
1 1323042798
1 2206704987
1 146791741
1 2736522995
2
1 1447376075
1 2351285086
1 4077398170
1 3439877560
1 1578529582
2
1 2892169490
1 959899573
1 3534811941
1 1583434810
1 2715443241
1 2548914802
1 182516994
1 1669797510
1 951041871
1 597699040
1 137270832
1 1447523817
1 2717186100
1 2393268544
3
1 54860757
1 3829132703
1 3303626215
1 2755927310
1 651466828
1 344718587
1 660677696
1 1100049773
1 2165752677
1 1764426648
1 3814082946
1 4180823887
1 1158971306
2
1 1695203423
1 1115861538
1 2801163510
1 2619226703
1 3511632061
1 3549592811
1 1440160970
1 2803753886
1 942972613
1 4101095108
1 603912566
1 4066314002
1 3052288883
1 3569244737
1 2189725129
2
1 249716631
1 763735463
1 4243482176
1 3025389446
1 1938213729
1 3382631027
1 562113184
2
1 231456779
1 2026546746
1 1548492521
1 3745835383
1 2229674085
1 1737643357
1 1715095127
1 2390418214
1 3411032857
1 938655357
1 4189673924
1 1299489097
1 3685635138
1 303260956
1 458364565
1 52867766
1 1059609448
1 3537447767
2
1 1061355343
1 349519672
1 4209442066
1 2681259617
1 2016473893
1 683485544
1 1262603543
1 1780168604
1 2257312801
1 1211875473
1 2591574415
1 2383616932
1 2497091862
1 614437650
1 363614671
1 4200685278
1 987440556
1 452497199
1 161645325
1 2727569224
1 3529058478
1 71400398
1 1460844905
1 1553439939
1 2177128709
1 1427330425
3
1 815709422
1 2401711630
1 2389692631
1 2121825119
1 801619293
1 2228749050
1 3828425846
1 3886333687
1 1562841941
3
1 3990131372
1 2730086797
1 2248294881
1 1076137418
1 2185705179
1 729438698
1 1356122559
1 3359877250
1 1159278913
2
1 1459605993
1 3201701126
1 4051905544
1 3435237996
1 1637176739
3
1 3718245037
1 3430398546
1 2042243664
1 3440818535
3
1 12647711
1 1293092704
1 1831117208
1 3528057788
1 1443682780
1 3232100671
1 2176907850
1 2349355339
1 3553252305
1 1575575774
1 3064234691
1 1298458255
1 3696236664
1 1780494865
1 1856106243
1 4195663500
1 1864909043
1 2245569446
1 2879453665
1 3058826802
1 2427952395
1 669752157
3
1 2264875921
2
1 1158519060
1 3369324614
1 92707952
1 190515720
1 3675142067
1 3037336196
1 1738676943
1 2442304723
1 892046556
1 2056996804
1 305013063
3
1 2731638557
1 1492227880
1 659240777
1 3527275595
1 2184443001
1 1269313209
2
1 3168562547
1 2608000405
1 1611359149
1 1295110956
1 3564574439
1 1616071142
1 2381268479
1 2035055255
1 3295793696
1 4103381068
1 2966748731
1 633588529
1 721911809
1 886789541
1 3129476021
1 3668734690
1 2237159390
1 4146963259
1 963789823
1 1334798839
1 3577227370
1 48308150
1 1864099643
1 1101438400
1 3197661980
1 3993204924
1 3506454593
1 4051945655
1 3544538225
1 2615541419
1 2689815655
1 122946073
1 344041813
3
1 2832020701
1 3244825457
1 3122481830
1 3289410074
1 4018357925
1 2758305310
1 2190579825
1 418160766
1 2398653482
1 3871856014
1 2600552766
1 3405661686
1 3448619756
1 1522684842
1 315156516
1 1580733161
1 992058187
3
2
1 295050373
1 2803784803
2
1 4036581905
2
1 3886731317
1 3432111287
1 2514317919
1 4105374444
1 3325659632
1 2864487580
1 1585324172
1 2007575884
1 2517658029
1 25893159
1 3009824871
1 1153139713
1 4025975376
1 104230317
1 105148225
1 935896714
1 1253841042
1 705428596
1 3992851474
1 2826881584
1 3262778245
1 177168724
1 3891648888
3
3
1 3164906790
1 2310049484
1 802934213
1 4206795877
1 3679501102
1 3819134493
1 872236511
1 1040379088
1 3987095866
1 1791667358
1 2988228865
1 4111192008
1 147262509
1 768326381
1 3859468595
1 2182087432
1 2499300573
1 1958427194
1 1236171921
1 2868443072
1 4103795136
1 332342115
1 810467526
2
1 2707166928
1 2034228
1 37467118
1 2303283740
1 2701434151
1 2321455333
1 2542115482
1 4082369772
1 1991781708
1 1166417261
1 558106645
1 3710471923
1 2829415758
1 3755895600
1 927592970
1 1511825976
1 933517417
1 2300122860
1 2104759558
1 3390014154
1 2662021027
1 4223226974
1 654624637
1 2612795059
1 3215674731
1 288379518
1 145683168
1 2368621498
1 3986020187
1 3743411702
1 1032599543
1 3801726094
2
1 14929277
1 234851035
1 3202621992
1 3889353008
1 981547078
1 1274443411
1 2973840252
1 3577466021
1 332556408
1 3899834525
1 2564706422
1 1785977801
1 260029381
1 3863586604
1 2311657809
1 2635210975
1 415564108
1 3269127959
1 3127325310
1 3680482665
1 1501371770
1 3180625468
1 1208379542
1 1941156469
1 975161770
1 2762324493
1 1807627851
1 2472442492
1 3576684488
1 114662135
1 2971675384
1 2624135312
1 1751065690
1 116501557
1 1266450224
1 733174118
1 3207206525
1 1209786224
1 3174248964
1 2211266977
1 1349351797
1 3756299678
1 2821264220
1 3875123764
1 2207083276
1 4083035030
1 2435745928
1 2321881004
1 1416752948
1 3090056362
1 2878404083
1 1851228960
1 1610886849
1 612295567
1 2263372278
1 173718895
1 3211925984
1 984347298
1 603465338
1 1315725549
1 728976138
1 2687688647
1 1295228859
1 143363302
1 561402928
1 130981772
1 1123531628
1 657157984
1 448047013
1 1847902635
1 2930424809
1 1497066245
1 4114332766
1 2284417995
1 4281449332
1 1058667526
1 1609753812
1 3907227020
1 2983971282
1 2946233701
1 3875000646
1 3451891866
1 2329617741
1 4074689055
1 3812046033
1 647023878
1 602824598
1 38768765
1 2933428124
1 3160744387
1 3470500217
1 395714562
1 2746547019
1 4047602944
1 2307625121
1 304137636
1 366611659
1 1891259121
1 4218724046
1 4288214161
1 2400992992
2
1 2448459
1 2552861659
1 469780798
1 3827583778
1 2198520662
1 272325231
1 2936163033
1 4245416977
1 3745707718
1 1283408207
1 3027113315
1 1665277748
1 82383330
1 4244046710
1 1635493408
1 2710922835
1 2955904139
1 2033914483
1 1257339320
1 616491770
1 790298569
1 505153218
1 2529188099
1 4016350959
1 3598323028
1 1449454428
1 2767736257
1 2555462114
1 8432411
1 618192250
1 2583528048
1 2328218708
1 2742949724
1 1047092382
1 3925793763
2
2
1 2232470243
1 1744126604
1 2823169668
1 1479428713
1 2305480852
1 119097907
2
1 3826003819
1 4226170414
1 1997446795
2
1 535079889
1 1267912156
1 713232838
1 286226872
1 258696812
1 74104880
1 1196434539
1 311487362
1 437678367
1 3538163301
1 4053734724
1 945603579
1 2352623003
1 3864174523
1 4230867350
1 3206276778
1 1321052998
1 134936883
1 2830899936
1 3572535415
1 2643400767
1 815317217
1 964606979
1 744993617
1 298872300
1 883092286
1 2088464822
1 4279316357
1 3280413838
1 3642119291
1 3815249312
1 336781101
1 108927699
1 605467090
1 1402709636
1 888736025
1 2340019522
1 593774510
1 2038942208
1 2108659249
2
1 4032659235
1 2878698841
1 14446233
1 275433011
1 4137836095
1 840512816
1 974053315
1 3929218445
1 1178751888
1 3634131774
1 2198441121
1 924640560
1 496676560
1 629695855
1 220004444
1 1431866147
1 621174419
1 3795982176
1 1517911170
2
1 1654398884
1 2101995184
1 1457682751
1 3345432936
1 2127886554
1 3988461151
1 288173638
1 127127422
1 3079474305
1 3297624205
1 3700287804
1 2289468697
1 3364058593
1 1592189363
1 2384815091
1 159133617
1 3658606404
1 2958144287
1 3151239990
1 440472700
1 2860031028
1 2323256809
1 2960359963
1 1587536329
1 3471568001
1 3078203385
1 1705275682
1 3546036164
1 1607219166
1 3824126114
1 288409378
1 3636099793
1 2959874294
1 2968990545
1 3267995075
1 3033646932
1 2581732068
1 3766247308
1 2887027082
1 8330169
1 465292799
1 212389731
1 261945087
1 3971493167
1 92808112
1 4202719037
1 2418946082
1 2550061779
1 2365932709
1 3812974037
1 4293563398
1 3013199313
1 2053285397
1 4259474956
1 486360453
1 2104925084
1 2402110386
1 2412093254
1 3089691094
1 3141417357
3
1 2565209788
1 4060177249
1 728651530
1 396674666
1 321031289
1 3934263864
1 3886843314
1 2762911177
1 3528869039
1 2231647184
1 2515913183
1 1672452336
1 3902486261
1 3614455916
1 2955578598
1 3082804895
1 2048556253
1 3418257953
1 1061957282
1 3832549354
1 2593368314
1 4048405906
1 2828412925
1 1299993361
1 2326745779
1 3729520012
1 1423134465
1 3822784160
1 2255611046
1 1368149689
2
1 3052484293
1 1553457887
1 365852420
1 115375891
1 3187809401
1 442358303
1 1779069104
1 1463457827
1 3395403103
2
1 3614981501
1 2831205457
1 1257199532
1 429199595
1 3884231814
3
1 237555440
1 2391957353
1 3275022307
1 3590178927
1 996729990
1 3271194320
1 3913081264
1 2132985579
1 2754474002
1 3786509487
1 2384796544
1 2979951137
1 2765343671
1 843188968
1 242996365
1 178696747
1 3286302029
1 148399817
1 1914535983
1 46908780
1 1208943042
1 1177511805
1 2447133790
1 3107439256
1 1878617336
2
1 4120883625
1 1400286704
1 1773992193
2
1 2041918169
1 1403134744
1 2432900203
1 619855829
1 3648353818
2
2
1 3406160397
1 2734409742
1 3061341159
1 2438184979
1 1428558096
1 2004861904
1 2172377688
1 2506959249
1 667721323
1 3471253394
1 1665697749
1 4259640801
1 2011748305
1 4211638832
1 3050604357
1 1632640452
1 925682348
1 609328665
1 2793349968
1 3862959488
1 159002772
1 3910147439
1 1071307540
1 2444457745
1 4000910376
1 2754720521
1 1165329313
2
1 79032241
1 4095439095
1 654715249
1 752624080
1 1610682983
1 2985542084
1 1297312787
1 1480036617
1 4238721879
1 4220276394
1 1753774489
1 1145033784
1 509387662
1 4101867889
1 811780984
1 2839162130
1 994956659
1 1368335708
1 1102943526
1 906898120
1 4289812946
1 73759827
1 2265877303
1 1890982168
1 3605914886
1 461586707
1 616551350
1 1213440003
1 3800607896
1 1490626093
1 1952371256
1 2413832188
1 2119799381
1 3975110985
1 183032131
1 3786854774
1 3650275531
1 455813422
1 3905113847
1 2615226746
1 884033765
1 3063672438
1 2998424384
1 737447011
1 523351737
1 2450851879
1 1761419386
1 547221187
1 269302505
2
1 3185992510
1 3370983312
2
1 2783948746
1 1978554165
1 1249538474
1 1814200396
1 3939972143
1 4025822300
1 132349228
1 2514745157
2
1 1009005764
1 1792819302
1 774321998
1 1357893308
1 3206249259
1 2214552391
1 3913121007
1 1578515427
1 3621185842
1 2862530694
1 2151273045
1 3278659390
3
1 2356378975
1 3610562117
1 3405155494
2
1 3426318348
1 3696519025
2
1 2658726354
1 1027890737
1 3289736836
1 1606986789
1 3400356545
1 3175683363
1 1195922699
1 433801880
1 3724220864
1 2357641205
1 2034369074
1 207934798
1 3211644095
1 2916439990
1 3490724006
1 975419166
1 3290667010
1 3921914829
1 2057220980
1 3543077927
1 2199956278
1 1828221180
1 1153295500
1 2033780057
2
2
1 988876249
1 589260859
1 1378795265
1 2663656274
1 560413645
1 2457998872
1 3459120693
1 280445302
1 3522159406
1 1117631048
1 2235713980
1 531090171
1 3506123782
1 3083921210
1 1513240129
1 2382931018
1 1904963834
1 2438910549
1 1665195088
1 3314908767
1 1683558067
2
1 773311975
1 3589410159
1 1295554716
1 3093437976
2
1 1135048250
1 1388227714
1 1065930719
1 2729188702
1 3748089103
1 179206448
1 4241061762
1 2163806312
1 2033868528
1 4288785486
1 1742415296
1 3373896412
1 777195774
1 1279894641
3
1 1914827864
1 735753589
1 3858186506
1 1581819439
1 4100072422
1 3229977195
1 1232660089
1 3185919136
1 2091048943
1 595122143
1 2298877240
1 2672190019
1 1510384139
1 2896793025
1 254242444
1 439517306
1 1276057259
1 16895617
1 259651403
1 1539170107
1 4172435614
1 63201519
1 3104946008
1 1131638284
1 1916346700
1 924446868
1 3449894213
1 2013570152
1 2555404899
1 3164113601
1 810218305
1 214228785
1 1093287562
1 1902518907
1 301106673
1 701792704
1 1065027170
1 3723267619
1 2272610963
1 4277433644
1 4155049305
1 3436338361
1 252506477
1 3031357414
1 3497607582
1 3358536797
1 3137292580
1 4099240897
1 3975105496
1 3073503054
1 2105285810
1 2859547040
1 260611571
1 3190516945
1 878254435
1 4019867910
1 1735357570
1 3948163977
1 1086905561
1 2924049550
1 4294025320
1 3119584460
2
1 2796461092
1 3600081920
1 1283495453
1 129595712
1 243417763
1 1309861458
1 3776198799
1 673929921
1 1058874623
1 3156855551
1 1051268963
1 762731755
1 3120762127
1 2718441493
1 3036432360
1 389178919
1 3387464257
1 4249888519
1 3028297355
1 996066607
1 522107035
1 3201226578
1 1247152300
1 1739674977
1 2756722267
2
1 3657632442
1 491863202
2
1 4050431431
1 3431529029
1 363583035
1 1297544098
1 3034364501
1 999849902
1 2569962216
1 1536999150
1 1870187640
1 1511562949
1 25358955
1 3322950040
1 1002970074
1 3516336300
1 1133203647
1 116054750
1 1834526381
1 2434799824
1 4055372571
1 3928931026
1 2791539283
1 3610177350
1 3809789359
1 4187407279
1 658257785
1 3460883674
1 4043492692
1 2991065373
1 3565090191
1 2429810331
1 774354717
1 2611330111
1 2073473642
1 1583160840
1 2511347049
1 959467792
1 2257729923
1 1779555998
1 250358672
1 856490859
1 911793087
1 682527378
1 407525757
1 170111938
1 2499679925
1 1397858050
2
2
1 2585107802
1 2482846359
1 1032212440
1 1059313673
1 2208810003
2
1 3584758140
1 1043568960
1 1117608907
1 726352969
1 2923810042
1 3163896877
1 3233955134
1 3965300702
1 1994506649
1 2048530708
1 1799760568
1 4062642214
1 2980299502
1 850628750
1 690592535
1 1293056855
1 3283699324
1 2255874443
1 119614133
1 3400608349
1 81143852
1 3034427687
1 645431735
1 782471811
2
1 1131345615
1 1214180433
1 2379368668
1 3623527587
1 1568094369
1 2476511178
1 2888458822
2
1 14387055
1 710861662
1 584472467
1 1532493692
1 3593747254
1 2486841050
1 801467636
1 3952869568
1 1406449618
1 1460058944
1 4044462293
1 567738184
1 4022769770
2
1 2368858994
1 646562009
3
1 4094831041
1 555026951
1 2413655603
1 2607762387
1 1824167849
1 2829595591
1 28933534
1 776615986
1 1706505751
1 3669324477
1 2099147481
1 1000526507
1 2337141399
1 2776411503
1 3351181843
1 2461033597
1 2691000439
1 3229668824
1 675346765
1 1560836898
1 1663387104
1 3305060789
1 959789276
1 706126512
1 3395196252
1 1666904842
1 4184478994
2
1 3825274767
1 1876653524
1 463213043
1 2305784356
1 4224695966
1 3774253754
1 1335734403
1 2254084465
1 2809763126
1 1207752468
1 3470055511
2
1 2960564967
1 2321031208
1 3294570508
1 2614777658
1 1756397636
1 1501708430
1 978997159
1 1475209374
1 3371122964
1 4292919944
1 3615319776
1 3270507469
1 2159653795
1 1467100457
1 2985798689
1 2913410747
1 3938441089
1 2711707991
1 629524455
1 3868369226
1 4167449019
1 1992664035
1 883365171
1 1532291027
1 1957081295
1 2198566730
1 2700516462
1 3689180346
1 1427152989
1 2369196416
1 2872392089
1 442010634
1 169061600
1 436721391
1 127228237
1 238616319
1 3082307102
1 1397144853
1 3250602645
1 2042766619
1 109878395
1 2247689861
1 377993884
1 857817971
1 151968055
2
1 3564950780
1 3083650176
1 2901927887
1 2416236779
3
1 660476460
2
1 1577611404
1 726169724
1 527334834
1 1663707339
1 4216788695
2
1 3885619484
1 3416169692
1 2383697250
1 2818032141
1 290795612
1 1042834945
1 245009637
2
1 975555713
1 564476625
1 2205240619
1 587914521
1 999404719
2
1 2491413694
1 3473572346
1 1257785971
1 1248872208
1 71877912
1 223715570
1 2153424649
1 2616879886
2
1 2840521558
1 1599406364
1 2459193638
1 2232409627
1 1480679283
1 3760435074
2
1 490173312
2
1 451240208
1 3816970520
1 629925848
1 3834595587
1 289286841
1 719727261
1 2034691472
1 37073164
1 4007992418
1 2602011789
1 908689801
1 2232010929
1 1207242810
1 3942294719
1 3628338621
1 4083017760
1 3246577177
1 1842586061
1 1636042281
1 3709870546
1 1595803409
1 1876089026
1 2856228374
1 3896652857
1 1209341403
1 3339068492
1 580459267
1 2277571166
1 1261390023
1 1344152477
1 4147105415
1 2774077238
1 2268111459
1 36358345
1 68366219
1 3499865566
1 2590408194
1 1683312494
1 159820968
1 976362508
1 1043658838
1 3161292183
1 1268083681
1 3273613199
1 1512288909
1 2923923444
1 3920520216
1 3995705359
1 2009934311
1 3572607574
1 92727869
1 2907637960
1 246632313
1 2590567058
1 963783431
1 914905330
1 3849365898
1 3625394737
1 1739242000
1 3297146531
2
1 3476728851
1 979141220
1 486549253
1 2362765954
1 2580187236
1 2117883376
1 3637966177
1 3863842699
1 482124196
1 1577023848
1 4092848714
1 1703269153
1 2750147207
1 1858643861
2
1 632838453
1 945402352
1 1421782689
1 3657233299
1 251822354
1 1094025178
1 1888863564
1 2749771709
3
2
1 2668879246
1 1923703708
1 3264248672
1 147292336
1 1141112315
1 3436975138
1 104965855
1 3442861310
1 1610079692
1 1416708385
1 3679044161
1 1739959976
1 1622894517
1 3918698246
1 220326626
1 3395787694
1 1768949924
1 1124153323
1 3944122799
1 1543652033
1 1395381735
2
1 1703331262
1 4230481905
1 1199396423
1 633123702
1 1759937511
1 2163395212
1 3629991196
1 344793108
1 24642649
1 1642230675
1 1762327622
3
1 2336917516
1 3782618875
1 3783510950
1 2194113710
1 3967263613
1 3853938726
1 1004198876
1 490121602
1 81498464
1 3541300363
1 4081435253
1 2370381291
1 2206612105
1 233635055
1 2194723025
1 741352779
1 4124016030
1 136877923
1 50341202
1 741716399
1 1237516850
1 3664272088
1 3098317230
1 3829153492
1 748156324
1 2073093104
1 2895754922
1 1298610507
1 598394149
1 2184933732
1 1572774158
1 3705278486
1 4199040875
1 1834804447
1 4264050416
1 835487534
1 1121945204
1 4027280930
1 2171211369
1 2268042614
1 3358950120
1 814795281
1 2054103816
1 3728492629
2
1 2290222218
1 1821711970
1 3808509697
1 3087197684
3
1 2098710342
1 2462034027
1 2517485482
1 3294052730
1 1073641800
1 1716890039
1 3632085116
2
1 552684919
1 4166051861
1 3724583642
1 2374303150
1 494270623
1 2200658707
1 964966406
3
1 1730804524
1 3274463870
1 798672659
1 2063388081
1 1398750237
1 2814433502
1 2685427549
1 420377557
1 1917432547
2
1 1182067225
1 90277431
1 2595355661
1 1144996467
1 1863045345
1 3152917391
1 3608077729
1 2184090912
1 1348141743
1 1477823360
1 1436752557
1 3186670278
1 2079886914
1 2839733136
2
1 2181735184
1 2058567895
1 446219931
1 3314008320
2
1 3647486259
1 1482186991
1 2020602544
1 1618668764
2
1 859458484
1 1405667902
1 1571666733
1 1929475236
1 2660369276
1 2926087634
1 1812722520
1 723853921
1 2221341759
1 2883750615
2
1 1607806641
1 1098913057
1 221412460
1 1116297699
1 2960083965
1 531363275
1 2542910935
1 2402634410
1 154766015
1 1764890115
1 40416841
1 1173210266
1 1811149971
1 3669315844
1 426521252
1 3151622175
2
1 3106526505
1 1132489840
1 1603995008
1 432816867
1 2740767807
1 2866249453
1 1407192013
1 1282630842
2
1 3261927534
1 3426946285
1 717889921
1 2136970250
1 1556278424
1 3377422333
1 2872766552
1 1768127051
1 2025884416
1 3242269752
1 3398830568
1 3761024417
1 2744046384
1 350283029
1 888597690
1 2839428240
1 3826052617
1 171161901
1 2863890413
1 4250366363
1 3860195678
1 2229939732
1 750506612
1 3103107953
1 1517335428
1 2196997759
1 3726052825
1 2817765054
1 1217628632
1 2876053143
2
1 2060315302
1 1021712832
1 4105772257
1 2893426573
1 1665921063
1 123541924
1 3291033562
1 895106790
1 1863630016
1 508977030
1 2590973081
1 93665723
1 448649566
1 4073852851
1 3525550366
1 2188385824
1 360842107
1 4056995407
2
1 2066392791
1 1127144378
1 2907957219
1 3388475770
1 840655875
1 1802761671
1 4008445861
2
1 1528776876
1 3905367087
1 1951212399
1 1425251453
1 3271701437
1 2384148867
1 188419865
1 1519733477
1 1047588153
1 711254681
1 1764484277
1 3453139698
1 3568853778
1 3821250946
1 4267109237
1 1733788017
1 2998268029
1 710319955
1 2095146538
1 2068514855
1 2796857568
1 1134782224
1 3194786108
1 2818656113
1 3006232166
1 2915836059
1 3344526588
1 1782938832
1 2458847879
1 3717154357
1 1717986357
1 2113706928
1 1636356686
1 99771268
1 2198459195
1 2200275566
1 3805740397
2
1 2125119431
1 1695827190
1 749667109
1 2470777404
1 3504041923
1 3122643622
1 2606861239
1 53690381
1 217187875
1 3923982930
2
1 3960069073
1 201210983
1 3971379689
1 2952261525
1 4199429355
1 2380163730
1 2729041481
1 2671504896
1 2219430800
1 3655731823
1 3381637241
1 3524740586
1 846354916
1 752490802
1 2064467203
1 484924540
1 1514072074
1 34650098
2
1 150502205
1 3148978377
1 2594144082
1 2732832058
1 2644906155
1 383966446
1 1762159456
1 294447371
1 3094463918
1 2121430974
1 1047854608
1 2261367283
1 3362310363
1 2271631118
1 1112157625
1 2230832299
1 3504738022
1 4192136138
1 3284866694
1 1626165658
1 1918554751
1 1184421467
1 40629068
1 2856292159
1 797618048
1 1200766169
1 3375227461
1 1982815042
1 375038432
1 3343543175
1 2707235543
1 2977875451
1 1208971342
1 3653494102
1 541748407
1 3066894449
1 296285496
1 1615486090
1 3815692022
1 973890490
1 78310805
1 3671470090
1 3815041847
1 251727812
1 1251340027
1 3597003667
1 785573276
1 3135040598
1 3016450084
1 511456170
1 673621736
1 2783322754
1 1629510035
1 2495451689
1 4069106912
1 3138694155
1 3677263074
1 3599285490
1 3211580101
1 2068382131
2
1 3364690271
1 4279856689
1 2424813178
1 3396356230
1 92767649
1 1519182712
1 861423240
1 1155756426
1 1467966470
1 1806061202
1 2501794267
1 2719927941
1 3827376637
1 1795597354
1 480830015
1 3945397520
1 1726277780
1 882268113
2
1 1744420283
1 2497955974
1 3669810814
1 2408589784
1 3654799610
1 3976509613
1 3426246756
1 2274640796
1 31189379
1 1785008931
1 2358871130
1 284622511
1 2287877788
1 2106989550
1 3912188071
1 3041216672
1 1531895202
1 1774532394
1 72335194
1 345299634
1 1273976833
1 1686154163
1 1373371026
1 2448991663
1 1658207928
1 1731826244
1 969705565
1 754365667
1 1216902177
1 28746080
1 1339899897
1 3805085840
1 2767466949
1 2741310371
1 2522477302
1 3647129126
1 4005764907
1 3927301962
1 3220006961
1 3095176630
1 1934565404
1 2826934461
1 4253972994
1 2012213633
1 2233724500
1 3721442143
1 2218361507
1 253713322
1 2319329536
1 1915807149
1 1714182295
1 1185848562
1 2527773699
1 3492648160
1 2346694946
1 2635792340
1 682291687
1 4039333144
1 3069007997
1 3615896154
1 2635246413
1 3883790435
1 509712530
1 3190684530
1 1982117084
1 2118575466
1 2892877624
1 4190694540
1 1945211212
1 42609717
1 2986580969
1 649222034
1 3741287959
1 3299230668
1 3927602971
1 3126945984
1 1474829241
1 1431158092
1 1014641096
1 3362596244
1 3541342391
1 2845242762
1 2920070044
1 3340132140
1 3783142686
1 937788380
1 643705400
1 4092193727
1 1154149616
1 2983652718
1 383912146
1 1571539278
1 3242497838
1 2516142854
1 4043691041
1 3764037545
3
1 81501296
1 2004805300
1 1181176428
1 714581028
1 1708738903
1 3992112152
1 1306384484
1 4101796113
1 2198625640
1 294708432
1 1607661140
1 644644312
1 2576128706
1 3758164937
1 2914792724
1 2486375925
1 3452565952
2
1 1957633686
1 229220828
1 2625863741
1 3601983395
1 1183067351
1 3402845500
1 3607968342
3
1 2306774856
1 168874051
3
1 2891963293
1 3107439642
1 2781061650
1 3752737380
1 3129871700
1 437482368
1 1916485074
1 2380149781
1 3874108296
3
1 3931711850
1 2951722950
1 653003045
1 2332826865
1 2586167653
1 108162995
1 3428570239
2
1 4178274042
1 989696328
1 459204549
1 3725964917
1 3988146978
3
1 3072631742
1 2781347105
1 3064440970
1 186807062
1 358250298
1 3609905335
1 1208907477
1 2999955152
1 271625154
1 1508003826
1 4063152267
1 1529106216
2
1 3364134904
1 2930991593
1 1542954179
1 208550103
1 1189171610
1 3016632654
1 2533530320
1 1882842065
1 3532661578
1 2249980675
1 3652581069
1 4201085236
1 1248964924
1 456528419
1 2612795918
1 1417549799
1 2605461584
2
1 4179681866
1 1534095767
1 4004728852
1 3837918777
1 1497132270
1 656071241
1 3920206638
1 3069458533
1 2226576578
1 2520198229
1 880995283
1 1082753048
1 1667165777
1 2004981746
1 837128937
1 863369723
1 227938366
1 3743447279
1 697342248
1 2089344474
1 1190504271
1 982317703
1 4127176513
1 1400440176
1 3432706851
1 3437561330
1 226287729
1 1509970938
1 2402732511
1 1072279034
1 4258070458
1 930958744
1 3372349036
1 198095140
1 2299362868
1 1744208584
1 1027246892
1 2758662787
1 2780894078
1 536681148
1 1140468923
1 1520413488
1 3068096339
1 464478972
1 1039844442
1 3323551830
1 3814023143
1 3579723029
1 2195921586
1 186446022
1 2886086778
1 2174805737
1 1381421536
1 1141223415
1 936034670
1 2130235809
2
1 4249894860
1 1839706247
1 247943577
1 96690341
1 2912433374
1 132418943
1 3425346115
1 1497729703
1 4226881668
1 137655063
1 3787439658
1 3425965892
1 1230547072
1 2348543678
1 1680335528
1 3805068588
1 641933762
1 2672245062
1 2153105118
1 1111315483
1 2205995746
1 3805332034
1 1626590181
1 1580664994
1 2851326751
1 3479480841
1 2393046725
1 802582192
3
1 1435032068
2
1 1332395667
1 3982039987
1 2703931932
1 3324044540
1 2304703748
1 3853259513
1 905562992
1 1787045737
1 4129190285
1 2891595224
1 4248545241
1 3550862558
1 1695732094
1 2002234551
1 431353241
1 3190093051
1 1181034331
1 4067058046
1 2752744286
1 2524333611
1 2087759812
1 2123741437
1 2731060741
1 3986769031
1 887126602
1 2982023798
1 2184739939
1 1227356408
1 4189377897
1 2025200772
1 857770210
1 3767204297
3
1 2353116673
1 2179482353
1 3011667373
1 431793425
1 381945538
1 3690907361
1 1133897749
1 2763878805
1 1241780817
1 3388068207
1 2946977904
1 19025169
1 1979425910
1 3580194935
1 2331746566
1 1631740554
1 1430474622
1 4200764026
1 2710909865
1 2343453661
1 1738568448
1 77331561
1 697093896
1 842668519
1 938108965
1 3238402627
1 4286808149
1 934092824
1 3464486897
1 1419197092
1 761599742
1 3668848338
1 1732969039
1 2735717925
1 1758823835
1 3741200414
1 3418685519
1 1665767900
1 2836806794
1 2043575978
1 477743748
1 2453601998
1 3363918245
1 660906595
1 2113888555
1 2831171898
1 4184810056
1 1043786622
1 2946208289
1 584783923
1 143999525
2
1 2182020529
1 246371874
1 1503414193
1 3585948398
1 149611457
1 2877380959
1 3749060316
1 3626661923
1 1714371142
1 3450956591
1 2220291595
1 553742207
1 4112634980
1 4120471566
1 1648229743
1 16638328
1 846809722
1 3254556771
2
1 1529716786
1 334576855
1 4248104919
1 389195563
1 2776405118
1 2202486478
1 1074880063
1 820216621
1 4136907414
1 710374796
1 2568020688
1 3754553718
1 3843353048
1 927942640
1 218808326
1 102980460
1 4085855100
1 732884856
1 786774749
1 1629909625
1 3408950194
1 1454283199
1 351463024
1 3592127063
1 1338372598
2
1 3234438295
1 157149700
1 605749760
1 4258978182
1 859455606
1 78412737
1 3691941802
1 1256647163
1 700918673
1 763131996
1 3091971623
1 1450356731
1 3116064690
1 4089071322
1 4279587671
1 2228925494
1 3750290539
1 3347906691
1 2680032970
1 4180086101
1 3001491458
1 1050720017
1 2950996413
1 1708589023
1 887058528
1 91842573
1 3204546955
1 1417463365
1 3544142353
1 1077034204
1 969930280
1 3921299936
1 2115191003
1 1495792101
1 4058833838
2
1 3249331890
1 3666659750
1 1592161178
1 2423636045
1 4000862764
1 1698120063
1 345664970
1 3537584035
1 933797542
1 1862070513
1 352495429
1 2814016894
1 921504205
1 3318550212
1 2491013538
2
1 1998062489
1 1645555405
1 1582057152
1 353689105
1 2330807181
1 2055877255
1 34275958
1 3825121160
1 2578879186
1 144642593
1 81549080
1 3381260383
1 1623576652
1 2462288170
3
1 3329978299
1 2381318491
1 2282185159
1 691401558
1 2877171453
1 3290768770
1 1297945963
1 2914586158
1 1877585546
1 2078113875
1 156093598
1 2631436813
1 2009683854
1 4205537407
1 3345277598
1 3929951758
1 4230637461
1 1478782181
1 2700137125
2
1 2245498074
1 3446745561
1 3936671140
1 174898178
1 3088019846
1 148271306
1 945651595
1 2556302009
1 3397393329
1 987335239
1 3586807722
1 3114848161
1 1728723702
1 3094571670
1 2484728159
1 4277129645
1 4218709468
1 3734355283
1 1081902330
3
2
1 1711514945
1 3020433169
1 3292082691
2
1 2903743550
1 1821966156
1 379962169
1 1966958255
1 1308538134
1 1747599557
1 4009786438
1 1300617806
1 3163148807
1 3113159177
1 1589987348
1 3746793204
1 4074961702
1 2517953057
1 195121790
1 816529474
1 3757415922
1 3489931734
1 4122105194
1 1398417868
1 3294256226
1 2823525763
1 2848716098
1 2025539902
1 1865967082
1 2230433384
1 2140910623
1 2217990673
1 2980731437
1 4049201594
1 1057838193
1 255438312
1 4104823836
1 2905682199
1 1561173003
1 3724339678
1 14188298
1 4033721929
1 583711313
1 367228022
1 2709751735
1 1830384775
1 1235258273
1 3445998338
1 3148911634
1 4275602807
1 1057781422
1 2450269447
1 684993834
1 3337299439
1 3161034217
2
1 3354377260
1 1196197479
1 2713858093
1 2843967101
1 3241404395
1 784165785
1 895714736
1 3874224395
1 1664520277
1 105286196
1 1350350433
1 3225046308
1 2135672736
1 1864455252
1 2921699087
1 1060836204
1 1442648519
1 1031931125
1 2171154125
1 1260499620
2
1 2350371710
1 1093713644
1 2021020684
1 465119365
1 1759221986
1 1761684530
1 3243601209
1 148308005
1 3956261052
1 3491934687
1 1176008241
1 3790098416
1 1179988584
1 4195578647
1 3555543625
1 1498915495
1 504322366
1 35466522
1 1227011912
1 782741625
1 2460922340
1 2588523800
1 2222350240
1 1592027546
1 923697839
2
1 1090050212
1 1724583801
1 2098839268
2
1 1585679864
1 472276862
1 4114535228
1 987100558
1 1725913067
1 2961236815
1 3371502104
1 1591165406
1 3129964811
1 1815897084
1 1392249967
1 169125817
1 984918517
1 475951465
1 1030533349
1 3107853452
1 1002310003
1 4192948336
1 1528372123
1 2546608127
2
1 445178934
1 4187492257
1 1728703780
1 3312879756
1 2117000321
1 1000842472
1 3012002388
1 702596736
1 1927527584
1 3127416837
1 2013775833
1 245082695
1 2435515667
1 1138539975
1 3635474972
2
1 2079044511
1 2577271242
1 628575141
1 1631005202
1 2235715318
1 955823953
1 2672331181
1 644608463
1 3533276688
1 3884433694
1 1274656172
1 1454077498
1 1182808505
1 1566672811
1 4114990725
1 3580740332
1 1970845712
1 1437779591
2
1 3438544118
1 2044094802
1 3698707487
1 665128745
1 1942935433
1 484334395
1 1896609091
1 2840077875
1 3057291822
1 1704230530
1 1432921866
1 2316524244
1 3889168131
1 535476259
1 1985864566
1 3346802706
1 3731544633
1 206196203
1 1811603128
1 434317086
1 1026459140
1 4109975765
2
1 734797117
1 3669731792
1 2351929046
1 872257467
1 205048629
1 1117447550
1 1776574164
1 709375850
1 821025937
1 2925474511
1 2187098005
1 361280140
1 543335208
1 3636439595
1 2630233675
1 2469301727
1 2345453139
1 962924119
1 1360311008
1 1496694366
1 3123374133
1 3178174683
1 2382826864
1 3304236841
1 4082813043
1 65710614
1 1049616172
2
1 4252813554
1 2858482676
1 3427298879
1 1994191750
1 3328321299
1 4166412875
1 3310863079
1 2353969932
1 2399244545
1 1156056125
1 2531454102
1 2335367193
1 3896861131
1 835834067
1 299184831
1 2438285017
1 3466338122
2
1 63192138
1 2601905686
1 2315970684
1 821533779
1 2865120910
1 2295518
2
1 1454224154
1 1297873550
1 3357361975
1 2086235793
1 2886377361
1 3656078464
1 1203533063
1 439577237
1 781815600
1 737093795
1 1279989851
1 1686752014
3
1 3789771897
1 1619312939
3
1 830971052
1 3553672971
1 356448237
1 1832996712
1 4239192910
1 2189004022
1 2210122487
1 2557216392
1 3199232263
1 4050238209
1 4118683646
1 1017314263
1 1189744450
1 1377034186
1 504362995
1 1236895968
1 1076087966
1 2993118407
1 1807255369
1 2108216276
1 1211948478
1 3086044104
1 2075505472
1 4130136041
1 4068334834
1 3904326118
1 1456402900
1 2143983409
1 2200080542
1 881049023
1 2272067591
1 156392230
1 2519042646
1 974830220
1 827914658
1 1092388233
1 9929387
1 3702588339
1 645926840
1 1795241594
1 1809964508
1 2111501689
1 1402227566
1 3163372985
1 1499197491
1 3582822294
1 3484985357
1 3450949250
1 4152603044
1 583455413
1 3759225915
1 560688158
1 3654153044
1 1507151519
1 584836005
1 1439388522
1 42244833
1 2025247722
1 3800766124
1 907726753
1 1129110006
1 2194496951
1 3428281552
1 2099199858
1 2954921629
1 2452161224
1 1579667005
1 1306714208
1 3947274453
1 3678871656
1 2076275612
1 2304511794
1 4103381304
1 3481480229
1 1042536290
1 1918185533
1 3110335994
1 895237113
1 3846477750
2
1 2391496770
1 132275838
1 1540349100
2
1 1902767485
1 522895170
1 1519334019
1 979926862
1 2872496664
1 1020578210
1 2368216737
1 3396664555
1 4240510040
1 3429697036
1 2949717173
1 2745025211
1 1685644203
1 1936953716
1 955913463
1 3750258095
1 2001557892
1 1685730526
1 3240064630
1 3485093912
1 3659536846
1 916306248
1 2582460066
1 2357744250
1 587132293
1 2184857600
1 594020727
1 3463629956
1 162711168
1 191041064
1 4175241812
1 3343667007
1 3461506074
1 2039292521
1 922231316
1 1601127355
1 44397339
1 1609193083
1 2982619289
1 3501605771
1 2246815566
1 379542147
1 3756697587
1 130715479
1 3495412112
1 3132252420
2
1 1077903637
1 561087311
1 1900361129
1 3068982611
1 2480240909
1 1206108874
1 1900797216
1 692924948
1 2341404742
1 528291808
1 2252660043
1 4026877009
1 493222922
1 1368851962
1 1372123566
1 3390638776
1 215928125
1 410876298
1 2276870426
1 4024546841
1 2181039191
1 1771330702
1 2350692432
1 3728243423
1 3950365929
1 1709129460
1 1830641721
1 3893246041
1 1785406102
1 3557442206
1 528920775
1 2618835351
1 2674305227
1 2608561044
1 766279564
1 3001248756
1 1250936333
1 648765568
1 845012575
1 1766312431
1 421887626
1 2879872589
1 691886379
1 1989930377
1 115852973
1 3691696083
1 4126857630
1 3610384574
1 574113391
1 355229223
1 2168887450
1 3495871325
1 102423355
2
1 1804490279
1 2884842922
1 854569336
1 3154295938
1 3861136963
1 3375838021
1 3480470531
1 1668302411
1 3559166074
1 684258024
1 2093538863
2
1 1708748376
1 1765380123
1 581969807
1 3677141790
1 2738594310
1 1818826917
1 3212463188
1 385362788
1 4273963775
1 2118302966
1 684659806
1 136182050
1 4229439412
1 2655532857
2
1 1633745212
1 2740435975
1 1044104603
1 543417881
1 4135662452
1 3378023387
1 260680099
1 1188277376
1 3555315865
1 4274793505
1 2700798525
1 3213937008
1 1479076806
1 3460800892
1 333926755
2
1 4261988623
1 1359419765
2
1 307204891
1 1692833047
1 3800539930
1 789507998
1 1284978714
1 55113824
1 1083245282
1 4123078406
1 3716814281
1 1783958802
2
1 3753944341
1 2844070957
1 648456032
1 114979644
1 1087926514
1 1343629702
1 1180847142
1 3560259989
1 4208005805
1 2436977503
1 2518501437
1 3791200883
1 121056068
1 1291397238
3
1 1077517975
1 328702206
1 1303620044
1 1199999657
1 3452998495
1 2663785638
1 3276212595
1 3748039839
1 543125549
1 3959486650
1 149648597
1 2202890236
1 2012681815
1 3800699303
1 3038973748
1 1179634869
1 615202511
1 664790101
1 1017419168
1 3460157639
2
1 2002891421
1 765785787
1 883065245
1 3451759659
1 3702341026
1 3699320178
1 4134672456
1 3780592384
1 2087976665
1 3694828173
1 3275033447
1 1824376810
1 3116609544
1 2010727942
1 3000910286
1 3362505813
1 3965387478
1 1652794488
1 1070507279
1 312739716
1 1267694070
1 3354839982
1 2995578345
1 2019210605
1 958252000
1 545555899
1 3126715361
1 2609264077
1 3293417224
1 3048950500
1 1516776358
1 1895606443
1 541109902
1 52994436
1 574909938
1 2681804567
1 4042936380
1 357512948
1 3070404329
1 3667578520
1 2909414979
1 2901677966
1 3386546448
1 3880482279
1 811020962
1 2046141918
1 652072669
1 1684806788
1 2706389723
1 2681436492
1 3815041762
1 203016045
1 2462848194
2
1 494485520
1 2355113621
1 3920668884
1 35842257
1 1246069044
1 3724330199
1 2652101034
1 1324415208
1 197100480
1 778785715
1 1901650510
2
1 3606677034
1 1093352243
1 155868384
1 1926192157
1 1532491337
1 1623850357
1 2883478273
3
1 1344388191
1 3588333216
1 2177055891
1 1776569315
1 347545424
1 2562602724
1 2353721004
1 2937692489
1 4292330365
1 2346493250
1 1379446367
1 1666853295
1 4116689733
1 404617874
1 3932308940
1 1687557526
1 3959344589
1 3411159401
1 2051855615
1 4104225265
1 3606775997
1 2087964337
1 1130806205
1 3762990848
1 635094877
1 2590976920
1 4096658127
1 2779259980
1 4239224796
1 3450359482
2
1 1248309793
1 3602137977
1 3752798831
1 3702477021
3
1 2330586221
1 3388661912
1 4195615574
1 3717158638
1 2283209446
1 3554974016
1 609266074
1 982358147
1 2306590368
1 1208658096
1 1222433215
1 4227405865
1 3868909064
1 2625669414
1 3166264412
1 2268318043
2
1 3960543703
1 2562948261
1 23865581
1 2348622263
1 1619456374
1 3396675256
1 2676408579
1 2687434347
1 497663578
1 2596362289
1 4000392294
1 203755792
1 866383425
1 1573426706
1 930325255
1 2568771107
1 3039331960
1 483134632
1 3689744816
1 3302889578
1 686911721
1 1040461119
1 3391852417
1 2469604077
1 2548615488
1 3798825415
1 1177189356
3
1 1728615470
1 1664446484
1 580317110
1 2684697080
1 4103104167
1 3215072347
1 3687853682
1 3423565121
1 3312528527
1 4121061945
1 1341268799
1 3699666886
1 1380151685
1 3301888721
2
1 1337882391
2
1 4108320064
1 3105892501
1 20072137
1 106370952
1 3853766513
1 2278752578
2
1 1413066315
1 2232710273
1 373825521
1 2944648610
1 2635561578
1 3646824149
1 1624105406
1 1260128778
1 806697589
1 3415340050
1 1059379909
1 364563389
1 2295226960
1 1055230808
1 4126160360
1 1483424286
1 4101347471
1 815580365
1 3440333257
1 2305778997
1 189323706
1 999949208
2
1 1880195115
1 694338415
1 782484749
1 2739851016
1 1827030796
1 1518065781
1 2428490552
1 722522429
2
1 1840343280
1 760776237
1 4060896494
1 2511216608
1 1455334547
1 2914010348
1 1968863326
1 3564875778
1 3635931718
1 2097120858
1 506463195
1 964266752
1 174987924
1 2751383805
1 1480136551
1 3291226445
1 2753175496
1 3355942963
1 955508054
1 737263015
1 3479259675
1 3340676017
1 3032745214
1 2781112903
1 2118744684
1 531127483
1 1537021657
1 4064175493
1 3918309167
1 2317202924
1 4084598981
1 123238374
1 3188112121
1 1156130409
1 1057059656
1 171590289
1 3537748029
1 3654853605
1 2378844069
1 2454802403
1 2700638444
1 1644066775
1 2654795066
1 2881193824
1 3068999284
1 653284019
1 82806137
1 684218349
1 2800339421
1 3656292491
1 2313998729
1 3948710052
1 2696527694
1 1146429852
1 3185446594
1 249674835
1 4023453259
1 3793250659
1 482422636
1 3455934338
1 284945534
1 4093565865
1 2385255108
1 1823320509
1 1019812150
1 3645316297
1 1675563483
1 3055179861
1 3267243784
1 2200266683
1 1416112015
1 1055641836
1 266617120
1 2751353518
1 3520201123
1 2246453223
1 3357826965
1 858614026
1 1503894495
1 1336718681
1 2567491265
1 895338994
2
1 3423563212
1 2553964036
2
1 1557158183
1 3353608187
1 1049670498
1 3256017776
1 3449235032
1 2865464532
1 2269279986
1 3209831171
1 2184990337
1 3568701014
1 3636679029
1 1290583106
1 2858192163
1 3092745978
1 1302244332
1 41076993
1 2459636620
1 3690031321
1 3295622385
1 687549516
1 3752066350
1 508088409
1 2419819912
1 2767311173
1 1450058712
1 1502084819
1 1915949240
1 2970701343
1 611096775
1 720652976
1 1550652070
1 1561351196
1 1730021070
1 465535110
1 117772052
1 911005561
1 3724524230
1 1451876264
1 3143095106
1 2089354209
1 2199294149
1 1579430662
1 807465898
1 2347740182
1 1195139974
2
1 1353718017
1 3334830741
2
1 2175552998
1 2679108630
1 3005932222
1 1265601928
1 1643643244
1 3237891920
1 3854494918
1 1188567580
1 2897931858
1 3642360472
1 1619344810
1 776140869
1 2502410230
1 2265650946
1 3322137884
1 771087996
1 989836540
1 643444719
1 3229459577
1 367528436
1 1547493224
1 1859816021
1 1327499101
1 2393685830
2
1 2839159192
1 1279175567
1 85544830
1 4222559004
1 959786993
1 2169409310
1 1734526704
1 1023490995
1 2491776136
1 3023355147
1 2814305672
1 2812103613
1 2664664108
1 38610549
1 3531811657
1 3176894474
1 3426578517
1 2659846093
1 495938186
1 2139235534
1 1562764307
1 3547422341
1 1502970792
1 721565031
1 1269407694
3
1 4076621957
1 1042117144
1 135493309
1 1087241196
2
1 3002131628
1 2023954559
1 3409767462
1 2067709857
1 3657226779
1 3575265258
1 303187518
1 1622335883
1 3094653046
1 3323528376
1 3387130009
1 1529737592
1 3483688909
1 3518300907
1 929852249
1 3050905064
1 1027101940
1 2626813289
1 3627045826
1 2746182216
1 2418148654
1 1116674462
1 3583137847
1 1414751425
1 4187226341
1 2482324158
1 2177502414
1 1692965696
1 4232527319
1 497710655
1 1555048863
1 86825892
1 3687285735
1 3195142501
1 2136054093
1 1757719822
1 3889786104
1 3515806816
1 2353649606
1 2193343797
1 3293135197
1 3607060714
1 308463770
1 4252453893
1 193936354
1 2397281995
1 1763715054
1 2147891679
1 251467463
1 2595852792
1 3659795196
1 18166258
1 3263702320
1 2468870584
2
1 490624964
1 3876495424
1 4009167634
1 3873766396
1 1774785327
1 315658433
1 2820707012
1 3046047703
1 813690281
1 4080888687
1 1306672049
1 1773835924
1 3398822064
1 3887884767
1 2195159102
1 1346696371
1 2979428221
1 2664546084
1 2462430012
1 761278428
1 2738183213
1 1231479276
1 130569833
1 980945550
1 2283767984
1 3780272675
1 984326711
1 1752669616
1 217552954
1 312185736
1 1674451775
1 2419897876
1 1199429885
1 309125345
1 2972257313
1 1360875738
1 1454029094
1 1625292325
1 582890340
1 1328445629
1 3066077580
1 497278492
2
1 720143140
1 2524063484
1 4238253780
1 915793713
1 3377775568
1 811496020
2
2
1 517464207
1 3211490542
1 2364415119
1 416025861
1 3314767624
1 3489365058
1 2909078810
1 2882705880
1 2944714266
1 1956899134
1 176890305
1 1696829909
1 2880262871
1 988608294
1 729019559
1 1763767877
1 658091839
1 2612947512
1 567980464
1 2918691784
1 3718321056
1 909246760
1 2297896632
1 1534725437
1 2028689336
1 2087481772
1 2640852618
1 523436038
1 1279023030
1 2481469440
1 2164695382
1 643593604
1 3688102004
3
1 390963974
1 2378626157
1 1083421297
1 705935026
1 4024523494
1 3188536411
1 3371446966
1 3812084712
1 12864632
1 3601167119
1 2613865811
1 1638016452
1 3647078881
1 3834282705
1 3924616333
1 2788386104
1 1934368102
1 13641053
1 464607484
1 4092748826
1 416892978
1 3978273508
1 3407418943
1 913494415
1 52001263
1 2797664244
1 2939122368
2
1 1504647811
1 946277765
1 1925154148
1 1015654074
1 3972084662
1 1662247205
1 3082452845
1 424169021
1 2178193652
1 1827851548
1 664313359
1 484038597
1 2520719673
1 1788768076
1 1828079838
1 420344891
1 4197221672
1 1143816209
1 984211725
1 1913198190
1 1964117630
1 3867744189
1 2370738406
1 3583062404
1 739534563
1 1836325355
1 1076662657
1 1428733953
1 942061291
1 3877214224
2
2
1 2236661934
1 1895035359
1 3141283292
1 1330951239
1 207246697
1 2565294713
1 229054823
1 2874187516
1 3342215960
1 2228589099
1 766905448
1 2727414851
1 3751981862
1 4242050549
1 2894155830
1 1506945151
1 2666984787
1 3398946062
1 3085644677
1 53401507
1 2594842292
1 2555609921
1 2031404054
1 3620546714
1 1708100901
1 3588179801
1 305379457
1 172373575
1 1944443437
1 3088755123
1 891319252
1 964525381
1 1408161574
1 2301965121
1 729406779
1 1449218257
1 3377740732
1 2422639702
1 142828459
1 98888129
1 50514458
1 1148277398
1 3096555959
1 2881564709
1 442278283
1 3292396745
1 4242282770
1 3501976106
1 296243023
1 726994810
1 57226558
1 871334235
1 3081387148
1 2611443980
1 4147193020
1 3813958124
1 2638656040
1 1423251311
1 1827555703
1 3072744010
2
1 247957373
1 4272610035
1 2490622350
1 171491637
1 1287411948
1 35705346
1 3800164233
1 1933014454
1 3261407945
1 3471287018
1 998876104
1 2250304678
1 4176293384
1 3915508269
1 479820335
1 2036859115
1 498701402
1 2993288063
1 523633945
1 490157748
1 1338635656
1 1144281650
1 879108483
1 248777598
1 1372038612
1 1563471515
1 3414772213
1 3107618339
1 2537797662
1 3823101047
1 857337119
1 2658406167
1 3276493877
1 1442183078
1 80614214
1 44941854
1 847783864
1 3489349400
1 3544605374
1 2276972057
1 1512272305
1 2218930995
1 2387818539
1 1792831238
1 1799223358
1 3712345022
1 2291009271
1 668977957
1 35364211
1 3874677344
1 1193575626
1 2893598268
1 840728160
1 2539292109
1 811326471
1 3654501558
1 1764073919
1 2466186535
1 387925627
1 3211361465
1 2417226770
1 1081469931
1 2790725135
2
1 1658506484
1 3150592008
1 3792513212
1 60398035
1 2739051994
1 1225828545
1 4021841405
1 142868682
1 1799495317
1 3408896523
1 558402717
1 2623231084
1 2600837263
1 1765913621
1 2633960919
1 1641228615
1 2994505991
1 3567391097
1 3298732975
1 349094599
1 593475265
1 3935158573
1 1311789470
1 2703775227
1 1532985588
1 3192151884
1 3840997889
1 851133476
1 953007329
1 1512840184
1 3106331562
1 2923681598
2
1 2180613652
1 1033566067
1 93722374
1 1325001742
1 210068140
1 1599430335
1 864157619
1 1404729295
1 3801432634
1 2062567446
1 3302853908
1 2086293077
1 2352415593
1 273904484
1 768661253
1 944613118
1 1862614131
1 3957337903
1 3742145905
2
1 2065360808
1 2202166539
1 3892893015
1 1863182349
1 3956759326
1 2431960469
2
1 497487109
1 150717387
1 1856271916
1 1810406477
1 1087886567
1 3563666799
1 15057431
1 21984314
1 3244926884
1 1357279127
1 2193485114
1 1502035591
1 2589903234
1 156669790
1 3144574946
1 2289503517
1 3535968605
1 2629733259
1 3534817307
1 889123405
1 4063412978
1 2737666812
1 3485343102
1 3614616112
1 3516767087
1 3786795342
1 4225444353
3
1 935794150
1 2967604801
1 1031200837
1 3448515666
1 2679081205
1 1415489581
1 2503377702
1 464338063
1 121988274
1 1431191092
1 672933702
1 3283183327
1 2014464101
1 3435446017
2
1 3459551921
1 3013087117
1 3587816531
1 3147916956
2
1 2531743804
1 3011818728
1 503729057
1 3089456510
1 3807578881
1 281251574
1 1279036471
1 4144472113
1 1413211617
1 2662082199
1 3278592953
1 3545049772
1 2538660860
1 91350316
1 3315601085
1 2919412289
3
1 1090524772
1 3788443976
1 865021306
1 3351709558
1 4117026682
1 758907229
1 1023895236
1 2250170838
1 1166515037
1 1137219711
1 1555033291
1 3581906104
1 3354865939
1 2689717160
1 3708959971
1 991920365
1 3614222177
1 1411754119
1 4034661434
1 655609894
1 3962676763
1 3739697522
1 1307360430
1 301534987
1 2758826570
1 2731775054
1 3077576003
1 1252861256
1 65198065
1 3996426580
1 3016522875
1 3905402451
1 574478730
1 493521755
1 1040712880
1 638595231
1 715052523
1 3662825405
1 525670985
1 1248866515
1 3089974451
1 2000625397
1 2580260534
1 1059841619
1 2506389211
1 1943225464
1 3541902202
1 1271788238
1 3371280309
1 3765442719
1 3095758985
1 1587484340
1 1807302384
1 743116704
1 2742245133
1 565431194
1 263771249
1 574894244
1 859556553
1 4056491896
1 2842857719
1 1948089760
1 3350098038
1 1467978551
1 1762791009
1 113230232
1 2464686637
1 983486207
1 288620891
1 2915823718
1 4116968936
1 2580140717
1 220764421
1 652153358
1 117394349
1 452239460
1 3132530615
1 3791742165
1 2802491027
1 1135940223
1 1915215780
1 1568808455
1 2497170667
1 2613241139
1 3657186422
1 1458003465
1 480186647
1 1387781712
1 3875398856
1 2237933751
1 2308656987
2
1 683290665
2
2
1 1605473984
1 206029206
1 1792968828
1 3968359810
1 1947909419
1 2336058748
1 555800390
1 246301901
1 91975430
1 3519478119
1 1313727667
1 110761241
1 4048883304
1 588356931
1 1096187916
1 1845059948
1 1871060331
1 3917077160
1 2980197071
1 1722493510
1 441838418
1 3964650550
1 3743502494
1 4057081043
1 1302510759
1 4280037537
1 201465750
1 2056286595
1 3780801310
2
1 3686988633
1 263892980
1 2049955301
1 914820967
1 758254794
3
2
1 1603121299
1 3185257207
2
1 4218014681
1 3344096707
1 3536561626
1 480429146
1 2014477857
1 2669043434
1 3044659520
1 3256940177
1 274260539
1 3617244831
1 1388306141
1 587446620
1 3676915709
1 1045955688
1 628830969
1 4282499788
1 2926421827
1 2341932971
1 4071241133
1 3696698740
1 1855414719
1 1847621106
1 3898093251
1 3051276893
1 3885739176
1 2215554776
1 110091213
1 3797822590
1 317966208
1 2333669411
1 1689134366
1 2687045444
1 1420404720
1 1024450855
3
1 1832517951
2
1 2101050206
1 2203599408
1 1276798258
2
2
1 758098631
1 2816344037
1 794106660
3
1 3278615844
1 4033100208
1 579842831
1 299447719
1 434411622
1 1987449163
3
1 3678429360
1 2679969765
1 1440770263
1 1879174054
1 1241263214
1 230418287
1 3234274630
1 1275493973
1 2397297328
1 209420153
1 3945872546
1 1683595907
1 363785992
1 3680990723
1 698871779
1 4223346717
1 2351215691
1 1829237083
1 1832901391
1 2410813582
1 2542264873
1 2040918516
1 2775228147
1 385472496
1 2523312842
1 2640838420
1 2238481636
1 2089787550
1 3146928771
1 4186106670
2
1 906625731
2
1 399770997
1 561178319
1 2054388788
1 3528810583
1 269428821
1 2556668169
1 4185626932
1 4010129759
1 2436536449
1 3865955036
1 728655646
1 924444521
1 1345106634
1 1137909868
1 3050193467
1 1488024560
1 2842402715
1 11186087
3
1 561706570
1 2930202508
1 2202459796
1 1175602891
1 1958491612
1 1569800972
1 1721056827
1 3170817701
1 1516458131
1 2698999308
1 2107255714
1 2539289015
1 1014192591
1 3944693852
1 991595799
1 3962546053
1 3449425168
1 2848545762
1 2461989214
2
1 1337609690
1 4245481629
1 4051526981
1 997476510
1 2100989628
1 1951529053
1 1742242846
1 1690360158
1 1942424193
1 421213666
1 918152650
1 4204583529
1 337111344
1 3829351442
1 2623633797
1 2151533525
1 1955677967
1 2456508533
1 2301298075
1 2644887407
1 2594507902
1 382618426
1 2540380282
1 3574874082
1 880598015
1 3063709122
1 3621622641
1 883976555
2
1 3842525825
1 3858531717
1 273417465
1 295919206
1 2642475088
1 1338533679
1 1816024101
1 961495325
1 2105986938
1 3957896326
1 3729794268
1 3726112577
1 1590863898
1 303735041
1 4218056156
1 4292366813
1 2440681070
1 3183335469
1 2661185802
1 1699063285
1 3760847423
1 599876573
1 3961797766
1 808858136
1 4054573014
1 3875065458
1 789680038
1 2615757748
1 2387519275
2
1 3299854471
1 2221609167
1 1637399301
1 1371400535
1 80393544
1 3757968346
1 897347976
1 1040551706
1 193933923
1 2092113842
1 1592220690
1 1982205051
1 1410167422
1 768832130
1 2242649922
2
1 3635855762
1 2073592332
1 3041071343
1 4081417305
1 4001884082
1 1891653509
1 3342966619
1 4283918378
1 1107980877
1 1564260107
1 4245240359
1 3481331991
1 2188647802
1 2514964952
1 4179828618
1 1004719716
1 2353973772
1 3848162496
1 790851062
1 4186409092
1 2180335149
1 2893993676
1 3256620703
1 3647716171
1 3661309583
1 3283577980
1 3705433047
1 3694550705
1 323047322
1 1833948427
1 3180168152
1 2137960000
1 2786536341
1 879859131
1 3015163233
1 687013633
1 3926961849
1 471514815
1 1199469348
1 2478773023
1 3530276687
1 3250091173
1 1992709982
1 1188346358
1 1218579875
1 1939495721
1 133558355
1 3290900444
1 3935310267
2
1 3718520906
1 772795259
1 1886240917
1 289651438
1 3007517321
1 3061334524
1 1899911997
1 4150974096
1 1403116036
1 3167922785
1 597640090
1 1753536111
1 13285552
1 2568794650
1 1697708343
1 1540562275
1 235646662
1 1910653972
1 1397495962
1 1470600760
1 1617787425
1 292913238
1 1653481983
1 3448052994
1 2605454588
1 2001939595
1 2151904407
1 4110886803
1 745289357
2
1 2376625270
1 4060248799
1 635750096
1 1324162204
1 3091419648
1 4181649680
1 1800201566
1 463311449
1 2217333876
1 937218823
1 4217469092
1 2964217731
1 4192303628
1 3634877580
1 3336019686
1 1922052237
1 1665277789
1 3852089746
1 2503165640
1 798060595
1 3020830981
2
1 2448953734
1 1047485118
1 1688360112
1 2649088864
1 3812916112
1 1117099294
1 657376541
1 2464227876
1 3618358833
1 1465159932
1 3160104954
1 4160803513
1 2538317723
1 4188419811
1 158117260
1 2074538707
1 2793143416
1 3524771194
1 3886245795
1 4278812745
1 2157483045
1 3519684205
1 1683964514
1 3967036819
1 238056674
1 2800465781
1 3135605107
1 3098902309
1 217040982
1 3059527049
1 2365871396
1 1042797413
1 3999679825
1 3042185922
1 1997888965
1 3681891980
1 1680997379
1 528506328
1 2205784627
1 265995298
1 1031330690
1 2733744224
1 3483674344
1 4193790712
1 448893772
2
1 2457686567
1 1969980051
2
1 40316591
1 4062363044
1 3717737686
1 1794211097
2
1 3540203064
1 874075473
1 2582433005
1 2275117589
1 1601803529
1 1307544306
1 1569790597
1 2513680738
1 1117134055
1 1454943532
1 3404820006
1 3245253767
1 434001057
1 3403535994
1 3680780856
1 3645567919
1 2738865188
1 2693584552
1 2616352649
1 3648560715
1 2579429739
1 3779745071
1 513624402
1 2488635131
1 2096700724
3
1 1906508681
1 3064918981
1 3191318564
1 1847688794
1 3959064707
1 1232827796
1 3821563550
1 2980215684
1 2614276955
1 3078536167
1 524391555
1 1804608303
3
1 1569148782
1 403896071
1 1365834385
1 4254560610
1 1045859676
1 2947498589
1 698861714
1 338624626
1 3755087316
1 3765062444
1 2391917223
1 48711471
1 3177691840
1 331622295
1 3933860849
1 3136375151
1 2162730094
1 3703355532
1 3694324417
1 3130946756
1 887025952
1 41491858
1 1127437179
1 3586550190
1 149511528
1 70244990
1 1531752394
1 3847638085
1 3375639996
2
1 2568504980
2
1 557321460
1 2889311460
1 3873210128
1 1793811914
1 506739594
1 2093400419
1 4194380660
1 2542602805
1 251565088
1 3697927080
1 1369593222
1 240894913
1 4234397660
1 3938604426
1 2038504950
1 3176423059
1 3732336143
1 1511868360
1 1275280729
1 889323091
1 2546918149
1 3579721087
1 686497317
1 3799577764
1 1598619149
1 1926530565
1 958852602
1 2899179494
3
2
1 38646294
1 1939320519
1 4286103947
1 3781186329
1 2967448271
1 552758122
1 2242526460
1 359629974
1 1966161391
1 1028080498
1 1521821276
1 2600815933
1 4119393889
1 18973729
1 4270828699
1 1629305361
1 3047363575
1 1789738352
1 798522314
1 2064498114
1 1675809387
1 3087273711
1 3918043639
1 29093833
1 628468697
1 3367592076
1 1067710204
1 3412490683
1 3214484545
1 3528949219
1 1936372669
1 4277214995
1 2430942426
1 3323302542
1 1925902614
1 3901556114
1 2811829118
1 780235533
2
1 378675072
1 1119489810
1 2104741957
1 1257667669
1 154967665
1 4040286486
1 3359271600
1 2897109255
1 3068885950
1 1295484543
1 2553245343
1 3100861406
1 4133580631
1 1625331307
2
1 1871171645
1 681666779
1 3533613925
1 2186277401
1 787251754
1 2227517534
1 1397822092
1 1420786836
1 3872482015
3
1 3004934694
1 1166902880
1 2728018936
1 2228953739
1 3511136464
1 3568791725
1 3989863361
1 2191976622
1 1556949597
2
1 1105175300
1 1474979552
1 2284538544
1 888016950
1 4248463594
1 1598549047
1 2502649036
1 1184298346
1 2135728674
1 3095433427
1 2066052992
1 2759475202
1 3365662403
1 3081357856
1 3449655277
1 2878225357
1 870634139
1 336934461
1 2478551760
1 1145923970
1 233623797
1 674217489
1 1147512050
1 575905129
1 435421876
1 1475693025
1 2100747049
1 2198353336
1 3844883047
1 2050274075
1 2815733705
1 3609710898
1 1689449743
1 3947876060
1 553686620
1 344788596
1 213370899
1 3011598511
1 2191760027
1 1829598635
1 4092020150
1 50621074
1 1534167377
1 395586461
1 1867928498
1 1614395104
1 4291492278
1 2519665794
2
1 3249898499
1 697883842
1 1362765899
1 3899280464
1 2460771806
1 2683240055
1 1162016006
2
1 862099201
1 3762603727
1 2138719561
1 2436212205
1 2320995299
1 3306091607
1 1914372051
1 1876818149
1 1909786106
1 2074576500
1 3723093750
1 2577191122
1 823467613
1 1108918218
1 2293252892
1 2621602837
1 2862977524
1 3444092864
1 2255964393
1 4183811714
1 2898557927
1 3643685505
1 3622478240
1 2893867776
1 50332929
1 3481940292
1 2933427405
1 4035482184
1 3383204008
1 757484544
1 3480018502
1 3979280598
1 1412300954
1 682123877
1 1080698750
1 1602319063
1 3528963388
1 3460510140
1 3561553094
1 590893227
1 2840864184
1 2973053812
1 2279668929
1 304574230
1 77426236
1 1330783556
2
1 2057121798
1 3784691895
1 3319739261
1 2719739612
1 150917754
1 3742977577
1 4171058820
1 1891016741
1 1475476679
1 703601992
1 4019495005
1 4256674668
1 614018497
1 3247398672
1 1860712519
2
1 3458950895
1 461143994
1 2382021875
1 513809644
1 1039608410
1 2254288410
1 1175626397
1 2794549277
1 1430936857
1 2212939617
1 2865438261
1 1381423105
1 4180189271
1 2462941803
2
1 3402514291
1 3673337396
1 61051813
1 2642326520
1 3049384877
1 2829381383
1 3572260904
1 2366731673
1 4129754458
1 2968676386
1 294829335
1 2776764854
1 468870635
1 1687125037
1 3704709423
1 578296814
1 806816653
1 3324125551
1 2153097122
1 3280944938
1 429005389
1 3146950245
1 459202758
1 623669503
1 369887642
1 1311069586
1 1971778739
1 484904097
1 2814744331
1 4255877255
1 4229872384
1 2942506540
1 918809494
1 1001560950
1 2892604153
1 2523163408
1 153435029
1 1850248206
1 3442892064
1 3054060040
1 3912150005
1 3302852905
1 3648773697
2
1 1782004099
1 3177307116
1 2727577934
1 2278467720
1 3141077767
1 2364992556
1 3735447116
1 2410733763
1 61388019
1 294353284
1 515350713
1 794264516
1 1876279205
1 238715154
1 285884342
1 4228612320
1 3517862576
1 586776200
1 3078148535
1 854907294
1 4209073326
1 312226713
1 243260975
2
1 3519593545
1 1716436158
1 3375662987
1 3004562773
1 2317490117
1 2957499094
1 3813566402
1 697838084
1 3016856017
1 3922056384
1 1995844569
1 2631389257
1 3807720368
1 1339847681
1 1589405798
1 2790163398
1 3206302433
1 2412802675
1 3284545371
1 3265944401
1 980251587
1 529092841
1 1726088939
1 2383593557
1 3064324411
1 999040419
1 3118858594
1 524916846
1 3406352787
1 2200340326
1 241230073
1 1302408570
1 3920529225
1 476295179
1 1138956525
1 1712735747
1 3063035237
1 3176473774
1 3596155372
1 3093929057
1 2738315391
1 1691680200
1 3112185741
1 713658961
1 1143768850
1 3960997338
1 3808135082
3
1 602631667
1 4068274259
1 9085346
1 187716142
1 2569227742
1 507228649
1 144998137
1 2936850593
1 406273775
1 2939815364
1 3901182783
1 416481405
1 3963996221
1 3934991307
1 1554770515
1 728144703
3
1 2454747134
1 3937043825
1 2662491777
1 938336953
1 449349280
1 1898961640
1 2152076642
1 868623943
1 503668247
1 2407450116
1 4115969434
1 10344710
1 3646010612
1 534254254
1 2003335286
1 2798658976
1 3973128969
1 1148472682
1 2471011470
1 4229582129
1 2051688778
1 32588264
1 2085654035
1 1599490738
1 928395635
1 604224491
1 736981352
1 4143690950
1 2398573205
1 686517230
1 2207811949
1 1338124330
1 3082217249
1 1398036390
1 164026759
1 2671341823
1 1688597136
3
3
1 2153437090
1 505368752
1 2148118985
1 3781192440
1 4059003380
1 2905748348
1 2738172449
1 1755232390
1 312069215
1 1013703910
1 1487063815
1 2008867423
1 2144925745
1 763889099
1 1864544083
1 1467925636
1 1167059295
1 1175569807
1 231318813
1 3454312828
2
1 4226371737
1 327094700
1 3708994285
1 1744025078
1 541761474
1 1633305397
1 988815151
1 3157782963
1 2884631820
1 2475669559
1 2621435939
1 1579560391
1 4102947776
1 244534744
1 3667171827
1 299943246
1 3241965122
1 1890502841
1 184124152
1 2911438233
1 1880252654
1 2614563584
1 2425811050
1 1750768183
1 2896607886
1 589466376
1 2155174869
1 3424149578
1 37146405
1 790189646
1 973937423
1 3229837200
1 891019591
1 3314559628
1 772129851
1 172091220
1 995598515
1 3255210630
1 2516918706
1 4142558292
1 3149545168
1 61004011
1 3937200149
1 122806378
1 1181253545
1 351132586
1 4287002789
1 2509184824
1 1992872605
1 3907526230
1 2512260781
1 3195444718
1 1455410941
1 241102052
1 1093672349
1 1900733840
2
1 1855663946
1 3652661242
1 947398392
1 2336400162
1 1679378054
1 584740020
2
1 3319265970
1 1172085745
1 2246026409
1 381627560
1 3174209323
1 1741111472
1 1524638354
1 1683606429
1 3404821755
1 4114403695
1 255867262
1 834564878
1 2780489101
1 4294947660
1 1143305683
2
1 2126965493
1 2628216782
1 1327655453
1 2550012108
1 3043169270
1 897702582
1 2344342124
1 1430068132
1 1147274179
3
1 1780703680
1 3183970586
1 2097621361
1 1337716130
1 1516732461
1 1319714920
1 1526284272
1 306777373
1 1121494320
1 2736981497
1 958060330
1 1614111326
1 1617034351
1 70763069
2
1 2036951686
1 2311914181
1 1553643797
2
1 3343867941
1 2807793326
1 1062033396
1 122366875
1 711493176
1 1794927192
1 1723832031
1 1287619417
1 4182932452
1 2201247006
1 967129991
1 3346452685
1 2809007026
1 162346369
1 2357028466
1 3737049064
1 188539927
1 62114251
1 522353132
1 2795947227
1 1630485692
1 749983378
2
1 2018832773
1 1495990811
1 3938742667
1 1035977761
1 593484005
2
1 3825915370
1 2134342385
1 3027383601
1 2591634585
1 1606850999
1 1940201770
1 599087049
1 2886504619
1 2677680301
1 3362816015
1 3023758202
1 640147197
1 3921195378
1 689386101
1 1272490247
1 1059678671
1 3910771616
1 1990661471
1 3956980516
1 3245758658
1 955935553
1 1954442237
1 2410205699
1 2843057398
1 4188710494
1 497404993
1 2016162670
1 2412654274
1 1502062123
1 1057010517
1 1499267711
3
1 56794816
1 960286338
1 2030997087
1 2337537034
1 1316083968
1 2764805327
1 557571526
1 2805169528
1 4157939508
2
1 3745278673
1 3726650576
1 1983091474
2
1 3738798290
1 3527332639
1 3236475267
1 416392161
1 1130856933
1 3568006665
1 2598502425
1 1647402931
1 1643321228
1 2594540573
1 4279577676
1 1655625744
1 1892250119
1 2896509657
1 3098643383
1 4047383112
1 1074725053
1 2054176263
1 1505646597
1 2158641139
1 3908780634
1 338284391
1 1332909932
1 1289289732
1 2919866655
1 2795966993
1 1015392947
1 4200015643
1 3782494395
1 3972073350
2
1 840944104
1 3466730310
1 3774496777
1 684749389
1 3161977085
1 1147550846
1 79873775
1 1387659145
1 2840053811
1 3578607042
2
1 1259902419
1 1619105606
1 938979291
1 1123215055
1 1520730439
1 272513019
1 3479126153
2
1 1339490310
1 2448166336
1 3812889389
1 1067960164
1 504242120
2
1 544729939
1 303817311
1 2002260350
1 1404672046
1 1217299307
3
1 499473432
1 3163601393
2
1 3294338695
1 2201394962
1 2489382006
1 1725998309
1 3291052147
1 739457231
1 4031877796
1 2424812413
1 3636405473
1 2685157830
1 3899788840
1 1556530491
1 372520129
1 535540097
1 3860800953
1 9019928
1 169738751
1 3274463052
1 2649194193
1 2585995679
1 3622116594
1 230638601
1 127827100
1 1505381658
1 2854768286
1 900297031
1 1498695784
1 3999907620
1 2328296328
1 1119209691
1 4254884201
1 883277736
1 2848202000
1 3241226211
1 3493991250
1 1904235346
1 1131504363
1 1615142165
1 1107855478
1 396007185
1 1189707089
1 3799845412
1 2026263619
1 3538838842
1 633280711
1 3572096677
1 1781463708
1 1107992060
1 2699586711
1 2564065693
1 1505379305
1 1038443935
2
1 3531403957
1 243453448
1 1760568275
1 2378354684
3
2
1 789549061
1 184677395
2
1 1576801259
1 254715215
1 1439384185
1 415550556
2
1 3579770578
1 1397897796
1 3523249319
1 2480155245
1 3317837567
1 1216036420
1 3603722624
1 3354041245
1 647069592
1 388840797
1 884392566
1 1908032133
1 3004776210
1 3361364501
1 3539906014
1 2374605312
1 746560559
1 528131179
1 790295773
1 3231834122
1 3246223246
1 3741959541
1 2200062910
1 163023969
1 4192838744
2
1 380441067
1 2849988792
1 1638496255
1 992831420
1 1012427793
1 1619972610
1 4231926976
1 3090172462
1 760132703
1 91748554
1 1838464144
1 86735603
1 2259268240
1 1407850922
1 178422849
1 2272855212
1 3478157105
1 1676970105
1 366585849
1 391501685
1 4132112103
1 65779137
1 1211979597
1 2965957397
1 2467512487
1 2098062965
1 596445309
1 1512308858
1 3479730633
1 916829966
1 3233614132
1 1938592097
1 2372258531
1 1447317150
1 977222833
1 2667925591
1 2757890833
1 4180224663
1 2253798962
1 2490811422
1 1068932737
1 590714911
1 1619472651
1 3068909065
1 216406004
1 2210372845
1 2060956542
1 2616913257
1 1124142077
1 349062963
3
2
1 4146921177
1 808399437
1 725287003
1 3363608775
2
1 439040475
1 4090138657
3
1 2291228085
1 3302765032
1 1952688057
1 3390502640
1 1448105295
1 4204276631
1 640577764
1 361840455
1 86014388
1 2319223641
1 2600150473
1 2845491982
1 2776651744
3
1 3193257452
1 325828486
1 1678420794
1 1143787790
1 4281899869
1 460544724
1 1760394849
1 622109427
1 1774058100
1 515633665
1 4206485289
1 807596326
1 64382123
1 3272449671
1 776233249
1 469630903
1 568903001
1 3656208223
1 2783553481
1 2957492895
1 1628923065
1 677394751
1 4241947515
1 1099226957
1 2089846518
1 1724482083
1 3750392073
1 1854331519
1 2837198957
1 319470880
2
1 3015338581
1 3563066515
1 157948237
1 2187241872
1 2497905954
1 3353971042
1 2062229592
1 964759048
1 503601920
1 1747446825
1 3981641310
1 894863111
1 3497715798
1 1369281747
1 2723149499
1 1862342281
1 62899634
1 3411093955
1 614288060
1 823314857
1 3116859768
2
1 3740735507
1 4288869056
1 2063105688
1 2915222868
1 2994471355
1 2427922818
1 1854686720
1 285992590
1 2622084733
1 2924665883
1 760830598
1 712942177
1 3112250736
1 2481299954
1 3931511166
1 3251317895
1 4105630586
1 2943003402
1 4143466662
1 2527580607
1 3556964609
1 2762888369
1 788349674
1 4195809798
1 523343109
1 2044294848
1 962168895
1 203580211
1 825243501
1 871438662
1 1360017097
1 2112141910
1 2975466541
1 3013391482
1 4167557966
1 2153904502
3
1 3339646932
1 2499971753
1 2468693634
1 45749192
1 341972682
1 548400702
1 2189372426
1 620994232
1 1125556143
1 3930175819
1 4089071194
2
1 3362359173
1 281906376
1 4012333750
1 2901184137
1 1379274385
1 1523738649
1 1501249131
1 1966229953
1 263751873
1 2574121192
1 3333849102
1 850791847
1 661770112
1 78941762
1 1882635703
1 1513926775
1 1700831361
1 90388008
3
1 2895637842
1 3210374373
1 3556157599
1 1654969533
1 1238155063
1 1805941314
1 1755577364
1 540258218
1 1043543459
2
1 582944534
1 4179388486
1 1053040341
1 320271881
1 958830381
1 2771235031
1 27825997
1 2855339215
1 1840574963
1 2452687281
1 2331210474
1 86176707
1 2490488934
1 3441861160
1 2807654247
1 2801057683
1 2751014199
1 522628416
1 775345381
1 396378093
1 177888051
1 707469429
1 643870392
1 2706558678
1 2057636837
1 2227673673
1 2839238321
1 675105695
1 438011478
1 2831291675
1 3661254934
1 307176484
1 2320904104
1 1003330848
1 2943206194
1 2325942647
1 246400569
1 735731554
2
1 2358828830
1 3567690791
1 1388582065
1 2982915633
1 1693621818
1 1388747829
1 4270175620
1 3074526933
1 2398040569
1 3726196555
1 3588808684
1 3653570849
1 2001807113
1 1207332035
1 1432205339
1 1971214289
1 1384481221
1 958922789
1 2899013158
1 2229166905
1 1966560982
1 218774363
1 1783031239
1 1016772939
1 2038152099
1 369794835
1 674059662
1 2247200025
1 1164030472
1 220300371
1 264889006
1 401797348
1 999938786
1 161739863
1 57312098
1 1576261461
1 1034162795
1 3920977887
1 416549750
1 1628972881
1 3592450616
1 2184982853
1 444910113
1 1241518508
1 2380356530
1 2794941759
1 3633080570
1 1680240900
1 2533873358
1 3035980624
1 2653620200
1 4247032742
1 1599959839
1 4274200850
1 717057079
1 2264552050
1 1487533879
1 3363282458
1 4288274048
1 488088555
1 1450602593
1 3536605612
1 2362064548
1 6129463
1 1798005555
2
1 2788731402
1 3656234139
1 3096074726
1 2006894430
1 2836994549
1 3567772254
1 2481475069
1 2329331994
1 1038569484
1 1772148188
1 2683172550
1 2428422041
1 17078389
1 107247763
1 156333634
1 514150696
1 2059453756
1 3553028560
1 2343241915
1 143453690
1 3463589870
1 438330239
1 2637766801
1 902600000
1 3863850857
1 3937931949
1 2002315863
1 3158025383
1 3262998612
1 1265247094
2
1 1411325448
1 2862680953
1 3489139887
1 1160006006
1 1879991812
1 768648645
1 2446959232
1 970000321
1 2554941477
1 3403526352
1 3590789914
1 3989766254
1 2979832265
2
1 3110964153
1 3799474066
1 3596604607
1 1636480550
1 1460817668
1 2720248834
1 2069579452
1 3122422213
1 56284535
1 3163695678
1 1068806870
1 1994837899
2
1 909406013
1 881367335
1 2688536610
1 1406229138
1 2830454262
1 1605091464
1 446997434
1 151428093
1 3664152047
1 3429903019
1 2463098007
1 2069044858
1 3613669775
1 1757012804
1 1948535966
1 3843913383
2
1 3512548279
1 1181093971
1 2715561130
1 897423905
1 3776427098
1 3124771325
1 219255676
1 2794765510
1 3758575542
1 2237298969
1 3915350051
1 3644390823
1 1660486674
1 2245414233
1 1747370429
1 454826484
2
1 2948334918
1 2077591282
1 3685032286
1 2021301473
1 1798735130
1 2389417845
1 4049259845
1 3736956402
1 3414388442
1 754828492
1 3067858904
2
1 531039204
1 1314155569
1 1917823652
1 2953888022
1 295914630
1 4115933827
1 1447628443
1 465139755
1 2665214941
1 1209336332
1 2378883564
1 3257443457
1 3037722593
1 696544212
1 2868844236
1 566165218
1 3630830902
1 2046348682
1 605837561
1 1897260967
1 2552295578
1 2071115186
1 2039276289
1 1151104641
1 3139457017
1 3711020212
1 2257091299
1 1495220889
2
1 1093758961
1 3632478633
1 275963384
1 786001452
1 1904321005
1 1347418363
1 4162846770
1 2757986192
1 3295121055
1 1495154105
1 951290825
1 3683333237
1 552315194
1 3425585323
1 107077687
1 373503274
1 2683048378
1 3211670916
1 254557323
1 4133691706
1 3337621885
1 2909580066
1 525715950
1 1817915786
1 3009835121
1 1937765851
1 3605754048
1 290738420
1 4103084580
1 1705935095
1 3419765756
1 330203188
1 3861960495
1 238706129
1 1739396645
1 4183819871
1 1972201956
1 1657040546
1 2181470331
1 3823220555
1 3509835156
1 1176613238
1 1595384262
1 3120523408
1 3725270278
1 2543345004
1 498335262
1 1419833005
1 3498323327
1 1395140966
1 1123515127
1 2854442120
1 4127457135
1 4017477198
1 1188253722
1 1606808349
1 3765529348
2
1 1527088787
1 1420422849
1 3235772231
1 793523167
1 4089117233
1 1349338404
2
1 1579579724
3
1 1605037014
1 4229845362
1 1361553454
1 3613655945
1 1593022040
1 1205881530
1 2473397763
1 3029444321
1 1524478046
2
1 2922339198
1 3147424742
1 2511147757
1 2957388623
1 3539760483
1 3924964651
1 1998580437
1 2596007595
1 2294613222
1 1739199818
1 3111137619
1 2212326232
1 96726075
1 1673063225
1 5083326
1 1629784851
1 1068271473
1 3693034370
1 4062226232
1 213904150
1 2378200817
1 4268279246
1 2122525014
1 2841411867
1 3992178604
1 3883912768
1 3607937095
1 4288751945
1 2247386376
1 935058161
1 3519628602
1 1559619741
1 3957600285
1 2907615652
1 3453518361
1 146619383
1 1363770390
1 4179759939
1 3233248812
1 1512984738
2
1 4169486464
1 846668795
1 1753222549
1 2310622476
1 2449676102
1 533223615
1 1734268004
1 747483050
1 3001271974
1 1513776610
1 2166343666
1 127391008
1 2874280714
1 2105008925
1 3906211790
1 2826881391
1 1341390822
1 2647232356
1 76252101
1 3670237744
1 4123053049
1 2702015014
1 2541054906
1 1109914453
1 1489912414
1 4064435940
1 2459256950
2
1 1973152015
1 3886626410
1 805706289
1 3763797011
1 834123195
1 305785201
2
1 3737679957
1 598691562
1 3950228938
1 2964036127
1 2237187615
1 3101875860
1 50322479
1 836692267
1 394896796
1 645122623
1 473955472
1 3749495634
1 192488270
1 3534333444
1 4119513214
1 3155285729
1 2689597651
1 3205434954
2
1 1754744718
1 3319287993
2
1 3065612138
1 1665273114
1 2601899019
1 2057417859
1 3803899740
1 1907540529
1 3585966345
1 2923317905
1 835499393
1 1834218462
1 2840617159
1 2289980715
2
1 3210773895
1 3995466170
1 1805902382
1 589079125
2
1 3041009093
1 2610570660
2
1 91361895
1 155802244
1 4039528834
1 580577819
1 384967296
2
1 2414459659
1 308145747
1 2299735998
1 2161988554
1 2721183230
1 2605674172
1 791504710
1 516072917
1 3512399241
1 3269849684
1 3969021024
1 4092308936
1 3271445508
1 3558809597
1 1050540891
1 2381301094
1 2164001597
1 3297196041
1 3035155445
1 3859231513
1 3690618558
1 1345576173
1 635025622
1 1797013655
1 3002619600
1 2760595961
1 1868138848
1 1824922472
1 3040515774
1 2747485796
1 1541999896
1 3062351874
1 3204756266
1 70853777
1 2142489650
1 3802196728
1 1853996106
1 2697366242
1 3299364599
1 1473782701
1 575752795
1 1480499171
1 1720160887
1 2328686149
1 3710652177
1 3198457493
2
1 343093653
1 2128192715
1 393762882
1 3608784838
1 344866516
1 1346108584
1 4058799132
1 2523145560
1 4271216688
1 1721729293
1 3953130082
1 2523209642
1 1339666931
2
1 3980762205
1 4163643566
1 849152454
1 3656606074
1 785822630
1 124038219
1 872725889
1 3028054053
3
1 1410125077
1 3806754549
1 1762514900
2
1 2901084951
1 479044800
1 2377011748
1 2593101522
1 2567883576
2
1 3208885316
1 3258235422
1 761741432
1 2492504150
1 2640458166
1 2292491223
1 2517584654
1 1310515093
1 1337316939
1 1555892352
1 3031298025
1 1631909695
1 2928782538
1 3861122262
1 4248935422
1 243011457
1 371248016
1 1219877755
1 865627737
1 649946099
2
1 1019063137
1 2252465875
1 2342992816
1 1781276059
1 305885814
1 2786440823
2
1 296656960
1 2391060008
1 674227538
1 2747009494
1 432413639
1 291355969
1 378629317
1 3409318670
2
1 956631455
1 2440068821
1 1190788096
1 2244761170
1 652506085
1 1538055449
1 3327296877
1 909676256
1 3204148222
1 3958461676
1 3586939421
1 1995244498
1 476665524
1 2076391525
1 3078687517
1 2574589156
1 4294092099
1 1005002236
1 1860628773
1 1579417535
3
1 1626830573
1 834107703
1 1507624434
1 3619847117
2
1 1254067488
1 679048350
1 1700523906
1 322574251
1 1872955180
1 2842065771
1 3895311133
1 509580588
1 1389958992
1 1059397217
1 388349706
1 467952386
1 387247500
1 2567230107
1 2788385369
1 955306654
1 2263498170
1 1076704773
1 1291652564
1 973554017
1 1716190865
1 2547786047
1 127560724
1 1502479995
1 3165761120
1 3635734108
3
1 2010681271
1 1694801520
1 4290481519
1 4220254150
1 814036730
1 3749263577
1 1886996037
1 3681667790
1 1386560219
2
1 643550279
1 256311892
1 3841345323
1 2222301153
1 3572118349
1 2456109654
1 597539615
1 909269401
1 1609648559
1 4294478428
1 667448757
1 1502270945
1 1651180270
1 3062293066
1 4280470822
1 2240576102
1 1160764796
1 3539591244
1 433019077
1 2997305015
1 2902963536
1 1613053222
1 1697837571
2
2
2
1 2561728461
1 3909357234
1 446131346
1 4145307937
2
1 315017325
1 1287518990
1 668140923
1 2194902281
1 1654484461
1 1781745067
1 2706258553
1 657445616
1 4059041806
1 3366875435
1 308847649
2
1 4002309307
1 4112972439
1 3598932107
1 4174885779
1 2541106028
1 3754955302
1 1539201582
1 3291989922
1 3827833355
1 2518760005
1 1509246268
1 3313358200
1 2346341879
1 1768139405
1 3142558390
1 906857183
1 1017777659
1 1510839661
1 1494982067
1 1411321543
1 349325552
1 33087711
1 1630419881
1 1673553781
1 1271377714
1 775819329
1 3337913080
2
1 3880977918
1 1659519404
1 1729654514
1 3596526924
3
2
1 255270536
1 2428100535
2
1 1375008785
1 4221018699
1 1497243292
1 1031473902
1 2739005394
1 3408822901
1 593513041
1 2482825888
1 4082324808
1 3639371504
1 1604894922
1 192050354
1 3503944043
1 120280227
1 2283990562
1 278423497
1 453361604
1 3799431121
1 3146678489
1 2412125348
1 3027391549
1 93343503
1 1593121651
1 1117748626
1 1981181450
1 2272171189
1 2207407393
1 62501877
1 1077216828
1 2142757906
1 4110055271
1 557502299
1 3264842913
1 864081809
1 701035101
1 1170197283
1 2934087933
1 3441556561
1 2862015085
1 1450712218
1 660726016
1 2334833422
1 1965122365
1 1398709721
1 3232696493
1 1676781337
1 1919871612
1 4056297737
1 1985559832
1 1972942062
1 1028077682
1 2479684683
1 855903911
1 312280007
1 1783462993
1 850073784
2
1 1729128714
1 3040327564
1 2134460117
1 607528909
1 1426925779
1 802424041
1 2268709387
1 2787545137
1 30360484
1 2101165618
1 4255144826
1 1298179652
1 2386307961
1 2645386015
1 3969749440
1 3168581060
1 3471948420
1 2934089434
1 203852038
1 4119000914
1 365912719
1 2639909293
1 4236919425
1 2399585702
2
1 279368278
1 2695660996
1 3853293758
1 1522810091
1 3061381433
1 1610994476
1 1197289669
1 2660329067
1 2025838807
1 280633167
1 3823350346
1 4126446725
1 3800807813
1 3145125889
1 850623984
1 36885197
1 3998609736
1 3526005170
1 2477183130
1 10455033
1 1101339848
1 1594416737
1 2147447240
1 1988410863
1 2456187738
1 2210490595
1 3404434909
1 2694423871
1 1863025348
1 2009599291
1 1399156943
3
1 3116541049
1 2186546965
1 377132504
1 3595302430
1 3542451960
1 3029340048
1 398879272
1 2326421239
1 2394509200
1 2677799503
1 2189410244
1 356807402
1 514864411
1 1808319284
1 2944984895
2
1 883473169
1 480831245
2
1 533703941
1 3196257517
2
1 1804417213
1 1148371829
1 3672137110
1 2961690693
1 3012775395
1 3034302618
1 1780465227
1 2784866220
1 672632299
1 1789920010
1 4260059476
1 3571512393
1 1336675624
1 2069578046
1 2048274942
1 2812877533
1 3202828002
1 1888947452
1 1316950216
1 3333139461
1 3647425930
1 1951753121
1 4293236483
1 2913780712
1 3724294024
1 2179258034
1 2027311398
1 2395337260
1 1780837221
1 2936296398
1 1265563936
1 2883638960
1 2060681003
1 3933619205
1 3594898042
1 4016564416
2
1 320213234
1 1237239663
1 3082851506
1 2894384082
1 2905069344
2
1 1658161408
1 936763358
1 3073900892
1 3023921808
1 3441442697
1 1082514398
1 387091848
1 3976327099
1 1223599394
1 1911106085
1 1405964580
1 614893619
1 1528228408
1 2532817674
1 2933791494
1 2151433787
1 4230363857
1 3235821322
1 99103882
1 1047706973
1 4177312128
1 2412684160
1 227109197
1 2756619428
2
1 981904982
1 161263857
1 3731342514
1 4131188158
1 1942822760
1 2614384983
1 1863457664
1 442892338
1 2537548264
1 3291597381
1 1298703952
1 1459852340
1 1713602733
1 3909936047
1 3096222443
1 2134774693
1 2042811592
1 2935466117
1 2737076381
1 57253476
1 1520463668
1 3532307774
1 3787782231
1 3490578058
1 2926003777
1 3829721653
1 558206572
1 613467145
1 2298626299
1 3126432256
1 1123351852
1 2370057484
1 3060403440
1 4181661066
2
1 1632576849
1 2891878396
1 574733657
1 3047392996
1 2807119340
1 1225719795
1 1522792369
1 797793300
1 3256364742
1 1003576865
1 2145275385
1 1090024524
1 1129671028
1 949631551
1 1849090714
1 701333789
1 180087522
1 3704281928
1 3531843984
1 2488853258
1 3762982162
1 3709099949
1 2739423856
1 3343630451
1 1530910885
1 3320212396
1 2853016464
1 2145346502
1 4178578431
1 3948170207
1 18649528
1 647238299
1 1505493770
1 1758788168
1 1543735630
1 59772264
1 293801598
1 4279096180
1 973922807
1 62819065
1 4170031067
1 2524243929
1 2285215837
1 2356832965
1 2904841792
1 1790737217
1 2899789998
2
1 2152183701
1 1594766976
1 1074578761
1 2471738173
1 1086800804
1 2430032650
1 394748082
1 2990018899
1 3994170066
1 2109195156
1 1168538642
1 207762775
1 3678188137
1 1947054642
1 621614288
1 2432148867
1 1609565858
1 346908958
1 172914269
1 1574748656
1 3354113020
1 1715835246
2
1 678326723
1 2938078716
1 1510170894
1 1786860619
1 2288183395
1 4072600511
1 2511687872
1 2586783991
1 3642636885
1 1656389963
1 625375297
1 3578213894
1 1622488999
1 3623656729
1 3194567693
1 3435345775
1 49081708
1 3829873002
1 2035760747
1 3408024893
1 4040057097
1 4184021838
1 1552111389
1 3671180497
1 1501967165
1 4234699657
2
1 1425754547
1 569445500
1 566724241
1 2233461594
1 3582890052
1 2569755249
1 3843732132
1 2584474134
1 2385096986
1 4152568481
2
1 4140348734
1 3148141944
1 24949565
1 3448818092
1 2837945486
1 2944299868
1 1665998231
1 1503607764
1 1731495010
1 3157272740
1 2517619901
1 2583815302
1 632860259
1 2079917925
1 4165718910
1 1268867649
1 1933773044
1 3973827810
1 1513298362
1 288485711
1 879164696
1 803424392
1 1645694093
2
1 1377535152
1 3417092871
1 1626850923
1 3406552729
1 1360599168
1 2823205007
1 4015900961
1 2467777652
1 362947135
1 3067597937
1 3827174984
1 1997002264
1 1327536005
1 1994537356
1 247594232
1 53838082
1 154246134
1 1533597512
1 2979414105
1 3749656692
1 2103531397
1 1956422056
1 4100626942
1 4040581667
1 534072415
1 1322253712
1 2672487218
1 3929160181
1 3262533745
1 3078907726
1 1077405107
1 3978479238
1 361136467
1 3019866271
1 784696445
1 2231115749
1 2375723927
1 883974789
1 1041050027
1 672779968
1 4039509339
1 504141689
1 275921888
1 1353016048
1 588302897
1 2457953734
1 2823465119
1 1708499305
1 116298269
1 3960384998
1 3439022590
1 3263906384
1 2562516748
1 3296075234
1 368911908
1 1022732493
1 4156132502
1 1663345885
1 720645068
1 1138243103
1 2867391698
2
1 1148692630
1 1353465021
1 1113587433
1 948670204
1 2338101503
1 522627609
1 2819167570
1 2991678048
1 3129739052
1 1074365194
2
1 1734687974
1 1616331316
2
1 2270062138
1 2406948607
1 2636689965
1 2916902674
1 3698084189
1 1834333059
1 1640116963
1 3625247911
1 3356964308
1 2333856444
1 3995507726
1 2068638388
1 3013043541
1 3487956763
1 391870499
1 1180931144
1 2116663613
1 450162605
1 3658394187
1 1341479013
1 2915588420
1 1459207442
1 2746806821
1 3211364739
1 3193870197
1 830677898
1 2625952831
1 3829632642
1 1803025240
1 278004283
1 1036489671
1 3821204528
1 3644375016
1 3269376312
1 346049414
2
1 1818070430
1 3222026538
1 4155994124
1 3571252273
1 3513861455
1 2077258951
1 3311730814
1 39568595
1 2041500630
1 62775118
1 3824535773
1 1895353840
1 2154251337
1 1591498101
1 1660590974
1 76771092
1 1011441388
1 1971112858
1 822287141
1 1000522904
1 3258281907
1 1832536028
1 2756261895
1 3110618355
1 3847546637
1 2996417760
1 1809471812
1 2561223175
1 407241455
2
1 1737436399
1 3081474797
1 4242491079
1 702255685
1 3647188093
1 3390629012
1 1955761076
1 3479734885
1 2566488105
1 1447581655
1 4228135374
1 2730028512
1 365871457
1 258085043
1 875549988
1 1957474433
1 441891402
1 794526223
1 234665461
1 3083297393
1 671820635
1 3276635866
1 1682441167
1 2344652033
1 1030918082
1 2421865055
1 171787840
1 3912399648
1 2286862262
1 71004121
1 1496424448
1 2479968827
3
1 2700727287
1 1062913253
1 2836663409
1 2987357690
1 1089265364
3
1 86981526
1 4048130232
1 3677821827
1 3314895330
1 1754163814
1 2021154265
1 900701141
1 3196023167
1 1135563281
1 2804591162
1 3212929904
1 2778518345
1 289255233
1 3767204216
1 451118933
1 2143820996
1 1213053986
1 4265546076
1 3420815184
1 802734867
1 2241548459
1 1634963367
1 3482666706
1 296676496
1 2066126068
2
1 1071173843
1 3925830793
1 2570705223
1 2998172579
1 865991667
2
1 4016047461
1 1070864345
1 2857158796
1 3239031401
1 1036136027
1 679302567
1 2066362975
1 2056598951
1 1660178596
1 2317729808
1 2899248590
1 2338268424
1 950760055
1 964537312
1 527167875
1 200965934
1 660269559
1 945505829
1 3531509326
1 3208571181
1 3636759460
1 265256354
1 1421991965
1 2955294944
1 414004826
1 3225301570
1 1431246739
1 871628011
1 3374159415
1 3374205890
2
1 3809019842
1 1095516560
1 891604813
1 4105037753
1 1989562869
1 3576573752
1 1890289871
1 495572748
1 3443288370
1 793474902
1 91392068
1 4019330727
1 871709473
1 2487585193
1 1223883805
1 4280470346
1 1190805497
1 3335773493
1 2872044645
1 2453092002
1 1416553871
1 1211504404
1 1934898972
1 1307935523
2
1 2802275267
1 442025895
1 821889765
1 3370569922
1 4063339455
1 3093606883
1 2565857879
1 1961521205
1 2975117732
1 2090748930
1 1827050019
1 4111271751
1 3373554416
1 973212985
2
1 4097777013
1 2747346463
1 3312589057
1 1617164112
1 4207293869
1 1540922344
1 4129538095
1 2204488572
1 315969188
1 60011941
1 1387718707
1 569415597
2
1 1951343634
1 2620599526
1 3007317649
1 1810382783
1 4115519798
1 3037128692
1 3693890607
2
2
1 3042187439
1 2945534552
1 1033910689
1 4106729773
1 1795821290
1 1651960243
1 3446750685
1 457144490
1 688535582
1 875185331
1 2136084700
1 2820643468
1 3815636213
1 2299178886
1 783967386
1 2262670912
1 3535480059
1 3679116102
1 3961983536
2
1 468097870
1 2323478555
1 312407262
1 2586562321
1 2356642956
1 2319548739
1 3595207643
1 1211759884
1 2289909641
1 1424838005
1 3309396626
1 1749591108
1 2226196565
1 2283664709
2
1 1258794885
1 1524744599
1 4140209369
1 1536035452
1 1015453110
1 1300827839
1 681989102
1 4209243574
1 1813971775
1 1737242547
1 2203531801
1 2594754994
1 1382255455
1 1013709004
1 3841619093
1 1389723503
1 2118719440
1 2490467392
1 1106861985
1 3167160794
1 3472735151
1 1318393887
2
1 453672477
1 1860121303
1 3998431071
1 2091861386
1 2966615889
1 3710808158
1 3160363406
1 2534345807
1 487422008
1 2845637172
1 184639877
1 263928050
1 2113724425
1 489191594
1 1162577524
1 1915606830
1 1446511907
1 1358420910
1 2637067502
2
1 409701276
1 3471441300
1 2403077239
1 1265412951
1 2694972694
1 2432578724
1 2075570292
1 338643424
3
1 1496067498
1 573424241
1 3885493518
1 3385818592
1 3414735391
1 969388744
1 3843181006
1 3200123274
1 2719539900
1 2740635340
1 3164463505
1 3176649743
1 268219080
1 1469237330
2
1 3970918633
1 451590314
1 1071884247
1 179022343
1 2674035980
1 1077068866
1 2172786194
1 1810033495
1 4234931005
2
1 459398773
1 416042020
1 3763317447
1 641949555
1 3310210962
1 654555639
1 2616393478
2
1 445708670
1 57688343
1 3014111765
1 2249652450
1 3357752178
1 38998882
1 1089796971
1 3877600494
1 3041327414
1 1936950392
1 652973557
1 1277846461
1 3796166492
1 2111920748
1 875379072
1 99303045
1 1543089717
1 3227822610
1 768012936
1 3316936890
1 516568283
1 1288308068
1 3181427557
1 1691405430
1 1475151481
1 724103629
1 3116071953
1 1467104643
1 21886123
1 3172420481
2
1 3409243357
1 1122955566
1 1457905676
1 1241179714
1 1279765981
2
1 2112612213
1 2190584638
1 605515323
1 1009321936
1 3957597774
2
1 3991443839
1 836316129
1 1842329980
1 3876026602
1 1618672041
1 1994382730
1 3088224289
1 1235800664
1 3291900231
1 1797859809
1 2325607723
1 1065790026
1 3608756077
1 672274137
1 1043785143
1 1510443159
1 407966931
1 1355631835
1 3544514218
1 3267573463
1 3404064608
1 1630111370
1 1239016517
1 2013587227
1 3849584747
1 1624701167
1 2445212512
1 2951706916
1 1990974866
1 3109270172
1 3631560982
1 21351526
1 1688232323
1 662315550
1 987705828
3
1 1194809386
1 549261457
1 1285054666
1 2713349749
1 1976349212
1 2010187797
1 765373925
1 4153630245
1 3932702689
1 2425049368
1 2828054949
1 196064685
1 3317094260
1 1141833295
1 754408434
1 2786991054
1 1797007806
1 3303739390
1 1620679123
1 1249667676
2
1 2785569508
1 2668417665
1 3129414350
1 3894903224
1 2145584433
1 1550876348
1 3580474969
1 1949915124
1 3597370281
1 3965393920
1 3446160947
1 1217404450
1 3056270691
1 4188254225
3
1 499509679
1 3073837106
1 567955660
1 293172109
1 114230093
1 1141048545
1 971450597
1 830421565
1 490237031
1 2476599982
1 2073484840
1 2037141418
1 2114027269
1 2811731270
1 3273483755
1 4078374068
1 1010748972
1 2547417207
1 147248799
1 3977156735
1 3267242714
1 655723566
1 3141247832
1 3390721058
1 1669245460
1 784755865
1 4274147711
1 3904204319
1 1377556451
1 1998400166
1 583236316
1 1868219037
1 539680656
1 2236628360
1 1794164854
1 3168354450
1 3411422138
1 2831636897
1 1018876730
1 825933229
1 2797823735
1 631857762
1 4280066632
2
1 1857567060
1 2797905370
1 2988895994
1 140631477
1 3538396434
1 525472770
1 1645364417
1 12738438
1 2079608693
1 434781277
1 638733041
1 459040421
1 3813691955
1 357028623
1 3785072280
1 1161757146
1 1737527618
1 4294416845
1 650147768
1 1419114282
1 965671377
1 3784743756
1 3030587523
1 2128272129
1 179499420
1 314197349
1 3554055216
1 1127789122
1 3642386318
1 799717919
1 1684467169
1 2685695076
1 1372322295
1 4091535478
1 3587174601
1 3778910128
1 371291726
2
1 3556933074
1 3043027536
1 191863665
3
1 1778299752
1 388137820
1 4162916096
1 56926730
1 3014444791
1 3626615732
1 2402244040
1 3767998128
1 2762812274
1 3203800797
2
1 3303116321
2
1 2592902182
1 465924068
2
1 2017028522
1 2449048478
1 2477818065
1 1459999336
1 338966450
1 1100323834
1 1841504414
1 878609854
1 1365498888
1 711272222
1 4006454903
1 1558853931
1 137027657
1 2305181915
1 3945455301
1 2256931738
1 784531004
1 7183551
1 4202600875
1 205523733
1 2700019684
1 178191402
1 1986659661
2
1 3569065255
1 2936414266
1 4071008262
1 117967117
1 2029439514
2
1 2033542679
1 1999747221
1 1840725001
2
1 667417987
1 3393209931
1 4183046666
2
1 4156515639
2
1 4022734504
1 2548728274
1 3846305004
1 279885495
1 3877789341
2
1 2724245805
1 3002663163
1 4280954472
1 1955520557
1 3699377654
1 883790854
1 2318178034
1 1322617548
1 2102917016
1 2874055848
1 2145164099
1 1944442188
1 1695877439
1 3488106303
1 2487247325
1 15758995
1 514669448
1 369842273
1 2173255360
1 4155143225
2
1 3746378195
1 1887814322
1 2832756281
1 449132214
1 538504067
1 812027344
1 3709366655
1 90226268
1 1918291531
1 2379205120
1 2989178583
1 3874436592
1 3721657380
1 1717593758
1 1282294181
1 557505360
1 1202151595
1 2253867440
1 3822995334
1 221045502
1 2400920975
1 895611807
2
1 4018759212
1 582478644
1 2823616519
1 2206625100
1 1438170474
1 3962408812
1 1501677725
1 353124315
1 174798850
1 1099195918
1 3415667783
2
2
1 2382550801
1 2733995931
1 401595791
1 2890191184
1 1641497744
1 2741789777
1 3838506086
1 353369317
2
1 4177348894
1 3318866208
2
1 2704829689
1 1965110051
1 2268645276
1 4099710314
1 592704578
1 1564272667
1 225564755
1 2030733455
1 1744983524
1 2811409629
1 600385381
2
1 2953224254
1 3387481524
1 3600719563
1 1585897487
1 1391956314
1 2492988818
1 3330547183
1 396239384
1 491509941
1 3941971499
1 2290415673
1 4291976606
1 3825133769
1 899054845
1 2952939354
2
1 101458677
1 23533511
1 2879242517
1 3707379663
1 789774132
1 3262150935
1 1029730225
1 847247038
1 2693434156
1 2041175913
1 2494714698
1 66828011
1 864166426
1 4166568681
1 727476795
1 3691036854
1 2085481275
1 3525227205
1 3774559511
1 2900188272
3
1 4221943613
1 47073130
1 949891834
1 3601358477
1 4074882817
1 488904920
1 47673047
1 1365653103
1 3639438557
1 3985266161
1 713165878
1 859480485
1 46641927
1 1957822931
2
1 3199471267
1 991435238
1 1597704474
1 1164767775
1 1408779533
1 3341690650
1 1886711326
1 1786272138
1 1311423054
1 709532067
1 3701059692
1 1106983096
1 443821806
1 2595999734
1 3051558057
1 1943603164
1 419818568
1 1758583270
1 3654456
1 3219525876
1 3666940778
3
1 2563971109
1 3566356621
1 483261264
1 266988466
1 863906567
1 3049445945
1 3574776212
1 2009200767
1 4031679009
1 1887837100
2
1 2736240407
1 20054860
1 3234270299
1 2592621262
1 1070042064
1 534997105
1 1077197008
1 308358732
1 1715343802
1 601394578
1 266077100
1 345880300
1 3478186994
1 1454327653
1 2437566159
1 2372913255
1 1380545577
2
1 1539912558
1 1605198655
1 1923004506
1 2307799048
1 2318984631
1 2425628955
1 3517858453
1 337459671
1 3802456741
1 1850965697
1 941078513
1 2502768672
1 602026146
1 1230780457
1 3940366530
1 2042553958
1 1729498867
1 743921287
1 2678455867
1 3188867725
1 2978647429
1 1486995981
1 2142591615
1 2312140357
1 1816569118
1 3638187663
1 668984596
1 372014313
1 2737077161
1 2606294850
1 3030722917
1 2888298486
1 3581455256
2
1 3811162140
1 3015384832
1 338579733
1 3644641022
2
1 1194753732
1 3286320168
1 1927033720
1 1024427754
1 2904026149
1 2799061488
1 2894412392
1 971812817
1 4186461264
1 2319494026
1 3076846955
1 1305017514
1 1275558355
1 3134421591
1 145901123
1 2294364114
3
1 95764717
2
1 314503988
1 1599625203
1 1567997361
1 2093595495
1 2280213797
1 1396416815
1 180126874
1 3133192443
1 3467058106
1 251088328
1 675397279
1 3374267034
1 1164825795
1 3250388512
1 471353364
1 566456958
1 2981308129
1 2963211126
1 4294480948
1 3292164716
1 1075361145
1 3989815905
1 3647573290
1 849693857
1 759603363
1 225629708
1 762000876
1 691121736
1 2608506264
1 4283922203
1 2142411438
2
1 2533160713
1 1838068915
1 2815247588
1 798203423
1 2217168467
1 941234751
1 1272790558
1 3909230488
1 3895559648
1 3317249495
1 3187170294
1 2194491843
1 1994131322
1 2887561486
1 2476909725
1 1211052973
1 2824104383
1 2666723976
1 3996967329
1 178547417
1 1421515140
1 583588658
1 3764468614
1 2656080430
1 1943931573
1 2210389545
1 713956518
1 2792041662
1 3779671956
1 2919022435
1 4095611193
1 1765971042
1 1630453522
1 3716848540
1 1049377439
1 410105881
1 2886106849
1 1907204336
1 2885944232
1 2824585881
1 805462685
1 390014582
1 461938340
1 3687579202
1 3359041317
1 1097323
2
1 3508313507
1 3925099064
1 2677907456
1 3080703103
1 2306254386
1 2696758195
1 2803262943
1 4135107839
1 1429656376
1 2114541282
1 75704645
1 2524490323
1 2840619307
1 2596876568
2
1 1052840459
1 177252881
1 3073665143
1 3039502285
3
1 1161739562
1 1556264193
1 4227416270
1 1858106445
1 1767690094
1 4083554329
1 2593589227
1 1796297157
1 3829842548
1 2486159246
1 2139118531
1 102219214
1 2545339100
1 3882948011
1 4074214951
1 1057694846
1 141172008
1 1841298589
1 1778479316
1 1623151292
2
1 3282481865
1 720160002
1 2497391803
1 2847212245
1 1357691059
1 2826895827
1 3903244853
1 3194664809
1 3776223298
1 1596101637
1 1653754001
1 2178996319
1 448747918
1 2317236902
1 2661926445
1 2211679640
1 1181898040
1 3571498059
1 899789378
1 2085476733
1 2651414068
1 681851159
1 689099673
2
1 4011508895
1 4200535601
1 4144519515
1 2718728132
1 290259952
1 521871869
1 2939059821
1 909018991
1 2083074075
1 2837522321
1 4015354241
1 355167387
1 1510574739
1 626764678
1 1275529904
1 3778677344
1 289811030
2
1 2926081542
2
1 4091798922
1 2081473227
1 3686258884
1 590206015
1 2746783598
1 104064786
1 2900099797
1 916510074
1 235188139
1 4290735895
1 1182058119
1 1269005414
1 1374352437
1 1692974741
1 2394847135
1 1002224565
1 74366652
1 3553449568
1 1770348574
1 1287245391
1 1379018464
1 1077283780
1 2686626686
1 4038861411
1 2442790669
1 3329766982
1 1359508535
1 3018890325
1 3531308136
1 409694080
1 3020685680
1 1898254087
1 2170209585
1 929549573
1 491812605
1 2742137483
1 975992738
1 1590276933
1 54159412
1 18887939
1 284217041
1 4283789865
1 2465387733
1 690288385
1 2784601797
1 2749550617
1 2746234126
1 369506508
1 2126853241
1 1042970310
1 1311967225
1 2106077259
1 799532670
1 1739001145
1 3002132734
1 733905158
1 411252893
1 86487299
1 132183432
1 749712731
1 171156591
1 3660330739
1 1679735829
1 1571269825
1 2700051067
1 1849638570
1 1443752608
1 3451698785
1 957002747
1 3845326669
1 3587043934
1 3287725979
1 2399507526
1 2275547588
1 3071443124
1 2503684200
1 469619642
1 3104531247
1 806445266
1 2046611258
1 1489577903
1 707812755
1 1783342545
1 2074475242
1 989499911
1 3995056289
1 3331895779
1 2616425384
1 2341043100
1 3052656390
1 3878705855
1 1704592661
1 1931880349
1 545263693
1 3795400611
1 573670741
2
1 2691824289
1 2492019502
1 3250170269
1 3798391820
1 1039296617
1 4154394872
2
1 396503049
1 3385812717
1 1327874322
1 3267140213
1 101184523
1 2871497033
1 2308696157
1 910266982
1 2549617809
1 3650205278
2
1 3393021392
1 3860609112
1 3936076209
2
1 166750278
1 1502382291
1 3504542515
1 1554390993
1 2695936076
1 978867049
1 944470564
1 3804195857
2
1 532668839
1 2634144902
1 1636715184
3
1 3299586861
1 116548448
1 2368191692
1 812127780
1 675889174
1 836754953
1 3553871448
1 530792461
1 2221648354
1 271032228
1 2509521173
1 28164349
1 503658384
1 2324018054
1 2713672372
2
1 990941068
1 1804453256
2
1 2581075592
1 1397709143
1 2299246211
1 2244506808
1 3659069844
1 2644817376
1 1731906843
1 1116999709
1 458281967
1 3018125440
1 2946217640
1 955049344
1 2443428459
1 2496064310
1 3343814110
1 1661977390
1 2472109252
1 2999403969
1 3171683870
1 502835790
1 83120959
1 1486990337
1 3141437011
1 3930173600
2
1 953210732
1 1063333592
1 3226081606
1 1947893897
1 3380351870
1 1627469645
1 777511718
1 3696396066
2
1 2994148210
1 387516985
1 4255349130
1 440576656
1 4032992022
1 3346128845
1 513731390
1 1496588871
1 930995727
1 1084699616
2
1 2681171236
1 1933450337
1 2540514673
1 1399803810
1 3483683033
1 4036078497
1 1139670318
1 704596904
1 3431828949
1 2489584687
1 2772273540
2
1 2112884161
1 3468286132
1 2677264736
1 3587668340
1 2796393527
1 281738328
1 2493867652
1 1053036961
1 4264420606
1 3920256269
1 2113662455
1 3459265598
1 1590609269
1 2336448255
1 1944386796
1 1052203732
1 212176834
1 3782022389
1 2778491187
1 3361853750
1 549685437
1 2767110980
1 976613433
1 3973995605
1 839426639
1 957275396
1 3569851300
1 2932541048
1 661110324
1 2205147890
1 2493901979
1 1858369762
1 1313213641
1 2743570565
1 1065653846
1 1873990387
1 1686155038
1 2608882801
1 3570149629
1 353380857
1 10184403
1 209670957
1 677422654
1 1964651707
1 2163329582
1 3152318366
1 3733131343
2
1 3299354552
1 3374282582
1 1303071254
1 114263782
1 4238196668
1 1078986120
1 427341598
1 4224993073
1 3784757990
1 1360854986
1 3071666296
1 3879033913
1 3561403353
1 4124856303
2
1 163562300
1 2698535369
1 3139344420
1 2291505092
2
1 3146219550
1 1879303662
1 2639245986
1 207105650
1 443911919
1 3279527413
1 3770839077
1 3234133811
1 2973202598
1 1987028469
1 1403365732
1 3807521773
1 3339042395
1 463030662
1 3683291989
1 3194994917
1 1900246539
1 3301842987
1 2429192567
1 2883585366
1 1758272278
1 3225812959
1 1876056244
1 1841029444
1 2384827861
1 1364582792
1 3606147672
1 4229685420
1 1569478789
1 3816869008
1 3672638123
1 2406290671
1 120793618
1 2724463248
1 1661464102
1 2401914701
1 3601748403
1 4289142865
1 950938517
1 64256135
1 2057261338
1 1765401514
1 2416683294
1 735567231
1 2431675439
1 3360584722
1 1190278773
1 1707593345
1 1929624920
1 2235074232
1 2945969273
1 2740065027
1 992438304
1 2069113492
1 2582759296
1 1567136430
1 2769550958
1 3649494760
1 1796325935
1 3494762196
1 2209887554
1 3702934024
1 2741585932
1 600955841
1 2720484997
1 2052338593
1 4275713213
1 3131057106
1 1599858810
1 2020245628
1 1875701399
1 1054764369
1 3526844088
1 3618837151
1 3925914970
1 384726923
1 811780460
1 466981611
1 1115254339
1 64593820
1 1363030399
2
1 3457216542
1 3665256083
1 3120095085
1 4234236050
1 2909183493
1 2399975948
1 4116462967
1 3292226339
1 896850419
1 2671352813
1 2625875276
1 2392764504
1 1664646273
1 3300794894
1 742759626
1 1992143469
1 2031779181
1 981482331
1 2420018975
1 3165980380
1 2750181914
1 2727977935
1 2079416327
1 4155565858
1 1176456636
1 3633478260
1 2595326465
1 2752781906
1 1465506717
1 3524091341
1 3272349041
1 3489068555
1 554194220
1 524781925
1 1969400444
1 2741129710
1 2973949564
1 101598064
1 2164092708
1 501039647
1 2753128345
1 2744397366
1 3940415650
1 3187551622
1 2600145276
1 3560660764
1 1659310222
1 1712496541
1 672355235
1 180603897
1 1424794548
1 3321506606
1 3285316246
1 2946408064
1 231470995
1 1337575877
1 3012112162
1 2839109893
1 3039931388
1 2099176228
1 2674870420
1 24576556
1 2410516302
1 2485846178
1 2706618757
1 2528489437
2
1 260174767
1 1013780392
1 2026576944
1 94457578
1 2020639317
1 951375366
1 2475681189
1 3022913498
1 3683050233
1 4134769391
1 2327226346
1 3430238624
1 3075062389
1 1292958688
1 2910184883
1 2720190570
1 3449319837
1 772089417
1 2916627356
1 551201619
1 960207105
1 3429894630
1 453077431
1 591642139
1 2895297402
1 1734528083
2
1 997298407
1 2309072753
1 3572716730
1 1197147663
1 2501900418
2
1 939911262
1 772278996
1 4231186514
1 3879187654
2
1 1954427946
2
3
1 4096530216
1 1115308782
1 356787560
1 1373785288
1 2778481031
1 3763005725
1 3839072509
1 2602140572
1 2986918854
1 3909475660
1 2972240181
1 337921035
1 538444228
1 1465182887
1 1339247829
1 2935941395
1 3827681358
1 1627331910
1 916893935
1 139869251
1 3711224281
1 21699737
1 3324965300
3
1 1742238973
1 1592089654
1 584397450
1 284357291
1 2542546331
1 794304106
1 1314508146
1 2876883285
1 1209395424
2
1 2841730722
1 1592798314
1 721858
1 2514286092
1 906041527
1 1323733757
1 2275157802
1 4095596674
1 2978857384
1 1822600631
1 3226605908
1 1097774713
1 1502244187
1 1331561263
1 3272038536
1 2055010317
1 3157148144
1 3082092579
1 784883537
1 459084126
1 2514962933
1 3942138398
1 4129114451
1 1013295182
1 2272157297
1 94393219
1 1018187754
1 1553624813
1 2998116332
1 3344342747
1 785379557
1 296351581
1 3382374523
1 3023623918
1 1164497531
1 3908278847
1 1682197117
2
1 600853805
2
1 1118507740
1 150204581
1 130540536
1 4150002080
1 575322842
1 1906637503
1 3879477252
2
1 2780681648
1 221161701
1 854469398
1 426537551
1 2779992137
1 3361073358
1 2214456738
1 506483743
2
1 238538838
1 4178543108
1 598277199
1 369614520
1 2987351309
1 1761121829
2
1 3806143738
1 2414125401
1 770929978
1 893095502
1 1986126142
1 275639093
1 4110033613
1 2399946592
1 1127582832
1 3434778205
1 650683678
1 918743159
1 1752671850
1 1234754741
1 2191968919
1 2223067503
1 2840899024
1 1878083312
1 3615973851
2
2
1 1140847992
1 1741436885
1 2714473784
1 3634040880
1 3459910313
1 3697823881
1 1373477925
1 859711457
1 4051785666
1 399254323
1 2237797717
1 2004323352
1 2428146448
1 847548141
1 383211185
1 1307885867
1 2133418005
1 2174630812
1 4065298067
1 2050239579
1 1423079390
1 3350417854
1 2683817533
1 881968188
1 2661639390
1 2499434932
1 2482278325
1 3506591923
1 3577142886
2
1 725530608
1 780413624
1 1048399903
1 1193367977
1 1167069226
1 4115879351
1 4169000929
1 3710181692
1 505830763
1 2132812478
1 1123015280
1 2944496599
1 2437476641
1 49464627
1 2107049924
1 3600068213
1 870233155
1 172140230
1 99622043
1 3339570565
2
1 4015840815
1 3069511263
1 4152673646
1 1044608679
1 2495726175
1 1097845591
1 3615038547
1 617296801
2
1 1505363644
1 3764232731
1 133730705
1 210195379
1 1727367865
3
1 258800241
1 1671188021
1 843499723
1 1074400770
1 3863455829
1 1971226780
1 2325126569
1 3143478586
1 1050864800
1 3897155509
1 2141743435
1 471690559
1 2683571936
1 1166611200
1 1999063584
1 3082235873
1 90821868
1 3392644536
1 1841232632
1 352563513
1 3878948011
1 4196622254
1 3164311756
1 115019981
1 3740296116
1 4234915779
1 1294610245
1 225263957
1 380173856
1 2767302496
1 1005906234
3
1 698926136
1 837289443
1 2941934933
1 2238526807
1 1511309678
1 5087232
1 3663777514
1 494076445
1 3208127362
1 676660205
1 2244555765
2
1 3982616689
1 3271293686
1 3758012590
1 18609478
2
1 4284865778
1 3961403738
1 2977924221
1 2550250179
1 1385254788
1 3057041633
1 345152020
2
1 1678632205
1 1969661654
1 3852740666
1 1534474817
1 794336575
1 818887315
1 2519395987
1 4085055230
1 3207609831
1 308279321
1 767943250
1 3702829441
1 2394519008
1 111292432
1 321165880
1 631363098
1 2908440078
1 3362320345
1 2056965881
1 1778450843
1 2177850789
1 698876805
1 3917556236
1 1959094464
1 1679586253
1 398062436
1 722995461
1 3034199091
1 2961052632
1 656215795
1 1020231717
1 2625144845
1 3048469389
1 3457494743
1 1197007632
1 670513442
1 3645970639
1 893496208
1 1149106699
1 1662394943
1 4003920730
1 3046220831
1 1631379530
1 3261699389
1 1969804777
1 3675360856
1 107080915
1 470528958
1 2897890505
1 1710296194
1 1335852364
1 3752293606
1 2585112549
1 1882369603
1 1976045165
1 1506448926
1 376861436
1 4076824661
1 1989339138
1 3717904891
1 3164047119
1 1367057810
1 2733086873
1 2395911095
1 1085479017
1 1860813329
1 3185801705
1 3116904059
1 1065846170
1 1026859955
1 222964464
1 3303386976
1 869591490
1 3786245694
1 1516548920
1 1972794180
1 1347557092
1 4022691860
1 2723978963
1 3210469676
1 1513472877
1 2744709677
1 3577959035
1 3339916689
1 3032451945
1 2194858217
1 3188908043
1 1207369919
1 243005579
1 31586090
1 70961867
1 652140955
1 573524572
1 3405439485
1 38167846
1 809022480
2
1 718017291
1 3272682015
1 3248629756
1 3663666200
1 3480050481
1 439447075
1 788441814
1 1719771382
1 1042967092
1 1024501422
1 2069460056
1 481351459
1 4149755672
1 1913125212
1 1750156660
1 1529830107
2
1 1612985785
1 3115432412
1 3547582094
1 3342224414
1 3431836449
1 3760916043
2
1 4284688272
1 1234015019
1 1176570673
1 2651114335
1 3599820
1 3926856934
1 3863699375
1 2509155421
1 1880974604
1 2345651777
1 3341014293
1 1026534165
1 1624833487
1 2626699155
1 885006604
1 2326091048
1 3407935398
1 639515843
1 1523106744
1 1974523178
1 2712918959
1 104976413
1 621963515
1 1768615050
1 4045223239
1 1421337657
1 321211578
1 1965430303
1 3379853978
1 1538382793
3
1 3916930980
1 1695257519
1 966908146
1 1973477456
1 1765968233
1 2605765379
1 2284177967
1 1011842049
2
1 640085149
1 1483571378
1 1537619299
1 3599627503
1 1841551497
1 1991177075
1 571565650
3
1 2102322684
1 1255081911
1 3130735465
1 3757581164
1 196235624
1 4130886359
1 904250930
1 2300434087
1 1815614671
1 1255011085
1 1862958982
1 812281707
1 273275635
2
1 2956413316
1 394844424
1 1455085264
1 2791513638
1 747313375
1 3617095975
1 4209973236
1 4250869123
1 2076124488
1 1922742926
1 2631214610
1 4277874147
1 1649089884
1 3653711593
1 2070598030
1 587969096
1 3973703742
1 2120300760
1 3205503260
1 569478903
1 137482398
1 3373756037
1 3180778360
1 1567418625
1 589328385
1 1272161542
1 3267529476
1 2973426553
1 2380801994
1 2514067562
1 305566987
1 756762709
1 1976146790
1 561765528
1 3441865311
1 2246845988
1 2889543693
1 3875869030
1 4021711394
1 789624931
1 2462413872
1 4196855947
1 1646228897
1 3209135546
1 3269444531
1 2376189917
1 691242996
1 3238074548
1 445135424
1 3006718197
1 2375231480
1 3681064569
1 915319145
1 296346485
3
1 2464966920
1 2357555771
1 2280635374
1 2382081440
1 752034014
1 1637127854
1 3142307796
2
1 3009922381
1 3827399796
1 1596886884
3
1 1841785096
1 2293707213
3
1 1256238383
1 694337704
1 2625459030
1 321732216
1 1369091507
1 1922190707
1 331932727
1 2998761401
1 510666378
1 4284711747
1 3526263590
1 624403614
1 1337056202
1 2083728877
1 862716755
1 2806829867
1 2090673772
2
1 1863810410
1 2008589728
1 1919566843
1 2795169572
1 3925789930
1 1326712853
2
1 1256264178
1 3184112259
1 2156403424
1 3647365725
1 2533171243
1 1024873840
1 3015405060
1 3653783165
1 3960582518
1 3194150753
1 71517828
1 2589696266
1 3681833296
1 925686786
1 2722394429
1 796082373
1 1325900731
1 1034720020
1 3249035435
1 3379197476
1 4227840489
3
1 138757445
1 1470538281
1 306468676
1 3265600498
1 1880717120
1 1450853336
1 2324456423
1 3044668240
1 1277858557
1 1414503524
1 4031233229
1 2741016519
1 2108435279
1 2059789255
2
1 4252114179
1 3481780741
1 3839022996
1 3909760885
1 2170167483
1 65495195
1 1399767876
1 4114183285
1 3131935879
1 2635399062
1 3690824580
1 936294701
1 4178805795
1 3499115948
1 1303615374
1 3528692427
1 484795049
1 836524723
1 1238145875
1 1630637051
1 2767761107
1 217706508
1 3134504982
1 1554017360
1 2983628192
1 2089610098
1 2514314768
1 4174702302
1 1562568157
1 3911503020
1 213121805
1 1860264503
1 2381880616
1 4094108349
1 2495241396
1 2127294285
1 600550160
1 2083552602
1 2879878193
1 3071701443
1 2797721022
1 4229106231
1 2538714925
1 177696882
1 290448542
1 3238984915
1 2350104310
1 342752809
1 2228675748
1 2906541400
1 4008652252
1 3846176136
1 1020214497
1 3604352958
1 484145419
1 2385124208
1 960880004
1 4128970586
1 2125614437
1 2298751670
1 50957605
2
1 2605706321
1 447938833
1 192971315
1 2707881857
1 2519331164
1 2047394068
1 1064637890
1 3365617576
1 433000444
1 3958316677
1 3504659397
1 1709675969
1 1643715037
1 1930396374
1 130248279
1 1555632634
1 4053078685
1 1625029200
1 3029434575
1 3910605888
1 4024907699
1 3181163779
1 4064622120
1 3648988482
1 1854797222
1 108807567
1 2025560137
2
1 741801424
1 3715408011
1 1702235479
1 3491141153
1 2064656123
1 2433004582
1 1653456776
1 2837161906
1 761749969
1 2167022036
1 3204643086
1 1316305382
1 3271582366
1 2444514015
1 1025085359
1 2436190048
2
1 404293634
1 435111481
1 2110087863
1 1072858461
1 1813922286
1 2755404235
1 1883189110
2
1 3721523540
1 4081921117
1 772594081
1 1947937314
1 1817826953
1 4285117109
1 4013805272
2
1 3864712382
1 2075395089
1 1820485249
1 2931291423
2
1 3903385817
1 235121383
1 2316564543
1 360103261
1 727617627
1 498153317
1 755984489
1 2781475016
1 4226514829
1 536820501
1 2396493108
1 3210994154
1 1728962747
1 3456521518
1 2039837365
1 2609288139
1 2590464954
1 580867155
1 1828410906
1 3466179570
1 3474429259
2
1 4207293206
1 819749569
1 1609484078
1 234546016
1 2030461562
2
1 633798152
1 154819663
1 2913479657
1 291548989
1 747958607
1 2764964374
1 2318796614
1 2023614530
1 2123604590
1 4186201733
1 3748424241
1 3918524808
3
1 4049711842
1 2558517275
1 3169557997
1 3587673242
1 3222962034
1 3311420808
1 2023001152
1 2581346466
1 1216887624
1 4208272815
1 2690988752
1 2546681796
1 2109608844
1 3157173387
1 4263389208
1 3033662905
1 3790421401
1 3715455714
3
1 857363272
1 2705695756
1 1835246022
1 1329128967
1 1168718519
1 221312537
2
1 2625742400
1 1557178874
1 616212639
1 3969071498
1 3214632734
1 1715187221
1 1396510433
2
1 1389697206
1 4033874985
1 33148428
1 1544995734
1 3076036411
1 2092925460
1 3610293708
1 3212933051
1 2509623284
1 3628813989
3
1 748142667
1 3366282648
1 960787631
1 64467775
1 3337630594
1 2262077255
1 686472956
1 1674379321
3
1 2114218380
1 2396847338
1 2339177172
1 551096092
1 1121740567
1 4181195337
1 974707966
1 3087884459
1 2999240499
1 3100946214
1 4233286373
1 3876057384
1 3421747080
2
1 391632329
2
1 3571291497
1 315860607
3
1 3552692175
1 2212876010
1 333739007
1 630680769
1 349630460
1 1010256035
1 1309643647
1 3748574536
1 1848692660
1 744639513
1 2759085559
1 1931514744
1 3328084407
1 4151357816
1 2296790834
1 1317769578
1 475576290
1 2428251729
1 713656727
1 2095548208
1 1156207000
1 2709631797
1 1013771987
1 2431668153
1 1901350726
1 1727375877
1 2307035032
1 916474554
1 1405995301
1 2990043270
1 3130876534
1 4046864474
1 1314323897
1 3476294476
1 2846159612
1 1308695671
1 3318945295
1 2228264176
1 230073041
1 2366583074
1 2313503888
1 3155650633
1 1511855862
1 2299841131
1 2443330908
1 1278751469
1 41380229
1 2087823050
1 1440938842
1 2238398792
1 112094176
1 1876507252
1 5428437
1 1825148841
1 3903722914
1 3504736739
1 2045766271
1 780666558
1 2266554780
1 464683137
1 1681176768
1 992951203
1 1452538760
1 4105900460
1 1795648235
1 3753679576
1 2845218943
1 927054585
1 594740521
1 2815173895
1 404014798
1 699396023
1 1824471049
1 1818619036
1 104037606
1 1780186255
1 1747610694
1 2935561494
1 1097739352
2
1 852781799
2
1 2692920422
1 1350910567
1 2544498694
1 1537063655
1 1411178953
1 1777979272
1 2725692020
1 112795718
1 684049609
1 754335826
1 1019131260
1 1995989561
1 2925514830
1 3595874438
1 643007504
1 1845842911
1 1093620940
1 1184817627
1 2964582996
1 2734692328
1 3511251445
1 1028082816
1 743882590
1 3240760911
1 2216332344
1 4012085664
1 3815549199
1 2451849583
1 3776059349
1 1177890457
1 2983064155
1 1717537038
1 1678526529
1 593706849
1 3170063377
1 862516732
1 824859947
1 192523048
1 1592319356
3
1 2555195867
1 2525175455
1 1491370114
1 3218878541
2
1 398024933
1 1802320856
1 1162230827
1 3513651260
1 2093848865
1 555579320
2
1 3270273558
1 423182928
1 1400210674
1 1532195117
1 2212835013
1 55211917
1 1455569203
1 3147677039
1 2231032702
1 2896546786
1 3991525917
1 1554834459
1 2487793628
1 3197469611
1 1234017303
1 1531181101
1 286779786
1 759986750
1 35146894
1 1773829000
1 4115621344
1 2685082657
1 2617501412
1 3629399646
1 3570536785
1 2276291532
1 3486149343
1 2642611359
1 4143493191
1 2864059087
1 1911890231
1 2305396654
1 2311907302
1 3297925947
1 68836022
1 3621804467
1 25665379
1 3463309970
1 505696209
1 861059829
1 3308002570
1 2778034740
1 3646586596
1 4119550066
1 927049256
1 4042258903
2
1 675387824
1 161088163
1 1463669135
1 676153315
1 2453561581
2
1 728375557
1 3125307907
2
1 3393915930
1 3825984336
1 3751831088
1 2179350658
1 2540132779
1 1226915921
1 3588080072
1 1933335342
1 2749844328
1 390716211
1 622084634
1 3143250018
1 2941050355
1 3673640133
1 56260497
1 1129627179
1 885463052
1 1157920110
1 3713742018
2
1 1386918132
1 916264591
1 1383858138
1 2400371939
1 2621699347
1 3361196727
1 1273087573
1 2192198608
1 1092235988
1 3910077160
1 515234851
1 2345653584
1 142688097
1 1169627464
1 756241925
1 1118821390
1 810604602
1 665074896
2
1 3511640045
1 3062458551
1 3184052986
1 79658458
1 1226892306
1 1628262109
1 447212369
2
1 1111846524
1 1683757704
1 1929069475
1 2087404407
1 4152586851
1 2218929209
2
1 674920400
3
1 3747408702
2
1 276352165
2
1 3082423298
1 2729698560
1 994790571
1 2637157126
1 2570495987
1 1158020415
1 2328841223
1 3071918966
1 426377706
1 321810869
1 2452175292
1 1340656974
1 1336017759
1 3446480647
1 458224219
1 3527150647
1 3388285103
2
1 2524131187
3
1 2888667014
1 2341666844
1 4022675192
1 823828222
1 2329808047
1 634630669
1 3309920564
1 1648729057
1 4224725338
1 2741071162
1 1806756624
1 2660178276
1 3574028750
1 2756931776
1 891060063
1 2328390300
1 583497889
1 3222271000
1 1957232818
1 3645760234
1 665575486
1 1056725470
1 3499317715
1 2319006684
1 508551060
1 4228536562
1 3256998082
1 2398221871
1 2978968793
1 2256810460
2
1 2914201209
1 118358190
1 3131700340
1 48674722
1 683197817
1 993840997
1 1297249101
1 2803918059
1 1771910499
1 1095124428
1 1123068794
1 261123974
2
1 288813878
1 3256446691
1 2270968275
1 1996682421
1 2210541137
1 4237601761
1 268071893
1 1159221799
1 355541806
1 1274787971
1 1623414821
1 2859097530
1 981952002
1 2611515819
1 1317298171
1 3335174220
2
1 3574731663
1 323865902
1 2398738476
1 2086528189
1 549348192
2
1 1990745519
1 908028051
1 2784623842
1 2982972745
1 3957167622
1 60995081
1 2392050197
1 107107727
1 2986931704
1 1934344980
1 3664295425
1 3528634851
1 3524184157
1 1401994409
1 506176396
1 129758456
1 1674206741
1 1896670142
1 2082438537
1 2976090399
1 3106756292
1 2314021156
1 376574452
1 2297264417
1 2708100401
1 3019280109
1 1896357436
1 883460295
1 3710441887
1 870728826
1 3388635955
1 3736471124
1 1317286637
1 1172236681
1 2797066968
1 1375872746
1 3184547745
1 172542583
3
1 29904740
1 873198847
1 2273913654
1 1633864587
1 4006018716
3
1 541986051
1 3948967022
1 779684120
1 3374756340
1 1254802364
1 429340830
1 1836478668
1 2679037304
1 2440844593
1 422806994
1 3758602643
2
1 932200389
1 2003903325
2
1 3511699361
1 528031035
1 1069712277
2
1 3131688184
1 3544483717
1 458199511
1 4279077600
1 4086051624
1 941016558
1 1727231446
1 3918434884
1 1090510566
1 932101237
1 111566364
1 2317138857
1 2235621635
1 1246595049
1 3651787889
1 1937865480
1 4017504916
1 2776022200
1 2300212114
1 1190039847
1 683208244
2
1 1321158607
1 3037904715
1 1914315191
1 4097438270
1 307439702
1 3713855995
1 3614935018
1 440147637
1 2265047547
1 3272700567
1 830930074
1 1255883355
1 2025009960
1 3089218828
1 4109182346
1 1272733056
1 2131618410
1 3163093605
1 3502701946
1 1828820384
1 372519198
1 655964058
1 247364302
1 1683667149
1 2186694397
1 1986480741
1 628353762
1 592692186
1 3783174879
1 518221706
1 83381913
1 3052310506
1 1863854091
1 2954480930
1 1654205437
1 2771256980
1 2304881280
1 4111080297
1 585990928
2
1 1890835042
1 2629276148
1 2447286904
1 1672257955
1 1935792939
1 1837533357
1 1001191950
1 2935854372
1 1255819176
1 632627646
1 1994907518
1 1154596854
1 4208980024
1 724677720
1 4075689571
1 2851308905
1 248253956
1 1755801308
1 2991394478
3
1 2786064536
1 3795281853
1 723669757
1 548493406
1 1267968953
1 2183922189
1 482369529
3
1 1704810092
1 904607702
1 2461669548
1 2996385569
1 1952941151
1 2307411642
1 1205452029
1 3403202541
1 3607559381
1 4035481994
1 713295758
1 2021897937
2
1 126835031
1 2099935577
1 248684080
1 1117551414
1 573127514
1 2276579737
1 2696173910
1 1165032520
1 3046623067
1 3069348923
1 2707725399
1 1489469865
1 3330472772
1 3585864258
1 2475110582
1 3223628453
1 1995335545
1 3275951431
1 1681382059
1 2565766858
1 743677572
1 321594548
1 481376458
1 1990294333
1 1984829029
1 2320824594
1 2783929071
1 1376220915
1 2884735954
1 2350774528
1 3167112936
1 3758587083
1 3656560900
1 4113338430
1 1643144984
1 2056805378
1 1982257325
1 1129528937
1 2915679914
1 2187580567
1 890261171
1 362839018
1 3147492079
1 566984467
1 3819211734
1 2148164650
1 1267126850
1 1833591427
1 653474330
1 504634302
1 4246545855
1 4010371111
1 2178326542
1 377714784
1 3983832660
1 3340811629
1 4133233055
1 4092805544
1 3723114796
3
1 3000801911
1 3462209492
1 1983875783
1 2388394903
1 3002671535
1 1348835702
1 381447536
1 1437460863
1 2142232479
1 2282224604
1 4204256491
1 2269086368
1 1486036235
1 378227627
1 2074526026
1 4231780176
3
1 2144868526
1 3108738554
1 787249253
1 614633159
1 1839170027
1 2977104697
1 1562509114
1 5366221
1 2927394425
1 1259727016
1 2360875154
1 3309835243
2
1 2050945028
1 653649172
1 3395877227
1 1902992754
1 822121606
1 3415185442
1 357872191
1 2346090200
2
1 1489852840
1 1753455679
1 2291590944
1 2927145485
1 1109248632
1 839245568
1 3949860807
1 1993371016
1 21388014
1 954271410
1 2287945794
2
1 3872033021
1 2754736672
1 3145131787
1 1513218774
1 2513612602
1 829282833
1 3834728251
1 435441735
1 2679791429
1 2662639349
1 787538511
1 722586795
1 861051319
1 4128567036
1 1236173019
1 1285468856
1 312851404
1 1433522696
1 693401634
1 2824135615
2
1 329504756
1 3994187802
1 749025533
1 3068807527
2
1 513862756
1 2868021120
1 3799431426
1 2892056598
1 2095753170
1 3869713449
1 2382792122
1 299310555
1 1768445036
1 1248330470
1 1894768607
1 502189027
1 3112549890
1 2482293085
1 870841019
1 94981615
1 2789178924
1 2160788731
2
1 188527228
1 1048883638
1 1966468251
1 1014106557
1 117086192
1 3688181417
1 2979150118
1 3873605709
1 4288399446
1 3028307898
1 3284257806
1 2254262055
1 956396998
2
1 1202793905
1 1244064261
1 3294109174
1 1602175436
1 3639449661
1 3480936294
1 1379563499
1 3458978082
1 319412031
1 3998289447
1 2081192283
1 528125712
1 654963880
1 1323124567
1 116120093
1 650387529
1 2944764145
2
1 3195078397
1 802314527
1 1715968006
1 1463275450
1 2754311930
1 2435368077
1 3087496412
1 580199377
1 2882958719
1 4010333124
1 3058015810
1 2053373414
1 2737307040
1 1380934085
1 3258166754
1 43497153
1 2179346654
1 2443834481
2
1 1803195255
1 3210569486
1 904665208
1 3861904334
1 3680583058
1 2067722468
1 3305219304
1 3617438975
1 240528592
1 3952725290
1 3406788027
1 4157060898
1 510023182
1 2993141352
1 2015363425
1 815046840
1 1300470522
1 3026664993
1 2186430218
1 857145516
1 1040202365
1 1797777913
1 1945074779
1 2774466067
1 1697260671
1 1566757747
1 711354137
1 3361223214
1 757041297
1 1596232918
1 3798850756
2
1 2182537523
1 1136168728
1 2412908757
1 2771072672
1 4075111474
1 2497130034
1 1520508568
1 2858307230
1 3287925047
1 1499379886
1 2332637624
1 3516007431
1 608474699
1 1721741817
1 439499088
1 949962370
1 4242046541
1 139531121
1 1553048604
1 123576313
1 3596928974
1 1643591412
2
1 24418521
1 4063784748
1 2627643909
2
1 2241223693
1 776576723
1 3348503235
1 1111289111
1 1555161509
1 869448831
1 2129354670
1 540353583
1 2092395663
1 2499040167
1 2828467930
1 1324985577
1 3875125262
1 1212522812
1 2801623777
1 317028601
1 1008418746
1 3156078835
1 3645393936
1 4066061125
1 4213137528
1 867956029
1 746126740
1 2050297178
2
1 4068932054
1 3821407619
2
1 2876579917
1 2581086266
1 261546275
1 4075028023
1 955724303
1 1480401911
1 2436689339
1 3495793788
1 926990588
1 1732803895
1 1767894559
1 601744949
1 3863483691
1 1341932632
1 3702181362
1 1818483296
1 627824823
1 3817324948
1 438354734
1 1718733169
1 3816977511
1 3381307311
1 1511089565
1 617229199
1 1966095973
1 2588937474
1 2972260107
1 938252119
1 720223435
1 3309154140
1 3681227534
1 2865639039
1 2281873861
1 2039768896
1 2035214213
1 3534472265
1 2306332079
3
1 3875739867
1 562384311
1 400528216
1 4111449197
1 3930890458
1 3049660012
1 1543369245
1 1290267899
1 3500231046
1 2323660728
1 3757758618
1 342295810
1 2070445723
1 632788668
1 1251541266
1 4204964966
1 422071286
1 2569134225
1 2189536886
1 186082708
1 148140938
1 4148020686
1 1751940863
1 901129661
1 1979363475
1 3858401601
1 1963674293
1 1762969995
1 691234961
1 341504285
1 1742716780
3
1 1619862958
1 3691384659
1 2809721996
1 2207159778
1 2250555421
1 2575504710
1 264226923
1 243321441
1 1470368882
1 3154631979
1 2152431293
1 2562270652
1 1586107472
1 3154444013
1 3443521976
1 989669680
1 3104929457
1 1870998329
1 2625192663
1 1880169715
1 102500170
1 1337310055
1 1234076898
2
1 839504164
1 3640534975
1 2758147686
1 3222413911
1 680251888
1 3397241618
1 636483852
1 3189379227
1 39363565
1 581712120
1 2538658749
1 3080624209
1 3614273664
1 3933899771
1 2645873129
1 3825894443
1 1517291984
1 1462906366
1 3716908712
1 1136880598
1 1848546504
1 2674602934
1 281201796
1 1769874191
1 1266717826
1 1428750063
1 1924927325
1 2831887988
1 2282220512
1 1929043945
1 2323031806
1 735950324
3
1 339081138
1 2319340148
1 2804782100
1 1457978241
1 2479111965
1 1742927041
1 4017529831
1 407195681
1 1610032721
2
1 1071233578
1 2713483083
1 3358071200
1 1911360521
1 589516778
1 400064631
1 4213367393
1 4235693224
1 1777863037
1 4264957920
1 1687744023
1 2064933906
1 3399248678
1 3535266361
1 1467986539
1 784717148
1 1528643490
1 3228688858
1 2239415656
1 3621124446
1 3929854693
1 2990823402
1 231744215
1 979572231
1 220459563
1 1101765086
1 3829404837
1 4026876237
1 2890162078
1 819068848
1 3739288633
1 4004612922
1 1132915999
1 2376066886
1 677601814
1 2024586915
1 1574651133
1 93418846
1 2109188488
2
1 1358530009
1 655133303
1 1665643469
1 3079142331
1 3158570667
1 2844085441
1 4133236663
1 3759719878
1 2173948404
1 737594784
1 769354805
1 2170198688
1 378269754
1 1018073586
1 1891541186
1 3907164159
1 3957750113
1 3330618439
1 4133536278
1 2582716565
1 3866252358
1 3989663425
1 3433403293
1 1609667287
1 3294969997
1 380725061
1 3841341699
1 570637712
1 3787204256
1 1371780016
1 2473522832
1 683600941
1 2002318499
1 2788706955
1 1908759167
1 2975675876
1 4119563519
1 1368638223
1 3106016842
1 819621219
1 4196959626
1 813625755
1 831063943
1 2417805637
1 473848666
1 1927269320
1 3583980424
3
1 988159780
1 1872749285
1 562202115
1 1414607983
1 1703531312
1 1810449206
1 2855083900
1 3368358028
1 4288649828
1 215473642
1 3928845070
1 1670027371
1 4016730424
1 2532920593
1 3328086255
1 218016224
1 3968214706
1 1539572432
1 2489025457
1 336489094
1 1849456985
1 2563103673
1 447727846
1 1121369439
1 1540302184
1 1695177965
1 3502778374
1 2839595469
1 2250562268
1 3828814127
1 257610820
1 1719378196
1 1883094827
1 4232347599
1 3506906955
1 879685581
1 2162544126
1 2962116610
1 4041389617
1 552829593
1 740354878
1 3272673047
1 2255428570
1 1522039518
1 1244509579
1 2948733015
1 3853892192
1 2212610905
1 1761174142
1 2177369343
1 2154030421
1 2041783714
1 1512424698
1 3518868286
1 2358539532
1 393153363
1 2814720962
1 2353039967
1 3966768904
1 2555563989
1 4058892821
1 168705169
1 1993590526
1 2917302256
1 3514766234
1 3357289397
1 3943762028
1 3411479792
1 3460496570
1 3451599590
1 376407078
1 1584867359
1 963688245
1 2832503684
1 1546352543
1 1699121159
1 729379221
1 3480203803
1 3186207616
1 3175600938
1 3907720126
1 3673538029
1 3051040919
1 1709696037
1 2502446417
1 426827431
1 3761670708
1 1619798648
1 1909477952
2
1 619698621
1 1107898463
1 254119112
1 2374395735
1 303553192
1 2796246398
1 2881157808
1 2093087886
1 4287725720
1 437516747
1 2760038664
2
1 1289113813
1 3605734155
1 3428720512
1 3029970127
1 3237172132
1 108942916
3
1 4023871299
1 3653516494
1 1221927224
1 999292282
2
1 3938982133
1 304608668
1 3200058549
1 165686747
1 2739691421
1 3016647907
1 3723668186
1 1975307402
1 3591382680
1 1544149431
1 3319553052
1 2022117079
1 3414398733
1 1959517750
1 3460747940
1 2143179882
1 3621244689
1 2582221832
1 2640151505
1 270252896
1 3772245743
1 2207986385
1 3194238471
1 2473187005
1 3996004277
1 2734464768
1 3164675927
1 3158271043
1 369111588
1 3725621305
1 3909805483
1 4171513276
1 2779599128
1 1398607043
1 847025697
1 1836642508
1 1703163368
1 1164424269
1 1207836524
1 48610066
1 2971125010
1 2487022658
1 3398153843
1 3915415303
1 30829426
1 1937569321
1 1272016314
1 1176869064
1 1281676950
1 2777402083
1 4057197770
1 3472687955
1 3692273847
1 3580799808
1 2441485673
1 599539527
1 258385799
1 3763357168
1 2798454521
1 3177462747
1 2491150825
1 997088490
1 1899905845
1 1942759534
1 505074607
1 668780149
1 205169831
1 3846179685
1 1347357470
1 1820783468
1 1363332026
1 2748700191
1 4154270600
1 402645271
1 3003242528
1 2420050923
1 1877972797
1 3166301999
1 923709838
1 3893835671
1 4020722217
1 1988920916
1 3457175066
2
1 1522453042
1 833117959
1 4134992296
1 1175526162
1 2748544932
2
1 2603054253
1 4136741616
1 445771000
1 2475861240
1 3544203387
1 2212272403
1 2462491253
1 2185864119
1 3165743022
1 3320201991
1 1764712102
1 1859727202
1 1663982109
1 3889999476
1 676065078
1 1771928207
1 2932622958
1 92389925
1 338656702
1 4057472192
1 837325233
1 4276010980
1 4288281902
1 1536426910
1 1808031042
1 2595411995
1 168729775
1 3272676708
1 1936837643
1 3397779865
1 70123136
1 902135975
1 1124549187
1 548149149
1 4089301979
1 2884285158
1 3772973364
1 2263897240
1 2745280829
1 2024146548
1 2761249008
1 2830102156
1 2723914223
1 3229823821
1 2582157015
1 1172416511
1 2181429274
2
1 619532951
1 3335745615
1 1022048884
2
1 3534715606
1 3442144446
1 2662554992
1 757512511
2
1 177842893
3
1 531301533
1 1244709004
1 1602651499
1 986917393
1 596976386
1 3231684522
1 1470151155
1 2680625701
2
1 1215542441
1 60446043
1 433630920
1 3214410590
1 920919901
1 1443211353
1 2901488872
1 725842491
1 2139565141
1 2877903288
1 3784922155
1 2720387795
1 590661679
1 1688765465
1 1727579913
1 585486254
1 3457348060
1 3426998058
1 87926794
1 2294017389
1 3907187032
2
1 1996946178
1 2474265526
1 3421081999
1 1093883699
1 3518417533
1 1260450070
1 1190821120
1 792675462
2
1 1657910640
1 3341890917
1 948415183
1 1928398218
1 733138420
1 2392844722
1 2589263619
1 3720836180
1 1653291230
1 1304781866
1 993387687
1 193731041
1 107630230
1 1709927742
1 1864264839
1 3995307329
1 2818294640
1 2084227145
1 2502636936
1 2129567400
1 2617008084
1 2800092149
1 2482248267
1 720373040
1 3753074299
1 3544325637
1 3527521224
1 4284741312
1 2639028714
1 2091512824
1 257637625
1 1350989956
1 2765899792
3
1 3831746848
1 209033976
1 124181578
1 945339562
1 265273544
1 4186553368
1 2133117103
1 853832740
1 330149314
1 673699712
1 1595250199
1 3045705196
2
1 1515318363
1 724976627
1 3439350406
1 3205691523
1 2336417944
1 3810157421
1 2000978859
1 1146584957
1 3496293226
2
1 1040244761
1 709745204
1 2630653467
1 1403387380
1 3630231721
1 2354342676
1 2375133811
1 541796805
1 4030193989
1 664035182
1 1798146447
1 1541438977
1 335093971
1 2814153754
1 3775126004
1 3755215973
1 2632100253
1 2908555144
1 729746591
1 3795141486
1 2018458658
1 460791561
2
1 3446520022
1 194904794
1 324920323
1 4129439468
1 3254547970
1 2640159071
1 10075450
3
1 809218186
1 3454357285
1 441823304
1 2418837916
1 3048100694
1 2814289133
1 3841010104
1 3476109617
1 3221897210
1 2004617756
1 3344885497
1 2875775530
1 2094376626
1 3605783479
1 3556171662
1 3285776506
1 858164970
1 1539169867
1 1008749256
1 4122421028
1 263524657
1 3016488615
1 1474916206
1 403969429
1 1895814405
1 114750538
1 3867417877
1 1359476938
1 3134938595
1 1290660978
1 369459282
1 4084275675
1 2268182395
1 2495369425
1 1771998464
1 1157642972
1 270663046
1 2339596861
1 2875227942
1 2340461196
1 3242398293
1 4279904117
1 1534678354
1 3978616020
1 3129390202
1 3652925255
1 701857341
1 1692136476
1 853758137
1 2147509086
1 3148624402
1 1206647650
1 1203805081
1 1942208330
1 1352550189
1 338508175
1 3531654156
1 275601044
1 3323621852
1 2875261775
1 3266082001
1 1480785307
1 2069165454
1 4037221766
1 89493741
1 2330274623
1 3935276398
1 4121852703
1 4132706239
1 2956824867
1 1674186964
1 1284471970
1 3102435956
1 2218286679
1 1844008459
1 672664309
1 2792323823
1 1332776183
1 44615898
1 1497570852
1 241391856
1 2097823825
1 2031377341
1 1743236358
1 498130899
1 3850719405
2
1 994872206
1 2465509243
1 2212151999
1 454085423
1 3630609794
1 1864260178
1 2088193375
1 732879416
1 4150464311
1 1525741363
1 3851635429
1 1218654024
1 583276102
1 3198600898
1 1281666989
1 3666585424
1 3481764490
1 358548156
1 3773080947
1 1702900440
1 2613332699
1 2356977919
1 400385484
1 2069090258
1 419391042
1 424274641
1 891299336
1 1112484569
2
1 3759870489
1 2476793664
1 3742203115
1 3882796606
1 2601605825
1 1170572011
1 3541434279
1 1432419544
1 3133280431
1 765062497
1 4185288172
1 1637046405
1 4150003453
1 3039994131
1 2576905442
1 1891014536
1 1245059068
1 3636728816
1 2896453273
2
1 4015060425
1 154123813
1 33897018
1 66210368
1 427482056
1 3955328361
1 1074768996
1 456471715
1 1669897456
1 3509049608
1 1421180237
1 1313849013
1 1000347652
2
1 3965319407
1 1933018375
1 3367501974
1 475722584
1 4038044236
1 2931346005
1 189829935
1 83682382
2
1 703066513
1 4000635773
1 956789115
1 4253848333
1 1307822581
1 3138934181
1 197645424
1 2871703012
1 340000501
1 2092418472
1 1545879410
1 1962108478
1 631277348
2
1 2314622227
1 4005133937
1 2398514986
1 3752076855
1 2337554233
1 1023789170
1 4093024223
1 87579119
1 505260277
1 3515524798
1 3776574885
1 2564337333
1 101673261
1 2724446503
1 640933991
1 884903895
1 3769888140
1 4246814916
1 2030534428
1 1913262631
1 3383433969
1 275875033
1 2298072768
1 665934757
1 3668093900
1 3543516001
1 2560461384
1 3640022766
2
1 1351428703
1 894534048
1 1523980990
1 1879465297
1 1814340681
1 1164870951
1 460223578
1 2123219558
1 2560997351
1 1928603417
1 139125568
1 1704333626
1 3463945645
1 229632664
1 3015429904
1 3696404469
1 3044206905
1 2890275102
1 3841260557
1 2788747748
1 1091461121
1 980004028
1 3184352869
1 4073765463
1 4071835958
1 1977004967
1 913640957
1 53157214
1 812657247
1 2829619036
1 1947450054
1 1805623093
1 1644237576
1 802173715
1 1898999608
1 1409600672
1 2394752768
1 256826291
1 3547620765
1 3855961672
1 2711288300
2
1 3922061130
1 2162523337
1 3393443409
1 3661172671
1 2483187368
1 2497311095
1 399777254
1 2483779903
1 57760971
1 2474253667
1 2609539621
1 1804801364
1 1188779316
1 1184773596
1 1080850721
1 2091412986
1 950003125
1 3226950499
1 636836102
1 2506117398
1 1366439525
1 3746666040
2
1 173059618
1 2533208902
1 3770094984
1 2203599314
1 2724463805
1 1438796137
1 1155109152
1 215651442
1 1497010074
1 4272618564
1 3064684335
1 928323452
1 4071491995
1 2068848136
1 61734082
1 2411464812
1 1343326778
1 1857672371
1 1617187352
1 66251869
1 1453385615
1 1426081284
1 4283668643
1 1596319273
1 382894622
1 1139598823
1 1408775609
1 3537307202
1 2242398193
1 2764238760
1 2659147123
1 1307116201
1 3511855090
1 135474652
1 3302120682
1 1996526251
1 4155478685
1 2744037633
1 2737240234
1 2454250529
1 3848595119
1 3072228513
1 4291796098
2
2
1 3110777006
1 3661505739
1 2912978933
1 375729994
1 2153178704
1 3716816894
1 3882709107
1 2327104215
1 3988435042
1 1535232232
1 1886373647
1 2610283781
1 2179498407
1 1667926704
1 953894636
1 211259105
1 2795951895
1 1541927805
1 144039170
1 4270964524
1 2864575685
1 1478845395
1 4248910345
1 2944766746
1 497164293
1 3677571037
1 2651399485
1 1492014427
1 4006572089
1 2097246595
1 2369275354
1 2006748239
1 3795635812
1 1323382354
1 1010458522
1 2988411048
1 4210114369
1 3328447438
1 3554697984
1 798394819
1 1150571758
1 4169374027
3
1 4167025259
1 3261690144
1 63606360
1 97077431
1 1423708741
1 3991374602
1 944223482
1 681094871
1 1586202410
1 1169571437
1 1864311548
1 402382540
1 4123231698
1 2778698368
1 1430001327
1 2377391281
1 281187641
1 3048211939
1 4158962407
1 2909116844
1 2992407478
1 3050118511
1 1597647126
1 82276053
1 264583964
1 2936607993
1 2350046370
1 2579354245
1 712986718
1 534056254
1 284600681
1 884185028
1 906283938
1 3570577988
1 2464265710
1 4010069133
1 2321245406
1 711551901
1 4052976716
2
1 2229458363
1 3818728435
1 2814053732
1 3291314941
1 2726528892
1 226422610
1 3156332834
1 1883952796
1 766174834
1 1333747293
1 2413713803
1 3826346534
1 3076799655
1 1445589224
1 1719786157
1 4004196280
1 3382644027
1 3518263351
1 1921383345
1 4160679100
1 1817398198
1 2597503045
1 939016424
1 3914640666
1 4234870654
1 2020026530
1 3780437640
1 512181544
1 642475821
1 4059964824
1 308392469
1 527611096
1 3718271182
1 516405111
1 4190463419
1 991552854
1 3001858396
1 1718446485
1 928125810
1 1702081889
1 4096533597
1 769952114
1 2215584391
1 3004376512
1 4253872556
1 3893160984
1 664386792
1 2689669401
1 3387168455
1 17879280
1 4000585256
1 2332079281
1 1070839169
1 2128041143
1 3920731601
1 452829356
1 1024737522
1 412677267
1 2497607925
1 1400687508
1 53812675
1 4031115467
1 3781446609
1 2997966647
2
1 3172775952
1 1717589526
1 22783885
1 2606541473
1 2477554820
1 3252656119
1 4172561567
1 1281562952
1 3191098169
1 2460257218
1 2937596072
1 1071990255
1 2826284033
1 566689385
1 2361201966
1 2603255015
1 542596369
1 321417321
1 2862972195
1 880881081
1 2389486885
1 3583421037
1 3160213059
1 651074800
1 1903692932
1 1824206673
1 1461209518
1 4079397352
1 3112505521
1 572745572
1 2689100820
1 1696319557
1 216357670
1 362981036
1 1015463054
1 1747349181
1 1237325501
1 1227993185
1 1087568289
1 962667836
1 1080798738
1 2640647550
1 1107944346
1 888205615
1 4232607638
1 270640823
1 1936226524
1 1045321406
1 1817702982
1 3154701356
1 1333207710
1 471298902
1 3615524903
1 1277006077
1 2795607304
1 1721262503
1 3330396844
1 3191535874
1 3930691583
1 1934409174
1 3846379135
1 2320855529
1 3344333321
1 3252716442
1 3231344065
1 120849851
1 447930264
1 420801520
1 1962913477
1 3038900973
1 1995837928
1 1689169433
1 3700876789
1 2896634562
1 668657707
1 1620937382
1 3144559182
2
1 1428234577
1 4017959418
1 2204323258
1 1902942503
1 2321365761
1 2380259275
1 3224322379
1 3313181066
1 77204425
1 596430442
1 3607437092
1 3755790819
1 2312660639
1 788818671
1 1461106012
1 611196429
1 2863503188
1 2460408883
1 1627764833
1 2136246314
1 2285514673
1 1880809145
1 2774167839
1 2726915832
2
1 2362181830
1 2763579837
1 4259183671
1 1118277220
1 376010042
1 2703527842
1 3773389888
1 1764986445
1 2475935677
1 3616251815
1 3053378339
1 1644447218
1 3886051202
1 2552237447
1 192713013
1 1850666995
1 571812299
2
1 828032498
1 2175946471
1 2896786875
1 3076653500
1 3143928397
1 1425081673
1 2503879778
1 433755752
1 1336778569
1 2672382088
1 344569112
1 725054717
1 993607515
1 2455605554
1 2018697630
1 2847390127
1 2458522148
1 3500630626
1 17581430
1 775889988
1 2324000401
1 989487052
1 2940804259
1 755360746
1 4100527591
3
2
1 1016758960
1 625247340
1 2193827640
1 3087551321
1 2684712720
1 959712991
1 3760452410
1 246696636
1 436957168
1 1650151297
1 2999237288
1 2215357632
1 2158373187
1 3387454228
1 237418611
1 3854617889
1 1303238012
3
1 522906968
1 1485902848
1 756052109
1 813153599
1 4014738608
1 2019777674
1 1636010723
1 2219538427
2
1 330079886
1 3782241008
1 45326616
1 3808912017
1 1797825150
1 2586078620
1 1718478664
1 1454948584
1 2183501484
1 3052646781
1 2672989657
1 2022159453
1 549593529
1 2057286941
1 3248841094
1 3481101544
1 728880102
1 3746068084
1 1892543259
1 1485718385
1 610026651
2
1 3500014807
1 2413684646
1 2424940465
1 897457250
1 1786517360
1 3384673634
1 363503432
1 3379293587
1 1828364469
1 2383685887
1 319233566
1 1063215261
1 3381411666
1 2576505768
1 983485444
1 511995972
1 4206823340
1 550255520
1 2775789189
1 3768099546
1 2725088163
1 2008974351
1 4269157106
1 4049176783
1 3365097989
1 3860979020
1 667305450
1 3556517453
1 3517262368
1 1073211723
1 3582011329
1 769801970
1 1772889245
1 1948536483
1 766500368
1 2167375102
1 2290242642
1 4228080816
1 1500644486
2
1 1011330860
1 726039579
1 2628958388
1 4187879359
1 492595901
1 4281386253
1 2648030986
1 1102357603
1 3294645563
1 4122289916
1 2935934893
1 4018868940
1 954812436
1 3141232754
1 3961211923
1 617046061
3
1 38375022
1 3008237254
1 3075546469
1 1966358970
1 3995313662
1 1383591475
1 219629061
1 312193648
1 1857186693
1 2222980810
1 1154996363
1 3746312721
1 3067033688
1 3077763458
1 950687569
1 857332181
1 4063238430
1 1099643013
2
1 2784907307
1 2391635882
1 4016517024
1 1000559058
1 3166891471
1 559888628
1 3148228999
1 2252561803
1 3623896578
1 3368867560
1 3534821906
1 2981691342
1 4051301146
1 764406728
1 34411111
1 375819411
1 4206884932
1 3813444017
1 1719456991
1 1742485131
1 1265865595
1 2994181225
2
1 620246383
1 3421808626
1 2138978238
1 1857340428
1 2668465696
1 2243149760
1 363188855
1 1112037761
1 1266317156
1 3525960983
1 3999696933
1 3205251739
1 3662825429
1 2234150811
1 1222444154
1 169281414
1 2221892479
1 2894217908
1 1101688296
1 44432237
1 1686574742
1 1518398086
1 4169650196
1 1869059937
1 587641186
1 2447609681
2
1 3866526834
1 2019244820
1 249760120
1 2310057091
1 2083717223
1 3452020824
1 4278796312
1 3580840659
1 3124583427
1 3922066998
1 3606762185
2
1 173511137
1 3371062359
1 2893993597
2
1 1058176470
1 1897000042
1 2659582662
1 3618546104
1 302212856
1 3171564460
1 3190879524
1 1683108327
1 2374936248
1 4202517960
1 3487762252
1 2961455935
1 1085264403
1 3531521367
1 2748455824
1 3776292527
1 3150004136
1 2131148969
1 3762043057
1 803236850
1 593416007
1 196334277
1 1365845054
1 3802555593
1 2374699009
1 4152155835
1 756481567
1 199984345
1 1728091602
1 898895470
1 713181840
1 917256813
1 3815835988
1 1083757275
1 1210052631
1 2272381196
1 2925138736
1 327224884
1 3824827254
1 3188127372
1 45820556
1 3518409223
1 32616859
1 1959401564
1 3950639975
1 4096720091
1 1314317200
1 1595544356
1 3527850557
1 2505879886
1 3135686686
1 803711271
1 3282126878
1 1687071487
1 1714273029
1 3611825569
1 1054985611
1 537863687
1 539736004
1 1792401924
1 1591104220
1 3512679032
1 2856207204
2
1 4279600439
1 601430987
1 3468285187
1 328804139
2
1 152830519
1 412721555
1 641980965
1 2757141811
1 926900960
1 74440382
1 4270396373
1 3253799989
1 1680049857
1 4247917987
1 3247983618
1 2595676120
1 855870846
1 1824073894
1 2809125147
1 948015778
1 1991127194
2
1 3058844347
1 2669077632
1 1759443274
1 2675225301
1 3002287365
1 2974128312
1 1714969846
1 2611044461
1 2235298308
1 2603271707
1 1685692565
1 3139941481
2
1 2286306748
1 2468826696
1 2469163687
1 3251500456
1 2840521328
1 1721823861
1 4272862466
1 1606160978
1 3020000367
1 3790599341
1 2278811884
1 1926813034
1 2461621394
1 4009859162
1 1436329946
1 3438285826
1 2494932903
1 1465842797
1 567642846
1 1642400350
1 1432033382
1 1220783191
1 1350668007
1 1010955414
1 586087895
1 2952911334
1 2709941380
1 2994218014
1 2276923495
1 2971905676
1 1918189178
1 3210624917
1 1981010493
1 2877617768
1 2300356742
1 2020317783
1 3759545046
1 68743263
1 3369860098
1 1252325454
1 4083696885
1 1422929927
1 3835785909
1 3031336373
1 3594539904
1 830041661
1 1637140735
1 1736491307
1 2976285048
1 1889720630
1 478898770
1 1899299062
1 4208571464
2
1 1137433177
1 428579356
1 2871341677
1 2469556814
1 1796680363
1 3934645409
1 2819890159
1 3570575332
1 781451313
1 744548497
1 767404158
1 877709856
1 1960717037
1 1581103687
1 1048659297
1 2885669099
1 2348351568
1 1011046617
1 213225313
1 616060945
1 612151378
1 3244296026
2
1 1987809107
1 730654891
3
1 2626036572
1 2746428692
1 2083602341
1 2348230481
1 167925466
1 2917003283
1 3838900391
1 1659097426
1 1888157710
1 487692617
1 1842317845
1 1503724448
1 4247541351
1 2700817352
1 1405407501
1 1653050483
1 2384371761
1 2500350023
1 1532530855
1 154350574
1 1315329783
1 198741511
1 1366359927
1 217219972
3
1 3459187834
1 717367407
1 3754826367
1 2644930242
1 2743950308
1 3439374872
1 1813760225
1 3311679734
1 3580709336
1 2589920496
1 1737344493
1 4221622598
1 1536654185
1 3956743036
1 3520605929
1 2951915477
1 3103984387
1 3887545276
1 3597705891
1 3966016771
1 3589391789
1 978131045
1 2528434409
1 2108632711
1 2409447923
1 211081768
1 1401356097
1 1696426188
1 2296006064
1 1221917249
1 4080933631
1 1411380371
2
1 3534351794
1 269651115
1 2623004706
1 1815841657
1 2861170496
1 2107754353
1 713628098
1 827512372
1 1530715010
1 2713107940
1 2000879549
1 1491037785
1 2096984217
1 2539408777
1 491777348
1 3480816843
1 2074678614
1 1841044454
1 1499419909
1 2004856332
1 4162928766
1 2700415517
1 3355130419
1 395331750
1 3901928286
1 2876890706
1 2500860361
1 489479539
1 4083300303
1 1448107971
1 1744902924
1 1014564566
2
1 2600842293
1 3432202429
1 1433391400
2
1 2995538731
3
1 3943061011
1 3102381009
1 3679431109
1 94639291
1 3115477909
1 2432983651
1 3993654990
1 3180518591
1 755688571
1 462872089
1 2171984424
1 2585771917
1 394909107
1 1546492403
1 1638609911
1 1968093515
1 1247009207
1 430482310
1 550356859
1 1075408961
1 2844870571
1 4092524621
1 1962123195
1 2451297321
1 3227354841
1 1270233737
1 2236343673
1 3671983714
1 3547512685
1 1885342359
1 4229666288
1 89630855
1 1992990544
1 1240925756
1 2864478287
2
1 1883885653
1 2001944740
1 3543554137
1 502977398
1 1353233926
1 473719720
1 2487426085
1 2669122044
1 432043924
1 4265851343
1 1041931305
1 757310230
1 2985794423
1 2650871508
1 649949749
1 3423438431
1 2765445045
1 1011655902
1 1880543408
1 772845464
1 1964625696
1 1704612848
1 2811858111
1 1607925807
3
1 1999140157
1 2512029220
1 3849535271
1 509333020
1 1948123300
1 1191858652
1 1037845170
1 526338773
1 1818215989
1 300347266
1 1420975741
1 1867088465
1 2297520053
2
1 3513868205
1 1375035670
1 3889753189
1 1772449503
1 88830507
1 350039168
1 2330879681
1 3574773576
1 1210906342
1 1354890004
1 695413186
1 2079343664
1 1361866460
1 1544474314
1 2144501823
1 667142748
1 62926441
1 3669087161
1 2387928027
1 952668633
2
1 3663417340
1 3269155462
1 4119545271
1 2526715226
1 1387192324
1 3886091231
1 1811484317
1 3068485196
1 3561144989
1 482686121
1 2668736849
1 3588053516
1 4000755969
1 2641430300
1 664672228
1 2794944042
1 3487189724
1 609462423
2
1 2244240976
1 2026000940
1 1944212738
1 2229369650
1 748586656
1 1706319380
1 2833519329
1 3188915076
1 1923178817
1 2595408520
1 2558574215
1 2736501069
1 3852494784
1 1508555992
1 4141705367
1 906583901
1 3087297599
1 1501613316
1 871365509
1 3605516625
1 2843465023
1 2811426338
1 1882509779
1 1820167954
1 1489230691
1 2210221078
1 41014584
1 2064384668
1 178241158
1 1054120806
1 406810433
1 2693408574
1 2204196188
1 1543543662
3
1 2700581546
1 1125214985
1 3360308179
1 3668589084
1 1554470251
1 3121923498
1 2365003794
1 3763273309
1 3272896123
1 2153602734
1 493926385
1 976545278
1 1916227175
1 2323184380
1 3137430725
1 1036124575
1 1071078920
1 311474449
1 2064065492
2
1 3389348734
1 3958507525
1 2771595775
1 782541656
1 4278063228
1 320852014
1 3134828554
1 2061413656
1 3229280779
1 2412558112
1 3838687133
1 1922460138
1 1589704241
1 2627301699
1 3269826823
1 2286494399
1 410309298
1 120385716
1 3559789963
1 2988856612
1 2361211956
1 300893636
1 976428602
1 3973639502
1 3471974828
1 1770639060
1 1113181314
3
1 4241094590
1 1726733639
1 2552810388
1 3960092594
1 1541158764
1 287579987
1 2063887550
1 1807178715
1 3959595800
1 3844085206
1 3868197013
1 1748915169
2
1 415740972
1 3987625953
1 1417764689
1 3541633628
1 1497040821
2
1 845769192
1 1535463625
1 1334553793
1 391518655
1 1215979076
1 2516156675
1 2264512682
1 1378531980
1 3309045347
1 4025949173
1 1554775461
1 2219549792
1 1997972384
1 2456845440
1 3598927244
1 3492712703
1 1288715729
1 647642751
1 2741214337
1 2644148644
1 1513450741
1 1852385418
1 973100530
1 1337857091
1 2463336010
1 656962053
1 1282030358
1 771427499
1 535756503
1 2721398534
1 664339729
1 861392098
1 2165025872
1 1054000497
1 542541723
1 2275238030
1 3967671208
1 510428010
1 1215598609
1 1724895573
1 2496775123
2
1 3326910046
1 3012867882
1 2128441156
1 2355276827
1 715887628
1 4262054491
1 3526208088
1 705373217
1 1749087672
1 1724733639
1 4132724358
1 734471140
1 961457154
1 2795514047
1 3564304893
1 1966924041
1 2741632400
3
1 1786303119
2
1 2024689161
1 1758939492
1 1472184902
1 1289590225
2
1 2406822134
1 3556254503
1 603840371
1 3190403096
1 1547941568
1 3099448593
1 3387120694
2
1 1081098646
1 487935390
1 3411483332
1 3148081321
1 674101016
1 3457841211
1 205682482
1 2067075637
1 1102884218
1 2337344156
1 4113484464
1 3023916319
1 2457369517
1 3109020429
1 2950494830
1 1202230100
1 2463726014
2
1 3516811519
1 1768046692
1 1425844134
1 1864933799
1 538058447
1 3134618713
1 2103083187
1 3079381731
1 2841034360
1 1074520622
1 2330082809
1 2465644245
1 562168199
1 3486771003
3
1 1743212614
1 3583386715
1 3388583648
1 3155025406
1 1448760254
1 236685665
1 4291334714
1 3042875954
1 1926397155
1 1440585629
1 1067613055
1 3705698188
1 971515296
1 609537872
1 189849134
1 2280432467
1 1810418632
1 2300586810
1 2552558473
1 1784015280
1 2415589548
1 1758604482
1 1382226905
1 3681817041
1 489643899
1 3016628228
1 399675891
1 3344044432
1 1315775985
1 1640854389
1 3560529429
1 2471623014
1 2687530945
1 4018980402
1 728780611
1 2895522575
1 299156234
2
1 803660881
1 952161085
1 2857670144
1 823985534
1 60777288
1 2593431941
1 477460542
1 1398228144
1 1808470477
1 554947041
1 2800799332
1 3360234952
1 1539252980
1 2330384121
1 1246854818
1 3301358322
2
2
1 2576304261
1 1098389116
1 2361361110
1 1656763755
1 3435124017
1 2539710032
1 311003662
1 176582538
1 1036351670
3
1 3435779697
1 3318181795
1 3081471801
1 1900351936
1 2863100409
1 2499438391
1 2263059302
2
1 3892687671
1 2441691332
1 4263203464
1 1701017778
1 4253967140
1 3634082340
1 1426031502
1 1039101668
1 2338482866
1 447626731
1 340371932
1 1109097333
1 918815619
1 343448288
1 1614928252
1 4281820362
1 348443113
1 1846121724
1 455844908
1 1247466987
1 3901218685
1 1017100051
1 3513060789
1 2985163297
1 3420472758
1 1189689045
1 1619244590
1 434179211
1 366885659
2
1 2909950156
2
1 3758605837
1 424418942
1 1541476236
1 2334874489
1 555331914
2
3
1 3035380623
1 1157947635
1 1717232512
1 2025813517
1 878617700
1 2953272401
1 1944147926
1 2493841352
1 1329274847
1 3772285438
1 2079701141
2
1 2697192213
1 2273956231
1 3674463125
1 2399927400
1 3604640206
2
1 859707225
1 3284702403
1 2336509118
1 271080941
1 955417045
1 1493198107
1 30505873
1 1464163114
1 732024371
1 3948119735
1 1927647159
1 109126291
3
1 1893844730
1 390632720
2
2
2
1 2392139990
2
2
3
2
1 847562436
1 3036043840
2
1 3032216016
3
2
2
2
1 2597133513
2
2
2
3
3
1 66008352
1 2833315488
2
2
2
1 1978568350
1 3296381316
2
2
2
1 900423478
1 1790343318
1 387286972
2
1 2250438156
1 196744963
1 713881930
2
2
2
1 1820140140
2
2
2
2
2
1 1316976602
2
1 182601501
3
3
2
1 4141059643
2
2
3
3
1 2344362265
2
1 1964740344
3
2
1 3941226510
3
1 3615065342
1 3461443337
2
1 2379562612
1 878227932
1 1646782078
1 3797795229
3
2
1 1843537089
2
1 2000858351
2
2
1 1105374639
3
1 2982701185
1 1204451981
2
2
2
2
1 4205919296
1 2518453869
1 1819210690
1 3981747745
2
2
2
1 3956399982
2
3
2
1 691928944
2
1 45495295
2
2
1 1629672734
2
2
2
2
1 2033133107
2
1 396851807
1 1272141423
1 1979230367
2
3
1 3204878953
2
2
2
2
1 453829041
3
2
1 1268811104
1 1051583588
2
2
2
3
2
1 297690376
1 2108686905
2
2
2
1 4102685736
2
1 1702946310
1 150309031
1 2796299261
1 3539389720
1 272097006
1 4111357554
1 2713473727
1 4024508832
2
1 1826771777
1 1803531817
2
2
3
3
3
1 412106909
1 442945453
3
1 1967735458
2
2
2
3
2
2
1 876770646
1 43860482
3
1 3305187050
1 2671680463
1 2071544234
2
1 3507682252
1 2223768243
2
2
2
2
2
2
2
2
1 1525890589
2
2
2
2
2
2
2
1 1950347391
1 2466842292
1 1745871917
3
3
2
2
1 560268977
1 2454260799
1 1248312177
1 2203616972
1 4247509739
3
3
2
3
3
3
1 1443450956
2
1 1709134961
3
2
2
2
1 1251180756
1 732299301
2
1 2722874642
1 981189598
1 2647631325
3
1 172307276
1 3623322538
2
2
3
1 4084809480
3
3
1 3438998174
1 3955681197
1 3272349804
2
2
2
2
3
2
1 1018291710
3
2
1 1444990094
3
2
1 109782257
2
2
3
2
1 2797064431
1 1300239598
3
2
1 319650914
2
2
3
2
2
1 4258973901
1 3623089976
2
2
1 779793283
3
1 1412450488
1 3278114768
3
1 284518844
1 3635395004
1 883223736
2
1 34627260
3
1 1844596163
2
3
1 603635968
1 1938111301
2
2
2
2
3
2
1 3086414231
1 1708193336
2
2
2
1 1367492550
2
1 2497360195
3
1 709683670
1 1713644451
1 2189313779
1 3058142003
1 3288960533
1 1877662899
2
3
2
1 2105417543
3
1 418665232
1 1891268238
2
3
1 453688665
2
3
1 3296307463
3
1 293948258
1 3676372301
1 3532978713
2
3
2
2
1 237586167
1 2831579225
1 682776253
2
1 505260536
1 1809692989
1 274580820
2
1 3553041538
1 2293099258
3
2
3
1 132997619
2
3
2
2
2
2
1 1210668098
2
2
3
1 598465146
1 2557974370
2
3
1 1231868365
2
1 869090475
2
1 4009161556
3
2
3
3
1 560597735
3
2
2
1 2608790902
2
2
3
2
1 3096203589
1 2467155163
1 2324648130
2
2
3
1 26860254
2
2
2
2
1 2322444960
2
2
1 4002970506
2
1 3441411672
1 2201138126
2
1 1914522347
3
2
1 2712505979
1 2511419626
3
1 2808098076
2
2
2
1 2541977422
1 3676991477
2
1 2108630489
2
2
2
2
1 2861175530
3
1 748671531
1 1080734658
1 3433625623
1 1122145250
1 381052468
2
3
2
2
2
2
2
2
1 1233999189
2
1 3032238627
2
2
1 1165480685
1 3006215746
2
2
1 3848718231
1 386711290
3
2
2
1 3851170652
2
1 3049478836
2
2
2
3
2
2
1 1497741378
2
2
1 748679880
3
2
1 2872039823
1 3779034141
2
1 1562848508
1 575293137
1 4069269129
2
2
3
2
1 874534955
2
2
3
3
1 4139174503
1 3294571566
2
1 1780483747
2
2
2
1 87564505
2
1 248387007
1 1065589379
1 765398303
3
2
1 12816973
1 3643735124
2
2
2
1 2784626264
1 1396592014
2
1 3207385574
2
1 1000349842
3
3
1 668409721
1 4277455543
1 4211604147
1 1385202122
2
1 990884007
2
2
2
3
2
1 309166632
2
2
1 2511709053
3
2
1 888305805
1 3743823864
2
2
3
1 1153244906
2
1 768820452
1 2885332277
1 3297248583
3
2
1 2330384006
2
2
1 2442795817
1 2050687368
1 3611255417
2
2
3
3
1 2109644096
1 1975671795
3
2
1 3921326144
1 485404506
1 1210071149
2
2
1 2621666456
2
3
2
3
2
2
2
3
3
1 2930967566
2
1 3234782271
1 3469320333
2
1 2585411027
2
2
1 2299789500
3
3
2
1 2343975737
2
2
2
3
1 893480026
1 4281414800
2
1 1566244034
2
2
1 1540150703
1 333433340
1 2813251696
1 2268836488
3
1 2562921099
2
2
2
1 367633477
1 634270130
2
3
3
3
2
3
2
1 2303305108
1 2255143369
2
2
1 2953369732
1 157271481
1 1338211815
2
1 535421483
2
1 3260667199
2
1 4090736242
3
1 441439891
2
1 1696892697
1 304496783
1 2849325648
1 1596460032
2
1 1944137890
1 700812580
2
1 4012569455
1 2387876994
2
1 2662762348
2
3
2
1 2812222752
2
2
2
3
1 2521690079
1 290648887
2
1 1112899926
2
1 2970365507
1 1339662826
2
3
2
2
3
2
1 1444866750
3
3
1 1898645923
2
1 2284964343
2
1 3399848354
1 74977788
3
2
1 1383676158
2
1 2816859247
1 17796473
2
2
1 3003772186
2
2
2
2
3
1 1728907678
3
2
2
2
2
1 2011032754
1 657545966
1 1860043896
2
1 917844238
2
2
1 3841018682
2
1 244129369
1 758041362
1 1332971734
1 1269232462
1 1156386365
2
1 1892197420
1 1472035216
3
1 1462557028
2
2
3
2
2
1 4114581281
2
1 1826079159
2
1 3526058696
2
2
1 3996020390
1 850928439
1 544353133
3
2
2
3
3
3
2
2
3
1 2101880939
1 3894823461
1 350961554
1 2630570430
1 2625629232
1 617976157
1 204333995
1 3067598862
2
2
2
1 2257207320
3
3
2
1 2383349571
1 3216818798
3
1 1972867940
2
2
2
1 2172498336
2
1 1359024511
2
2
2
1 2123855350
1 3774366398
1 3687754835
3
2
3
2
2
1 1221776218
2
1 3732333564
2
1 4047902288
2
2
3
1 102745511
2
2
1 1151548391
2
1 3229060413
1 3918824658
2
2
1 157025302
1 69451770
2
3
1 2744924564
3
3
1 1108031291
1 4224142468
3
2
2
1 246454720
2
2
3
2
2
1 229568019
2
1 880862075
2
1 1969276870
1 3733186117
3
3
2
1 2970750168
1 381625825
2
3
2
3
2
1 2994250941
1 885733351
1 682502071
1 1960157449
2
2
1 661460290
1 1484939478
1 2421159771
1 938265978
2
1 3070490449
1 3318967642
1 89420956
3
1 3168598602
2
1 3448918774
1 665308664
2
1 368065702
1 229522821
3
2
3
1 2867180243
3
2
2
2
2
2
2
2
1 2501372633
1 1910247379
3
2
1 3649602807
1 770697557
2
1 2778738129
2
1 4221908258
1 1361677968
1 3206922129
1 1333667006
1 531320551
2
1 526546356
3
2
3
1 3564355314
1 753196173
1 1268895290
1 1436804388
3
2
2
3
3
1 298962833
3
1 2383708281
2
2
1 741424222
1 1593239352
1 3157593058
2
1 316754162
1 697979745
3
1 1172444919
2
2
2
2
2
1 645363001
1 4104933274
2
1 2684833440
1 608678872
1 1646258463
1 2149833922
1 370815674
2
2
3
1 2920918007
1 955316421
1 358142817
1 4253821308
1 1918804471
1 1139033779
1 128998437
1 1406577511
1 3795495314
2
1 1608438969
3
1 3760579244
3
2
2
2
2
1 3179961436
2
2
2
1 1768226119
1 4284845843
1 3752116035
2
3
2
2
1 1168043578
2
3
2
2
3
2
2
2
3
3
1 3471782291
2
2
2
1 3930703150
1 3473350164
2
1 2512780723
3
2
1 720055913
1 3133984882
3
3
1 1002887040
2
2
1 2702887610
2
1 2379070140
3
3
1 1328712607
1 338617289
3
1 2909149891
3
2
1 3049748795
1 553677759
2
2
2
2
2
2
2
1 580316665
2
1 1777215453
2
3
1 2994479176
2
1 842676812
3
2
2
3
3
1 3735890155
3
1 3696410701
2
1 24133220
2
2
3
1 119719534
3
1 1123695472
3
2
2
3
2
3
2
3
2
2
1 1323421584
3
1 3751742230
2
2
1 3619324116
1 1917207876
2
3
3
1 4145604351
2
2
2
2
2
2
1 2099612886
2
1 582126362
2
2
2
2
2
3
2
1 4204809541
1 2977392802
1 94538157
1 1095818603
2
3
2
3
2
3
1 3524534786
2
2
2
3
2
1 567450586
1 3223004680
2
2
2
1 1854139972
1 471112860
3
3
2
2
2
1 3142933812
1 3551215406
1 2684257615
1 1897964077
2
2
1 4231830472
1 1247800400
3
1 2660026005
2
1 870735282
1 2827638185
1 3225568556
1 2485088333
1 1313156225
1 1371717443
3
1 4111676738
1 4110171453
1 4243917986
2
1 2696173795
1 4068143119
2
2
1 2501478540
1 3476168927
1 3770455571
1 3492948648
2
2
1 527006262
1 1420204451
3
2
2
2
3
2
1 1670134219
1 1237378937
2
2
3
1 4186912607
3
1 599355742
1 2726823128
1 1328302094
1 4081362142
1 3763190335
2
2
3
2
2
2
1 877361720
2
2
2
2
1 2605523353
3
2
3
1 3425321592
2
2
1 1055699157
3
3
1 820438603
1 2599544687
2
2
1 3815763277
2
1 291355385
2
2
1 3761442943
1 3754183733
2
2
3
1 1984525906
3
1 1843152667
2
2
1 751998906
1 1454150654
1 602960467
2
2
3
1 3330372894
2
1 2854958122
2
1 1191646201
2
2
2
2
2
1 804171123
1 239169905
2
1 2769171507
2
2
2
1 2316249831
3
2
3
1 3346311529
2
3
2
2
2
1 1938021031
2
2
1 4152238105
1 1914627716
1 750924296
2
3
2
1 3415846673
1 1212087467
2
1 1719171386
3
3
1 3744799645
2
2
1 3313686646
1 4053283729
1 3498403337
1 3969230071
1 2410050728
1 34980355
2
2
1 3304553132
2
2
1 1286508180
2
2
2
3
1 2983639005
3
1 3187520046
1 2107124321
3
2
2
1 3013962844
1 1721836561
2
2
3
3
2
2
2
2
1 1469903074
2
2
1 583341885
2
2
1 445588340
2
2
1 2967627025
2
2
2
1 519951300
1 1075349331
3
2
1 1721738329
1 3036846004
1 946124067
2
2
3
2
3
1 1446269436
2
1 3658351256
2
2
2
1 307647767
1 600377040
2
2
3
1 76324391
2
3
2
1 929601418
1 3766832400
2
2
3
1 1191688333
3
2
3
3
2
3
2
1 268033874
1 4092766243
1 1901761457
3
1 1951370954
1 2361995692
1 2395559569
2
1 2794895956
1 1482627972
1 3683885545
3
1 1793567729
2
1 2400714599
3
3
2
2
1 2597322739
2
2
1 429585867
3
1 644945970
3
2
2
1 557020644
2
1 4224119071
1 2278231585
2
2
1 3547567817
1 3065091385
2
2
2
2
1 2187906564
2
1 3585374756
1 524630563
1 3295781356
2
1 3649231900
1 355463875
3
2
2
1 381683383
3
3
2
1 990844190
3
2
1 2202954022
2
3
2
2
2
1 946576948
2
2
1 1706159199
2
1 538726755
2
2
2
3
2
2
1 276256842
1 2567189155
1 3841783657
1 3008740756
2
3
1 2897235285
1 3774312127
1 2123397119
2
3
2
1 444844798
1 3106484701
2
1 1966919809
1 900358461
2
2
2
1 3791326307
3
1 3818341928
3
1 3728805606
2
2
2
2
1 3357256756
1 680593950
1 3838898311
3
2
2
1 3206716065
3
1 1646339626
1 3016553224
2
1 580585527
1 3364899129
1 981650302
3
3
1 3886290606
3
1 2161099279
2
2
2
2
3
2
2
1 3209542462
2
2
2
1 4056915778
1 557241792
2
1 2721395791
3
1 1597335893
2
2
2
1 889138698
2
2
3
2
2
2
1 1826519304
1 2702516487
1 4117055769
2
3
1 2790396707
1 2762545678
1 641249515
1 2823145404
2
1 1259009569
3
1 1535939963
3
1 1127150366
1 3329928763
2
2
3
2
3
1 612764342
1 363642174
2
1 318175714
2
1 3666066814
1 3696316616
2
1 592197986
3
2
2
3
1 502369744
1 2386169243
1 34675550
1 1074879920
3
3
1 2423844328
3
1 1223659547
3
2
2
2
3
2
2
2
1 3035957695
1 3558446067
2
3
1 4075882413
1 617643787
2
3
2
2
1 4097234249
1 3221520984
3
2
1 3138249133
1 4098572097
3
3
2
1 2845256108
3
1 934626930
2
1 1495645652
2
1 949204082
2
1 4084030418
1 608148312
3
1 1682723500
1 2877811915
2
2
1 1126971046
3
1 2869682753
2
2
1 1476975482
3
2
1 1733532500
2
2
2
1 3428873515
1 4151578476
2
2
1 3222703175
2
2
1 845000396
2
1 887397566
2
2
1 1717548435
1 3251137350
3
1 740510362
2
1 1098356958
1 185809325
2
2
1 1120422259
1 2666543131
2
1 4193948442
3
1 4051203190
1 3162062444
3
3
2
1 929547739
2
2
1 2158138984
1 1389390678
2
2
2
2
2
2
2
1 1403673430
1 876813413
2
3
2
2
2
1 2563934395
3
1 1243260835
2
2
2
1 486185372
1 2242426256
2
2
1 2299838740
2
1 3291782688
1 94871963
2
1 1128681077
1 3988166863
2
1 3707825872
2
3
3
2
1 2602582267
3
2
2
3
2
2
3
3
2
3
2
3
1 3407416501
3
3
1 2999705503
1 2817375825
1 329346379
1 1599748449
3
1 11181391
1 1634098823
1 3868580895
1 2373875813
2
2
1 84810479
3
2
3
2
2
2
2
1 201934682
2
2
2
1 2565459359
1 578387897
1 1941544500
1 3259631453
2
2
1 2186096480
2
1 382257816
3
1 4123427556
1 1866486960
2
1 169353892
1 2071735279
3
1 1489927692
2
1 737504301
3
2
3
1 3006450928
1 1593787913
1 569505990
1 2126957631
2
2
2
2
1 1980415656
3
1 2843903560
2
1 1199922699
1 1621327600
3
1 1139281756
2
3
1 3374666899
2
2
3
1 4054003007
2
2
2
2
1 4194263102
1 1443073966
2
1 695643956
2
1 813866647
2
1 1291536463
2
2
2
2
2
1 3266524005
2
1 319008219
2
2
2
1 1830391401
2
3
2
2
1 6893674
1 2393072146
1 1265753391
2
2
2
2
2
2
2
2
1 4229993634
1 1374984286
2
2
2
1 878184294
1 128845224
1 1548858673
1 2756740985
2
1 378187328
2
3
2
2
3
3
2
2
2
1 1477585520
2
2
1 1619967901
2
2
1 1564900230
1 4061903915
1 3438930794
2
2
2
3
2
1 2628491513
1 3718373750
3
2
1 1857033704
2
1 1861220105
1 2104433316
1 2458941684
2
2
2
3
2
2
1 3460059774
3
2
2
2
2
3
2
3
1 2349993555
1 2182785148
2
2
2
1 3903161648
3
2
1 437874101
1 1347445677
2
1 86106562
2
1 1010348337
2
2
3
1 2404593754
2
2
3
1 1314359197
3
2
2
2
2
2
1 1258869920
2
2
2
2
2
2
1 73669343
2
3
2
2
2
1 2613600639
1 4171698427
1 3522932856
3
2
1 4182361743
2
2
1 539823823
2
1 2428655191
2
1 4260984501
2
3
1 1236247564
3
2
1 2852825133
2
1 1122796142
1 4013502031
2
2
1 4000935637
1 2210263794
1 1540758845
2
1 1988227028
3
3
1 3745687080
2
1 788326544
2
2
1 1656599946
1 1462154808
2
2
2
1 3054061046
3
2
2
1 851889125
1 3147982325
2
2
2
3
2
1 4001556052
2
2
2
1 318105322
2
2
3
2
2
2
2
1 254518601
2
1 1346075565
2
2
1 3887409812
2
2
2
1 2702370367
1 4162124620
2
2
2
1 1916842205
1 2762556525
2
1 774270339
2
1 3375714649
1 1839558616
1 3391704152
3
2
2
3
2
2
2
1 2601479117
2
2
1 2146834027
2
1 3486244255
2
2
1 4288626770
2
1 2439400064
2
2
1 1313907880
2
1 4028031166
1 2000317076
3
1 3841441690
1 3010223338
1 2845775059
2
2
1 3019262315
2
1 1956118610
1 4027551478
2
2
2
1 2610121509
2
3
2
2
3
2
1 1732606683
2
3
2
1 1278508992
1 2863479839
3
2
1 56171274
2
1 2338354403
2
1 1362097981
1 3446541200
1 2368508833
1 1213650702
1 967189099
2
1 106386848
2
2
2
2
2
2
2
1 348502439
1 3030541175
3
1 3747471748
1 2508517486
2
2
1 1310043232
1 40879582
2
2
1 570116561
1 4287702874
1 2063429805
2
1 3829045128
2
2
2
2
3
2
2
1 2165013453
2
1 2868242955
3
3
2
1 871509592
3
2
3
2
2
2
2
1 3396003990
2
1 1992993200
2
2
1 3924219955
2
1 3727280184
2
2
2
2
1 2663013424
1 476539371
1 1555118118
1 3709272105
1 4118110306
2
1 392417500
2
1 824762526
2
2
2
1 769119515
2
2
1 3893839829
3
1 1702210152
3
2
3
1 2530386341
2
1 3768962726
2
1 795534772
1 2032638971
1 459285255
2
1 3608906410
2
2
1 3431126197
1 1225038108
1 1309884959
3
2
1 2535349003
2
2
1 2203877195
1 162520499
3
2
1 3685244716
2
2
2
3
2
2
2
1 2223119443
1 3973652926
1 3186653987
2
1 968147880
1 1708418569
1 594391323
2
2
2
1 1007736192
1 1347057403
2
2
1 3581089269
2
1 3437081597
1 1178086384
3
2
1 1007550781
2
1 4165279375
1 1918539420
2
1 1508037624
2
2
1 2452911170
1 2300701517
1 3109847824
2
1 1256633552
3
2
2
3
1 1237318794
2
2
2
2
1 2385460808
1 2472340185
1 1217819024
1 2764681041
1 2831699845
1 3198389276
3
3
2
1 1099960851
2
2
1 3094032375
1 151228394
1 2947424270
1 3985810713
2
2
2
2
2
2
2
2
2
2
2
2
1 3419918417
2
2
2
3
1 489699067
2
1 821342347
1 2187088580
2
2
1 2008541906
2
3
1 163726229
2
2
3
2
1 1875961622
3
1 509210778
1 3741398273
1 3050311360
1 2077943082
1 368947090
2
2
2
3
3
2
3
2
1 1895451239
2
2
2
2
2
3
3
1 1083506626
1 656353980
2
2
2
1 2850757911
1 1140662746
3
1 1730060024
3
2
2
2
1 3917911895
2
2
1 40502486
2
2
1 3079670992
3
1 949822136
3
2
1 3001688405
1 797104248
1 2012450097
1 2322008515
2
3
1 1141846847
2
1 684724650
2
3
1 2193799812
2
2
2
2
1 2158228135
1 2602239300
1 2354980666
1 1640051885
2
1 3408816584
3
3
1 1275585816
2
1 2425223057
2
1 2530960058
2
1 199725790
1 118700930
1 1301290826
1 3265477953
1 516750439
2
2
3
1 1799580180
2
3
2
3
2
1 3008682144
2
3
3
2
1 2945152410
3
1 313331762
2
2
3
2
3
2
3
1 2022153527
1 3383203117
3
1 3845447982
2
2
2
1 3602679286
1 2818261155
1 1877766953
1 1775965169
2
3
2
2
1 2312652278
3
2
2
2
2
1 4034418445
2
1 2744887392
3
2
1 1574638787
1 1965554277
1 3458727679
1 1923781101
3
1 3117868216
3
3
2
2
2
2
2
1 3879947275
1 3436121193
2
3
1 3399167735
2
1 748814181
1 3774378301
2
2
1 1340166737
1 415016333
1 395458369
1 3297772805
2
3
1 747381803
1 3377849928
2
2
2
1 3340670102
1 4006780538
2
1 1749204212
1 3077411800
2
2
1 264421176
3
2
2
3
2
3
2
2
1 345033229
2
2
1 1490508828
2
2
2
2
1 3768225044
3
1 198329940
2
1 173478592
2
1 2651494686
2
1 3847724272
3
2
2
3
2
3
2
2
2
1 1588210183
2
1 2255313007
3
2
3
3
2
1 3560946325
2
2
1 1451985089
2
2
1 510531866
1 4285305446
3
2
2
1 3536314038
3
1 3355670638
1 3992447946
2
2
2
2
1 854376492
1 4246617161
3
2
3
2
1 3772644950
1 3856585211
3
1 256154523
3
2
3
1 1542954237
2
2
1 2705996780
2
3
2
1 3755560297
2
1 3179357830
3
2
2
2
2
3
2
2
1 3058755477
1 2654135324
2
3
1 88598513
2
3
2
2
1 2004724084
2
1 597205293
2
1 3040300070
2
1 752673680
2
1 3112708658
2
1 358024957
2
1 1272258384
2
1 2924637120
2
3
1 2635419055
1 2870491755
3
1 361390026
2
2
1 2256710293
2
2
2
2
2
1 3742068767
1 583892537
3
1 2361363016
2
2
2
2
3
1 3223132476
2
1 756394125
2
2
2
3
1 3211312797
2
2
1 3144789783
2
3
2
3
1 318044070
2
3
1 2422596908
2
2
2
2
3
1 1547319006
3
1 424416065
1 2151027354
1 3548689143
1 847586234
3
2
2
2
1 2924908972
2
2
1 2676932519
2
3
3
1 1521072906
1 3770820051
2
2
2
2
2
1 2801815795
2
3
2
2
2
2
1 954963688
1 2677180410
2
2
2
1 2248302765
1 3307332459
2
2
2
2
1 3236098529
2
3
2
2
1 2082159795
1 3308322226
1 1752252548
2
1 3327663587
1 1556024117
2
1 3844863927
1 1621862492
2
2
2
1 1879647973
1 2475315414
2
2
3
2
2
1 455578428
1 1055025324
2
1 3323784170
1 1844371211
1 227742954
1 2454821121
1 1906793478
1 4180377464
1 4039091020
2
3
2
1 1014093088
1 1328483525
2
1 3680748967
1 2866925569
2
2
1 3258704086
2
2
3
2
2
2
3
3
3
2
1 2660634367
1 914773316
1 718775851
3
2
2
1 1688563352
2
2
2
2
1 3472383990
3
1 4101461821
1 964818
2
2
2
3
1 2524545256
1 2726482672
2
2
2
2
3
1 3494326658
1 4135028743
1 1145428814
2
2
1 27448975
2
2
3
2
2
3
1 1304864860
1 941252643
1 1172653916
2
1 2926542675
2
2
2
1 2402858030
2
2
2
2
2
1 2228863692
1 955964964
2
2
1 471825709
3
1 3466550684
2
1 3117806839
2
2
1 2333520644
1 643739118
2
1 539670397
1 606317039
1 3955923501
1 2001701893
2
3
2
2
3
1 4261378451
3
3
2
1 330007987
2
2
1 4199792110
1 3531590158
1 454435522
1 2205921760
2
1 3552591736
2
2
2
2
2
3
3
2
2
2
3
1 1368517636
2
1 2783007192
2
3
2
1 2327645616
2
1 3066037505
2
1 1276522385
2
2
2
1 4210876407
2
2
1 1630222622
2
2
1 233275434
2
1 1859426772
2
2
2
2
3
1 2208480902
1 3837536254
2
2
1 1004431198
1 3687887155
3
1 443976278
2
1 3795413929
1 2543615517
2
1 538313173
2
1 3616715564
1 2435015046
1 237776548
3
2
2
2
1 3245241967
2
2
2
2
2
1 303884515
1 2842742646
1 4124830734
2
2
1 1279187876
1 3607692233
1 3607307560
1 2070045224
1 4255005520
1 1733426862
1 2874983528
2
2
1 3061949290
1 2555243596
3
3
1 2247856258
2
2
2
1 585691299
1 697427320
3
2
3
2
2
1 2462328187
3
1 2148447889
3
3
2
1 2695986938
2
1 3061392898
1 3553045158
1 3833731874
1 1707947100
3
1 3926573742
2
1 1096509626
1 1296797155
2
1 1153298087
1 4259429136
1 3139113733
3
2
1 3850609238
2
2
2
2
2
1 2981346260
1 3435504171
2
2
2
1 2939983244
1 2892016443
2
2
1 2186990568
1 881374475
2
1 1462361937
1 2077627360
2
2
1 3714583798
2
1 1172634368
2
3
1 1134569657
2
1 93127166
1 801689847
2
2
2
1 3004237076
1 889713320
2
3
3
1 1002842455
1 3345955693
3
1 3340503903
2
2
2
1 172029837
1 3855939407
1 800798514
1 3788749761
1 1499336651
1 2035180936
1 3934783570
1 3567628635
1 1011053952
2
2
2
3
1 2666094002
2
2
1 2202523234
2
1 906726950
3
2
1 2824201438
1 2306495159
3
1 3782939873
1 1424905100
3
1 1679676025
3
1 1496529278
1 2554983259
1 1487407553
2
1 475422790
2
1 2031414903
1 453852057
3
2
1 1082435613
1 3589104184
2
2
1 1458987283
1 3174105064
2
3
1 3816692380
2
1 1916491645
1 3346263669
2
2
2
3
1 1930152838
1 4250136003
2
2
3
2
3
3
1 4243308893
3
1 3455117472
1 702376194
3
1 415180841
3
3
1 1824452318
2
2
1 4196706563
1 3237018614
2
1 4131973705
1 4089262562
2
2
1 828488592
1 4195813675
3
2
1 1892085135
2
3
1 570627361
1 1429848719
1 4098414490
1 1784616070
1 3404066233
1 4195962173
3
2
2
2
1 3943474720
2
3
1 3911346641
2
1 2365859317
1 1826682826
1 451167200
3
1 1420492036
2
1 2784269230
1 3314766139
1 368197623
1 809743326
3
2
2
2
2
1 2655462333
1 3671744013
3
1 1039063149
1 1733860286
1 1320745803
2
3
1 3276615493
2
3
2
2
1 2835874586
2
1 1805157539
3
1 2499847193
2
1 1084806561
1 113345279
2
1 2837022373
1 412915481
1 112241432
1 932797044
2
2
1 1790850744
2
2
1 1763419620
2
2
1 2444400224
2
2
2
3
2
1 1346397266
2
3
2
2
1 724764079
2
2
2
1 485655629
3
1 1238615129
2
1 2818958613
1 2021669444
1 1347824595
1 1046473649
3
2
1 3769019984
2
1 752884779
2
2
1 531793210
1 1140773516
3
2
3
3
1 2688125894
2
1 1765431588
2
2
2
2
2
1 1928317583
2
2
1 3598524665
2
1 1212207583
1 4073069099
1 1392943738
2
2
3
2
2
2
1 3547971228
2
1 177725710
1 3724751776
3
2
2
1 1946810103
1 1565823057
1 4290833137
1 343231431
2
1 1986031782
2
1 1485440909
3
2
2
3
3
2
3
1 3723194052
2
2
2
2
2
3
2
2
3
2
1 3175083342
2
3
2
2
2
2
1 3410180419
2
1 1461111854
2
1 2931163064
2
1 800396229
2
2
2
3
2
1 1325193485
2
3
1 1755014131
3
2
1 1833799986
2
1 1865967834
3
2
2
2
2
1 1632968826
1 870703782
1 1482838005
3
2
2
2
1 693468646
1 3075713022
1 1526684792
3
2
2
2
2
1 2984475269
1 3229693092
1 3942618964
1 1695989157
3
1 3735117916
2
2
1 1336478325
3
1 3845261066
2
1 3100010616
2
3
1 3854619734
2
3
3
2
3
2
1 1390452634
1 3246379261
2
3
2
1 1891132604
1 932439850
1 3136278569
2
2
3
2
2
3
2
1 3795580029
1 2911317506
3
1 3047784585
1 617783477
2
2
1 3085955368
2
3
1 317471489
3
2
1 3547689088
3
2
2
1 3492856702
2
2
2
2
2
2
1 2066742597
2
2
2
1 1520384000
1 3951941344
1 327486953
2
3
2
2
2
1 1077123944
2
1 3787338443
3
1 2829760289
3
3
2
1 2817314226
3
2
3
2
2
1 3630922431
2
1 3069419417
2
2
2
1 3479937320
1 4132967747
1 1828636136
2
1 3723639731
1 2080444830
1 105971450
1 4164193804
1 578517268
1 856486881
1 2482037886
2
1 1201325499
2
1 1142800400
1 796444100
2
2
3
2
2
1 3908363424
2
2
2
2
2
1 3698725815
2
3
1 13691277
2
1 1871267613
2
1 3982087318
2
2
1 2009796219
2
2
3
3
3
2
1 58773469
2
2
3
2
2
3
2
2
1 2753898599
2
1 1161354021
3
2
1 2833181863
1 1861516077
1 181918015
3
1 2170715395
2
1 3575070980
2
2
2
2
2
2
2
2
1 2092054383
2
1 1017436673
2
2
2
1 1582191649
3
2
2
1 1815223147
2
2
2
3
1 2118441731
2
2
1 4245033320
2
3
2
2
2
1 127187115
1 2690783596
1 3491213336
2
1 954651965
2
1 4250337893
2
2
1 3048983124
2
2
2
2
1 1377250574
1 608235744
1 1064036475
1 1387054627
1 996222376
1 4231338540
1 3223405645
1 2915464847
1 3568288460
3
1 2967046613
1 3586439307
1 2524708145
2
1 2061104812
2
3
2
1 3336229163
2
3
2
1 1261116224
1 4045502808
1 2708805368
1 3686197830
1 1236966450
1 3604529185
1 3740708340
1 161321986
2
2
2
1 1140946451
2
1 3756931417
1 622777181
2
1 1952084271
1 801119588
2
1 234740511
1 408369150
2
2
2
3
1 292006963
1 633014692
2
3
1 3679481040
1 524640998
2
2
2
2
2
2
1 532034416
1 3939934060
2
1 3144030457
2
1 3863655596
1 2589409387
1 3112657871
1 2167148405
1 1356503134
2
1 3204655541
3
2
1 2437201202
1 3182436719
3
1 3231314295
2
2
2
2
3
1 2322401122
2
1 1957391076
2
3
3
2
1 756864226
1 3061333004
2
2
2
1 1937711699
2
1 2257717584
3
1 2635747612
2
1 2600693215
2
3
3
2
2
2
2
2
3
2
2
2
2
1 2633966321
2
1 2961436973
1 821664172
1 2619706469
1 2390437751
2
1 3179023369
1 3366042028
2
1 2031756716
1 953671942
1 3683042703
2
1 3220935071
1 1982289442
2
2
3
1 836926273
2
2
2
1 1512411988
2
2
1 2921014174
2
1 713344444
3
1 1639769218
2
3
3
1 3528939743
2
1 1854195900
2
2
1 2305312301
2
1 2855978238
1 1742597132
2
2
2
1 3345321750
2
2
2
3
2
1 2176954877
1 3534344178
2
1 3375696403
1 15613256
1 3893464239
1 2397632285
1 1961744857
1 3255999
2
2
1 2287862213
1 960950997
2
3
2
2
1 3588459898
1 1359930623
2
1 1819460812
2
2
2
2
2
1 1099310432
2
2
2
3
2
3
1 51172470
2
1 696609971
2
1 990891816
3
1 2127790963
2
2
1 788484709
3
2
1 1764811485
2
3
1 986041050
1 1308457611
1 114541640
2
1 2258189997
1 797060831
1 3858009266
2
1 1209164311
1 720112713
2
1 589001281
1 1932276517
2
2
2
1 555884640
2
2
1 3086993485
2
2
1 1439949415
2
1 2757586985
3
3
2
1 506891203
2
1 1784940227
1 3383572837
2
2
1 1130248340
3
2
1 3476915959
1 3910443093
2
1 3671029087
2
3
2
1 974955329
2
2
3
2
2
1 1382812862
2
2
1 2452653520
1 2432727846
1 3517988785
1 4109935980
2
2
2
2
2
2
3
2
3
1 274620027
2
2
1 1662895510
2
1 963388115
1 3234755311
3
2
1 4243389437
1 2199605573
2
2
1 1997586295
2
1 1172855354
1 218721075
2
2
1 410395122
2
2
1 4076498140
1 1185026988
2
2
2
3
1 1438085985
2
3
1 1134135861
1 3478127658
2
3
3
1 976802622
3
2
1 3933064117
2
1 1521940057
1 3194710532
1 3945526333
1 3240374076
2
3
1 1619169418
1 4288710871
2
2
1 1334882157
1 1641797055
2
3
3
2
1 3871587934
2
2
1 2128464334
2
1 2359620702
1 3664569830
1 911391582
3
3
2
2
1 1737438790
3
1 4282065590
2
2
1 3735987295
2
1 39580221
2
2
3
2
2
2
1 983066027
1 3773555375
2
3
1 3375506951
2
2
1 524347181
2
2
3
1 3072527717
3
1 2690598366
1 224766285
1 1906019275
1 163535717
1 902371250
2
2
1 1618195080
3
1 815122579
3
1 1237787157
1 1250002160
1 2764865866
1 2870513878
1 2604162815
1 2207814765
2
2
2
2
1 2829061871
1 1155137851
1 710309808
1 2350408467
3
2
3
2
3
1 2891274620
1 3405813961
1 2237712025
2
1 3691517367
1 2470129700
1 1741515615
3
1 3435200501
2
2
1 3900206783
2
2
2
2
2
2
1 571598452
1 3961669822
3
1 810244434
2
2
1 1459115721
2
1 2347039864
1 4140791312
2
2
2
2
1 373595425
1 285533539
1 3133739919
3
3
3
2
3
3
2
3
1 3823735659
2
2
1 4041710909
1 2897735549
2
1 656044180
1 3523707985
1 3204421881
3
1 4027945972
1 1716823333
3
2
2
2
2
1 3433118016
1 4092145152
1 356734458
2
2
1 3844490672
1 92030382
1 2555277653
2
1 3684240673
1 1530090722
2
3
1 2824682326
2
3
1 840788501
2
2
2
1 924914886
3
2
2
1 2569824664
1 3575885240
2
2
1 454476722
1 1098911692
2
2
2
1 444769371
3
3
2
3
1 2792344923
3
2
1 194520248
1 1102917827
1 1869822984
1 3192952840
1 1035371322
3
2
3
1 852290714
1 3388221901
2
2
1 3154690270
2
2
2
1 2134606815
3
1 848741668
1 3608522283
1 1171309928
1 3649608035
1 4175551323
1 2322965649
1 3996747744
1 2928726820
2
2
1 1335038453
2
2
3
2
1 2456840655
3
1 3007795052
1 3732366876
2
2
2
2
1 9871582
2
1 3134894334
1 2401369049
1 714937175
3
1 1687966878
1 1943308752
2
2
1 3907904570
2
1 3070745178
1 2553019178
1 4138983662
1 3408317210
1 2618431996
2
2
1 1926396346
1 3506649321
2
1 1980143391
1 942881738
1 3176007794
1 2795411214
1 2966707630
2
2
1 937821878
1 1546015610
1 3265354084
3
1 3733572756
2
2
3
3
1 1342797834
2
2
1 1269924140
2
1 3927575289
1 2250898093
2
1 2428999631
2
1 639214626
2
1 3611116956
1 3021129092
1 354148574
2
2
1 1831257846
1 1109066635
1 3785998953
1 1478449454
1 960502782
2
1 4198314922
1 4261717554
2
1 3540447936
2
2
2
3
2
1 1224193683
1 2606068908
2
2
1 245154470
1 730796549
1 4146437701
1 1451893239
2
2
1 2931782718
1 1269120343
2
2
1 915864052
3
1 1109537052
1 3888137566
2
1 4165478489
1 3673441561
2
1 1898114306
2
1 2891826565
1 62298497
3
2
2
1 4154248711
1 3158291706
2
1 401806638
3
2
2
2
2
2
1 141045244
2
3
2
2
2
2
3
1 525911542
2
3
2
2
3
2
2
1 1339176897
3
3
3
2
2
2
2
2
2
3
2
2
1 2070640797
2
2
1 598263494
1 916362830
3
2
2
1 1080007808
2
1 1618635103
2
1 3057211979
3
2
2
2
3
2
1 95229627
1 2730299141
1 1304077444
2
1 511965682
1 789525839
2
1 1072842991
2
2
2
3
2
2
1 1108930159
3
1 3924180636
1 2549356130
1 1479220284
2
1 3389157749
3
1 4166297200
2
2
3
2
2
2
2
1 2930662105
1 1026672247
1 617321235
1 2197941123
1 3813663150
1 290812551
2
3
1 230537182
1 2734407562
1 441691358
2
1 2237242540
2
2
2
1 4062688816
2
1 3435294560
1 185784565
1 1109006393
3
1 555654482
1 3540943673
1 1578589044
2
3
2
1 1715452061
2
1 3860072236
2
2
2
2
1 2425972823
2
3
1 2977463373
3
3
1 4068124013
3
2
2
1 3261902945
2
1 2171770147
2
3
2
1 30670940
2
2
2
3
2
1 3582298870
3
3
2
2
2
2
1 3495176764
1 1275393285
1 989172993
2
1 150319186
1 3194988425
3
3
3
1 1179321933
3
2
2
3
1 3753304813
3
2
1 168165633
2
2
3
1 1829157944
1 549577919
1 2341466816
1 4079422277
2
1 125233378
2
1 1549780281
2
1 21247402
2
3
1 1308076205
3
2
3
2
2
1 2659087184
2
2
3
2
1 2916917448
2
2
2
1 3943681825
1 452598543
3
3
1 666222609
1 1643397810
3
2
1 4256181481
1 3421859695
1 2148994711
1 3356327995
1 3294824614
1 1439735076
3
2
2
1 113105572
1 2090921175
1 2295896768
3
1 3433103468
2
1 3137447070
1 2452578919
1 2755370499
1 2056126457
1 1432706662
2
2
2
1 1124231326
1 2031067754
2
1 1424480798
3
2
1 289285606
2
1 3312268867
2
1 3610623977
3
2
2
2
1 819563892
1 3223000606
1 2917361157
3
3
2
1 1282161414
2
1 2269162315
1 2897744424
1 2900534656
2
2
1 1860092931
2
1 4018761304
3
2
1 3701877002
1 35276768
3
2
2
1 2505220450
1 454761685
1 2117008682
3
1 2625845527
1 3210135702
2
2
3
2
2
1 2321224293
2
2
2
2
2
2
2
3
2
3
1 1529221462
2
2
3
2
2
2
3
2
2
2
1 1233552817
2
2
3
1 1922991993
2
2
2
1 541600285
1 2915232775
2
2
1 2413461058
1 1500132779
3
2
2
1 3175165232
3
1 3847799208
1 1320419670
1 1249568436
3
1 3883601649
1 2847949995
3
1 1633446353
2
3
1 897252704
2
2
1 4174153242
2
1 2776242705
2
1 781662236
3
3
1 4252111671
1 204261304
1 41446055
1 3655704382
1 3803964255
2
2
1 1898881680
2
2
3
2
1 1449643928
1 1330769006
3
2
3
2
1 665297032
1 3096667436
2
1 3410940891
1 1330362283
2
2
1 4257030442
1 238685054
2
2
2
2
2
2
2
1 625559827
3
1 3434638917
1 2109363121
1 1129031334
2
3
3
2
1 450312670
2
1 97913379
1 1116655140
2
2
3
2
3
2
1 3871936077
2
2
2
1 4123823159
2
2
3
2
2
2
2
2
1 1706542559
2
1 1577063055
3
3
1 2504863070
1 2075751913
3
1 3026233709
3
3
2
1 3749365456
2
1 2825761323
2
2
2
1 645645327
1 3598327760
1 1103193490
2
1 527672158
1 180430876
1 953941225
1 1837231507
2
2
1 3588595275
2
2
2
3
3
1 1315684065
2
2
2
2
2
1 3215626945
2
1 1056691297
2
1 1316505491
3
1 2743539011
2
1 3995321544
2
2
2
1 776495204
2
2
3
3
1 1473151079
1 1110296582
1 3055501319
2
2
1 616700779
1 1292386870
1 2358736937
2
1 719729196
2
1 2620144183
1 1503324305
1 1974714605
3
2
1 2602802430
1 3247436695
1 3016783806
1 630110771
2
2
2
1 1789502799
2
3
2
1 2215634656
1 1462400628
3
1 1211515330
2
2
1 1958134491
1 407614180
1 3892988335
1 3237065000
2
2
1 17327969
2
3
2
1 520170214
1 1214800470
2
1 4247871932
2
1 4020353763
3
1 3709915897
1 3176708690
2
2
2
2
1 2763426167
2
2
2
2
2
1 2579202787
3
2
1 2483950056
1 3049041333
1 1201696503
1 2907630900
1 2100538825
2
3
2
2
2
1 3404259736
2
2
1 2506848067
2
2
2
2
1 3190555894
2
1 455990746
1 1041937408
1 155222868
1 2975823372
2
1 1535224931
2
3
1 2079785010
1 3634514726
3
2
1 1699496435
1 1338087579
2
1 2832392354
3
2
1 3411426949
1 3862809597
1 1887611424
2
2
1 450457004
1 3373480315
2
2
2
1 647214882
2
3
2
3
3
3
2
1 617505049
2
2
2
1 689073579
1 113010128
2
3
1 384732795
1 4289350159
2
1 746782746
1 2183881584
3
1 1539659133
1 1815841507
1 2432732478
1 2387121583
1 459619544
1 1917016443
2
1 1446547312
1 24528678
2
2
1 840474169
2
2
1 600522866
3
2
3
3
2
1 2542734924
1 2898969847
2
1 3856991080
2
1 3261997192
1 3503828743
1 1355297944
1 1351246044
1 4222290243
1 3118655615
1 1122564406
2
2
1 231915199
2
2
1 49934848
1 1091940081
3
3
1 3171507998
2
2
1 1230865844
2
3
1 2639399966
2
1 2971907098
1 459125126
3
2
2
2
1 1659879866
2
1 2440864621
2
2
1 1724848957
2
3
1 2629443102
2
1 3125282477
3
2
2
1 1439602097
3
3
1 2356739650
1 830323624
1 3417720180
2
2
3
1 3662576918
1 2739094268
2
3
2
1 2757919271
1 2431287940
2
2
1 313709625
3
1 2383347614
2
3
1 370485031
3
3
2
2
1 3387616533
3
1 3205516495
3
1 218726279
1 1852527924
1 1945724130
3
1 84167423
2
2
2
2
1 3204745257
2
1 3505254520
2
2
2
3
2
1 1711462619
1 971776915
2
3
1 3412451022
2
2
2
2
1 1434731935
1 3416960296
2
2
1 2001216883
2
2
1 1148639814
1 1510596752
2
1 3954765954
3
2
3
2
1 2193553341
2
3
1 4173315675
3
1 3567709415
3
2
2
1 1051745595
3
1 2931032753
2
1 2380316870
3
2
1 3562236233
3
2
1 2104700645
2
1 2331726320
2
2
1 404740295
1 431398394
1 3234010303
2
1 3216260346
1 616431565
1 913769167
3
3
1 2693623155
1 872706333
1 1893594021
1 1274205362
1 1134755952
2
1 65903599
3
3
1 3149472533
1 429249972
3
1 1863094049
2
3
1 4205132630
2
1 3539131625
1 1385527797
2
2
3
3
1 3059040927
2
1 1631167369
1 2102567265
2
1 474343689
2
3
1 2862273802
1 1007469570
1 160383843
2
3
2
2
2
2
1 1092505596
1 3890736928
2
1 486598615
1 1780514147
3
1 754423344
3
1 2288322704
2
1 1478752464
2
2
2
3
2
2
2
2
1 3422068150
2
2
2
1 2325217272
2
2
1 830717495
2
3
2
3
2
2
1 1201558988
1 1652830185
1 1125938700
2
2
1 1319341355
1 4290488934
1 1362594425
2
2
2
2
1 1879530066
2
3
1 699109486
1 3991295769
1 1120213631
2
1 1350609986
3
2
2
2
1 2216266746
2
1 1048592057
2
1 425207916
2
3
2
2
2
2
1 3180799609
1 900734860
2
1 2770289086
2
1 3005632241
2
1 3263328372
3
2
1 3004345182
2
2
1 3001921511
3
2
2
2
2
1 1297080766
1 1905297384
1 1416255542
3
1 47468180
1 3170380220
2
2
2
3
2
1 1917183685
2
3
2
2
2
2
2
1 3426969990
1 4244058173
1 701914776
1 1712611417
2
1 950250043
2
2
2
1 1805299293
1 2476626238
2
2
1 121861712
2
1 4210450128
3
1 1626844782
2
1 1831538487
1 980756097
2
2
1 1947028383
3
1 1938056649
2
3
2
1 2054127773
3
1 3658713555
1 4145450097
2
1 2377896786
1 4085112842
3
1 273405638
1 1544462998
3
1 3023522898
2
1 1217439233
3
2
3
1 903467289
3
2
1 3955656249
3
2
2
1 1190714505
2
2
1 3926553528
1 2942034583
1 4017329265
2
2
3
2
1 1779445696
2
1 68508940
2
2
2
3
2
2
2
3
1 4145827392
1 2857537008
2
2
1 2692546863
1 3382006864
2
2
2
3
1 1970889191
3
2
1 2652802594
1 2778863184
3
2
2
1 3554630420
3
3
3
1 936708057
2
1 1093696257
1 1512968261
1 934014700
3
3
3
2
2
2
3
2
1 3554184366
1 3886946994
2
2
2
2
1 2222572491
3
2
2
2
1 809283616
2
1 3433388173
1 3102428659
2
2
2
2
2
2
1 2431793232
1 2394695795
1 3874645750
2
2
1 4013372935
2
1 4112431387
3
2
1 2018552709
2
2
2
2
1 755067603
2
1 748883836
1 402354354
2
1 3331810487
2
3
1 191203689
2
1 1655066440
2
2
1 1032325996
2
2
2
2
2
1 1745597059
1 379546373
1 2846827919
2
2
2
1 1344455057
1 2756813952
3
2
1 3331817883
2
1 272832168
3
1 2108921073
2
2
2
2
3
1 2445154143
1 1645085433
1 333776098
1 408099531
2
2
2
1 1932500947
2
3
3
1 607131821
2
2
1 1057472270
2
1 3267990709
2
1 169105533
2
2
3
2
1 2478191304
3
2
1 3805295914
2
1 3124754430
1 814190989
1 2208895889
1 599725439
1 1539895254
1 2346695195
1 2658473607
1 1032204538
1 3318859947
1 286728289
2
1 2248501842
1 1257369520
2
1 3599782947
1 3280698341
1 3930260905
1 836969195
2
3
1 2505935776
1 1125597993
3
2
2
2
3
2
1 3854092367
2
3
2
2
3
3
1 2891744394
2
1 1661120785
2
2
1 2881154345
1 833853301
2
2
2
2
2
1 2162370902
1 2771704242
2
1 2787940493
3
1 3762554753
2
2
1 3533109989
1 54292965
1 504010231
2
1 3542197026
2
2
3
1 4176122466
2
2
2
1 376596400
1 1583782472
2
2
1 3879376949
2
3
2
1 3021726101
2
1 3880583184
2
3
2
1 3472069849
2
1 1372913886
2
3
1 799613790
2
2
2
2
2
3
1 1813801430
2
2
1 767113899
2
1 1056038875
2
2
2
2
3
1 1707442678
1 3132454383
2
3
1 3184987118
1 3539136257
2
2
2
3
2
1 644969809
2
1 2008938463
3
1 2435428331
1 2313864944
1 87624768
2
1 52380114
1 2286230137
3
3
1 2647328054
2
3
2
1 3530903258
1 1676475358
2
2
1 311403754
3
3
3
1 398884787
1 3371859518
2
2
2
1 2633263225
2
2
2
2
1 1230983263
2
2
2
1 2412841130
2
1 2589124068
2
2
3
1 2690865532
1 3929938201
2
3
1 1736798107
1 268217474
2
1 3810938200
1 1870263146
2
2
2
2
2
1 1041191588
1 3507695762
1 4145350346
2
1 1849465031
2
1 778756347
2
2
1 1219041493
2
1 2895692375
2
2
1 334526597
3
1 420691046
2
3
2
1 2030802589
2
2
1 650018661
3
2
1 770643964
1 2808647862
1 2946436747
1 1698451044
2
2
2
1 1643204890
1 3469091780
2
2
3
2
2
1 1706705152
2
2
2
2
1 3507812769
2
1 3940526150
2
3
2
2
2
2
2
2
1 682276795
2
3
1 4183301064
1 2007472349
1 2996339122
1 1330437325
1 1887841260
1 2406970981
2
2
1 1159934809
2
2
1 1150963760
1 3152734686
1 661211673
1 4243387226
1 3997020207
2
2
3
3
3
2
1 2816149936
1 780816701
1 3013332868
2
2
2
1 3640408059
2
1 991277830
2
2
1 3054983032
2
2
2
1 3399517844
2
2
2
3
2
1 2891522791
1 2332579901
1 2595219479
2
1 3756393537
1 1433783263
1 388442811
1 1475719725
2
1 2047582563
1 4006565531
2
1 2672030070
3
1 1709776203
1 1224779828
2
1 1175128665
3
2
3
2
2
2
2
2
2
1 917091347
1 157624037
2
2
1 4071675288
3
1 2870251946
1 4100340650
1 3298356536
2
2
3
2
3
3
1 3600624102
1 2660518728
1 1604152422
2
3
1 2589996841
1 3261466640
1 763607071
3
2
2
1 3648820143
2
2
2
1 1634355014
2
2
3
3
2
1 3487766129
1 1234039084
2
2
1 1395400093
2
1 3171492253
1 2808006181
1 2387527206
1 2071866216
3
1 532519037
2
3
2
2
1 450827217
3
2
2
1 3932449453
3
1 4241818225
2
2
2
2
2
1 160121546
1 3746445870
1 3602399078
2
3
2
1 2393802151
2
3
1 1472487620
3
2
1 1895254243
2
1 2667146350
1 3478208759
1 479925155
3
1 2532158390
2
2
1 1382349413
1 1201651462
2
2
1 2268202042
3
1 2565755360
1 3258347379
1 2606111079
3
1 1453087272
1 1012328457
1 1813529308
1 121461674
2
1 627508688
1 121042647
1 673413755
2
2
1 2990948861
2
2
3
1 144443046
2
2
2
2
2
2
1 2223279414
1 830035941
2
2
2
1 2343967471
1 4251609905
1 3407645714
2
1 2306434604
1 3450094597
1 3323257547
2
3
1 2585706348
1 1132796982
1 1571311797
2
2
1 3098792916
2
1 4183943231
1 4275032568
1 2853846947
2
2
1 1383956067
3
3
2
1 2448633262
2
1 2975792886
2
1 1447813285
1 2593177776
2
2
2
1 1428270056
1 2092876632
1 658012400
1 426263585
2
1 2672068305
2
3
1 1770589886
1 2854789205
1 3535199644
1 150785583
2
2
1 2994985037
2
1 1599152116
3
1 3446272604
1 2090279987
3
1 948515756
1 1809764439
2
1 3085471402
2
2
1 4281220164
1 2655335486
2
2
3
2
1 4126051823
2
1 4237101197
1 1943534691
2
2
2
2
3
3
2
2
2
3
2
1 3802019242
1 2630248920
3
2
3
2
3
2
3
2
1 322034154
3
2
2
2
3
3
3
2
1 3266456881
1 4189347714
3
1 1335615913
2
1 3069256726
3
2
1 3269675351
1 3423617590
1 637781470
2
2
2
2
2
2
2
1 1512873425
1 1702020110
2
1 3503909143
2
2
3
3
1 2856873743
1 3134722280
3
1 2401978674
1 1151199064
2
3
3
3
1 3847999715
1 2454169874
1 3300763012
2
2
1 3213347651
2
3
3
1 942097442
1 37715801
1 846707693
1 2330557982
2
3
1 3184649373
2
1 314435270
2
1 2288562024
1 2291454901
1 1237623696
1 737731566
2
1 999911084
2
1 363903817
3
1 3019950743
1 1061579526
3
1 2459900286
2
2
1 1401448279
3
3
1 2905014255
1 419256509
1 805456648
3
1 3341852949
2
1 407702438
1 2629939631
1 3037809198
2
2
1 1503840242
1 2714825858
1 1436193948
2
1 2240885432
2
1 2385471867
3
3
3
1 1187605500
2
1 1167044979
2
2
2
3
2
2
2
2
2
1 4293616005
1 552622952
2
3
3
3
1 1933040682
2
3
3
1 3134646107
1 1961933778
2
1 2306073361
1 910471819
2
1 2262689255
1 2372824854
2
1 688977761
2
1 1221836606
3
1 2540802452
2
3
2
1 1618978784
1 3812179776
3
1 1922949810
2
2
1 3683013603
2
1 1218789853
3
2
2
2
2
2
1 1890845724
2
2
2
2
1 2334804975
2
2
3
1 482129760
2
2
2
1 3660703571
1 4227801135
2
2
1 2673926145
1 1952401729
3
3
1 159355
1 2574639413
1 1607894248
2
1 988673099
1 1850784186
3
2
1 2235674582
2
2
2
2
3
1 3499397823
1 1645966276
1 1228078778
1 1729882577
1 1443019618
1 748049689
1 3497305911
2
3
2
2
1 2223520379
1 1576665074
1 2040594211
2
2
2
1 2795384181
2
1 2233258832
1 1622900427
2
2
1 3357004647
2
2
2
2
1 4290137669
3
1 3630467869
2
2
1 1971041738
1 3408740871
2
1 3457724009
1 2204870849
1 1766146218
1 1455720875
3
2
1 1293312648
1 2971323331
2
1 4080820561
2
2
1 2126866821
3
2
1 3429506633
1 3335313733
1 607664096
1 23696958
2
2
3
2
1 638688355
2
2
2
2
3
1 3727343568
1 2114712865
1 512385690
1 2946138994
1 8978457
2
1 4035720467
2
2
2
2
1 4198324064
1 707670266
1 372740940
3
3
1 3113856520
3
1 3711546246
1 3062622049
2
1 4168119852
2
3
2
3
2
1 560642085
3
1 3670843019
2
1 1936955805
2
1 1930699823
1 3987510568
1 2276150783
2
1 2834072097
3
1 1827435806
2
2
1 2680821631
2
3
1 4162122640
2
2
1 2833532287
1 4104381684
2
2
1 2836614775
1 1627602200
1 980654021
1 3972634514
2
1 2665823912
2
3
2
2
2
2
1 1153613617
1 1532194732
2
1 1954185296
1 1253044260
1 3907773373
1 2108219336
1 650844923
2
1 257366945
1 3149535614
3
2
2
1 2755007896
1 800942249
1 1843811058
1 3605596812
1 437311991
3
2
3
1 366349944
1 2850442399
1 1224354684
1 3180780065
1 4285906099
3
1 1963233613
2
2
2
2
2
1 2531344666
1 4006217946
2
2
3
1 3412991321
1 772949554
2
2
1 73159523
3
1 2548660766
1 4085889844
1 2928721679
2
1 3086168356
2
2
2
2
1 1732612018
2
2
1 1341793091
2
1 1998802883
1 3933756799
2
1 1568460843
2
2
3
1 3191097980
1 2577821595
2
1 2857045456
1 419373675
3
1 2677142072
2
2
2
1 3217687814
2
1 3205474540
2
1 4044385053
2
2
1 1887252502
3
1 2366971003
2
2
1 881080506
1 235756733
2
1 1436370034
1 1103857130
1 3723719570
1 754779775
2
3
2
2
1 406221761
3
1 423750228
2
1 3958356496
2
2
2
1 998725793
2
1 3354747538
2
1 985849207
1 3451498407
3
3
1 3873375682
2
1 700308902
1 1015314783
1 3562818657
2
3
1 1298063699
1 209212555
3
2
1 3563203876
3
1 1076859419
2
1 887546520
3
2
2
2
1 3820919875
2
1 894848836
1 3354491077
2
1 2321888878
3
2
2
1 1457101293
3
1 2334709146
2
2
2
2
2
2
3
2
1 3265779119
2
1 3699669645
1 4132073519
1 2047828902
1 3319773561
2
3
2
2
3
1 29816055
2
1 2798521269
3
2
2
2
2
1 1376667237
2
3
2
1 1123634830
1 48986714
2
1 11886846
2
3
2
2
1 3788190429
1 1048628163
3
2
2
1 2921850998
1 3641069157
1 3066246000
3
2
2
1 3189526284
2
1 1016095474
1 2008159870
1 4251187623
2
1 3094596533
1 201046948
1 1580360341
1 4157247902
2
1 1681400045
2
2
2
1 1514981827
1 3628345374
2
2
2
3
2
2
2
3
3
2
1 3906444496
2
3
1 1801661454
2
2
1 3735066562
1 2566822398
3
3
2
3
2
2
1 307516174
2
2
1 974326893
1 2769793959
2
1 4088592392
2
3
1 3013832000
1 481664791
2
2
1 863782590
2
1 665704510
1 1878821978
1 3707476151
1 4105555199
2
1 1603347467
1 3144563518
2
3
1 2724035379
1 3071910951
1 3663434481
1 3156933766
2
2
2
2
1 4114534642
2
1 853876502
2
1 2647486462
2
1 2833437775
2
1 1396937496
2
2
1 2390330728
3
1 3588595874
2
2
1 930102347
1 3096459727
2
2
2
2
2
1 1780074765
2
2
1 2460469922
1 1124908860
1 4162681702
2
3
1 69156558
2
1 379571436
1 1254780360
2
1 1460360040
1 308485607
2
2
1 2871647376
2
1 1333136756
3
1 3715858890
3
1 1303801044
1 1702005037
3
1 2127730165
2
1 1906775877
1 1517725027
1 1579615579
2
1 2109148813
1 4005721813
2
2
2
1 2567159290
2
2
1 2562811759
2
2
2
2
2
3
1 84867700
2
1 3326614883
1 99713676
1 1371843577
2
2
3
2
2
2
2
3
2
2
1 433815235
2
2
3
3
1 4256766944
1 1536709677
2
1 3513035183
2
3
1 1533162310
1 2896101217
1 904573743
1 371554866
1 3927464220
1 3098998108
3
2
2
1 165531076
2
2
1 1442058757
3
2
3
2
2
2
2
1 645286773
1 1203453703
2
1 2753080460
1 1833615350
2
1 2869454375
2
3
1 831301607
2
1 1878445859
2
2
1 591215298
2
1 3813838016
2
1 4029961159
1 2394260019
2
2
1 3184825276
2
3
1 221939662
3
1 2508412863
2
2
3
1 43226208
1 3228207079
1 2259491487
2
3
2
2
3
1 691422488
1 3758797035
1 1945516341
3
3
3
1 1922895816
3
1 1888198764
2
1 198288308
1 39957441
3
2
1 920810392
2
1 3578255548
2
2
1 3604626884
1 4275799764
2
3
1 1929930891
2
1 3054907093
1 2998295123
3
3
1 3227963798
2
2
2
2
2
1 1563281496
1 450471647
1 2272809336
2
1 2170424571
2
1 779072618
2
2
1 3734603508
1 1279878941
1 746277376
3
2
2
2
2
1 387594555
1 196776646
2
3
1 1088075156
2
2
2
1 101583020
2
2
2
1 1981187417
1 1441441086
1 3183274455
2
3
1 2851325824
2
1 3058438865
2
2
2
3
2
2
1 4049327815
2
1 285036475
2
2
2
1 320484688
2
3
3
1 2224882014
1 590113503
2
1 3946999614
1 2239060788
1 4098118562
2
2
2
3
2
3
2
2
1 1840562146
2
1 82309216
2
2
1 3496032598
1 1670858179
3
1 753825027
1 4120709725
2
2
3
1 315341563
3
3
3
1 3249011180
2
3
3
1 504598833
1 105097342
1 1778863188
1 1789783919
1 289797854
3
1 3616537798
1 1509323408
3
1 1903931609
2
2
1 735620668
2
3
1 1138888935
1 1507130640
2
1 1332901557
1 2189546433
1 3594851539
1 1323438951
1 3134511228
3
1 468142467
1 271069425
3
2
1 2197928529
2
2
1 2656615421
3
1 3859507830
3
2
2
2
2
1 988584258
1 1699613293
2
1 3803612513
3
2
1 104728066
1 474578997
3
3
1 3779055618
2
1 188693948
1 2968240177
2
2
2
3
1 465477644
2
2
1 3351638538
2
2
2
1 3614697342
2
1 941427272
2
1 520201653
2
3
2
1 1459248957
3
1 632496423
2
1 1279881942
1 874943071
1 1685346846
3
2
1 1601032603
1 1531016412
1 160751008
3
1 632236697
1 1394417780
1 3386346133
2
1 3854936985
1 19506575
2
1 3248862647
2
1 3430996439
1 3728023989
2
2
2
1 3719603030
1 711716559
3
1 4181749948
2
1 220840391
2
2
1 2830074723
3
2
2
2
2
2
2
2
2
2
2
1 3890619780
2
2
1 2494705236
2
1 2289214760
2
2
1 3377796781
2
3
2
1 3142814366
1 1723879200
1 4290919829
2
2
1 2489120121
2
1 2926212064
1 1126762861
1 3962737787
3
1 1462122527
3
2
1 2203890669
2
1 3356055936
3
2
3
1 301830483
1 3330388762
2
2
3
2
1 684442135
1 1866944681
3
1 3749216904
2
2
1 2997955116
1 3086385210
2
1 498492361
2
2
2
2
2
3
2
3
1 1505406339
3
1 3366450542
1 2578545848
1 3123857679
1 2745931856
2
2
2
3
3
2
1 2623531482
1 3344001526
2
2
2
2
1 3240546602
2
2
1 2374601291
1 4288249723
2
1 3517979899
2
2
1 32118437
1 2034994751
2
1 2508611439
1 2232088615
1 2093511686
1 314298785
2
1 2930173803
2
3
3
1 1020416543
2
1 1281397767
3
2
1 2287722107
1 78431564
1 3518135985
2
2
2
2
2
1 496385689
1 3308200584
1 1661289382
1 2203267278
3
1 2384567302
2
3
2
2
2
1 1549330152
1 3165176620
3
2
2
1 4062159006
2
2
1 476736395
1 2595270806
2
2
2
3
1 1517900352
1 941639221
2
2
3
1 3617363718
1 4128513321
1 4198846876
2
2
2
1 467789934
2
2
2
2
1 2668649974
3
3
2
1 3965709637
1 2484231498
2
1 4050862653
1 4123596618
2
2
3
2
2
2
1 901416604
2
3
2
1 1848690138
3
2
1 3284033342
1 1205456204
1 2293421127
1 4175631790
1 1197496448
2
1 3912707794
2
1 2479593443
2
1 2210584179
1 3326936223
3
2
2
1 3561791763
1 2336514289
2
1 3007565961
2
1 2691214473
1 898547171
2
1 1085999202
1 2502332752
1 4029214708
1 947703265
3
2
1 785474108
3
1 967379694
1 2412060216
2
2
1 4133266927
1 593881555
2
1 2723413139
1 989671375
2
1 1977698433
1 182883052
3
1 2202053714
1 4254405916
1 3500236858
1 2252613711
1 1324772972
2
2
3
2
1 9926082
3
2
3
2
2
2
2
1 2952772482
2
2
1 86717603
3
2
1 249613028
2
3
2
1 1044195012
1 2136959271
3
2
2
2
1 1426938187
1 1987917651
1 2134651037
3
1 1057135815
3
3
2
2
3
1 3545609565
2
3
2
2
1 3366713614
1 2837778433
1 1036995728
3
1 2624895470
1 2568562015
1 2322807115
1 3817442618
2
1 1552593010
1 643901016
2
1 2982747822
2
2
1 114704272
2
2
2
1 2567163646
1 743074887
2
1 1413818612
1 740098258
2
2
1 293286929
2
1 746047281
1 2925278700
2
2
2
2
2
3
2
1 3663863882
2
2
1 3298616810
2
2
2
2
2
2
3
2
1 387916920
2
2
2
1 3907919085
2
2
2
2
3
3
2
2
3
2
1 1262773489
2
1 221729527
2
1 2492984564
2
2
2
1 191466793
1 2481678318
3
1 2052829761
1 3436413025
1 3597390772
1 1328087719
3
2
1 2191864113
2
2
3
1 51395649
2
1 142511891
2
1 154274450
2
2
3
1 3593042040
2
2
2
1 150034472
3
1 2652017677
3
3
2
3
2
3
2
2
2
2
1 1180428095
1 901192896
2
3
1 3977917347
1 3996573061
2
2
2
1 648421440
2
1 2397600087
3
1 2659560187
2
2
2
1 820428173
2
1 1248085109
2
1 1069188796
1 2945334632
2
1 3260510994
1 1475968163
2
2
1 285816684
3
1 3106438176
1 2214327859
2
2
2
1 3377755128
2
2
1 1364443191
1 799672284
2
2
2
2
2
2
3
1 327434246
2
1 3521465876
2
1 1097039419
2
2
2
1 3176124699
2
2
1 1630428440
2
1 4084796073
2
3
3
1 2879374083
1 1381355461
1 2580248908
1 3564592268
1 465476296
1 1582420788
2
1 397990265
1 2211588014
2
2
2
1 1894846861
1 86137233
2
2
2
1 1302960845
3
2
2
3
1 2095523032
2
2
2
1 4285044835
1 1214528702
2
1 2556277486
3
1 4281282897
3
2
1 4208655760
1 3134443853
2
2
2
1 3312304433
3
2
1 720309418
2
2
1 1628915556
2
3
2
2
2
3
3
2
3
2
1 3802518038
2
1 378082419
2
2
1 1692286773
3
2
2
1 3896455726
1 1533339979
3
2
2
1 2527970352
2
2
1 3952668782
2
2
1 1664245947
1 1525643549
1 1255236750
3
1 1720688123
1 3892243433
1 975740758
1 1526994835
1 2243136871
1 3889086245
2
1 355063892
3
1 4179886509
2
1 399118347
1 1848168643
1 3215834065
2
1 4199721910
3
2
1 3223416088
3
2
1 3239087349
2
1 4120684420
2
2
1 579412523
2
1 3458312253
1 2734602964
1 1083514388
3
3
1 3230542141
1 3432790910
3
2
3
1 2601382355
2
2
3
1 1557673985
3
1 3763303825
3
1 2624953553
2
2
2
2
1 1775145066
2
1 215677500
1 3810853933
1 4235679841
3
2
3
2
1 4147196413
1 2395774466
2
2
2
1 1750151061
2
2
3
1 766341203
1 2303683200
1 1911127665
2
1 2124176452
2
1 3455590915
1 1977583144
2
1 1344031207
2
2
1 1729711323
1 3626023345
1 4079720935
3
2
3
1 3439452898
1 2775860044
3
2
1 1607971838
2
2
2
1 2129569301
2
2
2
2
2
1 2249958996
1 917940554
3
3
2
2
3
2
1 1937648889
2
1 3745984889
1 801896111
2
1 2479072967
1 3949086719
1 1212575340
1 950936325
2
2
3
2
2
1 1449547851
1 3031718023
2
3
1 3015854479
2
2
1 478210443
2
1 2760054635
2
2
2
2
3
2
1 3389672010
3
2
1 2250318268
2
1 3561031276
2
3
2
2
2
2
3
2
1 2186691994
1 2702545159
1 749549284
1 181490140
2
2
2
2
1 452281060
2
2
2
2
3
1 2412157889
2
1 3009322211
2
1 2308470344
2
2
2
2
2
2
3
2
1 3948873545
2
2
1 4208464591
2
2
2
2
2
1 1754016491
2
1 1925527195
1 1007926546
2
3
3
3
2
2
1 2453089620
2
3
1 3080807579
1 1982728548
2
1 3662854411
1 3532148074
1 2170712899
3
3
1 2946426882
1 3187058712
1 3819938244
1 3749273523
2
1 3863577813
2
1 3352596152
1 60185628
2
1 1151226102
2
2
1 487401706
1 331455707
2
2
1 3513229274
2
2
2
1 636855233
3
3
1 4132515851
2
1 651341921
1 2697354593
2
3
1 57800040
2
2
2
2
1 518604766
2
3
1 2337096685
2
1 806945426
2
2
2
2
2
2
2
3
2
1 818588741
1 700712594
1 598442120
1 4267366653
1 3154585260
3
1 230943305
2
1 2119495364
1 4121763642
2
1 1099863991
2
1 2909936444
2
2
3
3
1 169710083
3
3
2
3
2
2
1 2045051292
3
3
2
1 194426120
2
1 790075862
2
3
1 3561072674
1 3431565696
2
3
1 1876596140
2
2
1 393832107
2
2
1 3655523555
3
2
2
2
1 1794882573
2
2
1 468803314
1 4094902300
2
2
2
1 1464212466
1 1046382677
1 1625177333
2
2
2
1 3919391840
3
2
3
2
2
1 1689622020
3
2
2
1 561478778
2
2
1 2171264171
3
2
2
2
1 204749138
1 2413022385
3
1 2256564268
1 2118783173
2
2
3
2
2
1 2490705035
2
2
3
2
2
1 4089299572
1 4667730
2
2
1 885348636
2
2
1 4254632449
2
3
1 537741214
1 3308418224
1 792240308
1 3594270031
1 2295857446
1 295536948
2
1 1220200317
2
3
2
1 1665665755
2
2
2
3
2
1 2884346777
3
1 444086096
1 3391618260
2
1 956774061
2
1 4038172736
2
2
2
2
2
2
1 3689319415
2
2
2
2
3
2
2
3
1 2130353465
2
2
3
2
2
1 3592237883
1 3560974063
1 1462923419
1 1912243783
2
2
1 4165582443
2
2
2
1 1424754815
2
1 2352649273
1 1968282253
1 186644793
3
1 1093111350
1 1043684571
1 4123788124
2
2
2
3
2
2
1 794338339
2
1 2027300572
3
3
1 4065837778
2
2
1 3322270372
2
3
1 880813015
1 3999926991
2
3
1 53498909
3
2
2
2
2
2
1 2841298083
1 761116786
1 1493218672
2
3
3
1 144899811
2
2
1 3639867275
1 3807863240
1 2725537927
2
2
2
3
3
2
1 1555977208
2
2
1 2120128856
2
2
3
1 774986783
2
2
2
3
2
1 233137499
2
2
1 391309360
2
2
2
3
2
2
2
2
2
1 3602215865
1 334671297
2
1 479012174
1 2448729641
1 1665761549
1 1182906974
2
3
2
1 4283436319
1 3855624084
3
3
1 1669391921
2
1 4152945950
1 3431707038
2
1 9707454
2
2
2
1 495834960
3
1 4071713287
1 2934865626
3
1 1425563892
2
1 3993887831
1 1034613404
2
3
2
1 3551972663
2
1 3030576829
1 2536383948
2
1 3277810989
1 3473548581
1 2657153551
2
1 1407293083
2
2
2
2
2
1 319770683
3
1 661459698
2
2
2
3
1 2385473310
2
2
1 2479609236
1 4186934508
1 1355042176
2
2
1 3506052802
2
2
3
1 2727287381
2
2
1 3347427775
1 3095023402
2
2
3
2
2
1 2673779441
2
1 351397434
2
1 1589106761
3
1 1183461307
2
2
2
1 954986092
2
1 2643042776
2
1 3775836346
2
1 1300650915
2
1 2336178995
2
1 3437988606
3
1 2274592386
2
1 3493556598
1 297945055
2
2
2
1 4271018525
2
2
3
3
2
1 710563035
2
1 3252732896
1 2088208638
3
1 1730689514
3
2
1 2309316159
2
3
2
2
1 3821581447
3
3
1 1430875209
2
2
2
1 3434795236
1 3708555806
2
2
2
3
2
1 354905601
1 3417032731
2
1 1880322994
1 2975820321
1 2529695134
2
1 2394367853
1 3234682016
1 4294626317
1 318722538
2
2
2
2
1 3812936161
1 3296325203
1 3647213266
1 313381320
2
3
1 2615542271
1 1310499961
3
1 3463422490
3
1 1430326836
3
3
1 2638593299
1 4287878692
2
1 1119685676
2
2
2
1 1176797336
3
1 3498542825
2
2
1 2169505638
1 593338906
2
2
2
2
2
2
1 1457971813
1 2237626120
1 1593570151
1 2544898908
2
2
2
2
1 1011149860
3
3
1 2659243488
1 152687718
1 294123812
1 1110286462
1 3206613180
2
3
2
2
2
1 3569813295
1 3470832972
2
2
1 2450569858
1 1944671156
1 1586672426
1 1422604685
3
1 1290270895
1 2790868305
2
1 3209038069
1 1925840379
2
1 2463817071
1 1187850449
2
1 3864423885
1 1184625266
2
2
2
2
1 4054722332
2
1 1610107321
2
1 3786517013
2
2
2
2
1 1903903252
1 2007820833
2
1 517950376
1 1161162494
2
1 2257345973
2
2
3
2
1 3355862661
3
1 3562826582
2
1 1976850182
1 2828680736
1 1416222954
1 1043605346
1 4235116658
1 3811962917
3
1 2562812349
1 1170122366
2
1 1954831904
2
1 1924714047
3
1 316392454
2
2
2
3
1 4030845386
2
1 2343761655
2
3
2
3
2
1 3518462183
1 1618242394
2
2
2
1 117438032
2
3
3
3
1 3531306920
2
2
3
3
1 1685452951
2
1 3429637466
2
2
2
2
2
3
2
2
3
2
2
2
1 2701946843
2
2
3
1 1882978492
2
2
1 1898817868
2
1 1440808343
1 1189360625
2
2
1 804604681
1 3577259720
3
2
3
3
2
1 3919050680
2
1 4218197838
3
1 2332935738
3
2
2
2
1 2092250344
1 3290996434
3
1 883478805
2
3
3
2
1 4262081721
1 3674965058
1 3731792861
1 1599922670
2
1 291531845
2
2
3
2
3
1 1285713654
3
2
1 2350236285
1 1310914771
1 3073714463
1 728813743
1 2365478228
1 925958214
2
1 3406828030
2
2
2
1 3837076582
1 357967138
1 4207755677
2
2
1 190908417
2
2
1 835120981
2
2
3
1 1461926705
2
1 995253403
2
2
2
1 720645557
1 2255373815
2
2
3
2
2
1 1660863339
2
1 353649968
2
2
1 1776013408
2
1 2857828203
2
1 428525041
2
2
2
1 2633794829
1 3498721961
1 2679975588
1 4074842527
1 112811815
2
3
1 3150121968
2
1 268457204
2
3
2
2
2
2
2
2
1 2328609590
3
1 4087744252
1 3115572315
1 3323685016
2
2
1 3085636693
1 1333639812
2
3
2
1 2785141564
2
3
1 1289766124
2
2
2
1 2818093109
1 2776423567
1 3390800045
3
2
1 2134722227
1 3768449784
1 514393538
2
2
1 1946710648
2
2
1 2117645779
2
3
1 3331251864
3
2
3
2
2
1 2932714250
2
1 3936600133
1 3709286059
2
1 2853863257
2
2
2
1 2957530131
2
1 3337780778
2
2
3
1 1330760843
1 629272596
3
1 2024668896
1 4123061989
1 645038684
1 3922852699
2
2
1 1621127623
1 3490500961
1 3539509610
1 2043042564
1 2629506708
1 4042064732
2
2
2
2
2
2
1 1858381369
1 3197507898
3
2
3
2
1 1219855650
1 2691880394
1 527507125
2
2
2
1 158823504
1 4237731749
2
2
2
1 2749268151
1 2820206358
2
2
1 1772761450
3
1 3892498423
1 4248293022
2
1 3077664627
1 2295419042
1 3436057500
3
3
1 1909368160
1 851110350
2
1 1310951234
2
2
2
2
1 2755389709
2
2
2
3
2
1 836015922
1 983607266
1 2102078046
1 1386524021
2
3
2
1 2498664579
1 1246291978
2
1 2964591462
1 4203053225
1 4250785707
3
1 1256634214
1 4049651351
2
1 1763164177
3
2
1 2251103038
1 1881283385
2
1 1927280649
3
2
3
2
2
1 773930130
3
1 1547237717
2
2
2
3
1 1449998941
2
2
2
2
3
2
2
2
2
2
3
1 1237552139
1 4073655391
1 3419527886
1 468597257
1 3215117629
2
1 693422195
2
2
1 2029735947
2
3
2
2
3
2
1 2881613906
2
1 3840294774
2
2
2
2
1 2547215700
1 978734191
2
1 1928412999
2
1 3659986238
2
1 3312257022
1 2281367309
2
2
2
1 3395305537
1 1162224136
2
1 3180317505
2
3
2
1 291056836
1 1677802493
3
2
2
2
1 1342305804
1 3148372018
1 940373620
3
3
2
2
1 3723237246
1 3743759750
2
2
1 1074550883
2
2
1 3197482795
1 1126982567
1 1219119292
2
1 2882877012
3
2
1 3685726474
3
1 714790184
1 428417309
2
1 3411279821
1 2863207096
1 4051082485
2
1 1255868292
2
1 1948529542
2
3
2
3
2
1 1015324975
1 160032392
2
1 912443936
1 655835993
1 206471532
2
2
2
3
1 2458891115
2
1 3920198243
1 1949563682
1 2680792982
3
3
2
2
2
3
1 2199494349
3
2
3
1 970079534
1 564493675
1 342470598
2
2
1 1827386891
2
1 583170993
2
2
1 2234887056
3
1 2285760532
2
1 2862622926
2
3
1 777767132
1 1309872546
2
2
2
1 1356707205
2
3
1 843646894
2
2
2
1 1352708096
1 1424252775
1 3472362048
2
1 397692028
1 3253020485
1 774283530
2
1 505592791
1 3048535568
2
3
1 2807167163
1 2129371787
2
1 2690608580
2
1 1160518170
1 230617428
1 3197874018
2
2
2
1 3363112478
2
1 14859468
3
1 3276093307
1 4040345210
1 3489263494
1 2831873884
3
3
2
2
3
1 2605388478
2
1 2910309706
1 3459508310
1 6580001
2
2
1 951738779
1 1854915169
1 385005970
2
1 1677966408
1 1173792493
2
2
1 757338935
1 4071001893
3
1 3621024597
2
1 3879509848
2
1 149546391
1 2889451396
1 2859415892
2
2
2
2
2
2
2
1 590795830
1 460946192
2
2
2
1 2634860824
2
1 2168086701
1 3737174970
2
2
3
1 919186403
2
1 1344138346
2
2
1 4068810673
1 795454283
1 146765357
2
1 3382519999
1 1253738775
2
2
1 1585067345
2
3
3
1 4093500686
1 3878216167
3
1 2097907739
2
2
1 4163043659
2
1 2504752520
2
2
2
2
2
1 1120339752
1 1525349163
1 4253551932
2
1 3866497596
2
2
1 4014425335
2
2
1 1512144996
2
1 631205409
3
1 4228538532
1 4254505816
1 1890493995
2
2
1 2678008348
2
1 2001419715
3
1 683517320
1 193422551
2
2
1 2439358436
3
1 2907680992
2
2
1 2594124719
3
1 3226403707
2
2
1 481416259
2
1 2543230351
2
1 414330803
1 2097629847
2
2
1 3143697449
2
1 1424880819
1 3923119452
1 3590789500
1 4280195116
1 487923244
3
3
1 1475595839
1 3056779730
1 3302204944
2
1 2432737816
2
2
1 767297886
2
1 1317045156
2
1 2384076022
2
3
3
2
1 2791274934
2
1 947561394
2
2
3
1 442859919
2
1 98474194
1 1277946089
2
1 2391711535
2
2
1 957172129
3
2
2
1 1391814927
2
1 1287918789
2
2
2
2
1 3463451684
1 3595899595
3
2
3
3
2
2
2
3
1 4081298984
1 3936716036
1 852923935
2
1 843193075
2
1 4060395209
1 355812573
1 2662248288
1 209811474
3
3
3
3
2
1 1738586669
2
3
3
3
2
2
1 1861670119
3
3
3
2
1 2218781074
2
2
2
2
1 2665154706
2
3
2
2
2
1 3171285988
2
1 3609345876
2
2
1 1915205611
1 52116411
2
2
3
2
2
2
2
1 2068477152
1 1628375071
1 2410979772
2
3
1 152793199
2
2
2
1 2974195453
2
3
3
2
2
3
1 3998933791
2
2
2
3
1 3991536838
2
3
3
1 1393861668
3
2
3
2
2
1 1552546317
2
2
2
1 3158359718
1 3815670799
2
1 1084229977
2
2
3
1 2622047512
3
1 259488313
1 3825795189
1 3512745318
2
2
1 1287697082
2
2
2
2
2
3
1 2689263898
1 4269396802
1 2640558869
1 210204481
2
1 464989919
2
2
1 1074025144
1 3102866867
2
2
2
2
1 4196191077
1 1261773518
1 805913489
1 1768488630
3
1 1825851998
3
1 898846655
1 787547936
1 2889481875
3
2
1 3319204588
3
2
2
2
2
1 4289839268
3
1 3096446715
2
2
2
1 2197065112
2
2
1 106757030
1 402423686
2
1 2115829139
2
1 3273195976
3
2
1 1283268862
2
2
3
1 2336762911
1 666127729
2
1 2427633720
2
1 117009470
2
2
2
1 377758476
3
2
2
1 2332218672
2
2
1 2943174563
1 2939510582
1 1580964570
2
1 2241789553
1 2134273555
1 3236108268
2
2
1 2752880212
1 1748650647
3
2
2
2
1 768003879
2
1 174483627
3
1 3353060790
1 3849909125
2
1 3143218828
1 4230767872
2
1 1843037544
2
3
3
2
3
1 229840031
2
2
1 381249114
1 2164966050
3
2
1 2892495235
2
2
3
1 1298382440
1 1831712313
3
3
2
2
1 2327946388
1 305139853
1 3602116628
2
1 1146070730
2
1 499755248
2
2
2
2
1 3707509362
2
3
2
2
2
2
1 682370287
3
1 804246059
1 2601513739
2
1 1223305205
2
1 2014385947
1 259048082
2
3
1 1800164038
1 1601606777
1 1486563087
1 492440330
1 614201846
2
1 1418340897
2
3
1 3747778340
1 3184733497
2
2
2
1 2131573973
2
3
3
3
1 3041748536
2
1 2070304035
2
1 3341948602
2
2
2
1 3821498929
2
1 227842117
2
3
1 3072736809
2
2
2
2
2
1 905954663
2
1 3452693862
2
3
1 3939368808
1 3102950100
3
1 4237152453
1 2485075433
2
1 3930751137
3
3
2
1 1480890360
2
2
2
2
2
2
2
1 3787782111
2
1 1879381748
2
1 3602862743
2
2
2
3
1 659156510
2
1 789165571
1 3380654494
2
1 1618064595
2
1 3946102559
2
2
2
3
1 2236473132
1 459851583
1 2085854504
3
3
2
3
3
2
2
2
2
2
2
2
3
2
3
1 4016309587
2
2
2
2
1 1089508670
1 1424953816
2
2
1 835145578
1 519253841
1 74855882
2
2
2
2
1 3436412974
2
2
1 3107463181
1 4123060108
1 3737851350
1 381600576
1 1110972352
1 2758595709
3
1 2585928849
2
2
1 2470669035
1 2207221171
2
1 127053229
3
2
2
2
2
2
2
1 2500218070
3
2
1 1583837626
2
1 355159729
1 2725562251
2
2
3
2
1 2376228359
2
1 3696019951
3
2
2
2
3
2
1 306084464
2
3
3
2
1 2844483074
1 3893918882
1 2790129274
3
2
1 3806357825
1 117339945
2
1 3528924819
1 2748652705
1 790574611
2
2
2
3
1 37525516
1 4187666131
1 1867754269
1 3750554378
2
2
2
1 3608254655
1 2183819008
3
3
2
3
2
1 2574907316
1 4105163870
2
3
2
3
3
3
3
1 2684584101
2
3
3
1 3788524044
1 253989243
2
3
1 4090121229
2
1 2352705704
1 1955346336
2
1 2833408294
1 2110999863
1 3893063764
1 975060188
1 2096034403
3
1 3441982441
2
2
2
2
2
1 2644537451
2
1 3781804172
2
2
2
1 4188187852
1 2180873397
3
2
1 3772316701
2
1 972473417
1 1976366059
2
1 2121076481
2
2
1 437957840
1 2359652433
2
1 3995502524
1 2640497847
1 3843900175
2
1 4242573610
1 1606066767
2
1 2272582810
2
3
2
2
2
2
2
1 2727994312
2
1 4096815728
2
1 190548131
1 3112601115
1 2123516456
2
2
2
2
3
1 2106620838
3
2
2
1 3442111946
2
1 839333783
2
1 2495304030
2
2
2
1 275981615
2
1 1626039348
3
3
1 2446272634
2
2
1 2085547272
2
2
1 3223279935
2
1 850127766
2
1 1906078004
2
1 1321959436
2
2
2
2
1 3091848936
2
2
3
3
3
3
2
2
2
1 1729437279
2
3
2
3
1 3499829716
2
2
2
2
2
2
1 1553454718
2
1 3234927632
3
3
2
1 3523217930
1 1226752363
1 4264250747
1 910727848
1 2385922199
2
1 1304156239
2
1 2900756788
3
1 980709469
1 2752399686
2
3
1 4237298382
1 3791550129
2
2
2
2
2
2
1 151922254
2
2
2
1 2804916789
1 689830994
1 3280319535
2
1 3817446785
1 1132485080
2
1 2951305373
2
2
1 2936861962
2
2
2
2
2
2
1 2328089591
2
2
1 1440654192
2
1 168621722
2
1 21542707
2
1 2758076643
1 2072877395
1 4256547349
2
1 2755666596
2
2
2
2
3
3
1 1895529490
2
3
1 3103803783
2
2
1 1175325764
2
2
1 1267749980
2
3
1 2621336182
2
2
1 2309748684
2
1 2224296549
2
2
2
2
2
1 1227800211
3
1 68639345
1 1056645529
1 3193058538
3
1 2680052637
1 4045141843
1 324072913
1 1104094375
1 2504560343
3
1 2815962972
3
1 190849483
2
1 2267388428
3
2
2
2
1 1739662303
1 2256014192
1 3150583332
2
3
1 1579508559
2
2
2
1 2960701576
2
1 1532769979
2
2
2
2
1 1272522951
3
3
3
2
1 1760020092
3
3
2
3
1 1096000398
1 595482430
3
2
2
2
2
1 41959528
1 2042094411
1 3179261040
1 3106015427
2
2
2
2
1 1437227287
2
1 911469686
3
2
3
3
1 1890628215
2
3
2
2
2
1 2278404003
3
1 457513684
2
2
1 3213287984
1 801054936
3
1 2803493366
3
1 1923176314
3
2
3
2
2
2
3
1 3988682404
2
1 1341913035
1 218550088
1 311668480
3
3
1 3622552302
2
3
2
1 2105608009
2
2
2
2
2
2
1 3497506937
2
1 2491748327
3
1 3738748661
1 2918295607
2
3
2
1 3676566973
1 2977714652
2
1 2796529673
2
2
1 3846315529
2
1 2079569870
1 1914926405
1 1816173806
1 1510252163
1 1422553055
1 1650368664
1 3729524960
1 1402934569
2
2
1 3178985964
2
3
2
2
2
2
1 2297643014
2
1 2247289659
1 2818660529
1 1094035630
3
1 3999536077
1 3401792524
2
2
2
2
3
3
1 3577723961
3
2
2
1 2155506267
1 910952247
2
1 4274583722
2
2
1 932785013
2
3
1 998449849
3
3
2
1 2398801347
1 346854103
1 3487906647
3
1 343356746
1 675760176
1 1356746494
1 1694942501
2
2
1 2225947215
2
2
1 1413927678
1 746807827
1 1239990109
1 3474841140
1 3171670222
2
1 2859208856
1 2299276949
1 1689737020
2
1 842096469
2
2
1 3822240794
1 1753956955
2
3
2
2
2
1 1673615471
2
1 2517160085
2
1 3238284941
2
2
1 1087316918
2
2
1 2788787809
2
1 1729773916
1 3800984751
1 2620248462
3
1 2518411032
2
2
2
2
2
2
1 4209825956
1 751913152
2
1 1300797771
1 351636485
2
2
1 3390900360
2
1 2478799311
1 1036654183
1 1947725636
1 551053304
2
1 1281241272
2
1 2737453410
2
1 1444146766
2
2
2
2
2
3
2
1 3692261932
2
1 2810187429
3
1 3102780570
2
2
2
1 2233846465
2
1 3095790661
2
1 3685503877
3
2
2
2
3
3
1 749925413
1 3024440061
2
1 1578360474
3
1 1891837821
1 2707968534
3
2
3
2
2
2
1 3839502367
1 2505930789
1 445502068
1 604222843
2
1 473668619
2
2
1 3025480778
2
3
3
2
3
1 4073195234
1 3086926416
2
3
1 1392806506
1 3443477692
3
1 3698833880
2
1 242817674
3
2
1 408422645
2
2
2
2
2
3
2
2
1 4058754660
2
2
1 4199315588
2
2
1 1173632359
2
2
3
3
3
1 65068022
2
1 1700709965
2
3
1 1056267595
2
1 3748149503
1 1103562461
1 203745053
1 4051289078
2
3
1 765545100
1 3350263180
1 2179090779
2
2
2
2
3
2
1 2574596000
3
2
1 674159571
1 956208878
1 1923291905
1 146028755
1 4035061321
2
1 3309504986
2
1 3772506314
2
1 74177972
2
2
2
1 826277119
1 4081939132
2
2
2
1 976047679
1 1865435700
1 3321980793
2
2
3
1 1426526065
3
1 411928587
1 3662505984
3
3
2
2
2
3
2
2
1 3019504963
2
2
1 3565081810
1 1413279639
1 870621842
1 27325656
1 289234688
2
1 3682416050
2
3
3
1 4225857141
2
2
3
2
2
2
1 4168052494
2
1 3306840501
1 1766986867
2
1 3071982492
3
1 3567434103
3
2
1 1696120222
2
2
1 515099729
2
2
1 1965033646
3
1 1753249276
1 2004278097
1 1672499761
3
2
3
2
1 1276746436
3
3
1 4166055768
2
1 1218890989
3
1 2577835459
1 2219595541
1 1298074396
3
2
2
2
1 273624223
1 3925599019
1 2534802726
2
3
2
2
1 1966772072
1 2572576145
2
2
1 1564193013
3
1 2055221265
1 3007684005
1 358633501
2
2
1 4081128191
1 1302253212
2
2
2
3
1 1630561886
1 3596908976
1 3927602579
1 4222011710
2
2
1 4240986945
2
1 3395722084
1 91912152
1 2791861757
1 3843106153
1 581647317
2
1 2444230902
2
2
1 2083536891
3
1 1765418395
2
1 127965424
2
1 338738357
3
2
2
2
2
2
2
1 2312776851
2
1 482245680
2
2
1 2673792445
1 369285846
2
2
2
1 641627949
1 2545234408
2
1 3598082991
2
3
2
3
1 3968761508
2
2
2
2
2
1 1151253136
1 2550109322
2
2
2
1 2445410317
3
1 4259886016
1 2126503080
3
2
2
3
2
1 2617020426
1 188653658
2
1 4172853775
3
2
2
2
2
2
1 3167721906
2
2
2
3
1 395128519
1 477835158
3
2
1 2735257111
1 4175689919
1 3494440368
3
2
2
1 1550343181
2
1 1733417137
1 4130235472
2
2
3
2
1 2085030735
1 52817444
2
2
1 1145459551
1 2805528103
1 138026460
2
2
2
2
1 2501432208
2
2
2
2
2
1 2597658448
1 872943392
2
3
1 3210602763
3
1 131735538
1 3417576374
2
2
1 1226498113
1 556402268
1 100351788
3
1 382817942
1 94403110
2
2
2
2
1 2503831526
2
1 3696588741
2
3
2
2
2
1 2192442888
1 903666929
3
2
3
3
1 4281178406
1 3468581361
1 1741825664
2
2
2
1 2935835249
2
1 1807805592
2
2
2
1 1959332310
2
1 2441452750
2
1 1519967398
2
2
3
1 2531810357
1 3398889761
2
3
1 3421359604
1 2080004636
3
1 4286412424
2
2
2
1 843778515
1 3461090079
2
3
1 207456940
1 1330950708
2
2
3
2
1 1336814698
1 1681719335
1 2585743650
2
3
2
2
2
2
2
2
2
2
2
2
1 749439194
3
2
1 2918881038
2
1 652663188
2
1 1055516193
3
1 2447870102
2
1 153366906
3
2
2
1 2243958852
3
3
1 1717843941
2
2
2
2
3
1 223438228
3
2
2
2
2
1 879591081
2
1 1984359410
1 712350271
1 2268969156
1 313989851
1 3976983016
1 3385950870
1 2600825816
1 801898693
2
1 1868579420
2
2
1 543554146
2
1 43646358
2
2
2
1 3362008197
3
2
1 3792520278
1 2620965309
2
1 3389981723
2
2
2
2
1 2622840737
2
1 2892260499
2
2
2
1 3722714775
2
1 2545261605
2
3
2
2
2
3
3
3
2
1 4219485519
3
2
2
2
1 1811871161
2
2
1 1039986407
1 128686805
2
2
2
1 1695036727
2
1 2791955655
2
2
2
1 4160519038
1 4220153922
2
2
2
3
2
1 4044813909
1 2633625223
1 3045935145
1 1505299919
3
2
2
1 1016517442
1 875007492
1 2796504853
1 4028096747
2
1 405364890
2
2
2
2
2
1 1320736705
1 77715464
2
2
3
1 1846416108
1 1746789314
2
1 2138062882
2
2
2
2
1 2149593085
2
2
2
1 1572324858
1 2905997630
3
3
3
2
3
1 3110554780
1 293982405
1 1768766773
3
2
3
2
1 2470990957
2
1 888159341
1 3470676815
3
2
2
3
1 4063614134
1 1179188265
1 269737566
1 1036249079
2
1 460190764
2
3
1 2741570727
1 867052268
1 3850551093
1 614069283
1 3877372340
2
1 239939904
2
2
2
2
3
3
2
2
1 3271680834
3
3
2
1 2218146696
3
3
3
1 3989011474
3
2
2
1 4134143600
3
2
2
2
1 1001264677
1 3603386169
1 3348997488
1 4196231527
2
3
1 1366774671
3
1 537117922
1 490837388
2
2
2
1 2371864335
1 4115313747
1 1121830216
3
3
1 2797049357
1 2177916145
2
2
2
1 2205392929
1 2254618048
2
1 3023778571
2
3
1 738769959
2
3
3
1 1779391769
2
1 410709170
2
1 476965132
2
2
2
1 2079793684
1 2149951895
2
2
1 2131914482
1 1793499238
2
2
1 3803070669
3
2
1 199522598
3
1 2032016502
1 273673710
2
2
1 106338115
1 4151768827
3
1 1306565509
3
1 2759609934
1 1585824776
2
1 16900912
2
2
3
1 3248551381
2
3
2
2
2
2
2
1 4093310428
3
1 2222639693
1 1209115206
3
2
3
3
2
1 1436979613
1 2591751825
2
1 4078934455
2
2
2
2
1 545832831
3
2
3
2
2
1 1765789858
1 2735922045
2
1 253187300
2
2
1 866732803
1 2895839571
2
1 3067979735
1 2089762382
1 3085302564
2
3
2
1 1269465925
2
2
2
2
1 2007854092
1 3450870408
3
1 1379675847
1 2457605564
1 3032650199
2
2
1 1413819646
2
1 1908169001
3
1 3148286110
2
1 1904595111
3
2
2
2
2
2
2
2
1 822772850
2
2
1 920798993
3
2
1 1326160860
1 2011522831
1 3605099441
1 2018161727
2
2
2
1 2779138876
1 1719031081
2
2
2
1 1437287003
2
3
2
1 617208918
2
2
1 2375644871
3
1 2364231441
2
2
1 1424867878
1 1002399326
1 4066691897
2
3
1 2055940134
3
1 2009800989
1 1732720472
2
2
1 3854731353
3
2
1 1288455351
1 729576079
1 2370932535
2
2
2
1 4176737121
1 31770446
1 1612718028
1 1923644570
1 2850489580
3
1 1208737369
1 1226577775
2
1 2534209161
3
2
2
1 1247041160
1 1516142836
2
2
3
2
1 624264126
1 2454679856
1 3674127760
2
1 4207626588
2
1 3412012832
2
2
2
2
3
3
1 2369620576
2
1 2196617406
2
3
3
1 2902813918
1 274205836
2
2
2
1 832803151
1 2064572059
1 3523486794
2
2
2
3
2
2
1 701601443
2
2
2
2
2
2
2
2
2
3
2
1 2987928491
3
1 410019432
1 2575109468
1 3682015881
3
1 1278223014
1 3753151663
1 924799600
2
2
2
1 325925604
1 3536697399
3
2
1 239501680
1 3059654350
3
1 2255359890
2
1 981266291
2
2
1 1046958186
1 4108525380
3
2
2
2
3
2
3
2
1 2519908789
3
1 3593794032
3
2
1 1155706697
2
2
2
2
1 179906740
2
2
1 3804137130
3
2
2
1 1381921880
2
2
1 2854556546
2
2
3
2
1 2269990899
2
2
2
1 1977100589
3
1 2454573992
3
1 3926422088
2
3
3
1 3647434741
1 2238526172
1 897612597
2
3
3
1 1014213993
1 3162254176
2
1 192167309
3
1 1642103168
2
2
1 1645168080
2
2
2
2
1 2881308264
2
3
2
1 852102302
1 3530031193
2
2
1 2802607781
2
2
1 994235529
1 3119155683
3
1 3526433951
1 630840580
2
2
1 1910349523
1 2720096184
3
2
2
1 3104709414
2
1 2560979486
2
3
1 3474345561
2
1 4166821489
1 1013639282
2
1 1570807714
1 72833550
2
2
2
3
2
2
2
2
2
2
1 2855373903
1 2422200348
3
2
3
1 4054031581
2
1 416851539
2
2
1 142855816
3
1 3864054412
1 185626104
2
2
2
2
2
1 2955689764
1 1284355532
3
2
1 2126711574
2
1 973304621
1 1575072582
2
2
2
1 1989182650
3
1 1066643639
2
1 1733539080
1 4245678917
3
1 2889933213
1 3525131369
2
1 993601343
2
2
2
2
1 2688571378
1 478278627
2
2
1 1682689043
2
1 2469919977
1 1290771629
1 4113956321
2
1 3012837447
1 254195951
1 3517573424
2
1 715207455
3
2
2
2
2
2
1 727338203
2
2
1 2665249682
2
3
2
1 2611526270
2
2
2
1 1182847523
1 3854397053
2
1 3716306724
1 329368440
3
1 1027115786
2
1 258897763
2
1 1101158619
1 1909785804
3
1 1700492748
2
2
2
3
3
2
2
1 384732679
1 201256370
2
1 225818106
3
2
2
1 3353223150
1 3775245164
1 1727527392
3
1 1088730381
2
1 1350163396
1 1569463278
1 4085515847
2
1 3482104533
2
1 134451287
2
3
2
2
2
1 1554634162
1 598930267
2
2
1 2538898911
2
1 2262722235
3
2
2
3
2
1 4079756128
2
1 471002649
1 3122214521
2
2
2
3
1 232323995
3
2
3
1 3110397163
2
1 820606288
1 4030911104
2
3
3
1 4091957239
2
3
1 3502716979
1 1038773005
2
2
1 838059497
3
1 1704570477
2
2
1 1289610144
2
2
2
1 1971240146
2
1 1143824676
2
1 351740199
2
2
1 794869199
2
2
3
1 2407880574
2
1 1517715495
2
2
2
1 2291374685
2
1 2581527868
2
1 2668584033
2
2
3
2
3
1 2275411978
1 1109357911
3
2
1 2442052969
1 4254246570
1 3959349833
3
3
1 2515591934
2
2
2
1 353625542
2
2
2
1 4063227489
2
2
2
2
1 997971639
2
2
2
2
1 1539272910
2
1 1449177560
1 3135591854
1 555424037
1 3678055671
2
1 3998560930
2
1 3564210368
1 2661719512
1 3297676637
2
2
1 1322601318
2
2
2
1 1050577282
2
2
1 629705046
1 1991222709
2
2
1 3452226879
2
2
2
2
2
2
1 2749841212
2
1 3545081995
3
2
2
2
1 2338772403
2
1 1660373239
3
2
3
1 779781240
1 1446313923
3
1 1242165283
1 2463347631
1 900284358
2
1 752399490
3
1 514728975
1 3749105403
3
1 2369586210
1 647112035
2
2
3
3
1 778709223
2
3
2
2
1 618774885
2
1 3741214315
3
2
3
2
1 4092063740
2
1 3507673901
3
1 4151224055
1 4055019115
1 3374589246
2
1 70914287
3
2
3
1 2928775506
1 1392209084
1 2393970962
1 1641385474
2
1 3362051
1 4095677184
2
3
3
2
1 2348895451
2
2
1 75330802
1 3249919965
1 671280851
2
1 2016308237
2
3
2
2
3
2
1 2766868386
2
1 4017916404
2
1 1943112547
3
1 3262085354
1 1571209851
3
2
2
1 3601457754
3
1 2124968252
3
2
1 3504486173
1 2676861672
2
1 3683815162
1 261152856
3
1 48382099
1 2971379496
2
1 3470051816
1 3224330738
2
1 3967075161
2
1 952101093
1 2962378060
3
1 2849119887
1 4222301278
2
2
1 2908660533
1 853714523
2
2
3
1 20384968
2
1 3770441847
2
1 1973786544
2
1 146572984
1 1568493338
1 2137211394
1 2695808181
3
1 387419955
1 2298239832
1 1054367759
1 1195285866
2
2
2
2
2
2
3
1 1795705912
2
3
3
1 2697481030
1 738086822
2
1 2455834855
1 2754541376
2
1 2796312948
1 3997017546
1 3376109800
2
1 667303465
1 1125209651
2
1 2589609213
3
2
1 2635787360
2
2
2
1 2600158588
2
2
1 134736908
2
2
1 3613533882
2
3
1 228734418
2
2
1 3683285187
2
1 2972792477
2
2
2
2
2
1 3443227088
2
2
1 1552512113
1 1853108126
2
1 2215152074
2
2
3
2
1 3550804295
2
2
1 3680313163
1 2965073278
1 300606594
1 3681448188
2
2
3
2
2
1 3302008937
2
2
1 539437299
3
1 1396666981
1 2041598108
2
2
2
1 531521837
2
2
1 3607066344
1 1059374644
1 529508521
3
1 3035775332
3
2
1 513537903
2
2
3
2
1 3441279744
1 1750187082
1 2417805908
2
1 3433869723
2
3
3
3
2
1 3406063477
1 977785959
1 1625749251
2
1 2180230758
1 2352963983
2
2
1 1536614470
1 2028646812
1 725870053
2
2
2
2
2
1 4271652473
2
3
1 4207072364
2
1 516543152
2
2
1 2909317122
1 869840511
2
3
2
2
3
1 1897638719
1 90672021
1 3219246366
3
2
1 823039031
1 3147702959
3
1 1410504115
1 1218151291
1 491707429
2
2
2
2
2
2
1 1060873168
3
1 1159670046
2
2
3
2
2
2
2
2
1 1129641754
1 3952489895
2
3
1 650912700
1 4083800300
2
2
3
2
3
1 2643446266
2
1 2546199121
2
1 2241073749
1 576492132
2
2
2
1 1204216730
1 3898214291
3
3
2
2
1 3427601095
2
1 1698138084
1 983429484
1 1301573266
2
2
2
2
1 1991476995
2
1 3546703862
3
1 2116627810
1 3896793038
2
1 554454129
1 968383925
2
2
1 1790528788
2
2
1 75894566
2
2
1 784778232
1 1639157615
1 4044138191
1 3068220207
1 2465304689
1 3897357189
3
1 4125760865
1 3366478299
2
2
1 1999905349
1 1626772122
1 202310894
1 852547438
2
1 776774954
2
1 1984133524
2
3
1 2059258963
3
1 593764287
2
3
2
2
1 1243558219
2
3
1 707370405
2
1 2681206355
2
1 103573612
2
2
1 702516738
1 3318249346
3
3
2
2
2
2
2
3
2
3
2
2
2
1 3041972915
1 1305677415
1 1678145514
2
3
2
1 1359095558
2
2
3
2
1 1377986800
1 90225196
3
1 5582143
1 1984645597
2
1 2608522606
1 3305972865
2
2
1 1388672423
1 2304994631
1 124230881
2
1 4225652381
1 3395977856
3
1 840742087
2
3
2
2
2
2
2
1 3495299302
2
2
2
3
2
1 2125515241
3
1 3801945460
2
2
2
3
1 2720830416
1 2658423388
2
2
1 4202481797
3
1 980461246
2
1 1987764233
2
1 4008478465
3
1 1918451628
2
3
3
1 2919429561
2
1 4229190973
1 521338968
2
1 1211855716
1 3640560848
1 2667277514
3
2
2
3
2
1 1201981267
2
1 534034732
2
1 62386617
1 1034579831
2
2
2
2
1 851126161
3
2
3
3
1 2373132129
1 1437407743
2
1 412980716
1 3512984354
3
1 398212037
3
2
3
1 1720171447
2
1 796028903
2
1 1421257593
2
2
2
1 1886597570
1 3311518664
1 3358778551
2
2
1 3095157170
1 2349587944
1 3061978759
2
1 938053157
2
1 302889581
2
1 2247206046
2
1 345247203
1 2988338047
1 3415318709
1 1174141634
2
1 807683388
1 1510776351
3
3
1 2158173311
1 1043805830
1 853660003
2
2
1 4089141748
1 4253335297
2
1 3783295928
3
2
1 3621916855
1 1407586954
3
2
1 1002483894
2
3
3
2
1 1865846803
2
1 2477458088
1 4079100135
1 3481671232
1 2240416744
2
1 2627671688
3
3
2
2
1 165650684
3
3
2
1 2426868075
2
1 1910651930
1 3643389202
2
2
3
2
3
1 2956492125
2
1 4058406610
2
2
2
1 1151339618
2
3
2
1 3842735912
1 4050415105
1 2080798159
2
1 232969752
2
2
2
1 1731875041
1 1934623114
1 128009648
1 765456928
1 1204464105
3
1 135663482
1 1251288881
1 3743545527
1 795410052
1 3960874949
3
1 2237636045
1 3654787779
2
2
2
1 4081710499
2
2
1 70965719
2
2
1 2720410539
2
1 3266388334
3
2
2
1 3424988016
2
2
2
3
2
2
2
3
1 1277648213
2
2
1 2068831179
1 1798617532
2
2
1 1034068895
2
1 4167694856
2
1 4135554433
2
3
3
1 691962985
1 1969148186
2
2
2
2
2
2
2
2
2
1 2976822441
2
1 2303519076
1 4269510548
2
3
1 3209450141
1 1935292687
1 2676989500
2
1 220805503
1 1852475962
1 447764636
1 1825712802
2
2
3
1 2895500292
2
2
2
1 2296356022
1 3374034907
2
2
1 2694976084
3
1 3536542342
2
1 789324674
2
2
2
2
3
2
2
2
1 1973739744
2
2
2
2
2
2
1 1215051773
1 1929612444
1 3590709647
1 190371405
2
2
2
2
1 3105976904
2
1 607427806
1 2783628086
2
2
1 2667180966
1 413444457
3
3
2
3
2
2
1 1755946366
1 297872519
1 3898135454
1 3117254879
2
2
2
1 2981132064
1 2182736153
2
2
2
3
2
2
3
1 3869843081
3
1 2531274491
1 1784886524
1 172353346
1 550870707
2
2
2
2
2
1 4281625664
2
1 2773071151
2
1 679699633
1 2886279744
2
1 3632091032
2
2
2
1 369273677
2
3
1 1010398657
1 2150763710
2
3
2
2
3
2
2
3
2
2
2
2
3
1 297904672
2
2
2
2
2
3
1 2308699566
1 2984400988
2
2
3
2
2
3
1 4038593791
3
1 1643167888
2
2
2
2
2
1 988947010
2
2
1 2810349917
2
2
3
1 3923137728
2
1 2100440097
1 3397777967
2
3
1 1372892981
1 400417536
2
2
1 3094940146
1 48061955
2
1 2907777704
1 4220144659
2
1 1060397840
1 2772264773
1 298966123
1 2161962437
2
3
2
2
3
1 3165426709
3
2
1 2621287947
1 2801286005
1 1787841943
2
2
2
1 4073195236
1 2491680832
1 464428020
1 2684159321
3
1 3612448182
2
2
2
1 3162112404
2
1 4098386609
2
3
2
1 2881074675
3
1 890308148
2
1 2848440586
2
1 4089743117
2
3
2
3
1 3490948145
1 3066923142
2
1 524746295
1 768825159
2
1 3535757504
1 4255222737
1 4204464758
1 4165414074
1 504805649
3
2
1 4291434320
1 2921250020
2
2
1 4283919568
1 2727112661
2
1 1232405945
1 1928443017
2
3
1 2043840106
2
2
2
2
1 1780739558
2
2
3
2
2
2
1 3960049537
3
2
2
2
1 2840377804
2
1 3830157386
1 803997286
2
1 3877846248
3
2
2
3
1 3581050508
2
1 712266088
2
1 2538633935
1 2279089311
3
3
3
2
1 463188451
1 1363435637
2
2
3
2
2
2
2
2
3
1 1153443804
3
1 974656059
3
2
2
1 267775183
1 393905837
2
3
3
3
2
1 2082961725
2
2
2
2
2
2
2
1 503671122
2
2
1 4284382328
1 1209936791
1 1234009792
3
2
2
2
1 3399998173
2
3
3
1 1469887011
2
2
1 282041224
1 2838351872
2
2
2
1 172240390
1 1640254113
2
2
1 4260894623
2
3
2
2
1 4198014634
3
2
3
2
2
2
1 2020462604
1 3672812806
2
2
3
1 267649750
3
2
2
2
1 1509797086
2
1 3942552974
1 3628748637
2
1 934865798
2
2
1 67056065
2
1 3278198084
1 2150311781
3
1 229625921
1 4215551805
1 1487426197
1 3057508047
3
1 1644269111
2
1 1057206133
1 3315430693
1 4248458477
2
3
3
1 2485520543
1 2592922155
2
1 1725966971
3
2
2
1 4101541575
1 3777142805
1 122971656
3
1 861596522
2
1 4121571426
2
1 3921872684
1 236974807
1 1653327741
1 2789846352
1 1861359183
1 2393681208
2
1 2820633285
2
1 1875752582
1 2187412372
2
2
1 232635085
1 3246784000
2
3
1 2410703128
2
1 2016782611
2
1 2369233551
2
1 1533541056
3
2
1 1379199884
1 3606456709
2
1 3317057409
2
3
2
2
2
2
2
1 3254145545
2
2
1 3774486278
1 3119434531
2
2
1 72584479
1 3411379401
1 3536413560
1 3852855381
3
1 3566496007
2
2
2
2
3
1 3653843190
1 1832402229
2
1 643959791
1 1266314166
3
2
1 2542228306
2
3
2
3
1 1906534240
2
1 2227301890
1 2552509698
2
1 2512526033
2
2
1 1787549141
1 2575689180
2
1 2487247133
1 1792353847
1 2995073921
2
1 2837075296
2
3
3
2
3
2
1 3515738389
1 3560561033
2
1 1486800443
1 1466967066
1 4205390263
3
1 793608337
1 3153456631
2
3
2
1 3349196427
2
2
1 2652191475
1 1929935902
1 1794547050
1 2422520811
2
2
2
1 1075959588
1 1409250023
2
1 2397773877
2
3
2
1 2810659162
2
1 3653389015
2
1 2563502858
1 1344737020
1 1997128250
1 290640598
2
2
1 3355524447
2
2
3
1 915290801
1 411601743
3
2
1 3136644317
2
2
2
1 2125030470
1 1155372158
1 940812827
2
1 2833266340
2
1 686429412
3
2
1 1513564159
2
2
1 2018918860
3
2
1 3394861743
2
1 2107572533
2
3
1 3088937588
2
2
3
2
2
2
2
2
3
3
2
3
2
3
1 2645921261
2
2
2
1 3151067255
1 824263301
1 134537743
1 4186057397
3
1 3930855726
1 3422845527
2
2
2
3
1 668359162
2
1 3723254743
2
3
3
1 2905419751
1 3273465089
1 621600906
2
3
1 2475276889
2
2
1 3127201507
1 2669997460
2
2
1 1712410686
1 565284531
2
2
2
2
2
2
2
1 1646752361
1 3970897745
2
2
2
1 2617231488
1 3857122255
1 1416637316
2
2
1 3883341467
2
2
2
3
1 596849144
1 3113830980
2
2
2
2
2
3
1 2823533116
2
1 4240429222
2
2
1 4291555586
1 2169144236
3
2
1 3464394404
1 2527890893
2
1 3419351550
2
2
2
1 611923904
2
1 3248886344
2
2
1 4069143832
2
2
2
2
2
2
1 1821347317
1 2594608662
2
3
2
3
2
1 2487900872
3
2
1 3089383930
1 1659702722
1 3983040860
2
2
2
1 2455954691
3
1 820921332
2
2
1 947453599
2
2
2
1 1535693696
1 1453270304
2
3
2
3
1 2623871234
1 994957850
3
1 334029922
2
1 2777758094
2
2
2
2
2
2
2
1 4019995641
2
2
2
3
1 2276186317
1 1620357939
2
2
2
1 816175901
2
1 3026953310
1 198462940
2
1 1519421782
3
3
2
1 2570723936
1 3354365158
1 1828525047
1 3081445485
2
1 1600932505
2
1 2493873442
2
2
2
2
1 3705033714
1 1491371592
2
1 2466078911
2
2
2
2
1 410324373
2
1 1317725572
1 3170750927
2
2
2
1 1422736986
1 2222317387
3
1 987682301
1 661522669
1 3185297843
2
2
2
1 2270673786
2
3
1 2674752802
2
2
2
1 3517895197
1 1398573030
1 4083925244
1 2246015646
2
1 3759292103
3
2
2
3
2
1 2763045811
1 3857757518
1 324906244
1 2520992833
3
2
3
2
1 2441242016
2
2
2
2
1 1747257928
3
2
3
1 3277138544
1 4075600413
1 3201842863
2
2
3
2
2
1 335566156
1 2072898530
3
3
2
3
1 2985346821
1 3612429124
2
1 1507892766
2
2
3
3
2
2
2
1 2082630757
1 3765693680
1 814082091
2
2
2
1 1439004316
1 76646649
2
3
1 1271385950
1 4052475822
2
2
3
1 3418291284
2
2
1 323233522
3
2
1 3152954714
3
2
1 992778135
2
2
2
3
1 3797891646
2
2
1 2682306440
2
1 3919533702
2
3
2
2
2
2
1 3962253217
3
3
2
2
2
1 156527923
1 1922677382
2
1 2767167256
3
1 538207172
3
3
1 3683289603
2
3
1 314011060
2
2
1 3129938075
2
2
2
2
2
2
1 3917019853
1 3158828955
1 80433185
1 1058209191
3
1 3493207118
3
1 3391606725
1 1252222321
1 684451102
2
2
2
1 1148065459
2
2
1 2460867664
1 2076597063
1 469609151
2
1 1593937356
1 881665209
2
1 2559857918
2
2
3
3
1 3094210991
3
3
2
2
1 116343339
2
2
1 3061918436
2
1 4008250709
2
2
2
2
2
2
2
2
1 1513013844
1 2402619814
2
3
1 2361289300
1 3712571525
1 2418157032
1 1740558332
1 63471832
1 795800006
1 2058803318
2
1 3369724516
2
1 2205789763
1 3522074983
2
2
2
1 3605462168
1 2347417037
3
2
2
1 1693333702
2
3
1 3970485
1 1289335265
2
2
2
2
1 2202962493
1 1778362106
2
1 651983809
1 4074199001
2
1 2059570620
3
1 2321742954
2
1 2902397171
2
2
2
1 653977297
2
1 544526205
2
1 1474649239
2
2
2
1 1061680039
2
2
1 2349948119
2
2
2
1 3887874912
2
2
2
3
1 4136037034
2
1 2005426905
1 2703711317
1 4203159964
2
3
2
3
1 3250526493
2
2
2
1 1911509300
1 269299999
2
1 2832163631
2
1 2410327571
1 471902442
1 2231701024
2
2
3
1 2694815659
2
1 3751292113
1 3957461227
1 4059239572
1 3769846070
1 3424542067
1 667625010
2
2
2
2
2
1 3418830373
2
1 4282378557
2
1 73165622
2
2
2
1 2453495618
3
2
3
1 1835899534
1 2833929909
2
1 1850735061
1 2055934737
2
2
1 4187736610
3
1 551472493
1 1581957812
2
2
2
2
3
1 3832063618
3
1 4080080131
1 1576948655
1 2531504920
2
2
1 3729368939
1 263258951
3
2
1 2373668849
1 1088092212
3
2
2
1 1687373728
1 1891769178
3
2
2
1 1647172864
1 1632216463
3
2
2
1 4007302461
3
1 1572556757
1 1297120106
3
2
1 4076955402
2
2
2
2
3
1 1879435363
2
1 3100792666
2
2
2
1 3783662076
3
2
2
1 1697709310
2
1 430715931
3
2
1 1604157147
1 300365172
2
2
1 1328301077
2
1 1997959191
2
2
1 2277572316
2
1 3102024258
2
1 3771308112
1 683823877
3
2
3
3
1 2393052585
2
3
2
1 1969554593
1 4052565038
2
2
2
3
2
2
3
1 2737669323
2
1 4011125567
1 860695850
3
2
1 1704039725
1 2299347556
1 1868714172
2
1 2908591119
1 364848362
2
1 3814665579
2
1 2926285146
3
3
2
2
1 1185303158
1 2554341636
3
2
1 2513860305
2
2
2
2
2
2
2
1 579063937
1 53437110
2
3
1 2701655513
1 33968382
3
2
1 902307820
2
1 2373790062
2
1 4143405576
1 3541900282
2
2
2
2
1 902674445
2
1 3843274074
3
1 3398757265
2
2
1 4068448982
3
1 4112149268
2
2
1 2667927399
3
1 2135039047
1 847103798
1 4252096327
1 3554279853
2
1 2493392833
2
3
1 447056351
2
2
1 600280302
1 1520093387
2
1 722081031
2
1 3559336557
2
2
2
2
2
3
3
2
1 2599697010
2
3
1 2335145085
1 2274873686
1 215421247
2
2
2
1 2405814128
3
1 1014021429
1 3044766342
3
1 1626633663
2
2
2
1 3990817851
2
2
2
2
2
2
3
3
1 3074873894
2
1 437142348
3
2
1 2393949075
1 284208734
2
1 2286545857
1 2758418381
2
2
1 3506595769
1 1649647167
2
1 2361104443
2
1 1450744678
2
2
2
2
1 1451201326
1 3133196859
1 2210607307
1 2099682167
1 2655959370
3
2
2
1 3752570829
2
2
2
1 3177365883
3
1 2765525716
2
1 247524893
2
1 1861659466
1 577317327
2
2
3
2
2
1 3269018275
2
2
2
1 4172896309
3
1 1654782086
3
2
2
1 3800273789
3
2
1 3269444144
2
1 374712808
1 777789803
2
2
2
2
2
1 3383846677
1 3058668938
2
1 1811980082
3
2
2
1 455890041
2
1 2015387830
3
1 1816242118
3
1 55040609
3
2
1 2978934604
2
2
1 725725692
2
1 1471759500
1 320604713
1 3190513027
2
1 3010513702
1 1473224064
2
1 794858737
1 324894104
1 3488666371
1 507991852
2
2
1 344524390
2
2
1 81617424
3
1 2325778024
2
3
2
1 1503480108
2
1 2225701667
2
2
2
3
2
2
2
1 4019857059
1 1378769324
2
1 2730947343
1 2654765472
1 3386741176
1 629447493
2
2
2
3
2
1 1005189112
2
1 72292916
1 2176845817
2
2
2
2
2
2
1 1114212346
1 3690860676
2
1 923781314
2
2
2
1 4216492703
2
3
2
2
1 2159906010
2
1 3221509197
1 2559381732
1 3134707064
2
2
1 176899525
3
2
1 215220331
1 2848132765
1 481781865
1 1407737748
3
1 1019952350
1 1825955581
2
2
1 1791662389
1 20445651
2
1 4263092189
2
1 47229884
1 1991334744
3
2
2
2
2
2
3
3
2
3
1 2770852653
2
1 2113075617
2
2
2
2
1 3677578470
3
1 703899480
2
3
2
1 3337781783
3
2
2
1 3890579890
2
1 4129999472
1 170074413
2
2
2
2
2
2
1 357962818
1 670023389
2
1 734499336
2
1 2056635200
2
3
2
1 253435813
1 3665146102
2
1 2853184558
2
1 3600790751
1 2285150946
2
3
1 2113403709
2
1 2522573964
1 3460132951
1 1549871298
3
1 644820627
1 4263035656
1 1901822817
1 3466147832
3
2
2
2
2
2
2
2
1 3532457301
2
1 3900108539
1 1531254857
1 3918956990
1 1752948464
1 1933794950
3
3
2
2
1 582137620
2
3
2
1 2062075243
2
2
2
1 2999923832
1 309290630
2
1 994191262
2
1 1272421138
1 3419784299
1 2031234735
1 3377869185
2
1 1690695762
2
1 4193581851
2
1 4020208439
1 2211846154
1 1485498103
2
1 1352425444
2
2
2
3
2
2
3
1 453169835
1 741495602
2
2
3
1 625653437
1 2520227903
1 3150856535
2
3
2
2
3
1 3122167653
3
3
1 3070814431
2
1 1092444848
1 2817390497
2
1 575736206
3
3
1 2635994323
2
2
1 340279409
2
2
3
1 3872339000
2
3
2
2
2
1 4093839473
3
1 728878836
3
2
1 1219122301
3
2
2
2
2
3
1 2789297643
3
1 3100640076
1 1248304629
1 180019725
1 2571733924
2
3
3
3
2
1 3624471537
1 9722593
1 2979358977
1 470697597
1 1611749706
2
3
1 2532058820
2
2
1 845671468
2
3
3
3
2
3
3
2
1 1360471825
3
2
1 1129741671
2
2
2
1 3140893910
2
3
2
2
2
1 1976652196
1 2156008856
2
3
1 2709210864
2
2
1 3776421189
2
1 3293162849
3
2
2
3
2
1 1519554570
1 3733781432
1 3986219315
3
1 2334803374
1 3229267940
3
1 2568246422
1 243967667
1 1920720667
2
1 159683117
3
2
3
2
3
2
1 1118300602
1 313504599
3
2
2
1 3120021762
1 1217226167
1 2721633856
2
1 3971544639
2
3
2
1 3390107696
3
2
3
2
2
1 502492844
1 2896044374
2
2
2
2
1 943744427
2
1 3963278584
3
1 4228251081
3
2
2
2
3
3
1 3627027483
3
2
1 4073330079
1 229441003
1 4231093212
1 382152160
3
1 1742083429
1 2768664493
1 2922509462
2
1 1401720170
1 3609949216
3
2
1 2715755211
2
2
1 4183105587
2
2
3
1 3388065510
1 443376407
2
1 1289064572
2
2
2
2
1 3150837267
1 1153071115
2
3
3
1 2512630093
2
2
2
2
2
2
3
1 1407833248
2
3
2
2
2
3
1 1588485640
1 2361466308
2
1 1859346789
1 1016109617
1 2472404816
2
1 3009129219
2
1 2966075556
2
1 203960062
1 4195762525
1 2558682768
1 2724165394
2
2
3
2
3
1 3994386471
2
3
3
1 1857694894
1 2953390263
3
3
2
1 1209505821
2
3
3
1 1795169177
3
1 3014234505
2
2
3
2
3
1 1274405002
2
2
1 546542171
2
1 3944391575
2
2
2
1 478782850
3
2
2
2
3
2
2
1 2535957973
1 3523994757
1 3421301876
2
3
3
3
3
1 2488242125
2
1 1595002348
2
2
1 2127197620
1 4019714498
2
3
3
2
3
2
1 1334357809
1 400486061
2
2
2
2
2
2
1 1664253345
2
1 1987124496
2
2
2
3
1 2458060143
1 77245085
1 1914877693
3
2
1 3714367235
2
1 3059538075
2
2
1 3741934696
1 1006132308
3
1 1628647073
3
2
1 1483689289
1 3696752600
2
2
1 3727917541
2
2
3
2
1 2717180766
2
2
2
1 2386038632
2
1 3110196452
1 1362496808
2
1 3868216454
2
2
3
2
1 132988429
1 1981949629
2
2
2
3
3
3
1 3543672490
2
1 1743065479
2
2
1 1108532923
1 4238530961
2
2
1 3105521150
1 3048845517
2
2
2
2
1 2388057411
2
2
1 3416349806
3
1 1691368930
1 3453514184
1 57682480
3
2
2
1 1873056366
3
3
1 4148974701
1 4030230866
2
1 1103166
2
1 202637125
2
2
2
1 4000061626
1 2916396579
2
1 1449672492
2
1 2160254109
1 1763164745
2
2
2
1 3119273497
3
2
2
3
1 3659487690
2
1 2144873480
3
1 762100446
2
1 3259669984
2
1 355637635
1 264525814
1 2637700821
2
1 1630365783
3
2
1 2106744954
1 3032470759
1 3288911067
1 3900400086
2
2
2
2
1 694318394
1 4223178099
1 942300628
2
3
2
1 891602180
1 2785378493
2
1 549151061
3
2
3
1 3930783891
2
2
2
1 824045877
1 1590127831
2
1 2133489263
1 731798542
3
2
1 1813009667
1 3991281020
2
2
3
2
1 1138094877
2
2
1 2061736244
2
1 4025048332
3
2
1 2971105464
1 3744519456
2
2
1 2899277793
1 507525327
1 1488543857
3
3
2
1 1664257646
3
1 2099119076
2
2
1 1582149199
1 1394762798
2
2
1 3159997809
2
2
1 1578277976
1 1295306812
1 2377325056
3
2
1 667612530
1 1310403626
2
1 85020491
1 183008066
1 2385094886
1 3208934396
1 515290143
2
2
2
2
2
1 3599719621
2
2
2
1 3808154835
1 1937138032
2
1 1712225267
3
3
1 4064829362
2
2
2
2
2
2
1 1342710101
2
2
3
1 2270993917
2
1 3850276073
1 4231158169
2
3
2
1 3912977046
2
1 436562029
1 4128608711
2
2
2
1 4001563663
2
1 3950794730
2
2
2
2
1 2835731287
2
2
1 2105229640
2
2
2
1 1342751220
2
2
2
2
1 850129042
2
2
3
1 392604255
1 3785007662
2
2
2
1 3643177639
3
2
1 1464165803
1 2344986228
1 68280813
2
1 1108735243
2
1 362977601
2
2
3
2
1 2573008525
1 1402961133
3
1 848981082
1 2107299951
2
2
2
2
2
2
1 2356804492
3
3
3
3
1 473399153
1 1681262288
2
2
2
2
2
3
2
3
1 3104398218
3
1 1457753459
2
1 106631539
2
2
1 1652056035
1 1366308430
2
2
1 2758338975
2
2
1 1842212950
2
1 2977568481
1 3441475654
2
2
1 1905901177
3
1 2975177073
3
1 2173411305
2
2
3
2
2
2
1 2706682892
1 3580568638
2
2
2
2
2
2
1 2284904368
1 1391330357
2
1 2413452961
2
2
1 3225681022
1 2937181330
3
1 3708965597
2
1 1659767558
1 774220939
3
2
3
2
1 3349330912
1 969787715
2
1 3178866806
2
1 1955804577
2
2
2
2
2
2
3
1 2923243906
2
1 2764206870
2
2
3
1 4123898718
2
3
1 561902175
1 928227567
2
2
3
1 2510636915
1 2404839410
1 2186369993
3
2
1 4120781139
1 2293848398
2
1 3390212511
1 3034633718
1 1296819259
1 2602614907
3
2
3
3
2
1 3671869438
2
1 3231041610
1 884023944
2
2
3
2
1 3957970371
2
2
2
2
2
2
2
3
2
3
2
2
2
2
2
3
1 3177340933
2
2
1 2073685011
2
1 4166769610
1 3080559138
2
1 3865237452
1 1996090624
1 2801799444
3
3
1 3682098507
3
1 3409796105
2
1 636472789
1 4075947419
2
1 3771832895
2
3
1 1772102438
2
2
2
1 845073856
1 632316686
3
1 531712138
2
2
3
2
2
1 2314421769
2
1 1686108291
2
2
1 3261373485
1 357114134
3
2
1 685001246
2
2
1 1220040209
2
3
2
3
2
2
1 1984557420
2
2
2
2
2
2
1 4171016663
1 2342438981
3
1 1252361192
2
1 1426161029
1 1302291102
2
2
2
1 1887562238
1 3008773992
1 4194787235
3
2
1 2250623085
2
1 796514662
3
3
2
3
2
2
3
1 1885947792
2
3
1 2909562243
2
3
2
2
2
1 4221237718
1 2064670775
1 186022965
1 1673239357
1 3080729169
1 2246244262
2
2
3
2
2
2
2
1 3600899066
2
2
2
2
1 2291690284
2
1 1315551966
1 3299756823
2
1 1336993606
2
1 3617054954
3
3
2
1 731007415
3
3
1 542477903
2
1 1748855947
1 1040594077
1 3474647267
1 1802264061
1 2238059540
2
3
1 1998280238
3
3
2
3
3
1 691666478
2
1 2936522168
1 1482686926
2
1 943589392
2
1 1117107224
1 1582745550
2
2
1 1135997914
3
2
2
1 3766704282
1 353883098
3
1 1633115602
2
3
3
2
2
2
2
1 1343550118
3
1 4273101499
1 3417212933
3
1 1675083540
2
2
1 3235698086
1 3790305912
2
1 3698191329
2
1 2983975936
2
1 4012685080
3
3
2
1 691759330
2
1 176543951
3
1 3925889882
1 3193912329
1 3069003987
2
2
3
1 2953322377
1 3264807071
3
3
1 4117254427
2
2
2
1 2109025881
2
3
1 645528969
1 3065471803
1 316137854
2
3
1 915260854
2
1 1397675576
1 780146959
2
2
1 2848031720
2
1 1955132477
1 1662501434
2
1 46918510
1 3835607511
1 4035654925
3
3
1 573749908
2
2
3
1 2084908322
2
2
2
2
1 2291358925
1 832061529
2
1 2049602067
1 2067210588
1 2011227012
2
3
3
1 3343387662
2
1 3330809757
1 2522181390
1 520155617
2
2
2
2
1 1729539766
2
1 112481919
2
2
2
1 3657245593
1 2942881418
1 1572920388
2
1 1733758439
3
2
3
1 2505349702
3
2
1 3078998005
2
2
2
2
3
3
2
2
2
1 3871877877
2
1 2280012493
2
1 3951261951
1 919884842
2
2
3
1 254606565
2
3
1 2596552797
2
1 114952922
2
2
2
1 299953209
3
1 3140729838
1 3662971413
1 2184688069
2
3
3
1 274169201
3
2
3
1 1954207092
1 572513192
2
1 575494630
2
2
1 453559906
1 654602421
1 1609041186
1 3948007086
2
2
2
2
1 1755135546
1 27102911
2
2
1 138591737
2
2
2
2
2
2
1 4037889165
2
1 2602693455
1 1923578033
1 2307403359
2
1 876690211
2
3
2
1 3185368721
2
1 2950404475
2
2
2
1 2943827680
1 1348419713
1 327609662
1 3833285938
3
3
1 92139096
1 304833658
1 744815801
2
1 1270240934
1 2345122827
2
3
1 3344393100
2
1 2091171798
1 3538785294
2
1 1909887084
3
2
1 3883459073
2
2
2
1 4125737890
3
2
1 3771792046
2
1 3603980076
2
3
2
1 4145917841
1 1253539167
2
1 3809951450
3
1 624084385
1 2724254767
1 4269667964
1 3799541976
1 372315015
2
2
1 1343886089
3
2
2
2
1 3416539657
1 2931756351
2
2
2
2
2
2
3
3
1 3942081149
2
2
3
2
3
3
1 3882559782
2
1 3104774598
3
2
2
1 1800823019
2
3
2
3
1 934707778
2
2
2
2
2
1 3611342439
2
1 2890558153
2
3
1 2812164559
2
1 3478673877
2
2
3
2
1 3931389701
1 562709427
2
2
1 2882530304
2
1 4247379972
1 3992379944
1 228939369
1 3441122674
1 3368396384
2
3
2
2
3
1 3725603870
2
1 3445858242
2
2
1 655995449
2
2
3
2
2
2
2
2
1 1034437707
2
2
1 2910082013
1 1753909891
1 2368278665
2
2
1 1294369935
1 2373392282
2
1 1799776202
2
2
2
3
2
2
2
1 2062963424
1 2091836495
2
2
2
1 2948247407
1 3065686110
2
2
2
1 1582497196
3
2
1 1965324876
2
2
2
2
2
1 4135860586
1 1444108560
2
3
1 1257255389
1 2410093046
1 3741271635
1 1111005502
2
2
2
1 3680128107
2
2
2
1 1179962036
2
1 1065261172
2
2
1 2754884147
2
2
2
1 2741782318
2
1 1304104063
2
1 2924436340
1 3366032204
2
1 2110703684
1 323279685
2
3
2
2
2
1 2786782200
3
2
2
1 3387715366
2
1 2584533087
1 103552122
1 2551961018
1 4117573735
2
2
1 2890050736
2
1 196557448
2
3
1 3937649405
2
1 4262610484
2
1 2419551809
2
1 3255210374
1 2005336576
3
1 3933458438
2
2
1 577277251
2
3
1 3560450491
2
2
1 2972779529
2
3
2
2
2
2
2
2
1 3734198613
2
2
1 3954484658
2
3
1 732732431
2
2
1 1041619727
2
2
3
2
1 821210837
1 2874819233
1 102569786
3
2
2
1 2519665144
2
3
1 3961721118
1 1102321713
1 2283128325
1 2786610819
1 3899462114
3
1 2767912566
2
2
2
2
2
2
2
2
2
2
1 2763944849
3
1 1382755956
2
1 2090348780
2
2
1 2266678371
2
1 3200725220
2
2
2
2
1 1435977183
1 2838744691
3
2
3
3
2
2
1 1135764316
2
1 3736119422
3
2
2
1 3925482807
2
2
1 2382884680
3
3
1 3645795744
1 1834028136
1 526942759
2
2
1 3050416378
1 3482537324
1 33748199
3
2
2
1 2039910692
1 1014478597
3
3
3
1 2493399681
3
2
3
1 1128855765
1 2680803770
1 731694260
2
1 4111440649
2
3
2
1 2985695873
2
2
2
2
1 1357011161
2
1 200930735
2
2
1 2667557661
2
1 1411187737
2
3
2
1 1613270590
2
2
3
2
2
2
2
1 1010854212
1 3755324221
3
1 3640739637
2
1 3034979440
2
3
2
1 330816990
2
2
1 4248488482
2
2
2
3
1 2642572836
2
1 256495198
1 595226863
2
2
2
3
3
1 2397972654
1 397580090
2
2
2
2
1 3327773034
1 302487104
2
2
2
1 1212900
2
2
2
1 2058149149
3
2
2
1 2943214157
3
1 2029511388
3
2
3
1 759739975
2
3
2
2
1 721893234
2
1 883572611
1 4209081018
3
1 3295609588
3
2
2
3
1 2624253032
3
3
2
1 4034463476
1 2423367566
3
3
2
1 911426359
1 2760324507
2
2
2
2
2
2
3
1 4083999421
2
1 1775347975
2
1 1319896882
1 1264226271
2
1 3545396078
3
3
1 2938327995
2
2
3
2
3
1 4026871911
2
1 1010993360
1 2489667580
3
1 3830964844
1 803331148
2
2
2
3
1 1961606533
1 3862409077
2
1 1922017577
1 2791071040
1 2713338031
2
2
1 427728350
2
2
2
1 3409082533
2
3
2
3
2
1 2793647473
3
1 1450279702
2
1 1602944237
3
2
2
1 2186582344
2
3
3
2
3
2
1 96558696
1 2059961561
3
2
2
1 586918373
2
1 3585164589
3
2
1 3171902654
1 7336600
2
2
2
1 1366127913
1 1222846627
2
1 455837818
2
2
2
2
3
2
3
1 3077904050
2
2
2
1 1305382014
2
2
1 2607926520
2
2
3
1 1755534317
3
1 2202607183
3
1 2068499697
2
2
1 955456380
1 51938357
2
3
2
2
2
3
3
2
1 1533452789
1 209996986
3
2
1 1323021068
1 1317577318
2
1 599532952
1 3681183786
2
2
2
2
1 45741015
1 1864610494
2
2
2
2
1 1591787572
1 2880726532
3
1 4187676938
1 40866678
2
2
1 1197375205
2
1 1706108787
2
2
1 1909910199
1 2950324944
1 3549843798
1 1950905976
2
2
1 3009130620
2
2
2
2
1 1940152963
1 575335412
3
2
1 1182825460
2
1 3708103595
2
1 1964852235
1 3306473221
3
3
2
2
3
2
2
1 4182530217
1 1712176838
2
2
1 3016560639
2
1 2338637439
2
2
1 3437222648
1 2216672558
2
1 527485935
2
2
2
3
3
2
1 3838177052
2
1 2317255057
2
2
2
2
2
2
1 389114984
1 26607086
2
2
3
1 2958532228
1 2048225301
2
2
1 445679590
2
3
3
2
2
3
1 740315016
2
2
2
2
1 3387001088
3
2
2
2
1 2254215940
1 2833846705
1 952635942
2
1 1166457185
1 1999102255
2
2
2
1 2910009833
1 551977035
2
3
2
1 2847748774
2
1 882620957
2
2
2
2
1 3410018436
3
2
3
1 3648627593
1 2402793643
1 3644197264
1 2943960187
2
1 2298294907
2
2
1 2195513520
1 2420941001
1 1457761038
3
3
2
2
1 2641576020
3
1 3881325625
1 2025720668
2
2
1 3452537969
2
2
1 125398988
1 2061159371
1 2329177268
2
2
2
3
2
2
1 3549055557
1 2088357800
1 2594002070
1 3665097645
1 2858540447
1 1992543147
2
2
2
1 1351602276
2
1 673593867
2
2
3
2
1 2239188920
1 3018514959
2
1 2407931249
2
3
3
2
1 2480018288
1 3096418617
1 2276425887
3
2
2
2
2
2
1 769639463
2
1 494249728
1 2908170801
1 2106049327
3
2
1 293992963
3
1 4111178452
1 3388736090
2
1 1510978171
1 2502833080
1 3818480745
2
1 771210403
2
2
2
2
2
1 1225699857
1 3917060613
2
2
1 1121888015
2
2
2
2
2
1 319485570
2
1 4050290568
3
2
3
2
2
2
2
2
3
2
2
3
2
3
3
2
2
1 300047696
1 3712815909
2
2
3
2
1 3019158875
1 2642247791
2
2
1 3087037364
1 1171074015
3
2
2
2
2
2
2
2
2
2
1 411037043
2
2
1 767891547
2
3
3
1 1433260768
1 4077636848
2
1 1061686320
1 657578163
2
1 4098542824
1 3555544815
2
3
2
1 3684021118
2
1 1288459838
2
2
2
1 4225123558
2
3
1 1446739052
2
2
1 2782684667
2
3
2
3
3
1 2847109475
3
1 1858012972
1 2302976720
2
1 1790843075
2
2
2
1 2730761649
1 3221374613
1 3153957152
2
2
1 989017071
2
1 2861897494
1 4046623372
2
3
1 66529927
1 2170948900
2
1 2634517094
1 3696810651
3
3
3
1 3706133358
2
1 2485792210
2
2
1 1544726120
1 554936446
3
1 3102715310
1 2618554821
2
1 2475361905
1 2177452268
2
2
1 3638701182
2
2
2
2
2
2
1 930640944
1 959714200
2
2
1 1961692975
3
2
1 1810049260
2
1 619827830
2
2
3
3
1 2923336124
2
2
2
1 3305660639
1 3775482020
2
1 3390897908
3
1 1333332975
1 839287691
1 3176238166
1 1720755081
1 1912698793
3
2
2
1 3714612540
2
2
2
2
1 4269756503
1 2758065518
2
1 4002073347
3
2
1 4008233441
3
2
1 1389737654
2
3
2
1 3591535087
1 2745259517
2
1 2634423238
2
3
3
2
1 813691330
2
3
1 3833575205
2
3
2
2
2
2
1 2325452452
1 1451758854
3
1 3341946916
1 2216811052
3
1 807810577
1 1268428815
1 2385278923
3
1 2589479899
2
2
2
1 583207928
1 3454718462
2
1 2126403105
2
2
3
2
2
1 3618343989
2
2
1 695421672
1 1494173418
1 4294227291
2
3
2
2
2
1 2947197024
1 360021512
3
2
1 3824169050
1 1963575396
2
3
2
1 2040064992
1 899734123
2
3
1 217136722
1 3198947528
1 982296811
1 2954770014
2
1 4289042784
2
2
1 2471795259
1 2121162616
2
2
2
3
3
2
3
2
3
1 2249126754
2
1 75068448
3
1 2891121784
1 2597621268
2
1 1599370315
2
2
1 1354996914
1 1272875666
1 1739917548
1 1652515290
1 439825465
3
1 2728188330
1 1883661975
2
1 3141721134
1 3253155562
1 486990472
2
1 3614663409
3
2
2
2
1 1808178901
1 1379045453
3
2
1 1343660611
1 3602176998
1 744562082
3
1 383031569
2
1 1052572693
1 382821586
2
2
1 1867194191
3
2
2
3
2
1 4081944317
2
2
1 1659179263
1 177928728
3
2
1 1310043384
1 1205554017
2
3
1 721067599
2
1 2430963722
2
3
2
2
2
3
3
1 3715433378
3
1 3926388796
2
3
2
2
1 1465970430
3
2
3
1 3220273452
1 3769131337
1 3466147851
1 2552480851
1 3152591623
1 4127333458
2
2
2
2
3
1 3823832935
2
1 2277673580
3
3
1 2757842880
1 92566994
1 3291384120
1 3453852772
1 2127972245
2
2
3
2
2
3
2
1 905454700
1 3268086780
2
2
2
2
1 3911826287
2
3
2
1 316402258
1 373187281
1 2779268472
2
3
2
2
1 4219033252
1 3489090962
2
1 999630092
2
2
1 2662346598
2
1 2280508969
2
1 3754223587
2
1 706612532
1 594347558
2
1 25299325
2
2
2
2
1 915263698
2
3
1 3488352831
2
1 2454380455
1 1017127401
1 1896133419
3
3
2
2
1 1390754891
3
1 2740396306
2
1 3118282138
1 3801520698
2
1 3356815168
1 1593186327
2
1 614554188
1 3311182722
2
2
3
2
2
1 970487842
1 1268662918
2
2
2
2
2
1 3608023187
3
2
3
1 4098388819
2
2
2
1 528941077
2
1 3413357751
3
2
3
2
2
2
2
1 3566339347
2
1 3819075133
1 2061442685
1 1686172273
3
1 2832628779
2
1 2212287831
1 3403739067
3
1 4119612986
2
1 919123049
3
1 1753145173
2
1 3634985610
1 2442501192
3
1 507141317
2
1 3097974627
1 363811966
2
2
1 2194834646
1 3227829006
3
2
1 1356156117
2
3
3
1 4162955617
1 1021529777
3
1 3973813587
1 561079652
1 2518026498
1 840106916
2
2
2
2
2
1 85880251
1 3594858727
1 3559017151
2
2
1 362281372
2
2
1 186664056
1 4210167289
2
2
1 405765872
2
2
1 4014428020
1 2237837319
1 3190562978
1 215113650
2
2
2
1 2015086697
1 1707308184
1 41280475
2
1 1841955716
1 3699738382
3
1 720575828
1 895941455
2
1 1098484977
1 109864933
3
1 131165118
3
2
1 2882419800
1 3857042550
1 2389491155
3
2
2
2
2
1 4169424841
1 2594765263
2
2
2
3
1 3085139684
1 3081781928
1 2638946224
1 3357063807
1 4021061867
3
2
2
1 1284726487
2
1 2781458982
2
1 3936428682
1 4614217
2
1 1319056177
1 2581554298
2
3
3
1 1516079263
1 3172989696
3
1 920244208
3
2
2
1 828210315
1 644670687
2
1 3361085220
3
3
2
2
1 2869694763
1 4108317735
1 3016173232
1 4002621424
1 718696516
1 226453862
2
1 4029148129
3
2
1 591919172
1 1041953283
1 1581068045
1 1193502416
2
2
2
3
2
2
2
3
2
3
1 1163126219
2
1 2439917278
1 1830273585
1 3071420056
2
1 3734472047
1 4125293184
2
2
3
1 3797538796
3
1 2476986441
1 1882324425
3
2
2
2
2
2
1 2012207814
1 1142871982
1 1159952024
2
1 1324208818
3
1 799789423
2
1 3487481517
2
1 2418293385
2
2
1 3397969504
2
1 4279180438
3
1 3736844298
3
2
2
1 1099188650
2
1 1023446388
1 2265052867
2
2
1 3628941015
1 3119987306
2
1 3789568628
1 1084023681
1 3364747464
1 2835170862
1 3968137339
3
1 1395037287
2
1 723583968
2
2
2
2
2
3
2
2
2
3
2
2
2
2
2
3
1 2789124886
3
1 4089865472
1 4214541775
2
2
3
3
2
2
1 3963333525
2
1 476485966
1 2583214434
2
3
2
2
2
1 2383697152
2
2
3
1 3704724101
2
2
2
1 3961577310
1 288345374
1 3344616294
2
1 3538171960
2
2
1 1864732456
1 2826824907
1 235021509
1 1820397574
1 537599623
2
3
1 3301975082
1 2630497184
2
1 1944105906
3
2
2
2
1 1574342954
3
1 3466351159
1 175294194
2
2
2
3
2
2
2
1 4164842328
2
2
1 3281223900
2
3
2
2
1 380000705
3
2
3
3
3
1 905287693
3
2
1 3263883292
2
1 2324944704
3
3
2
1 2650172659
2
1 516756499
1 1565549487
2
1 2137882857
1 696197801
2
3
2
1 4144739700
2
2
2
2
1 1010074955
2
1 3901692999
1 2833999620
3
2
1 3070266337
1 1818671215
3
2
2
1 2740649261
3
2
2
1 3505286664
2
1 2253722766
2
1 3144121911
2
2
1 1667256220
1 215533800
2
2
2
2
2
1 3844883570
2
2
1 2812007270
1 1823941321
3
2
1 3956129601
1 1684840240
1 3242792757
1 3326493508
2
2
2
2
2
1 3312879450
2
1 1869083743
1 3930263085
1 1637951914
2
3
3
3
3
3
2
2
1 2257848894
2
2
2
2
2
1 1042656130
2
3
2
3
2
3
1 941557720
2
2
1 1285024693
2
2
1 2328548227
2
2
2
1 3341232647
2
1 3335062869
2
1 1371629353
2
1 1462170094
2
1 2221292672
2
1 90667293
2
1 696521744
1 1360652124
2
2
3
1 1327021607
1 3480740850
1 602374464
3
2
1 444159646
3
2
2
1 2874068969
2
2
1 707259639
2
2
1 2016508319
1 861157489
2
2
2
1 2429948522
2
1 2783393430
2
3
2
2
1 3743680216
1 3715138635
3
1 3176495879
1 29644849
2
1 403349328
1 3474447599
3
2
2
2
1 4103901116
1 1444597786
1 3576557903
2
2
2
1 369651523
2
2
3
3
1 3415346969
1 3831894565
1 3539997071
1 3972672320
2
2
2
1 2328905254
2
3
1 264551071
1 378276130
1 3553050568
1 2627726339
1 568534913
2
1 654031678
2
2
1 2322981644
1 129936112
2
1 3169081293
2
1 3406507678
2
1 4075073070
1 675284374
2
2
1 1613249468
1 697501108
1 3277034876
1 4127809313
3
1 3770474904
1 2327843162
1 351909052
1 288957753
1 3516954211
2
2
1 720395740
1 2707059231
2
2
2
3
2
2
1 3848681177
2
1 4236350099
2
3
1 3789360165
1 816334192
1 3355981010
1 2129642452
2
1 2529235960
1 4253380857
1 267860538
1 3391864927
1 2976078600
1 3575584127
2
1 3174488059
2
2
2
2
2
1 2789701306
2
1 3788730938
3
1 4241567921
1 231942256
2
1 2827416840
2
2
2
2
2
1 1514331031
2
2
2
2
1 3919340431
1 1443048431
2
2
2
2
2
1 2059479496
3
3
1 3877370906
3
1 89159955
1 2279114419
2
2
3
1 1661670154
1 4283360435
1 1058340595
2
2
2
2
2
3
2
2
2
2
2
3
2
2
3
1 504346393
3
2
2
1 1315855823
1 3893109985
2
1 1409719683
1 447644800
2
3
2
1 2424494684
2
2
1 697603334
1 2402273858
2
1 2794782252
1 1847417934
2
1 862067977
1 2900811890
1 3280734305
3
2
2
1 525770073
2
2
1 3153546602
1 3791173838
2
2
1 3328193432
2
1 3225840765
1 11357302
3
3
2
1 1433573941
1 2939726846
2
2
2
2
2
2
1 100258386
2
2
2
2
1 3444233043
1 3613857350
2
1 2034088558
2
1 2998289121
2
1 1689766603
2
1 1975681143
3
2
2
1 709994675
2
1 4155512656
2
2
1 2728903701
3
1 26920008
1 2708857947
2
2
2
1 748169878
2
1 2246472717
2
2
1 1486288890
1 2672086231
1 3144845603
2
1 4183765894
1 4253741451
3
1 2312678100
2
3
1 871790095
1 2826755383
1 1305781223
1 3816561806
2
3
3
1 2703344749
2
2
2
2
3
1 3667913450
1 1949718297
2
1 2175014129
1 1044720664
1 2756268492
3
2
1 2660835915
1 2905368906
1 1654946902
2
1 2431083267
1 4170492209
1 2676441001
2
3
1 1950618653
3
1 3381515458
2
2
1 2715625863
2
1 249917591
1 2773478893
2
1 161482676
2
1 3607756739
2
2
3
2
3
2
2
2
1 3989405575
3
2
2
1 3584382681
2
1 3647438331
2
3
1 1542542713
1 4205721717
2
2
3
1 2801817485
1 530006515
2
3
1 3930192803
1 2217993616
1 1291571468
1 789330879
2
1 3763682913
3
1 2744690353
1 2277388909
1 2647683447
2
1 3462029945
2
1 3910414253
3
3
1 3976842002
1 3280015295
1 1141099530
2
1 1456551917
2
2
1 568947114
2
2
2
2
2
2
1 4214515799
1 3608098654
3
2
1 1148011605
2
1 3897297560
1 1535001325
1 2580491518
2
2
2
3
3
3
1 3313347598
2
1 3806198241
3
3
2
1 4271782226
2
1 2198201328
3
2
1 3598257798
1 3930464715
1 892485228
1 3244868204
2
2
1 2591492703
1 2743629675
1 2548288380
2
1 2776905741
3
2
3
3
2
1 2300483481
1 3849149959
1 3721412657
1 42372127
2
2
2
2
3
2
1 3005480508
1 4148743725
2
2
1 2294779553
3
3
1 1015422231
1 4166531998
2
2
1 1977240637
3
1 985905518
1 3512807428
2
1 4185156321
2
1 278935267
1 282307846
2
1 900186071
2
2
2
1 602815172
2
1 2405102156
1 46678250
1 3397695114
2
2
1 776125862
1 3060901470
1 3128379306
2
1 3791145490
1 2155068007
1 1868304278
2
1 1333929969
1 3175029792
3
1 3564968522
1 548001565
2
3
3
2
2
1 941779578
1 1765827919
1 1268941626
2
1 3623477029
3
2
1 4036227559
2
1 560334641
2
1 527649286
1 3429600027
1 3551139314
1 3645383251
2
2
1 2638539353
1 456922865
1 3519017605
2
3
2
1 1045057307
1 944708486
2
3
2
1 3987987960
2
2
2
2
1 1242093828
2
2
2
1 3231093286
1 1521686231
3
1 2297677601
1 365421831
3
2
2
2
3
3
2
2
1 124894668
1 1666369058
1 4101739944
2
2
3
2
2
3
2
3
2
1 1626135928
3
3
1 3818057569
2
2
2
2
3
1 40215977
2
2
1 573372079
2
2
2
1 636251722
2
1 2087935339
1 699326232
1 3385500331
1 4198852758
2
2
2
1 662160659
2
1 2229271530
2
3
3
3
1 2160321292
2
3
2
2
2
1 3096094353
2
1 2159385155
1 2506241891
3
2
3
2
3
2
1 2138114307
1 2271350289
1 287012674
3
1 3757129110
2
1 1658112302
2
2
1 3744218061
1 3204033409
3
2
3
2
2
2
2
2
2
1 2241535715
3
3
2
2
2
2
2
2
2
3
1 3216457287
2
1 472057646
2
1 723830821
3
2
2
1 3208389953
2
3
1 4163412728
2
2
2
2
2
1 1595080775
2
3
1 3249457932
1 2783588470
1 2527986063
3
2
1 2708398990
2
1 1687996890
3
1 2953150269
2
1 4130002224
1 3466364988
1 1166530890
1 2452388857
2
1 4093423292
1 2563412550
1 787716645
1 1002066260
1 1664881489
2
2
2
2
3
1 2370827218
1 2650438141
1 906043382
1 3866681474
1 2815320818
1 3413287881
2
2
1 992224970
2
1 1320927281
1 1453591079
1 2525201563
1 1316492602
1 2460565707
3
2
2
2
1 1662036280
2
3
3
2
2
1 3928307750
1 148049868
1 1985968506
1 2563136212
2
2
2
3
2
3
1 2470718919
2
1 2537687066
2
2
2
1 3203067573
2
1 3722479807
1 1398901499
1 3205296528
3
1 3352667528
3
1 889100941
1 2456008191
2
1 114420169
2
2
1 3491207002
1 1391855763
3
2
1 1398079993
2
1 2629112757
2
2
1 2975043621
1 2854991442
3
3
2
3
2
1 978678705
1 326269655
2
1 2899344858
1 2619135986
2
3
1 1987251437
2
1 218186818
2
1 2062676358
2
1 2796178951
1 1748977300
1 943360759
2
2
2
3
1 3211746678
2
2
1 3669637291
2
1 1924221871
1 2967102893
1 2965168692
2
1 1792425422
3
3
1 1488534764
3
1 448074648
1 204931562
2
1 3466946511
1 1586008565
2
3
3
2
1 1170808782
1 4128434542
2
2
2
2
1 3212404319
2
1 529674926
2
1 480645675
1 3375671723
1 1718879921
1 2444712197
1 3595174179
2
1 187045733
3
2
2
1 1528920045
2
1 2160575797
1 1980275107
1 858511343
2
3
2
2
2
3
1 2885682444
2
1 2373813798
1 3708533437
2
2
2
2
1 2510902343
2
1 3010321112
2
1 1286841942
2
1 2703596939
3
1 688594826
3
2
1 2160732677
2
2
2
2
3
2
2
2
2
2
2
2
1 1838443661
1 2941504671
2
1 1630432548
1 693617889
1 805270408
1 148276495
2
2
2
2
3
1 3461351928
2
2
2
2
2
2
1 840519254
2
2
2
2
3
1 2563262075
1 343166902
3
1 1822856354
2
1 2276940315
1 1248550131
1 3187480570
2
2
3
3
2
2
1 3854633911
1 3205269685
2
1 2684378130
3
3
2
3
1 279765266
1 2879923095
2
2
2
2
1 889260961
2
1 1489637241
1 1989297829
1 4087140205
3
3
2
3
3
2
2
3
1 1044191661
1 1750054358
1 32306825
1 1820119051
1 2029836473
2
1 2283424552
1 3611081463
2
1 1695989917
1 1298256071
1 3227013056
2
3
3
1 3190056889
1 889320835
2
3
2
2
1 2498838304
1 1702463308
3
1 553483710
2
1 2471206400
1 3504327115
3
3
2
1 3200134957
3
3
1 366713746
3
2
2
2
2
1 747624216
1 384706720
2
3
2
1 2573315615
1 3090378828
1 1520714431
1 3102504413
1 1781146291
3
3
1 1689869577
3
2
1 2219160878
2
1 3700498348
2
2
3
3
1 2960877115
1 1085223150
3
2
3
2
2
1 3896176597
2
1 291844484
2
1 2972589542
2
1 545091007
2
2
2
1 4006398443
2
1 2448023574
2
2
1 2805853295
1 1877015762
1 2390421054
1 1460600351
3
2
2
1 281433153
3
3
2
1 792206166
2
1 4257127716
3
3
2
2
1 356796868
1 679091891
1 4007550249
2
1 1789001371
1 2527402241
2
1 4239661067
1 3350494484
1 4249097287
1 3123147095
1 742426271
2
2
2
2
2
3
1 1211592389
1 2148527980
1 4264146695
2
2
2
2
2
2
2
3
2
2
2
2
1 858019312
2
1 767403928
2
2
3
3
1 4005082959
1 325389771
1 186998894
2
1 473615855
1 2476473503
1 754205770
3
1 3755157213
1 1056117939
2
1 909026154
2
1 3912745337
2
1 170353527
2
2
1 783093271
3
1 4206096453
2
2
2
1 3502013045
1 1737992395
2
2
2
2
2
2
1 24110943
1 3745910748
2
1 3166449176
1 2676930716
2
2
2
3
1 1034923061
2
2
1 3241269815
2
3
2
2
2
2
2
2
1 18212646
2
1 2358301795
1 3639845137
1 816910481
2
1 853282058
2
1 41552878
3
1 618622065
3
1 2878284645
2
3
2
1 3103621918
1 3011905452
2
1 4148947660
2
1 413033878
2
2
1 3374320884
2
1 705315873
2
1 52674288
1 1096751536
2
1 3866154920
1 676702713
2
3
1 3164448820
1 812418180
3
1 2197188614
2
1 3653754522
1 147342196
2
1 1107480923
1 1992035170
3
2
2
3
3
2
1 1725735648
2
2
2
1 2692348003
1 1454974136
1 3226514135
1 1589856438
1 1639209461
2
2
2
2
2
3
2
2
1 2461361535
1 2771804373
1 1118919023
2
2
1 385784555
1 3811982558
2
1 1132561804
2
2
1 1172994347
1 978195644
2
3
2
3
1 3836923565
2
3
3
1 164092154
2
1 2558525844
2
2
2
3
1 2661879332
1 231273244
1 655909819
2
1 798166784
1 504515783
3
3
3
2
1 3104946181
1 2570366184
2
1 31573808
2
1 850317213
1 3292925214
2
3
1 1627061153
1 1580021911
2
1 124180369
2
1 908717834
3
1 345225188
1 319846111
1 2571168911
3
2
2
2
2
1 2346945641
2
3
2
3
1 2035568972
2
2
1 3904850282
3
3
1 3147812480
1 4053207154
1 232231163
3
2
1 1270015219
1 830901192
2
1 654787005
1 2499372121
1 229803727
1 2762365345
1 3851820293
3
2
1 1891407859
2
1 3092686795
2
2
1 268590924
1 4237980936
1 890469117
1 586113298
2
2
2
2
2
1 2426080940
2
2
2
1 3118118048
3
1 2301034701
2
2
3
2
1 1646748846
2
2
3
1 2805695987
1 1497390760
1 2732780988
2
2
2
1 136197480
1 1935447345
1 301936619
1 777628599
1 3787711601
1 2149801105
1 3374704710
1 1780608329
2
2
2
2
2
2
2
1 1563024846
2
3
1 1776252570
2
2
2
3
3
1 354746595
1 1473831043
3
3
2
1 3338929635
2
2
2
2
3
2
2
1 228885354
1 1925428557
1 1494966532
1 462612141
2
1 3306181740
3
2
1 136650009
2
2
3
3
3
1 167139411
2
2
1 360503129
2
1 4251636769
2
2
2
2
2
3
2
1 1669384443
1 1558452412
1 1500975913
3
1 3893230283
2
2
3
2
1 1148963756
1 1885706042
3
1 4004423574
1 456579060
1 3794360944
1 4106986575
3
2
3
1 4194524099
2
3
1 436982547
1 1651649369
1 632533487
3
2
2
3
2
1 3624969654
3
1 3522880802
1 3926492966
1 2984882486
1 533011952
3
1 1603322525
1 1375261770
2
1 2734849002
1 3907904119
1 154908862
2
1 3681117528
1 402455382
2
1 2364052263
2
2
1 1513806906
2
1 2131572299
2
2
2
3
2
1 1339158513
3
2
2
1 466326783
1 734961472
2
1 2591185465
2
1 1469060607
2
2
2
2
3
3
2
1 2736957865
2
1 3488628292
2
1 888955088
2
1 3921691512
1 151026561
2
2
1 1972713303
2
2
2
2
1 1749742993
1 3988224414
2
2
2
1 1947652906
2
2
2
1 2589522590
1 2907099411
1 3570345126
3
2
1 227571939
3
1 3468007642
1 3872404851
2
2
1 1686673876
1 2098943555
1 2175593731
2
1 3405301604
2
2
2
1 3382482327
2
1 1530609842
3
2
1 4154174045
2
2
3
1 1530183009
1 1975439105
1 1743041331
1 3136062793
2
1 3991197280
2
2
3
1 3311919902
1 1012165740
3
2
2
1 581285442
1 1256292779
2
2
1 1487376071
2
1 3916961102
1 1063426502
3
2
2
2
2
2
3
2
1 2633183711
2
2
1 593156370
1 934886994
1 478399298
1 4262674127
3
1 2679377865
1 1154201842
1 3600155842
1 752951416
2
2
1 3662725869
1 628290646
3
1 1989628166
3
1 1464487697
1 1271788762
1 1019091009
2
2
1 1924936944
2
1 4065778023
1 1147442964
2
1 496222488
1 859142347
1 1512594046
2
2
2
3
1 1055416008
1 1013366207
2
2
2
2
2
3
2
2
1 2547637028
1 4015929936
3
2
1 2484912568
2
1 2935331046
1 2827564135
2
1 941230295
1 2620450850
2
3
2
3
1 3258034911
1 1447467042
2
2
1 2712203952
2
2
2
2
1 2841035070
1 2240791675
2
1 3853702059
2
3
1 3751453235
2
3
1 926702957
1 2765353204
3
1 2450374857
2
2
2
2
2
1 1741247135
1 2768146128
1 32751254
1 1178899948
3
2
2
2
1 165664136
2
2
1 3483728544
2
2
1 568669859
1 2866019020
1 3096826881
3
3
1 1438574601
1 1329860339
1 2702866842
3
2
2
2
1 4085825148
2
2
1 2354842555
1 2079195097
2
2
2
1 35997117
2
2
2
2
2
2
3
1 4266486956
3
2
2
2
2
2
2
1 1118880830
1 3244949537
2
3
2
2
1 3033683247
1 3029400552
3
3
1 3590345343
3
3
3
2
1 849513436
1 3551059429
3
2
3
2
1 742715413
1 3354948146
2
3
1 3126421433
2
2
3
2
1 2433087051
1 3881623400
2
1 2366307174
2
2
2
2
3
3
1 536831863
2
2
1 3041859560
2
2
1 968543627
3
2
2
1 527847790
3
1 1014947292
2
2
1 233124583
2
2
3
1 3567265130
2
2
1 1616309740
2
2
3
2
2
2
2
1 147953672
1 2019922226
1 1371224297
2
1 1027155529
1 1789281353
2
1 3294559140
1 91334151
2
1 1959705815
2
1 1492498114
1 871874178
2
1 184952749
2
2
1 3279317526
2
1 888610993
1 4127937990
1 2955860476
2
3
2
1 947386942
1 4249526721
3
2
1 3791443627
2
3
1 2090326954
1 1085063608
1 3543875968
1 1097556572
3
1 1999533616
2
2
1 3232422596
2
2
2
1 2634829939
2
2
3
2
2
2
2
2
1 158427182
3
1 1232013848
1 1770580974
2
3
1 455865244
3
1 3403356344
3
2
1 1612550598
1 3456522385
1 2604882455
2
2
1 633342100
2
1 2549053635
1 3629974905
1 2628944882
2
1 3660900065
1 2104051915
2
2
1 348360251
2
2
1 1321818492
3
1 331751
1 1399910837
1 1441375934
1 1935583075
1 1795006276
2
1 1965972899
3
2
3
1 840874252
2
2
3
2
2
1 394947477
1 1283422146
2
1 1648381678
2
2
2
2
1 1221793562
2
2
2
2
1 4223700174
1 3479700499
2
3
1 75683440
1 596506965
1 999799496
2
1 3997846319
1 2860780547
3
3
1 2000507831
2
2
2
2
1 3787840989
2
2
1 299704983
3
2
1 1136662253
2
1 1281890400
1 1063471957
1 1532445619
2
2
2
1 2815328035
2
1 934895441
1 898351394
1 201045938
2
2
3
3
3
2
2
1 3970485925
2
2
1 3825994122
2
2
2
2
2
1 3888889152
2
2
2
1 162954490
2
3
1 158905786
2
3
1 3576903190
3
1 3995809396
1 3170622805
1 1099847005
3
2
1 2130994036
3
2
3
1 985870898
1 1536536884
2
2
3
1 602518537
3
2
2
1 2182948014
3
3
1 686436335
2
2
3
2
1 616211782
1 150810930
1 3121758566
2
1 1296101145
1 327113674
1 3231269022
1 157180894
2
2
2
1 551892291
1 2812402806
1 208749045
2
2
2
1 2477650768
2
2
2
1 3888031911
3
1 3944926606
2
2
1 1861017789
2
2
1 159325208
2
1 3162235219
2
2
2
1 2275311599
2
2
2
2
2
3
2
3
2
2
1 1889590229
2
1 818401652
1 1015966744
1 3727660544
3
1 3271587130
1 2361225088
3
1 1828431130
1 1616622192
2
2
1 21147029
2
2
2
1 2803223778
3
2
3
3
3
2
2
1 4114945475
1 2109193043
1 2981467298
2
1 361683214
1 3248605016
1 4169177718
2
2
1 3125718630
2
2
3
1 3620683687
3
1 3951875678
1 570521432
2
2
2
3
1 1405023958
3
1 3980059278
1 4074830464
2
2
1 868782756
1 2169513844
1 2899040997
3
2
2
2
1 923302891
2
2
1 2086484117
1 3749151215
2
2
2
1 3516470242
2
3
2
1 3128163226
1 1905862066
2
2
2
1 1443348772
2
1 1986408513
3
1 3227385096
3
2
3
1 2297375692
1 2337615123
1 87926634
2
2
2
2
1 3502762253
2
1 3422976460
2
1 107938153
1 704447048
2
1 1355423067
3
2
1 3043298126
1 294252302
1 1252683738
2
3
1 2256233996
3
2
3
1 1858741563
2
1 564704225
1 1338762214
1 2222903635
2
2
1 3008923910
1 3374470764
1 3812260002
1 3008504131
3
2
2
1 4265087147
1 3856920326
2
2
2
3
1 4153002243
2
1 1808754213
2
1 1800661492
3
1 1996424915
2
2
2
1 1334310001
1 1701695122
1 2087810643
3
1 2564393465
2
2
2
3
1 1683151923
2
1 3908804869
2
3
2
3
1 4110278306
1 2910126383
1 4108576983
2
2
2
2
1 2715213604
2
2
3
2
3
1 2808594243
2
2
2
1 332381302
2
2
1 1356736273
1 1958746995
3
2
1 2792339411
2
2
1 2942941155
2
1 3209985387
3
1 1681897652
1 549100458
1 3111784626
2
2
2
2
1 3309834209
3
1 3185045896
2
3
1 45394294
3
2
2
1 2928420478
1 1351267605
3
2
1 139520514
1 449489093
1 2624570006
2
2
1 2196543939
1 2075094679
3
3
2
2
1 111906455
2
2
1 716040972
1 3339295984
1 3577013716
1 1874592696
2
2
2
1 2485302809
3
3
2
3
2
2
2
2
1 392139383
1 283020269
1 2104990432
3
2
1 3747671912
2
1 3643150207
1 428212979
1 196321033
2
2
2
3
2
1 1302552050
3
2
1 2043966702
2
1 1991107425
2
2
2
2
1 481406702
2
2
2
2
1 132956938
1 192595479
2
2
1 1236609043
1 312336748
3
1 859723022
1 58152564
2
2
2
1 497870888
1 2236824906
3
1 1521004096
1 3946644517
2
1 1098358431
2
2
2
2
2
3
1 3956186965
2
2
1 151905707
1 1587697329
2
2
1 3731280894
2
2
3
2
2
3
3
2
1 61602691
1 2364671010
2
1 2645151072
1 2757527437
1 365030675
3
1 1752541731
3
1 1917941088
1 1155650920
1 1305104335
3
3
2
2
1 2794766586
3
2
1 3198277207
1 1791092581
2
1 1258839655
2
2
1 2776536671
2
2
1 2258146969
2
3
2
2
1 273526295
2
3
1 171414743
3
3
2
2
1 3208761992
1 427841595
1 1551517327
2
1 3358579276
1 585578503
1 314426374
1 1020925594
3
1 2608091706
1 471118854
2
3
2
1 584148131
1 812819043
1 1545002703
1 2718417806
2
3
2
1 291879691
1 3042573726
1 1842433917
1 3858782337
2
2
1 2507340307
2
2
2
3
3
2
3
1 1639257364
1 1999612428
2
3
1 3917363049
2
3
3
1 2478174511
2
2
1 1824526076
2
1 218222262
3
2
2
1 3972846056
1 4199433200
2
1 876520941
1 2011463645
2
1 4028982383
2
1 1763124745
1 4138203055
2
2
1 655600794
2
3
3
2
2
2
1 4235694898
1 2901567691
2
1 2107472171
2
1 21758045
3
1 4172421228
2
2
1 4035116757
1 2021595807
1 1970389805
2
1 1516446406
2
2
3
2
2
1 2407301173
2
2
1 920740430
3
2
2
3
1 3717100264
1 3387554951
3
2
2
3
1 3985481705
2
1 3595619748
2
1 1668446636
2
1 3032313973
2
2
2
1 1354830035
2
1 3278295207
1 1108004215
2
1 790395909
2
2
2
2
2
1 2264882576
1 1632122940
2
2
2
1 2205444494
2
3
1 2813790758
2
1 2028030372
3
2
1 4032974967
1 448822757
1 944066836
2
2
1 1276858880
3
2
1 3321715162
1 46021772
1 222472558
2
1 2810316350
1 134336289
2
2
1 4212159309
2
3
1 415531608
3
1 4069722831
1 3692130143
2
1 2803749750
2
2
1 1591499280
2
1 3425269812
2
2
2
3
1 2334205456
1 1508735644
1 4062578422
2
2
1 589733464
3
1 789094941
2
2
1 3950071047
2
1 645209401
2
3
2
2
2
2
2
1 606552474
3
2
1 1067590579
1 152710450
2
2
2
2
1 2915440795
3
2
1 126155059
2
1 2174522162
2
2
3
2
1 1065661017
2
1 2047019893
2
2
2
1 4417839
2
2
1 1758349008
1 1084724931
3
1 4248300755
1 3850648457
3
3
1 2798994595
3
1 687970950
1 415362445
2
2
2
2
1 464213945
2
1 542286450
2
3
1 309239758
3
1 2382758760
1 186980286
1 1966376618
2
1 993114575
1 2525302580
1 3144632017
1 568271719
2
1 2457785784
2
1 4140282798
1 3323597795
1 4106482119
2
1 836818660
2
1 729070871
2
1 653962638
2
3
3
2
2
2
2
2
1 221538034
1 3184272371
1 3207478751
2
3
2
1 1587695848
2
1 852228704
2
2
2
1 1954753249
2
2
2
2
1 1593547152
1 3677554077
2
2
1 480606280
1 2410648949
2
1 3657168764
2
1 458087965
1 4091378073
2
1 290821306
2
1 3436329938
2
3
2
1 3891247482
1 3067152962
2
2
1 2602668612
2
3
3
2
2
2
1 2134537819
2
2
1 4240547697
2
2
1 2944525092
2
1 1502987800
2
2
2
2
1 1474322574
2
2
2
1 3405061679
2
2
2
2
3
2
2
2
2
1 4056624159
3
1 515060462
2
3
2
3
1 4023056426
3
3
2
3
2
1 3482878149
1 3316654586
2
1 1071053518
1 4285581358
2
1 2424790844
2
1 3533136682
2
1 2677199141
3
1 178588451
1 662526711
3
2
3
2
2
2
1 1826169605
2
2
2
1 3531006938
3
3
1 653856885
3
3
1 3365103235
1 1270326369
1 742380088
2
1 974697180
1 3591690001
2
3
1 3915322128
2
1 1378140476
2
2
2
3
2
1 3890145923
1 1247255996
1 3432386050
1 1034444450
3
2
3
2
1 225848721
3
2
2
2
1 1503532911
2
1 1558218870
1 3489026087
1 685866814
3
1 105953134
2
2
2
2
1 151351641
1 2364525830
1 3256576317
1 1042318233
1 4120737253
3
2
1 2464027979
2
1 174798700
2
2
2
1 4073740853
2
1 1674082422
1 3546536607
1 3224165660
1 1126758170
2
2
2
2
1 4006472357
2
1 1269439084
1 1437373840
2
1 3823529537
2
2
2
3
2
1 2348496998
2
2
2
3
1 1126017868
2
1 1549155284
1 3861270334
2
2
1 3204083355
2
1 2184821094
2
1 3797539383
2
1 3101924683
2
2
2
2
2
1 1720819175
3
1 3073222358
2
2
2
1 819923310
2
2
1 782257843
1 3931510926
1 67522199
2
3
2
1 3819927297
2
2
3
1 2046757678
1 3519562856
2
3
1 629459209
1 91195414
2
1 3163627835
1 4100396005
3
2
1 840797207
1 183639199
2
2
1 1623409246
1 3107122861
1 1221276954
1 1038156776
1 3858559886
2
1 2999674449
1 604254761
1 722559259
1 2602124082
1 4191365714
1 4011183979
2
2
1 941147902
1 4261322826
3
1 3305474727
3
3
3
1 603356869
3
1 1482578379
2
1 595527021
2
2
1 3556831777
1 3738131605
1 1050509526
2
3
1 2253577996
2
2
3
1 2558009296
1 1743869591
3
2
2
3
2
1 2111856866
1 1441585665
2
2
3
2
1 717978786
2
2
2
2
1 66270117
1 2885329792
2
2
1 4190504371
2
1 236709511
1 1060753686
2
1 2815458996
2
2
2
1 2544183627
1 1846842159
2
2
1 422040592
2
3
3
1 2024572707
1 1558659916
1 3960067953
2
3
2
2
1 2133402208
2
1 1756369644
1 1240003063
3
1 2225611396
2
1 4022151058
1 3588344254
2
2
2
2
3
2
1 2343754178
2
2
1 2077199968
1 594782400
1 994411671
1 2729890094
2
1 4145927580
3
2
1 1657329009
3
3
3
2
1 1577648695
1 532662493
2
2
2
1 540185416
2
1 2460937571
1 3756592496
1 2141062000
1 1680603384
1 1865016845
1 1618484698
2
1 1846612783
1 2566392322
2
2
1 471225421
3
2
1 4173331821
3
2
3
2
1 3019896000
3
3
2
1 406014464
1 2269795658
2
2
2
2
1 4180947756
2
2
1 1444840101
1 1592630014
1 2148788569
3
2
3
2
1 2149411923
1 269544386
2
2
1 2868423073
2
1 3856360969
2
1 1774792653
1 1073745353
2
2
3
1 3229778263
1 3667929067
2
1 1949742060
1 1469524279
2
2
1 859724822
1 548480514
1 3194475872
2
2
3
1 2581825625
2
2
1 2445249679
2
2
3
2
2
2
2
1 3933005994
3
1 1560238427
2
2
2
2
3
2
1 519833233
3
1 2186456457
1 2798427392
1 2122387003
1 3788334354
2
1 1876343421
2
2
2
2
3
2
2
3
2
2
2
1 3593547154
2
2
2
3
2
1 2953997523
2
2
3
2
2
3
2
1 1996553828
3
3
2
1 3555401719
1 1824047380
3
1 772887319
2
1 77054034
1 855085203
1 3186489884
1 1230005923
1 959176497
2
3
1 2860485369
1 4197518705
2
1 2254290308
2
2
3
2
1 712799193
1 42718545
3
2
2
3
2
2
2
1 375582270
2
2
1 1330720263
2
2
3
2
2
1 3883218822
2
2
2
1 2313756761
2
1 4128884954
3
2
1 3308655539
1 3794459710
1 3504672590
2
1 88180004
1 1754205813
2
2
2
1 765922822
2
1 2449547275
2
2
3
3
2
3
1 3173563413
1 3542091680
1 1400944104
1 416436354
2
2
2
3
1 1695271487
2
2
2
1 3064677745
2
1 1325529914
2
2
1 191775133
1 2263069453
1 3885915642
2
2
2
3
2
2
1 2527584867
1 3622348458
2
2
3
2
2
2
2
1 2527459787
2
1 3554238636
1 3019652374
2
2
2
1 2311870829
2
1 1601483743
3
1 1865464265
2
2
3
2
1 653811726
2
2
1 2333664468
3
1 1217945924
1 1225566038
1 2074517780
1 4253698663
3
1 1669474644
2
3
2
2
1 849369225
2
2
2
1 626164176
3
3
3
3
2
3
3
3
2
1 899495697
3
3
1 815579504
2
2
1 2659519102
3
2
3
2
1 2401904212
3
1 123929024
1 3664313686
2
3
1 1603779128
1 3434017296
1 2135762265
2
1 2137430752
1 2855245983
3
1 2103877898
2
3
1 212476790
2
1 2377740933
2
2
2
1 2955679308
2
2
1 3191935070
3
1 125271502
2
1 412188070
2
3
3
2
2
2
3
1 4252252392
3
2
2
1 2202181883
1 1261435698
1 4236867631
2
1 553855842
2
2
3
2
1 3890007834
2
2
1 701900582
3
2
1 2465086459
1 3683252119
2
2
3
2
1 1490580275
2
1 3417622600
1 4293346882
2
2
1 3182210787
3
2
2
2
3
3
1 226084801
1 2247043631
2
1 341614058
2
1 1724788693
3
3
1 3679396099
2
1 3743128730
2
1 3630700701
3
1 3430877652
3
1 2096475155
2
2
2
3
2
1 547773669
1 1817575364
2
2
3
2
2
2
2
2
2
1 299242155
2
3
2
2
2
1 242123744
1 1587005161
2
2
2
1 2772525866
1 2301225096
3
2
1 3459708001
1 1145858155
3
1 31720253
1 1265709980
1 3409464100
1 954758450
2
2
1 1576709101
2
1 2935108207
2
1 2432279550
2
1 3334328008
1 1342274276
2
2
2
2
2
1 2616828931
3
1 2506844577
1 3260928497
1 1559815825
2
2
1 1817674070
2
1 3356747798
2
2
1 3283822792
2
2
2
3
3
1 3994777785
2
2
1 2961797897
2
3
1 796995090
2
2
1 3986162869
3
1 1153470263
2
1 1937627082
2
1 637093390
3
2
1 1489338734
2
2
2
1 1833653373
2
2
2
1 2569819457
1 3774772188
1 2097802094
2
3
1 1313488539
3
1 1423457861
2
2
1 2088779770
1 3987518650
1 334384379
2
1 3393730085
2
2
2
2
2
1 3333458692
2
2
3
1 443952716
1 647019369
1 2922318717
2
1 2206709101
2
3
1 536006914
3
2
1 1964551168
2
2
2
1 4161257282
2
2
1 166490629
2
2
1 1672072468
2
2
1 2949196587
2
2
3
1 3711434754
1 3053483404
1 952562369
2
1 1003963006
2
1 3928616893
3
2
2
2
2
2
2
2
2
2
2
2
2
2
1 1529861401
3
1 1515071676
1 2464367226
1 2524183514
1 1585599141
1 1457781044
2
2
3
1 823840409
2
1 3674485085
3
1 2377090978
2
3
2
2
3
3
2
1 628711718
2
2
3
2
1 767599620
1 2998370632
2
2
2
2
2
1 3165840153
2
1 1806264020
2
2
1 4095272802
1 1229115806
1 3316030987
2
1 3939606001
3
1 1424200273
2
1 2493284629
2
1 3619458224
1 4195840507
2
3
1 4112104188
1 1360411674
3
2
1 2666362072
2
2
2
3
2
3
2
3
1 3755919144
1 509931940
2
1 2397380589
2
2
1 1376433964
2
1 1986038395
1 1378320035
2
1 3101442764
1 1880777982
1 4244513418
1 1522520499
2
2
3
1 421879257
1 216778294
2
2
2
3
1 1198831490
1 3203103804
3
1 186029840
1 3867618105
2
1 910409463
1 2099046635
2
2
2
1 3576233745
2
1 3224374082
3
2
1 2281979569
1 297122986
2
2
2
1 2919460432
1 3577178889
2
1 3778998922
1 1270371905
2
3
3
1 4079180567
2
3
1 106968126
2
2
1 2529020204
2
1 2324512550
2
2
3
1 2675299364
1 2196335175
1 2416384106
2
1 2423984020
1 1913672409
2
1 533504478
1 359767998
2
2
3
2
1 2651695155
3
2
3
1 2318460693
2
1 1559034530
1 1085375972
2
2
1 787537345
2
3
3
2
1 2237668819
2
1 2274406539
2
2
2
2
2
1 3090057333
2
3
2
2
2
2
2
2
2
1 886653241
3
3
1 3200640461
3
3
3
1 3406930319
1 1635918352
2
3
1 2461258200
2
1 2215213290
1 1868787883
1 3512308553
2
2
2
2
3
1 572178071
1 1868009043
1 1952828978
2
1 776892548
1 2167052961
2
2
1 3352845212
3
2
1 3687164094
2
2
1 1293167637
2
2
1 3532944201
3
1 3758218652
2
1 716361650
2
3
3
1 2332763628
2
3
1 2627111338
2
1 432322325
1 2737116993
1 599458441
3
2
1 2295133921
1 1775644882
2
1 3652955858
1 3539305468
2
1 630518978
3
2
2
2
1 2928923925
1 1294147288
2
2
1 2823265426
1 2455780303
1 517020932
1 3420021597
1 1452541365
1 601474675
3
1 1010248515
2
3
1 3741012690
2
1 387540413
1 1065120531
3
2
1 1479494795
2
2
2
2
2
3
2
2
2
2
3
1 295124387
2
2
2
1 2656954579
2
1 670613249
2
1 241411491
1 171188176
1 1551520585
2
1 349249194
1 1109101252
2
1 1811688985
2
2
1 528953480
2
2
2
1 3963963958
2
1 1626025793
3
3
2
1 3326023899
1 1458803025
2
3
2
1 1447451988
2
3
1 838445062
1 2459128502
1 1693709801
3
2
3
2
2
1 253496771
2
1 1043707875
2
2
1 3284801654
1 95130229
2
2
1 1830095999
2
3
1 2748763445
1 2329111517
3
2
1 1831757465
2
1 809742651
2
1 3267804898
3
1 2142423702
1 2106722657
3
2
1 4050785740
2
2
2
1 2276383534
1 1990499540
3
1 1134235023
2
2
3
3
2
2
2
3
3
2
1 2329883415
2
2
2
1 219962464
2
1 3738501243
2
3
1 2945092371
2
2
1 3451717367
3
1 922308418
2
1 2667482032
2
1 2943051057
2
2
1 1232996492
2
1 2218039664
2
1 2224792292
2
2
2
1 1212137085
1 3326543649
1 947216146
2
2
2
1 752233846
1 2138177840
3
3
1 3538038848
2
1 4167927298
2
2
1 4111603246
3
2
2
2
1 1733486538
3
1 1115899142
2
1 3334368826
1 248680002
2
2
2
3
1 1158577071
2
2
3
1 3455544640
2
2
2
1 203569394
1 167219549
1 1898998064
2
3
1 387590130
1 2383730226
3
2
1 2950884555
2
3
2
2
2
1 2856286055
2
1 1359269426
2
1 792173737
1 776405009
3
1 142804957
1 3804628590
2
1 1470613375
1 1673098301
1 4153118812
2
2
1 280796944
1 3116324155
1 2508215025
2
2
2
2
2
3
1 3114798568
2
1 482338258
3
1 3809090418
3
1 1257316048
1 1927154728
3
3
3
2
3
2
1 3727649148
2
2
1 1069530018
1 628289239
3
2
2
2
2
2
2
1 2379316842
2
2
1 4228265979
2
2
2
2
1 2549064790
1 2965794853
1 1237071599
3
2
3
2
2
1 1059651088
3
1 2507464187
2
1 570789422
3
2
1 3590652262
2
2
1 194307826
2
2
1 4067810935
2
2
1 1826886774
2
2
1 640270120
1 709883598
1 3728782983
2
1 1788479255
2
1 648018001
2
2
3
1 1327691906
1 3269763680
2
1 2545225261
2
1 3259646204
1 3927949047
1 2811366480
1 2163848399
1 717954444
2
2
1 401464406
2
3
1 1276469786
2
3
1 1544226067
2
1 1381117695
2
2
2
1 2599621950
1 3349667898
2
2
2
2
1 3040146693
1 2458494128
1 124561667
1 1846857591
3
3
2
3
3
2
3
2
2
1 2793111282
1 1777380992
2
2
2
2
2
1 3547483067
1 4260561788
2
2
3
2
2
2
1 2797772772
1 713700778
2
2
3
1 2492882646
1 1029289392
1 2204612098
2
2
1 759474156
2
2
3
2
3
3
2
3
2
2
1 2244346770
1 4267121180
2
2
2
1 2256540766
1 3066225805
3
1 856179007
1 1118802414
2
2
1 2764654499
1 1072474644
1 2597120586
2
3
2
3
1 1834369072
3
2
1 1116395961
2
1 1408232020
2
2
2
2
1 1411070808
2
1 3221543915
1 3304223857
2
1 3956651507
3
1 717311414
2
1 3760461338
2
1 924522416
1 2117325861
2
1 1002037775
1 1289672532
3
2
1 297294245
3
2
1 1844264802
2
1 3409297911
2
2
1 2780881284
2
2
1 2194988325
1 1918019018
2
1 927810589
1 589561931
2
1 1460942577
1 4209287293
1 1464001231
2
2
2
2
2
2
1 2501399253
2
1 440409079
2
2
2
2
1 1848512656
3
2
1 2337949753
1 1751709522
2
2
2
1 3705237308
2
3
2
1 3885617412
1 258391579
1 396236011
1 2757639091
3
2
1 1287475505
1 4157624214
1 1373546629
1 1233819484
2
2
1 2924810194
2
1 657856770
2
3
1 3465099310
1 1895824047
2
2
2
3
2
3
1 1442922477
3
2
3
3
1 1066287400
1 1487455723
1 780779098
2
2
2
3
2
2
1 2769306731
1 271047512
2
1 3919196549
1 1144500262
2
2
3
3
1 443545013
3
2
2
1 878272877
3
1 2487797802
2
1 2537986430
1 3471065830
2
3
2
2
2
1 750083011
2
2
1 3747281530
1 1379325246
1 3769603825
2
2
2
3
2
1 2544303160
2
3
2
2
3
1 3303679960
2
2
2
1 1880379975
2
2
1 65140514
1 3702131266
1 1453864685
1 1838546329
1 3014427372
2
1 1745884020
1 374406822
3
2
1 2188745474
2
2
2
2
2
1 2403202107
2
2
2
1 2042604617
1 3149080636
1 1244345290
2
3
2
2
1 1542820484
1 3944217163
2
1 691052434
3
1 855807946
2
3
2
1 3680153612
3
2
3
1 2540969771
3
3
1 2247130957
1 1297719599
1 399134293
1 2502484238
1 3121469987
1 1281977157
1 38006259
3
1 1196476571
3
1 1259303795
3
2
1 3765320216
2
1 1760532252
1 1058699106
1 3657353665
1 4246077132
1 3308997055
1 2135865463
2
2
2
1 3762125293
1 2438287369
1 227986520
1 2350879515
1 4276201638
2
1 3098324856
2
1 4247249579
2
3
2
2
2
3
2
1 2393044786
2
2
2
1 850737987
2
1 3535948702
1 1737884432
2
1 1558951935
2
3
3
2
2
1 3873472098
2
2
3
2
2
1 3991874256
3
2
2
1 2591459772
2
2
1 1592850510
1 2991732626
3
2
2
1 3075214421
2
2
2
3
2
1 3856073522
1 395916371
2
2
2
1 3558855157
2
1 3389958982
2
1 80603235
2
1 4138234347
2
2
2
3
1 2661722231
2
2
3
2
2
2
2
1 1117102783
1 3075012396
3
1 3128341389
3
1 1441846263
1 604174107
3
1 4192685201
2
1 2485940345
1 3890353869
1 3414682995
1 1845293575
3
1 2356509362
1 367748688
2
1 3723441087
1 3745298869
2
3
2
2
1 1155863051
1 2953616786
1 3435754000
2
2
1 2146489998
3
1 2203682046
3
2
1 502577969
1 2836323201
3
1 3157584077
3
2
2
1 278768655
1 2459039272
2
2
1 1260167699
2
1 2281021872
2
2
2
1 803897548
1 655109778
2
1 2625413736
2
1 2708743268
3
2
2
1 3579893279
2
2
2
2
2
1 1193970961
3
3
2
2
3
1 1527335427
1 3733243926
1 350403853
3
1 1338080825
1 2856060441
2
3
1 1664982280
2
1 3969340533
1 283461609
2
1 2395026523
3
2
3
3
1 3067889677
3
1 915710714
1 1590613758
2
2
1 2993409269
1 3911475133
2
3
1 2880977004
3
1 3735787037
1 4084754708
2
2
2
2
3
1 910728838
1 2574854940
2
1 732405200
1 1823350907
2
1 1354345227
1 2970379271
3
2
1 1692336938
2
2
2
2
2
3
2
2
1 1803842725
1 2817537426
2
1 2245986237
1 1579391651
2
2
1 1607965075
3
3
2
3
2
1 2548897955
2
1 476698597
1 26051531
2
1 2532358158
3
1 206210284
2
1 3343733827
1 1406447425
1 4263842545
1 2934913594
2
1 1876967889
2
1 2849093167
3
3
1 3210500234
3
1 3342297887
1 585892908
2
3
3
1 2650675300
3
1 3017395572
2
2
1 1868736174
1 2527000573
1 1246194108
3
2
2
2
2
2
1 1995507199
1 1695572628
2
1 1532163053
2
1 977182533
3
2
3
2
2
1 2959929476
2
2
2
2
2
2
1 3338414478
2
1 2940829049
1 3086278216
1 2901535469
1 190456927
1 2782447633
1 2089748469
3
2
2
1 539811162
2
1 2067395949
3
2
1 2175109441
1 3974422630
2
1 4038828952
1 298302237
1 55141720
1 467145737
2
2
2
2
1 1747922676
2
1 1267078564
3
1 174624213
2
1 2623720826
2
1 3136148950
1 1465107019
3
1 4054276301
1 4174558808
2
2
3
2
3
1 633451327
3
1 1475907925
2
2
1 2064052333
2
1 4019329354
2
2
2
1 1617017748
2
3
1 2725147810
1 578392640
1 2009283016
2
2
3
2
1 2523077588
3
2
2
2
2
2
2
1 1692097195
3
1 632651405
1 1644917635
1 628086064
1 47666107
1 2174422386
2
1 2217768528
2
2
2
2
2
2
3
1 1101142526
1 3194183080
1 200295427
2
1 169713615
2
2
2
2
1 634326884
1 438562482
1 3360765901
3
2
3
2
2
2
1 4042797091
3
2
1 2906354940
2
2
3
2
1 3447030487
1 846441361
2
1 3659684925
1 2835172500
1 4105663322
1 499395086
2
2
2
1 2011234328
1 1901927452
3
2
3
1 2993864798
2
2
3
3
2
1 4235026455
2
1 453333870
1 946139004
2
1 1530408244
1 3645911557
2
2
2
3
3
3
2
2
2
2
1 2220971737
1 569659965
2
3
1 2295976550
1 2042355906
1 3491217128
1 1992005696
2
1 470362796
1 693194973
2
1 4131779155
2
2
3
2
2
1 737350504
2
1 253438381
2
1 2300735738
2
3
3
2
2
2
2
1 3217085609
1 3980952251
2
2
2
1 3083105259
2
2
1 4051369468
1 2957036
1 319168212
1 3511903202
2
2
2
2
3
3
2
3
2
1 2041779830
2
1 1065527106
3
2
1 2221305398
1 3954055875
2
2
1 3895621708
2
1 4087551329
1 2592971163
2
1 1576065538
2
2
1 3415887309
2
2
1 3000511676
1 4289443932
3
1 1844045404
1 1600874135
2
1 4173760591
2
2
1 2786188239
1 193278775
3
2
2
1 1810001480
1 3868563264
2
2
2
2
2
3
1 1108309497
3
1 2791571455
2
1 2910882161
1 931295010
2
2
1 898621083
1 3211349378
1 746462948
1 3004804167
1 2494767715
1 924131743
1 2878560804
1 565638098
2
3
1 4121995701
1 1092396992
2
1 446934173
1 3699879474
2
2
2
2
2
1 1443025183
1 1490205534
3
3
3
2
2
2
1 1505846933
1 416577517
1 575728933
1 4236429479
1 4234735980
2
2
2
1 2878665858
1 2593121718
3
2
2
3
2
1 78471149
2
1 3240456267
3
1 969463531
1 578467514
2
2
2
3
1 3544589449
2
2
1 1802597542
1 4006699827
1 2120360093
1 3968660586
1 953087159
1 3991778876
1 417872305
1 223853005
1 1897638453
2
2
2
2
2
3
1 3768382464
1 1057292932
2
1 561307568
3
2
2
2
1 3755160298
1 235516174
2
1 1475530340
1 366634703
2
2
3
3
1 2492267607
1 1459734615
2
3
1 833506108
1 118424908
2
1 569126348
1 2853435096
2
3
1 2326252258
2
3
1 4189071754
1 3243072554
2
2
2
1 3440828683
1 3089869823
2
1 2282784682
3
1 1270167042
1 10413340
1 855728350
1 647437472
2
2
3
2
1 1355391132
1 2012881323
3
2
1 2894923365
2
2
1 1238894990
2
3
1 3380627107
3
3
2
2
2
3
3
1 1027919156
1 3370886718
2
2
3
1 2586239835
1 57923182
2
3
2
1 603960427
2
2
1 1756168516
2
2
2
2
1 1443328109
1 1067784358
1 1040835928
3
1 1818064342
3
1 2215096443
2
1 1376696224
3
1 966766118
3
1 3699614437
1 3242623418
2
2
1 483006650
2
1 2521751607
2
2
1 3922425227
2
2
1 3364763739
2
1 3535602532
1 3852863178
2
1 1126115411
1 1232311777
3
2
3
2
1 777073944
2
2
1 3166232123
2
2
1 207701138
2
3
2
1 3677891378
2
2
2
2
2
3
2
1 2917178220
2
1 616766963
2
3
2
3
2
2
2
2
2
2
1 2670842238
2
3
1 156557181
3
1 3532458817
1 2496899822
2
3
2
2
3
1 2100643824
1 2287317652
3
1 629747607
1 1091300989
2
2
2
3
3
2
1 2762705354
2
2
2
1 4054303853
2
1 3569463112
2
1 3835451872
2
1 1039730849
1 3825772986
3
1 3797994337
3
1 1725875007
2
2
3
3
1 2731474606
2
1 2033728564
1 2852267817
2
3
2
2
2
2
2
3
3
1 2737449568
1 2308989085
1 1606639068
3
1 2859196886
2
1 998547335
3
3
1 706806073
1 1557699034
2
2
3
2
2
2
1 2117365646
2
1 579804662
3
1 3087807193
3
1 366247018
3
2
2
1 3424024732
1 2619488157
1 2201287836
2
3
2
2
1 3272808120
2
1 2696951484
1 65816202
2
1 3008340509
3
2
2
1 3666883106
2
1 2544699320
1 79876964
2
1 81161714
2
3
2
1 3982350342
2
3
1 104672255
1 2084185103
1 700697160
1 1568631140
2
1 1526672966
2
2
2
3
1 2924233539
1 3063913308
2
1 226299404
2
1 2758176522
3
1 4062563707
2
2
2
1 1263849685
1 2299393054
1 36518784
2
1 724340395
2
2
3
2
1 2749910789
2
2
3
3
1 3755525724
2
2
1 4288805526
2
1 2161642130
1 2130999595
1 2442299863
1 3534423423
2
1 1033062688
1 1171299422
2
2
1 4031207775
2
2
2
2
2
2
3
1 2489201099
1 1181792683
2
2
2
2
1 111077219
1 3385665780
3
2
3
1 4162107253
2
3
2
2
2
2
3
2
2
2
1 1745648679
3
1 2986823358
2
2
1 2780901811
3
1 2737436773
1 4008427447
2
1 694300706
2
2
2
1 497858669
2
1 1319274294
2
2
2
2
3
3
2
2
1 183962531
2
1 2025940793
3
2
1 749953542
2
1 2961512332
1 1405038365
1 3032787544
3
2
2
1 4230933834
2
1 1831971365
2
1 1869027514
1 1505811722
2
3
1 4037362478
2
1 2306177186
3
1 336112640
3
1 3034886647
1 1812667007
2
1 252916964
2
1 3281171711
2
2
3
1 2816466755
2
2
1 2347267165
1 3882674960
2
1 3366970123
2
1 1422849731
2
2
1 3900976875
3
1 3988372536
2
2
2
2
2
1 2904471173
1 3666828187
1 422989307
1 1343420404
2
1 445129379
1 1661843151
2
2
1 2441271957
1 1554592503
2
1 3410940054
3
1 1662761265
1 3349560224
1 1687124844
1 4166623406
1 285462790
1 1530099756
3
1 839398067
2
1 2870791252
1 644852911
2
2
1 1141296430
1 1482501453
3
2
1 1185852975
3
1 2680223400
3
1 3729362662
1 4052087467
3
1 1315684250
2
1 1544873485
2
3
2
1 2681918004
1 468188366
2
1 3762210699
1 2980774478
1 4060555016
1 2358831830
2
2
2
1 1298049249
2
2
2
1 1169671951
3
1 3730335375
2
1 3012862101
2
2
2
3
2
2
1 2333635219
2
2
1 3249318740
2
2
2
3
2
2
2
1 6977614
2
2
1 3144526122
1 251647990
1 516090129
3
1 4147300702
1 2026961185
1 3260615908
1 4156731006
2
2
1 4202686517
3
3
2
1 3899488896
1 1485497439
2
1 3646682199
2
1 802747369
1 686494544
3
3
2
2
2
2
1 98576830
3
2
1 2762625687
1 102591544
1 3000928938
2
2
1 2101155439
2
2
2
3
1 1403065356
2
2
2
1 1926074612
2
1 4090644019
1 3204987329
2
3
3
2
1 2782637017
1 3216440446
1 1942363282
1 3131271125
3
2
2
2
1 2413354722
1 4243861351
2
2
2
1 3715345203
3
1 2095408216
2
2
1 2144391684
1 467662394
1 3634749219
2
2
2
2
1 605271638
1 1047951971
3
2
1 1780800274
1 2569401254
1 1863798027
2
1 2662224323
1 1744482889
2
1 598842092
3
1 1189426468
1 3492736618
1 1853164107
3
3
2
1 3507340173
2
2
1 2416908850
1 2633282944
1 3787016531
2
2
3
1 1297506984
1 1478401999
2
1 75591261
2
1 3766398600
2
3
2
1 2346302759
2
1 975086103
1 404462124
2
2
2
2
1 45971562
1 312111073
1 507177205
2
1 4064716312
1 1610210171
2
1 2632457570
1 1292743158
1 233515895
3
3
2
1 4242021822
3
3
1 1529109712
2
1 3015862974
1 3484655207
1 4277895951
2
2
2
1 2609770772
1 3175890981
1 2692284028
1 3818053174
2
2
2
3
2
1 558543626
1 2284248916
2
2
1 2024874150
1 2072994273
2
1 1332874429
1 2447864935
1 296277390
1 1053328337
2
1 4046839209
1 3342240464
2
1 958593168
2
2
2
3
3
1 3734782592
1 2310549149
3
2
1 836898767
1 4234292734
2
1 3524371937
2
1 1803770099
3
2
2
1 2556472972
1 1043644108
1 1960224563
1 245464336
2
2
1 2391504950
2
2
2
2
2
2
2
3
2
2
3
2
1 311177199
2
2
1 2187470144
1 3599365082
2
1 1593219951
2
2
2
3
2
2
3
2
2
2
3
3
1 4282937431
1 3468228550
2
2
3
1 1521670187
1 605008043
1 169406536
2
1 3801055592
1 1055480382
1 3184160336
1 1807567648
1 2414783727
1 1630665182
1 174881961
2
1 1881906815
2
2
1 3689912128
1 2803305768
1 2031548884
3
3
2
2
2
2
1 1720324676
2
1 3356298817
1 1568264732
3
2
2
1 3700243963
3
1 1646497909
1 82497096
2
1 2379383203
2
2
2
1 3936313328
3
1 2227321984
1 1508378330
2
1 2349948465
2
2
3
2
2
1 2537119027
1 4211561227
3
2
1 85014989
2
2
1 2449797381
1 3402444323
2
3
3
2
2
3
3
1 548380677
1 3885106530
1 333940739
2
2
2
1 3807837496
2
1 4253948141
2
2
2
2
1 858203830
2
1 3606142832
2
1 831424387
2
1 715761907
1 1962648117
2
2
1 3112661186
2
1 1514427488
2
1 1927776862
2
1 3562364635
2
3
2
1 1842163145
2
1 3196002615
2
1 1355694212
2
2
1 1598588620
2
2
1 1153963535
3
2
2
1 3072241709
2
2
2
1 1220865108
1 833933583
3
2
1 1868187221
2
1 3171688144
2
3
2
2
1 2646767394
2
1 2913473315
2
1 3056979039
2
1 2182267176
2
1 3255313636
2
2
1 1020924509
3
1 1102026082
1 583413911
3
3
1 4218752014
3
2
1 2477158334
2
2
2
3
2
2
3
1 2275135385
2
2
1 3960460128
1 2179158113
2
1 1027028137
1 4082548250
2
1 639188576
2
3
1 2310143687
1 3900219307
1 1660919458
1 1538453849
3
1 1339446193
2
2
2
1 959941115
2
2
2
1 3764228633
2
1 3565941805
2
1 273334712
3
2
1 3530085224
3
1 1726745267
3
2
1 1160398466
1 2042221178
2
2
2
1 3075269441
2
2
2
2
1 2694298359
1 3618193020
2
2
2
1 1973230047
2
2
3
2
1 628667900
2
2
2
3
2
1 4150943168
2
2
2
2
2
3
1 1124388124
2
1 3610007458
2
1 209374839
3
2
2
2
2
1 3008223344
1 2821588689
2
1 2975253341
1 4009366895
2
1 224732612
3
1 3165192383
3
3
3
1 1871297604
1 3677215861
2
2
2
3
2
2
1 1520406411
3
2
1 2541358061
2
1 2923579528
2
1 1339521612
2
1 340983712
3
3
3
3
1 1219823516
1 3845061260
2
1 3133495913
3
1 4168971465
2
2
3
2
2
1 133106746
2
1 1224037341
1 614194152
3
1 2303674413
1 575450421
2
1 1945172953
2
2
2
2
1 1780223182
2
1 3825514926
1 3739831403
1 3679670942
1 67605192
2
3
1 1019012901
1 2300827671
1 111405173
1 678804643
3
2
2
1 1507891828
1 105533446
2
2
1 1724216061
1 3152003851
2
1 3241013874
1 1062246915
2
2
3
1 2046290420
1 1684600047
1 4106770567
2
1 2072252582
1 1310156259
1 3548203086
2
2
1 609005859
2
1 1933273236
2
1 1968952554
1 1121230754
2
3
1 752166451
1 1081765101
2
1 2187846982
2
2
1 2514064577
3
2
2
2
1 96840008
1 2779186069
2
1 2708164850
1 1562726929
1 1778475543
3
2
2
1 2403872180
1 4056059813
2
1 2380490514
3
1 4261230383
3
1 389388645
2
3
1 2534332550
1 3731374695
2
3
2
2
3
2
3
2
1 596404680
1 2282964298
2
3
1 2279487613
2
1 3333783863
1 2121327698
3
1 3943996029
2
2
2
2
2
2
3
1 3553258032
1 3764618632
1 4123464131
2
2
1 1818119360
3
1 4009611679
2
2
2
1 981004884
3
1 4121380906
1 3013340058
2
3
1 3073771683
1 3448201139
1 423984215
2
2
2
2
1 4003492728
2
2
2
3
1 2867286757
1 2394322976
1 205976762
2
2
3
1 1199395231
2
1 577595231
2
1 625608932
2
1 4009182812
3
2
2
2
1 1706734482
1 1772658552
1 1032976130
2
1 3433229440
2
3
1 3207694961
2
1 3836268258
3
3
2
2
1 9944406
3
1 324838210
1 2731251505
2
2
2
2
1 1347617893
2
2
3
1 3050794452
1 826505879
1 1389626998
2
2
1 3115424027
1 3754138545
1 747203626
1 3478368245
1 997390006
1 2743451885
3
3
1 3938737125
3
1 4024855898
2
1 3082313110
2
2
3
2
1 4280859712
1 1385642393
1 171716821
1 1501647393
2
3
1 1393789291
1 2407746381
1 359600155
2
1 3066144330
1 2263320833
3
1 376965391
2
2
2
2
2
3
2
1 2785499766
2
3
1 2726166856
2
2
2
2
1 423541947
2
2
2
1 2066676316
2
1 1101633675
1 2155570691
2
1 2440155242
1 1154802195
1 3850507853
2
2
1 3852143986
2
2
2
2
1 2973650026
1 867346220
2
3
2
2
1 1356779747
2
3
2
2
2
2
1 2489128675
2
2
2
1 1588971022
1 484115139
1 1307452184
2
2
1 2809344878
2
2
1 2654337358
2
2
2
1 2528052984
2
3
3
1 3129434124
1 1868662312
1 2786691338
3
2
2
1 4284811741
2
2
1 3096396444
2
2
2
3
1 2692892054
1 742716074
3
1 2998092788
3
2
1 3580848576
1 4182904150
1 2364060615
2
1 4150608861
1 1482046020
1 2180648717
2
3
1 3568676423
1 3298118368
2
2
2
2
2
2
1 615927766
3
1 2774939782
2
2
2
2
1 1375984467
2
3
2
1 969684462
1 509741054
1 1536490195
1 4169245903
2
1 4247908668
2
2
2
3
1 3736538203
1 3987321765
2
3
1 1013209520
1 3183386987
1 3285125154
2
2
2
2
3
2
1 3726902021
1 3004944499
3
1 2182780944
1 1075199998
3
2
2
2
2
3
2
2
2
2
2
1 3325196928
1 1108271545
1 2604547667
2
2
2
3
2
1 2033639279
1 4243127397
2
1 530487946
1 410507996
2
2
2
1 2091509642
1 3165028525
2
2
1 3164904954
3
1 2201923376
1 1850310673
1 1269253293
2
2
3
1 1289406238
2
2
2
1 2181983553
2
1 4227313925
2
1 194591369
1 1482104060
1 1517229419
1 2362511516
2
1 3939326557
2
2
2
1 722756212
3
2
2
3
3
2
2
3
2
2
3
3
2
2
3
1 2030368777
2
3
2
2
1 87266801
1 3766377164
1 3564164517
3
1 2112448742
1 1042966293
2
1 789088501
2
1 1527175625
2
2
2
3
1 631239825
1 37602705
2
2
2
1 1131599025
1 769087574
2
2
2
1 3823295543
2
2
1 1602731817
3
2
1 4077082631
2
2
2
1 4048447641
1 22075737
1 3715563772
2
2
2
2
3
2
1 3920549932
2
1 3426961044
3
1 1060760003
1 3678586273
2
1 140137726
1 289922654
3
1 4200424653
2
1 2625415157
2
1 1408163150
1 1740219682
3
2
1 3976706979
2
2
2
1 293341566
2
3
2
1 2601436512
2
1 4137987284
2
1 3715498280
2
3
2
1 147545691
2
2
2
1 3889386174
3
1 2191372279
3
2
1 856770928
1 401002179
2
1 894841964
1 4263489029
1 3198815748
2
3
2
2
3
1 283644895
2
2
2
3
2
3
2
2
2
2
1 1525441764
1 1346867898
2
1 2589191447
1 4092150165
2
1 3104796081
2
2
1 1119234263
2
2
1 3374370515
1 2326370862
1 4285459530
1 4033085568
2
3
2
1 258336420
1 1232943899
2
2
1 3969486064
3
2
1 593460979
2
2
3
1 2558214986
2
3
2
2
2
2
2
2
1 2628954044
1 4103574617
1 1050467739
3
2
3
2
2
1 3111019117
1 2728611839
2
2
1 1144125578
2
1 2718195367
1 3535744069
1 2301684239
2
1 2257126830
2
2
2
2
2
2
1 2050472772
1 3249524115
1 2122815603
2
3
3
2
1 895995063
1 1629398083
3
1 3073031471
2
2
3
3
1 3669368756
1 3868945799
3
1 1368074896
2
2
1 1207298857
2
1 2609623242
1 2537549441
1 2002684635
1 698971009
3
2
1 641026558
2
2
2
1 2967829553
1 2220380528
2
2
2
3
2
2
2
2
1 1007932264
1 2098385983
2
1 3208085420
1 1783315733
2
2
2
2
3
2
1 3653524507
1 394855416
1 990085322
2
2
2
1 2892499466
2
1 2093556825
2
3
3
2
1 978504058
1 2941468
2
1 2280759899
2
1 456061583
2
2
2
1 644358533
1 3251982370
1 2235297654
2
2
1 2233868472
2
2
2
2
2
1 24796803
2
1 119512635
2
1 3262178698
2
1 496275860
2
1 3639123655
2
2
3
1 886166676
2
2
1 2299946437
1 3654751657
1 3090735214
1 2495511484
3
2
2
2
3
3
2
3
1 407046057
2
3
2
1 2005710877
1 2467871240
3
1 706920179
1 2439301196
1 3022530783
2
3
1 2448015731
1 1172999016
1 1703612828
2
2
3
2
3
1 3868097717
1 2806061376
1 4127445045
2
3
1 2654650839
1 627470577
1 2371018079
2
1 3951641278
1 3667395912
2
2
1 2713530718
1 477992356
2
3
2
2
3
2
2
1 4083753917
2
2
3
3
2
2
1 3171085101
1 4083308230
2
2
2
1 491189031
1 2608114465
3
3
2
1 3055854
1 1371459870
2
1 3549636111
1 1927831727
2
2
1 341214018
2
1 2337258349
1 2858056338
2
1 2197149578
2
2
3
2
2
2
2
2
2
3
2
1 975931007
2
3
1 1987525949
1 1627666499
3
1 3342341227
1 4247125972
2
3
1 1059774587
2
3
3
1 4009248712
3
1 3429918326
1 1173954171
1 1891210765
2
2
2
1 3330008583
2
1 2742216077
2
1 1438660158
2
1 3288267831
1 3551154775
1 188304946
1 1028041496
1 2794366762
1 1139332345
3
1 3803788346
1 1748506646
2
3
2
1 1654024166
1 816136574
3
1 2703131302
1 1004354653
2
2
1 3927698434
2
2
3
1 1707642964
3
1 2437395522
3
3
2
2
1 3094835271
1 3972150681
3
3
1 536586093
1 1470585032
2
3
2
1 3036412495
2
2
3
2
1 3309319217
1 408826475
2
1 2667412207
3
2
2
1 3293731726
2
2
1 1738339711
2
1 2408611397
3
3
2
1 1006110998
1 1398731268
2
2
1 758875640
1 44195903
2
2
2
2
1 3007171461
2
3
1 2394331350
1 2291992743
1 3500749521
2
1 4225402300
1 250387446
2
1 3171954817
1 4128133316
1 895872055
2
1 4061265720
3
2
2
2
1 1987924639
1 497801124
1 180421781
1 4190073681
2
3
1 2284262448
2
2
2
1 952045453
3
2
2
1 2280659799
2
2
2
3
1 3595527045
2
1 1889943790
3
1 1967710118
2
3
1 3720910389
1 1845994625
1 3231699516
3
3
1 4180773562
1 2597041617
3
1 1457009046
2
1 2540177842
1 1453967310
1 4052276687
2
3
3
2
1 3601926830
1 253881762
1 4161690142
2
2
1 1104084248
1 1409987174
2
2
2
1 2497962672
2
2
2
2
3
1 1121616324
1 4051486122
2
2
2
1 394441148
1 4015282949
3
2
3
1 2596649320
2
1 4005087033
1 75856922
2
3
1 2183885363
1 1693157785
2
1 3176327281
1 1841502460
2
3
1 1791103192
1 524162847
2
2
1 4285416000
3
1 2826725620
3
2
1 701878135
2
3
2
3
2
1 1845816957
2
1 3466663245
1 1542645912
3
1 1933292825
1 3571079655
3
2
3
1 929826326
3
2
1 937675008
3
2
3
2
1 2617153319
2
3
2
1 1523868571
3
2
3
1 2007806463
2
2
2
1 325747747
2
2
2
2
2
1 2994949788
3
3
2
2
3
3
1 908162531
2
1 2583847222
2
3
1 4263239345
1 1436278071
1 4062097884
3
2
1 934011573
1 2045650478
1 623410803
2
1 3023450489
3
1 1720277965
1 1886801271
1 1927512668
1 222065427
2
2
1 2643041011
2
2
3
2
1 3942741257
1 93419330
2
1 3225304350
1 2178740036
3
2
2
2
1 2870261718
2
1 1356653124
1 3765301285
1 603879384
1 2096049601
2
1 2909355980
2
2
2
1 1988595738
2
1 1054108623
2
2
2
2
3
2
2
3
3
1 860731607
2
3
1 2735012712
2
2
1 1975206229
2
2
1 4174669259
2
1 886753978
1 1903436987
3
1 3406235853
2
2
2
2
1 2793002349
2
2
1 1937132876
1 2780513275
1 2625036126
2
3
2
2
1 2281791166
3
2
1 1484942282
3
2
2
1 4117495161
2
2
3
1 796860339
2
1 1496122046
2
1 3789684156
1 941867898
1 908976639
2
1 55690286
1 1614338284
1 1207917852
2
2
2
2
1 754407444
1 3463558175
1 2827285414
2
1 3843766238
2
1 1654510612
2
2
1 2898451282
2
3
1 902078551
2
1 4114360858
2
1 2912477789
1 4266392332
3
1 1407494989
1 1399260228
2
2
1 1893665474
3
1 2029628121
2
2
2
2
2
2
1 1008709422
1 1686231389
1 4146475532
2
1 2067057216
2
2
1 2555425497
1 3413533309
3
3
1 3981110819
2
1 1449162214
3
1 3651173013
2
2
2
1 2224034013
2
2
2
2
1 551196937
1 524360337
1 2667267106
1 2209758675
1 1045975485
1 958891753
3
2
3
2
1 3162065011
1 1348857605
1 2644821899
2
1 3529865339
2
2
2
2
2
2
1 2983299409
2
2
2
2
1 3955485420
3
3
3
1 2142712497
2
1 2673412526
1 1533468058
1 2246585769
3
2
1 2097490413
1 1596781002
3
1 1741865501
2
3
2
1 2733281618
3
3
1 1777783253
2
3
2
1 3799826650
2
2
1 2474424946
1 1377969632
3
1 444510153
3
1 2650198733
2
2
3
3
1 2640941660
2
1 1611544765
2
2
2
1 1241423340
2
2
1 301503200
1 4051733103
1 3043620118
2
3
1 2241723597
2
2
1 3694588034
2
3
2
2
2
1 1169838579
2
3
2
1 3124448593
3
2
1 3205944608
2
2
2
3
2
1 3717416548
1 1107767626
2
2
1 2495663789
1 1153648051
1 1944995654
2
2
3
2
2
1 3398965231
2
2
1 575714298
2
2
2
3
3
2
3
3
2
2
3
2
3
2
1 2113307012
3
2
3
3
2
2
3
2
2
3
1 705740510
2
1 724069677
2
1 3273945495
2
1 547073843
2
2
1 72028676
1 2779916173
2
1 3122838
1 2265182783
1 1952006518
1 1403219900
2
1 1578516682
2
2
2
2
2
1 1440192826
2
2
3
2
2
3
1 3533993161
1 3079172101
1 2463722603
1 2277886921
1 370505951
2
3
2
2
1 57366512
2
1 2840980644
1 1013125912
1 3177556785
1 1898721461
1 543211495
2
1 270336426
2
1 2595601778
1 1691916746
1 1992209860
2
3
2
2
1 1833996968
1 1821626068
1 1048774041
2
2
2
2
2
2
2
2
2
1 3323391110
1 2516973952
1 2756914382
3
2
2
1 594604324
1 903877271
1 399458874
2
2
2
3
2
3
2
2
1 187634548
1 3422391911
2
2
2
1 1348419697
2
1 1699358840
1 680235939
2
1 601059794
1 1612869791
2
2
2
3
1 37966086
2
2
1 3380255311
2
1 666685927
2
2
1 1823783932
2
3
3
2
3
2
1 586169296
2
1 4157520606
3
2
2
3
3
3
1 478768363
2
1 353627235
1 1687080063
1 1155214265
2
2
2
2
1 450818224
1 3294701615
3
1 3088481097
2
2
3
1 1088968371
2
2
2
2
1 1462255949
2
2
1 2329205692
2
1 591983699
3
3
2
1 3989558816
1 2827711928
3
2
2
1 867364307
2
3
3
1 2251056666
3
2
3
2
2
2
2
2
2
1 3731224914
2
1 1908078770
1 1823590394
1 3975361221
1 1846542092
1 3178622123
2
1 4160690102
1 708273471
1 2942871549
2
1 2185495064
3
2
2
2
2
2
2
2
2
2
2
2
2
2
2
2
1 446880404
2
2
2
1 3118224619
1 3889592317
1 1441268925
1 4170231225
1 4258375831
2
1 3408319960
1 2151149811
3
2
2
2
1 3412293409
1 4205608862
2
2
2
3
2
1 1798569363
1 1683172482
2
1 694298901
2
2
2
2
1 1405130216
1 851176266
1 1751832773
2
1 4044263357
2
2
2
3
1 2503380140
1 3349031562
2
2
2
2
1 1727328809
2
1 1253398950
3
2
2
1 3159120246
1 2360478538
2
1 3512293270
1 545212125
1 1838894414
2
2
1 2434449664
3
2
2
2
2
1 135085986
1 3416924979
2
2
2
1 3525064180
2
1 355037827
3
3
2
2
1 70582788
2
2
2
3
1 699749113
1 2058994398
2
1 1565971937
2
2
3
3
1 3881537593
2
1 1816647615
2
2
2
2
3
3
2
1 2993461661
2
1 1338701806
2
3
2
2
2
2
2
1 825319288
2
1 3761003816
2
3
1 1742850899
2
1 1605473651
3
2
2
2
2
2
1 3041239116
3
2
1 560614106
2
1 1288456676
1 2425702550
1 281286571
2
1 1355921402
2
2
3
2
1 4110774299
1 2751442925
1 2451540352
2
1 3451042781
1 3866808488
2
1 3717483615
1 2165586360
3
1 1069885313
3
2
1 2001643354
2
2
1 336606420
2
2
2
1 1446624202
1 3503935359
2
2
2
1 1223475996
2
1 1302692078
3
1 3265396603
2
2
2
2
1 427318811
2
1 2957862475
2
2
1 4085889704
2
1 2083977351
3
3
2
1 3080100175
2
2
1 3582080346
2
1 272110359
2
3
1 3580220942
3
2
3
2
1 1465390224
1 1284859966
2
2
1 4036891085
1 3685148768
3
1 3519490660
1 1923022765
3
1 640346782
3
2
2
1 4177254582
2
2
2
3
2
3
1 3313577098
1 3644912340
1 2542086956
3
1 2555998972
2
2
3
2
1 973131390
2
2
1 194147862
2
3
3
3
2
1 659908666
1 2836730291
2
1 2370258497
2
2
3
2
1 732278101
1 2423497332
3
2
2
3
1 2084712924
2
1 2842714505
1 1720008998
3
3
2
1 3431587509
3
2
2
1 1053521589
2
2
3
2
1 16868193
2
2
1 2597703793
2
2
3
3
2
2
2
1 3101765065
2
2
1 875981830
2
3
2
1 1216663065
2
2
2
2
2
1 532001105
1 3333803641
3
2
2
2
2
2
1 520245869
2
3
3
3
1 2803981223
2
2
2
2
2
2
1 2611125542
2
1 3466137581
2
2
2
1 2092229572
2
2
3
1 1559906477
2
2
2
2
2
1 1591723074
1 2712455250
1 2537899910
3
1 2387918198
2
3
1 531968184
3
1 4235040632
2
2
1 3059578390
1 4029898600
1 898904211
2
3
1 1317441244
2
2
1 1048454933
1 980399864
2
1 869609682
1 3834812631
2
3
2
3
1 3730821818
3
1 3595605716
2
2
1 884216120
2
1 3538282197
1 2376070813
2
2
2
2
2
2
2
1 2976593079
2
1 1460860212
2
2
3
1 3875961379
3
1 3404769820
1 1321094112
1 3162186430
2
2
3
2
1 30117670
2
2
1 2060347684
1 738225108
3
2
2
2
2
1 3297478268
1 2128980290
1 1000948182
2
2
2
2
3
3
2
1 3569140513
2
3
3
2
1 34826897
2
2
3
1 480915906
3
1 3689827238
2
2
1 3328042109
1 1761181786
2
2
3
2
2
3
1 3615813154
3
1 1343406915
2
2
2
3
1 2252149112
1 4100354902
2
2
2
1 3314061567
2
1 2493261485
3
2
1 3301603356
1 2238434784
2
3
2
1 651849809
1 2414184779
1 1140875797
3
3
3
1 1462066944
3
3
1 1637374221
2
1 2274938177
2
2
1 2094563377
2
2
3
1 2433292038
2
2
1 2578877741
3
3
1 94015537
1 2746678908
1 3708751912
1 2006680101
2
2
1 605208157
3
2
2
1 4145483204
2
2
1 369607654
1 1753714372
2
1 1080834959
2
2
1 3056019473
2
2
3
3
2
2
3
2
2
2
1 3102568402
1 2100408235
2
2
2
2
1 2216293415
3
1 3375861090
1 1132857593
1 3959670140
1 2787049668
1 3351465386
2
2
1 1108466804
2
2
2
2
3
1 984224654
3
3
2
1 3198069994
2
2
1 3048892394
1 3975011831
1 2539694124
1 1879274163
1 1597035182
2
2
2
1 1183298117
2
3
1 1574075348
1 2392759138
2
1 3831806177
1 3711256279
3
2
2
2
1 1788611643
1 3817743963
2
1 383372175
2
1 1471224726
2
1 3166828525
1 4040639218
1 1939750713
2
2
2
1 1999255063
1 447439805
1 711147108
2
1 1500229934
1 987007248
1 31468572
2
2
2
1 1329379934
2
2
2
3
1 1222375
1 1018877467
1 699937199
2
2
2
1 796432009
2
2
2
3
2
2
3
1 1925157744
2
3
2
1 160791973
2
2
1 611428773
1 1405068665
2
2
1 1390575703
2
1 2954617412
2
2
2
2
1 4010317632
1 775098418
2
1 3484740849
2
1 1722820204
1 1932541553
2
2
2
2
1 2528209152
1 2021750347
2
3
2
1 3376259852
2
1 741480564
1 2622535563
3
2
2
2
2
1 2362863061
1 1538108804
2
2
2
1 3069204033
1 3696978271
2
1 432411537
2
1 1175766333
2
2
2
2
2
1 1654322349
2
1 350588193
2
1 4082370596
1 2434096788
1 3312850887
3
2
1 2581233630
1 3579233630
2
1 3388056340
1 3717151383
1 4282648700
1 2699947217
1 1539765227
3
1 1881896202
2
2
1 2741008390
2
3
3
1 1746418139
2
3
1 559287562
3
3
2
2
1 4021567181
3
2
3
3
3
2
1 224714515
2
2
2
1 30310921
2
2
3
2
1 443360209
2
1 245989361
2
1 2101398469
1 2887148455
1 3365226906
2
1 1931447961
1 3449758917
1 3709023885
2
1 2233908591
2
1 1544201449
2
3
2
2
1 1526560828
3
1 141633292
2
1 1614774892
1 1682173319
1 217177642
1 1748021150
2
1 2724608710
1 1304071027
3
2
1 321772959
3
2
2
2
3
1 14780934
1 1541228138
1 2210569742
1 3275668115
1 4092194441
2
2
2
2
2
2
2
2
1 2844012163
3
2
2
2
2
1 1854864702
3
1 2217085227
2
1 2014159461
1 1777514767
2
2
1 2115061606
2
1 1929409025
1 4228766325
1 3503138245
2
3
1 1798977241
1 730387115
3
1 2045784660
3
2
1 666520512
1 3653443482
3
2
3
1 3082629791
2
1 4011095796
1 669239692
2
1 3328472182
1 1192295441
2
1 2389985100
2
3
1 3933326391
2
1 4010403623
2
1 2559685409
1 3431342497
1 2033422321
3
2
2
3
2
2
2
2
2
1 1580908353
3
2
1 1656203188
2
3
2
2
2
2
3
2
3
3
1 1678774459
2
2
2
2
1 806662492
1 1028949884
2
2
2
2
1 1347867825
3
2
1 1317430642
3
2
2
2
2
2
2
2
1 1858885650
1 4159205347
2
2
1 3952262199
2
2
1 3333944451
3
1 1463432844
2
2
2
1 1175136356
2
2
2
3
2
2
2
2
2
2
2
2
1 2293950453
1 3700482129
2
1 1834518947
1 2780498305
3
3
2
2
1 1194663096
1 2551424337
3
2
2
2
2
3
2
2
3
2
3
1 1985488215
1 2892455289
2
3
1 217474028
1 1827898202
2
2
1 1490664792
2
2
2
2
2
3
2
2
2
1 2155113768
2
2
2
1 1481856318
1 855951291
3
3
1 1817880791
2
2
2
2
1 1990763114
1 3562833940
1 3145721777
1 2579636561
2
3
3
2
2
2
2
1 2614509136
2
1 4085492900
2
2
1 1882484114
2
2
2
2
2
1 471455362
3
1 1764571330
1 2572432333
2
2
1 4160665553
1 1228134752
1 1772050391
2
1 2086192453
3
2
1 1858593026
2
2
3
1 1031577465
1 2941701860
2
2
3
2
1 2289573494
2
3
2
2
2
1 3873161492
2
2
2
3
2
1 1433285045
2
1 3912423051
1 479553151
2
1 3813485431
2
2
1 1087389883
1 2419851509
3
2
1 2786164595
1 3239603320
2
1 3366645872
3
2
2
2
2
2
2
1 2490681952
1 3138550722
2
2
1 3884157368
2
1 4145420939
1 2674485408
2
1 775841884
2
1 2248817717
3
1 3735610049
2
2
2
3
3
2
1 3836782859
2
2
1 1184929112
3
2
2
2
1 4125086220
2
2
1 3780251939
1 3709628188
2
1 2013037736
1 3531679392
1 1887428757
2
2
2
3
2
1 3155735738
2
2
1 4040488945
2
2
3
2
3
3
2
2
1 2945175049
3
1 686631934
2
1 1651583035
1 933475028
3
2
1 486473148
2
2
2
2
1 543269314
1 3064214614
1 3450342872
2
1 3366393341
2
2
1 1808342152
1 171177639
1 1525685510
3
1 3047718155
1 2694771579
1 511266353
3
2
2
2
1 794018037
2
1 1562972485
1 3729416820
2
2
3
2
1 1194405078
2
2
2
1 4239180823
1 4242888646
2
1 2876375184
2
3
2
2
1 3078609686
1 1764707024
1 2416403267
2
1 701611858
2
2
1 3103606947
1 3461245401
3
2
3
2
2
2
2
2
1 3494232115
1 2337911680
2
2
1 1811877343
2
1 1319859007
1 1709865921
2
1 1758147631
1 3219520058
1 2889485122
1 2362388377
2
1 1128708499
1 3819850990
2
1 228672391
1 2178859115
1 2213117044
1 32143252
2
2
3
1 3291339927
2
2
1 574342198
3
2
1 58502440
1 1167822432
3
2
2
1 215292804
3
2
2
2
2
2
2
1 2876820558
2
3
2
1 3499712158
2
1 2157886392
1 2029309507
1 1469523777
1 3784843313
2
1 1410608593
2
1 517872373
1 2485871739
1 1399799092
3
2
3
2
1 2682965260
3
1 1225950148
2
1 3114435395
2
2
2
2
2
2
3
1 579734813
3
3
2
3
2
1 722041007
3
1 1456091591
2
2
2
2
1 2074263752
1 137756938
1 2649229942
2
2
2
1 4000640783
3
1 1164571502
1 2088335138
2
1 4091404763
2
1 2861265276
2
2
3
2
2
2
1 3850625123
2
3
2
1 1311281002
1 2049480473
1 1897782431
1 1839688720
1 3173311396
1 1345442825
1 765281322
2
1 4115689013
2
1 3070569507
3
1 2292441773
1 3025788166
2
1 976602745
1 2865259937
1 3044819011
1 1111846299
1 3207717759
2
1 1534241496
2
1 402380100
2
1 382628410
1 3183523876
2
3
2
1 3546774248
2
2
2
2
2
3
1 2050535924
2
1 1382411767
1 3646687879
1 3451359048
3
1 1624757463
1 305809140
2
1 2294356097
2
1 776473088
1 2328084053
1 603548163
3
1 2500490529
2
2
3
1 509538838
2
1 1027308579
3
1 827695572
1 2436961281
2
2
2
1 1646756760
2
1 248346264
3
3
2
1 1331404409
3
1 588932746
2
2
3
2
2
2
2
3
1 652990367
1 909417466
2
1 964863374
1 4208627078
1 3628422700
3
1 4024276057
2
2
1 452590873
2
1 2564060643
2
1 2756531065
2
1 1577903322
1 265530174
1 1521283530
1 1861502883
3
1 3180265330
1 3273651140
2
1 1702748804
1 876651862
2
1 138449747
1 2488106169
3
2
2
2
1 2060029523
2
3
2
3
1 1478440698
2
1 1155474549
1 580004323
3
2
2
2
2
1 2401077317
2
1 2629707928
2
1 1532185143
1 1910749497
2
2
2
1 3788309912
2
2
3
1 1964518889
3
2
3
1 749862989
1 2098369836
2
3
2
1 1894542058
2
3
1 4157144867
2
1 2523309623
1 538531994
1 1301657173
2
1 2540339499
1 734392081
2
1 4115941580
1 2961600140
1 510577901
2
1 1345725289
2
1 2687944875
2
2
1 1907253410
1 2032706981
2
1 1831605064
1 1169481405
2
1 391118612
3
1 653382618
2
1 1632374627
1 3740286736
1 2242588877
1 1195421155
2
1 330739029
2
2
2
1 217066841
1 270553544
2
2
1 982550809
3
2
1 4131347418
3
2
1 4200157596
2
2
3
2
2
2
1 2192401899
1 558959857
3
2
2
2
1 2685107585
2
2
2
2
1 3872735225
2
3
1 842981695
1 1623431525
3
2
2
1 3598656206
1 3213910755
2
1 3721871307
1 1309539570
1 3492525590
2
2
2
2
2
2
1 3128518
2
1 4051881652
1 35187406
3
2
2
1 1242832513
1 1414653163
2
1 1660508143
2
2
2
1 1858331032
2
3
2
2
3
1 2832692259
3
3
2
2
3
2
1 3058954856
2
1 1886477126
1 1154545651
3
3
2
3
1 2745388019
1 2401127486
1 1567386796
2
1 2812967450
2
2
2
1 3934013026
1 3810345420
1 2530960368
3
2
1 3233779766
1 2590049390
1 605304520
1 1649435978
1 257274601
1 3872845566
2
1 3263315466
2
3
2
2
1 3747937787
1 4251578123
1 266369409
2
2
2
3
1 4232832451
1 4152776775
1 871950034
2
2
1 1127823215
1 1540401114
2
1 2452985080
2
2
1 4285649735
1 421321820
1 328350780
2
1 3929923136
3
2
2
1 2262870130
2
1 3542469841
1 690552349
2
3
1 461273753
1 374314049
2
1 1076111607
1 277359533
1 258430991
2
1 2602583411
3
1 3582972462
2
2
2
1 698253489
1 2283438136
2
1 1439558423
1 1442694300
1 3465378223
1 2709034164
2
1 3236894175
2
2
1 1121033463
1 1684713970
2
3
3
3
3
2
1 1970680303
1 3660641226
1 345270377
1 1923503871
1 1346175693
1 3538992163
1 1313674330
2
2
2
1 425774037
3
2
1 311340285
2
2
2
1 1196508052
1 1920586367
1 3502007186
1 3616330830
3
1 4107501034
1 824255310
2
1 4097016291
3
2
2
2
3
1 2493833490
1 1878318080
3
3
3
2
1 4259152546
1 1280631160
3
2
1 3223756946
2
2
1 3695443283
1 1561603744
1 3036602227
2
1 3007827002
3
2
2
2
1 2447625374
1 3583623933
2
2
1 4080992009
3
2
1 2462126662
2
1 267088222
3
1 2039464733
2
3
2
2
1 137018012
1 1967557144
1 879273219
3
1 2897463935
2
2
2
3
1 2973055833
2
2
3
1 3861942652
1 472713486
3
2
1 3180425490
2
1 2207306027
3
3
2
2
1 898523168
2
3
1 942736347
1 1754370798
2
1 1870017578
2
2
1 26202612
2
1 3080235736
3
2
1 1900748860
1 2345967525
3
2
1 379916422
1 2909742426
1 336334206
3
2
1 4268954668
1 1626503139
1 3417140335
2
1 3249109152
2
2
1 2061374502
2
2
3
1 4028296128
1 2133947080
2
1 619612937
1 4281446669
2
2
2
1 2570340180
3
3
1 587607648
2
3
1 4202519394
2
2
3
1 4235280798
3
2
1 1333113246
2
1 3324546130
2
3
2
1 2442249970
1 3705368236
2
2
1 2325098252
1 3550042789
1 2674175523
2
1 3664552654
2
2
1 1791888479
3
2
2
1 3478872259
1 2157759334
1 3897698552
1 2858578558
2
1 2898588416
2
2
1 151267862
3
2
2
1 293865742
3
1 1298358467
1 1040691714
3
1 2715325505
2
1 1451742193
3
1 3854078633
1 4123549283
3
2
2
1 3375403943
2
2
1 2199319490
2
1 3530002971
2
1 3315039294
1 801886144
2
2
2
2
1 3219919512
1 3074828116
1 1145677578
1 514921450
2
3
1 19324277
3
1 1869344871
2
2
3
1 1021059633
2
2
2
1 425950264
2
1 913292686
2
2
1 2916303614
1 2295674198
2
3
1 1905891037
1 2240117423
3
2
2
2
2
2
1 1623401304
3
2
1 4113787482
2
1 2413929870
2
2
3
2
2
1 2827553965
1 2603002904
2
2
1 864028318
2
2
2
1 2891530500
2
1 2937691291
2
2
1 2705219786
1 126030708
1 3949445539
1 3040389090
1 2539195569
1 1714938345
2
2
1 375307243
2
1 2659269918
1 2830001876
2
2
1 3813357009
1 2251733924
3
2
1 1477988215
3
1 1535984245
1 581057508
2
2
2
2
2
3
1 3131530344
2
2
2
2
2
1 3315876327
1 4021369984
2
2
1 368586834
2
2
1 2796057217
2
3
2
2
2
2
3
1 812147632
1 2836618078
1 2849078194
2
2
1 3107315867
2
2
2
2
1 903696445
2
2
1 1544835559
2
1 831175997
1 2031673485
2
3
2
1 246683582
1 843878585
2
2
2
1 2394945017
3
1 1705603830
1 2827815514
1 1002271456
2
1 3961709151
2
2
1 1348024407
2
3
1 3038088011
1 4125128726
3
1 235552738
2
1 3938708648
3
3
1 2740937573
1 3022351678
1 2389802145
3
2
2
1 1723252246
2
1 1162475991
1 3511615586
1 4228146732
1 2285997175
2
2
1 2108927724
1 777076642
1 2481388226
1 1497903703
1 2359496357
3
2
2
1 3329788949
3
1 363616045
1 840587428
1 532597316
2
3
2
1 987319307
2
1 3839211749
2
1 1121336429
3
2
2
1 4048681929
1 1193524656
2
2
2
2
1 2112662249
2
2
3
1 3309652309
3
2
2
2
1 3170156079
1 3347531917
2
1 2657904336
2
1 664533750
3
2
1 3926156252
2
1 638494291
1 93983850
2
1 1852982481
2
1 2660800
2
1 1838523924
2
2
2
1 1703690939
2
1 1154452056
2
1 4186082548
2
1 3547655950
2
1 2871173175
3
2
2
1 3489282678
3
1 3148468147
1 1348045549
2
2
2
2
1 3825037565
1 1531974544
2
2
1 2538940076
1 1309194522
2
1 3539836023
3
1 437263765
2
3
3
3
2
2
3
2
3
2
1 2825725456
1 2786379637
2
2
1 1172978662
2
2
1 3904952416
2
2
1 886444832
2
2
2
1 1799581145
2
1 2742130523
1 1688924778
2
2
1 1217519734
2
1 1290904248
2
3
1 1126166683
1 2797835199
1 3027540086
1 3721556861
2
2
1 373928386
1 1524071907
3
1 627995794
2
2
2
1 1201110625
2
2
2
2
2
1 673487623
2
2
1 3881960541
2
3
1 1911961954
1 1064901242
1 373604471
3
1 2743274010
1 1627927810
2
2
1 874048340
1 372724398
1 2117007090
3
2
3
3
2
3
2
2
2
3
2
2
2
1 1800530199
3
2
2
2
1 2455062506
2
1 2104069705
2
1 4242062806
3
1 1527391133
1 4034963159
1 2939925791
1 2384829033
1 207539345
2
2
2
3
3
1 801507941
3
3
2
1 1528816301
1 1501306172
1 1814619986
2
1 468047411
3
2
2
1 285910215
3
1 2578434096
2
1 1502960036
1 2595139670
2
2
2
2
2
1 3953133035
2
3
2
1 2602376254
1 1993711760
1 2188594975
2
2
2
1 2213987328
2
2
1 2031493825
2
2
2
1 1619705325
2
3
2
2
2
1 2244894984
3
2
2
2
2
2
1 179392410
2
1 3186402329
1 2631436706
2
2
2
1 1031773988
2
3
1 3679695743
1 897017104
2
2
1 4074301034
1 616788221
1 1349923982
1 876425124
2
3
2
2
3
3
1 3254323735
1 2894299505
3
2
1 1085285279
2
1 1605364238
1 53333950
2
1 2920657174
1 2295930404
3
3
3
1 3003193717
2
2
2
3
2
3
3
1 3925057490
3
1 2517163869
2
3
3
1 3908530922
1 2036026657
2
1 2304922876
2
1 3950132876
2
2
3
2
2
2
3
2
2
1 870023323
2
3
2
1 2429885533
2
2
3
2
1 2491387145
3
1 659193848
2
2
2
2
1 302381505
1 620061595
1 2861579600
2
2
3
1 3244458357
3
2
2
1 2981635402
2
3
2
3
3
3
3
2
1 1637293041
1 1043438613
3
2
3
2
1 2489565583
1 440237627
3
2
1 2487290116
2
2
1 1504713218
1 399596662
2
1 2985733487
2
2
1 3701905852
1 3356772954
2
2
2
2
2
3
2
2
2
3
3
1 1981988761
3
2
2
1 423436484
1 3026153631
2
3
2
2
2
1 3604901410
1 2099645170
3
3
2
1 1982071633
3
1 3698248933
1 328264396
1 2347551265
1 3232552717
2
1 486162063
2
2
3
2
3
3
1 3372257108
1 1108054818
2
3
2
1 1500252754
2
1 328332541
3
1 2475004659
1 441399089
1 1343536840
2
1 1525537144
2
1 3659878206
2
1 2428981812
2
2
1 176353806
2
1 2236699802
3
2
1 1714971728
1 146875625
1 2154815969
1 4138603651
1 3479588997
2
2
2
2
1 3916005646
2
3
2
1 3384544229
1 1976679035
2
1 1827468092
1 113946506
1 3583847231
1 3967872863
1 4202254780
3
1 2044644020
2
2
2
3
1 2501741204
2
3
1 698990177
2
2
1 117372161
2
1 2723685346
2
2
1 3013735074
2
1 1254193474
2
1 2792619630
2
1 299419640
1 2010826045
1 3238895178
2
1 1930793463
1 3502799744
2
1 4210862183
3
1 2150842536
3
1 3549465537
1 1168847622
2
1 1374555836
3
2
1 265979723
2
3
1 1459427956
2
2
1 3847161566
3
2
1 1519541238
1 1425570087
1 588776305
1 4255461172
2
1 2932340504
1 1384194917
3
1 2620986863
2
2
2
3
3
2
1 3167950556
1 2286911722
2
3
2
2
2
1 2469618815
1 2512428315
3
1 2170459229
2
1 1673211061
3
2
2
3
3
2
1 1684538521
2
1 1874192579
1 2003866739
1 255954300
3
1 3410116550
2
2
1 2993080930
3
3
2
2
1 345788997
1 2524891665
1 483347344
2
2
2
1 3295763363
2
2
1 2504122064
2
2
1 4226743044
1 1825140263
2
2
1 626595093
2
1 283185202
2
2
1 609748233
3
1 556516775
2
2
1 3805914008
2
2
2
2
2
1 1468126901
1 2420864616
1 625444318
3
1 4292183026
2
1 3468105827
1 4188324241
2
2
2
2
2
3
1 1544651913
3
2
1 606763430
1 3670711582
2
1 2003456567
3
1 849214189
2
2
2
2
1 3231724545
1 2737744455
2
2
2
2
1 1510455985
2
1 762299967
3
1 2084706715
1 1606461483
2
2
2
3
1 240990756
1 2208988309
2
1 4220147380
1 1351639689
1 574359779
2
2
1 2896049698
3
3
1 1757939592
3
1 1720063077
1 3626232378
3
1 4224854706
1 527443379
1 2486664047
1 1074833530
2
3
3
1 319812953
3
1 3493525088
1 3139482048
2
2
1 1679690348
3
3
1 2679684390
2
1 2020756706
1 1046034892
3
2
1 23765356
3
2
2
3
3
2
1 362096899
2
2
2
2
3
1 3852093812
2
2
2
1 1687806536
3
1 1027852322
2
2
2
2
3
3
1 1885854802
1 2149557573
1 1579369420
1 86947754
1 1213262803
2
2
2
1 787045716
2
2
1 790879297
2
3
1 1908537025
2
2
3
2
3
2
1 1939334409
1 769179393
2
3
1 2765335114
1 2274064290
1 1188050046
1 926675564
2
2
2
2
2
1 2507591759
1 3372954418
2
1 1980111152
2
1 2333001664
1 1307860442
3
3
2
2
1 4136966507
1 1421072885
1 3369564220
2
1 2451768693
1 2308933376
1 3860606489
3
1 3452596366
3
1 4149089143
1 4163972349
1 2599650577
2
2
1 3832275361
2
2
2
1 3596841828
3
1 681736534
1 381704141
2
2
1 2537816946
1 2250516910
1 2712346362
2
1 594307952
1 3668413459
2
3
3
1 2144557992
2
2
3
1 759222776
1 3715115975
2
2
1 2466407454
1 1564799179
1 3455966099
1 325779540
3
2
3
1 2899634322
2
3
2
1 3927633111
1 855702788
2
2
3
1 2828330032
2
3
2
1 1123795175
1 1022275680
1 1545314618
2
2
2
2
2
1 1503235444
1 368782646
1 2080964868
2
2
3
1 3338382666
2
2
2
2
2
2
2
1 1086525940
1 3025682327
2
3
1 1838701911
1 51325174
3
2
2
2
2
2
1 808693891
1 2756722468
3
1 4171056065
3
3
1 3203001760
2
3
1 515530383
1 2887401088
2
2
2
2
2
2
2
1 4135591744
2
1 3892914240
1 669167435
2
1 1712139948
2
1 2970240168
1 2880193327
2
2
1 3942553358
2
1 3872076591
3
2
1 3217413941
2
2
2
2
1 3772879276
2
2
1 929409474
2
3
3
1 2909245541
1 3784279292
2
2
2
1 255731366
3
1 944628105
2
2
2
3
2
2
2
1 2230417103
1 1773256583
2
3
1 4257668922
2
1 4033628013
2
3
2
3
1 3975026945
1 1653663420
3
1 3115863280
2
1 1415992126
2
2
3
2
1 3847726810
2
1 178160241
2
2
3
2
1 3126203840
1 1959204127
3
2
2
2
2
1 2585517683
3
2
1 2257512121
3
1 2857383210
2
1 2926345171
1 2328009053
1 3116361264
1 1766035257
1 1657691527
1 420460708
3
3
2
3
1 1716832990
1 1853122997
2
3
1 1351814177
2
2
3
1 3229803496
2
2
2
2
1 2525851515
2
1 4180836059
2
1 1054526157
1 1471867481
2
1 3618426122
2
1 2920407219
1 844595191
1 3738495824
2
1 2170836312
1 1491895955
1 3646033271
2
2
2
2
2
2
2
1 1684984555
2
3
2
2
2
1 2685717786
1 2809253615
2
2
2
1 1485529216
2
1 605357461
1 734732609
1 2490262867
2
3
3
2
3
1 2719036448
1 510950652
2
1 3388761727
3
1 1340730401
2
2
2
2
2
1 950158406
1 2566384236
1 1921742641
1 106665926
1 473844129
2
1 1514006812
1 2012505647
3
3
3
1 4276950987
1 2058501521
1 3447502870
2
1 783944719
1 1285664537
1 1550965502
3
3
1 3482664009
2
1 1041870470
3
2
2
3
1 411143623
1 545842161
1 1591716981
2
2
2
1 3744340313
2
3
1 1392832879
3
3
1 1172404715
2
2
2
1 3556306941
3
1 1657495805
2
2
2
2
2
1 4142485085
3
2
1 3883038290
3
3
1 2659903801
1 60398658
2
1 3772958629
3
2
1 2760614239
3
1 291134981
1 1209294876
1 3972804558
2
1 420831242
2
2
1 86325584
1 2054265987
3
2
1 2642683633
1 2036569385
2
2
3
2
1 3090478554
1 1371481887
2
2
1 3127367024
1 2667138643
2
1 2899903984
2
1 2060062742
1 3215241092
1 1328285925
1 1283598857
1 2628034444
3
2
1 1351846430
1 2307714373
3
1 4233814045
2
2
2
1 3277563271
2
1 1930366017
3
2
2
1 833900593
2
1 2742724816
3
1 205203143
1 2233453566
3
2
3
2
2
2
1 935536300
1 730726776
2
1 3045059504
2
1 3712237525
1 420666089
3
1 472813770
1 2118912137
1 3677425754
1 1320197909
1 3277970237
3
2
1 729002259
1 3722859651
2
1 1148832047
2
1 2665585197
2
3
3
2
2
3
2
2
1 2820292041
1 4222954810
1 588149508
1 1920416539
1 2218456410
1 3573201068
2
2
2
1 3399565014
3
2
2
1 1293646939
1 2077433813
2
1 4055435639
2
2
2
1 519522305
2
1 2481650480
1 707896656
1 3456054477
2
1 2509191290
3
1 422231494
3
1 4234281047
1 4219963946
2
1 676225501
1 2398469106
2
3
2
1 3180788016
1 3503399672
2
1 2801462522
2
3
1 1028581923
1 2135993001
2
1 3706710227
2
2
2
2
2
2
1 2408994191
1 3240646832
3
3
1 3987080044
3
2
3
1 683259842
2
2
2
1 2218360907
1 3933755857
2
1 3751274291
3
2
3
1 731770146
1 571334688
2
1 3652387919
2
1 756830977
1 4145154296
3
1 69980462
1 152002713
1 1002335212
1 3358472167
3
1 1217543776
1 2950697678
2
1 4041112835
1 1503744468
2
2
1 774566498
1 2561828212
2
1 4126111717
2
3
1 3651548173
1 1496553996
2
3
2
1 2577012697
1 4166888070
3
3
2
1 3355432978
2
1 1180500175
2
1 3283857537
2
2
2
3
2
2
2
1 1902525331
1 603005097
3
2
3
2
1 1540600998
3
2
2
1 3587445714
1 2727417186
3
2
1 1359484312
2
2
2
3
2
1 3041487616
2
1 3592155726
1 2851530745
2
1 1224103233
2
1 3674297932
1 437422031
1 1495225120
1 3202206766
2
2
3
2
2
2
2
1 3763422025
1 2461312699
1 2758630449
2
1 904216751
2
1 3751126448
2
1 519597318
1 654876711
2
1 1041688094
1 3389251477
3
2
1 1919957072
2
2
2
2
1 1929716474
2
2
1 2682380187
1 74917360
2
2
1 1421318246
1 4272443194
3
2
1 2528439494
2
3
3
2
3
1 2415170583
2
2
1 1438061328
2
2
2
1 1958991585
1 66988367
1 2503639454
1 2454527230
1 3970104766
1 403530746
1 2103757952
3
2
1 1529992966
2
1 3511095883
2
1 1427090245
1 840453721
2
1 646148067
3
2
3
3
3
2
1 1833262217
1 2680761356
1 553650438
3
3
2
1 2953196204
2
2
3
1 172529901
2
1 3414725895
3
1 3110230798
1 1634896506
2
1 348130358
2
1 4129869324
2
3
1 299693691
1 2131037173
2
2
1 1283988683
1 2226493032
1 3240214143
2
1 109687900
1 3326293510
2
3
1 2243471338
2
2
3
2
2
2
2
3
3
1 3365722821
2
1 1597581647
1 872020097
1 406618810
2
3
2
2
2
1 3062888081
1 2008267585
2
2
2
2
1 2913231862
2
3
1 4063202030
1 2253447364
1 1904659413
3
1 3822766599
1 1748831422
2
2
1 3754444718
2
1 666122138
3
1 2777612388
2
2
1 4034140991
1 1735005588
2
2
1 1448819045
1 3364250196
3
2
2
1 3309865076
2
3
1 457249165
2
3
1 1681668888
1 4047218442
1 4058920804
2
1 3165606879
1 1747139318
1 1535460422
3
1 2248313558
2
2
1 4104586553
2
3
2
3
2
1 600902362
1 2889727085
2
1 1503237522
2
2
2
2
1 1495038914
3
2
1 855108566
1 3197524531
1 3586597560
3
2
1 2400854328
3
2
3
1 3685018164
1 1717777827
1 374951711
1 3786570613
1 4164570167
2
3
2
1 325590061
1 1488000484
2
2
1 4268376915
2
2
3
1 2530952899
1 1665937516
2
2
3
1 3206823969
1 2526938389
1 3330872309
3
2
2
1 2167656163
2
2
1 837512
1 3005871521
2
2
2
2
1 1787757807
2
1 3229693304
1 30934784
1 2988554400
2
3
2
1 1083497979
2
2
2
1 1517002645
1 2888347831
2
1 4269232418
2
2
1 948321763
2
3
1 746780981
2
2
2
2
2
2
2
2
1 666608083
2
3
1 1240485779
2
1 3440420463
1 1877177913
1 2370565014
1 1669284169
3
2
3
2
1 1096242800
2
1 904190443
3
3
2
1 230706428
2
2
2
2
2
1 766563303
1 786604654
2
1 88678518
1 747388745
2
2
1 3587413237
1 4041379233
1 1974497255
2
2
2
3
2
2
2
2
1 2844257323
3
2
2
1 2455302833
2
2
1 3993584870
3
2
2
1 3732545027
2
2
1 3863741068
1 3831312960
2
2
2
2
2
1 647193518
2
2
1 1050981175
2
1 2919250717
3
1 2339938281
1 2668487985
1 12570691
3
2
2
3
1 1920430261
2
2
1 906292812
2
1 196169591
1 2918276027
2
1 2253555840
2
1 1367564632
2
1 2390947015
2
1 3101798254
3
3
2
2
2
3
1 2301002488
2
3
1 4038289325
2
2
1 609276465
2
1 839374680
1 1079436670
1 3512088885
2
1 3984402482
1 3773662232
2
2
1 4001148800
3
2
2
2
2
1 4045549465
2
1 756789773
1 573706546
1 3308824023
2
2
2
1 3577435972
1 4274124215
1 3626688561
2
1 1836661161
2
2
2
1 3495583447
1 6405790
2
1 1292749287
2
2
2
2
1 1978916294
2
1 1072665559
2
2
3
1 267121410
1 1398911552
1 3939567892
2
1 96049162
1 2465062091
1 3926693377
3
1 3843036109
1 1287910813
2
1 2889111297
1 567485719
2
1 3747715480
2
1 1876835460
1 2892811945
2
1 725317293
1 347571253
1 3423731372
2
3
1 3238635382
1 396378626
1 3335520870
3
1 2370306226
2
2
1 587024445
2
3
1 564171375
1 2781618111
1 864890828
2
1 3143480485
2
2
3
3
1 360707461
2
1 3722851872
1 3998903476
1 2295320558
1 2462953963
2
2
1 3352959922
1 3162337175
1 2990537367
2
3
1 2865550671
2
3
2
1 1289695177
3
1 674059077
2
2
3
2
2
2
1 1152405876
1 1339808829
3
2
3
1 1403703829
3
2
3
1 1855805896
1 4032052838
2
3
1 331570087
2
2
1 555155913
2
3
3
1 1352849268
1 3880665977
2
1 1659743434
2
2
1 1988253513
1 1208669364
3
1 511648286
2
2
1 587592216
1 2700231594
2
2
2
1 2363837569
1 4218620938
1 1367994593
2
2
1 1951446122
1 582064475
2
2
3
1 2159907539
1 2561979671
1 3627130459
2
1 3496431050
2
2
2
3
1 945019953
2
1 2896965493
2
1 1031073872
3
1 1574703225
2
2
2
2
2
1 2198349662
1 2345737490
2
1 2616346715
2
2
1 3929763905
1 3824841653
2
2
2
3
2
1 1564521929
1 2425998982
1 4243996711
1 661165894
2
1 1281192347
2
1 747342308
1 252639132
2
2
1 15242823
2
1 984614175
2
1 3722477072
3
3
3
1 1050807928
1 4259848889
2
3
3
1 353957926
1 4178613306
2
2
1 2102153589
1 698848093
3
1 4213828573
2
1 2543008193
3
1 984235530
1 4207553303
2
2
2
1 2751660157
1 2242695138
2
2
3
1 1427925534
1 60122044
2
2
1 1106658312
2
3
3
2
3
2
2
1 982460259
1 3091344929
1 3697104129
2
2
1 1848567770
2
3
2
3
2
2
1 2163208951
2
1 3514207369
2
1 1386171104
3
2
1 3668207341
1 3402735857
1 2355704809
1 656024012
3
1 97070295
2
1 3437300903
1 816221879
2
1 2968459786
1 1345146941
2
2
2
1 1096630187
2
3
1 2716501729
1 1537674565
1 1814894664
1 3808926490
2
2
2
1 1122873136
2
3
2
2
1 2933513548
1 818545934
3
3
3
1 3388138126
3
2
2
2
1 2135803329
3
1 2293556341
2
2
1 2354752620
1 4185333506
2
2
2
2
1 3315173548
2
1 1005174710
3
2
2
2
2
3
2
1 991975288
1 1941878720
3
3
2
3
2
2
2
2
3
1 1882291572
1 1682773047
2
2
3
2
2
2
2
1 1561632148
1 1178688530
2
2
2
2
1 466145337
2
2
3
1 247701243
2
1 922680141
2
3
2
2
1 3609756339
2
2
1 2801416973
1 4014108252
2
2
2
1 4173132376
1 3105414020
1 1970198073
1 1681342098
3
2
1 3410264129
2
2
1 1639796998
2
2
1 2728086894
1 2070261961
2
2
1 4032261950
1 1426169445
1 1892015233
1 1799324575
2
1 4000940408
1 3033116542
1 2039012545
2
1 8130792
2
2
1 3588153034
3
1 3985020351
1 2490255784
1 2439027708
2
1 2314707593
1 546175910
2
1 4019302826
2
1 2129248586
1 260315873
1 676964331
1 3441452877
2
2
2
2
1 1602149751
2
1 1713790124
2
3
1 2990081907
1 2906956749
2
1 1018188499
1 1172826346
1 3219346813
3
2
2
2
2
1 4291401911
1 2193734898
2
2
3
3
1 1782578899
2
3
3
2
1 2308832698
1 3930138929
2
2
2
1 626230443
1 3537170861
2
1 1344425171
2
2
2
3
3
2
3
1 4227219563
2
1 3675891361
1 4260541962
2
1 2794158145
2
2
2
2
1 724691012
2
2
2
3
1 3874722777
2
3
2
2
3
1 173278029
1 1931626603
1 426821157
1 2629402290
1 3897262558
2
2
3
3
3
2
2
2
2
1 1492435002
2
1 43765670
2
2
2
1 556451956
3
1 3854887176
1 3487315881
2
1 795357956
2
1 909527534
1 3488833631
2
2
1 945951930
1 79169806
2
1 1576197185
3
3
1 4003178398
1 1073691456
3
1 154452305
3
1 3719865831
3
3
1 660166171
1 1629323966
2
2
3
3
3
1 232950875
1 2544896635
2
2
1 2419945793
2
1 2394631330
2
2
2
2
1 2840719336
2
1 890104947
2
1 3575763597
2
1 4033069326
2
2
2
2
2
2
2
2
2
2
1 1499039897
2
2
3
2
2
1 2531339961
1 573459627
1 1584599597
1 2073064486
1 217316112
1 2997133640
1 2812491019
2
1 3227083177
1 1929996425
2
1 3354165565
1 1590995158
2
2
2
1 3314515380
2
1 2230089859
3
1 3252840905
2
2
2
1 1676855949
1 1334049518
2
1 2539144309
2
1 4279844217
2
1 1171032586
1 2439426418
1 2516061517
2
2
2
1 256775238
2
1 2893221127
2
1 3086951990
3
1 454793874
2
2
1 1299540115
2
2
2
1 1971537600
1 2805416426
1 2779205065
1 491134632
2
2
2
2
1 1403741687
2
2
2
2
2
2
2
3
2
2
1 1526299660
3
1 1789395868
1 3396336652
1 53672396
2
1 1942612231
2
2
3
2
2
2
1 1853694982
2
3
2
3
2
3
3
3
1 1094530053
1 1076346536
2
1 938828819
1 1928290818
1 2236598137
1 3586263525
2
2
2
2
1 229825931
1 4199307727
2
2
3
2
2
2
1 3494571058
1 2026569414
1 375303226
1 4111515826
3
2
2
2
1 4210159754
1 2589323887
1 3262948862
2
2
3
2
3
2
2
3
2
1 3066001460
2
1 975337566
1 2081152844
2
1 2079916696
1 329187457
1 3657145997
3
2
2
2
3
2
2
3
2
1 951383164
1 3845985923
1 3048130992
1 2896482981
2
2
1 2554588394
1 247483359
3
1 3253013028
3
1 51527800
1 4169023343
2
2
3
1 975644376
2
1 578055542
2
2
2
2
1 3592607768
1 375699751
3
1 1565833107
1 2622483669
2
1 1335642663
1 1240070284
1 2275918
1 508164042
2
2
1 2178004932
1 1121898136
2
3
1 2277244321
2
3
2
1 3734928454
1 1785786922
1 807227082
2
2
1 1236176143
1 2793868230
1 1881432310
1 3193506270
2
2
1 3365227288
1 1525620324
2
1 424003963
3
2
1 3443613221
2
2
2
2
3
3
1 2948336248
2
1 2845324592
3
2
2
1 2133318171
1 2497457062
2
2
2
1 204491107
2
2
2
2
2
1 92401804
2
3
1 3939402099
2
2
2
2
2
2
2
1 4021597827
2
2
2
1 3856281438
1 4197791141
2
1 2948693082
2
1 478577688
2
2
1 569163640
2
1 2745337387
2
3
2
2
3
1 3959752477
2
2
1 132229550
3
2
1 954220861
1 274731830
2
1 1539204028
2
1 503295226
2
1 783510569
2
1 1422768860
3
3
2
2
2
2
1 3631649191
3
2
1 1643730374
1 3361736739
2
2
2
1 977266653
2
1 1422005353
1 1926156698
1 2676401422
1 1479220253
2
2
2
2
2
2
1 3278906152
2
2
1 4262682347
3
1 61390420
1 1334086300
1 2358523485
3
2
1 3997256197
2
1 3831759882
2
1 3553908575
2
1 3532772650
1 2154409354
1 4214426538
1 2388907345
2
1 2037609529
3
3
1 2446921815
1 3915303754
1 3555609771
1 1183397267
1 1799607127
1 2593435601
3
1 1233014935
2
1 2299303640
1 1551700232
2
1 768707141
2
1 723376600
2
2
2
2
3
3
1 2686700552
2
1 2082830759
2
3
3
1 702406241
2
2
1 1656546828
2
2
2
1 869050426
1 3496675210
1 435888080
3
2
3
2
2
3
1 1030630122
2
1 2644346606
3
1 1578257841
2
1 2288134678
3
2
2
1 2872201544
2
2
1 3413643449
1 2288482695
2
2
1 2406285567
2
3
3
1 3924210630
3
2
1 761733119
2
2
3
1 1827724012
3
2
1 2325917782
2
3
2
2
1 3946118944
2
2
2
2
1 4210490052
1 3301665399
2
2
2
2
2
2
2
2
2
1 2024259859
2
1 3296288772
1 3451610986
1 98131867
3
1 1228928499
2
1 71427560
2
2
1 1411732102
1 2992462387
1 228342673
2
1 2390368876
1 1925881049
2
2
1 1490976715
2
2
3
1 126461895
1 1108737228
2
2
2
2
2
1 4275811120
1 3190486227
3
2
1 3288215295
1 858067659
2
1 2239637638
1 2367485436
1 3855021836
1 1879246741
1 3025880605
3
2
2
2
1 352788483
1 4118343127
1 131824269
3
2
3
2
2
3
2
2
1 817359737
2
3
1 4254403005
2
1 1387949465
1 3766755393
3
2
1 4202077066
3
1 2930953269
3
2
2
1 2561195077
1 3147093358
1 1781339738
2
2
1 797889184
2
2
2
2
3
1 1577915357
3
1 1638823039
1 3537762125
2
2
3
3
1 646290954
1 1040658577
2
1 4175011677
3
1 1975848894
3
1 1660670158
3
2
2
1 541724641
3
2
2
1 2356135886
3
1 2398359310
1 4092976976
2
1 3279218452
2
2
1 2734179221
3
2
2
2
1 3944649400
1 3379343708
2
2
3
3
2
3
2
3
3
2
1 2820480827
1 907194802
1 1912819315
3
2
1 3863991701
1 1691472784
2
2
3
3
1 3814012791
2
1 1909429054
2
2
1 1157895994
2
2
2
2
2
2
1 3785142426
1 3463498840
3
1 1079013253
2
3
2
1 1923339814
2
2
2
1 1168107238
1 3676468118
3
1 913912416
2
1 3416187252
3
1 276336753
1 3044120371
1 3943628139
2
2
1 1803884721
1 3108035234
1 2898017856
2
1 2491027846
2
2
2
2
1 1996175775
2
2
1 472486734
1 1928528414
2
1 2264508349
1 4287236787
1 3668318900
1 2898248375
1 980747429
2
1 2618798180
3
2
2
2
1 3990167004
1 29230369
1 529222486
1 3096867139
2
1 696052389
1 2290329795
2
2
2
2
2
3
1 1610297992
2
1 3977232107
2
1 3954734395
1 3725339267
3
2
1 136944705
3
2
2
1 587505497
2
2
1 1354823714
1 2565393625
2
1 927221956
3
2
2
2
1 202502059
1 366320205
2
3
2
3
2
1 1845577502
3
1 2283453430
1 3036800395
2
2
1 2828025926
2
2
3
1 990695207
2
1 3372196399
1 3199053534
1 3057046792
3
1 2290375274
2
1 1567672504
1 1752092969
1 3159075844
1 4170525625
1 578782381
2
1 2173015837
3
3
2
2
1 4265153338
1 3916943684
1 3756360527
2
3
3
1 1766564109
2
1 465557083
2
3
3
3
2
2
3
1 2728035258
2
3
2
2
1 3762423725
2
2
3
1 390412039
2
2
1 1136332966
1 3464383925
2
1 1926252433
1 1478140428
2
2
1 2619982182
2
1 2633076362
2
2
2
2
2
1 85999085
2
1 884806880
2
1 3550285761
3
2
1 1534718681
1 3776326463
1 1340078805
1 2853490147
1 3609555379
2
1 3414372526
2
2
2
1 110497010
2
2
2
1 3773880734
2
2
2
2
3
1 2515915969
2
2
2
2
3
1 1544443378
2
2
2
3
1 3120802015
2
2
1 938718797
2
2
3
1 940902243
2
1 13221937
1 3422878263
2
2
2
1 775055390
1 1586440939
3
2
2
3
2
2
2
1 4225956038
1 3031145491
2
1 3923824421
1 263007299
2
1 2173093739
2
2
1 420223314
1 3166114044
2
3
1 585273158
2
1 2735849620
1 1447939247
1 3610369468
2
1 2406194755
2
1 363855969
2
1 2212766019
3
1 2119211429
2
1 4270675610
2
1 3554358334
2
2
1 2706950419
2
2
3
1 2360499521
1 1075649931
2
2
1 2613038767
2
2
1 3699201168
2
3
1 2811584699
1 1219863175
2
1 730603173
2
2
1 160145997
2
1 2734328002
1 2110657663
2
2
2
1 912998677
3
1 3789590442
3
3
2
2
1 3835287933
2
1 2235975242
2
3
1 1579605857
3
1 4019935164
1 1464690074
1 3759139391
1 866677089
1 2924368958
2
1 2768824187
1 2088351575
1 2818017930
1 1384699909
1 3087863364
2
2
2
1 3147989703
1 695850150
1 234920121
1 4256368297
1 273135389
1 1820225942
2
1 770549140
1 954066641
2
2
2
2
2
3
2
3
2
1 3187505659
2
2
2
1 3661273640
2
2
1 3435787058
3
2
1 339456682
2
2
2
2
1 2496308740
1 3266960197
1 3204138500
2
2
3
1 2123574739
2
1 1161756791
2
2
2
2
3
2
1 1691159617
2
2
1 3846312492
1 4246831860
2
3
1 1657945274
3
3
1 1602557658
2
2
2
3
3
1 3355800853
2
2
2
2
2
2
2
1 2017984604
1 2417905336
2
1 194368007
2
3
2
2
1 1157836011
2
1 2767186541
2
1 2322592322
2
3
3
1 2390303773
1 3751458557
1 2572805195
2
3
3
3
1 3781554536
2
1 1051420812
1 2719412622
2
2
2
2
1 89858517
1 35727415
2
1 1769810184
2
2
2
1 2837821094
1 4172645119
1 23319723
3
3
1 1156147658
2
2
1 1805579672
2
1 2718884317
2
2
1 3677572632
2
2
2
2
3
2
1 1351867500
2
1 3227591980
2
1 3452964435
2
1 2656200547
2
1 2698559510
2
2
1 2923968883
1 3204489874
1 1885740509
1 3119823339
2
2
3
2
2
2
1 373069892
3
1 2586585506
2
1 3322530074
1 3752379286
2
1 3277902303
3
3
2
1 945331932
2
1 613955720
1 43607160
2
1 2722356
2
1 3422669172
1 2224622477
3
1 1679070637
2
3
2
2
3
2
2
2
1 2851598314
1 3926824020
1 2992678704
2
3
1 3469037298
2
3
1 4174794807
1 650657396
1 3301855381
2
3
1 1942459758
3
2
2
2
2
2
1 3763484955
2
2
1 1952249687
1 3503710284
2
1 3171543255
2
2
3
3
1 2846231771
2
2
2
2
1 3472709874
3
1 1852836620
1 2890281534
1 3412592835
1 3836609643
3
1 2237124478
3
2
3
2
1 3988345905
3
2
2
2
3
2
2
1 980803494
1 3916451100
3
2
1 377368174
1 3233416050
1 2931262259
1 5377466
1 641592363
1 1015691987
1 1904384813
2
1 1184976304
2
2
1 2012680052
3
1 959221476
2
2
1 1105602881
1 1494025344
3
3
1 2942681143
1 2649863224
1 3084504128
2
2
1 4190992452
2
2
1 438726988
2
3
1 3387114609
2
1 2746351790
1 542711145
2
2
2
1 1285538260
3
1 2281183943
2
1 1896600466
2
1 1812186849
2
3
1 1525207660
1 3296647457
2
1 54192811
2
3
2
2
2
1 1537848086
2
1 3837949192
2
2
3
2
2
1 3783128780
1 3210924881
2
1 2877352742
2
1 654849060
3
1 3353118171
1 3844105365
2
2
1 911247271
2
1 3496525410
1 1876713462
1 2321032632
1 3490366855
1 833164106
1 1464873404
2
3
1 819892775
2
3
1 3948604099
2
2
1 1317183476
2
3
2
2
2
2
2
1 1061014187
1 38003215
2
2
3
1 100100718
1 10626146
2
1 1948847330
2
2
1 3808706047
1 143098714
1 2031834899
2
1 183216563
1 2737818027
2
2
3
2
1 3151548749
2
1 318315238
2
1 2732669876
1 3207979400
2
1 1708151810
2
1 4233796875
2
3
1 2695947026
1 2788210918
3
1 305438700
1 1291320040
1 1404337158
1 1081009065
2
2
3
1 343560078
1 4091092236
1 3535281486
2
1 2383182975
2
1 866939408
2
2
2
2
2
1 3676447631
1 2460541250
2
2
1 471531624
3
2
2
1 1300125097
2
1 3172274882
1 174186389
1 567506551
2
3
2
1 4127863749
1 802586081
1 1158336613
3
2
2
2
2
2
1 2078922479
1 648779465
1 125496294
1 1150860390
3
2
2
1 2769071745
3
3
1 936583867
1 2614151051
1 1543954944
2
1 3234188622
3
3
2
2
2
1 1085017252
2
2
2
3
2
2
2
1 1267067879
2
1 1551523494
2
3
2
1 373608847
1 3362798943
1 1140387601
1 999770617
2
2
3
1 1691623387
1 2391416769
1 1561695200
2
1 843530002
3
1 2379933431
1 1903223502
1 1166482891
1 1720099500
2
2
1 4157665854
2
1 3610843663
2
2
1 3838670726
2
1 3439285178
2
2
2
2
1 4126496941
2
2
2
1 2607369423
1 569242839
2
2
1 806873990
3
3
1 145185421
2
3
2
3
2
1 1064123591
2
1 3277177237
1 1174220732
1 3716856630
1 3256223417
1 1321484294
2
2
2
1 162387692
2
2
1 1550414456
2
2
1 3675078439
2
2
3
3
1 3244645742
1 3681848354
2
1 3967741021
2
1 3603586514
3
1 475699105
1 348264177
2
2
2
1 4150918254
1 297603958
2
1 3948763172
1 2088211946
3
3
2
3
3
2
2
2
2
2
1 2611232542
3
1 2992529863
2
2
1 1250131614
1 2503091921
3
3
2
2
3
2
1 1225681821
3
3
2
1 2394583648
2
2
2
2
3
1 2290505712
2
2
1 1325685485
1 207193354
1 756143463
1 723416794
2
2
2
1 4140323058
1 3433689297
2
1 1866417000
2
3
3
1 33696267
1 2202863536
2
1 909040367
2
1 860404346
1 1920552672
3
1 2328925355
2
2
1 2653478467
1 3378546326
2
2
1 350549393
1 795042108
2
1 803332915
1 3110162105
2
1 1021982134
1 4012953413
1 4231618564
2
1 2312210146
1 368677460
2
2
2
2
2
1 317240582
1 121366608
2
1 2326886513
1 3788941557
2
1 3778055079
2
2
1 2227994486
2
2
1 3137170557
1 421244353
2
1 1174718755
2
1 1056667810
2
2
1 2393269019
2
1 3186218300
1 1830241783
2
1 2470528533
2
2
1 2899441925
3
1 900069761
1 1086029698
2
3
1 858854525
1 2378812669
2
3
2
1 2890929839
1 801177116
2
2
2
2
2
1 1505736660
3
3
2
1 1632532685
1 735036403
1 3224185272
1 1081477278
3
1 1075351310
1 3102602607
2
3
1 3151527769
2
3
1 3570773507
1 691237538
2
2
2
3
1 1709465839
2
1 2376756499
1 3749902420
2
2
3
3
1 1436653930
2
2
2
2
1 3625027814
1 1043251058
3
3
3
2
2
2
1 2586175111
1 624012828
1 3111070863
1 684491629
1 3427058771
2
3
1 132069112
1 3656013613
1 1425112922
3
3
2
2
2
3
1 3139685467
2
2
1 2678989339
1 4005401222
1 2818438122
3
1 2823870986
2
3
2
3
1 4067132430
3
2
2
2
1 227280271
1 333943238
2
2
2
1 3258538925
2
1 1250250100
1 1834350986
1 4238235479
1 3254973511
3
3
1 952904921
2
2
3
1 3747790125
1 84837315
1 2472654723
2
2
2
2
2
1 3844688747
2
2
2
2
2
3
1 3393838562
1 2862275502
1 3935048196
2
2
1 1942866601
1 677516798
1 2267019389
2
2
1 169233904
1 2058177857
1 229008195
1 1400669409
1 787753509
2
1 2152216935
3
3
2
2
3
1 3398602402
2
2
2
1 4271261660
2
2
1 1218308710
3
2
2
2
2
1 833690484
1 1253224963
3
2
2
2
2
2
2
2
2
2
1 2464542919
2
1 1011712260
2
3
2
2
2
1 3383209183
2
3
2
1 4007687465
1 1450938181
2
1 3735178368
2
2
2
2
1 2154465879
2
1 1842182337
3
1 1538139628
2
1 2427295028
2
1 3014011124
3
1 1516131396
1 2626743642
1 2686210037
1 2122142181
1 437899091
2
2
2
1 3549210456
2
2
1 3804211168
2
2
2
1 1717873186
1 257963066
2
2
2
3
2
2
2
1 2099024910
2
2
3
3
2
1 3076882317
2
1 1311536507
1 3382509068
2
2
3
3
2
1 3453159756
2
2
2
2
2
2
2
2
3
2
1 1896909159
3
1 1284215236
2
1 3559867778
2
1 2194699018
2
2
2
1 2922601387
2
2
1 595683514
1 1847378361
2
2
2
2
1 725939703
1 1216472371
1 2241331942
2
1 3291681168
3
1 2367278930
1 1833350906
2
2
2
1 3602506818
1 1711301553
2
3
3
1 4081205298
2
2
2
1 2404342095
1 4205756293
3
3
1 292686671
1 3891909281
2
1 2350677112
2
2
1 1833797147
2
2
2
1 3635736213
2
1 2162435407
1 1842213831
2
2
2
1 826985744
1 3678252640
2
1 4063947933
2
3
2
2
2
2
1 326591549
2
2
3
1 3004021009
1 3299399057
2
2
1 880797861
2
3
1 3483610164
1 830251977
1 3152974526
1 3520049318
2
2
2
2
2
3
2
2
2
2
2
1 438982284
2
1 3559100165
2
2
2
1 2348147258
2
2
2
1 1314622606
1 3637442589
1 1975536384
2
2
2
3
1 3293501269
1 1264172384
2
2
3
3
1 664128246
3
2
2
2
2
2
2
2
1 528722567
1 1069717283
1 684414786
2
2
1 1338892559
2
1 3456228025
1 3213756888
1 3961672452
2
1 1684559124
1 3356821217
2
2
2
2
2
1 1326190294
1 3006668163
1 153644609
1 3277871284
2
2
1 1433766194
1 2005247737
2
3
1 816886958
1 2321010530
1 3284812941
3
1 1055153852
1 64131928
3
1 3068471167
2
2
3
2
1 760874616
3
3
3
2
1 4042509267
1 2209042909
1 1731606561
3
1 3928633049
1 424278116
3
1 3317041708
2
2
1 1470148997
2
2
3
1 3987599034
2
1 2817711047
1 1398308033
2
1 1214951640
1 2706257331
2
2
3
1 1487827622
1 807490637
3
2
3
3
1 3008534260
2
1 3730509019
3
2
1 4230803311
2
2
1 3474718031
2
2
3
2
1 851849387
3
1 2452524307
1 1801751236
2
3
2
2
2
2
1 2343076648
2
2
1 1447156934
2
1 2538430182
2
1 2236190341
3
2
1 4085764221
1 4012806001
2
1 3285159395
2
2
1 3843570734
3
1 1699907306
2
2
1 3807467207
1 31156237
1 2393650791
2
3
2
1 1685431580
1 3763978020
1 1085287388
2
3
2
3
1 3445501730
2
1 2967684989
1 3577098998
2
2
2
2
1 3966841963
1 3201807486
2
1 2161745528
1 2135432481
2
2
3
1 2610275740
3
2
2
2
2
2
3
1 1561661284
1 3583940983
3
1 1376996229
3
1 4186498702
3
2
1 2965383144
2
1 2203087124
2
2
2
2
3
1 222378355
2
1 836331746
2
2
3
1 2862080271
2
1 4184360438
1 3572511904
2
2
1 1814880549
3
1 3070471775
1 3776863395
2
2
1 1808970400
2
1 3418284466
1 1656142426
2
3
2
1 3671389150
2
2
2
1 2221408619
3
2
2
1 3136806010
2
1 617823246
1 3624280408
2
2
1 2734181349
2
1 1421215358
2
2
2
2
2
1 4227427619
2
2
3
3
1 2909597099
1 3760707943
1 1439002935
3
2
3
1 2835518558
2
1 2091335421
2
1 2397192640
1 1764032415
1 1600851299
2
1 619068573
2
1 2154645574
1 2598795527
3
2
3
2
1 3165701117
2
3
2
1 2411289100
2
1 2627244064
2
1 1550521933
1 1498416921
2
1 1455384943
2
1 2307403421
2
2
1 4108357680
2
2
1 1631395180
3
1 2393302865
2
2
2
2
1 3730816545
2
1 1065988306
1 132394130
2
3
2
1 2958046931
2
2
1 234361593
1 2220112926
1 1189056376
1 1108108235
1 98362193
2
1 1939679627
3
2
1 1965027801
3
2
1 3101488993
2
3
2
2
2
1 323638213
3
2
1 1394363772
2
2
1 2211243648
2
3
1 3615149353
3
2
3
1 2642077533
1 2618803115
2
1 3140870602
2
1 3344670495
1 4181063681
1 949190419
1 3208151188
1 196639278
2
1 2555000855
2
2
3
1 3611109496
1 1798503605
1 2609053958
2
2
1 413819079
2
2
3
1 238129932
2
1 2659902847
1 623129548
1 3946428427
2
2
1 555493352
3
3
1 2183163671
2
1 4000014586
1 1999842232
2
3
1 26900398
1 1979586812
1 1177510704
3
2
2
2
1 468636709
2
2
3
2
1 1091117578
2
1 1580890399
1 569241629
2
2
1 743733925
2
3
1 3933095160
1 398694679
3
2
2
2
1 1143758210
2
2
1 2467514547
2
1 230733246
2
2
2
1 4105369922
2
3
2
2
2
1 2855317688
2
2
1 2459168016
3
2
3
2
2
2
1 4234707649
1 531357419
1 1710565762
2
2
3
1 1068645032
2
2
3
2
2
1 568350356
2
1 1014462644
2
3
3
2
2
3
2
3
1 36386193
2
3
2
2
2
2
2
3
1 3554807918
3
2
2
2
1 4284011211
2
2
1 3153935308
1 99818994
2
2
2
3
2
1 1465369536
3
2
1 2250564412
2
1 2639699216
3
2
2
2
1 3752397410
2
1 4192338386
1 1563940158
1 3264394636
2
2
3
2
2
2
2
1 2610892233
1 1060179887
2
1 357962031
2
1 3733443655
2
1 3721884417
2
1 1627407952
1 3461101323
1 290842980
1 2750506294
2
1 30003734
3
1 2923241834
1 3255023308
1 2853481851
1 3255458537
2
3
2
2
3
2
1 1910481547
1 3392844713
2
1 694426760
2
1 747611102
3
2
1 476284221
3
3
1 621897572
3
3
2
3
3
2
1 3499184734
1 2338612290
2
2
2
1 978611424
3
2
1 2442979080
2
2
1 3082976864
2
2
2
2
2
2
2
1 1130470022
1 3065804194
2
2
2
1 3336431154
2
3
2
1 3707758988
2
2
1 4248367933
1 3920756099
2
1 3781739400
2
1 3191926283
1 4133772079
1 3798828038
2
2
1 1961623372
3
1 3147227421
2
1 2239403534
1 1313575899
3
1 4246436609
2
2
2
2
3
3
2
2
2
3
2
1 2681677773
2
3
1 1367508896
2
1 510172219
1 4021272531
2
3
2
2
1 995643803
2
1 3884701828
2
1 3403940074
2
1 1983742957
2
2
1 250314153
2
1 154285509
1 3143257165
1 3444827843
1 577013558
1 3035753569
2
1 1565798175
1 655357870
1 210796989
1 1258853756
2
1 2293529248
1 932373618
3
1 3826981380
1 3387284928
3
1 927164909
3
1 2960146527
2
1 1167063173
1 978320337
2
1 1495028601
2
1 1086903280
2
1 247697498
1 3485161631
2
2
3
2
2
3
1 4172046989
2
1 2169108392
3
2
2
2
1 407100238
1 1966778415
3
2
1 489589572
2
2
1 493620888
1 3747756653
1 3270916371
2
1 555143842
1 2141889334
2
1 2232364446
1 380317653
1 2910934935
2
2
2
3
2
3
2
1 602420951
2
1 416359884
1 1236178485
1 1727024745
1 2570503671
2
1 1053503460
2
2
2
1 759719993
3
2
2
2
1 3543488225
1 1865956335
2
1 2935275261
1 2383219186
2
3
1 2212639343
2
2
1 1154456367
3
2
1 3495923912
2
1 2730128172
2
1 1222561295
3
2
2
1 3056144265
3
2
3
1 2223970077
2
2
2
1 238724555
2
2
3
1 1245065661
2
2
2
1 2412117644
1 1244142773
3
2
1 1286409955
1 3802165509
2
1 3894084771
2
1 269273050
2
1 1211606874
1 3927867589
2
2
1 663452906
2
1 3926986260
3
3
2
2
2
2
3
1 2959420339
1 65580791
1 3941519294
2
1 3251977959
2
2
1 754407474
1 828954912
3
2
1 1840953029
3
3
1 3148072542
1 1330257041
2
3
1 2170473079
2
2
1 1195288736
3
3
2
1 3842250633
1 200841915
1 4229150164
2
2
3
2
1 526763739
1 909591497
1 584700693
3
1 3660226476
2
1 44854711
2
1 1156711964
1 1926276122
1 43697771
2
1 2947050765
3
1 910798384
1 2867285597
3
1 3140148131
2
2
2
2
3
3
2
1 3123641132
1 761883414
1 2352507916
3
1 2639781822
1 2156324953
1 3685045076
3
1 2286412658
1 3634975392
1 2439777727
2
1 1334971160
2
2
2
2
1 1150975227
2
2
2
3
2
3
1 765918037
2
1 3408740861
2
3
2
2
2
1 374392459
3
2
3
1 627320971
3
2
2
1 2761721534
2
1 2473002488
1 1118996554
2
2
3
1 2047944430
2
1 1925094713
2
2
1 2688410500
3
1 3073804280
1 2073564162
3
3
1 1299314325
1 368783561
1 894035087
1 3743790014
1 917155485
2
1 2107264206
1 424181914
1 2091527560
2
2
1 2173781056
2
2
1 3356361851
2
2
1 2321837661
2
1 3740108537
1 1076459664
2
1 3078879836
1 3046170062
3
3
2
2
1 999393984
1 2457467525
2
1 1419377664
1 2674477688
2
2
2
1 2699069033
2
3
2
2
1 641480270
1 765452679
1 387738368
2
2
1 2504691058
3
3
2
3
3
2
2
1 3635112917
1 3989320712
2
3
2
2
1 81748300
1 1085085133
2
1 709916583
2
1 4030933958
3
2
2
1 1380985971
3
2
2
2
1 840693110
1 1998192387
2
1 2586150028
2
2
3
2
1 2379394545
1 3742065848
2
3
2
1 2693153451
1 1456923450
1 509301980
3
2
2
1 1626705029
2
1 3184019882
2
1 2024099953
3
2
3
2
1 4147428381
2
2
1 970187872
1 3189959884
1 2695885884
1 4020819047
2
2
2
1 4152040363
2
1 2708478983
2
1 1332936499
1 2714876287
1 1390137027
1 250379632
1 2162922047
2
1 376349368
1 2146456520
2
2
1 1949425636
2
1 1063037706
2
1 2439103346
1 3697758082
2
3
1 3845069539
2
1 85805607
1 194122190
1 608496051
2
2
3
1 3351449898
2
3
2
2
2
2
1 166198719
2
2
2
3
2
1 647381245
2
2
2
2
2
1 1036374605
1 810514822
1 2931501528
1 854703600
1 320869629
1 3762742205
2
3
2
2
2
2
1 3896444925
1 3430921789
1 1959129311
1 2101209380
2
2
2
3
3
3
1 4130732062
2
1 845865108
2
3
2
1 686056014
2
1 2121783991
3
2
3
1 4286547830
2
1 3186932027
2
2
2
2
3
1 3577071061
3
2
2
2
2
1 820661796
1 2213059182
2
3
3
1 1836233222
1 3013239635
1 47141973
2
2
1 1057832261
1 83461388
1 4145294297
1 1177289964
1 2104361128
2
2
2
2
2
3
2
1 791319113
1 3006163243
1 3962012767
2
2
1 3601147295
2
1 2403023393
1 1883357979
2
1 2098317780
1 1234402823
1 3510945952
1 1047326578
2
1 1616482704
2
1 500549735
1 1303604179
1 3024741588
1 1983756941
3
2
2
2
2
2
2
1 612699337
2
1 2628499681
1 3258947931
3
1 2263510831
2
2
3
2
2
3
2
2
2
2
1 2697557863
1 2537870491
3
1 1121236898
1 1398164915
1 1565183102
2
1 3762648981
2
1 1653589960
3
2
1 945383387
2
1 659610311
2
2
2
1 1825550395
3
1 4193450553
1 2864562700
2
1 3860629312
3
2
1 1403243695
2
1 2434787486
1 999904032
1 2581987641
2
1 3404442145
2
2
2
3
1 2041103055
1 3986686972
2
3
3
1 608672160
3
2
1 364843151
1 1754741585
2
2
3
2
1 3658301674
2
1 3234375074
1 66848519
1 1994967353
1 708635685
1 27157582
2
2
3
2
2
2
2
1 3114539879
1 4003781385
1 464815689
2
1 514854715
2
1 242613448
3
1 3823055565
1 3460729867
2
2
2
2
2
2
2
1 677657634
2
2
1 3454685291
2
1 1281921606
2
2
1 1153524742
2
3
1 2405927797
1 2621902062
2
1 2712037639
1 1970093170
3
1 3328132391
2
1 2545300063
2
2
1 2913339643
3
1 3560744228
1 271891584
1 1656800501
1 625263676
1 1118800046
1 820128022
3
2
1 2100613825
2
2
1 90439147
2
1 664873771
2
2
1 4148469621
2
1 1661256776
1 4009625545
1 2514557618
1 1352003562
1 3030650164
3
1 1085548135
2
2
1 1942854470
3
2
1 3463854606
2
2
2
1 7686211
2
2
2
2
2
2
2
2
2
2
1 1669361271
3
3
2
1 2223006854
2
2
1 587495902
1 897512606
2
1 3510422362
2
3
2
1 2423542737
2
2
2
1 1469039418
2
2
1 4193217076
1 4181225068
2
2
3
1 2054122072
1 1624865983
2
2
1 360412137
1 1445114307
2
3
1 1839386562
2
2
3
2
1 2566330288
1 3755807542
2
3
1 1220896814
2
2
1 1352022754
2
2
1 2745914766
1 3011183235
2
1 357929094
2
1 3711588549
1 2768925177
2
3
2
2
2
2
2
2
2
2
2
2
1 3003802726
2
2
1 3752396041
2
3
1 3099747147
2
2
2
1 3021949112
1 3712879775
3
1 1449823460
2
2
2
2
2
1 3142117298
1 3657605311
1 1069525227
2
1 3555466884
1 1021649708
3
1 2541177316
1 666137059
1 154378232
3
1 1498610503
3
3
1 2400573538
2
1 732604141
2
2
3
1 208450653
2
2
2
1 2946296016
1 1063993188
3
1 1734165669
3
2
2
1 2952091283
1 2064187939
1 3840060938
1 1775591481
3
2
1 2455487237
2
1 104773160
2
1 1942332136
2
3
1 2732827374
1 3691983720
3
2
1 990916248
3
2
1 634908253
1 3166033003
2
2
3
3
3
2
1 3465328543
3
1 2884088854
2
1 3952537286
2
2
3
2
1 4180135859
2
1 1995731890
2
2
2
1 3210228826
3
2
1 2393018337
2
1 2081884169
2
1 1450519853
2
2
2
1 4065444097
1 3199923747
2
2
1 3089629467
1 709733631
1 2300549121
2
1 3804933745
2
2
3
1 918837411
1 1115651202
1 2838492023
2
3
1 2359949039
1 2270530492
3
2
2
2
2
2
2
1 3222645263
3
2
2
2
1 2032586659
2
1 472926425
2
1 1924240082
1 3535902834
3
2
1 945901725
2
2
1 3211638256
2
3
2
2
1 1768226953
2
3
2
1 3492965091
1 3420952876
1 4168879421
1 1797451872
2
3
2
1 2691496697
3
1 3552957960
2
2
1 816991271
1 345366740
2
2
1 2766782606
1 4055202219
2
2
1 831881127
1 3414146121
1 1969599962
1 903303496
2
1 671396895
2
2
1 4100724676
1 41330518
2
2
2
2
1 3912512659
2
1 3830506889
1 1897960346
2
2
2
2
1 128651739
2
2
2
2
1 2666086556
2
2
1 744791945
1 649279729
1 560358907
1 575636340
2
3
2
2
2
1 1202103190
2
2
2
2
1 3996600158
2
3
2
3
2
2
2
1 4152810354
1 322998473
2
3
1 812924866
1 3229446917
3
2
1 1837235319
2
2
3
2
3
1 425396300
2
2
2
1 1428479696
3
2
2
2
3
1 524699743
1 930924316
2
2
1 51905861
1 2090409248
3
2
2
1 3571901862
1 3125184420
2
2
3
1 13428654
2
1 531977145
2
2
2
1 2360703421
2
2
2
3
2
3
1 823694971
1 2089887878
2
2
2
1 3514447049
1 3037149585
2
2
3
2
2
3
2
1 2058498144
2
1 486382435
1 165054450
3
1 865683648
2
3
1 3171297058
2
2
3
2
1 929594681
1 4206992157
2
1 1777666498
2
1 2667129283
2
1 3630277179
3
2
2
1 1437310331
1 392004651
2
1 990826539
3
2
2
1 4006370860
1 2415485431
3
2
2
1 3962857326
1 1634321935
3
3
2
3
2
2
2
2
2
3
1 1401697440
2
2
1 2585934783
1 1994546516
2
1 3632851855
1 4014860795
2
3
1 4083350691
2
1 3191943752
2
2
2
1 420666455
1 308527823
1 1332412202
1 3451528009
1 4124105726
1 4159248056
3
3
3
2
2
1 209904186
1 4148402267
2
2
3
2
2
2
3
2
1 1424706513
2
2
2
2
2
1 3205370783
2
2
1 1253859400
2
2
3
1 777145147
3
2
3
2
1 4000290717
1 103291176
2
2
2
2
3
2
2
2
1 1313985608
1 781891583
2
1 1362354537
2
2
2
2
2
1 2857175386
2
2
1 2620477106
1 750993969
3
2
3
1 2864276114
1 1549968427
1 3927876042
2
3
2
1 1954646701
3
3
2
2
1 844609932
1 1165401136
1 1037124596
2
1 2852940725
2
1 1364474847
1 254605722
3
2
3
2
2
3
2
2
1 1847922405
2
1 1861207234
2
2
1 1818317238
2
3
2
2
2
2
2
2
1 3758781643
2
3
1 1610597299
2
2
1 3583814665
3
1 1954663797
2
1 950358487
2
2
1 4057927083
2
2
3
2
2
2
2
2
2
2
2
2
2
1 3162586562
1 1143932872
1 4186607920
3
1 2963135921
2
1 2510793518
3
1 3259806727
1 2877191882
3
2
2
2
1 1163217172
1 2690082214
1 3530954704
2
1 1620048842
2
2
3
1 3028557392
2
3
2
1 1563344622
2
1 1234656487
1 1868375626
2
1 1470715313
1 3628197623
1 2719848104
1 1800651124
1 1898541596
1 1666177544
1 2644270226
1 1429679029
2
2
2
2
1 416410172
1 3932332423
1 4059991519
1 3462870464
1 1911197110
2
1 1986513243
3
3
1 2821416089
2
2
3
3
1 106881290
2
1 3644738564
3
2
1 2086199892
2
2
1 2111283225
2
1 2736288255
3
2
2
1 1510715358
1 3407223601
2
1 626866400
1 3104190437
1 2791144237
2
2
2
2
2
1 769745791
2
2
1 2102362823
2
1 687253507
2
2
2
2
2
2
3
1 1687899608
2
3
1 2346015848
2
2
3
2
2
1 333370398
3
2
2
2
2
2
2
2
1 3526376075
2
2
2
1 1115739905
2
1 4246368176
2
1 2103669296
1 2954625396
2
2
3
1 1121318345
2
2
2
2
1 1697650082
1 3166066691
1 2250063903
3
1 3483695499
2
1 1645631620
2
2
3
2
2
2
2
3
1 208230723
2
2
1 2082317651
2
2
3
2
2
2
1 4078819585
1 1320555100
2
1 2286409859
2
3
2
2
2
1 574267420
2
2
2
2
1 1575889857
1 3238853307
2
2
2
2
1 1928096808
1 4178273558
2
2
1 968538598
1 1871224254
3
2
1 4097872667
2
2
2
1 3729141856
1 125864690
2
2
1 247572359
2
2
3
2
2
2
1 3994265462
2
1 1619776143
3
1 1970817045
1 3341928931
1 2930919680
2
1 1818315699
1 2011422778
1 1838114153
2
1 1545038114
1 1219098497
2
2
2
1 2530365984
1 3173088684
2
2
2
2
2
3
1 1546957243
2
1 203198657
2
3
1 570187069
1 3753424100
2
1 1973560281
1 3746465250
2
2
1 3263962299
2
1 2741548148
1 3971253601
2
1 1009378233
1 1395978737
3
2
2
3
2
2
1 3779655474
2
2
1 3545509147
1 1162127738
1 3350043588
2
1 807340390
1 781084600
3
2
2
2
1 49258866
1 3767808978
2
3
2
2
3
2
2
2
1 3665256617
1 3367162538
3
2
1 1848463561
1 3637647332
2
1 1610139157
1 1653817805
2
1 2723029617
3
2
1 1532980977
2
1 90474743
1 3020121039
2
2
2
2
2
1 164643350
2
1 3926389295
1 3467566475
1 338516867
1 604714889
2
2
2
1 2597192485
1 3691698103
1 1779714253
2
3
1 1123950516
1 522061190
2
1 202509304
1 1608786541
1 3441487150
1 2058037747
1 3035040894
2
1 3717199258
1 1520991748
2
2
1 2622129029
2
3
2
1 968063614
3
1 1440420946
1 3026342832
2
2
2
1 1430971856
3
3
1 3182408651
1 3377167106
1 4030186025
1 2600426374
1 1449779900
2
1 3072485664
2
3
1 4222236928
1 3412370146
2
1 3743442204
2
1 1205470174
2
1 3413877304
2
2
2
1 3133954079
2
1 2630450602
1 2713490378
2
2
2
1 1049925248
2
2
2
3
1 515014228
2
1 3574995022
2
1 155328320
1 42594275
1 1510633301
1 1928245383
1 2628541814
2
2
2
2
2
2
1 1176437255
2
2
2
1 1648205920
2
2
1 3255183023
2
2
1 110276902
1 4277046847
1 1072176457
2
1 596866696
2
2
2
3
1 2767871663
2
2
2
2
1 3346812045
2
2
2
2
1 1247351093
3
2
2
2
2
1 4027869692
3
2
2
3
1 838433364
1 3194993443
1 2464419558
1 704359352
2
2
1 2482921735
1 2834073672
1 673098481
3
3
1 272178569
3
2
2
2
1 414164759
2
3
2
2
1 3966642654
2
2
1 813704270
2
2
3
3
1 998637220
2
2
2
1 3201786154
1 1403682853
2
3
2
3
2
2
3
2
3
2
3
2
1 1498860010
1 2837004779
1 808847521
2
1 592457231
1 1171496432
2
3
2
1 1239928523
3
1 3301752204
1 3931334458
1 1736506613
2
1 4044615018
2
1 1854805934
2
2
1 1910492556
2
3
2
2
1 2617817940
2
1 3902811365
1 1723817984
1 1796535867
2
2
1 2519691840
1 1205388052
2
1 3504421012
2
2
2
2
1 1366953647
1 937866445
1 2094444419
2
3
2
1 3365565864
3
2
2
2
1 492740591
2
2
1 2530986646
2
2
2
3
2
1 2142923536
1 2704892235
1 754547506
2
2
1 597901861
1 1710649910
1 2352288820
1 2991774327
1 891225058
1 774477755
2
3
1 2562041230
2
3
1 1796554049
1 798014103
2
1 3447127170
1 2732454712
2
2
3
2
2
2
2
1 1949850085
1 1131442627
1 1924821568
3
3
3
3
2
1 201971102
1 3292078641
1 2461004446
1 496529628
2
2
1 2768072835
1 955964456
3
2
2
3
1 1013580024
2
3
1 3959029850
1 119874707
1 2179745447
2
3
1 2933947604
2
2
2
2
2
2
1 3161220535
2
1 3917119103
1 3050415057
1 1277616483
1 1935025279
3
1 3839058880
3
1 682944499
2
1 2846873532
1 902459249
1 1608645
1 4290350884
1 247887648
1 3547253066
1 3461145699
2
3
2
1 1054615925
1 914158837
1 1721621243
2
1 1246732768
1 1116160687
2
3
1 833033856
1 1981250875
2
1 1855935932
2
2
2
3
1 2592173890
1 1889186908
1 2898202722
1 3406957575
2
2
2
1 2972126690
1 1699396118
2
3
1 2104143049
3
2
3
2
1 4261337890
2
3
1 1315989784
2
3
1 3550065548
2
1 3220482500
2
2
1 4284068464
2
2
2
2
2
1 55411880
2
3
3
2
2
2
3
2
2
2
2
1 1669691902
2
1 2784459735
1 2513331522
3
1 1326872051
1 3323516886
2
3
1 1964957370
2
1 3837565215
2
2
1 4286715369
2
2
1 3056619962
3
2
2
2
1 1359010608
1 4131826268
2
1 3403852600
2
1 2031356816
1 3477597072
1 2018408285
1 2866292152
2
1 2821468050
1 3268722241
1 3040906332
1 3942046761
1 2400307487
1 1188233288
2
1 4080076261
2
2
3
2
2
2
3
3
2
2
1 3803422328
1 580954018
1 415192836
1 3015549452
2
2
2
2
2
2
1 2785674157
1 3375460683
3
2
3
2
2
2
1 2005061043
3
1 1297421314
1 2034855149
1 625414135
1 643799531
2
2
1 142157580
2
3
1 2985792582
2
1 3468155180
1 2068574538
2
1 870166276
3
3
2
1 3885640036
3
2
1 1096828874
1 2924078957
2
1 748024185
2
3
1 1226020541
2
3
1 210591672
3
3
1 1412762975
1 480222480
2
2
1 3110191911
1 1332777482
2
2
1 2249960506
2
2
2
1 421041799
2
2
2
1 4279041567
2
1 3701464867
2
1 1703395804
2
1 2990701769
1 428181069
1 2266610472
2
2
3
3
3
1 2817513119
1 4040092149
2
1 4259722771
1 1564790956
2
2
2
2
2
1 1919267848
1 825650087
1 670560811
2
1 2064112691
1 35213710
2
2
1 2141211662
3
1 3604880226
2
1 1516768694
1 3099182725
1 1111767145
2
2
2
3
2
2
1 3471432423
2
1 2946546
1 3865585100
2
2
1 736913323
3
1 3737518706
1 3605388256
2
2
2
2
1 3352941204
2
1 3017418945
3
2
2
3
2
2
1 1946787277
2
2
1 3323450242
3
2
2
3
1 380587720
1 2629917345
1 2765855731
1 2703455661
1 2121092788
2
1 3066424163
3
1 3064125565
1 2512888441
1 552256677
1 2548978450
2
1 1426346303
2
1 470527327
3
3
2
1 3606489824
1 2983207380
3
2
1 1662424560
3
1 3536739673
2
1 3559197404
2
3
2
1 3643974209
1 2194806763
2
2
1 234544448
1 2436289557
1 2003083433
2
2
2
2
3
3
1 706953225
3
1 3745530397
2
3
3
1 403827345
2
1 2962169396
2
1 706633844
3
2
3
1 201255728
2
2
1 2226262043
2
1 3408169182
3
2
2
1 136348289
2
2
1 2172048935
2
1 694647051
2
2
2
2
1 261036209
1 368131202
2
2
2
1 3386528696
1 465753617
1 129178445
1 1783727932
2
1 205191767
3
2
1 2482585202
2
1 3632241018
1 3466972941
1 3455345170
3
2
1 2311422243
2
3
1 449834260
1 2567087392
2
2
3
1 635767515
1 1144215869
1 1787591060
1 4262035536
1 950688009
2
1 4046523478
2
2
2
2
2
2
2
2
1 1786262525
2
3
2
1 2683027123
1 1473675104
2
1 2520907339
3
1 1860757430
2
1 2896486418
1 2623313129
1 515960234
1 1905920112
2
2
3
1 3668740286
2
3
2
2
2
2
3
2
2
1 1003987069
2
1 1766308229
1 3268457244
1 3500259626
2
1 1089424642
1 1733086412
2
1 3628102103
1 948274677
2
2
1 1381219251
1 981272430
1 1576929771
3
2
2
2
2
1 897803027
3
1 1972084949
3
2
1 3075182964
2
1 1701872462
1 1396659790
2
2
2
2
1 3121138380
2
2
3
2
2
2
1 1421721376
1 1163590346
1 1912293470
1 2162687191
3
1 43204721
2
2
3
3
1 3799994823
1 2200228902
2
1 3050409438
2
1 915540431
3
3
1 412470110
2
2
1 1488813221
1 3854455011
2
1 2409088210
2
1 2800860506
2
2
2
1 3983120244
1 1572357883
3
3
3
3
3
1 880004992
2
3
1 1751460852
2
2
2
1 1420578924
3
1 3434754102
2
1 777452573
1 269648908
2
1 2334477290
2
3
3
1 4003525804
3
1 346164988
1 3828723797
3
1 3762219620
2
1 1700375118
2
2
2
1 3398292020
2
2
1 1570262208
3
3
2
2
2
2
2
3
1 4071201052
3
2
1 938070739
3
2
1 1212004760
1 2998765105
2
1 2412744904
2
2
2
3
1 3881508180
3
3
2
1 2502281267
2
1 3853026012
1 32895643
2
1 3022428635
1 4193887651
1 866328118
1 1170991532
1 3951728190
2
2
2
2
1 3856406616
1 213967961
2
2
1 1453763227
3
2
3
1 2026416591
3
1 1810856520
2
2
2
1 1811548912
3
1 1767563313
1 449577225
2
1 243836444
2
2
2
2
2
2
1 766086480
2
1 1223446318
3
2
2
2
2
1 357251481
2
2
1 977834752
2
3
2
2
1 3924330200
3
1 493607802
2
1 2826113647
1 254840801
3
3
1 1040037022
3
1 1478152460
2
2
1 483744576
1 1725722281
2
2
2
1 2355773891
1 2897789889
1 2917276401
2
1 559039674
2
3
3
3
3
2
2
1 3474696884
2
1 4220939895
2
1 1322251731
3
2
2
2
2
1 3731857857
2
2
1 1980940138
2
2
2
2
3
1 2650025867
2
1 3051616750
2
1 346824520
2
2
1 96053895
2
1 483758947
2
2
1 855005958
1 1948003189
3
3
1 1290748318
2
3
2
1 85209926
2
2
1 2838138514
2
2
1 1254647966
3
2
2
1 3321331497
3
3
1 1566463936
2
2
2
2
2
1 950960774
3
1 3003225730
1 689755996
1 1834111212
1 1741161927
1 4241415692
1 4260428632
2
2
3
2
1 926418908
1 3408422943
2
2
1 4152944036
1 2394191293
1 1395232923
3
2
2
2
2
1 2679121722
1 156842325
1 2696447625
3
1 836478439
2
1 888940160
1 216508056
1 4271756126
3
2
1 1855197090
2
1 3471674305
2
1 2328751238
2
1 841446111
1 2068984227
2
1 112729870
2
3
2
1 2592444688
1 1773850109
3
2
2
2
1 1212062256
2
2
2
1 221067511
2
2
3
1 724940251
1 1900962113
1 1372122750
1 2612152050
1 1705758986
1 2894988735
3
1 2926077652
1 3762975188
2
2
1 3538823576
2
1 3126638786
1 1135984675
3
2
1 4227204162
2
3
1 3135208689
3
1 4061749646
1 1450711212
1 443300731
1 4070470327
2
1 2407703530
2
1 4129939333
2
1 4022751079
2
2
1 2140485897
2
1 2787735718
2
3
1 2865829307
2
1 2231523143
1 3190555023
1 3374080144
1 1640717863
1 3428027435
2
1 48467157
2
1 3006654492
1 3923526927
2
3
1 317480511
1 843810659
2
1 1811160815
2
2
1 2814617630
2
1 2093785861
1 203538496
1 3510968470
1 3293080505
2
1 3209503091
2
2
1 3578575453
3
1 1740544815
2
3
1 3560955480
1 1446439821
3
1 1436299006
1 3459716880
1 3388127961
2
2
1 2760998345
3
2
1 1573041833
2
3
2
1 2922750678
2
2
2
1 1213494980
1 3364028897
1 663736818
1 1516364323
3
1 3600379905
2
1 167818988
2
3
2
3
2
1 1823889638
2
2
3
1 3664022460
1 1387990002
2
2
1 889851165
2
3
2
1 2611636540
1 1487947497
2
1 366065720
1 958505941
2
1 192280552
2
1 4242205796
2
2
2
2
3
2
2
3
2
2
1 3596810994
2
1 2675656668
2
1 3841018076
1 1229202723
2
1 273789482
2
2
1 1623427099
2
3
3
2
3
2
2
2
1 3002097473
2
2
2
1 3683534711
1 3697329833
1 2191077228
1 990841918
2
1 2424142970
1 88322127
1 92136178
3
1 2255633242
3
1 107948009
3
2
1 2370463003
2
2
2
3
2
2
2
2
2
1 3433347092
1 2555083249
1 451437011
3
2
2
2
2
2
1 2758743207
1 1495915965
1 1911645399
1 1110957340
1 1744745425
2
3
2
1 4024089039
2
1 2179742713
2
1 2854932285
1 614365009
1 4269431644
1 2948387883
2
2
1 4149771575
3
1 679744972
2
2
1 2514381454
2
2
2
3
2
1 527167670
3
1 1578313504
3
2
1 425423384
1 3025856370
1 2808672251
2
1 3373567215
2
2
2
2
1 439204085
2
2
2
3
1 133639709
3
2
1 2786243646
1 637439539
2
3
1 3693066422
2
1 1835962631
1 1829750397
2
1 3542464894
2
2
1 2430620155
2
2
3
3
2
2
1 726736782
2
2
1 386421379
1 2567668345
1 2067569255
1 1999642121
1 3531225353
1 568109785
2
2
1 2751258260
2
1 3195809216
1 874549002
2
3
2
1 2066353985
1 235466074
3
2
2
3
2
2
3
2
2
2
2
1 1876518127
3
2
2
1 1143671916
2
2
2
1 939975945
3
3
2
2
2
2
1 1919952422
1 1642279502
2
3
2
2
3
1 554811083
3
2
1 2709601371
1 198707346
2
1 2609361743
1 3009441370
1 3523232304
2
2
2
1 1813503926
2
1 3161995863
3
2
3
2
2
1 261784594
1 1788046184
1 1072718045
3
2
1 427700004
1 3838629469
2
3
2
2
2
1 1526536804
2
2
3
2
2
1 907499041
1 2018562917
2
3
2
2
1 3886681956
3
1 2292785827
3
3
1 2875623300
1 3787395130
1 1860955393
2
1 524080962
2
1 2610928267
1 4253599816
1 2150508879
2
2
1 2970437932
1 2337539942
2
1 1119098441
2
2
1 54398495
2
1 909912661
1 1508762192
2
1 3607446690
1 1775029114
2
2
2
2
2
1 352101155
2
1 3118295842
2
2
1 1543904824
1 2304035623
2
2
1 2561731470
1 914114482
2
1 1198500694
2
1 3518409718
1 726152784
2
2
2
3
2
3
2
2
3
2
2
1 2949333189
3
3
2
1 2708962438
2
2
3
1 1211527105
1 3596869176
1 570788194
1 2111400779
3
3
1 1042649406
2
1 4063045035
1 2165227279
2
1 1785201030
2
1 3191833568
3
3
1 3038260767
1 2657303927
2
1 515955045
1 416856655
3
3
3
1 3870632372
3
1 2511006126
2
1 298280331
1 4015197450
2
1 3953431464
2
1 3749624620
1 2274767063
2
1 3259562147
3
3
2
2
1 288205581
2
1 1249425699
3
1 157415279
2
3
3
1 2123620490
2
3
2
1 1867689466
2
2
2
2
1 2706260696
2
1 4184857771
1 3279940785
2
1 1200283922
2
3
2
2
2
2
1 1622726625
2
2
1 991499336
1 378130719
1 3779674090
1 4148724979
3
1 2997113377
1 1314879708
1 2907633958
1 2199427592
3
2
3
3
1 1907449855
2
1 2522513843
1 3937258535
2
1 331787554
3
1 2080187260
1 3102243741
2
2
2
2
2
3
1 3645171683
3
2
1 2738950603
2
1 1083993245
2
2
2
1 3065162756
2
2
1 3117626935
1 1358735901
1 63457600
2
2
2
3
2
1 1856889782
2
2
2
2
1 3712865855
2
1 910075326
2
2
2
1 74016916
3
3
3
1 2768166027
2
1 1568905634
3
3
1 610231483
1 1335799461
2
2
2
2
1 2563399479
2
2
1 2609655462
2
2
1 1731468043
1 3666411943
2
1 2656435424
1 727657233
2
3
2
1 600511830
1 2294579853
2
1 3257130764
2
2
1 424836858
1 1383192939
2
1 3774626927
1 2908450785
1 2451633467
3
2
2
2
1 3107390877
1 2425721398
1 565069803
3
2
1 914561335
2
3
2
2
1 396966085
1 117802008
2
2
2
2
3
1 841766793
2
2
2
2
2
1 3719882386
1 4245760048
1 55852492
1 3340198442
1 3852864714
1 724861537
2
1 2043340755
1 2831623252
2
2
1 1188270782
2
1 3976898021
2
1 3359316166
2
1 2960885249
2
1 1313237236
2
3
3
3
1 2130077487
1 889058757
2
1 621661931
2
1 2476806299
2
1 867054118
1 990717712
1 3297608788
2
1 4146788157
3
2
2
2
2
3
1 1222243385
1 3527205614
2
2
2
1 4170426236
1 2913793085
1 3726358495
2
2
1 2662445272
1 3974272749
3
2
1 3887276595
1 2074047859
1 290388358
2
2
1 1438779656
1 3967005443
2
3
2
2
3
3
1 1268705725
2
2
3
3
2
3
1 3022141783
2
3
1 2597370285
2
1 1887283870
2
3
3
1 2484216055
1 1202751595
1 3152711466
2
1 1934341770
2
2
2
2
1 2383360802
2
2
1 2153564178
1 1451596811
1 1421114202
3
2
2
1 1773294249
2
2
1 2149633887
2
3
2
2
1 3498174097
1 4041043302
1 259086140
3
2
1 2686836621
2
3
2
3
2
2
1 492336891
1 1713270053
1 1610924874
2
2
2
3
1 2140526518
1 788220030
2
2
1 3078455766
2
2
1 2825684097
1 2296597753
2
3
3
2
3
2
1 4220473357
2
2
1 1345147109
2
3
3
1 1559831979
1 2319829643
1 161731288
3
1 2268948966
2
3
2
1 4287262862
2
1 219846785
1 259887462
3
1 800326977
2
1 1608723352
2
1 2261898736
2
2
2
2
2
2
1 463201384
2
2
2
1 1777179320
1 1845525700
3
2
2
1 4293596091
2
2
3
1 135478221
2
2
2
2
2
3
3
2
1 1135190865
1 617550775
2
1 697407379
1 423512135
1 786017753
2
1 298779562
3
2
1 3551669776
2
1 2803106289
2
2
1 1785991887
1 2239656437
1 1963982360
3
3
2
2
2
2
2
1 895657091
1 1079947887
1 602485454
2
2
3
1 3051918424
1 434761506
2
2
2
2
1 2721218636
1 813328379
2
2
1 3408798181
2
2
1 1153299014
3
3
1 2806987556
2
2
3
2
1 1723887474
3
3
1 106171736
1 2807946535
2
1 2432391895
2
1 1922969070
2
2
3
2
2
1 2849317856
1 311215979
1 1188801085
3
1 2327907120
3
1 2259130418
2
3
3
1 2285714689
1 4210677807
2
2
1 2096907233
2
1 1164275114
1 1371313930
2
1 750229263
2
1 1063360233
1 4207894738
1 1299825588
3
1 3453269880
1 3809287068
2
2
2
1 2032759388
1 1376846767
2
2
1 692813605
3
2
2
2
2
1 3762174667
1 2451292533
3
1 1250537354
1 4010157710
1 3811652853
2
1 2744485281
2
1 765112798
2
3
2
2
1 1125541452
1 1449444515
1 1593457184
2
2
1 1308022830
2
1 448259069
2
2
1 3315145503
2
2
2
3
1 1537249492
1 3529641432
2
3
2
2
3
2
1 3317311484
1 4179147318
2
1 3069181675
1 2258203050
1 2087088654
1 2187674850
2
1 884144263
2
1 2811383246
1 249269559
1 1303556936
2
3
1 165900083
2
2
2
1 3663859369
1 1061113857
1 128612997
3
1 4137339455
1 164848294
2
1 4194168470
2
2
3
1 1593293059
2
1 2091220463
3
2
3
1 3320693829
2
2
2
3
2
1 1815872504
2
1 2890201896
1 13647691
2
2
2
2
1 3194022262
2
2
1 221404120
2
1 908889573
1 1670378969
1 2239593821
2
3
2
3
3
1 632739604
3
2
1 4288307389
2
1 3857015719
2
1 822510464
2
2
1 1620629614
2
3
2
3
3
1 883258596
2
1 2306150870
2
1 2697303126
2
2
2
2
1 3621600660
2
1 2986946224
1 2685798206
1 3055887102
1 77899783
2
2
2
1 3735845454
1 167906868
3
2
2
2
1 1648533010
1 3443584316
2
1 2294469497
1 3573827407
3
1 2658502958
1 3477168902
2
1 4187565272
1 4250171710
2
1 3923218182
1 2531970748
2
2
2
1 1193176402
1 1586926348
2
1 3070932377
1 3204830181
3
1 2554806904
2
2
2
2
1 9069555
3
3
3
3
1 1921094358
1 363382365
2
2
1 349114967
1 3414952189
2
2
1 378071492
2
2
2
3
1 1441694445
1 1050204401
1 229463828
1 3267339921
2
1 3587906116
2
1 494961678
1 848052359
3
2
1 1022272060
2
1 3932330470
1 239531949
1 3763103218
1 3476994509
1 2548709981
3
1 2325794757
2
1 162291230
3
1 1631145352
1 777125514
2
2
3
1 850890162
2
3
1 276007638
3
2
1 3901723241
2
3
2
2
2
2
1 2869798881
1 504224407
1 472319426
1 1416119641
1 555569226
1 2640837744
1 255499731
1 3952543057
1 3387150255
1 25937702
2
1 1255394012
2
2
3
1 1906042819
1 547064106
2
1 3787512719
2
1 1251021313
1 3049215482
2
1 1417300318
2
2
1 3086285304
2
1 3998874430
2
3
1 232950260
1 3737320897
1 3280706509
2
3
2
2
2
2
3
2
2
3
2
3
2
1 3093137680
2
2
2
2
1 2341605122
3
1 1954416164
2
2
3
1 2572988336
2
1 1266694005
3
3
1 1954985146
1 4112293011
2
1 147639753
2
1 2349252483
2
2
2
2
2
1 4200600802
1 3038686522
1 2819570423
3
2
1 2743093553
2
2
1 232329538
1 772583015
2
2
2
1 1421232515
3
1 1278271824
1 226102440
1 3773005512
3
1 2004137346
1 3988939220
3
1 2230306661
2
1 3768158218
1 299151876
1 4235772450
2
1 3554452549
1 1857104254
2
3
1 1160580003
2
1 2528363967
2
1 2889030966
2
2
2
2
1 3181454858
2
2
3
1 2963035983
1 1231632254
3
3
2
1 419875936
1 3504571146
2
2
1 1191128158
2
3
1 1766846870
3
3
3
1 4013933240
1 3117847704
3
1 4136816083
3
1 3171752721
3
3
1 1251131493
2
1 205499877
2
1 3602227829
1 3195353628
1 3943854101
3
1 2591914574
1 2719853922
1 95381236
1 1394060667
2
2
1 3379413118
2
1 1771498712
1 3615740634
1 1499414989
2
1 544690802
2
2
2
1 1077034297
2
2
1 1163372509
1 3227081411
1 2054081034
1 750256510
1 1472323576
1 1290420643
3
2
3
1 2038081702
3
2
3
3
2
1 3840424863
2
2
1 3867318398
3
2
1 1027734243
1 4095566284
1 102167118
2
1 3142384972
3
2
2
2
2
1 3499953446
2
2
1 1567397169
2
2
2
2
1 3149977643
1 374593664
1 3172821892
1 209956593
2
2
1 1133017431
2
1 3052144397
2
1 1488886653
2
2
1 664827628
1 1953925637
3
3
1 2583385923
1 2474879502
2
1 3589818488
1 154060983
1 3456284437
3
2
2
2
2
2
1 752298109
1 904745904
1 3410593515
2
1 1600787765
2
2
2
3
2
1 3088902246
3
2
1 2158969458
2
2
1 499870324
1 3138284342
1 1741601149
1 2559751422
2
2
1 526215077
1 2242919376
2
1 2075777058
1 217130181
3
1 917094381
2
1 2621672806
2
1 1588734643
1 2926567478
2
1 745122703
3
3
1 2254208901
2
2
2
2
1 917346890
3
2
3
2
3
2
2
2
1 1127031170
2
1 639728021
1 2176428928
1 1218350829
3
1 2648159769
1 712061571
2
3
2
1 1272410276
1 791099837
2
1 2998514491
2
1 670855149
3
1 823920963
3
2
3
3
1 2812665496
1 2807151983
2
1 1583594123
2
2
2
3
1 3527177301
3
2
2
2
1 1955517558
2
3
1 2467964007
3
2
1 240358351
3
1 4285102194
2
1 1071119193
2
1 4150690047
2
2
3
2
2
1 3600190418
1 2332238408
2
3
1 2906567688
2
1 1429767048
2
3
2
1 2253908749
2
3
3
1 1199959060
2
2
2
1 1783331773
1 3779148498
2
1 648634014
3
2
1 1818490258
2
3
2
2
1 1230587196
1 1360119144
1 1090321561
1 3497535617
2
1 2891565881
1 934735822
1 61374111
1 63427489
2
2
3
2
2
1 603316830
2
1 574086798
2
2
1 3555991945
2
1 3237590230
2
1 3691890968
1 1192518885
2
3
2
2
3
2
2
2
2
1 2067418824
1 4125441860
3
1 2575757170
1 2397747475
1 460377788
2
3
1 3544244491
3
3
2
2
3
1 340461094
2
2
2
2
2
2
2
1 3388701278
2
2
2
1 3046900045
1 249090748
1 635365610
2
2
2
1 1671776065
3
1 4032297139
1 1427974058
2
1 3808334424
1 2188690786
1 925145452
2
1 3434953039
2
2
2
1 2016645822
2
3
1 3785737540
1 553262992
2
3
1 1493804617
2
1 425288249
1 1923401553
3
2
1 4026216996
3
1 317731066
2
2
2
2
3
3
1 1769963169
2
2
3
1 2970001149
1 3112707010
1 1916877585
1 2980533515
1 2476679524
2
1 1584364244
2
1 788605847
1 3474668155
1 1923401139
2
1 2618779762
3
3
2
1 2917977888
1 2571571536
1 1326322509
2
1 3405121646
2
2
1 1867249369
2
2
1 1922627060
1 3806362224
1 1028032009
2
2
2
2
1 163458223
2
2
1 439649733
2
1 2311835608
3
3
2
1 499106874
2
1 395878698
1 2147829712
1 4211294579
3
2
1 2782793968
1 1850467810
2
1 2466619387
1 2661992103
2
2
1 893008684
1 2815603295
1 1406317184
2
2
1 287469900
1 1029164434
3
2
1 180368605
1 3173007480
2
3
1 3804320378
3
2
3
1 3850777885
3
1 3798707791
2
3
2
3
1 131992349
1 2830338522
2
2
2
1 2135654855
2
2
3
2
2
3
1 3947356085
1 1605212652
2
2
2
2
2
3
2
2
3
2
1 1976171884
2
2
2
2
2
1 1665606315
3
3
1 1790598938
1 2529573086
2
2
2
2
3
3
2
1 1440763558
1 2037482490
2
3
2
1 2556648998
1 1353709534
2
2
2
1 3987286664
1 1410944688
2
1 2695523331
2
2
1 2308810651
3
1 3348123842
2
1 1633019985
2
2
1 648003470
3
2
2
2
2
2
1 439863590
3
3
2
2
1 119245047
1 2652345696
2
3
3
2
3
1 27501578
1 4037449594
3
1 3274946375
3
2
2
1 2177861822
2
3
1 480094397
2
1 1084213370
1 1599933529
2
2
2
1 220156544
2
2
2
2
2
1 1060377380
2
3
3
2
1 1770381873
1 1442701116
2
2
2
2
2
1 3064295080
1 934754377
1 2364068832
2
1 2242980612
2
3
1 1185928515
2
2
1 56900335
1 4191152662
1 2287320124
2
3
1 1351984331
2
3
1 1823385074
1 557104341
3
1 3281173409
1 3749316058
1 4121610254
3
2
1 2073186988
1 3164868407
3
3
2
2
1 2044765285
2
1 811373261
1 2290733462
1 2740040316
3
2
2
2
1 3642188587
1 3727773724
3
3
3
2
2
1 1259848335
2
2
2
2
2
1 547436722
1 3061629994
3
2
1 1865476549
3
1 1032401968
2
3
1 1522661868
1 1602226373
1 1103757342
2
1 1147436687
1 2938998387
1 302021395
2
2
2
3
2
2
2
2
3
2
2
2
1 3155157107
1 886433106
1 608237716
2
3
2
1 1836437207
2
2
2
1 1273423450
2
2
1 3770602556
1 200602889
3
1 35204659
2
2
2
3
2
1 2009643570
1 4240720680
2
2
1 470906644
1 866946105
2
3
2
1 3663504276
2
2
2
2
2
3
2
3
3
2
3
3
2
1 4071363121
3
3
1 2077629672
1 3111658828
1 1671293123
1 3903091536
1 3994089147
1 681149123
1 2367608608
1 467490465
1 4051179371
3
2
1 239793603
2
1 1654168287
1 70716460
2
1 3794616238
1 1076034394
1 3330537285
1 2069228935
2
1 933694222
1 1008318717
1 3889304522
2
2
3
2
2
2
2
2
1 3900627597
2
1 2483656689
3
2
1 3460225585
1 236763533
2
1 2738853838
1 1328329918
3
2
1 2238577293
3
1 1154361272
1 211984879
2
2
1 2013817411
2
1 3490259576
2
1 3248597480
1 2553915239
1 3244161848
1 3814747232
2
1 4034358892
1 2524629406
2
2
1 2384219908
1 4213929818
2
3
1 2710170043
2
2
3
1 2150157944
1 162491462
2
2
1 3915073555
1 1150222202
1 4194405297
2
1 2410179530
1 3573504384
1 3056613772
3
2
3
1 3396472295
1 209812586
1 3739267086
1 1766876680
2
1 2503749280
1 2840566563
3
2
2
2
2
1 3848145588
1 840377410
2
1 791785499
3
2
2
3
2
2
1 1203043268
2
1 3551880123
3
3
1 3704747165
2
1 3767984365
3
2
2
3
1 2260269432
3
2
2
1 2178364101
2
2
1 2776352485
2
2
3
1 527921940
2
1 3900125976
2
2
2
1 1105685255
1 1397068557
3
1 1894503370
2
3
2
1 4285393674
2
1 1400852923
1 4269333480
2
2
1 3556989865
2
1 140407576
2
2
3
1 2885898339
3
2
2
3
2
2
2
2
1 1399181776
1 1531503579
1 643496666
1 1749442597
1 3934206531
2
3
2
2
2
2
2
2
1 4149571538
1 1765047220
2
2
2
2
2
2
2
1 2534675933
3
2
1 4115720599
2
3
1 265997166
1 203498516
2
2
2
2
2
2
1 1579791365
1 2531617207
1 3954737540
3
1 3534440682
3
1 1320778824
2
2
1 3426980970
2
2
1 2808159822
2
2
1 1794081891
2
1 4241083219
1 957974712
3
2
1 2805687102
2
3
2
2
2
2
2
2
1 552977672
2
2
1 215347495
1 3209218909
2
1 3177427942
2
2
2
2
2
2
1 2939867793
1 3049677866
2
2
2
1 3383041578
1 1928050637
2
1 4249064341
1 602143785
2
2
3
1 4102641201
2
1 2107961085
2
2
1 1042749216
1 2357299803
2
2
1 4012324632
2
1 3823241228
1 102029423
3
2
2
1 641792686
2
2
2
2
2
2
3
1 383639719
2
1 242335057
3
3
2
1 389569277
3
3
1 131064879
2
3
2
3
2
1 1034253515
1 3061370205
2
1 3009568217
2
3
1 3672880307
3
2
1 554975896
3
3
2
2
1 1244007126
2
3
3
1 561565857
2
3
2
1 1979698427
1 2365252780
2
1 2927033404
1 242723956
3
2
1 1187303038
3
1 512922013
1 4250958501
2
1 4272083230
1 559309290
2
1 2870737830
2
2
1 998515247
1 2975570311
1 2446690162
3
2
1 1390470084
2
2
1 2784296039
2
2
2
1 4210259326
2
1 3833570598
2
1 3021973105
1 3339158315
3
2
1 3396718013
2
1 2413632050
2
3
1 3346732080
3
1 3576366699
3
1 1897127698
1 202043728
2
2
2
3
3
2
3
1 2781128388
2
2
3
1 3009423461
2
1 1943514085
2
1 1173069381
2
2
1 1878611655
2
3
1 4279649876
3
1 986810849
2
2
1 1283349697
2
1 2390839006
1 1377292537
1 2547109218
2
2
3
3
1 3008102045
1 680520749
3
2
2
2
2
3
2
2
3
2
2
2
2
1 222693529
1 2238753296
3
2
1 1956739682
3
2
2
2
2
3
1 200108280
1 2450268399
1 1156327675
2
1 1406407391
2
1 1150922126
1 1235062738
2
1 3504052318
1 4166929018
2
2
2
1 2485518913
3
1 510589775
2
3
1 320380580
2
1 3262093518
2
3
1 810182922
2
1 2326614088
3
2
2
2
2
1 2837024526
1 4268721850
1 1069780306
1 963153967
2
2
3
2
1 4109519557
2
1 3318272307
1 1529712459
1 655405622
2
1 876948519
1 2669215583
2
3
1 4112972480
2
3
3
2
2
1 4244021887
1 3730331806
2
2
2
1 2019688249
1 736599668
2
2
1 488354115
3
2
3
1 2824210166
2
1 1331002087
2
2
2
3
1 496011850
1 1483917606
1 926422107
1 1670803671
2
2
1 386055807
2
1 892121347
1 2729892129
2
3
1 1936679102
3
3
2
1 1098726116
3
2
1 2491783006
1 2505151965
2
2
2
2
1 2886685039
1 3487370583
3
2
1 63665769
1 885030033
2
1 1364299611
1 3467357364
2
2
2
2
2
2
2
1 2761788199
2
1 2808494852
3
2
2
2
2
1 3998588923
1 1503694884
2
1 1453549639
1 633421369
1 3741143654
2
1 4055257324
2
1 3773310466
2
2
2
1 82597206
2
3
1 622760336
1 870116737
1 3026452106
1 3190197920
1 2237503552
2
3
2
2
1 3733401070
1 1503579840
1 2660472902
1 2444480128
3
1 2883620762
2
1 206730026
1 4200422398
2
1 2883515264
3
1 346622582
3
3
3
2
1 2075319591
1 1956473446
3
2
1 315708249
1 153410681
2
2
2
2
1 2123179083
2
1 3398744749
1 2602797619
2
2
1 1163393577
2
1 2175677359
2
1 3490298729
2
3
1 4100849396
3
2
2
2
2
2
2
1 448031869
1 314886367
1 2805952856
1 64378146
3
1 4153105895
2
2
3
2
1 1270670252
2
1 1809161163
1 574884753
1 1137533024
3
3
2
1 2733230128
2
2
1 277175001
1 1570571612
1 3471112394
2
2
3
2
1 3974761432
2
2
2
1 2353213221
3
2
2
2
1 4009282850
2
2
2
2
2
2
2
1 2556534527
1 2118768090
1 2832340838
2
3
2
3
1 492665772
1 1238323553
2
1 1731797579
2
1 3286007454
3
2
2
1 1502653132
1 1968984297
2
2
3
2
2
3
2
3
3
2
2
2
1 2264896304
1 2530270095
2
2
2
2
2
2
1 3329652696
2
1 38570380
1 2560587337
3
2
2
3
3
2
3
3
3
1 372096419
2
2
1 279126078
2
3
1 2573724225
2
2
1 1327045733
1 3656409950
2
2
2
1 3896131133
2
2
1 687361122
1 1344791898
1 787750740
1 3080360550
2
2
3
2
1 3152878366
1 48451007
3
2
2
2
2
1 1495315660
2
2
2
2
2
2
1 976770224
2
1 918229229
2
1 3262584280
1 3555714351
1 268569133
1 1852729235
1 3816070632
2
2
2
2
1 2016359406
2
1 1724552497
1 1902234542
3
1 3498000644
1 1732724557
1 693666855
1 2628027961
1 24111785
2
1 3020188702
2
3
3
1 2065960378
1 1040222193
2
2
2
2
1 1138369840
2
2
1 3335987282
2
3
2
2
2
2
1 3554670618
1 2188147031
2
2
1 4075127600
2
2
1 3484849699
1 3239096395
1 1223198336
2
2
1 298214379
2
2
2
2
3
2
2
3
2
1 2493450871
1 3234171704
2
1 3660132412
2
3
1 3578098534
2
2
1 857702060
1 3978935531
2
1 3406755510
1 4247220807
1 2502701713
2
1 247036092
2
2
2
2
3
2
1 1333430723
1 940441620
2
2
2
1 56818360
2
2
1 1570286812
1 3530957053
1 2721507312
3
1 1211945790
1 482723466
3
2
3
1 4294073162
2
2
3
3
1 139615376
2
1 3959343153
3
1 1707560333
1 2441860122
1 2926860721
2
1 2695699870
2
2
2
2
1 372040240
1 1763765060
1 1416798123
2
3
2
2
2
3
2
3
2
2
1 2871988309
2
1 2247095856
3
1 1169940979
2
1 2197167284
2
2
2
2
1 1327776515
1 3128336426
2
1 2611831251
1 3970564447
3
1 2753369759
2
3
2
3
1 2036476926
2
3
2
1 891180987
2
2
1 3970024
2
2
1 1298531806
1 2118221569
2
1 3992353181
1 108855385
1 1278847780
1 4102250707
1 1602802930
1 1123363443
1 1312538348
2
1 2565053020
2
3
2
2
1 3115099367
1 2364055164
1 276445334
2
3
2
1 1471917344
2
2
2
1 2394323358
2
1 2841777935
1 739261634
3
1 1606889208
2
2
1 3394072732
3
1 1270317570
2
1 1789874298
3
2
1 1531253423
2
3
1 3085530994
2
2
3
2
2
1 988560825
2
3
1 507228737
1 3492475231
2
1 1052300085
2
2
3
1 3726944636
1 167291858
3
2
2
1 3007084741
1 145210830
1 3150678981
2
2
2
1 118298407
2
2
1 3761332991
2
2
2
2
1 3138252474
2
2
3
1 327082396
2
2
1 380565027
2
1 2724837992
2
2
2
2
2
1 871309211
1 3341889252
3
2
2
3
1 3798904688
2
2
2
1 3099770352
1 1749872479
2
1 2570880988
1 2541452136
1 1354178507
2
1 3134020182
1 931297994
1 3547021218
1 637169702
2
2
1 2877250421
2
1 3107379861
2
1 2637989853
3
1 1039184786
1 3358305185
3
3
1 2102130508
2
2
1 386272172
1 2103420617
2
3
2
2
2
2
3
2
2
1 3472764039
3
1 3761162770
1 3115363565
1 2541521006
1 1064482816
2
1 1825738576
2
1 2331910433
1 516676979
3
3
2
2
2
2
2
2
3
1 1461107087
2
2
2
1 1439622427
2
1 1385823966
1 3223111000
3
2
1 1111344461
2
3
2
2
1 53480112
1 4077360758
2
2
2
1 2305461118
1 2569646563
1 3190851133
1 1696198356
3
3
2
1 711473309
1 2311245479
2
1 1906975003
1 1933714127
3
2
2
1 2333606179
3
3
1 2001661451
1 2825038876
2
2
3
1 1539117896
2
1 1608769033
2
3
2
2
2
2
2
2
1 2782644828
3
2
1 852091499
2
1 791785975
1 2036856144
2
2
1 3051335753
1 1650770888
1 3926998325
1 712374221
1 1921777815
1 478421921
2
1 1649880127
1 443668806
2
2
1 1819865652
1 2343443851
1 2647840368
1 1904326971
2
1 3335182942
3
3
2
3
2
1 878357687
2
1 2591883422
2
2
2
2
2
2
2
1 750177302
2
2
1 1853611972
2
1 472244259
1 108155695
2
2
2
1 3964387353
1 1140286122
1 2398951021
3
2
1 31075778
2
2
2
1 3061213027
1 2506103606
1 1732101287
2
2
1 3694734425
3
1 588716598
2
2
2
1 3556364942
1 4255148065
2
3
3
1 759888273
2
1 531839266
1 4090962789
2
1 3778698951
3
3
3
1 1789012644
1 2428630834
2
2
2
3
3
2
1 4211703666
2
2
2
1 2982599564
2
3
2
1 4185612543
1 4012849698
2
3
1 2336562065
1 11361523
1 3944601512
1 1589010157
3
1 4084378193
2
3
1 2112208153
2
1 1508716714
2
2
2
2
2
2
2
2
2
3
2
2
3
3
2
2
2
3
2
2
2
3
1 1270150004
1 1539701357
1 3706575700
2
2
1 3999431341
3
2
3
2
2
3
3
1 2805528987
1 367273960
3
1 1185473659
1 1322708397
1 2914115503
2
2
1 2820563307
2
2
1 2985470494
3
1 2821987396
3
1 3749427139
1 41986186
1 2124699737
2
2
2
1 2807889871
2
2
1 2567607252
2
2
3
3
1 1179743915
1 1083947100
2
2
3
1 285583078
3
3
1 919428238
1 3225945512
1 125246025
3
1 2574829116
2
1 1333337894
1 212620140
1 4026320976
2
2
3
2
2
2
2
3
1 4168925248
2
2
1 2810457216
2
2
3
1 1018805604
1 2089595422
2
1 3542440886
1 1263947316
2
2
2
1 2017715977
1 3925676287
3
2
1 1436521010
2
1 3131328259
1 2625683836
2
2
2
2
1 3133108781
2
1 553538527
3
1 515902610
1 2032744788
3
1 1878273193
2
1 4253765314
1 3371295759
2
2
1 668830366
1 389540744
1 2855862450
2
1 2481670076
2
2
2
3
2
1 1582612049
2
1 2461778406
2
1 2155359256
2
2
1 1480368225
2
1 3840173949
1 3390002315
1 4066251406
1 1584139588
1 2973748171
2
1 2105194753
1 2697877732
2
2
2
1 1051688127
2
2
1 1645443521
2
1 2498063836
1 1133713535
2
2
2
3
3
2
2
2
2
1 930535958
2
1 183857332
2
2
1 1911586961
2
2
2
1 3591459087
2
1 639879809
2
3
2
1 1352329369
2
2
2
2
2
2
2
2
3
2
2
2
3
1 1146763472
3
2
3
2
1 288043044
1 1559284115
1 461945446
1 4121323824
1 2971738241
1 421924956
1 494724656
2
2
1 964303709
3
2
2
1 530242900
1 2909170562
1 4271544696
1 3617978495
1 35057708
1 1747177137
2
2
2
2
1 3221063873
1 1458900958
2
2
2
1 2809338088
1 778219740
2
2
2
3
2
3
1 4283460235
2
2
3
1 3339803674
1 150633358
2
2
1 868829413
1 1819936908
1 2273692862
2
1 1120058012
2
2
1 473737799
2
1 915386893
2
1 4038488586
2
2
1 3468710008
2
2
2
2
1 3380379205
1 1890865073
2
2
1 3541346418
2
1 809939847
2
2
1 646019067
2
2
3
1 4245269700
2
1 455667373
2
3
1 3699263740
1 3978150926
1 1417507029
1 488875714
1 2523130822
3
2
1 3669302148
1 4214981029
2
2
1 5730377
1 222893410
2
1 582360112
1 3731619440
2
2
1 1098819447
2
1 4292337438
1 948120486
1 4034672161
2
1 4104084944
2
3
2
1 1434142649
3
1 154105738
2
2
2
2
1 3789834397
2
2
2
2
2
1 1473697065
2
1 687931375
2
1 1523747222
2
2
1 3092743966
2
3
3
1 3578314330
3
2
1 2144709818
1 2577153201
3
1 3373541429
1 4117904924
1 3524743889
2
1 4043183987
1 2602412272
2
1 3875831921
2
2
2
1 2375566952
1 4057905600
1 300615063
1 3883856447
1 2363859641
2
2
1 1420591763
1 3992210626
2
2
3
1 430759150
1 907542067
1 168574598
2
2
2
2
2
3
1 2776645329
2
2
2
2
2
2
3
2
2
2
1 3767955996
1 1224174292
3
1 2494922751
1 1596717978
2
1 2572650511
2
2
1 1995377494
2
3
1 1099814935
1 2479370567
1 4202108223
1 1393281606
2
1 105295490
2
2
1 2947640303
1 3403332800
2
3
1 3218134826
1 1498533225
2
1 2976810193
1 3143386783
2
2
3
1 2435607381
1 1661848936
1 3192911939
2
1 4250800895
1 4154166432
2
1 1938892221
3
2
2
1 2317288205
2
3
2
2
1 1982791069
1 4106431528
1 4129122586
2
2
1 3260947233
2
1 3819792428
1 2782901788
1 3236841595
2
1 828791178
2
2
3
2
1 305277354
1 3186720524
2
1 2658847704
3
1 2464210081
2
2
3
3
2
1 2731058246
1 3536110481
1 3757792256
1 2736541245
1 2569185941
2
2
1 3585242214
1 1235698090
2
2
2
1 2245545246
1 297872367
2
1 1511331754
3
2
2
2
3
3
2
2
1 4031453083
2
2
1 4016498550
2
3
2
3
1 2972393098
2
2
1 3692347902
1 2718247194
1 1708847764
2
1 264518757
2
3
1 4262430905
2
1 1264441239
2
1 1213370117
1 598867855
1 4036763615
2
1 3459045123
3
1 4181346839
1 2660849483
3
1 705310270
2
3
3
1 644270986
2
1 2298153958
2
2
1 409906828
2
1 4280559352
1 4205363376
1 1266082856
1 4203371624
2
2
2
1 2457883866
1 3214980972
1 3624993719
1 1369519345
1 392989905
3
1 1932602492
2
2
1 3329837678
2
2
2
1 3404618091
1 1309137352
1 521328549
2
1 1555612099
1 3610033024
3
2
1 1658702948
2
2
2
1 553707928
2
2
1 670421865
2
1 2721167201
2
1 602064947
1 4079795936
1 3879577804
2
3
1 1043228976
2
1 3469294934
2
2
1 3882747032
1 1484695574
3
1 863049712
2
3
2
2
2
1 87537022
2
1 3277498145
1 1590129706
1 3938254015
3
1 1579823608
2
2
1 2408866702
2
2
3
2
2
2
2
2
3
3
1 2024568620
1 3935460827
2
1 2252258830
1 328684382
2
2
3
3
2
2
3
1 3386082193
1 2751507353
1 4202841698
1 1157364726
2
2
2
1 1945305803
2
3
3
2
2
1 947064496
2
3
1 4196470171
3
2
2
2
3
1 196333065
2
1 38110760
1 3377830497
1 2869699592
3
1 3662412366
2
1 3658442285
3
2
1 4223924023
3
2
2
1 1492790501
1 3862601932
2
1 1087670516
1 3913341910
1 2708689329
1 1627753940
3
2
2
2
2
1 3015845279
1 2548074585
1 2189368051
1 2796002182
2
2
2
1 55918164
2
3
1 3971191207
2
2
3
1 253550496
2
2
2
2
1 324051788
2
3
1 3757801980
2
2
2
1 581536963
3
2
2
3
1 1047564869
1 27582468
1 4073144858
2
3
2
1 588259042
2
1 2200272464
2
2
3
2
1 207667675
1 2576254545
2
1 2069726791
3
1 3428759470
1 1383914905
2
2
1 97927495
1 2432359439
2
2
2
1 1034195817
2
2
2
3
1 3156872820
1 2280973023
1 3262562603
2
2
2
1 1618774069
2
1 689018778
1 3211983378
2
1 817655006
3
3
2
1 1424832994
3
2
3
2
3
1 718546177
2
2
2
1 4002878110
2
1 2267591580
3
3
2
3
2
2
1 3704735866
2
2
1 2203877284
1 3311597759
1 3536132907
1 4289263587
2
3
1 216726472
2
3
2
3
1 2389136088
1 3624759102
2
3
2
1 4030997572
2
2
2
3
3
2
1 3213062249
1 3975111656
1 3113192818
3
1 3849804508
3
2
1 2985224549
3
2
1 1357682193
2
2
2
1 827635485
3
2
2
1 2697424151
1 858999910
2
2
1 1905006032
2
1 2605433988
2
2
3
1 991308040
2
1 2012471174
3
1 3865677774
2
2
2
2
2
3
2
1 3613084922
2
1 801702377
1 1208876833
2
1 2765034867
1 905691382
1 1843236026
1 3847743898
1 754087709
2
1 3690442793
1 4290491895
3
2
2
2
1 3005192694
1 4054326224
1 3328802381
2
1 22414608
1 1092265212
2
1 778226539
1 2332185548
2
1 1128022785
1 232347239
1 1749101389
2
3
3
2
1 1157054256
1 1907327795
1 2131961888
1 2616263129
3
1 2754627168
2
1 1570782697
1 2652096514
1 265501663
1 3126271132
3
1 2224150404
2
2
2
3
2
3
3
1 2475283463
2
1 328900981
3
2
1 1582424658
1 1999831104
2
2
1 2252050697
2
1 32544620
2
2
3
3
1 2365745409
2
2
2
2
1 2710165421
1 3899371979
2
2
2
2
1 510814015
2
1 3278784063
2
1 1535711138
2
2
1 2819150319
2
1 2939479212
1 415978751
2
1 2877827973
1 1204386590
2
2
1 137851002
2
3
2
1 3442477320
1 3797681596
2
1 1616019867
1 2765087988
1 1276528157
2
1 2463374741
2
2
2
2
1 362945130
1 1407781279
3
1 1579396830
1 4044179858
1 2489320763
2
3
2
2
1 467706886
2
1 2051821052
2
1 748402964
2
2
3
1 3986037094
1 2363884225
3
3
2
3
1 1035684062
3
2
1 3813714769
2
1 1529263962
2
2
1 3742455780
1 1232663713
1 897720915
2
2
3
1 3850845535
1 4143397707
1 1967716342
1 2485043372
1 1357471489
3
2
2
1 2674983137
1 3189584815
2
2
1 961840904
1 3144868280
1 393116045
1 945763131
1 830927628
1 1817619951
1 3765121706
3
1 3568032731
2
2
1 362406626
1 1769463053
1 718832880
3
1 686272409
3
2
1 1093331625
1 3018712764
2
1 2374906832
1 4143544963
2
1 2592322606
1 2612520542
2
1 3793545575
1 547701473
2
1 848456790
2
1 2319348874
1 1631246566
1 1557597607
2
2
2
3
1 3616189911
2
2
2
2
2
1 3826492717
1 210214084
3
2
2
2
2
3
2
3
2
2
2
3
2
1 3655925042
3
2
1 3682458189
2
1 932346956
1 1968634831
1 3405899253
2
2
1 3302183587
1 3242808977
1 571017673
2
3
1 2125128669
1 766758358
1 697595434
1 683710767
2
1 399350474
3
3
1 2219250300
1 4139011972
3
1 1036712228
2
1 1512688058
1 1431428049
2
2
2
1 1840384382
2
3
2
1 2019644168
2
3
1 2693006669
2
3
2
2
2
1 1668805643
2
2
2
2
2
2
2
3
1 2018764269
1 2509349699
2
1 1631959449
1 1683293774
1 768310870
2
1 3074663621
1 2516456049
2
2
2
2
1 1853553544
2
1 3763157202
2
1 521534806
2
2
2
3
2
2
2
2
3
1 2266769922
1 723504213
1 2005089812
2
1 2590923229
1 652274817
2
1 2734207301
3
2
2
2
1 3039815214
2
1 97855104
2
2
1 2570012408
1 4057406502
2
1 438905202
2
1 1327715999
2
3
2
2
2
2
2
1 1203439404
1 4242051579
1 2274778914
3
2
1 1124520510
2
3
2
2
1 1437423302
1 1501656573
2
3
2
2
1 2044989080
1 4138129020
3
2
1 2467031023
2
3
1 2831958853
2
2
2
2
3
2
2
1 80070300
1 1467847786
1 2227552822
2
1 3175403436
2
2
3
2
2
1 2412622210
3
1 1890757526
3
2
1 639643604
1 3125743935
1 1411885027
2
3
1 3950982504
2
2
1 3327419729
2
1 998522500
1 3531497759
2
2
3
1 1997423484
1 3519403071
2
1 3451230435
1 339521522
2
1 852762232
2
2
2
1 795783395
1 2277648986
1 2100919368
1 789364101
1 3664246872
1 537000001
3
1 781084422
1 3111036668
2
2
2
1 83235856
2
2
1 1320282951
2
1 977672556
1 905555215
1 3545568296
2
2
1 3985255727
2
1 1547772208
1 2364409942
1 3146380322
1 675427609
2
2
2
2
1 1492742429
1 536580897
3
2
1 1757230753
2
2
2
1 4121567220
2
1 2934378302
2
2
2
2
1 899368208
3
1 4286555512
1 1823437743
1 3553684870
1 3664775473
2
2
2
1 1463719016
2
2
2
1 3375524738
1 3043147138
3
2
3
2
2
1 3079568803
3
1 4054576685
2
3
1 1627003746
1 373527312
3
2
2
1 2658769831
1 3395940502
1 4242122068
2
1 1861902128
1 225795725
2
1 1885796084
1 2482713346
3
2
1 3965575672
1 1092431190
2
1 82077424
2
2
1 129170880
2
2
1 4059426527
2
1 1562332176
2
1 4266395492
2
2
3
2
2
2
2
2
2
3
1 2226194189
1 2229734750
2
2
1 1590276738
2
2
1 4009045223
3
2
1 971551509
2
1 3331463004
2
1 2820141212
2
2
1 3700949788
1 2945273479
2
1 3783259635
1 2277391029
3
2
2
2
2
2
2
1 3206048810
2
1 541464137
2
2
3
2
2
1 2227064780
3
1 23019853
2
2
1 698169506
2
3
1 4030731823
2
2
2
1 711975009
2
3
1 1212336746
1 1946827781
1 3651922005
1 3031983436
1 2106139247
2
3
1 1489184420
2
1 712194483
2
1 2480817778
1 3409256381
2
2
2
3
2
2
2
1 61942059
3
1 2311274395
2
2
1 2937898422
1 3312410242
2
2
1 3381466571
1 2531497385
1 2057928849
1 3659327366
1 3900886695
2
3
2
2
1 2829536091
3
2
2
1 2105341017
1 272143289
2
3
1 2787655847
1 1959348920
2
2
2
2
2
2
2
2
3
2
2
2
1 1540541333
3
1 4274759592
2
3
2
2
3
1 4138722503
1 1245211932
2
1 1036796454
3
1 1621628428
3
1 924244358
3
2
1 2241818345
2
2
1 2365831943
3
2
2
1 3138939936
2
2
2
3
2
3
3
1 4006252675
1 2157958649
1 3287797988
1 1737006254
2
2
2
2
3
2
2
1 1415248958
1 2789893123
1 1980719935
2
1 1187298499
2
2
1 4004404934
1 1179161227
3
2
2
3
1 2162699529
1 1095632280
2
1 10348137
1 2890740427
1 1795433039
1 1378994884
2
2
3
2
1 507896557
2
1 683025915
1 612562217
2
2
1 4013358545
1 359623830
2
2
2
3
2
1 1102333996
2
3
2
2
1 2073385997
1 3340664800
3
3
3
2
2
2
1 1385686674
2
2
1 3498973241
2
2
1 3912114023
2
1 3354788563
2
3
3
2
1 3707723679
3
2
2
3
1 1465100962
2
2
2
1 990781352
2
2
1 3476091416
2
2
2
1 3757336625
2
1 2259052652
1 380544494
2
1 410427211
2
1 235342999
2
1 221311868
1 1446658035
1 4000727621
1 281841296
2
1 3518372584
3
2
1 1306686460
1 1296460886
2
3
1 2848465112
3
2
1 1374732297
1 854972744
2
2
1 2166686740
1 3210858494
3
2
1 22310712
1 1411965129
2
3
1 790971891
1 3495520786
2
2
1 1315756225
3
1 852185745
2
1 2088556129
2
3
2
1 1065309038
2
1 2184537800
1 2657658892
2
1 3379560511
2
1 2189036298
2
1 4225111613
1 2486727053
1 529082485
3
2
3
2
3
1 3500626782
2
1 1791707193
2
2
1 1701332753
2
1 2503660936
2
2
1 3632779813
2
2
2
1 608559436
2
1 1556551776
2
2
1 1394458861
1 2599590430
1 568670426
2
3
1 2377368501
2
2
2
3
1 229771656
2
3
1 1024602863
1 1117964007
1 3859723617
1 1812587575
1 1872642670
1 395994339
2
3
1 1136995987
1 1615838303
2
2
2
2
2
1 1072191536
3
1 630602549
2
3
2
2
1 1453323781
1 3157354341
1 3179023641
1 2737440866
1 555479255
2
1 1341594590
2
2
2
2
1 2873580943
2
2
2
2
2
2
2
1 3823904988
1 1808392476
2
2
1 2732825791
3
1 613578694
1 3241255180
3
1 2079939698
2
3
2
3
2
1 3959214201
1 1663057043
2
3
1 1999671457
1 2692570385
1 1246996608
2
2
2
2
2
1 4263146064
1 1745261631
1 1507386914
2
2
1 3179885279
2
2
3
3
1 3218189283
2
2
1 1372612382
1 3644973435
1 324530895
2
1 652749742
2
1 328226338
3
2
2
3
2
3
2
1 534641651
2
1 6489460
2
2
2
1 2484955559
1 3548812114
1 2036257907
2
1 3694958789
3
1 4291906032
3
1 2761400355
2
2
2
2
2
1 257661402
3
1 2015390996
2
2
2
2
3
2
1 1652546930
2
1 827664210
1 2184688894
2
1 67597597
1 55893999
2
3
3
2
1 2986939345
2
1 1682800935
3
1 194796927
3
1 524243037
2
2
2
2
1 1941116793
2
2
2
1 1400192185
2
2
2
2
2
1 1183945947
1 4124795799
2
2
2
1 930600339
1 3849578790
3
1 1900343176
3
1 1221896983
2
3
2
1 1261848263
1 3988426339
2
1 3367929794
3
3
1 139629867
3
1 2613239124
1 3856060757
2
3
3
2
2
1 1079106205
1 3848690611
3
1 3915275799
2
2
1 640977088
1 4277014083
3
2
1 2694252724
2
1 3922412888
2
2
2
1 427570235
1 1706729240
3
1 1214229303
2
2
2
1 3912947813
2
2
2
2
2
1 3934661800
3
2
1 402942313
1 1670488343
2
2
1 3464802816
3
3
1 1586794933
2
1 3420056813
2
3
2
2
2
1 2376358380
2
1 1221600104
1 2788956514
1 220999769
3
1 4173901518
2
2
1 3899844977
1 3736860324
2
2
2
2
3
1 2088174167
3
1 1102297300
1 739894667
1 3842565830
1 1087567586
2
2
2
2
2
1 596345707
1 3568302838
1 196243114
1 3122361575
2
2
1 2933527982
1 1950338246
1 2336070547
2
2
1 1084204074
3
1 3269568008
2
1 1858453152
2
1 3111528409
3
1 2766740940
2
1 1310000551
2
1 3424438019
1 2310492234
3
1 3677170096
1 3235021371
2
1 67415757
1 3546241596
2
2
1 718416305
2
2
3
2
2
3
1 3644322357
2
3
2
2
1 3970830700
3
1 462605055
1 3106750387
2
2
2
2
1 312983904
2
1 3639350145
3
2
3
1 222413278
3
2
1 204526010
2
1 1662550104
2
2
1 761429584
2
2
2
1 39824467
1 1939185863
1 3027282572
1 2194332463
3
2
2
1 765011458
2
2
2
2
2
2
2
1 3236163914
1 3320460084
1 402265757
2
1 2582684612
3
2
3
1 247236543
1 2902013349
3
2
2
2
2
1 765168751
1 436668400
3
2
3
1 51495531
1 3506138546
2
2
1 4006832816
1 458094404
2
1 164733549
3
3
2
3
2
1 1225890510
2
3
3
2
3
2
1 2284873827
2
2
2
2
1 3991538774
2
1 3329886706
1 3563815694
2
2
1 1535463368
2
2
1 1354403760
1 2190334193
2
2
2
1 557938572
2
2
1 1583141159
1 2610236806
1 1012312689
1 2881363094
2
1 1477211783
1 2907817745
2
2
1 1054733158
1 958263203
1 599062727
3
2
3
1 3529908576
2
1 2840304057
2
3
3
1 4021139840
1 2130593380
1 1556510104
2
2
1 4101075174
1 1133635430
1 3755462679
2
1 3230368988
3
2
3
1 549109687
1 4115543395
2
3
2
1 334343002
2
2
2
2
1 1609173924
2
2
1 1586345093
1 1097424984
2
2
1 1481058314
2
2
1 2553647841
3
3
1 4154398645
2
3
1 1814960094
1 3374041672
1 4145785624
1 899502546
1 3744942004
2
2
1 62918099
1 2634529396
1 4150851442
1 222803392
2
3
1 2699246690
1 803067681
2
2
2
2
1 72378128
2
1 2900012808
1 3740941268
2
1 1481143846
2
2
3
2
2
2
1 2213736873
2
1 2943695372
2
1 2137102999
1 3111942766
2
3
1 2856255096
3
1 3838554403
2
2
1 4281517111
2
3
3
1 4162447117
3
1 2603609445
2
2
3
2
1 96926548
3
1 3576515822
2
1 3324915250
2
1 1963163466
2
2
2
2
3
1 3620599403
1 2134845248
1 3967142016
1 3058966647
2
2
1 3664188311
1 3642971362
1 3690083809
2
2
1 4144283925
2
1 1292939928
2
1 2876552054
2
2
2
2
2
1 3517205375
1 4013286621
2
2
1 1369595583
2
2
2
1 3379197378
2
2
2
1 1765817964
1 1872102616
2
3
1 263093907
3
1 3033366452
2
1 4212840134
2
1 49123983
3
2
1 50008358
1 1682382882
1 1509058044
2
1 3605107667
3
2
2
2
1 1990078306
3
1 2969569379
2
1 2540314795
2
1 571897736
2
2
1 4155264599
2
2
2
2
1 3922597280
2
2
3
2
1 114605565
1 176916952
1 4249121670
2
2
3
1 3625462522
3
2
1 281144068
1 181099610
1 2736717676
2
1 4193032269
2
2
1 1362745375
1 3726328937
1 1387874832
2
2
2
3
1 2026460390
1 644570298
2
1 3597943197
1 2667191432
1 3957957925
1 4160474618
2
1 4265627061
1 866463037
2
2
3
3
1 3574449967
2
1 2800352197
1 3032179039
3
1 3504427665
2
2
1 575242083
1 173707653
2
1 3090652951
2
2
1 401589595
3
1 1234987196
1 70178456
1 2687940612
2
1 2397130522
1 3761387248
3
2
1 4216063914
1 3210800180
2
3
1 468849065
1 3826117130
2
2
2
3
1 3740957647
2
2
2
2
1 1765207116
1 2341331568
3
2
3
2
2
1 1186147352
1 1497883116
1 171204439
1 1815946548
2
1 4116511987
1 2702583679
2
2
2
2
2
3
2
3
3
1 2927986210
2
2
2
1 1290589632
1 895858490
1 2381911715
1 1887046047
2
2
2
3
2
1 4147320905
3
1 1062412047
2
2
1 2157008956
1 1614565614
1 1913790167
1 427453533
1 1793888937
1 8578988
1 1724660272
2
2
1 3400661935
1 2083659104
2
1 2271869694
1 510739484
1 4185978512
3
2
1 3630138351
2
1 1981214690
1 3590216763
2
3
2
2
2
1 4052833114
2
2
2
2
2
2
1 232921451
3
2
1 1554737819
2
1 76858187
2
2
2
1 2169379535
2
3
2
2
2
2
2
3
2
1 3253909524
1 687176217
1 4236963782
2
1 1392182333
3
1 427730499
3
2
2
1 3364892006
1 3567198155
1 4251603798
1 1436808994
1 2357343568
3
2
2
1 1099026560
1 1708568058
1 828886610
2
1 1514819612
3
1 2281430377
2
1 2253006008
2
2
3
2
3
2
1 228180230
1 979710963
3
2
2
1 1901057660
1 2073040935
3
2
1 86050311
1 2443236757
2
2
1 334041690
2
2
3
1 3701201885
2
1 4032438080
2
2
2
1 1315952971
1 3075663952
1 3803229708
1 3569348105
1 1407222158
2
3
3
3
3
2
1 2687970166
2
1 1135613156
2
1 420887540
3
1 565377689
1 859218050
1 791252387
1 228238789
3
3
1 1785277181
2
1 957702025
2
3
3
3
2
2
2
3
1 2890215556
1 4182130004
1 2567796883
1 703671420
2
3
3
2
1 1650744440
2
1 463310517
1 3452199683
3
2
2
2
3
3
1 1721140626
2
2
2
3
1 247198871
2
2
2
2
2
2
2
2
1 427905665
2
3
2
3
2
2
1 1286888583
1 2532284072
2
1 518689914
1 3430232991
1 4192152625
2
2
2
2
1 1666457705
1 1368345436
1 1638269965
1 1234619541
2
1 1963451165
1 2697422711
2
2
2
2
1 2588147998
1 2252762425
3
2
2
2
2
2
1 1137496717
1 866391877
2
2
1 2377331389
1 4267439068
1 1173132326
2
1 1845451920
2
1 137293621
3
1 4243972112
2
1 1210303525
2
2
2
2
1 2505968026
1 1998446169
2
1 3759877390
2
3
1 865808658
2
1 60049438
1 3662070219
1 4109281982
2
3
2
2
3
1 704765695
2
3
2
2
3
3
3
2
1 3494468053
2
1 1017997049
3
2
2
2
1 3162885851
1 789177454
2
1 3350384669
1 2586616270
1 3725028591
1 3639119801
1 2601534929
2
1 3850700704
1 4086187876
1 770972886
2
1 3287109741
2
2
1 626289006
1 2161018445
1 1768029345
2
2
2
2
1 1512108886
2
1 713919438
1 3425373573
1 509471091
3
2
2
2
2
2
2
2
2
1 3044656860
2
1 3319893583
1 992510578
2
1 1562550010
1 1261635713
2
2
2
2
2
1 59734293
2
2
2
2
3
2
1 4155204705
2
1 2250683854
3
3
1 3357614082
3
1 230922612
3
2
2
1 1045129681
2
2
1 1475291179
1 3429535562
1 380298831
1 1913941001
3
2
1 3522414048
3
3
1 1332634969
2
2
1 1786141750
1 3365132873
1 3916671002
2
1 4158573959
3
3
1 1386440904
1 2960148168
1 2569849596
1 340030686
2
2
3
2
3
1 1938526376
2
2
1 2664229863
1 1708377748
1 334670687
2
2
2
2
2
3
1 1475184238
2
2
1 569233432
3
2
1 1844157756
2
2
2
2
2
1 543818071
2
3
3
1 2255491675
3
2
2
1 1937980123
1 4113091207
1 3861131766
2
1 1860470232
2
2
2
2
2
3
1 2602333160
2
1 1227491271
3
1 2353933527
1 1642386795
1 2171085854
2
1 265077321
2
3
1 2501673731
2
2
2
2
2
2
2
1 2085423138
1 4165018392
3
1 812072422
2
2
2
1 4185117584
2
3
2
2
1 717901928
2
2
1 2745209610
2
2
3
2
1 2513521481
3
2
2
1 1242214009
3
1 1197354786
1 1751595274
2
1 3199345208
3
1 1183836518
1 1747098762
1 4125960685
1 3148700038
2
3
3
2
2
1 1714831379
3
1 528832300
2
2
2
2
2
1 3474751507
2
2
1 3956170947
3
1 1350881740
2
2
1 842560575
1 318451818
1 413591184
1 4023481498
2
1 161725817
3
2
2
1 313590391
3
3
2
1 4094833865
1 2060384315
1 2764902953
2
1 258652159
2
2
1 1246748232
2
2
2
1 1505514495
2
1 1850739663
1 2885814914
1 2074128491
2
2
1 3194037936
2
1 1642831836
2
2
2
1 864149515
1 2827886528
1 635077564
3
3
3
2
2
1 1113606565
2
2
3
1 2440163635
2
2
2
3
2
2
1 1992404278
1 1535103184
1 2425300251
1 3014292639
2
1 143153
1 2939965940
3
1 2391479674
2
1 2469793012
1 4167312839
2
2
1 1762353471
2
1 900637635
3
2
2
2
1 3394180580
3
2
1 1665633137
2
2
2
2
2
2
3
3
3
2
1 1696954202
2
2
2
3
3
1 2478257132
2
3
2
1 3908137847
1 4153985951
1 2738171129
1 2236481998
2
2
1 4218343022
1 621914418
2
2
1 547254479
3
2
2
1 2622015218
1 2040130844
1 197653307
2
2
2
1 3652949459
2
2
2
3
3
1 1928996996
1 2256387816
2
3
2
2
1 925210987
3
1 2147595538
1 1221629640
2
1 2533798711
1 2300630526
2
3
1 15471272
1 917025115
3
2
2
2
2
2
3
2
1 2603941832
2
2
2
1 3496459756
2
3
3
1 505567465
3
2
2
1 3112087825
2
2
2
2
3
3
3
1 3311821222
2
2
3
2
1 2113205187
2
2
2
1 29944481
3
3
2
2
2
3
3
1 2781232544
2
3
2
1 2070497544
2
1 1475459011
1 3391988589
3
1 2690963138
3
3
2
1 2880206269
1 2635034176
1 2805131868
2
3
1 3733421565
1 4161081513
3
1 113347961
1 586174628
1 544808036
3
3
1 1622504723
2
2
1 224527197
2
2
1 2295048352
2
2
2
1 2874051003
2
2
1 1355366746
1 2944121426
2
1 1170839310
2
3
3
2
2
3
3
1 2402637636
1 1927106066
2
2
2
2
2
2
3
1 2535791998
1 1010772834
2
1 2870062838
2
2
2
2
3
1 2438204209
2
2
3
1 2487087374
1 1099920377
2
3
3
1 2210345940
1 1820941158
1 4070479493
1 3651048671
2
1 586046406
2
1 2426027176
1 3002683161
3
2
2
2
1 4060690898
2
2
3
3
2
2
2
1 448892484
2
1 2267296418
2
1 3696623826
1 124341994
2
1 2846386175
1 1443474787
3
3
1 2189118924
1 1397671115
1 2874907996
1 1596190986
3
3
3
2
2
2
2
2
3
2
1 148572439
1 66426414
1 3106085693
1 1656227920
1 3739259846
1 2718520313
1 1594555477
2
3
3
1 2446050247
2
1 1832712721
2
2
1 3001302639
1 1699150990
3
3
1 1642227311
2
2
3
2
2
3
2
2
1 2426608215
3
2
2
2
1 466362755
2
2
2
2
2
2
1 3225540855
1 1088458159
2
3
1 1542045849
1 157485798
2
3
3
2
2
1 3243162685
2
1 2197380581
3
1 553010865
2
2
2
2
2
2
2
1 1737975975
3
2
2
2
2
2
1 1570791490
2
1 4136347059
1 173982357
3
2
1 1957262408
1 3817547675
3
2
2
3
2
3
1 1558029926
1 1023060088
2
2
2
1 294285701
2
2
2
2
2
1 2149548765
1 1209033825
1 3896310260
3
2
2
1 1790923641
2
2
1 1921388856
1 3060638844
1 657975692
1 1833370048
2
2
2
2
1 2536670769
2
3
2
3
1 3995388400
1 2213134780
1 2181578325
1 2222985263
2
2
3
2
2
2
2
3
1 1835084376
1 776223024
1 2238971329
1 209485404
2
1 3279565506
1 3304050658
2
1 3986708583
2
1 1670331151
1 3123786638
1 2408267162
2
1 1380567181
1 3055117529
3
2
1 2110484450
1 2320910553
2
1 4026477813
1 3157421233
3
1 2865558093
1 1932829185
2
2
2
3
1 3695271174
1 2895863991
1 1606300617
3
3
2
2
1 3044296979
1 1481243380
2
2
2
2
1 3032903097
1 822195784
2
2
2
1 3433080761
2
1 668954938
1 1623941125
2
1 3202858722
1 1498505706
1 3559112505
2
1 625032282
1 2264492085
1 4150583074
2
1 3830634619
2
2
2
1 2594273253
2
1 372062014
2
2
2
2
2
1 3380075776
1 1636936388
1 903533581
1 2502678212
1 3078537631
3
2
1 1087669390
2
2
1 207240941
1 2247292408
2
2
1 485787553
2
1 529049361
1 3500794018
2
2
2
2
1 124982551
2
2
1 3352738377
2
2
2
2
2
3
2
1 2782464492
2
2
2
1 20247584
2
2
1 787591466
2
2
3
2
1 2142226314
2
2
1 1323190640
1 572204015
3
1 736155138
1 2069178572
1 3719869507
3
1 1694672053
3
2
2
2
1 3935070337
1 3246855738
2
1 268429265
2
2
2
2
1 951221737
1 1245185589
3
2
2
1 3228433475
3
2
2
1 1219578662
2
2
1 3221580331
2
1 4079234755
1 3878556863
1 2988220462
3
1 2103272314
3
1 2350542692
2
3
2
3
2
3
1 2638217505
2
3
3
2
3
2
1 3885083768
1 2648532986
3
2
1 384571374
1 3828288638
1 1282801378
3
2
3
3
1 16243343
2
2
1 3408331151
2
2
2
3
1 445159133
2
1 2937366927
3
2
1 4006858573
3
2
1 2108362145
2
2
2
3
2
1 2865790471
2
1 3282756222
2
1 2408653229
2
2
2
2
2
2
1 3711716918
2
2
1 2777618098
1 1266201900
2
2
2
2
1 2351930977
1 86066826
2
3
1 663225744
2
2
3
2
2
1 3874564982
3
2
2
1 3066446222
2
1 1048170360
2
2
3
1 3903823105
2
1 3248970231
3
3
1 2603607983
2
2
2
2
2
2
1 969362365
2
1 1330495955
2
3
2
3
2
2
2
1 904118387
2
2
1 849485757
1 1106035612
1 3645566067
2
1 3628122218
1 1680059598
2
1 2424268975
1 2632619792
1 611082614
2
3
1 3082541908
1 2370207225
2
1 4186385517
2
1 3338901240
2
1 2606328390
1 2840013150
2
2
1 88025585
1 3708623926
1 2181607849
1 890543365
2
1 2274475350
1 1958645959
2
2
1 3396859777
1 2483811171
3
2
1 988934539
1 3118550072
2
1 388633414
1 1337625623
1 3927009450
2
3
2
1 4163376840
2
2
1 1572103208
2
1 3746977031
3
2
2
2
2
3
1 3151229784
3
2
2
2
1 917966098
3
1 3572324708
1 2333787476
2
2
2
1 2150494189
3
2
1 2385476148
2
2
2
2
3
1 896522765
1 4016533671
2
3
2
1 3175368751
2
2
2
2
2
2
3
2
2
1 1858652981
2
2
2
2
3
1 3631734399
2
1 1079107241
2
2
2
1 3302782168
2
2
2
2
2
1 3703869298
3
2
2
2
1 114387246
1 2665344039
2
2
2
1 2293792483
2
2
3
1 2766907486
2
1 1604502586
1 1516872091
2
2
2
2
1 97246127
1 935585788
2
1 4203347278
1 1284232814
3
2
1 2617567661
1 3207501786
1 1102687777
2
1 3595051614
2
1 323663251
2
2
1 1686529931
1 2897171599
1 2721081861
1 1068135769
2
2
2
2
2
1 4262107242
2
1 3051062055
1 471035306
3
1 1069391908
2
1 1435444594
1 1950732860
2
3
2
2
2
1 608172689
2
2
1 3954844552
3
1 3429707518
1 1725174226
2
2
2
3
1 2977876960
1 113557907
1 3815797059
2
1 2360744560
2
2
2
2
2
2
2
2
1 2093986862
2
3
2
3
1 2593830800
2
1 4196340831
1 135177256
3
2
3
2
2
3
2
3
2
1 3496214368
2
2
2
2
2
2
2
3
1 3259396021
3
3
3
1 2329029966
2
2
1 2411133944
2
2
2
2
1 2136047047
2
1 1549455056
1 1994546634
3
2
1 2236421986
2
1 206469302
1 3809200457
2
2
2
3
2
1 2089253973
1 1298548960
2
2
3
1 3527237905
2
1 1184152895
1 3479454827
2
1 3682518736
2
1 341771500
2
2
2
2
2
1 3695320214
1 292279321
2
2
3
1 418566733
1 1046144542
2
2
2
2
1 2347612558
1 3990773532
2
3
1 2075768959
3
1 2745729338
3
1 2629483299
2
1 666777904
3
3
3
3
1 1965712088
1 2501370111
1 1957569205
1 2243184217
2
2
2
3
2
1 643563700
1 3129075735
3
2
2
2
2
2
1 3675655093
1 4193991655
1 3699948873
1 2389003830
2
2
1 423652390
1 1050706069
3
1 3655509561
2
2
1 1349373623
1 1483161607
3
2
2
3
2
2
1 1427337766
1 449186238
2
3
1 113369386
1 4092110275
2
2
1 1435828439
2
1 232362240
1 680663474
1 1936934770
2
2
3
2
2
3
2
2
1 4081256553
2
2
2
1 2751201314
1 2666607295
2
2
3
1 3239970264
2
1 1988352663
1 2363682464
1 1766370712
2
2
2
2
2
2
2
2
1 636158053
1 757617839
1 1251083058
1 2130056037
2
1 276439533
2
1 3544158432
3
1 2941658970
1 4209866018
3
1 3465000553
1 3643234811
3
1 3227627222
1 815725161
2
2
1 3555218278
2
3
1 3157619171
1 1532118604
2
2
1 1631062070
1 215279441
2
2
2
3
2
2
1 1345215268
1 166367116
2
3
3
2
1 240604311
2
2
1 307821650
2
1 4196125097
2
1 2325058707
2
2
2
1 2683972587
1 3127876358
2
1 1058892280
2
1 1965301919
1 124943027
2
2
1 13807057
1 22128502
2
2
1 2677618678
1 3655137526
2
1 626215240
2
2
2
2
1 1861294278
1 3024905251
1 1943283100
1 1701681089
2
1 827653707
1 3130549531
1 2099425594
3
3
2
2
3
1 4271544733
2
1 2971215156
2
2
2
1 96666710
3
2
1 4182499486
1 2779362346
2
2
3
1 1953602318
1 1404045695
1 1708407882
2
2
2
3
2
2
2
1 84056118
3
3
1 1921121698
2
2
1 816936200
1 2546332776
1 3073178811
2
1 2371083415
2
2
1 2921152657
2
2
1 3254604873
2
1 2235848499
3
2
1 4162868627
1 2493308324
2
2
3
2
1 3335560166
2
2
2
2
1 1081433083
1 3840634903
1 2930954524
2
3
2
1 2835172010
2
2
1 2697792208
1 2841618919
2
1 3949422747
1 2041021178
2
3
2
2
2
2
2
2
1 2092982802
1 1384217052
1 3540611013
3
1 4273670663
2
2
2
1 3000686479
1 3486581089
2
1 3605189711
2
1 3667922862
2
1 1227339106
3
1 1732416826
2
2
2
1 2958403634
2
2
2
2
1 4271366708
1 397854385
1 472153797
1 1535940583
1 1413347325
1 2930694063
1 830605486
2
3
2
2
1 8466809
1 2000125314
1 2543849779
1 103517618
3
1 531338168
1 306975440
1 557605670
2
1 2695086535
2
1 505712025
2
1 512363070
1 3235496718
2
2
1 760170923
1 2995378779
2
1 1967589532
1 915802950
1 4261931681
3
1 195964177
3
1 1663413736
1 3988766577
2
3
2
1 1219248540
1 2839131454
1 901185701
1 952119576
1 1172156838
1 3684144676
2
1 4108886504
2
2
1 1512311826
1 209129632
2
1 3892023598
2
1 2986250966
2
3
2
2
1 1893606388
3
3
1 2762850033
2
1 3693387325
3
2
2
2
1 188097581
2
1 690086876
1 635506874
1 2905391199
1 3177273910
1 3003648460
1 1182131707
1 4127977273
2
1 710465835
1 4099610817
1 4182531899
2
2
2
2
2
3
2
1 3546295181
2
2
2
3
2
2
1 3079920982
1 2832478043
2
2
2
2
2
1 2097928618
2
1 1725172016
3
2
1 1953140272
1 1481924173
1 2101976627
2
2
1 4269261826
2
1 1611015426
1 1295041132
1 380330950
3
3
2
1 1206539408
2
2
2
3
1 2193642571
2
1 2417846032
2
2
2
3
1 314059645
1 2279084578
2
2
1 172316089
2
1 2488492963
3
2
2
3
2
1 3385052524
1 3083975606
1 1684448192
1 4145439379
1 2656138568
2
2
3
2
3
1 359718777
2
2
2
1 3712865678
3
2
1 1863297026
2
1 1615731194
2
2
2
2
3
2
1 3984126846
1 2474956425
1 2251047448
2
1 547612418
2
1 422147848
1 767297939
3
1 1075949086
2
2
1 1621878389
1 1640340094
1 1747555513
2
1 3126144179
1 2349963354
2
1 1885969891
2
3
3
2
2
1 2262980457
1 4048722081
2
1 2650594255
1 1668052545
3
2
3
1 1279919953
2
1 3748230140
1 563362078
1 1871915983
1 2458212007
1 2375034293
2
1 382858268
1 555832048
2
2
2
1 2097781016
1 2030820187
2
2
1 529144160
2
2
2
2
1 2856982362
1 434685221
2
1 864537860
1 543135406
2
1 1716548003
2
2
1 3489939716
3
2
2
3
1 4183268904
1 2198917174
1 2028131029
3
3
2
2
2
2
2
1 2591915590
2
2
2
1 494763749
1 3519949859
3
2
3
1 4161397371
3
1 1855642331
1 2564579489
2
2
1 581339497
1 40490585
1 1468114623
3
2
3
1 2527076005
2
3
3
2
2
1 769851769
2
3
2
1 2100570738
1 4029883826
2
2
2
2
3
1 1806598035
2
2
2
3
2
2
2
2
2
1 305349614
1 1616926796
3
2
3
2
1 1615971165
1 797942401
1 260025294
3
2
1 209122469
1 2438642714
1 3798303324
1 724133498
1 2224584512
2
2
2
1 2606054089
1 1869557216
3
1 2409452783
2
3
2
1 3099457760
2
1 1681124908
3
1 867397879
3
1 3323365032
2
1 1850834332
2
1 1364724375
2
1 620873085
1 498436018
1 4001194123
2
2
1 724766943
2
1 385681915
1 3937839
1 1236943749
2
2
2
1 2806662935
3
1 2691043074
2
3
1 3316497198
3
2
2
2
3
1 845320989
2
1 2786637889
1 3652074688
1 3559916578
2
1 2957254454
2
1 1698416292
1 1069584243
3
3
1 2427539175
2
1 3874265225
2
2
2
2
3
2
2
1 1121075020
1 259766936
2
1 2292700875
1 1964035860
3
3
2
1 2283162156
2
2
1 93598884
1 3009811566
2
2
2
2
3
1 1827669402
2
2
1 2683863571
1 1424108771
1 3268088756
3
1 3537266649
1 988565602
2
1 2663785722
2
1 3279560651
1 2637866702
1 824523179
2
3
3
3
1 1174689967
2
3
3
2
3
3
1 3401308163
1 577451197
3
2
3
2
1 404406748
2
2
3
2
1 3040529777
1 1240608336
2
2
3
3
2
2
3
2
3
1 3610955768
1 4115298883
1 1486206377
1 3673980310
3
3
3
2
1 3580128536
2
3
2
2
1 1147273177
1 3678400620
2
1 1230179335
1 807947351
2
3
1 589636539
2
3
2
1 971970873
2
1 2898379849
3
2
3
1 3780031215
1 528626684
1 2427539315
2
2
2
2
1 1005751729
1 3843279303
2
1 169574818
3
1 2218154031
1 3928518997
2
1 1672152011
1 813901081
1 3275974210
2
1 30466758
2
2
1 4006134220
2
1 950266412
2
1 2730210560
1 3228188075
1 3187146937
1 2833799263
2
3
3
2
2
1 3268119376
2
1 3130593907
2
1 1082006241
2
1 553754872
1 4174126121
1 996684854
1 2591909112
2
1 3918762223
3
3
2
1 171416054
2
1 2423896295
2
3
1 2352972207
2
3
3
2
1 1265456124
2
2
2
1 2905886368
2
2
2
1 1728273317
1 291728157
1 3871847925
2
1 3559182979
2
2
2
3
2
3
2
2
2
1 571137151
1 2565212361
1 3355483804
2
3
2
3
2
3
1 1315839362
2
2
2
2
1 2436956897
2
3
3
1 4126924964
3
1 792857162
1 2447912978
1 1192766784
2
3
2
2
2
1 4172011159
2
2
2
1 3714020058
1 1891439830
3
1 3204628100
2
1 3455576090
2
2
1 2572711793
3
2
1 289631145
2
3
2
1 3167655367
1 710463559
1 2371484588
3
1 3145682159
2
1 1684070383
1 2624638721
2
2
2
1 3358217603
1 693526355
2
1 64444358
1 1801341494
1 1091504579
1 494830973
1 1195437270
3
1 2158336836
1 2800789829
1 2901833503
2
2
1 3199017010
2
1 1322754324
1 895411745
2
3
1 1979797855
2
1 4149798723
1 3564503168
1 4056461859
1 512322243
2
2
1 3393269783
2
1 1658361359
1 90629663
2
2
1 3042371635
1 3605582126
1 313081183
3
1 179607567
2
2
1 1003515834
3
3
1 3575908483
3
3
1 3082171246
1 1040376179
1 2944162356
1 1228709067
1 3828414408
1 1376264379
2
1 2950107095
2
2
2
1 1313821570
1 2448965748
3
1 3048420846
2
2
2
2
3
1 1987658466
2
1 3250459746
3
2
2
2
3
2
2
2
1 718679522
2
2
1 1313898864
2
2
2
2
1 484754602
1 4014328527
2
3
2
3
2
1 729594450
1 562569379
3
1 3855733614
1 2808776974
3
2
2
3
1 3829746430
1 2466231125
1 2124581358
2
2
3
2
1 1045530289
1 2942757833
1 1075030077
2
1 1369975959
3
3
2
2
1 2035094651
2
3
1 618291843
3
2
3
1 3733012888
1 4278042782
1 220493004
1 564122487
2
3
2
1 3518176673
2
2
2
1 3940804597
2
1 872551495
1 2190912205
3
1 3612232991
1 1267536843
2
1 2993427847
1 693121230
2
2
2
1 2345446874
3
2
2
1 939652875
1 43341346
2
2
1 4081012251
2
1 773276433
2
2
3
3
1 4114474839
2
1 660145381
1 1560330993
2
2
1 1079392382
1 839044952
2
1 2056123017
1 3515725339
2
2
1 1203715242
1 3640570554
1 3063829522
2
1 1242280854
2
1 3911103197
1 3881811932
3
2
1 622214549
1 381573326
2
2
2
2
2
1 3754703530
1 3465483638
1 2877403341
2
2
2
2
3
3
2
3
2
3
3
3
3
1 1170165981
1 3903225040
2
1 1265687277
2
1 2519814397
1 543257375
1 3624803729
2
2
1 2447213124
2
2
1 2088197346
1 3666016211
2
3
1 1520069704
3
1 573436682
2
1 2239424632
2
2
1 3417630100
1 427160736
1 666921565
1 2565700575
1 1453068899
3
3
1 3682016092
2
2
1 287714120
2
1 4245659507
2
2
1 3428624860
2
1 2690427812
1 2902862300
3
1 4057722784
2
2
2
1 3800972737
1 3960065157
2
1 2486017137
2
1 2069029788
1 3627850838
2
1 411050139
1 2425931967
2
3
2
1 2320690298
2
2
3
1 2735664209
1 3563356592
2
2
3
2
1 2119929191
2
2
1 3919840014
2
1 104354967
2
2
1 1923488123
3
2
1 359549196
2
2
1 3100447921
2
2
1 2484696158
1 1621452510
2
3
1 3965070731
3
2
3
2
3
1 3051624307
1 3783603107
1 3178949407
2
1 513305769
2
2
2
1 4125696544
2
2
1 1024035513
3
3
3
2
3
1 641964002
1 2317793281
1 563323890
2
1 1697759774
1 3440710835
1 4272667395
2
1 3243619375
3
2
1 566817718
2
3
2
1 3520228733
2
2
2
2
2
3
3
2
1 105704054
1 238745726
1 3816734995
1 2064998670
2
1 3615463401
1 2724115676
1 3392778664
2
1 551075841
1 3528094618
2
1 1329810067
2
1 2895594445
3
1 4279643941
1 2907457545
2
1 3805861329
1 3301179086
2
2
1 1773841842
2
1 3127954965
1 1880796951
1 217611006
2
2
1 2119321168
1 246118880
3
1 532264334
3
1 3808352680
1 1526043632
2
3
1 2732215950
2
2
3
2
3
2
2
1 1356604854
2
3
2
1 3270439680
2
2
1 2297675180
2
3
1 1411283311
2
2
2
2
2
2
2
2
3
2
2
2
1 250908029
2
2
2
1 2531388925
2
2
2
2
1 1214002400
2
2
2
3
2
1 1604805573
2
2
1 3855774178
3
1 3515656768
2
1 688346955
2
2
1 634089889
2
1 1601734792
1 1485571037
3
2
2
2
2
2
3
1 679566686
2
2
1 1143498284
1 4063358586
2
2
1 1601609749
1 2771301820
2
2
3
1 2537655964
1 1666739790
2
1 4262808168
1 1403307390
1 3442307323
1 2872319815
2
1 2645047472
3
2
3
3
3
2
1 249113466
2
2
1 2657857314
1 1316770434
2
2
1 4143165284
2
1 486264585
1 2078616133
2
2
1 3921270924
1 3087320248
2
2
1 1221895032
2
3
2
1 2126902316
2
2
2
1 2230243771
1 2345624736
2
1 3236018658
1 1957272450
1 694241434
1 237355767
3
1 1554740640
2
1 1055117855
1 2880761972
1 1696023312
1 2687859485
1 2618091079
2
1 395511660
3
2
1 1268456161
2
2
3
2
2
2
2
2
2
1 3672098794
1 3023125948
2
1 1042978230
2
2
1 3730677268
3
2
3
1 1249127966
2
1 2030172693
2
2
1 2848470654
2
2
3
2
1 4014442802
2
2
3
2
3
1 1830865908
1 3539492205
2
2
2
1 2007760844
1 2168496140
1 2643844443
3
1 2257558278
2
1 3717370859
3
1 1674807931
1 736446115
2
3
1 2929000935
3
2
1 4277165997
1 830401611
1 2615253129
2
1 3402243839
2
1 3923865979
1 3572705212
1 3157279895
2
2
2
1 1819935703
2
1 632634203
2
2
1 1104501990
3
1 2444077362
1 2668309437
1 649134950
2
2
3
1 327103096
1 3482230614
2
2
3
2
1 2848762502
1 3896049012
2
1 32700200
1 3463846659
1 1027889580
1 1501024695
1 2660934482
1 1430514490
2
2
1 1019818434
3
2
3
2
1 792068263
2
2
3
1 2784392691
3
1 2126098579
2
1 695987888
2
2
2
2
2
1 3179716470
2
3
2
3
2
2
2
2
2
2
2
3
1 2103689530
2
1 2074860669
1 2652516294
1 2169049449
1 3930544794
2
1 2684110280
2
1 1786936738
3
2
1 3648243951
1 3021996386
3
2
2
3
2
1 187748757
1 793828815
2
2
2
2
2
2
2
2
2
2
2
1 4022982129
1 1301290036
2
1 3792859230
2
3
2
2
1 703511098
3
2
3
1 420322425
1 4179734443
1 2810382512
3
1 3470868950
1 3748474733
3
2
3
3
2
1 1496065446
1 1594045416
2
2
3
2
1 1002769032
1 3144662322
2
2
3
3
2
2
3
1 3073078680
2
1 2879572014
1 36940082
1 3704534302
1 3845073260
2
1 4135559072
3
2
1 2445305960
1 3233382311
1 4059280353
2
2
2
2
1 3439209620
2
2
2
3
3
2
1 2147174258
2
3
1 71216892
2
1 1231637238
2
2
2
2
2
1 2774568646
1 1365328253
2
2
2
3
3
1 2189302882
2
2
2
1 2829559833
3
2
2
2
3
2
1 2378563581
2
1 4136607552
2
1 1521478762
1 1251640902
3
2
1 955898026
3
2
1 3742034197
3
2
3
1 917677407
2
3
1 3527307739
2
1 3218201018
1 1808014139
2
1 2556614459
3
1 1343627180
1 1672253318
1 2411404766
2
2
1 327138739
2
1 669766793
2
1 1280996129
1 2226422864
3
1 1234637247
3
2
2
3
3
2
1 2795617434
2
3
3
2
1 1474814447
1 2957663936
2
3
2
1 907720327
2
1 4114838651
1 1867302430
3
2
2
1 2165872980
1 4220027546
3
2
2
1 3597008737
2
2
2
1 216347348
3
1 2809471494
1 243427339
3
1 1210110678
2
1 4290145147
2
2
1 1991484623
1 410185230
1 2665429163
1 3049322792
3
2
1 3368158206
1 1314385667
1 1636006028
2
2
1 1538939893
1 3571041477
1 2462466603
1 370588737
3
1 1669802008
1 329616213
1 2477691729
2
2
1 2955763635
1 1292386086
3
2
1 3552918343
2
1 3143224739
2
3
2
1 3763950860
2
1 540432529
1 2551392394
1 3747453810
3
2
2
2
1 2011140357
1 2094961497
2
1 1342734466
3
1 3559866288
3
1 844148268
3
2
2
2
1 3093917877
1 402362831
1 1616151962
3
1 3364423591
2
2
2
3
2
2
1 2780942618
2
1 77085033
2
2
2
3
2
1 3265172874
1 1699917044
2
2
1 2857073097
2
3
2
2
2
1 474348091
2
2
1 4104716068
1 559642671
3
1 2372188238
3
2
2
2
1 2029799371
2
2
3
1 375935040
2
2
1 1462003293
1 3427621925
2
2
1 2499677942
2
2
2
2
2
2
2
2
1 2532747882
3
1 269073655
1 4012835023
2
2
2
2
2
2
2
1 3349303666
1 934001471
2
1 725512880
2
1 1586304857
2
2
1 1163614533
1 2949360504
3
1 766694707
2
2
1 3496855393
1 1089930583
2
2
2
3
2
2
1 1987462106
2
2
1 760770026
2
1 169264752
2
2
2
2
1 1177535029
2
3
1 2934286437
1 1893419868
2
1 3451752588
3
2
2
2
1 3032956958
3
1 245243142
1 967989706
2
2
2
2
2
1 231085605
1 3901480779
1 3039880660
1 3538046685
1 2621882611
2
3
2
1 3795726107
1 2268837944
1 59932089
2
2
3
1 1125909901
1 376341704
3
1 3376154291
1 1517127391
1 983643331
2
3
2
2
2
2
1 699486145
1 3949246486
1 687778797
3
1 2295847596
1 2634162704
2
3
3
2
3
2
2
1 1896837413
2
2
3
2
1 2759328668
2
2
2
2
2
3
3
2
1 1775793804
1 4174546820
1 1801872915
2
2
3
3
1 2396409017
2
2
2
1 718152873
1 4257228890
3
2
1 3727660336
1 3427961756
3
1 1611951174
1 2910013487
1 3760547703
1 1038968916
1 2346280117
2
1 1166110794
2
2
1 3456359809
2
1 3603166108
1 1854365994
2
1 132594379
2
1 439360605
1 3859864864
1 2088493005
1 4286852318
1 3504815525
2
3
2
1 177115534
2
2
2
2
2
1 483708226
2
1 3421331917
3
3
1 412919221
2
3
1 75456794
2
2
3
1 1446464692
2
1 2140156926
2
1 608692931
1 832673821
3
2
3
2
1 1888310397
1 4214699256
2
2
3
1 798078838
1 3528033948
1 2137201426
2
1 1964955606
1 133235587
2
1 2909414908
1 1135506617
2
2
2
3
3
2
1 4274194530
3
2
2
1 3362777027
1 4251345347
1 495455352
2
3
2
2
2
1 1566578744
1 2081081013
3
2
2
1 2612380890
1 3893836013
1 4177840599
2
2
1 2470891732
1 1008790158
2
2
2
1 3285875108
2
1 2269395190
2
1 2609305077
3
2
1 945526097
3
2
1 1874422353
2
1 1667769667
1 2335920400
2
3
1 477986128
1 126412343
1 1154804387
2
2
2
1 3473001195
1 782327685
3
1 4177387767
1 803497267
2
2
1 1352793418
2
1 186086512
1 4280243207
3
2
1 1725233043
1 1169866581
3
2
1 1456356156
1 583914811
1 84690198
1 3149904660
2
2
1 3502400907
2
1 2922610184
1 81420380
1 3308045284
2
2
1 2646293314
1 1919097434
2
1 2134084834
2
2
3
2
1 2643090329
2
2
1 1116170258
3
1 4202543160
2
1 1735960626
1 942417871
2
2
1 286566429
2
2
2
1 1813951572
2
2
2
1 867614883
2
2
1 3308600829
3
3
2
1 905607987
2
1 632518443
2
2
2
2
1 823881074
2
3
1 3230458215
2
3
1 1242947295
3
2
2
1 3027627927
1 3478655971
2
1 3158806508
2
1 4063407352
2
1 3973725426
1 1559936
1 3420718924
2
2
2
1 2046705986
2
2
2
1 853538187
2
2
3
2
2
1 2900134530
2
1 2579570345
3
3
1 2783838977
1 4107178414
2
1 18475045
2
3
1 3288579998
1 1786756232
3
1 4188703296
2
2
2
1 3652737127
3
1 3336828904
1 2055966878
2
1 2535660052
2
2
1 3144342318
3
1 3106536674
2
2
2
2
1 2452997549
1 805100066
3
2
2
2
1 2774562362
2
1 3660097651
2
2
2
1 2922441747
1 3561018214
1 4192620537
2
3
1 582392658
2
3
2
1 3072630449
1 3648822677
2
2
1 3333735968
2
3
2
1 3670586217
2
2
2
1 3292807664
1 2246997062
1 573485147
3
1 3068099412
1 3020888592
2
1 3074482407
1 2765244693
1 2826060485
2
1 1166037281
3
1 2892874925
2
1 1483591598
3
1 876251749
3
2
2
2
2
2
3
2
1 1017773403
3
3
3
1 721641721
1 2533871013
3
1 1972616840
3
1 3471156447
2
1 1655830062
2
3
2
1 722747986
2
2
1 3087891441
2
1 2724157366
2
2
3
2
1 3290287138
3
1 1182768227
1 1239889906
3
3
2
2
2
2
1 4169499747
1 2360798094
2
1 3534304568
2
1 2330392603
1 3065353125
2
3
3
2
1 1528645273
1 613210124
1 2851600148
1 827726140
1 3673009107
1 3936035901
1 369759469
1 1838643470
2
3
2
1 2582367933
2
1 343434352
2
2
2
2
1 2752487537
1 435335884
2
2
1 705039868
3
2
2
1 2641021330
2
1 2849801366
2
1 3142632313
1 1001886547
2
1 3247120343
1 3005031082
2
1 84316231
1 4181710228
1 3194981579
1 3339051220
1 505326418
2
2
2
3
1 1030956417
1 3006250227
1 1430521699
1 2722431379
1 2221004540
2
1 131622207
1 969940563
1 2003484600
1 948566017
2
2
1 259951053
2
2
2
1 4006803581
1 2258610695
3
1 1391574724
2
2
2
1 2708530859
2
1 3734393308
2
3
2
3
2
1 1479981352
2
1 2915828940
1 1834683873
1 373700324
1 3534677213
3
3
1 3001240947
1 2950831744
1 2859281705
3
2
2
2
2
2
2
1 2857569872
1 1010347779
2
1 1878516532
2
3
2
2
2
1 186087170
1 1885808128
2
1 50612747
2
2
3
3
3
1 2753075912
1 1155941698
2
1 1011757423
2
3
1 2660630974
1 1750995316
1 1763732494
2
2
1 2322585941
1 1343941976
2
2
3
2
3
2
1 968311568
2
2
2
1 714481249
2
3
2
2
2
1 2322682413
2
1 1596443323
1 2351401684
2
1 2412387000
2
2
2
2
3
1 2181747121
3
2
1 941146324
2
2
3
1 3333133354
2
2
1 737383646
2
1 3178826334
1 1165427181
3
2
2
2
2
2
2
1 3605829157
1 1719239141
1 622720783
2
1 2779655370
1 1222997149
1 1745971952
1 3740676518
2
1 2529101149
2
1 1069293557
2
2
2
1 3341067751
2
2
3
1 3355111024
2
1 1792674814
1 1532153458
1 2963494627
3
2
1 1885524321
1 770929981
2
1 2837989792
1 1154927631
2
1 2254351646
2
2
2
2
3
1 1753668624
1 319166055
2
1 590013584
1 2723397213
2
3
1 3004645455
2
1 1818288961
1 3041796516
2
2
2
2
1 3241645841
1 3502707538
1 468398372
1 1906283345
1 2244400455
2
2
1 3725257249
2
1 1309538451
1 3972180310
2
2
1 2813472108
1 1825116235
2
2
1 902746529
3
1 3689894993
3
1 2011630081
2
2
2
3
1 578566861
2
1 2721768456
3
3
3
2
2
1 2914272134
1 1538631549
3
2
1 321287110
1 3638891443
2
2
2
2
1 1899126197
1 2323757952
3
2
1 3061472455
1 2910528666
2
1 3825730208
1 1175398908
2
1 2649474582
2
2
1 2978251203
1 1896494638
1 1720881069
2
2
1 2115000348
1 681770085
1 3067720951
1 2400617796
2
1 717730887
3
1 3907436416
1 3083391473
1 1626600955
1 1470860298
2
2
2
2
2
2
2
2
1 2071065843
2
1 3943664986
2
1 240869426
3
1 4053442742
2
2
3
3
2
2
3
2
2
3
2
2
3
3
2
2
1 1727857308
1 530473124
1 94115218
2
1 2938996452
2
3
3
1 2484479606
1 3024293593
2
1 1731458495
1 3673211031
2
1 3875873251
1 1850115993
1 1437970816
1 1726200324
1 2773017465
2
3
2
2
1 1578223747
2
2
1 3089438254
1 2158039471
3
2
1 3112131265
1 2200479446
2
1 1114534260
3
3
1 1937111014
2
2
1 2752485488
3
2
2
2
3
1 3483821869
1 2937785082
3
2
2
3
2
2
2
2
1 1474065928
3
1 4144892540
1 3218793561
1 2789036510
1 2928938783
2
2
2
1 434042862
2
1 2179776666
2
2
2
2
2
2
1 3539149414
2
2
1 1672508756
1 993475557
2
2
2
3
3
2
2
2
1 3374391275
2
2
1 2921746326
1 1002133913
2
2
2
3
3
2
3
2
1 1774112635
2
1 519240718
2
2
3
1 380403669
1 1364576078
1 112678137
1 207222084
2
1 1114343833
1 1646038816
2
2
2
1 137150837
2
1 2438037425
1 959449842
3
3
3
1 16394370
1 2454895264
2
3
2
3
3
2
1 4041359093
3
2
1 3500313875
2
2
2
2
2
2
3
1 2877465043
2
2
1 2060569570
1 1710485799
2
1 124940452
2
3
1 1419975215
1 3883251644
3
2
2
2
1 481923593
1 2726227110
2
1 407019197
2
2
1 1133015255
1 922322637
3
3
1 1063149598
3
3
1 3724526948
2
3
2
1 3579147352
2
1 1452174184
2
1 2990320988
1 478468038
1 3060843983
2
3
2
1 3687932565
2
2
1 1576528644
3
3
3
2
1 4165810741
3
1 2956971771
1 4188007167
2
1 2536984945
2
1 3377093898
1 508689755
3
2
1 2463966019
2
2
1 2557211808
1 2454111142
2
3
2
2
3
1 2954458178
2
2
3
2
2
1 1213740704
2
2
3
2
1 3277480715
1 3707911718
3
3
1 1558207912
1 3213957478
2
2
2
3
1 603900615
2
2
3
2
1 1331811789
1 344117149
1 2708714745
1 3021290053
2
2
2
2
3
2
2
1 2102919187
2
2
2
3
2
2
3
1 514630377
3
1 3465645274
1 101547301
2
3
1 3480176419
1 3034668628
1 1598605985
1 1082762287
2
3
2
1 2674026933
2
1 1442194064
1 1286563866
1 2885055137
3
3
2
2
2
2
2
2
2
2
1 1889122134
2
2
2
2
2
2
2
2
3
1 3566641877
1 532813318
2
1 1542448612
2
2
2
2
1 2558605248
2
2
2
1 313495853
3
1 3148558383
1 1526660979
2
2
2
1 2364997901
1 2827344896
2
2
3
2
1 2579752016
1 4088307135
2
2
3
2
1 1354740407
1 296530442
1 3057890312
1 349178425
2
2
1 2937739360
1 3910093569
2
2
2
1 726852009
2
2
2
2
3
3
1 2755327739
1 505021658
2
2
2
2
2
1 351423926
1 85175116
2
1 2969660955
2
2
1 327193168
1 604948218
2
3
2
3
3
2
2
2
2
2
1 1222063871
2
1 2140946798
1 3269251122
1 1055730677
1 394402613
2
1 390388794
1 82118016
2
3
1 1057485605
3
2
1 3999895890
1 1760566232
2
3
3
1 4286270683
2
1 371039734
1 2251121240
2
1 1185099981
3
2
1 273965024
1 3136696770
1 106631104
3
1 2513619134
3
2
2
1 498073537
1 1252552056
3
2
2
2
2
1 1083879843
1 3892743052
2
2
1 2497448957
2
3
1 4232847337
2
2
1 3017892476
1 4236545750
2
1 781173514
2
2
2
2
1 2628098464
1 401705307
2
1 3169571389
2
1 3316924849
3
1 3114743713
1 3507467306
2
1 2189102361
3
2
1 3575122300
2
1 2608638264
1 3616659933
1 173776902
3
2
2
2
1 1450458518
1 3039740042
3
3
1 3513816621
1 2365175852
3
2
1 2443240149
1 3375529661
1 1942501735
1 1669063693
2
3
2
1 3896511197
2
1 4242394950
1 1136673452
2
2
2
1 2391617196
3
2
2
1 2372349952
2
2
1 1803816644
2
2
1 2237463666
3
1 2996701495
2
2
2
2
2
1 152981872
2
1 1404111248
1 1178918440
3
2
1 1467687070
1 2788147486
2
1 1559220625
2
2
3
1 4140876560
2
1 954410092
2
2
2
2
2
1 3968108130
1 1843399888
2
1 4169867232
1 1114658262
1 1953091681
1 3882606924
3
1 2028639871
1 448288225
2
2
2
1 1329511334
2
2
2
3
1 1160211534
2
1 935992661
3
1 3910218226
3
2
2
2
2
1 4285838230
3
2
3
1 1339687247
2
1 967084060
2
1 2377420675
2
1 3713049753
2
3
2
1 1699204566
3
2
2
1 3831585156
3
3
3
3
1 791851821
2
3
2
3
2
1 2691099727
1 3716657785
1 2785236402
1 3436333292
2
3
2
1 2324701881
2
1 3556539456
1 1960725505
2
3
3
2
3
2
2
2
1 2679806326
2
2
3
1 1669134464
3
3
2
2
1 2573415765
1 101316125
2
2
1 3458402423
2
1 203596759
1 508187647
2
1 3308828909
1 3213858099
1 1756447898
2
1 3337897988
2
1 2503967993
2
3
2
1 3588753589
2
1 3653143509
1 733880463
2
3
2
1 1126064894
3
3
1 122870803
2
2
2
1 3749640347
1 1899050229
2
2
2
1 2053117262
1 1491613583
2
1 3799121895
2
2
2
1 296077148
1 3620527929
3
1 4114259499
3
2
1 3789751023
2
2
2
1 526032979
2
2
2
2
2
2
3
1 461241214
1 179290351
1 237484880
1 724710631
1 3187059614
1 2046353410
2
2
1 3788727466
2
2
2
2
1 2704866088
1 2330618167
1 1970612345
1 2609371583
2
2
1 4143744649
1 265913823
1 2393709758
1 3951986558
1 127835162
1 1363903398
2
2
1 3054937315
2
3
2
3
2
2
2
2
3
3
2
2
2
1 3728152687
1 1437233606
2
2
2
2
1 590705198
1 2197636160
1 3768382571
2
2
3
1 1370091590
3
1 1188818530
2
1 2276913429
2
1 2670046383
1 3456368137
2
1 3953167091
1 417149641
1 2377136818
1 1530062180
3
1 3667878228
2
3
1 1164456202
3
2
3
1 100857699
2
1 3286496686
1 2531443826
3
2
2
1 2835417029
2
2
1 1564524678
3
2
2
3
3
1 2472479080
1 2667027992
2
1 121222308
2
1 3588706664
1 2707437793
2
2
1 2689944943
3
2
2
1 1703997210
2
2
1 2175610462
2
2
2
2
1 2370892669
3
1 1800062368
1 1200544725
3
2
1 3955896172
2
2
1 2512886857
2
1 2014754606
1 2675485497
2
1 3546112683
2
3
2
2
1 3335532994
2
2
1 2198099397
2
2
1 147829842
2
2
1 1196107250
1 1509963698
2
2
1 2958915759
1 2519337059
1 3008597772
2
2
2
2
3
3
1 95964026
2
2
1 2515457592
1 4137527490
2
1 3123256555
3
2
1 1124843957
1 1072963214
2
2
1 3843094921
2
2
1 838025304
1 3368844331
2
1 3358266694
1 3904223857
2
2
2
1 1427421412
2
2
3
2
2
1 2553060386
2
3
2
2
2
3
3
3
1 4100830212
2
2
3
1 531419216
2
3
1 2773328141
3
3
1 3979387774
2
3
2
2
3
1 1247748867
1 2575001437
3
2
1 3881034304
2
1 2580309189
1 201320894
1 1805258313
2
3
2
2
3
2
1 4060590701
1 1090113275
2
1 3018795740
3
2
3
1 3529897315
3
3
1 3163835616
1 2759854897
1 3406598464
3
1 1444258659
2
2
2
1 213289298
3
2
2
2
3
1 2113450287
2
1 3370014569
2
1 3304831585
2
2
3
3
1 1019679150
2
1 2042058421
2
3
2
2
3
2
2
1 1970222931
1 1525616404
1 697631660
2
2
1 801644324
1 2253343196
2
2
1 4103317289
2
1 3001395501
1 3753978329
2
1 3986375135
2
2
2
2
2
1 3480374339
2
2
2
2
2
2
1 349379317
1 867457072
2
2
1 805889687
1 1480755422
1 4156750407
2
3
1 1100197227
1 3049651543
3
3
1 608638729
1 2637319367
1 2286123610
2
2
2
1 3132136491
1 4158004821
2
2
1 1551424029
2
1 410703697
2
1 628234529
2
3
1 431230771
2
2
1 33354131
1 3777218345
2
1 436658189
1 117080752
3
1 2383049751
1 250589145
2
1 1251513536
2
1 238552561
2
2
1 1890489495
3
1 459719069
1 2350470399
2
1 4217669778
2
2
1 623207357
3
1 533864276
2
3
1 2090806997
2
1 958506578
2
1 3882516014
1 3276147734
2
2
2
1 360307615
2
1 2423197382
1 3853120861
1 3143492686
1 3943717446
2
1 3973671630
3
2
2
3
3
1 1287909228
1 2707168769
1 2720372275
1 3975428171
2
2
2
2
2
1 3064119235
2
2
1 3443101159
2
2
2
2
3
2
2
1 1876038783
2
2
1 2264495385
1 2425572237
3
2
1 3632633337
2
2
2
2
1 4076242144
1 2845967858
3
3
1 110965081
2
2
1 1354280869
3
1 3296969234
1 1655084888
2
1 2750834034
1 2586712316
1 1586982943
3
1 3869330532
2
2
1 759611702
3
3
2
1 4238598330
1 2873626529
2
3
2
1 533311693
1 3064090365
1 1724586469
2
3
1 856010422
1 718198656
3
1 146142067
3
2
2
2
2
3
1 2586546438
1 3256691008
2
2
3
1 1908630947
2
1 4009703453
1 2581678133
2
3
1 1949581892
1 2406512039
3
3
2
2
2
1 115922031
2
2
2
2
2
3
2
1 3952278084
3
1 2659411088
2
3
2
1 3026255088
2
2
1 3814441440
3
2
2
3
2
2
3
1 652758755
1 1496471344
2
2
3
2
1 3842626657
1 131183509
2
2
1 871367870
1 183448953
1 3754037228
2
1 2615048381
2
2
2
2
3
2
2
3
2
1 3347889610
2
2
1 724891851
2
1 2711193674
1 341571714
1 3070174213
2
3
1 1983317768
2
2
1 1763152897
3
2
2
3
3
2
2
1 3207999221
2
2
2
1 140089117
1 2683824920
1 3250510789
2
1 708597252
2
2
2
2
2
1 3435592570
1 3788498595
2
1 3672459641
2
2
1 278753577
2
2
2
2
1 605719565
1 1889915557
1 254352497
2
2
2
1 3125772990
2
2
1 2122706106
3
1 2392517801
2
2
1 861485536
2
1 2679446074
2
2
2
3
1 4064932671
3
3
2
1 2975634974
2
1 2483375389
2
2
3
3
2
2
3
2
2
2
2
1 1871197607
2
1 4062599446
3
3
2
1 2870577269
1 1901115838
3
1 2760627331
2
3
2
1 2057753581
3
2
1 2586241271
1 3120330867
3
1 149980903
3
2
1 2219050702
1 3445494834
2
2
2
1 2865269394
1 803854439
2
2
2
2
3
2
2
1 2964644764
2
2
1 2252112059
1 1425410141
1 4167000930
1 3899490177
2
2
1 905674013
2
3
2
1 164308985
2
1 460463408
1 3614409166
2
2
2
2
3
2
2
2
3
3
1 1698347190
2
1 3993745684
2
1 1546848367
3
3
1 559874901
3
1 969519366
2
2
1 907100389
3
2
2
1 3005733394
2
2
2
3
3
2
1 3069418936
1 3896015069
1 1811742823
1 124359971
2
1 1080819809
1 1236754799
2
2
2
3
1 1693249453
3
1 835941803
2
2
1 1004406854
2
2
1 3398669753
1 3186844411
3
2
2
2
2
2
2
1 2710848278
3
1 2812022460
3
2
2
2
2
1 2938740168
2
1 1187423548
1 3686545947
2
3
1 2709205787
3
2
1 1366621948
2
1 3861705876
1 380803540
1 2257724247
1 1007304186
3
1 2326438334
1 2058521762
2
2
2
2
1 1329983735
2
1 1736409891
1 2570874333
1 2210580491
1 1652500831
2
1 737750706
1 2651310529
1 1402382076
1 108387231
1 2346485376
1 4042350528
1 969459409
1 2131185019
2
1 472676988
1 37642378
2
1 2371193182
1 3645792838
3
2
1 3437821404
1 1351245319
2
1 216535822
1 3105233659
2
3
1 272117841
1 3859415447
2
1 1630722356
1 2399454499
3
2
1 3297785559
1 2695172496
1 4258878626
2
2
2
1 663592871
2
1 4164682632
1 1476524277
1 1862015573
1 536077931
1 850786628
1 2978793442
1 2858829029
1 2216405407
3
3
2
2
1 3519234310
1 258446182
2
2
2
2
1 764695612
1 1957977163
1 3718945426
1 2565270453
2
3
1 3251115207
2
2
1 3250266302
2
2
2
3
1 1866580123
2
2
3
3
2
3
1 2306089399
2
2
1 1879546452
1 165032566
1 338945144
1 29333977
3
2
1 2747619520
2
1 634025729
2
2
3
1 1926839297
3
1 3046480584
3
1 609411042
2
1 3496823904
1 3524690561
1 1184787814
3
1 3506802125
1 2984334626
2
1 3381302989
2
2
1 390404988
2
1 653837869
1 4157274407
2
3
2
2
1 3116023702
1 3334315367
3
3
2
1 3084809158
2
1 428179802
2
2
2
1 1713091697
1 3122650756
3
3
2
2
2
1 2588586915
2
3
2
2
2
1 2572625492
2
2
2
1 3803405715
1 4187864938
1 238326041
2
3
2
1 3408886810
1 538835004
1 3719193506
1 3953249707
3
3
3
1 4080064578
3
3
1 216752482
1 3021478942
3
2
2
2
3
2
3
1 2672692918
3
1 4001866010
1 2372782190
1 1005662673
1 3964666076
1 915987107
1 2080160043
1 2274931433
1 4102441767
2
1 2245364599
2
3
1 2989987864
2
2
3
1 3210882350
2
2
2
2
2
1 1757985484
2
2
1 139854241
1 258899271
2
2
1 1709763880
1 2137460335
2
1 2591829642
1 3602486758
2
2
1 1582234529
2
1 4168101854
2
1 791231013
3
3
2
1 2842863029
2
2
3
1 794993857
3
2
1 2820835910
2
2
2
2
1 2003428828
2
3
1 747635428
1 2939794336
1 2187245447
2
2
1 3418335526
2
3
2
1 531448637
2
3
1 1211186369
2
1 930556617
2
2
2
2
1 802170443
2
3
1 1444482430
2
3
1 1955146005
1 2503353916
1 218846829
2
2
1 942970755
2
2
1 2102535472
2
2
2
2
1 197872756
2
1 3910673405
2
3
2
1 3555670221
2
1 225452000
2
3
2
2
3
1 2479545407
2
3
3
1 2301450049
1 132157125
1 2061815753
1 1868947221
1 3549284065
1 3328649090
2
1 1045025410
2
2
2
1 2167514763
1 509985834
2
2
1 3332806481
2
2
1 1479746788
3
3
2
2
1 891859425
1 1545026199
1 3971693744
2
2
1 3404554688
3
2
1 3091837715
1 1310387893
2
3
2
1 1637576322
3
2
1 1076107845
1 1612871173
2
2
1 1633920819
1 2168963598
2
2
2
2
2
3
2
2
3
1 2120096672
1 773285167
1 1430684024
2
1 2560879704
2
2
3
1 4005407280
1 100522587
1 248970136
1 2868744156
2
1 1631112024
1 69732535
1 1055234458
1 45746315
2
2
2
2
1 1951557131
2
1 1975119367
2
2
1 603650246
1 2812588511
1 3725031481
1 1675577422
3
2
2
2
2
1 210820877
2
1 3372527969
2
1 2296428165
1 4004736244
1 699186385
1 1223863655
3
1 3853637619
2
3
2
1 647405240
1 3085104382
2
3
3
1 2494261652
1 1708261385
1 3061162438
2
1 889067909
2
2
2
2
3
1 947345152
2
1 1039231515
2
3
1 3972941273
2
2
2
1 1947336459
1 2522377000
2
1 2164597291
3
2
3
2
2
1 2019136839
3
2
1 3151654635
2
2
2
3
1 453244009
2
2
3
2
1 2668135007
1 1314261410
3
1 2936785394
3
3
2
1 768067692
3
2
1 2315639341
1 942222313
2
1 3036415247
3
1 330504895
1 4162232864
2
1 2785270633
2
2
2
1 3525989485
2
2
2
1 103255022
2
3
1 2900123088
2
2
3
2
1 1608003476
1 3901305088
1 622398209
2
1 2153164497
2
2
2
3
2
1 1082222653
3
1 226415574
3
1 3392341965
2
1 1915126264
1 1171470350
3
3
1 3834056177
2
2
2
1 1753019015
2
3
2
2
2
1 4046296348
2
2
3
1 2997517927
2
2
2
1 3262872383
3
1 3349135075
1 1797771224
3
2
2
3
2
1 3573631399
2
2
1 241918398
3
1 910853137
1 1291613440
2
1 1671314700
1 3498132888
1 3489829839
2
2
3
2
2
3
1 3781788809
2
2
2
1 3799978196
1 1115176892
1 902897117
2
2
2
1 3532948910
2
3
3
1 2581572880
2
3
2
2
2
2
3
3
2
2
1 2535358104
2
2
2
1 3961861566
1 1407177465
1 4128963768
3
1 4113517277
3
3
2
2
1 2300405689
2
3
2
1 1421181221
1 2653063250
2
2
2
2
3
2
2
2
1 2192589837
2
3
2
1 1377302273
1 297571467
1 286006637
2
2
1 3033385583
2
2
2
2
2
2
1 2928012701
1 233221381
3
2
1 1586912772
2
2
1 3589678678
2
2
2
3
1 1402355528
1 835507206
1 1243049653
1 2993080087
2
1 1547219694
2
3
2
1 3880792429
1 1635248493
1 2677595289
2
3
1 3562530388
2
3
1 1163992928
2
1 977966768
1 4176088446
1 2911802563
1 1862373147
2
1 578249078
2
2
1 3349261033
2
2
2
1 665336715
2
2
1 1034408996
2
2
2
1 3688257996
2
1 1941700403
2
2
1 1952500683
1 3226197808
1 2730357830
3
2
2
2
2
3
1 2857251762
2
1 421640334
2
2
2
2
2
3
2
1 1773540573
2
1 1139787002
3
1 1972506440
1 1427586437
2
1 1825801710
2
2
2
2
2
1 69746198
1 3816591588
1 1325364296
2
1 3300083714
2
2
2
1 1417624734
3
2
1 4090733319
2
2
1 2383546229
2
1 1034116666
2
1 1607127532
2
2
2
1 3015069687
2
3
1 1653457445
2
1 3607095250
3
3
2
2
2
1 2992057554
1 2177074205
1 4264768211
2
2
1 4042794269
3
1 1000591244
2
2
1 710201609
3
2
2
3
2
1 1698348004
2
1 2609550038
2
1 975425098
1 3192170308
3
2
2
1 2748969891
2
3
2
1 4144251961
2
3
2
2
1 923030732
1 1918564596
1 771315370
1 61782039
1 2652493490
1 2273782952
2
3
2
1 2856625672
2
2
1 4219518948
1 3198718552
2
1 3583357690
3
1 3035023054
2
1 4162320912
2
2
2
1 3674701274
1 3772854042
1 3896399134
2
2
2
1 674724641
2
2
2
2
1 2720246258
1 2431532707
1 4243865698
1 4076406693
1 307709495
2
1 1676239275
2
3
2
1 2450992089
2
2
1 1774976033
1 3518959837
2
3
2
1 2940327578
1 2105428908
1 957383334
2
3
2
1 1748213854
1 2829677173
1 1156299802
1 3009556272
2
2
3
2
1 2665581378
3
3
3
2
1 965949960
2
3
1 568144260
2
3
1 2082997684
1 1981700980
2
2
2
1 849226468
1 3568962596
3
2
3
3
2
1 3341980146
2
2
2
2
1 612455328
3
3
2
1 3184993993
2
2
1 1096849249
1 790371368
2
1 1162661373
2
3
1 526263856
3
3
2
1 167868746
1 1417708254
1 2509659450
1 3658354193
1 479923768
2
3
2
1 727751291
1 3743350272
2
3
2
1 3759696951
1 1202605976
1 426838548
2
1 3542306307
3
1 3248301908
1 3396172381
2
3
3
1 3205470936
2
1 634140618
2
2
2
3
1 3519138167
2
1 1406332591
3
2
2
2
2
1 4017713697
1 3396764259
1 3412984796
3
1 4285122584
3
2
2
2
1 820420927
3
2
1 2780182434
2
1 1816068915
1 1964581385
2
1 3615573069
2
1 3947912732
1 1799423249
2
3
1 4159047107
2
1 3273346672
1 324655815
2
2
1 3270526517
1 2620128351
1 1232207141
1 3161624372
2
2
1 558280273
1 3148987537
2
1 667437976
1 3846946404
1 2695007809
2
2
1 3029312775
1 537618985
3
1 931045823
3
1 3125257142
1 575084967
2
3
2
1 1273657166
2
1 4016134553
2
2
1 1793805754
2
2
2
1 3459993283
1 2573194585
1 3000284989
1 3034056392
2
2
2
3
1 3612739893
2
2
2
2
2
2
2
1 1446605372
1 3761447274
2
2
1 1078965215
2
1 1960736336
1 1233227458
2
1 495161552
1 3637533257
3
3
1 2792458042
1 4136265104
3
1 2220282483
2
2
2
3
3
1 945795213
2
2
3
3
3
2
2
2
1 3622873668
3
3
2
1 2586065019
3
1 152403255
2
1 2713866822
1 1822592314
1 2538447836
2
1 1136884473
2
2
2
2
3
1 3351456007
2
2
1 1361450204
1 3791416143
2
1 781285628
1 4128394573
2
3
1 178576967
2
1 3199640757
1 850173113
2
1 3380318148
1 3338266119
2
1 2319130749
2
1 2063541013
1 2045502608
3
1 3156343119
1 3150751553
1 273292278
1 2607497185
2
2
3
1 2016143696
1 2903185635
2
1 886277396
2
1 1099741941
1 868793037
3
2
1 1458277102
1 3557599117
1 1711019967
1 1644425069
1 2883685604
1 2209799063
1 3103866376
2
1 321955694
1 1378225104
2
2
2
2
2
1 3524785625
1 1039022576
1 4105285890
3
2
1 2763458206
2
1 2587405378
1 1379864966
1 3954557295
1 571875086
2
2
2
1 2120445297
1 4230900845
2
1 3095983819
1 2275949852
1 3018039176
1 2843950038
2
1 2984446701
1 3387847646
1 3072286459
2
2
2
2
2
1 915678910
1 1805151689
3
1 1894680401
2
2
1 3098701435
3
2
2
2
2
1 1541459036
2
3
2
1 1634426629
2
2
2
2
2
1 602899644
2
2
2
1 4006624869
2
2
1 3643874728
1 2200777163
1 3696212473
2
3
3
1 2739664132
3
3
2
1 2046563221
3
2
2
2
1 3078596132
3
1 1316779661
2
2
2
1 721679959
2
2
1 871136557
2
2
3
3
2
2
1 3038428402
1 286170593
2
3
2
2
2
2
2
3
1 4149995999
2
1 1270272426
3
2
1 2531839742
2
2
3
2
2
2
2
3
1 170689164
1 3982649954
1 3436890888
1 3241312297
2
1 2181781747
1 508475504
1 748269527
2
3
1 4017558205
1 994381969
1 318247091
2
2
1 295028665
2
1 324529092
2
2
1 728853928
1 4028842423
2
1 2488914669
2
2
2
3
2
1 1560400512
1 3235220620
2
2
1 1107672542
1 3015534150
3
2
2
1 3627624721
2
2
2
1 2733558722
1 3696755777
3
2
1 3709165242
2
2
1 1035333129
1 3714930736
1 2936862750
3
2
2
1 875874661
1 850594122
2
2
2
2
2
2
1 1141434095
1 2861919557
1 2615615116
2
1 3338608846
1 562067396
2
2
1 2570045807
1 1629793721
2
1 47361463
1 17947824
1 568356087
2
3
3
2
3
2
2
2
2
1 2857590033
1 1664306193
2
2
3
1 3362390982
1 4171570514
2
2
3
3
1 3021297048
2
3
3
3
1 2935184264
3
1 3107550924
1 4291305105
3
2
1 2531374485
3
1 1455509037
2
2
1 3028029394
2
2
1 1148848105
3
2
2
1 1421604541
2
2
2
1 3918077097
1 3432482448
1 3993158549
1 370021269
2
2
2
1 3805992873
1 903914761
1 3428669802
1 64765576
2
1 1834802921
2
2
2
2
3
2
1 81602894
1 102878791
2
2
2
1 2535964084
3
1 395338962
1 2373099288
2
1 941164365
3
1 3845672257
2
1 4276071983
1 2272937556
2
2
2
1 2309799993
2
2
2
2
2
2
1 3507412314
3
1 4143957989
1 270878598
1 3270591344
1 1446835631
2
1 3250482753
2
1 3517369211
1 1336327501
2
2
1 3430102786
2
2
2
3
1 1496211594
3
1 2397243560
3
2
1 4202241132
2
2
2
2
1 913246646
3
1 2285493073
1 806386180
2
3
2
2
3
1 2119912504
3
1 1919767930
2
1 2644452618
2
1 931629089
1 3534355801
2
3
1 1927542133
2
1 4090181934
3
1 927924789
1 3510840673
1 610708416
2
2
3
1 1956381971
3
2
1 349696874
3
1 3903663009
1 438624728
1 117078997
2
1 3914720218
3
3
1 2437753829
1 3921407271
1 2545326354
3
3
2
1 1674590756
1 2276972717
2
3
2
2
2
1 3095285106
1 845261852
2
2
2
2
2
2
3
1 4143288802
3
2
2
2
2
3
2
2
1 3823905218
2
1 3054557558
1 1907538561
2
2
1 1573278486
3
2
2
1 2985797044
1 2379878610
2
1 122894134
1 2014901986
1 3373038279
1 483153143
2
1 2637155042
2
3
1 3576278943
1 1428682682
1 2864435796
1 985233069
2
2
1 2651578562
2
2
1 1443506803
2
2
2
3
2
1 2055803957
1 3062643995
2
1 1304785283
1 829770712
3
2
2
2
1 3757509732
3
1 3527800604
1 3717714771
1 2401712186
1 2795806823
2
3
2
1 1537707690
1 1480450622
2
1 1807785220
1 199021987
2
2
1 2404160268
1 2086127739
3
2
2
2
1 163459218
3
2
1 960032944
3
2
2
3
2
1 2545387528
2
1 997421183
2
2
1 2269424482
3
2
2
3
2
3
1 604216259
3
3
1 955829433
1 4078883107
1 3586242033
1 2869267067
1 138256138
2
2
3
3
1 3825181030
1 1678537015
1 3835166316
1 3714855614
1 2738573960
1 1935685445
1 3195486369
2
1 2598041726
1 2096423531
1 1645503489
1 962527771
1 2699777872
2
2
1 1392338908
1 1213612309
2
1 1095090411
1 793932197
3
2
3
2
2
1 3784042640
2
2
2
2
3
1 2887646669
1 719623685
2
2
3
2
2
3
1 520742205
2
1 4251605986
1 2421873093
2
2
2
1 4240990449
1 1190723575
2
2
1 3675980220
1 3438605390
3
2
2
2
1 1934160207
2
1 3920667595
3
1 3494444022
1 3207313596
2
2
1 3880209677
1 108679245
2
3
2
2
1 4079641293
3
2
3
2
3
1 1393402186
3
2
3
1 811008821
1 3793058572
1 51790683
2
3
3
3
3
1 2505137007
3
2
2
3
2
1 4202624430
1 611189141
3
2
1 2723040568
1 3571504283
3
1 1521984679
3
2
3
1 2714919671
2
3
1 42106957
2
1 797267979
1 666431717
1 396944406
1 3154498345
2
3
1 3818418962
2
2
2
1 2674973301
2
3
2
1 2814139843
1 1235218547
2
2
1 839211882
1 4104928145
1 915907204
1 448987357
2
1 1855362897
1 2548841311
1 4228009659
2
3
1 2182256456
1 2039167699
1 2278979790
3
1 1861111805
1 3289046862
2
3
2
2
2
2
2
2
3
2
2
3
1 1512108370
2
2
2
2
1 2838114735
1 2962112419
2
1 1083385926
1 580107155
2
2
1 2648998312
2
3
2
3
1 1769685775
2
2
1 3534532748
1 1886360841
1 2969722073
2
3
1 1405970890
1 1406231158
3
1 3770811657
1 707067720
1 1367885294
2
1 5938793
2
3
2
2
1 3069176497
1 3889793913
2
2
2
2
3
2
2
1 3851318710
2
3
1 18565756
3
1 4040442593
2
1 4057564436
2
2
1 3147900639
1 2665723426
2
2
1 211316841
2
2
2
2
3
2
1 3232008205
2
1 1635672359
3
1 2186909806
1 3583874897
2
1 3902239598
1 3142734861
1 301981908
1 169437600
2
2
1 4158195893
2
1 3763794429
2
1 3096032103
1 1431635178
1 2834927013
2
2
1 792932990
1 3023243270
2
3
2
1 2383713005
1 2347304942
3
2
2
2
1 81073961
1 2697031503
1 61456648
1 2085316466
1 131631098
1 3780067704
3
2
1 2688405727
3
1 4288257913
2
1 1306161569
3
1 3370849247
1 2884665681
1 1428855295
2
2
1 3538831621
2
1 932010180
1 3058180095
1 171082230
2
1 854074566
1 1215653676
3
1 1943364886
3
2
2
2
2
3
3
2
2
3
2
1 1578926302
1 4099836338
2
3
1 290243933
3
2
1 2773797070
1 560337077
1 711613346
2
2
2
1 4043138714
2
3
1 3883920059
2
3
1 1913599872
1 2319262303
1 3151615902
3
2
2
2
1 2408703425
1 2013580728
3
1 1054967333
2
2
1 1264487795
2
1 1490189285
3
1 4158210996
1 4240933026
2
1 2153650229
2
1 4179993561
3
1 3106732204
3
3
2
2
1 2481856349
2
2
1 1205984697
1 1903847649
2
1 2326379556
2
3
2
2
1 4214400126
1 1349164981
2
3
1 1069050190
2
3
2
2
2
1 3999904776
1 431813568
2
2
2
3
1 2850896581
2
2
1 538039960
1 2905769708
1 1853064864
2
1 1740858295
1 336522451
1 439171266
3
2
2
1 1286035717
1 4167697622
2
2
2
2
2
2
2
2
1 4095582003
2
1 3208673231
1 3772091803
2
3
1 1593971374
2
3
1 4116831029
1 3271984460
1 1972897921
1 923873920
2
1 724537745
1 2337410621
2
2
2
2
1 13215082
3
3
3
1 2286345151
1 2029698996
2
3
2
1 1953574293
2
1 4003544817
2
1 2077749452
1 3027828542
3
1 951435403
1 1321550048
1 3692325834
2
2
2
2
2
1 3681338606
2
2
1 1173837678
1 226575426
2
2
3
2
1 937924580
1 2423685407
1 3684850885
2
1 1480900110
1 1722993465
2
1 985278329
2
2
1 2037889043
2
2
2
2
2
1 3639282744
2
2
2
1 830267506
1 1622874537
1 3182684667
3
1 963172543
2
1 911618987
1 1131043596
1 3662794536
1 3446249182
1 1406710513
1 3819146137
2
2
1 298274949
3
1 644643023
1 796336504
2
3
1 4149179982
1 3568313216
1 2604758774
2
2
2
3
2
1 3798695405
1 1835291484
2
2
3
2
2
1 2484587798
2
2
3
1 33866369
3
3
1 801507573
1 505964516
2
1 2483216333
1 2817777263
1 3671432741
2
2
3
1 2804045470
1 3121817475
1 2928376665
2
1 125280575
1 3389574546
1 609132097
2
2
1 208980084
3
3
1 745355043
1 2498152043
2
2
3
3
2
1 3812688154
2
2
2
3
1 1539555336
1 3267054511
1 907120623
2
1 1168852968
2
2
1 1421106188
1 3952992454
1 4041387966
1 3521289410
1 4024355009
1 879988930
1 2678060303
1 3812256112
1 1998839738
2
3
2
2
1 2059024565
1 352335696
2
2
1 692766379
1 4261688036
2
1 15487567
3
1 717017520
1 3779400474
2
2
2
2
1 2026547070
2
3
1 2153722067
1 3388271563
1 2215092103
1 580392565
2
3
1 341497704
2
1 3923824472
1 1987784806
1 590639403
2
1 1546891099
2
2
2
1 1548196949
2
2
3
1 3363108408
1 1226250007
1 4192760182
2
2
3
1 3073308128
1 1399412173
3
1 2872342148
2
2
2
1 8484703
1 985774335
3
1 3374468228
1 489799227
3
2
1 530969994
2
1 238717190
2
2
2
2
1 1534708446
3
2
2
1 3563125547
1 158939872
1 2939681877
3
2
2
1 1254846141
2
1 486812734
2
2
2
1 1502254486
1 771922525
2
2
1 4102102457
3
1 1112186282
1 790133475
1 336975398
2
1 2712190326
3
2
1 37201597
2
1 322875028
3
2
2
2
2
1 3240102216
1 3855630254
2
1 1897425746
2
2
1 2987650013
3
1 3539542311
1 3808063970
2
1 74137236
1 2289542558
2
1 1126797762
2
2
1 1332957861
2
1 280691837
3
1 1608832880
2
2
2
2
3
1 2068277795
2
2
2
1 1123156356
2
2
1 1348841918
1 1151993825
1 2115255483
1 2102004815
1 2117541204
2
3
2
3
1 3864213680
1 262050844
1 2719998573
2
3
2
1 79200065
1 3065237470
2
3
3
2
2
2
2
2
2
2
2
1 3413410690
1 2561932739
2
2
2
1 1887630055
2
2
1 4110313201
2
1 1954247019
3
1 2878544705
2
1 1543057918
2
3
1 3799006174
2
3
1 3475632514
1 988693506
1 3485889195
1 3221539474
3
1 389873451
1 2882818940
1 780644628
1 3814797201
3
2
2
1 672602362
2
1 3209810784
2
2
3
1 3744787764
2
3
1 184739857
3
3
2
1 1386215414
1 3245161445
1 1583154971
2
3
1 1776671708
1 3166267381
3
2
1 3029987519
1 1792319682
1 1586288013
2
2
2
2
3
3
2
3
2
2
3
1 628940221
2
1 1156438537
1 2001448708
2
3
1 706999276
2
1 1056526354
3
1 935479994
1 2504247388
3
2
1 3387259964
1 1065850465
3
2
1 1395542347
2
2
1 238609975
1 92512553
3
1 1276223799
1 3820416042
1 1146910475
1 2813055124
2
1 2455929818
2
1 2142792607
1 3679903400
2
1 1227725559
1 2782524401
2
3
2
1 2991727276
2
2
2
1 1061590145
1 1517557435
2
1 1301533360
1 2146891432
2
1 3822143564
2
1 893542712
2
2
2
3
2
2
2
1 3185403103
2
1 662888830
2
2
2
3
1 148362055
1 210710535
2
1 1957954288
1 946116798
1 3700133969
2
1 2445900301
2
2
2
2
2
2
2
1 2466507914
2
2
1 241932842
2
1 2067670788
3
2
3
3
2
1 4147586175
3
2
2
2
2
1 1758754257
2
1 1627684870
2
2
1 141028064
2
2
1 1640382026
2
2
3
1 859144180
3
1 970814718
1 1676624992
1 1495030266
2
2
2
1 970950697
1 3862446079
1 3569125248
1 2363726396
2
2
1 3186152831
2
1 1037271595
2
2
1 1231727056
2
2
1 3071019207
3
2
2
3
2
1 1274261760
2
2
2
3
1 1098642062
2
1 1601699478
1 2869019662
2
1 1967117730
2
2
2
2
2
1 3499244669
1 1941639857
2
2
2
2
1 2563162184
2
1 545090097
2
3
1 1423835690
1 809624347
3
1 3030605851
1 4026670860
2
1 1225181113
2
2
2
2
1 1469770474
1 1793557733
3
1 1947039167
2
1 1791201151
1 2028941533
2
2
1 3645775637
2
1 2917508621
2
2
3
1 3675132526
1 3651283171
2
1 1427917002
3
1 3486580933
2
1 1288726972
2
2
1 1252982162
1 1511074301
1 954686122
1 3938443870
1 2420618873
2
1 2314500780
1 4071042311
3
2
2
2
1 1761331569
3
1 74507710
2
1 1179315465
3
1 156782751
2
2
1 2083637680
2
1 690421173
1 130579224
2
2
1 2662422420
2
2
1 919357776
1 2124051615
1 168947810
3
2
1 2646242995
2
2
2
3
2
1 2442825015
2
2
2
2
2
3
2
2
2
2
1 2042655509
1 3163738658
2
2
1 673185961
3
1 2983456973
1 1107008
2
2
2
2
2
2
2
2
2
3
2
2
2
1 1452021130
2
1 1533917300
2
2
3
2
1 3193833547
2
2
2
3
2
1 987189379
3
2
1 3521114121
1 1440439404
1 1767647646
1 3752399867
1 1670763298
2
1 2650384342
1 1920744765
2
2
1 3526817122
2
1 3743457918
2
2
1 189188140
2
2
3
2
1 203140359
1 3536855684
1 2863946323
2
1 511300913
2
2
1 1730288072
3
3
2
2
2
1 3701070422
2
2
2
2
2
2
1 4236000887
1 141785074
2
1 4195794320
1 3625136858
1 3540550409
1 2473218994
3
1 2335185823
3
1 1402662040
2
1 42388391
2
1 1860842472
2
1 1836968770
1 4019326603
3
2
3
3
3
1 309463544
3
3
1 2669611730
2
1 1960855488
1 3412519070
2
1 135897471
2
2
2
1 3018303630
1 875407355
1 2368397648
1 3753626387
1 500158507
1 846378391
1 3004251960
1 2569466374
2
1 1509190824
2
3
1 1469211870
2
1 1080614718
1 2340470014
1 1350366766
2
1 2938464229
3
1 190051697
3
1 434009532
2
1 2502497026
1 4149934089
1 3444384517
1 2677792857
3
2
3
1 1922296802
3
1 920471025
2
1 2892783710
3
1 571887513
2
1 752298994
2
2
2
1 4221059533
1 1100635500
2
2
2
2
1 1701357313
2
2
2
2
1 3578845436
2
2
3
2
2
2
2
2
2
1 2061885818
3
2
1 3490481120
2
2
2
2
2
2
2
2
2
1 2264098239
1 3563494019
1 3714470152
2
2
1 3447162821
2
2
2
2
2
1 3219475151
3
1 3907438486
2
2
3
2
1 30878288
1 2877062220
2
1 1110341087
2
2
2
2
1 801386175
2
2
2
1 4119582517
1 1397313362
1 2621964322
1 3973387823
2
1 3970695604
3
3
3
1 63129458
2
1 2638159761
1 3730069321
2
1 3651195799
2
2
1 979313479
1 846147563
3
2
1 1104497441
1 2070128206
2
2
3
2
1 1382047011
2
1 2547398081
2
2
1 400091558
2
1 3413824076
2
1 2107284123
2
2
2
2
2
2
2
2
1 3677590868
1 49124928
1 1982730866
2
2
1 1004613473
3
1 2194241748
2
1 695009527
2
1 3180756843
3
2
2
1 262168586
2
1 93314087
3
2
1 935573718
3
1 533889179
3
2
3
1 3999029762
2
1 1829262340
2
2
1 1525513323
1 858752124
2
2
2
1 1652393881
2
2
2
3
2
2
2
1 1324144445
2
1 4200585988
1 3711849748
1 3166076697
2
1 4144228291
2
2
1 1624364585
3
1 2520038321
1 1224874991
2
1 458904621
2
2
2
2
1 1114548801
2
2
1 4289615225
2
2
3
1 3777746922
1 686787905
1 3186396026
1 3418733029
2
3
1 3788731716
1 1776612777
2
3
2
1 1490178781
2
1 3716850801
1 2508782511
2
2
1 1690285644
3
2
2
1 180266931
2
1 2366317804
2
2
3
1 1690193804
2
2
1 2137615350
1 3375449353
1 2281928929
3
1 1367842052
1 1186614687
1 3904223615
2
2
2
2
1 1497559685
2
3
2
3
2
2
2
1 2260535680
1 699725624
1 4123804230
1 4142959084
1 1569263505
2
2
1 3962991408
3
2
1 4084958103
2
2
2
2
2
2
1 1908052031
2
2
1 299584523
1 1664974130
1 71624825
1 3004094164
1 2286236535
2
1 762682454
2
1 207527287
1 804588426
1 1192472860
3
1 3515313539
2
3
3
2
1 158391065
1 3962347889
1 2943844117
2
1 1699480530
2
1 119214184
3
1 2873161417
1 1611241091
2
2
2
2
1 3760069729
1 2400303380
3
1 3061913479
2
1 2533245194
1 1702285313
2
1 616372090
3
3
1 1422598025
2
2
3
2
2
2
2
1 1956994947
1 2591292409
1 2412941388
2
3
1 2869396315
1 69883307
1 3892261179
2
3
1 2348196489
3
1 1865919349
2
2
1 1237881101
1 2455624557
2
1 1509596041
1 3613318089
2
2
1 460973741
2
2
2
1 3352575064
1 1370988561
2
1 3445702973
2
2
2
1 1771361201
2
3
2
2
1 3727877251
1 683701328
1 2484153255
2
1 3492182149
2
2
1 1461278468
2
2
1 2960248868
3
2
3
2
2
2
1 1697092024
2
1 2504526150
3
1 3039631227
2
1 2510097896
2
1 595950702
1 1396662664
1 4140499473
3
1 334756236
2
1 2536029284
2
2
3
2
1 1602047083
1 2417475006
1 1400696550
2
1 3991522095
2
2
2
2
1 2149434881
2
3
3
2
1 434470421
1 915752895
2
1 3943814711
2
1 771761115
1 1328154132
2
1 989326373
3
1 1204936899
2
1 1748054521
3
2
1 2720411800
3
1 1968246546
2
1 412886456
1 2375140515
3
1 788217352
1 150614927
3
2
2
2
2
3
2
2
1 3203064741
3
2
3
1 6612989
1 1690608365
2
1 3631930629
2
2
2
2
1 3350187491
3
3
1 3828341978
2
2
3
2
1 4093743335
3
2
2
3
2
2
1 2910522242
1 828227452
3
2
2
2
2
3
2
2
3
1 788829158
2
2
2
2
2
1 2848700063
3
1 3090075319
2
3
3
2
1 724414243
1 3111987436
1 2221017703
2
1 3148917473
1 935434806
2
1 2070807568
2
1 4107294814
1 4264139063
2
1 3093054022
3
1 2738366380
2
1 3992033278
2
3
2
2
1 3354398108
1 846869041
3
2
1 3520608076
1 2755989008
2
2
3
1 1322349805
3
1 1959739380
3
1 3272771611
2
2
2
1 2953269639
2
1 2803734091
3
1 3687902979
1 1991314102
2
3
2
1 3343102277
1 904491378
2
2
1 1749289132
2
1 2864563992
1 2196732116
1 8659358
1 3792267553
1 2496983016
1 1370328356
1 1183831205
2
1 1145666326
1 1385253156
2
2
3
1 2260919809
1 985466834
2
2
1 2384843743
1 3800519834
2
2
2
1 3801786058
3
2
2
1 1435764960
1 2190204915
1 1982150293
3
2
1 3082971417
2
1 1488644388
1 3628912391
1 1986184077
2
2
2
1 735694938
1 497508427
3
1 542730806
1 2174006574
2
1 1740103508
1 2590549981
3
1 4103290706
3
2
1 3383017063
2
1 3970930638
1 2951778716
1 589179303
3
1 2084879465
2
1 317373938
2
2
2
1 4011178457
2
3
2
1 3922830713
3
1 1673420468
2
1 2384955116
1 1402873926
1 2815092123
2
2
2
2
2
2
1 3895831107
1 2457164337
1 4070017776
3
2
1 1826504585
1 3218961553
2
1 836287626
1 4047407434
1 222848128
2
1 4017926771
1 727214246
2
1 4150741911
1 4069556417
1 1234158879
1 1244918361
1 3831676489
1 4117067731
1 2404882833
1 1943076279
1 2486184154
2
2
1 3700499901
2
2
1 976458907
3
2
2
2
2
2
2
3
3
1 3075698642
2
1 2108982024
1 882422064
1 1591077218
3
1 1607298911
1 738270081
3
1 2629839931
2
1 3305166217
1 639362808
2
2
2
2
1 1955413046
1 538510799
2
2
3
1 3066033376
2
3
2
2
2
1 4126037381
1 117106963
3
2
3
3
1 1451675208
1 2277652619
2
2
2
1 524733090
1 1998467080
1 3719317923
2
1 4152528089
2
1 760676395
1 1903694098
2
2
2
3
1 3109744881
1 3054712457
1 604762559
1 3274891671
2
1 915997198
1 779046245
3
3
1 2814283868
2
1 3875109247
2
1 951753020
1 1966781276
2
2
1 2717357374
1 3841654961
2
2
2
3
1 701525141
2
2
1 1499195622
2
2
2
1 1273296721
1 389089733
2
1 3674338465
1 1031641954
1 1980747449
2
1 3221174347
2
2
1 4136552293
1 2000196578
1 3415160249
3
2
1 1244274626
2
3
1 3915766659
3
1 1624535005
2
2
1 540505232
2
2
1 111349952
2
3
1 1122714207
1 3808977121
2
1 2966972769
2
2
2
2
1 21446250
2
2
1 2597862259
1 2523403077
2
2
2
2
2
2
1 1214864193
3
2
1 274356333
1 1988124221
2
2
2
2
1 1152603364
2
2
2
3
2
1 2601850760
2
3
2
1 4130000717
2
2
2
2
2
1 3435657546
1 1786269141
2
2
1 290935992
2
2
2
2
2
2
2
2
2
1 3761558774
2
2
2
2
1 172642976
3
2
1 1750162652
2
2
1 1709395398
3
1 2952973611
1 2023353491
1 659177584
1 1421677854
2
1 248929666
1 520177161
1 4155654223
3
3
1 1423125096
3
2
2
3
2
2
3
2
2
3
1 2865462284
1 2709507601
1 494113582
2
1 3691526364
1 674672170
1 1684420680
1 1553664014
3
3
2
2
2
2
1 3490756075
1 622995524
2
1 2445115178
1 3142862946
1 2396123423
1 2060632074
1 729096230
1 1950738263
1 2224152169
2
2
3
1 2218796516
3
2
3
2
1 2528887189
1 2645044082
1 4189883278
2
2
2
1 2550956004
2
2
2
3
2
1 2440156459
3
2
2
1 2057884695
3
1 1521811150
2
3
2
3
2
1 4167526215
2
2
2
1 1491953325
2
3
2
3
2
2
2
3
2
1 385060299
1 245564577
3
2
2
2
1 936414466
2
2
3
2
3
2
3
2
1 3351067140
1 1235833977
1 1722375552
1 2377317162
1 816687854
2
2
1 1273339516
3
2
3
1 694942160
1 2494807701
2
1 4223202067
1 1853675968
3
2
2
2
2
3
2
1 1941944664
3
2
1 332035243
1 686637783
1 189617363
1 911880589
2
2
2
3
1 3788830952
1 4160403307
1 2500709377
1 2361241423
2
1 4252489345
3
3
2
1 98539247
2
3
2
1 3501629301
1 3779751735
2
1 3732955873
1 2268955353
2
1 3344244422
2
2
2
2
2
1 1181693818
1 1739994209
1 3535946326
1 1767551511
2
1 3357340932
1 1565797987
2
1 1878252374
1 2610567588
2
2
2
2
1 3360131262
1 3912018780
1 449191617
1 4149440400
1 4177419888
3
1 3680322958
3
1 3187607513
2
3
3
1 2138131592
2
2
2
2
2
1 3405985911
2
2
2
1 3802013209
2
1 3919422000
2
2
2
2
2
1 3730439812
2
1 2508510944
3
3
1 1727309638
2
2
1 2750337700
1 3331210038
1 1639267942
2
2
1 3295084530
2
2
2
2
2
2
2
2
2
3
2
2
2
2
3
2
2
1 128081746
2
3
2
2
2
2
2
1 3442496343
1 1914028773
2
2
3
2
3
2
1 639393137
2
2
2
1 1332110121
1 632714350
2
3
2
1 111712370
1 2272918555
2
1 1263266906
1 2661425244
2
1 3545604516
1 449592073
2
2
2
3
3
2
2
2
2
3
2
2
2
2
3
1 3640392628
3
2
3
2
2
1 1220073370
1 866632375
3
2
1 1047816471
1 3840169361
1 3136277981
2
1 1364168787
1 4120935658
2
3
2
1 2561181759
2
2
1 3849834293
1 3340252396
1 2952121338
3
2
1 3973004356
2
1 3429506052
2
1 2319962183
2
2
2
1 4058039508
1 4254068745
2
2
2
2
3
1 3977387944
1 1280936123
1 135299922
1 2215995210
2
2
1 3886966915
1 2134311094
1 1172970856
1 2429924191
1 1883046152
2
2
1 3098073309
2
1 2594188984
2
2
2
1 840019091
1 361364314
1 690547665
1 3524985989
2
1 1108313469
1 1911628437
1 3448174523
2
2
2
1 949614440
2
1 1600194669
2
2
2
3
3
1 2491273997
3
1 3909035943
3
3
2
2
1 3382808287
1 2289442681
2
1 2521560337
2
1 1195602567
2
1 2287123594
1 3423502134
1 2987845316
1 3114568568
3
2
2
2
1 224166175
2
1 345711713
1 920033939
1 355755679
2
1 3569973063
2
2
1 2795704254
1 762257998
1 3014145359
3
1 1537577053
3
3
2
3
1 3735038515
2
2
2
1 3372818800
2
2
2
1 647667267
1 3638225276
2
1 2689363325
1 261534766
2
1 2317513984
1 439708302
2
1 2501714523
2
2
1 1778787336
2
2
2
2
1 3772281898
2
2
1 3784314897
1 2194398371
3
2
1 1753196773
1 3210501265
1 247615443
1 2895632012
1 2363975129
2
1 2878956629
3
1 4028973889
3
1 1008391352
1 4119932720
1 2443441349
2
1 1561660004
2
1 911590477
2
2
3
1 3669893851
1 227589466
1 2445123945
2
1 1951149181
1 1160034611
1 522728760
1 3153653630
2
1 2677727867
1 3161426940
3
2
2
3
1 340227212
1 2694316090
2
2
1 1706323550
2
2
1 118019024
1 2317206268
1 2927715203
2
1 2881247470
2
1 1719386759
3
2
2
2
2
3
2
1 615058084
1 465638063
1 4254143236
3
3
2
1 3032589144
2
1 2520028920
1 1006534537
2
1 3677014255
2
2
2
2
2
2
1 3837504443
1 431190821
1 1136862904
2
3
1 2297572309
2
2
1 3865980873
1 3753544108
2
1 290598910
2
2
2
2
2
2
2
1 941045725
2
1 2305659742
2
3
1 3514003583
2
2
1 1993582420
2
2
1 44772412
1 799795500
1 1906275288
2
1 974872458
2
2
1 2704119645
2
2
2
3
2
1 1532125041
2
1 2784961059
1 1671126551
2
1 4064155191
2
1 3620906918
1 1848791905
1 3517223963
2
3
3
1 851659568
2
2
1 4037971471
1 3001064119
1 2266251803
2
1 1050215976
1 319849673
1 3474943786
2
2
1 2533593868
1 2493715594
1 225280175
3
3
2
1 1593275675
2
1 3798416697
1 359496817
3
2
1 4159939005
2
1 1292350335
1 1065673550
2
1 4134036045
1 1444525842
2
1 721765998
3
1 284143907
2
2
2
1 3767473848
3
1 829139367
2
1 548313137
2
1 667762277
3
2
1 2133094769
2
1 4227874083
1 4004866574
1 304116271
1 101893599
1 2297658419
1 26497019
2
2
1 262529083
1 2678298584
1 2091558636
1 3051851694
3
2
1 1121540786
1 3991786137
1 3382565261
1 1696625938
2
2
1 2732221918
1 1857567963
3
2
1 246177423
2
1 3908116338
2
2
1 3439624597
2
3
2
1 117523764
1 1228756674
1 3934439215
1 4279881130
1 1752927065
1 96328665
1 2929746936
2
1 795906910
2
3
1 2733594112
2
1 1336427081
1 1602084141
2
1 4251405306
2
1 2913757321
1 225247148
2
1 1546977848
1 2378095853
2
2
1 2766862772
1 132733724
2
1 3249073079
2
2
1 2015933268
1 443859636
1 3076539498
3
1 2709693220
3
2
3
2
1 1288123577
1 410601474
2
1 2624790882
1 2067715334
1 3977839324
1 1532272705
2
1 2030596867
1 2055818727
1 1157584311
2
2
2
3
2
2
2
3
2
3
2
3
1 3895100689
3
2
2
1 4108456982
3
1 77120640
3
1 3745144812
2
1 2277929768
2
3
3
2
1 1179157919
1 2654017536
1 4093281873
1 2646428588
2
2
1 888877237
2
1 3647540980
3
2
1 280792191
2
2
2
1 614311415
2
2
2
1 1459612374
2
2
2
2
1 3673541946
1 1882488798
1 2108991018
1 198764286
1 710801787
3
1 1420808762
3
2
2
3
3
3
2
3
1 2168488383
2
2
2
1 1012594558
2
1 3849970968
3
3
3
1 2278326588
1 2636243068
1 3651478407
1 1504967683
1 2113733141
2
3
2
3
3
2
1 2890714867
3
2
2
2
1 1537975407
2
1 1736814605
1 205671994
1 4032429730
1 2640371712
2
2
2
1 446056919
3
2
3
2
2
2
2
2
2
2
2
1 2388053725
3
2
1 3553890261
2
1 1014861958
2
2
1 2456866581
1 1906512980
1 848550937
2
2
1 727581594
1 1152275773
2
1 1393451164
2
2
1 52664441
2
1 1500801950
1 3710623273
1 3687763680
1 1641804379
2
2
1 2786283186
1 3229361574
1 160192977
2
1 868841750
1 2784365258
2
2
3
1 3505393169
3
2
3
2
1 2912571784
3
2
2
2
2
2
3
3
2
2
1 1611525768
2
2
1 3857360975
1 2998112477
2
1 2140673052
2
1 1017387054
2
3
2
1 2118037501
2
2
2
1 2385249969
2
1 3979414196
2
2
1 51704451
2
2
2
2
2
2
2
3
1 1814812813
2
1 1597908460
2
2
2
2
2
1 111098295
3
2
1 4117894880
3
3
1 2200414156
2
3
3
1 3189904738
3
1 2222017447
1 1597861228
1 2694915776
2
3
1 1770751135
1 2363944255
1 3551911635
2
2
2
2
2
1 1843067227
1 107217098
2
2
2
2
3
2
3
2
3
2
1 3865070158
1 1038623570
2
2
3
2
3
2
1 2224274004
1 4238886484
2
1 507306456
1 269223494
2
2
2
2
1 653776209
1 1258463231
1 392135308
2
2
2
1 572375665
2
2
1 2342657417
1 667669082
3
1 3481664598
2
1 3789929199
1 1546744993
2
1 2261148408
2
1 3580933477
2
1 495993256
2
2
1 228471281
3
2
3
1 3145372188
1 4040412858
2
2
1 1073615960
2
2
1 3336136276
2
2
2
3
2
2
2
1 825867569
3
1 3744964671
2
1 2345939731
1 1557167511
3
1 2394294017
2
2
3
3
2
1 3429586033
1 690581468
1 1893485955
2
1 697103672
2
2
1 2613685460
2
1 2034730889
2
2
1 3274919848
2
1 405876207
1 3173596447
2
1 3175271297
3
1 3063315185
2
3
2
1 3358626378
2
1 513943783
2
1 2816454571
2
3
2
2
2
3
1 3843454536
2
2
2
1 733699266
1 2801860296
2
1 1311670132
2
1 4036191535
1 3114062281
1 4148640963
1 1909703513
1 219660697
1 2785096438
1 1819996002
3
1 3251915744
2
1 1343248082
2
1 2386586091
3
2
2
3
2
2
1 1769452347
2
2
1 3732077120
2
2
2
1 60077786
2
1 2132801180
3
1 2417822086
1 2782552767
2
1 764116030
2
3
2
2
3
2
1 4208325350
2
3
1 3240908211
2
1 139265135
1 3887367089
2
2
1 182264310
2
1 2039509236
1 4239792108
1 3927181510
3
1 3819330638
2
1 3104034758
2
2
1 4073407039
3
2
1 1863569456
2
2
2
3
1 2674656877
2
1 3857646662
1 3350448741
2
3
1 3113121719
2
3
1 3070830086
1 2687828750
2
3
1 4164902387
1 184405690
2
1 3774906283
1 2539489895
2
2
3
2
1 3023127324
1 484246379
1 2851758830
1 4294673832
2
1 4144308923
1 1084422473
1 209187868
1 2873383008
3
2
1 1747114338
2
1 3297233512
3
2
3
2
1 289686470
2
2
2
2
3
2
1 3572451043
3
3
2
2
3
2
2
2
1 4273440986
2
1 1916113016
2
1 1172317493
2
2
2
2
2
2
3
1 360485832
3
3
1 381363117
3
2
2
3
1 2364031798
2
1 1218213175
2
2
1 1347215965
1 368960596
2
1 1612121670
1 3634372477
2
1 2689252878
1 1357959795
1 2888002621
1 2155051892
1 2766485188
3
3
3
3
1 1642800907
3
1 2633106510
1 394635347
2
3
2
2
2
2
1 1034588476
1 2330602139
1 3818245681
2
1 3348505198
1 1167425343
1 1042065760
1 3222206052
2
1 3327571988
1 2116679172
2
2
1 1425627817
2
1 2195275397
3
2
2
1 2613932323
2
3
2
1 2058363782
1 3996765319
1 1439991044
1 1721517244
1 2632213089
2
2
3
3
3
2
2
1 2446044104
1 1237032137
3
1 2052770941
2
1 2005553808
1 2703070447
2
2
1 1999268511
1 1288746636
1 3601551584
1 3419042475
2
2
1 1976059196
1 3787796182
1 569684925
1 2848549548
2
2
1 1507723108
2
1 3920487068
2
2
2
3
1 2833583242
3
2
1 1689082489
3
2
2
2
2
2
1 2711007784
2
1 27986769
1 213199611
2
1 1968390417
2
2
1 1136983343
1 1109451966
1 2604689581
1 2081659583
1 2315223948
2
2
2
3
1 3114194108
1 2483793139
2
3
2
2
2
2
3
1 128095391
2
3
3
2
2
1 3473785965
2
2
1 749614635
1 553583375
1 2480481540
1 2695108554
2
3
1 3010460181
1 1261070476
2
2
1 1959200739
1 123476262
1 2828346663
2
1 958900098
2
2
1 1063392976
2
3
1 1971313042
3
2
2
2
3
1 1021408190
1 412470574
2
2
1 2556648189
2
1 755454863
1 1030496257
2
1 2366086451
2
1 3611274339
2
1 1075356942
3
1 2080962904
1 334443902
2
1 104765797
1 4108988770
1 808522895
2
2
2
2
3
2
1 741496488
3
1 1146696689
1 1506577255
1 1872682555
1 3070919803
2
3
3
1 3353299565
2
1 878454721
2
1 2939192437
1 2045525836
2
1 2647063299
1 2992228225
2
2
1 538784339
1 4158547075
1 841471721
1 225008625
1 1201935336
2
3
1 3213380512
1 1005919208
2
2
2
2
2
2
2
3
2
1 1754558241
2
2
2
2
2
2
1 4100051845
3
3
2
3
2
1 503870458
2
2
2
2
1 2685587186
2
2
2
1 3003538524
3
1 3560298701
1 4282726447
3
1 2326662593
1 255030154
2
2
1 3333789448
2
3
2
2
3
3
3
2
1 1958474305
1 263803027
1 1659895900
1 359875727
2
1 3123816079
3
2
1 3661748004
3
3
1 338815478
2
2
1 2340778517
2
1 2505098247
2
2
2
2
1 1402245842
2
3
2
1 3725158521
1 788156078
2
2
1 2451668126
2
2
1 3687008335
3
2
1 2148294578
2
1 3317658987
2
2
1 3302186395
2
3
2
3
1 2424075393
3
2
1 642729717
3
2
2
1 2181344095
2
2
3
1 3872926527
2
1 651581959
1 3007643818
1 2775645708
2
3
1 3866663579
2
2
1 1056589708
3
2
1 1239001923
2
2
2
1 616291023
3
3
1 857514425
1 725025058
2
2
1 204328383
1 3469629628
2
1 2452657454
3
2
2
1 1077031764
1 953734060
2
2
1 233687384
1 236421850
1 2348249891
1 2191459348
1 611127192
3
3
1 678376242
2
3
2
2
1 2736543188
1 1960942328
3
1 370057047
1 737962967
2
3
1 1722030033
2
3
2
1 2581805672
2
2
1 95051053
2
2
1 2578831496
2
1 2933301046
3
1 4270975586
1 3827331703
2
2
2
2
2
1 2919440789
2
1 868650451
2
1 1747161816
2
2
3
2
1 2026805985
1 1003898638
2
3
2
1 1701758823
1 734818386
2
1 1610932544
2
2
1 1860790554
2
1 3008878901
3
3
1 2730156648
1 2984331980
2
2
2
2
2
2
1 2439892671
1 99562040
2
2
3
2
2
2
3
2
1 1931882411
3
2
3
2
1 276513536
3
2
2
2
1 4224623076
2
2
2
2
2
1 3057214947
1 1913466163
1 3569225516
3
1 1028476665
1 1597782415
2
3
2
1 2868478376
3
2
2
1 3357022424
3
2
1 792829604
1 3330447634
2
1 1212340639
2
1 1261082640
3
3
1 3673575165
2
2
2
3
2
1 2177010047
3
1 261902688
1 3900308656
2
3
2
3
3
1 3440148826
1 1138680367
3
1 3033233115
1 1780490699
1 2343968299
2
2
2
1 3467315365
1 536747378
1 3628149907
1 2354438440
1 3824915806
1 2179176796
1 933275902
2
1 4147507382
3
1 1553677142
3
2
2
2
3
1 2091238896
2
2
2
1 2310675847
2
2
2
2
2
2
3
2
2
2
1 1303691657
3
1 1126812083
3
1 268128540
2
2
1 2944583449
2
1 3610380882
2
2
3
2
2
2
2
1 3413243458
2
1 2633398566
1 3733683484
2
2
1 1432358115
1 938908129
1 4224493344
2
2
1 454978314
1 666228935
2
1 2421656985
1 2243896255
1 785163284
2
2
2
1 3677023825
2
1 1444630335
1 3962268194
2
2
1 2687230679
2
1 3397761474
2
2
3
1 4020453081
2
2
2
1 1516783695
1 3020001569
1 3949371194
3
2
1 855718037
2
1 1152875483
3
3
3
2
1 595064875
3
3
3
3
2
1 1863436131
2
2
2
1 1534758976
2
1 2092004878
1 825026046
2
3
2
3
1 906267217
1 1250383574
2
1 1758971899
3
1 902171192
2
2
1 3455834044
2
3
3
2
2
1 3618217582
2
2
1 3137289986
1 2894660109
1 711490967
1 2794119775
2
1 2806912490
2
3
2
1 3800036234
1 3822793013
2
2
1 1259661015
2
1 739502458
2
1 1601079464
1 2835512737
1 3744282942
1 3691129333
2
1 762104839
2
3
2
1 3930805560
2
1 564024842
1 100113358
2
3
1 3266982452
2
2
2
2
2
1 388738313
1 3593544769
1 3251977165
1 3290103684
2
2
1 15808087
1 3536492206
2
1 862244015
2
2
3
1 2946559002
1 894817889
1 2409742218
2
1 346102591
3
3
1 2047484765
1 218178756
2
2
1 3527274559
2
2
1 922230173
2
2
1 1987941444
3
3
1 835751687
1 2348263368
1 36847398
1 1771954049
1 1285359740
1 3536616298
2
2
3
3
3
1 1681325964
3
2
3
2
1 245276479
1 1268065084
2
2
2
1 3773101982
2
1 661441433
2
1 1233220021
1 828204040
3
1 2326127833
2
1 3699589840
3
2
1 3057741504
2
2
2
3
1 3481007082
1 2008789229
3
2
3
1 194216093
1 1493681001
2
2
1 904410392
2
1 8926657
2
1 2047398976
2
1 1090037650
3
2
2
2
2
1 2223506323
2
2
1 2580568987
1 2502152207
1 1266633158
2
2
2
2
1 2777991061
3
1 120874239
1 1670060873
1 1631682769
1 842968875
1 1026504585
3
2
2
1 4220505986
2
2
2
3
1 3156263321
1 2632005006
2
2
1 4029932451
1 2332523912
3
2
2
2
3
1 4160900073
3
1 2013705041
1 3574261861
2
1 2240218347
2
1 66548441
2
2
2
1 513750837
2
1 1977693461
2
2
3
1 378175912
2
1 3026667287
2
1 184097430
2
3
2
2
1 3714754887
2
2
1 3791323951
2
2
2
1 2428754755
2
2
3
1 3737838627
2
1 4196142462
3
3
1 1713138946
1 7786658
2
2
1 1156000377
3
1 3519818465
1 4273772974
1 3638826700
3
2
2
3
1 383799767
1 3906478218
1 3440507238
2
3
1 1489454276
2
2
2
2
1 2991722431
2
3
1 1263463020
2
2
1 697769935
2
2
3
1 2898225706
2
2
2
2
2
3
1 137600154
1 80619622
2
1 1237363073
2
1 3713748457
2
2
3
2
2
2
1 753030071
3
3
3
1 985791579
2
3
1 498708910
2
3
1 1590310352
2
3
2
3
1 3232680353
2
2
1 3995662772
1 3845674955
1 4023834881
1 2301940273
2
1 2288850015
2
2
1 425989950
1 3405027460
2
1 3491395106
3
2
2
2
2
1 4214255461
2
1 716568824
2
2
1 838642555
1 699434115
1 2881644505
2
2
2
1 72535640
1 4150763154
2
3
3
2
1 3075309810
1 60624659
1 1893821818
3
2
1 325754836
1 947793841
2
2
2
2
2
2
3
1 2735370097
2
3
3
1 3443635736
2
1 1671899559
2
2
3
1 531476530
1 2041502021
2
1 1430934224
2
1 734247203
3
1 467810867
1 18504139
2
2
3
1 1228253075
2
1 1152849666
1 2730434122
2
2
2
2
2
3
2
2
3
3
1 4056278013
2
2
1 941698046
2
2
2
3
2
2
2
1 1826276060
2
2
1 3749474428
1 2325308915
1 2862484906
2
1 2992581550
2
1 1226833422
2
3
3
2
1 1188202974
3
2
1 1036892910
3
1 307543018
2
2
3
3
2
1 3837640191
1 2245689476
1 3598397973
3
3
3
3
1 83792397
1 183545527
3
2
1 2934761098
2
2
1 1448803488
2
2
2
3
1 2063937214
3
2
2
2
3
2
1 2443360400
1 2187399396
2
2
2
2
1 4126152186
2
1 748269300
1 2927354006
2
3
2
3
2
2
3
1 3146276298
3
2
1 4009752943
1 3156313451
1 1987087078
1 3294061056
1 1520171121
2
3
1 330034330
2
1 3227907935
1 1138756553
1 3299979618
2
1 1797563538
3
1 2404981926
2
1 1002954054
2
1 3993665506
1 993349324
2
1 4036444603
1 3633813674
1 737634602
2
3
2
2
1 2281855481
2
2
3
2
1 2787904336
1 3056165771
2
2
1 1524407040
2
3
1 4227635349
2
1 553533703
3
2
3
1 2013367305
1 192455554
2
2
2
3
2
1 86475930
1 2475747649
2
1 2421473026
2
2
1 2698048293
2
2
2
2
3
3
2
1 2972874291
1 2555467253
3
2
2
1 2524041844
1 917247947
2
2
2
2
1 1472519689
2
1 4267749141
1 2961053814
2
2
1 3958291375
2
1 489107745
2
1 1777387051
2
2
2
2
3
2
2
2
1 3497442703
3
3
1 1205103904
2
1 266788518
1 899713137
2
2
2
1 1200491851
1 487508973
2
1 2671148719
1 2460090497
1 1218709821
2
1 2779982330
2
1 3283218214
2
3
1 3224876043
2
2
1 3447344169
1 2361370150
2
1 2065924038
1 593342039
2
1 2600536269
1 2550741463
2
2
1 4201352773
3
2
3
1 3663694844
1 881419502
1 2176797822
1 3373392385
3
1 3975385771
2
1 2536503331
1 2203840795
1 4104047424
3
1 694734621
3
2
1 2001558715
2
1 3490618121
1 147511611
1 2828781212
3
1 2594726038
1 1415161288
2
2
1 613069850
1 1377340809
2
2
1 2716763083
2
2
1 2796399730
1 2612327200
2
2
2
3
2
2
2
3
2
2
1 4238436709
1 3311314175
3
2
2
2
1 1273340251
2
1 1694349922
1 1339009236
2
2
1 3363561433
2
2
3
1 2324305234
3
2
1 2645571242
1 3368881838
1 3070076986
3
1 789050150
2
2
1 2618156007
2
1 4019757705
2
1 4003193096
3
1 2546339034
2
1 4090633537
2
1 3803206407
2
2
3
2
2
2
1 262688838
2
1 2058782368
1 392452208
3
1 2776625744
2
1 1734531220
1 4055966986
1 3392439827
1 3944336236
2
1 3065845439
2
1 4095126190
3
2
3
1 3863741456
2
1 3393521933
2
2
2
1 1821820876
2
2
2
3
2
1 1291958645
1 799801765
2
1 1701396091
1 892231161
2
2
2
2
2
2
1 3530711912
2
2
2
2
2
2
1 1545138912
1 2985827229
1 1643929342
3
2
2
2
1 2340050807
2
1 4216158990
1 1588251081
1 1300232170
2
2
1 516772325
2
2
1 570091282
3
1 3838596576
1 3376371993
2
1 1263570400
2
2
2
2
2
2
1 2060225757
2
2
2
3
2
3
1 3741876341
2
1 4174528062
2
1 4282380629
1 1289314635
1 307164531
1 1262619801
2
3
2
1 2129135132
1 4097806518
2
2
2
3
2
2
3
1 2218802566
2
2
1 629881205
2
2
2
2
3
2
2
2
2
2
2
2
2
2
2
2
1 2069820345
2
1 2841999656
2
2
3
2
2
2
1 1160670842
3
2
1 1703609007
1 3981843574
3
2
2
3
2
1 2473200656
1 4093669687
1 3633116148
2
3
1 4293430340
1 4224178609
3
2
2
1 2284816029
2
1 1617893901
2
2
1 1573333248
2
2
2
1 3536986927
2
1 4052919831
2
3
2
1 3814623177
1 1626982094
1 3451441026
2
1 1976040530
2
2
1 2993031699
3
3
1 1469258383
1 1772298269
2
3
1 1232851444
2
2
2
2
3
3
2
3
1 414404872
3
3
1 3362171855
3
2
2
1 3940088083
2
1 947434379
1 516807454
2
2
1 1595701181
2
2
3
3
2
2
2
3
1 3836235688
3
2
2
1 948803657
1 3122921127
2
1 2147684637
3
3
1 2759196449
2
2
2
2
1 713553294
1 3673434266
2
2
1 2061583876
1 4133571768
2
1 438951038
1 4031397576
1 636725981
2
2
2
1 2690030633
2
2
3
1 1337206255
1 3277091130
2
2
3
2
2
1 3847534954
2
1 3619405967
2
3
1 317422991
3
2
1 1155657982
1 3648751687
1 151644134
2
2
2
1 3229368044
1 2140776043
1 3948636632
1 1606254674
1 3377300752
1 1062241843
2
2
3
1 1853590381
2
2
1 2113209478
2
1 2364385684
3
1 72939733
1 569356728
1 3667098858
3
1 556432880
2
3
2
1 4244609351
3
3
1 450495603
1 1836405561
3
1 1335830238
1 633659944
1 4076823139
1 1520962565
2
3
2
2
1 3146625802
2
3
1 1104241555
1 2340215726
1 776775425
2
2
3
2
1 3278943324
1 867502579
1 417048931
2
2
2
2
2
2
2
1 2305907491
2
1 1127993123
1 3948271357
1 1815021425
2
2
2
2
2
2
1 4025192
2
1 2097186302
2
2
1 2286674997
1 642836315
1 354094072
2
2
3
2
1 1332509028
3
2
2
1 693890084
1 2160798846
1 4283004901
1 360827851
2
1 2173765917
2
2
2
2
2
3
1 18518844
2
2
2
2
1 1613692131
2
3
2
1 6823142
2
2
2
1 566025455
1 1275326923
3
2
1 3932662070
2
2
1 2334508112
1 2868406753
2
1 4265541325
2
1 2193236656
2
1 196302355
2
1 1505624206
1 3182009210
3
1 3541534352
2
1 956031239
2
1 3343636375
2
1 3641875394
2
2
2
1 4266322059
2
2
1 534136003
1 628488573
2
3
2
1 2388789637
1 3232740143
2
2
1 1612767508
1 162705834
2
1 3436346296
2
3
2
2
2
2
1 4250988633
1 975927985
1 645560065
1 3633462262
2
1 713703666
1 544149403
2
3
1 3437034348
1 1812876513
2
2
1 1621551488
2
3
2
1 23037075
2
2
1 2227090173
1 1414979048
3
1 1734433595
3
1 1128102002
2
2
2
3
2
3
2
2
1 4056080465
1 1639006494
2
1 4155645034
1 802072101
3
1 327523209
2
2
1 1830301514
2
2
1 983720620
1 2362085763
1 3004261435
3
2
2
1 1184089196
2
2
2
2
1 4037789164
2
2
1 1035276211
2
1 475067980
2
2
1 2212008553
2
1 2544543884
2
3
3
2
1 1611080842
3
1 2158584455
3
1 4039589843
1 1371625939
2
1 4076353604
2
1 1700692181
2
2
1 1603177864
2
2
2
2
2
2
2
1 797733323
3
2
2
1 97320004
1 3598398718
1 213345899
2
2
1 3266849307
1 2020594596
1 1115345856
1 4252840136
2
2
2
2
1 2899516618
1 2821176855
1 4039894428
1 2613136325
2
2
2
3
2
3
2
1 324494338
1 484573571
1 516997926
3
1 40493857
1 4052783334
2
2
1 2589870979
1 4005338743
1 1436318323
2
2
2
2
2
3
3
3
2
2
1 109978317
2
2
2
2
2
2
2
2
2
2
2
2
1 3196026318
2
2
1 2409350474
2
1 1144583264
2
1 3701635325
2
2
2
3
1 1136416983
2
1 3950316569
1 3263758415
2
1 732753534
1 777958821
3
1 3070053516
1 2527548797
1 3061633049
3
1 2622789224
3
2
3
1 3245938369
3
1 4084831040
2
1 634708498
3
2
2
1 3250300562
2
2
1 3043804915
2
3
1 823774336
1 4234751384
1 124618577
3
1 1729624
2
1 792715719
2
1 1494184747
1 1275044157
2
2
2
2
1 3099571469
2
1 3034045317
1 1956269009
2
2
2
3
2
1 4104523995
1 728231972
2
1 3938115312
2
1 3967276456
1 2646839704
1 2238484551
2
2
2
1 486347344
1 493587152
1 3218203724
2
2
1 3855907869
2
3
2
1 681195572
2
1 2459385017
1 3324945242
1 3562088104
1 1531984449
2
1 1029962372
2
2
3
2
2
1 3898856662
3
1 4186978038
1 1988595506
2
1 411218690
1 2724121883
2
2
1 874314994
2
2
1 2460768303
2
2
1 2327037877
1 1371748069
2
2
3
2
3
2
2
1 368958105
1 3892624608
1 1359579649
1 2367823797
3
1 1231342881
2
2
2
2
1 2772180848
1 2817472289
2
2
1 4252023116
3
1 4292797460
3
2
3
2
2
1 447352632
2
3
1 461680487
2
1 951556177
2
2
1 1696428488
3
2
2
1 2003924343
3
1 1094370855
1 1661448769
2
3
1 3141432131
2
2
1 2544911845
2
1 119253672
3
2
2
2
1 1507098265
1 586004352
2
1 1261092680
1 2535616594
2
2
1 3776805272
1 3196758813
2
2
2
2
1 2444337417
2
2
3
1 1579288247
2
3
2
1 2978140460
1 254286911
2
2
1 4250428866
3
3
2
2
1 1574155961
3
3
1 3640276919
2
2
2
2
2
3
2
2
1 4043224768
2
1 3484453898
1 477949393
1 4098499434
2
1 3032829273
3
2
1 1439751582
1 3031266647
2
2
1 3826926730
1 1346304228
2
2
1 1346953335
1 1327930980
1 1846706325
3
1 3867065682
3
1 774129178
2
2
1 1005177346
3
2
2
1 879656530
2
1 3391373626
3
2
1 2806124583
3
2
3
1 1220475371
3
2
2
3
3
3
1 62620201
2
3
2
2
1 606989720
2
2
2
2
3
1 1355165299
2
1 1892721083
2
2
2
2
1 1716120103
2
1 319298310
1 1665015813
2
3
1 1857128271
2
2
1 445637002
2
1 3453986879
3
1 906773116
1 3621439829
3
2
3
1 1674590960
3
1 1867646789
1 873966433
3
1 2360553960
3
2
1 391838643
3
2
2
2
1 461253984
1 1732701754
1 1304010013
1 1764056871
1 3125037640
2
1 2791059377
2
1 140077596
1 1219235466
1 2895343744
1 1386123342
1 3482654971
1 1255224476
2
2
1 3645642237
2
1 854915584
1 2378322085
1 1289383393
1 277540073
2
2
1 2918198610
2
3
3
2
1 555165593
2
1 3823522613
1 4244236890
2
1 1318461983
1 1152395128
1 1358586013
2
2
3
1 801229620
2
1 2053826707
1 1002479363
2
2
3
2
2
1 1929480794
2
2
2
2
2
3
2
1 2242944498
2
1 3246269202
3
2
1 694168571
2
2
1 3926596370
3
1 3859935803
2
2
1 3505987917
1 1024324915
2
2
1 4030994401
2
2
1 4264274996
1 274271909
2
1 2665454307
1 4146247105
3
2
3
2
2
1 4065927744
2
1 2472817304
2
1 3370427868
1 2836180024
2
1 2548485658
1 1722638666
1 3592392405
2
2
1 3346089828
1 1068163079
2
2
1 4232855486
1 3287622700
1 2993844551
2
2
2
1 1430644255
3
3
3
2
2
1 1639470556
1 747694643
2
1 1354523407
2
2
2
2
2
2
1 3163110562
1 3591632012
2
3
3
3
2
1 4239587700
2
3
1 214465376
2
1 2572305935
1 2941436729
2
2
1 1176977907
2
2
3
2
1 500158538
2
2
2
1 777517785
2
1 2991831978
1 894398538
1 2560429475
1 2689654918
3
1 2375657797
1 3250481711
2
2
2
1 3531607573
2
2
2
2
2
2
1 2722311774
2
1 2373702484
1 2305965287
2
1 1011518441
3
3
2
2
2
3
1 3183530182
2
1 4024339724
3
2
1 1876637463
1 2198654164
1 3162554343
2
2
2
1 2800907354
2
2
1 969290029
1 2314893002
1 54934513
2
2
1 3620483234
1 869680329
2
1 4260646996
2
1 1982792103
1 4003297983
3
2
1 3917793377
1 3068640959
2
3
2
1 1298340236
2
2
2
1 2634428907
1 973176312
1 3757900432
2
2
2
2
1 2093876712
2
1 279612268
2
1 1755664030
1 1129127537
3
2
3
1 84389200
1 2042733152
1 3291568975
2
1 2813121489
1 3122297743
2
1 1383950078
3
3
2
1 2242581543
2
2
3
2
1 2739964212
2
2
2
1 2805417326
1 1907287869
1 2606641854
1 838803549
2
3
1 4204670643
1 2428061118
2
1 2013394483
1 1611874325
1 3199327303
1 841505570
3
3
1 2691896420
2
2
2
2
1 3964326591
2
3
1 762701629
2
3
1 1880286092
1 3009824225
2
3
1 2594927015
3
1 2009738499
1 2599615246
3
3
1 719896013
2
3
1 1300250221
2
2
2
1 60102185
3
2
1 2422748665
1 244973562
2
2
2
3
1 1331652142
1 3834878117
1 2253028870
1 2353130707
3
2
2
2
2
2
3
2
2
2
1 1475476556
1 234434444
3
2
2
1 1179687127
3
3
1 3354356916
1 1572027042
2
2
3
1 19875520
2
2
1 159521964
2
2
2
1 90548356
2
1 27064611
2
3
3
2
1 259818233
1 278523843
1 2457904653
2
2
3
2
2
2
2
2
1 2517980834
2
2
1 919031375
2
1 2285521456
1 2158535887
1 3126811898
1 3503969323
2
3
3
2
1 744336
2
3
2
3
1 3396288421
1 938130259
1 3161568812
3
2
1 2916842221
3
1 1786414664
2
2
2
2
1 2755648755
3
1 2972350161
1 4062865692
2
2
2
1 1952575353
2
2
2
2
2
1 1448342534
2
1 1559724692
2
2
1 2783688150
2
2
3
2
2
2
3
1 3504446929
3
1 1996851751
2
2
2
3
2
3
2
1 501426099
2
2
1 2819362694
3
2
1 3078292215
2
1 3505536906
3
1 3694679142
2
2
3
3
2
2
1 3392472901
1 45019839
1 946728817
1 80882153
3
1 1561536475
1 1601639639
1 2704692398
1 308279478
1 2646106770
3
1 1976926047
2
2
1 1557123585
2
1 1378830268
3
3
1 3258628389
2
2
1 262174549
3
2
3
1 3838431000
1 41907671
2
1 3682583937
1 3550787
2
1 3145876704
1 1797214399
2
2
2
2
3
2
2
1 3361783352
1 1076775231
3
2
1 3496010307
1 1179140094
1 2700557037
2
1 601121731
1 381280597
1 554440247
3
2
1 1480259238
2
3
1 1776293802
2
1 3017439577
2
3
2
1 100218895
3
1 1821804539
3
1 3021681443
2
2
1 4245512159
1 272475131
1 3247618503
2
2
2
2
3
2
1 2740262684
2
1 2329371819
3
1 3839760436
1 3516575489
1 1384506847
1 2484211087
1 1713202277
3
1 2884687569
2
3
3
1 577498405
1 852942855
2
3
1 2942613741
2
2
3
2
1 3751023493
2
1 3286499202
2
2
3
1 3662315647
3
3
1 3497593811
1 2806034051
3
1 2114285368
1 3399306523
1 3803160414
2
2
1 278320696
2
1 579358997
1 250327059
2
2
1 388970868
2
2
2
1 1929016073
1 1891471313
3
3
3
2
3
1 1670711838
2
1 2316000630
2
3
2
2
2
1 3745666801
1 3882811911
3
2
1 2365020120
1 3781798203
2
1 144766368
1 4029846041
1 1870670967
1 272094118
1 548227022
1 364918314
1 1279304380
1 578050019
2
2
2
2
2
3
3
2
1 536458861
2
2
2
2
1 2724871562
2
2
1 731136489
1 592586418
1 528043783
2
2
1 580307447
1 2973787756
2
2
1 2907694133
2
1 1887859347
2
2
2
3
1 569415567
1 3621231460
2
1 1680308145
3
2
3
1 878032301
1 4209849034
1 2261104863
2
1 4191433018
2
1 523318636
2
2
2
2
1 737341250
2
3
1 2517964633
1 2342516003
1 443150928
2
1 641511948
2
3
2
2
1 4260773647
1 2732085362
1 1988142412
1 2715807695
3
1 106030810
1 736927032
3
1 3712833502
2
1 3132514044
3
3
2
1 3613677450
2
2
1 3349691733
1 534028937
2
1 2094743315
1 1118726566
1 250479380
1 3804539039
1 2627317155
3
1 1629365402
1 512728881
1 553696428
2
2
1 196023998
1 657989501
2
1 1875785021
2
2
2
2
3
2
1 4153054740
3
3
2
1 2644923236
2
2
1 1051650902
3
1 1542113397
2
2
3
1 1342456918
1 1456569551
1 2712473820
1 693955471
2
2
1 1165160806
2
2
1 2718629749
3
1 789117175
2
1 9315768
2
3
2
3
2
3
2
2
2
2
1 85583629
2
1 4289588347
2
2
2
2
2
1 3138815259
1 4097546686
2
1 3509996383
1 3246279276
1 3169926916
2
2
1 891528047
2
1 4154125929
2
3
3
1 822636714
2
2
3
2
2
1 3590392678
3
2
2
2
1 3095023703
1 1159302882
1 794418350
3
2
1 1422660200
2
2
1 3961468638
3
2
2
1 1809625904
2
2
2
2
1 3158135465
3
1 1180105180
1 4118901073
3
2
3
1 4069900650
1 1305321969
2
1 3132998443
1 391874952
1 645610397
1 3093679002
1 1240392873
2
2
1 314155286
2
1 1658290275
2
1 3308626638
1 3891258524
2
1 3245198884
2
2
1 2726958094
2
2
1 1964329696
1 2417823137
3
1 3441599830
2
2
1 1175271886
2
2
3
1 2650558171
1 130655178
2
1 2675328234
1 461987173
2
2
1 3002926435
1 2904687818
1 2304768085
3
2
2
3
2
2
1 2040350015
3
1 2681216817
2
2
2
2
2
2
3
2
2
2
1 3620106046
1 3952030005
3
3
1 1572539739
2
2
1 713761656
2
3
2
1 3514588460
1 54337359
2
2
2
1 1072877320
1 2899906915
2
1 3067364789
1 2304718855
2
2
2
3
2
1 2265382608
1 921959980
1 2188604371
1 3302490213
1 547736421
3
3
1 1136247593
1 2834241460
1 3062910691
3
2
2
2
2
3
3
2
2
1 2619097008
1 1363453246
2
2
2
1 1173414986
2
2
2
2
1 2840196897
1 1162036283
3
1 487241563
2
2
1 3362084331
3
2
2
1 3711992780
1 1712642980
2
1 1527759765
1 2794182755
2
1 1435052714
1 2058453074
2
2
2
1 148781192
1 1953337733
2
2
1 2757495370
1 2709717035
3
1 4176140066
3
3
2
2
1 2490309823
1 3872475332
1 4197333626
2
2
2
2
1 2354937796
1 303813491
3
3
1 3635311215
2
1 1453117333
2
1 1502639580
3
2
1 163804486
2
2
1 1380209789
2
1 2867417633
2
2
1 1407870078
2
1 3880177249
3
3
2
1 4045449099
3
1 1238915363
2
1 1667986349
1 1566745957
1 1499425296
1 3515527331
2
2
2
1 2139518035
1 2678022202
3
2
3
2
1 42716105
2
2
1 2285418702
2
2
2
1 3389753145
2
1 3690367433
1 554847040
1 1762760708
1 1760340399
2
2
3
2
2
2
1 4176057463
2
1 4067827202
3
1 2517919367
2
1 2690665875
1 3978213749
3
2
3
1 1921912131
3
1 66643789
2
2
1 3194438482
1 2784508259
3
2
2
3
1 1006885373
1 3746868417
1 2453574908
2
1 1387466852
1 1095432527
3
1 67702682
2
2
2
3
2
3
1 3058054027
3
2
2
3
3
2
1 1986498509
3
2
2
2
2
2
2
1 4028786685
1 1275548271
1 3189248139
2
2
2
1 2905705804
1 594158456
1 1517753699
1 1843091058
2
3
2
2
1 1921735389
2
2
1 3798565795
2
1 2137650397
1 455873143
1 2963431354
2
2
3
3
3
2
3
2
1 3852804304
2
1 425981976
2
2
1 592648413
3
1 2121052517
3
2
1 44147508
1 52671405
2
1 3924610451
2
1 1185401290
2
1 2244887074
1 3224563816
1 1417298181
1 346092697
2
2
1 3199139597
1 3349804499
1 2709270449
2
2
1 317156219
2
2
3
1 2909138114
1 1491678469
1 1474039631
1 3620460357
2
1 469963072
2
2
1 1180442199
2
2
3
2
1 2739441316
2
2
1 3327816960
2
2
1 972665923
1 1813184993
1 1820491953
2
1 2486800983
2
2
2
3
2
1 552948398
1 3357700346
3
1 3793092925
2
2
2
2
2
2
2
2
2
2
1 707246210
1 3431217781
1 456139961
1 2112523120
2
1 508679939
1 2760081456
1 2993184793
2
2
2
3
1 1980876306
1 1275223261
1 671077236
3
1 3222049735
2
3
2
3
2
2
2
1 2229217903
2
1 1823856552
2
2
2
2
2
3
1 3159703106
3
1 529567315
1 986600521
1 983978993
2
1 4091171560
1 3141536340
1 103519466
1 1660318386
1 3862514445
1 220520683
2
1 2442911585
1 253443551
2
3
1 113338712
1 135520085
3
2
2
2
3
1 945216323
2
2
2
2
2
2
2
2
1 1515263074
1 2668457023
2
2
1 2119881469
1 3870668986
2
1 893584158
2
2
3
2
1 2784634649
1 3116185062
1 1810782047
1 3001401335
1 1334064226
3
2
2
1 1771188969
2
3
1 199446672
2
2
1 4285009753
2
1 1290000437
3
2
1 3800141920
1 2715551471
1 1929209854
1 4120249646
2
2
1 1070552213
2
2
2
2
3
3
1 2964219556
1 3729158289
1 612192152
1 3066589428
2
1 1314630887
3
1 3201798398
3
2
3
2
1 119475809
1 3046088267
1 1860500330
3
1 1800328674
1 198159398
3
1 3459144656
1 406785653
1 1181960285
3
2
2
2
1 4211334189
1 3573077886
1 1644392200
3
2
2
1 4100001675
2
2
1 1808139037
1 2044141571
1 3051135070
1 1499063637
2
2
2
1 2430942975
1 3131988666
2
2
2
2
2
2
1 1047641438
2
2
2
2
2
3
1 2435634731
1 1642517511
2
2
3
1 1765063216
2
2
1 2840406092
3
2
2
1 2760269788
1 119919019
2
1 4210219334
2
2
2
2
1 1416549726
1 3753396505
1 2313948819
2
2
2
1 2408330399
2
1 577497747
2
3
2
1 3886332309
2
1 2581494268
1 3537696568
2
2
2
3
3
1 950487162
2
2
1 526310379
1 4191785749
3
2
1 2683842930
2
2
2
1 2318718285
2
1 1815919568
1 3553878005
2
2
1 3615860720
1 693855031
2
1 4063548040
1 131450870
2
3
1 3450676127
3
2
2
1 1849328899
1 445486949
3
3
1 2203139906
1 3113375278
2
1 1975625466
3
2
2
1 3148129222
3
1 43261202
2
2
1 4103713513
1 2043490873
3
1 3025012231
2
2
1 3081229021
3
1 3223992503
2
1 2057374561
1 3320028482
2
1 1629746737
3
2
1 899262322
2
1 2806806632
2
1 3419355396
1 2603470196
1 1557708917
2
2
2
1 1493337880
2
3
2
2
1 443021359
3
2
2
2
3
1 4064460189
2
1 190250177
3
2
3
1 4058030573
1 1601048662
3
1 327688588
2
1 1816875083
1 2760739941
2
1 930108662
2
1 834926531
1 3013076161
1 3509376097
2
1 1711874729
1 135724462
1 167561548
3
1 3999562450
2
2
3
1 2661902017
1 953637486
2
1 2939145062
3
3
2
1 2929407359
1 2319754474
1 639641454
2
2
1 135202312
3
3
1 1932421156
1 551106480
3
3
1 1846308794
1 1080535624
2
1 4279918230
2
3
3
1 262097996
1 3273466715
2
2
2
1 3765555277
1 1891339833
2
1 827969690
2
2
2
2
3
3
2
1 426279068
2
3
1 818767720
1 4209790137
3
2
3
2
1 3050743842
2
2
3
3
3
1 3074241952
2
1 987740155
2
2
2
3
3
1 1042228791
1 2835028691
1 72013112
2
2
2
3
2
2
2
2
2
1 2818404246
1 3092069729
3
1 3877200844
3
2
1 3626877667
3
2
2
1 3266560926
2
1 1383149877
3
2
2
1 4058501035
1 3435251147
3
1 3084250827
2
1 2942670591
1 594044362
1 4054218264
1 196030097
2
2
2
2
1 4003314101
2
1 2294835155
3
1 1587476818
3
1 2986896341
2
2
2
2
2
1 794646018
1 456472682
2
2
1 530867824
2
1 1406624744
2
2
1 879884114
3
2
1 357183176
1 2397972222
3
1 1794884153
1 3701638827
2
1 1243263109
2
3
1 2113500862
1 2741695217
1 3159979557
1 3727317993
2
1 3063938540
2
1 775267660
1 439686301
1 1519414768
2
2
1 2207267375
1 265760054
1 3991437303
1 1624977672
1 749205478
1 617329008
1 3567203553
1 3186309201
2
3
1 4186257077
1 1938658023
3
2
2
1 45160097
1 1730302928
2
2
2
2
3
3
2
3
1 3793114191
2
2
1 1544615926
3
1 3542507838
2
1 1617250750
1 1878236026
3
1 2618249922
3
1 1201700013
1 2911143579
1 4127202487
1 3454434589
2
3
2
1 1037372161
3
2
2
2
2
1 3155529774
1 2794366242
1 1481101198
1 1118077158
2
1 1333551634
3
2
1 3346470402
1 1493683478
2
3
2
2
2
1 58532333
2
2
2
1 2229133831
1 3343210592
1 548621780
2
2
2
2
2
1 1788195135
3
1 3919503203
2
2
2
3
1 4131248204
1 2530958758
1 3763727360
1 773483753
3
2
1 338174078
2
1 1812088322
1 1226250832
1 2691614904
3
2
2
1 2275642999
1 2520978374
3
2
2
2
2
1 313192476
1 3669747546
2
1 126582936
2
1 1240966340
1 447477371
2
1 2964618879
1 3647847755
2
1 2008020772
1 4003560961
2
3
2
2
2
2
1 3349751503
3
1 361856292
2
2
2
2
3
1 234473569
1 1147645384
2
2
1 4266227167
2
2
3
1 817130222
1 3730885097
1 3298150273
2
3
2
1 1791053457
1 1988088246
1 3084513981
2
1 3848903135
3
1 2379147364
1 92305435
2
1 2191069627
2
1 1031305917
3
1 3309881115
1 2580460670
2
2
2
1 2021068609
1 692745204
2
2
1 3810227472
1 3318992369
1 2405233031
2
1 128347026
2
3
2
3
1 3207009774
3
2
3
2
1 749297312
2
3
3
3
1 429267277
2
3
1 840104912
2
1 1980671228
2
2
2
2
2
2
2
2
1 464760398
3
2
3
2
3
2
2
3
2
2
1 3025108260
1 2982583057
2
3
1 1239478570
2
2
2
2
3
3
3
3
2
2
3
2
2
1 1927875877
2
2
2
2
1 1768006930
2
1 2757756243
2
2
1 972141403
2
2
1 3726293929
2
1 724893212
2
1 864210874
1 2880516291
2
1 1747994964
2
3
3
1 1357000937
3
2
2
2
2
1 670984663
2
3
3
1 2125446173
2
1 3320963660
2
1 622150603
1 3558479140
1 3479198485
3
2
3
1 468057459
2
1 729724580
3
3
3
2
2
2
2
1 1304687494
2
1 1483305326
2
2
1 701638348
2
1 2674868644
2
2
3
2
2
1 4245872443
1 2611353889
3
1 42316272
1 93139839
2
1 88055450
2
1 4139368362
2
3
1 1005128046
1 3894217236
2
2
2
1 3028670701
1 3149843694
3
2
1 626437853
1 894237036
1 3852000602
1 2164095616
2
2
2
1 139952827
3
1 2569215057
3
3
2
1 1112960893
1 477895272
2
1 3217028130
2
3
1 3646027326
2
2
1 3625368498
1 379616328
1 1222732226
1 3806435020
1 3682287226
1 1052615040
1 1903524107
1 1920716551
1 573397659
2
1 3780486840
2
2
3
3
3
1 1645350711
2
1 231567243
2
2
2
2
2
1 2163182060
2
1 1335588174
2
2
3
1 978086566
2
2
2
1 1149626496
1 430331944
2
2
1 824317098
1 842540415
1 1352174778
1 2458656438
1 429745669
1 2568443488
1 4260733450
2
2
2
2
2
2
3
1 2078196252
1 449103674
1 626811163
2
1 596270367
1 2672533689
3
2
1 1893317073
2
2
1 937887661
1 3037278903
1 794226445
2
2
2
1 3572610674
3
2
3
1 1041934168
1 2569864613
2
2
1 1008360642
2
2
1 470267778
2
3
3
2
2
1 903377743
2
2
2
2
2
3
1 3095866343
2
1 1346269234
3
1 3888086823
2
2
1 1690255087
2
2
1 1993517555
2
1 4174519738
2
2
3
1 3886096338
2
1 4260605133
1 1885582147
2
1 2822338894
1 2908802074
2
2
2
3
3
1 110929733
2
2
2
2
2
2
2
1 3080137024
1 4283970482
1 4206494889
1 2679762785
2
3
1 1944174138
1 1977264855
1 3309728344
1 4071509910
1 1684623446
2
2
3
1 3121305716
2
2
2
1 2352142406
1 2536844909
3
2
2
2
3
1 829761383
1 2341353785
3
1 4088148797
2
3
3
1 4193138410
1 2637659539
2
2
2
2
2
2
2
2
2
3
3
2
1 2280243520
2
2
1 185111820
2
1 186693111
1 291379516
1 556959404
1 1997384039
1 3055323518
1 1576076555
1 1839057797
2
1 3825239413
2
2
2
1 321911598
1 4294658457
3
2
2
3
2
1 723178456
2
1 1072393161
2
2
1 164268470
2
1 1223887544
3
2
2
2
1 2685551033
2
2
2
2
2
3
2
2
3
3
1 4178243415
1 3613420831
2
1 2921236470
2
1 3291621271
1 3975301050
2
3
2
1 284971084
3
1 3109465792
3
3
3
2
1 3413135715
3
1 3736136365
2
1 2718092139
1 1314834137
1 2802336745
1 1714319039
2
2
1 499127549
2
2
3
1 833984581
2
2
2
3
3
2
1 263223013
2
3
1 175787088
2
3
3
2
2
1 1624509097
1 2056392954
2
3
1 753422196
3
1 2690729772
3
1 205844579
2
1 1327711733
1 3033039685
1 4005290938
1 1574167553
3
1 3841538097
2
2
3
2
2
1 2182476996
2
1 1526871635
1 3998382950
2
2
2
2
3
1 3607393715
2
1 1619873061
2
1 1166982305
1 3658790265
3
1 3177082874
1 1970960683
2
2
2
1 3195629495
2
1 2371427993
3
2
2
1 4091628379
3
1 521174610
1 1908716030
2
2
2
1 1358422224
3
1 2574588918
3
1 2439021714
2
3
2
2
1 2916307820
2
1 1742425301
2
1 1777504438
1 2849584265
2
2
2
1 3771433376
1 3880888519
2
2
2
1 1548329413
2
1 3696851811
2
1 1811361689
1 485564009
2
2
2
1 2261885294
2
1 1372396500
3
1 754993239
2
1 416361950
1 3804703837
1 818131856
1 4257983215
1 3486123050
2
3
1 1996348270
1 1247603616
3
2
2
1 487353076
1 3449426562
1 155749842
1 914597451
2
1 1394023269
3
3
1 2519334151
1 2006494154
2
3
1 1839592148
1 1714650195
2
2
1 4040906934
1 1862453726
2
1 2876477402
2
1 3975546643
2
2
2
1 3040761010
1 263098539
3
2
2
2
1 253054174
2
2
2
2
2
2
2
3
2
1 2406800133
1 3578072145
2
3
1 2780211939
2
3
1 3352055397
2
1 3430862665
2
1 3374235556
3
1 307301955
2
1 2203512231
2
2
3
1 3634972590
2
2
1 3444476582
1 1425160590
1 2521098107
1 3302737800
1 660708061
1 1103061315
2
2
1 1731078104
2
1 2712102655
1 757933563
2
1 4222686399
1 1821585839
1 3834370503
1 2132459213
1 811810151
2
1 3904656960
2
3
2
2
2
1 3988694336
1 2281272880
1 184791934
1 3415246696
2
1 3792352957
1 1889641291
1 3708374837
1 1849726188
2
2
3
3
2
1 46647721
1 283540093
2
1 3505519672
1 1647244879
3
1 2200325060
2
2
2
2
1 2714608147
3
2
1 310208973
1 2167925687
2
1 1767806152
2
1 2286096290
1 147016467
3
1 2087009315
1 4035598058
2
2
2
2
2
1 1660458024
1 1368143628
1 2424492595
1 1923604491
1 4042738083
2
1 3617351097
2
2
1 2696853518
1 1441200669
2
1 1954419202
2
1 3001669818
2
2
3
2
3
3
3
2
1 1534840889
1 2339164140
2
2
3
2
3
1 1189749262
2
1 1869259059
1 3717616859
2
2
3
1 286186681
2
2
1 21827519
2
1 1530846922
2
1 1466348860
1 3482294171
1 3118779921
3
1 2881248413
1 1124764403
1 3022458368
2
1 2381809238
1 1943731216
2
1 3318023683
2
2
2
2
2
2
2
1 4221336260
2
2
1 1944321838
3
3
1 1771575212
2
2
1 3489875298
1 2344656896
3
1 92336210
2
1 1031051943
3
1 3023311806
1 301571248
2
3
2
3
2
1 2171202729
1 1693362366
2
1 2932914889
1 1060565585
2
2
1 2939901399
1 1783057557
1 3715002454
2
2
2
2
1 1321119394
1 1486783948
1 3405911074
1 547206257
1 2413980901
2
1 1901718901
2
3
2
1 892128719
2
2
2
1 766345659
2
3
2
2
1 1959499319
2
2
2
1 3589858281
2
3
2
1 649691547
2
2
2
3
1 2523332850
1 3477150251
3
1 2427948389
1 4014274433
2
1 620572390
2
3
2
1 2237829635
1 3278204353
2
2
1 847126855
1 1186729734
2
3
2
1 672963804
2
2
1 426032541
3
1 3709485057
1 3304200428
1 1144521928
2
3
3
1 4179034989
2
3
1 2570384955
1 3936036274
3
2
2
2
2
2
2
1 13067351
2
1 4024167452
1 1505003963
2
1 1788288837
2
1 1846369146
2
1 2700717690
1 3689361334
2
1 679998656
1 485520805
2
1 471600205
2
1 1519251262
2
3
2
2
1 1815510911
2
1 4287695285
1 4278407885
2
2
2
3
2
2
2
2
3
1 2017175132
2
1 2155389822
2
1 473822917
2
2
3
1 4208010099
1 2981500021
1 892650788
2
2
2
1 216745711
3
2
3
1 3478961448
1 276538721
2
2
3
2
1 1085825868
3
1 1596369835
1 3624779768
2
1 3187059170
1 1048942911
3
2
2
2
2
2
1 1133066572
2
3
1 3408603483
2
2
2
1 2015051650
2
2
1 3258841410
2
1 438857767
1 3361667090
1 67409711
2
3
1 1024599397
3
1 1714286901
1 1214527721
1 351775921
1 3499920402
3
2
1 3883586387
1 3094344338
1 4132087341
1 2905019499
2
1 939768155
2
2
2
2
1 639860354
2
3
1 2905162183
2
2
2
1 1931526718
1 2907565558
2
2
1 2381174727
3
2
2
1 112606473
2
1 536317227
1 3775905986
1 2413980430
2
1 4261362695
1 560356248
3
1 1606575257
1 414699614
2
3
3
2
2
1 728734686
1 3975283030
2
2
3
2
3
2
2
1 465569731
1 3328331647
1 108271810
2
3
2
2
3
2
3
1 2989286364
1 945134236
1 2573146655
2
1 924070623
3
2
3
2
1 1035013740
1 4164196799
2
3
3
1 2011267412
2
2
3
2
2
1 2247618595
3
1 3518876726
1 1904090266
2
2
1 1357985535
3
2
2
2
2
1 569579711
2
2
1 4189112283
1 1597583657
1 513904188
1 871298982
3
1 1805140625
3
1 1438056069
2
1 14999450
1 324407608
1 622346755
2
2
2
1 3251501703
2
1 1830144061
1 2736845648
2
1 571520058
2
2
2
1 262759128
3
1 151165502
2
2
1 2857587797
3
1 724635597
1 3643393589
1 561880798
2
2
2
2
1 4124294131
2
3
1 3766611342
2
1 3418164251
3
1 229019387
2
2
1 1183901519
2
2
1 2128949443
3
1 2405812181
2
2
2
3
2
1 3963315146
2
3
2
1 2528994331
2
1 1383055
3
3
2
2
1 2866823670
3
1 1578896958
1 1048144665
2
1 3553210387
3
3
1 4000023620
2
1 2538100260
3
2
2
2
3
2
2
3
2
1 2890921055
2
3
2
3
3
1 3149278556
3
2
2
1 2820615583
3
1 2546663428
2
2
2
3
1 1117272321
1 3863946518
1 355732801
1 472365295
2
1 2083964797
3
3
1 2090319489
3
1 2862805326
2
2
1 3663242705
2
2
2
2
2
3
1 4001985283
2
2
2
1 1454208929
2
2
2
1 1292955193
1 4141555681
1 123497771
3
2
3
1 1641376049
1 1018986760
2
2
1 447272981
2
3
2
1 3498674948
3
1 1316620982
2
3
1 3227397175
3
1 1174146048
1 1566846936
2
2
2
2
1 3838939630
3
3
1 2151691565
2
1 4141018594
2
3
1 1771169881
3
2
2
1 878983985
1 2892647364
1 894782333
1 3857065875
2
3
1 521218238
3
1 331351591
1 2826300306
1 690904692
2
1 1223663745
2
2
3
1 3586020118
3
2
2
2
3
3
1 1305172354
2
3
1 1823172836
2
2
2
3
2
1 2682640467
2
1 1783732832
2
2
2
1 935699833
1 3091816048
1 1670449620
1 2147548548
3
1 1194680766
2
2
2
1 534558175
1 439989905
2
3
2
2
3
2
2
1 1586394994
2
2
3
2
2
2
2
1 1941158059
1 2031859781
2
2
3
1 2617504140
2
2
1 1905185130
2
1 856316854
2
2
2
3
3
3
2
2
1 2251709882
1 3774614941
2
3
3
1 1793957178
1 594050622
2
2
1 4259082012
2
2
2
1 1421613087
1 504899234
2
1 2304023895
2
2
1 2899103880
2
2
1 1088639965
1 1793406537
1 750199092
1 4052488489
2
2
2
3
1 1392639076
2
1 1252129166
3
2
2
1 1306886855
1 2249961339
2
1 3449575620
2
1 2136951810
2
1 1112822088
1 733623823
2
1 1469505691
1 1723388748
1 1879074847
1 3600806074
1 2837625509
1 3140785085
3
2
1 2802211802
1 3803817084
2
1 785774796
1 4142885865
2
2
1 1780758068
1 275985770
3
1 1120236239
2
1 4171726451
2
2
1 700272922
1 2260293918
1 2792840009
1 4178039272
1 2016339550
1 3133042106
2
1 3533355878
3
1 1884289445
2
3
2
1 1762601385
1 1720284211
1 2832404598
2
3
1 1171195822
1 889746277
1 2879753246
2
1 1637926862
2
2
1 2243141862
2
2
1 1192038079
2
2
3
2
2
1 2656080566
3
1 2385348124
3
1 1616478678
2
2
1 1703228458
1 2445496244
1 2231949773
2
3
2
2
3
2
2
1 1447856511
2
2
3
1 2860692235
3
3
2
1 3777783053
3
2
2
1 1362619295
2
1 3406424239
1 3394927863
2
1 2265868350
2
1 212735998
1 625314880
3
2
2
3
3
2
2
2
2
2
1 1336115858
3
2
2
2
2
2
2
2
2
3
2
2
3
3
2
1 3401056539
1 2423919157
2
2
2
3
1 236076396
2
1 4067569827
3
2
3
1 3685273585
3
1 622032899
1 3907944181
1 2903492969
2
1 3875603995
3
2
2
2
3
1 4153450064
1 4105654016
2
1 3554203303
2
3
1 3118590947
1 2243717735
