449940190
224970095
612485051
806242529
903121268
451560634
225780317
612890162
306445081
653222544
326611272
163305636
81652818
40826409
520413208
260206604
130103302
65051651
532525829
766262918
383131459
691565733
845782870
422891435
711445721
855722864
427861432
213930716
106965358
53482679
526741343
763370675
881685341
940842674
470421337
735210672
367605336
367605336
183802668
91901334
45950667
522975337
761487672
380743836
380743836
190371918
95185959
547592983
773796495
886898251
943449129
971724568
485862284
242931142
121465571
560732789
780366398
390183199
695091603
847545805
923772906
461886453
730943230
365471615
682735811
841367909
920683958
460341979
730170993
865085500
432542750
216271375
608135691
804067849
902033928
451016964
225508482
112754241
556377124
278188562
139094281
569547144
284773572
142386786
71193393
535596700
267798350
133899175
566949591
783474799
891737403
945868705
972934356
486467178
243233589
621616798
310808399
655404203
827702105
913851056
456925528
228462764
114231382
57115691
528557849
764278928
382139464
191069732
95534866
47767433
523883720
261941860
130970930
65485465
532742736
266371368
133185684
66592842
33296421
516648214
258324107
629162057
814581032
407290516
203645258
101822629
101822629
550911318
275455659
637727833
818863920
409431960
204715980
204715980
102357990
51178995
525589501
762794754
381397377
690698692
345349346
172674673
586337340
293168670
293168670
146584335
573292171
786646089
893323048
446661524
223330762
111665381
555832694
277916347
638958177
638958177
819479092
409739546
204869773
602434890
602434890
301217445
650608726
325304363
662652185
831326096
415663048
207831524
103915762
51957881
525978944
262989472
131494736
65747368
32873684
16436842
8218421
504109214
252054607
252054607
626027307
813013657
906506832
453253416
226626708
113313354
56656677
528328342
264164171
632082089
816041048
408020524
204010262
102005131
551002569
775501288
387750644
193875322
96937661
548468834
274234417
637117212
318558606
159279303
579639655
789819831
894909919
947454963
973727485
986863746
493431873
746715940
373357970
186678985
593339496
296669748
148334874
74167437
537083722
268541861
634270934
317135467
658567737
829283872
414641936
207320968
207320968
103660484
51830242
25915121
512957564
256478782
128239391
564119699
782059853
891029930
891029930
445514965
722757486
361378743
680689375
840344691
920172349
960086178
480043089
740021548
370010774
185005387
592502697
796251352
398125676
398125676
199062838
99531419
549765713
774882860
387441430
193720715
596860361
798430184
399215092
199607546
99803773
549901890
274950945
637475476
318737738
159368869
579684438
289842219
644921113
822460560
411230280
205615140
102807570
51403785
525701896
262850948
131425474
65712737
532856372
266428186
133214093
566607050
283303525
641651766
320825883
320825883
660412945
830206476
415103238
207551619
603775813
801887910
400943955
700471981
850235994
425117997
712559002
356279501
678139754
339069877
669534942
334767471
667383739
833691873
916845940
458422970
229211485
614605746
307302873
653651440
326825720
163412860
81706430
40853215
520426611
760213309
880106658
440053329
720026668
360013334
180006667
590003337
795001672
397500836
198750418
99375209
99375209
549687608
549687608
274843804
137421902
137421902
68710951
534355479
767177743
883588875
941794441
970897224
485448612
242724306
121362153
560681080
280340540
140170270
70085135
535042571
767521289
883760648
441880324
220940162
110470081
555235044
277617522
138808761
569404384
284702192
142351096
71175548
35587774
17793887
508896947
754448477
877224242
438612121
719306064
359653032
359653032
179826516
89913258
44956629
522478318
261239159
630619583
815309795
907654901
953827454
476913727
738456867
869228437
869228437
934614222
467307111
733653559
866826783
866826783
933413395
966706701
983353354
491676677
745838342
372919171
686459589
843229798
421614899
710807453
855403730
855403730
427701865
713850936
356925468
178462734
89231367
544615687
772307847
886153927
943076967
971538487
985769247
992884627
996442317
998221162
499110581
749555294
374777647
687388827
843694417
921847212
460923606
230461803
615230905
807615456
403807728
201903864
100951932
50475966
25237983
512618995
756309501
878154754
439077377
719538692
719538692
359769346
179884673
589942340
294971170
147485585
573742796
286871398
143435699
571717853
785858930
392929465
696464736
348232368
174116184
87058092
43529046
43529046
21764523
510882265
755441136
377720568
188860284
94430142
47215071
523607539
761803773
880901890
440450945
720225476
360112738
180056369
590028188
295014094
147507047
573753527
786876767
893438387
946719197
973359602
486679801
743339904
371669952
185834976
92917488
46458744
23229372
11614686
5807343
5807343
5807343
502903675
502903675
751451841
875725924
437862962
218931481
609465744
304732872
152366436
76183218
38091609
519045808
259522904
129761452
64880726
32440363
516220185
758110096
379055048
189527524
94763762
47381881
523690944
261845472
130922736
65461368
32730684
16365342
8182671
504091339
752045673
876022840
438011420
438011420
219005710
109502855
109502855
554751431
777375719
888687863
944343935
972171971
986085989
993042998
496521499
748260753
874130380
437065190
218532595
609266301
804633154
402316577
402316577
701158292
701158292
350579146
175289573
587644790
293822395
646911201
823455604
411727802
411727802
205863901
205863901
602931954
301465977
650732992
325366496
162683248
81341624
40670812
20335406
10167703
505083855
752541931
876270969
938135488
469067744
234533872
117266936
58633468
29316734
14658367
14658367
507329187
507329187
753664597
876832302
438416151
719208079
859604043
859604043
929802025
964901016
482450508
241225254
120612627
560306317
780153162
390076581
390076581
695038294
347519147
673759577
836879792
418439896
209219948
209219948
104609974
52304987
526152497
763076252
381538126
190769063
595384535
797692271
898846139
949423073
974711540
487355770
243677885
621838946
310919473
655459740
327729870
163864935
581932471
790966239
895483123
947741565
973870786
486935393
743467700
371733850
185866925
592933466
296466733
648233370
324116685
662058346
662058346
331029173
665514590
332757295
666378651
833189329
916594668
458297334
229148667
614574337
807287172
403643586
201821793
600910900
300455450
150227725
575113866
287556933
643778470
321889235
660944621
830472314
415236157
707618082
353809041
676904524
676904524
338452262
169226131
584613069
792306538
396153269
698076638
349038319
674519163
837259585
918629796
459314898
229657449
614828728
307414364
153707182
76853591
76853591
538426799
769213403
884606705
942303356
471151678
235575839
617787923
808893965
904446986
452223493
726111750
363055875
363055875
681527941
840763974
840763974
420381987
420381987
710190997
855095502
855095502
427547751
713773879
856886943
928443475
964221741
982110874
491055437
745527722
372763861
686381934
343190967
671595487
835797747
917898877
917898877
958949442
479474721
739737364
369868682
369868682
184934341
592467174
296233587
648116797
824058402
412029201
706014604
353007302
176503651
588251829
588251829
794125918
397062959
698531483
849265745
924632876
924632876
462316438
231158219
615579113
807789560
807789560
403894780
201947390
201947390
100973695
550486851
775243429
887621718
443810859
721905433
860952720
430476360
215238180
107619090
53809545
526904776
263452388
263452388
131726194
65863097
532931552
532931552
266465776
133232888
66616444
33308222
16654111
508327059
754163533
877081770
438540885
719270446
359635223
679817615
839908811
919954409
959977208
479988604
239994302
239994302
119997151
559998579
779999293
889999650
444999825
722499916
361249958
180624979
590312493
795156250
397578125
698789066
349394533
674697270
337348635
668674321
834337164
417168582
208584291
604292149
604292149
802146078
401073039
700536523
700536523
850268265
925134136
462567068
231283534
115641767
557820887
778910447
889455227
944727617
972363812
972363812
486181906
243090953
621545480
310772740
155386370
77693185
77693185
538846596
269423298
134711649
134711649
567355828
283677914
283677914
141838957
570919482
285459741
642729874
321364937
660682472
330341236
165170618
82585309
541292658
270646329
635323168
317661584
158830792
79415396
39707698
19853849
19853849
509926928
254963464
127481732
63740866
31870433
515935220
515935220
257967610
128983805
564491906
282245953
641122980
320561490
160280745
580140376
290070188
145035094
72517547
536258777
768129392
384064696
192032348
96016174
48008087
524004047
762002027
881001017
940500512
940500512
940500512
470250256
235125128
235125128
117562564
58781282
29390641
514695324
257347662
128673831
564336919
782168463
891084235
945542121
972771064
486385532
243192766
121596383
560798195
780399101
890199554
445099777
722549892
361274946
180637473
590318740
295159370
147579685
573789846
286894923
643447465
821723736
410861868
205430934
102715467
551357737
775678872
387839436
193919718
96959859
548479933
774239970
774239970
774239970
387119985
693559996
346779998
173389999
586695003
793347505
896673756
448336878
224168439
612084223
612084223
806042115
903021061
951510534
475755267
737877637
868938822
434469411
717234709
858617358
429308679
714654343
857327175
928663591
964331799
982165903
991082955
995541481
997770744
498885372
249442686
124721343
562360675
781180341
890590174
445295087
722647547
861323777
930661892
465330946
232665473
616332740
616332740
308166370
154083185
577041596
288520798
144260399
572130203
572130203
786065105
893032556
446516278
223258139
611629073
805814540
402907270
201453635
600726821
600726821
800363414
400181707
700090857
850045432
425022716
212511358
106255679
553127843
776563925
776563925
888281966
444140983
722070495
861035251
930517629
965258818
482629409
741314708
370657354
185328677
592664342
592664342
296332171
648166089
824083048
412041524
206020762
206020762
103010381
551505194
275752597
637876302
637876302
318938151
318938151
659469079
829734543
829734543
914867275
957433641
978716824
489358412
244679206
122339603
561169805
561169805
780584906
390292453
390292453
695146230
347573115
673786561
836893284
418446642
209223321
209223321
604611664
302305832
302305832
302305832
151152916
75576458
75576458
37788229
518894118
259447059
629723533
814861770
407430885
703715446
351857723
675928865
837964436
418982218
209491109
604745558
302372779
651186393
825593200
412796600
206398300
103199150
51599575
525799791
762899899
881449953
940724980
470362490
235181245
617590626
308795313
654397660
327198830
163599415
581799711
790899859
790899859
790899859
790899859
790899859
895449933
947724970
473862485
736931246
368465623
684232815
842116411
921058209
960529108
480264554
480264554
240132277
620066142
310033071
655016539
827508273
913754140
456877070
228438535
614219271
807109639
903554823
951777415
951777415
975888711
987944359
993972183
996986095
998493051
999246529
999623268
499811634
249905817
624952912
312476456
156238228
78119114
39059557
519529782
259764891
629882449
814941228
407470614
203735307
203735307
601867657
800933832
400466916
200233458
100116729
100116729
550058368
275029184
137514592
68757296
34378648
17189324
8594662
8594662
4297331
502148669
751074338
375537169
687768588
343884294
343884294
171942147
585971077
792985542
396492771
698246389
849123198
424561599
712280803
856140405
928070206
464035103
732017555
866008781
933004394
933004394
466502197
733251102
366625551
683312779
841656393
920828200
460414100
230207050
115103525
557551766
278775883
639387945
639387945
819693976
819693976
409846988
409846988
204923494
204923494
102461747
102461747
551230877
775615442
387807721
387807721
693903864
693903864
346951932
173475966
86737983
543368995
771684501
885842254
442921127
442921127
442921127
721460567
721460567
860730287
930365147
965182577
982591292
982591292
491295646
245647823
622823915
811411961
905705984
905705984
452852992
226426496
113213248
56606624
28303312
14151656
14151656
7075828
3537914
1768957
500884482
250442241
625221124
625221124
312610562
156305281
578152644
289076322
144538161
144538161
572269084
286134542
143067271
571533639
785766823
892883415
946441711
973220859
986610433
993305220
496652610
248326305
624163156
624163156
312081578
156040789
156040789
156040789
578020398
578020398
289010199
644505103
822252555
911126281
955563144
477781572
477781572
477781572
477781572
238890786
119445393
559722700
279861350
139930675
569965341
784982674
392491337
696245672
348122836
174061418
87030709
543515358
271757679
271757679
635878843
817939425
908969716
454484858
227242429
613621218
613621218
306810609
653405308
326702654
326702654
326702654
163351327
581675667
790837837
895418922
447709461
447709461
723854734
723854734
361927367
680963687
840481847
920240927
920240927
960120467
960120467
980060237
990030122
495015061
747507534
373753767
686876887
843438447
921719227
960859617
980429812
490214906
245107453
622553730
311276865
311276865
655638436
327819218
163909609
581954808
290977404
145488702
72744351
72744351
536372179
536372179
536372179
768186093
884093050
442046525
442046525
721023266
360511633
680255820
680255820
340127910
170063955
585031981
585031981
792515994
396257997
698129002
349064501
674532254
337266127
337266127
668633067
834316537
917158272
458579136
229289568
114644784
114644784
57322392
57322392
57322392
28661196
14330598
7165299
503582653
751791330
375895665
687947836
343973918
171986959
585993483
792996745
792996745
896498376
896498376
448249188
224124594
112062297
556031152
278015576
139007788
69503894
34751947
517375977
758687992
379343996
189671998
94835999
547418003
773709005
886854506
443427253
721713630
360856815
680428411
840214209
840214209
920107108
460053554
230026777
230026777
615013392
307506696
153753348
76876674
38438337
38438337
519219172
259609586
129804793
129804793
564902400
282451200
141225600
70612800
35306400
17653200
8826600
4413300
4413300
2206650
1103325
500551666
250275833
625137920
625137920
312568960
156284480
78142240
39071120
39071120
39071120
19535560
19535560
19535560
9767780
4883890
4883890
4883890
2441945
501220976
250610488
250610488
125305244
62652622
31326311
515663159
757831583
878915795
939457901
939457901
969728954
484864477
742432242
371216121
371216121
685608064
342804032
171402016
171402016
85701008
42850504
21425252
21425252
10712626
10712626
5356313
502678160
251339080
125669540
125669540
62834770
31417385
515708696
257854348
128927174
64463587
532231797
766115902
383057951
691528979
691528979
845764493
922882250
461441125
461441125
461441125
730720566
365360283
682680145
841340076
420670038
210335019
605167513
802583760
401291880
401291880
200645940
100322970
50161485
525080746
262540373
262540373
262540373
262540373
631270190
315635095
657817551
828908779
828908779
914454393
957227200
478613600
239306800
239306800
119653400
59826700
59826700
59826700
29913350
14956675
507478341
753739174
376869587
376869587
376869587
688434797
844217402
844217402
422108701
711054354
355527177
355527177
677763592
338881796
169440898
84720449
542360228
271180114
135590057
567795032
283897516
141948758
141948758
70974379
535487193
767743600
383871800
191935900
191935900
191935900
95967950
95967950
47983975
47983975
523991991
761995999
880998003
940499005
970249506
485124753
742562380
371281190
185640595
592820301
796410154
398205077
699102542
349551271
674775639
837387823
918693915
959346961
959346961
979673484
489836742
244918371
622459189
811229598
405614799
702807403
851403705
925701856
462850928
231425464
115712732
115712732
57856366
28928183
28928183
514464095
757232051
878616029
878616029
939308018
469654009
469654009
469654009
734827008
367413504
183706752
91853376
45926688
22963344
11481672
5740836
5740836
2870418
1435209
1435209
500717608
250358804
250358804
125179402
125179402
62589701
531294854
265647427
632823717
816411862
816411862
408205931
704102969
852051488
426025744
213012872
106506436
53253218
26626609
513313308
256656654
256656654
128328327
564164167
564164167
564164167
782082087
891041047
891041047
945520527
972760267
972760267
986380137
993190072
496595036
248297518
248297518
124148759
562074383
781037195
890518601
890518601
945259304
472629652
236314826
118157413
559078710
279539355
639769681
819884844
409942422
409942422
204971211
602485609
801242808
400621404
400621404
200310702
100155351
550077679
550077679
775038843
887519425
887519425
943759716
471879858
471879858
235939929
617969968
308984984
308984984
154492492
154492492
77246246
38623123
519311565
759655786
759655786
379827893
689913950
344956975
672478491
836239249
918119628
918119628
918119628
459059814
229529907
614764957
807382482
403691241
701845624
350922812
175461406
87730703
543865355
771932681
771932681
885966344
442983172
221491586
221491586
110745793
555372900
277686450
138843225
569421616
284710808
284710808
284710808
142355404
71177702
71177702
35588851
35588851
517794429
758897218
758897218
379448609
689724308
689724308
344862154
172431077
586215542
293107771
293107771
646553889
823276948
411638474
411638474
205819237
602909622
301454811
650727409
825363708
412681854
206340927
603170467
801585237
900792622
900792622
450396311
725198159
862599083
931299545
965649776
482824888
482824888
482824888
482824888
241412444
120706222
60353111
530176559
765088283
882544145
882544145
941272076
470636038
235318019
617659013
617659013
617659013
808829510
404414755
702207381
851103694
851103694
425551847
712775927
856387967
928193987
928193987
928193987
964096997
982048502
491024251
745512129
872756068
436378034
218189017
609094512
304547256
304547256
152273628
152273628
76136814
38068407
38068407
519034207
519034207
759517107
879758557
939879282
469939641
734969824
367484912
183742456
91871228
91871228
45935614
22967807
511483907
511483907
755741957
877870982
438935491
438935491
719467749
859733878
429866939
714933473
857466740
428733370
214366685
214366685
607183346
303591673
651795840
325897920
162948960
81474480
40737240
20368620
10184310
10184310
5092155
502546081
751273044
375636522
187818261
187818261
593909134
296954567
648477287
824238647
912119327
956059667
978029837
978029837
989014922
989014922
494507461
494507461
747253734
373626867
686813437
843406722
421703361
710851684
355425842
177712921
177712921
588856464
294428232
147214116
73607058
36803529
518401768
259200884
129600442
129600442
64800221
532400114
266200057
633100032
316550016
158275008
158275008
79137504
39568752
19784376
9892188
9892188
4946094
2473047
501236527
750618267
875309137
875309137
937654572
937654572
937654572
937654572
468827286
234413643
617206825
808603416
808603416
404301708
404301708
202150854
202150854
101075427
101075427
550537717
775268862
387634431
693817219
693817219
846908613
846908613
923454310
461727155
730863581
730863581
730863581
865431794
432715897
716357952
358178976
179089488
89544744
89544744
89544744
89544744
89544744
44772372
22386186
11193093
505596550
505596550
252798275
626399141
813199574
406599787
703299897
703299897
703299897
851649952
425824976
212912488
106456244
53228122
26614061
513307034
256653517
628326762
314163381
657081694
328540847
664270427
832135217
916067612
458033806
229016903
614508455
807254231
903627119
903627119
903627119
951813563
975906785
987953396
493976698
246988349
623494178
311747089
311747089
655873548
327936774
163968387
581984197
790992102
395496051
697748029
848874018
424437009
712218508
356109254
356109254
356109254
178054627
589027317
794513662
397256831
698628419
849314213
924657110
924657110
462328555
731164281
865582144
865582144
432791072
432791072
216395536
108197768
54098884
54098884
27049442
13524721
506762364
506762364
506762364
506762364
506762364
253381182
126690591
126690591
563345299
781672653
781672653
890836330
445418165
722709086
361354543
361354543
680677275
840338641
840338641
920169324
920169324
460084662
230042331
615021169
807510588
403755294
201877647
600938827
600938827
800469417
900234712
450117356
225058678
112529339
556264673
556264673
778132340
778132340
778132340
389066170
194533085
597266546
597266546
298633273
298633273
298633273
649316640
649316640
324658320
324658320
162329160
81164580
81164580
40582290
40582290
40582290
20291145
510145576
510145576
255072788
127536394
127536394
63768197
531884102
265942051
265942051
632971029
816485518
408242759
704121383
852060695
926030351
963015179
963015179
963015179
981507593
981507593
990753800
495376900
247688450
123844225
561922116
561922116
280961058
140480529
140480529
570240268
285120134
142560067
571280037
785640022
392820011
696410009
848205008
848205008
424102504
424102504
424102504
212051252
106025626
53012813
526506410
526506410
263253205
631626606
315813303
657906655
657906655
657906655
828953331
914476669
957238338
957238338
478619169
739309588
369654794
184827397
184827397
592413702
296206851
296206851
648103429
648103429
824051718
412025859
412025859
706012933
853006470
853006470
426503235
713251621
713251621
856625814
428312907
428312907
428312907
714156457
857078232
428539116
428539116
214269558
214269558
107134779
553567393
553567393
776783700
388391850
194195925
597097966
298548983
649274495
824637251
912318629
956159318
478079659
739039833
869519920
434759960
217379980
108689990
54344995
527172501
763586254
381793127
690896567
690896567
845448287
922724147
961362077
980681042
490340521
745170264
745170264
372585132
186292566
186292566
93146283
546573145
773286576
773286576
773286576
386643288
386643288
193321644
96660822
48330411
524165209
762082608
762082608
762082608
762082608
381041304
190520652
95260326
95260326
47630163
523815085
523815085
761907546
380953773
690476890
345238445
672619226
336309613
668154810
334077405
667038706
333519353
666759680
666759680
333379840
166689920
83344960
83344960
41672480
41672480
20836240
10418120
5209060
5209060
2604530
1302265
1302265
500651136
250325568
125162784
62581392
31290696
15645348
7822674
7822674
3911337
501955672
501955672
250977836
250977836
125488918
125488918
125488918
62744459
531372233
531372233
765686120
382843060
191421530
95710765
547855386
273927693
636963850
636963850
636963850
318481925
318481925
318481925
318481925
318481925
659240966
329620483
329620483
664810245
832405126
416202563
416202563
416202563
708101285
854050646
854050646
427025323
427025323
427025323
427025323
427025323
713512665
856756336
856756336
428378168
428378168
214189084
107094542
53547271
53547271
526773639
763386823
881693415
940846711
940846711
940846711
970423359
985211683
992605845
996302926
498151463
749075735
874537871
937268939
968634473
984317240
492158620
492158620
492158620
492158620
246079310
123039655
561519831
780759919
890379963
890379963
945189985
945189985
945189985
945189985
945189985
972594996
972594996
486297498
486297498
243148749
621574378
310787189
310787189
655393598
327696799
327696799
663848403
831924205
831924205
915962106
915962106
457981053
457981053
728990530
364495265
682247636
341123818
341123818
341123818
341123818
170561909
585280958
585280958
292640479
646320243
823160125
911580066
455790033
727895020
363947510
363947510
181973755
590986881
795493444
397746722
198873361
599436684
299718342
149859171
574929589
787464798
393732399
393732399
696866203
848433105
924216556
924216556
924216556
462108278
231054139
231054139
615527073
807763540
403881770
403881770
201940885
600970446
600970446
300485223
650242615
650242615
825121311
912560659
956280333
978140170
978140170
489070085
489070085
489070085
744535046
372267523
686133765
843066886
421533443
710766725
855383366
427691683
427691683
713845845
856922926
856922926
856922926
428461463
428461463
428461463
714230735
714230735
714230735
857115371
857115371
928557689
964278848
482139424
482139424
241069712
241069712
241069712
120534856
60267428
60267428
30133714
30133714
15066857
15066857
507533432
507533432
253766716
126883358
63441679
531720843
765860425
765860425
882930216
882930216
441465108
220732554
110366277
555183142
277591571
638795789
638795789
638795789
638795789
638795789
819397898
819397898
409698949
704849478
352424739
676212373
838106190
419053095
709526551
709526551
854763279
927381643
927381643
963690825
981845416
490922708
490922708
245461354
122730677
122730677
122730677
561365342
561365342
280682671
280682671
640341339
820170673
910085340
455042670
227521335
227521335
613760671
806880339
806880339
903440173
951720090
475860045
737930026
368965013
684482510
684482510
342241255
671120631
835560319
835560319
917780163
958890085
979445046
489722523
744861265
872430636
436215318
436215318
436215318
436215318
218107659
218107659
609053833
804526920
804526920
402263460
201131730
201131730
100565865
100565865
550282936
550282936
275141468
137570734
68785367
534392687
534392687
767196347
883598177
941799092
470899546
235449773
617724890
617724890
617724890
308862445
308862445
654431226
654431226
327215613
663607810
663607810
331803905
665901956
332950978
166475489
166475489
166475489
166475489
583237748
291618874
145809437
572904722
572904722
572904722
572904722
286452361
286452361
286452361
643226184
321613092
321613092
160806546
80403273
80403273
540201640
270100820
135050410
67525205
533762606
266881303
633440655
633440655
633440655
816720331
908360169
954180088
954180088
954180088
477090044
238545022
119272511
559636259
779818133
889909070
444954535
444954535
444954535
722477271
861238639
930619323
930619323
965309665
965309665
965309665
965309665
982654836
982654836
491327418
245663709
622831858
311415929
655707968
327853984
163926992
81963496
40981748
40981748
20490874
10245437
10245437
505122722
252561361
626280684
313140342
156570171
578285089
789142548
789142548
394571274
197285637
598642822
598642822
299321411
649660709
824830358
412415179
412415179
706207593
706207593
706207593
706207593
706207593
853103800
426551900
213275950
213275950
106637975
553318991
776659499
776659499
888329753
944164880
944164880
944164880
944164880
472082440
472082440
236041220
118020610
59010305
59010305
59010305
59010305
529505156
264752578
132376289
566188148
283094074
141547037
570773522
285386761
642693384
642693384
321346692
160673346
80336673
540168340
270084170
270084170
135042085
567521046
283760523
283760523
641880265
641880265
820940136
410470068
205235034
205235034
102617517
551308762
275654381
637827194
318913597
659456802
659456802
659456802
329728401
664864204
332432102
332432102
166216051
166216051
583108029
791554018
791554018
395777009
697888508
697888508
348944254
174472127
174472127
587236067
587236067
587236067
587236067
793618037
896809022
448404511
448404511
724202259
724202259
862101133
931050570
465525285
732762646
366381323
683190665
683190665
683190665
841595336
841595336
420797668
420797668
210398834
105199417
552599712
276299856
138149928
69074964
34537482
17268741
508634374
508634374
508634374
508634374
254317187
627158597
813579302
406789651
703394829
851697418
425848709
712924358
712924358
356462179
356462179
356462179
678231093
839115550
419557775
709778891
854889449
927444728
463722364
463722364
231861182
115930591
557965299
557965299
778982653
889491330
889491330
889491330
889491330
444745665
722372836
361186418
180593209
590296608
295148304
295148304
295148304
147574152
147574152
147574152
73787076
36893538
18446769
18446769
509223388
254611694
254611694
127305847
563652927
563652927
563652927
781826467
890913237
890913237
890913237
945456622
945456622
945456622
472728311
472728311
736364159
736364159
868182083
868182083
934091045
967045526
483522763
741761385
741761385
870880696
435440348
217720174
108860087
554430047
777215027
888607517
888607517
888607517
944303762
472151881
736075944
368037972
184018986
184018986
92009493
546004750
273002375
273002375
636501191
818250599
818250599
909125303
954562655
977281331
988640669
988640669
994320338
497160169
497160169
748580088
748580088
374290044
374290044
374290044
374290044
187145022
187145022
93572511
546786259
773393133
886696570
443348285
721674146
360837073
680418540
340209270
170104635
585052321
792526164
792526164
396263082
198131541
599065774
599065774
599065774
599065774
299532887
649766447
824883227
912441617
912441617
956220812
478110406
239055203
619527605
809763806
404881903
404881903
404881903
702440955
851220481
925610244
462805122
231402561
615701284
307850642
153925321
153925321
153925321
153925321
576962664
288481332
144240666
72120333
536060170
536060170
268030085
268030085
634015046
317007523
317007523
317007523
658503765
829251886
414625943
414625943
707312975
853656491
926828249
963414128
481707064
240853532
120426766
60213383
530106695
530106695
765053351
882526679
882526679
941263343
970631675
970631675
985315841
985315841
985315841
985315841
992657924
992657924
496328962
248164481
624082244
312041122
156020561
156020561
578010284
578010284
289005142
289005142
144502571
572251289
786125648
393062824
393062824
393062824
196531412
196531412
196531412
98265706
98265706
49132853
524566430
262283215
631141611
815570809
907785408
453892704
226946352
226946352
113473176
56736588
56736588
28368294
28368294
14184147
507092077
753546042
376773021
688386514
344193257
672096632
336048316
336048316
336048316
168024158
84012079
542006043
542006043
771003025
885501516
442750758
221375379
610687693
805343850
402671925
701335966
350667983
675333995
837667001
918833504
918833504
459416752
459416752
229708376
114854188
57427094
28713547
514356777
757178392
378589196
378589196
189294598
94647299
547323653
547323653
547323653
547323653
547323653
773661830
773661830
386830915
693415461
846707734
423353867
711676937
855838472
427919236
213959618
106979809
106979809
553489908
553489908
553489908
553489908
276744954
138372477
138372477
569186242
284593121
284593121
284593121
642296564
321148282
321148282
321148282
321148282
160574141
580287074
290143537
645071772
322535886
161267943
161267943
161267943
161267943
580633975
790316991
895158499
947579253
973789630
973789630
486894815
486894815
743447411
871723709
935861858
935861858
467930929
733965468
366982734
183491367
183491367
591745687
795872847
897936427
897936427
897936427
948968217
974484112
487242056
243621028
121810514
60905257
60905257
530452632
530452632
530452632
530452632
530452632
265226316
132613158
66306579
533153293
766576650
383288325
691644166
345822083
345822083
672911045
672911045
836455526
418227763
709113885
854556946
854556946
427278473
713639240
356819620
356819620
356819620
178409810
178409810
178409810
178409810
89204905
89204905
89204905
544602456
272301228
136150614
68075307
534037657
534037657
767018832
767018832
383509416
383509416
191754708
191754708
95877354
95877354
47938677
523969342
261984671
261984671
630992339
815496173
907748090
453874045
453874045
726937026
726937026
726937026
363468513
363468513
363468513
363468513
681734260
340867130
340867130
170433565
585216786
585216786
292608393
292608393
292608393
646304200
323152100
323152100
161576050
161576050
80788025
540394016
540394016
270197008
135098504
135098504
135098504
135098504
67549252
67549252
67549252
33774626
16887313
508443660
254221830
127110915
563555461
781777734
390888867
390888867
390888867
695444437
847722222
423861111
711930559
855965283
927982645
927982645
963991326
963991326
963991326
481995663
481995663
740997835
740997835
870498921
870498921
870498921
935249464
467624732
233812366
116906183
558453095
558453095
779226551
889613279
944806643
944806643
944806643
944806643
972403325
986201666
493100833
493100833
746550420
373275210
186637605
593318806
593318806
593318806
296659403
296659403
296659403
648329705
824164856
824164856
824164856
412082428
206041214
206041214
206041214
206041214
103020607
551510307
551510307
775755157
887877582
443938791
443938791
721969399
860984703
930492355
930492355
965246181
982623094
982623094
491311547
491311547
491311547
491311547
491311547
491311547
745655777
745655777
872827892
872827892
436413946
436413946
436413946
436413946
436413946
436413946
218206973
609103490
304551745
304551745
652275876
326137938
326137938
163068969
581534488
290767244
145383622
145383622
72691811
72691811
536345909
768172958
768172958
384086479
692043243
846021625
923010816
461505408
230752704
230752704
115376352
57688176
28844088
14422044
14422044
7211022
7211022
7211022
3605511
501802759
750901383
875450695
937725351
968862679
984431343
984431343
992215675
996107841
998053924
499026962
249513481
624756744
624756744
312378372
312378372
312378372
156189186
156189186
156189186
78094593
539047300
269523650
269523650
134761825
134761825
134761825
567380916
283690458
141845229
141845229
141845229
141845229
141845229
570922618
285461309
642730658
642730658
642730658
321365329
660682668
660682668
330341334
330341334
165170667
165170667
165170667
165170667
582585337
791292672
791292672
395646336
197823168
98911584
49455792
24727896
12363948
6181974
3090987
3090987
501545497
501545497
750772752
750772752
750772752
375386376
187693188
93846594
46923297
523461652
261730826
130865413
565432710
282716355
282716355
641358181
820679094
820679094
820679094
820679094
820679094
820679094
820679094
820679094
410339547
705169777
852584892
426292446
213146223
606573115
606573115
803286561
901643284
901643284
450821642
225410821
225410821
612705414
306352707
306352707
653176357
653176357
826588182
826588182
826588182
413294091
413294091
706647049
706647049
853323528
853323528
426661764
213330882
106665441
553332724
276666362
276666362
138333181
138333181
138333181
569166594
569166594
284583297
642291652
642291652
321145826
160572913
580286460
290143230
145071615
145071615
572535811
572535811
786267909
893133958
446566979
723283493
723283493
861641750
430820875
715410441
715410441
715410441
715410441
857705224
428852612
428852612
428852612
214426306
107213153
107213153
553606580
553606580
276803290
138401645
138401645
569200826
569200826
569200826
284600413
642300210
321150105
321150105
660575056
330287528
330287528
330287528
165143764
82571882
41285941
520642974
260321487
630160747
815080377
815080377
815080377
907540192
453770096
226885048
226885048
226885048
113442524
56721262
28360631
28360631
514180319
757090163
757090163
878545085
939272546
939272546
469636273
734818140
734818140
734818140
367409070
183704535
591852271
795926139
897963073
948981540
948981540
948981540
948981540
474490770
237245385
237245385
237245385
237245385
618622696
618622696
309311348
309311348
309311348
154655674
77327837
538663922
269331961
634665984
317332992
317332992
317332992
158666496
79333248
79333248
39666624
39666624
39666624
19833312
9916656
4958328
2479164
1239582
619791
500309899
750154953
875077480
875077480
437538740
437538740
437538740
218769370
109384685
554692346
554692346
277346173
277346173
277346173
638673090
319336545
659668276
329834138
164917069
582458538
582458538
582458538
291229269
645614638
322807319
322807319
322807319
661403663
830701835
830701835
830701835
915350921
957675464
478837732
478837732
478837732
239418866
119709433
559854720
279927360
279927360
279927360
279927360
139963680
139963680
139963680
69981840
34990920
34990920
34990920
34990920
17495460
17495460
8747730
4373865
502186936
502186936
251093468
251093468
251093468
125546734
62773367
62773367
531386687
765693347
882846677
941423342
470711671
735355839
735355839
735355839
867677923
933838965
933838965
933838965
966919486
966919486
483459743
483459743
483459743
741729875
741729875
870864941
935432474
935432474
935432474
467716237
733858122
366929061
683464534
341732267
670866137
835433072
417716536
208858268
208858268
208858268
208858268
104429134
52214567
526107287
763053647
881526827
881526827
940763417
970381712
485190856
242595428
121297714
60648857
60648857
530324432
265162216
132581108
66290554
66290554
66290554
33145277
33145277
516572642
516572642
258286321
629143164
314571582
314571582
157285791
157285791
157285791
157285791
578642899
578642899
578642899
789321453
789321453
789321453
894660730
447330365
723665186
361832593
680916300
340458150
340458150
170229075
170229075
585114541
585114541
585114541
792557274
396278637
698139322
349069661
349069661
349069661
674534834
674534834
674534834
337267417
337267417
668633712
334316856
167158428
83579214
41789607
41789607
41789607
41789607
520894807
760447407
760447407
880223707
940111857
970055932
970055932
485027966
242513983
242513983
242513983
621256995
621256995
621256995
621256995
621256995
621256995
621256995
810628501
810628501
810628501
905314254
452657127
452657127
726328567
726328567
863164287
863164287
931582147
965791077
965791077
982895542
491447771
745723889
872861948
872861948
872861948
436430974
218215487
609107747
804553877
902276942
451138471
725569239
862784623
862784623
931392315
965696161
982848084
491424042
245712021
622856014
311428007
655714007
827857007
913928507
913928507
913928507
913928507
913928507
956964257
978482132
978482132
978482132
489241066
244620533
622310270
311155135
655577571
827788789
913894398
456947199
728473603
864236805
932118406
932118406
466059203
733029605
866514806
866514806
866514806
433257403
433257403
433257403
716628705
858314356
858314356
858314356
858314356
429157178
214578589
607289298
607289298
607289298
303644649
651822328
651822328
325911164
162955582
162955582
81477791
81477791
81477791
540738899
540738899
770369453
770369453
770369453
770369453
885184730
885184730
442592365
721296186
360648093
680324050
680324050
680324050
340162025
340162025
670081016
335040508
335040508
335040508
335040508
335040508
167520254
83760127
83760127
83760127
83760127
83760127
541880067
541880067
770940037
885470022
885470022
885470022
442735011
442735011
721367509
721367509
860683758
860683758
860683758
430341879
715170943
857585475
857585475
928792741
928792741
964396374
964396374
964396374
482198187
482198187
741099097
870549552
435274776
217637388
108818694
54409347
527204677
763602342
763602342
381801171
690900589
690900589
845450298
422725149
422725149
711362578
355681289
677840648
338920324
338920324
169460162
84730081
542365044
271182522
271182522
135591261
567795634
283897817
641948912
641948912
641948912
320974456
160487228
160487228
160487228
80243614
40121807
40121807
40121807
40121807
520060907
760030457
880015232
440007616
220003808
110001904
55000952
27500476
13750238
13750238
13750238
6875119
503437563
503437563
751718785
875859396
875859396
437929698
437929698
437929698
218964849
609482428
304741214
152370607
576185307
788092657
894046332
447023166
223511583
611755795
805877901
902938954
451469477
451469477
725734742
725734742
725734742
362867371
681433689
840716848
840716848
840716848
840716848
840716848
420358424
210179212
105089606
105089606
52544803
526272405
526272405
763136206
763136206
381568103
381568103
381568103
690784055
690784055
690784055
845392031
845392031
922696019
961348013
980674010
980674010
490337005
490337005
745168506
745168506
745168506
745168506
372584253
686292130
686292130
686292130
686292130
343146065
671573036
335786518
167893259
583946633
791973320
395986660
395986660
197993330
98996665
549498336
274749168
137374584
137374584
137374584
137374584
137374584
137374584
137374584
137374584
137374584
68687292
68687292
34343646
34343646
34343646
34343646
34343646
34343646
34343646
34343646
17171823
508585915
754292961
754292961
877146484
877146484
438573242
438573242
219286621
609643314
304821657
304821657
652410832
326205416
326205416
326205416
163102708
163102708
81551354
40775677
40775677
520387842
260193921
260193921
630096964
315048482
315048482
157524241
578762124
289381062
289381062
144690531
572345269
572345269
786172638
393086319
696543163
696543163
848271585
848271585
848271585
924135796
462067898
231033949
231033949
615516978
307758489
653879248
326939624
163469812
81734906
81734906
81734906
40867453
40867453
40867453
40867453
40867453
520433730
520433730
520433730
260216865
630108436
630108436
630108436
315054218
315054218
315054218
315054218
315054218
157527109
578763558
578763558
578763558
289381779
644690893
822345450
822345450
822345450
411172725
411172725
705586366
705586366
352793183
352793183
352793183
676396595
838198301
919099154
919099154
459549577
729774792
364887396
182443698
91221849
545610928
545610928
272805464
136402732
68201366
68201366
34100683
34100683
517050345
517050345
758525176
379262588
189631294
189631294
189631294
94815647
94815647
547407827
547407827
773703917
773703917
773703917
886851962
886851962
443425981
443425981
443425981
443425981
721712994
360856497
360856497
680428252
340214126
170107063
170107063
170107063
170107063
585053535
792526771
896263389
948131698
474065849
474065849
737032928
368516464
184258232
92129116
46064558
46064558
46064558
23032279
23032279
23032279
511516143
755758075
877879041
938939524
469469762
234734881
234734881
617367444
617367444
308683722
154341861
154341861
577170934
577170934
288585467
644292737
822146372
411073186
205536593
602768300
301384150
301384150
150692075
575346041
787673024
393836512
196918256
98459128
98459128
49229564
49229564
49229564
49229564
24614782
12307391
12307391
506153699
753076853
876538430
876538430
876538430
438269215
438269215
719134611
859567309
859567309
929783658
929783658
464891829
732445918
366222959
683111483
841555745
841555745
920777876
920777876
460388938
230194469
230194469
615097238
307548619
307548619
307548619
653774313
826887160
826887160
826887160
826887160
413443580
413443580
413443580
413443580
206721790
103360895
551680451
775840229
887920118
887920118
887920118
443960059
721980033
721980033
721980033
860990020
860990020
430495010
215247505
215247505
607623756
303811878
151905939
151905939
575952973
575952973
575952973
575952973
787976490
393988245
696994126
348497063
674248535
837124271
918562139
918562139
959281073
979640540
979640540
979640540
489820270
244910135
244910135
244910135
622455071
811227539
811227539
811227539
811227539
905613773
952806890
476403445
476403445
738201726
738201726
369100863
369100863
369100863
369100863
684550435
842275221
842275221
842275221
842275221
921137614
921137614
921137614
460568807
460568807
730284407
865142207
932571107
932571107
932571107
966285557
983142782
491571391
745785699
872892853
936446430
468223215
734111611
734111611
867055809
933527908
466763954
466763954
233381977
616690992
308345496
308345496
308345496
308345496
154172748
77086374
77086374
77086374
38543187
519271597
519271597
519271597
759635802
759635802
379817901
689908954
344954477
672477242
672477242
336238621
668119314
334059657
334059657
667029832
333514916
166757458
83378729
83378729
541689368
270844684
135422342
135422342
67711171
67711171
67711171
67711171
533855589
533855589
533855589
533855589
766927798
766927798
766927798
766927798
383463899
383463899
691731953
845865980
845865980
422932990
211466495
605733251
605733251
605733251
802866629
802866629
802866629
802866629
901433318
901433318
901433318
901433318
450716659
725358333
862679170
862679170
862679170
431339585
715669796
715669796
715669796
715669796
357834898
178917449
589458728
589458728
589458728
294729364
294729364
294729364
294729364
147364682
147364682
73682341
536841174
536841174
268420587
268420587
634210297
817105152
408552576
204276288
204276288
102138144
51069072
25534536
25534536
12767268
6383634
3191817
501595912
250797956
250797956
250797956
125398978
125398978
62699489
531349748
265674874
132837437
132837437
566418722
283209361
283209361
641604684
320802342
160401171
160401171
160401171
160401171
580200589
790100298
395050149
697525078
697525078
697525078
697525078
348762539
348762539
674381273
837190640
837190640
837190640
418595320
209297660
104648830
104648830
52324415
526162211
763081109
881540558
440770279
720385143
860192575
860192575
860192575
930096291
965048149
982524078
982524078
491262039
745631023
745631023
872815515
936407761
936407761
968203884
484101942
242050971
242050971
621025489
810512748
405256374
202628187
202628187
601314097
800657052
400328526
400328526
400328526
400328526
400328526
200164263
600082135
600082135
600082135
600082135
600082135
600082135
600082135
800041071
900020539
900020539
900020539
950010273
975005140
975005140
975005140
487502570
243751285
243751285
621875646
621875646
310937823
655468915
655468915
655468915
655468915
827734461
827734461
913867234
456933617
456933617
728466812
364233406
182116703
591058355
795529181
897764594
897764594
897764594
448882297
724441152
724441152
724441152
362220576
181110288
181110288
181110288
90555144
90555144
90555144
45277572
22638786
11319393
11319393
11319393
505659700
252829850
126414925
563207466
563207466
563207466
281603733
640801870
640801870
320400935
320400935
660200471
830100239
830100239
830100239
915050123
957525065
957525065
957525065
978762536
978762536
978762536
489381268
489381268
244690634
122345317
561172662
280586331
280586331
640293169
820146588
410073294
410073294
410073294
205036647
602518327
801259167
900629587
900629587
900629587
900629587
950314797
975157402
975157402
487578701
487578701
743789354
371894677
371894677
685947342
342973671
342973671
671486839
835743423
835743423
835743423
835743423
917871715
917871715
917871715
917871715
958935861
958935861
958935861
979467934
489733967
489733967
744866987
744866987
872433497
872433497
872433497
872433497
872433497
936216752
468108376
234054188
234054188
117027094
58513547
58513547
529256777
529256777
529256777
764628392
764628392
382314196
191157098
191157098
95578549
95578549
547789278
547789278
547789278
273894639
636947323
818473665
818473665
909236836
454618418
227309209
613654608
613654608
306827304
306827304
306827304
153413652
76706826
76706826
76706826
38353413
519176710
519176710
519176710
259588355
259588355
259588355
629794181
629794181
814897094
814897094
814897094
407448547
407448547
407448547
407448547
407448547
407448547
407448547
703724277
703724277
703724277
703724277
703724277
703724277
703724277
851862142
425931071
425931071
425931071
712965539
712965539
712965539
856482773
928241390
464120695
732060351
732060351
732060351
732060351
866030179
866030179
866030179
933015093
933015093
933015093
933015093
933015093
966507550
966507550
483253775
741626891
741626891
741626891
741626891
870813449
870813449
870813449
870813449
935406728
935406728
467703364
467703364
233851682
233851682
116925841
558462924
279231462
139615731
139615731
569807869
569807869
784903938
784903938
784903938
392451969
392451969
696225988
696225988
348112994
348112994
348112994
348112994
174056497
174056497
174056497
587028252
293514126
146757063
573378535
786689271
893344639
946672323
973336165
986668086
986668086
493334043
746667025
873333516
436666758
436666758
218333379
218333379
218333379
218333379
609166693
804583350
402291675
402291675
701145841
701145841
701145841
701145841
850572924
850572924
850572924
850572924
850572924
425286462
425286462
212643231
606321619
606321619
803160813
803160813
803160813
803160813
803160813
803160813
803160813
803160813
803160813
901580410
450790205
725395106
725395106
725395106
725395106
362697553
681348780
681348780
340674390
170337195
170337195
585168601
585168601
792584304
396292152
396292152
198146076
99073038
49536519
49536519
49536519
49536519
524768263
524768263
762384135
762384135
881192071
881192071
881192071
940596039
940596039
940596039
970298023
970298023
970298023
970298023
970298023
970298023
985149015
985149015
985149015
992574511
992574511
992574511
996287259
996287259
998143633
998143633
998143633
998143633
999071820
499535910
499535910
499535910
249767955
249767955
249767955
624883981
812441994
406220997
703110502
703110502
351555251
351555251
675777629
675777629
837888818
418944409
418944409
709472208
709472208
709472208
354736104
354736104
354736104
354736104
177368052
177368052
177368052
177368052
88684026
88684026
88684026
44342013
522171010
261085505
261085505
630542756
315271378
157635689
157635689
578817848
289408924
144704462
72352231
536176119
768088063
768088063
884044035
942022021
971011014
485505507
485505507
742752757
742752757
742752757
742752757
742752757
742752757
871376382
871376382
871376382
435688191
435688191
717844099
717844099
717844099
717844099
717844099
717844099
717844099
717844099
717844099
717844099
717844099
858922053
858922053
929461030
929461030
929461030
929461030
464730515
464730515
464730515
732365261
866182634
433091317
433091317
716545662
716545662
358272831
679136419
839568213
839568213
919784110
919784110
919784110
919784110
459892055
459892055
729946031
864973019
864973019
864973019
864973019
932486513
966243260
483121630
241560815
241560815
241560815
620780411
620780411
810390209
810390209
905195108
452597554
452597554
226298777
613149392
613149392
306574696
306574696
306574696
306574696
306574696
306574696
153287348
153287348
153287348
153287348
153287348
76643674
76643674
76643674
38321837
38321837
38321837
519160922
259580461
259580461
259580461
629790234
629790234
314895117
314895117
657447562
328723781
664361894
332180947
332180947
332180947
332180947
332180947
666090477
666090477
833045242
833045242
416522621
416522621
416522621
416522621
416522621
416522621
708261314
708261314
708261314
354130657
354130657
354130657
354130657
677065332
677065332
677065332
677065332
338532666
169266333
169266333
169266333
584633170
584633170
292316585
646158296
323079148
161539574
161539574
80769787
540384897
540384897
770192452
770192452
770192452
770192452
770192452
770192452
770192452
770192452
770192452
770192452
385096226
385096226
385096226
192548113
596274060
596274060
596274060
596274060
596274060
596274060
596274060
596274060
596274060
298137030
149068515
574534261
574534261
787267134
787267134
787267134
787267134
787267134
393633567
696816787
848408397
924204202
924204202
462102101
462102101
731051054
731051054
365525527
682762767
682762767
682762767
841381387
920690697
920690697
920690697
960345352
480172676
240086338
120043169
120043169
560021588
560021588
280010794
280010794
140005397
140005397
570002702
570002702
285001351
285001351
642500679
821250343
910625175
910625175
955312591
955312591
955312591
955312591
977656299
988828153
988828153
994414080
994414080
994414080
497207040
248603520
248603520
248603520
248603520
124301760
124301760
62150880
62150880
62150880
62150880
31075440
15537720
7768860
7768860
3884430
1942215
500971111
500971111
750485559
750485559
875242783
937621395
937621395
968810701
968810701
968810701
984405354
492202677
746101342
373050671
373050671
686525339
686525339
686525339
843262673
843262673
843262673
843262673
843262673
921631340
460815670
460815670
230407835
230407835
230407835
230407835
615203921
807601964
807601964
403800982
403800982
403800982
201900491
201900491
600950249
800475128
400237564
400237564
400237564
200118782
100059391
550029699
550029699
775014853
775014853
887507430
887507430
887507430
887507430
887507430
887507430
443753715
443753715
721876861
860938434
860938434
430469217
430469217
715234612
357617306
178808653
589404330
294702165
294702165
647351086
323675543
661837775
830918891
915459449
957729728
957729728
957729728
957729728
478864864
239432432
239432432
119716216
59858108
59858108
29929054
14964527
14964527
14964527
507482267
507482267
753741137
876870572
876870572
876870572
876870572
438435286
219217643
219217643
609608825
609608825
804804416
402402208
402402208
201201104
100600552
50300276
50300276
25150138
25150138
25150138
25150138
12575069
12575069
12575069
506287538
506287538
506287538
506287538
506287538
506287538
506287538
253143769
626571888
313285944
313285944
313285944
313285944
313285944
156642972
78321486
78321486
78321486
78321486
39160743
39160743
519580375
519580375
519580375
759790191
759790191
879895099
879895099
939947553
939947553
969973780
969973780
484986890
242493445
621246726
310623363
310623363
310623363
655311685
655311685
827655846
827655846
827655846
413827923
706913965
853456986
853456986
853456986
426728493
713364250
356682125
678341066
678341066
678341066
678341066
339170533
669585270
669585270
334792635
334792635
667396321
833698164
416849082
208424541
604212274
604212274
604212274
302106137
302106137
302106137
302106137
302106137
651053072
325526536
325526536
162763268
162763268
81381634
40690817
520345412
260172706
130086353
130086353
130086353
565043180
565043180
282521590
282521590
141260795
570630401
785315204
785315204
392657602
196328801
196328801
196328801
196328801
598164404
299082202
149541101
149541101
574770554
574770554
287385277
287385277
643692642
643692642
643692642
321846321
321846321
660923164
330461582
330461582
165230791
165230791
165230791
582615399
582615399
791307703
895653855
947826931
947826931
973913469
973913469
986956738
986956738
986956738
493478369
746739188
746739188
373369594
373369594
186684797
593342402
593342402
296671201
296671201
296671201
648335604
648335604
324167802
162083901
581041954
581041954
290520977
645260492
645260492
645260492
645260492
322630246
322630246
322630246
322630246
322630246
161315123
580657565
580657565
580657565
790328786
395164393
395164393
395164393
697582200
348791100
348791100
174395550
174395550
87197775
543598891
543598891
543598891
771799449
771799449
885899728
885899728
442949864
221474932
221474932
221474932
221474932
221474932
221474932
221474932
221474932
221474932
221474932
221474932
221474932
110737466
55368733
55368733
527684370
263842185
631921096
315960548
315960548
157980274
157980274
78990137
539495072
269747536
269747536
269747536
134873768
67436884
33718442
16859221
16859221
16859221
508429614
508429614
508429614
254214807
254214807
254214807
254214807
627107407
627107407
627107407
813553707
906776857
953388432
953388432
953388432
953388432
953388432
476694216
238347108
238347108
238347108
238347108
238347108
119173554
119173554
59586777
529793392
264896696
132448348
132448348
66224174
66224174
33112087
33112087
516556047
758278027
758278027
758278027
758278027
758278027
879139017
879139017
939569512
939569512
469784756
234892378
117446189
117446189
117446189
558723098
279361549
639680778
639680778
319840389
659920198
329960099
329960099
329960099
329960099
664980053
664980053
664980053
832490030
416245015
416245015
416245015
416245015
416245015
416245015
416245015
416245015
416245015
416245015
416245015
416245015
708122511
854061259
854061259
927030633
963515320
481757660
481757660
481757660
481757660
481757660
240878830
120439415
120439415
560219711
560219711
780109859
890054933
890054933
890054933
890054933
945027470
472513735
472513735
472513735
736256871
736256871
736256871
736256871
868128439
934064223
967032115
983516061
991758034
495879017
495879017
495879017
747939512
747939512
747939512
747939512
747939512
373969756
186984878
93492439
93492439
93492439
546746223
546746223
546746223
546746223
546746223
773373115
886686561
943343284
471671642
235835821
617917914
308958957
654479482
654479482
654479482
654479482
654479482
327239741
327239741
327239741
327239741
663619874
331809937
331809937
331809937
331809937
331809937
331809937
331809937
331809937
331809937
665904972
665904972
332952486
166476243
583238125
583238125
583238125
583238125
583238125
791619066
395809533
697904770
348952385
348952385
674476196
674476196
337238098
168619049
168619049
168619049
168619049
584309528
292154764
146077382
73038691
536519349
536519349
768259678
768259678
384129839
384129839
384129839
384129839
384129839
692064923
692064923
692064923
692064923
846032465
846032465
846032465
923016236
923016236
923016236
923016236
923016236
923016236
461508118
461508118
230754059
615377033
807688520
403844260
201922130
201922130
201922130
201922130
201922130
100961065
100961065
100961065
550480536
275240268
275240268
275240268
275240268
137620134
68810067
68810067
534405037
767202522
767202522
383601261
691800634
691800634
345900317
672950162
672950162
672950162
336475081
336475081
336475081
336475081
668237544
334118772
167059386
167059386
167059386
167059386
83529693
83529693
541764850
270882425
270882425
270882425
270882425
270882425
635441216
635441216
635441216
635441216
317720608
317720608
158860304
158860304
79430152
39715076
19857538
9928769
504964388
504964388
252482194
252482194
252482194
252482194
126241097
563120552
563120552
563120552
281560276
281560276
281560276
281560276
140780138
140780138
70390069
535195038
535195038
535195038
535195038
267597519
633798763
633798763
633798763
816899385
816899385
908449696
908449696
908449696
908449696
908449696
908449696
908449696
908449696
454224848
454224848
227112424
113556212
113556212
113556212
56778106
56778106
28389053
514194530
514194530
257097265
628548636
628548636
628548636
314274318
314274318
314274318
314274318
314274318
157137159
578568583
578568583
789284295
894642151
947321079
947321079
973660543
973660543
973660543
973660543
986830275
986830275
986830275
993415141
993415141
993415141
996707574
498353787
749176897
874588452
874588452
874588452
874588452
437294226
437294226
218647113
609323560
609323560
304661780
304661780
304661780
152330890
76165445
76165445
76165445
538082726
538082726
538082726
269041363
269041363
269041363
634520685
817260346
408630173
408630173
408630173
704315090
352157545
676078776
338039388
338039388
338039388
338039388
338039388
169019694
84509847
542254927
542254927
771127467
885563737
942781872
942781872
942781872
942781872
942781872
942781872
471390936
235695468
235695468
235695468
235695468
235695468
235695468
235695468
117847734
117847734
117847734
117847734
58923867
529461937
529461937
529461937
529461937
529461937
764730972
764730972
382365486
191182743
595591375
797795691
898897849
898897849
949448928
949448928
949448928
474724464
237362232
118681116
59340558
59340558
29670279
514835143
757417575
878708791
878708791
878708791
878708791
939354399
939354399
939354399
969677203
969677203
984838605
992419306
496209653
748104830
748104830
748104830
748104830
748104830
374052415
374052415
687026211
687026211
687026211
687026211
843513109
843513109
843513109
921756558
460878279
460878279
730439143
865219575
932609791
932609791
932609791
932609791
966304899
983152453
991576230
495788115
747894061
747894061
747894061
747894061
747894061
747894061
747894061
747894061
747894061
873947034
873947034
873947034
873947034
436973517
718486762
718486762
718486762
359243381
359243381
679621694
339810847
669905427
834952717
917476362
458738181
729369094
729369094
729369094
729369094
729369094
729369094
364684547
682342277
682342277
682342277
841171142
841171142
841171142
841171142
841171142
841171142
420585571
420585571
420585571
420585571
710292789
855146398
427573199
427573199
713786603
856893305
856893305
928446656
464223328
232111664
116055832
116055832
116055832
58027916
58027916
58027916
29013958
29013958
29013958
14506979
507253493
753626750
753626750
753626750
753626750
753626750
376813375
376813375
688406691
688406691
844203349
844203349
844203349
922101678
922101678
461050839
461050839
730525423
865262715
932631361
966315684
966315684
483157842
483157842
241578921
241578921
620789464
620789464
620789464
620789464
310394732
310394732
155197366
155197366
155197366
155197366
77598683
77598683
77598683
77598683
77598683
77598683
77598683
538799345
538799345
538799345
769399676
384699838
384699838
384699838
384699838
192349919
192349919
596174963
798087485
899043746
449521873
449521873
449521873
724760940
724760940
362380470
181190235
181190235
181190235
181190235
181190235
590595121
590595121
795297564
795297564
397648782
198824391
599412199
599412199
599412199
799706103
799706103
899853055
899853055
949926531
974963269
987481638
493740819
746870413
873435210
436717605
718358806
718358806
359179403
679589705
839794856
839794856
419897428
209948714
209948714
104974357
104974357
552487182
276243591
276243591
638121799
638121799
638121799
819060903
819060903
909530455
954765231
977382619
988691313
994345660
497172830
497172830
248586415
248586415
248586415
248586415
248586415
624293211
624293211
624293211
812146609
906073308
906073308
906073308
906073308
906073308
453036654
226518327
613259167
613259167
806629587
806629587
806629587
806629587
903314797
951657402
475828701
737914354
737914354
368957177
368957177
684478592
684478592
684478592
684478592
684478592
342239296
171119648
171119648
171119648
171119648
171119648
85559824
85559824
42779912
42779912
42779912
42779912
42779912
42779912
21389956
21389956
21389956
10694978
5347489
5347489
5347489
5347489
502673748
251336874
125668437
125668437
562834222
281417111
640708559
820354283
910177145
955088576
477544288
477544288
477544288
238772144
238772144
119386072
59693036
29846518
14923259
507461633
507461633
507461633
753730820
376865410
376865410
188432705
594216356
594216356
594216356
297108178
148554089
148554089
148554089
148554089
574277048
574277048
574277048
287138524
143569262
71784631
535892319
767946163
767946163
767946163
767946163
883973085
883973085
941986546
941986546
941986546
941986546
941986546
941986546
941986546
941986546
470993273
735496640
367748320
183874160
183874160
183874160
183874160
183874160
91937080
45968540
22984270
11492135
11492135
11492135
11492135
505746071
505746071
752873039
752873039
752873039
876436523
938218265
938218265
969109136
484554568
242277284
242277284
242277284
242277284
121138642
60569321
60569321
530284664
265142332
265142332
132571166
132571166
66285583
66285583
66285583
533142795
533142795
766571401
766571401
766571401
883285704
883285704
883285704
883285704
441642852
220821426
220821426
220821426
220821426
110410713
110410713
555205360
555205360
277602680
138801340
138801340
138801340
69400670
34700335
34700335
517350171
517350171
517350171
517350171
517350171
758675089
879337548
879337548
439668774
439668774
219834387
219834387
609917197
804958602
804958602
804958602
402479301
701239654
701239654
701239654
350619827
675309917
837654962
418827481
709413744
354706872
177353436
88676718
44338359
44338359
522169183
761084595
880542301
880542301
940271154
940271154
940271154
940271154
940271154
940271154
940271154
470135577
470135577
470135577
470135577
735067792
735067792
735067792
367533896
367533896
183766948
183766948
91883474
45941737
45941737
45941737
522970872
261485436
261485436
261485436
261485436
130742718
130742718
65371359
65371359
532685683
532685683
532685683
532685683
766342845
766342845
883171426
883171426
441585713
441585713
720792860
720792860
360396430
360396430
180198215
180198215
590099111
590099111
590099111
590099111
795049559
897524783
948762395
974381201
974381201
987190604
493595302
246797651
246797651
246797651
246797651
623398829
623398829
811699418
405849709
405849709
702924858
702924858
702924858
702924858
351462429
675731218
675731218
675731218
675731218
675731218
337865609
668932808
334466404
167233202
83616601
83616601
541808304
541808304
541808304
541808304
541808304
541808304
270904152
270904152
270904152
270904152
135452076
67726038
33863019
33863019
516931513
516931513
516931513
758465760
758465760
379232880
189616440
94808220
94808220
94808220
47404110
47404110
47404110
23702055
23702055
23702055
23702055
23702055
23702055
23702055
511851031
511851031
755925519
755925519
755925519
877962763
877962763
938981385
938981385
969490696
969490696
969490696
969490696
484745348
484745348
242372674
242372674
121186337
560593172
280296586
280296586
140148293
570074150
570074150
285037075
642518541
642518541
642518541
821259274
410629637
410629637
705314822
352657411
676328709
676328709
838164358
419082179
709541093
709541093
854770550
427385275
427385275
427385275
713692641
713692641
856846324
428423162
428423162
214211581
214211581
607105794
303552897
303552897
303552897
303552897
651776452
651776452
325888226
325888226
162944113
581472060
290736030
145368015
572684011
786342009
893171008
446585504
223292752
223292752
223292752
111646376
111646376
55823188
55823188
55823188
55823188
55823188
55823188
27911594
13955797
13955797
13955797
506977902
506977902
253488951
626744479
626744479
626744479
813372243
906686125
906686125
906686125
953343066
476671533
738335770
738335770
738335770
369167885
369167885
369167885
369167885
369167885
369167885
369167885
369167885
369167885
684583946
684583946
342291973
671145990
335572995
667786501
667786501
833893254
833893254
416946627
416946627
416946627
708473317
854236662
854236662
854236662
427118331
713559169
713559169
713559169
713559169
713559169
713559169
713559169
713559169
856779588
428389794
214194897
607097452
303548726
303548726
303548726
151774363
151774363
151774363
575887185
787943596
393971798
393971798
393971798
393971798
393971798
196985899
196985899
196985899
598492953
799246480
799246480
799246480
399623240
199811620
199811620
199811620
99905810
99905810
99905810
49952905
524976456
524976456
524976456
262488228
131244114
131244114
65622057
532811032
266405516
266405516
266405516
133202758
133202758
66601379
66601379
66601379
66601379
533300693
533300693
533300693
766650350
766650350
383325175
691662591
845831299
922915653
961457830
961457830
480728915
740364461
870182234
870182234
870182234
435091117
435091117
717545562
358772781
679386394
679386394
339693197
669846602
669846602
669846602
669846602
334923301
667461654
333730827
333730827
333730827
333730827
333730827
666865417
833432712
833432712
833432712
416716356
208358178
208358178
208358178
104179089
104179089
104179089
552089548
276044774
138022387
138022387
138022387
138022387
138022387
569011197
569011197
569011197
784505602
784505602
392252801
392252801
696126404
696126404
696126404
696126404
348063202
174031601
174031601
174031601
587015804
587015804
293507902
293507902
146753951
146753951
146753951
573376979
573376979
786688493
893344250
893344250
446672125
723336066
361668033
361668033
680834020
680834020
680834020
680834020
340417010
340417010
340417010
170208505
585104256
585104256
292552128
292552128
146276064
73138032
73138032
73138032
73138032
73138032
36569016
36569016
18284508
18284508
9142254
9142254
4571127
502285567
751142787
751142787
751142787
875571397
875571397
875571397
937785702
937785702
468892851
734446429
734446429
734446429
734446429
867223218
867223218
867223218
867223218
433611609
433611609
716805808
716805808
716805808
358402904
179201452
89600726
89600726
89600726
89600726
89600726
89600726
89600726
89600726
89600726
44800363
44800363
44800363
522400185
522400185
761200096
380600048
190300024
95150012
47575006
23787503
511893755
511893755
755946881
755946881
755946881
755946881
877973444
438986722
438986722
438986722
219493361
219493361
609746684
304873342
152436671
576218339
788109173
788109173
788109173
788109173
894054590
894054590
447027295
723513651
723513651
723513651
861756829
861756829
861756829
930878418
930878418
930878418
465439209
465439209
465439209
732719608
732719608
732719608
732719608
732719608
732719608
366359804
183179902
183179902
91589951
91589951
91589951
545794979
772897493
772897493
772897493
886448750
443224375
721612191
721612191
860806099
860806099
930403053
965201530
482600765
741300386
370650193
685325100
685325100
685325100
685325100
685325100
685325100
685325100
685325100
685325100
685325100
342662550
171331275
585665641
585665641
792832824
792832824
792832824
792832824
792832824
396416412
198208206
198208206
198208206
99104103
99104103
549552055
549552055
774776031
774776031
774776031
887388019
887388019
943694013
943694013
943694013
943694013
971847010
971847010
485923505
742961756
742961756
371480878
371480878
185740439
592870223
796435115
796435115
796435115
898217561
949108784
474554392
237277196
237277196
237277196
237277196
237277196
237277196
237277196
237277196
118638598
118638598
118638598
59319299
529659653
529659653
764829830
764829830
382414915
382414915
382414915
691207461
691207461
691207461
691207461
691207461
845603734
422801867
711400937
711400937
855700472
855700472
427850236
213925118
106962559
106962559
553481283
553481283
553481283
553481283
553481283
553481283
553481283
553481283
776740645
776740645
776740645
888370326
444185163
722092585
861046296
861046296
861046296
861046296
430523148
430523148
430523148
430523148
430523148
430523148
215261574
107630787
107630787
553815397
776907702
776907702
388453851
388453851
694226929
694226929
694226929
694226929
847113468
847113468
847113468
847113468
847113468
847113468
847113468
847113468
423556734
423556734
211778367
211778367
605889187
605889187
802944597
901472302
901472302
450736151
725368079
862684043
862684043
931342025
965671016
965671016
965671016
482835508
482835508
482835508
482835508
241417754
120708877
120708877
120708877
120708877
560354442
280177221
280177221
640088614
640088614
640088614
640088614
320044307
660022157
660022157
660022157
660022157
660022157
660022157
830011082
830011082
415005541
415005541
415005541
707502774
707502774
353751387
676875697
838437852
419218926
419218926
209609463
209609463
209609463
209609463
604804735
802402371
901201189
901201189
901201189
901201189
901201189
901201189
901201189
950600598
950600598
475300299
475300299
475300299
737650153
868825080
434412540
434412540
217206270
108603135
554301571
554301571
777150789
888575398
444287699
444287699
444287699
444287699
444287699
444287699
722143853
861071930
861071930
861071930
861071930
861071930
861071930
430535965
430535965
430535965
715267986
715267986
357633993
678817000
339408500
169704250
84852125
542426066
271213033
271213033
635606520
317803260
317803260
317803260
158901630
158901630
79450815
79450815
539725411
539725411
539725411
769862709
769862709
769862709
769862709
884931358
884931358
884931358
442465679
721232843
860616425
930308216
465154108
232577054
232577054
116288527
116288527
116288527
558144267
558144267
558144267
558144267
558144267
558144267
558144267
558144267
779072137
889536072
889536072
889536072
444768036
444768036
222384018
222384018
222384018
222384018
222384018
111192009
555596008
277798004
277798004
277798004
277798004
138899002
138899002
69449501
69449501
69449501
69449501
69449501
69449501
534724754
267362377
267362377
267362377
633681192
633681192
633681192
633681192
316840596
158420298
158420298
158420298
79210149
79210149
79210149
539605078
269802539
269802539
269802539
269802539
269802539
634901273
634901273
634901273
634901273
817450640
817450640
408725320
408725320
204362660
102181330
51090665
525545336
262772668
262772668
262772668
262772668
131386334
65693167
532846587
532846587
766423297
883211652
441605826
441605826
441605826
441605826
220802913
610401460
610401460
610401460
305200730
152600365
152600365
576300186
576300186
288150093
288150093
288150093
644075050
322037525
322037525
322037525
322037525
661018766
330509383
330509383
330509383
665254695
832627351
832627351
832627351
916313679
958156843
979078425
989539216
494769608
247384804
123692402
123692402
123692402
123692402
123692402
123692402
123692402
123692402
123692402
123692402
61846201
61846201
530923104
530923104
530923104
530923104
530923104
530923104
530923104
530923104
530923104
530923104
530923104
530923104
530923104
265461552
265461552
265461552
265461552
132730776
66365388
33182694
16591347
16591347
16591347
16591347
508295677
508295677
754147842
754147842
377073921
377073921
377073921
377073921
688536964
688536964
688536964
344268482
172134241
172134241
586067124
293033562
146516781
146516781
146516781
146516781
146516781
573258394
573258394
573258394
573258394
286629197
286629197
643314602
321657301
321657301
660828654
330414327
330414327
330414327
330414327
330414327
665207167
665207167
665207167
832603587
832603587
832603587
832603587
832603587
832603587
916301797
916301797
916301797
916301797
958150902
958150902
958150902
479075451
739537729
869768868
869768868
869768868
869768868
869768868
434884434
434884434
217442217
608721112
608721112
608721112
608721112
304360556
304360556
152180278
76090139
76090139
76090139
538045073
769022540
769022540
769022540
769022540
769022540
384511270
192255635
192255635
596127821
596127821
596127821
798063914
399031957
699515982
349757991
349757991
349757991
349757991
349757991
349757991
674878999
674878999
837439503
918719755
959359881
959359881
979679944
489839972
489839972
489839972
244919986
122459993
122459993
122459993
122459993
122459993
561230000
280615000
280615000
280615000
280615000
280615000
140307500
140307500
140307500
70153750
70153750
35076875
35076875
35076875
35076875
35076875
517538441
517538441
517538441
517538441
758769224
379384612
189692306
94846153
547423080
547423080
273711540
136855770
136855770
136855770
68427885
534213946
534213946
267106973
267106973
267106973
267106973
267106973
267106973
267106973
267106973
267106973
267106973
267106973
267106973
633553490
633553490
633553490
633553490
633553490
316776745
658388376
658388376
658388376
329194188
329194188
164597094
82298547
541149277
770574642
385287321
692643664
346321832
173160916
86580458
43290229
43290229
521645118
521645118
521645118
260822559
260822559
260822559
260822559
260822559
260822559
260822559
260822559
260822559
630411283
630411283
630411283
630411283
630411283
630411283
630411283
630411283
630411283
630411283
630411283
630411283
630411283
630411283
815205645
815205645
907602826
453801413
453801413
453801413
726900710
726900710
726900710
726900710
726900710
363450355
681725181
840862594
420431297
710215652
710215652
710215652
355107826
177553913
177553913
177553913
177553913
588776960
588776960
294388480
294388480
294388480
294388480
294388480
147194240
73597120
73597120
73597120
73597120
73597120
73597120
36798560
18399280
18399280
18399280
18399280
18399280
18399280
9199640
4599820
4599820
4599820
4599820
2299910
2299910
2299910
2299910
2299910
2299910
1149955
1149955
500574981
750287494
750287494
750287494
750287494
750287494
375143747
375143747
375143747
687571877
843785942
421892971
421892971
710946489
710946489
855473248
427736624
427736624
427736624
427736624
427736624
427736624
427736624
427736624
427736624
427736624
427736624
427736624
427736624
427736624
427736624
427736624
427736624
427736624
427736624
427736624
213868312
213868312
213868312
213868312
213868312
106934156
106934156
106934156
53467078
53467078
26733539
513366773
756683390
756683390
378341695
378341695
378341695
378341695
378341695
689170851
689170851
689170851
689170851
844585429
922292718
922292718
922292718
922292718
922292718
922292718
922292718
922292718
922292718
922292718
922292718
922292718
922292718
922292718
922292718
461146359
461146359
730573183
730573183
730573183
730573183
865286595
932643301
966321654
966321654
483160827
483160827
741580417
741580417
870790212
435395106
217697553
217697553
217697553
608848780
304424390
304424390
304424390
304424390
152212195
576106101
576106101
788053054
788053054
394026527
394026527
394026527
697013267
848506637
848506637
848506637
848506637
848506637
848506637
848506637
924253322
924253322
462126661
462126661
462126661
462126661
731063334
731063334
365531667
365531667
365531667
365531667
365531667
365531667
365531667
682765837
841382922
841382922
841382922
420691461
420691461
710345734
710345734
710345734
710345734
710345734
355172867
677586437
838793222
838793222
838793222
838793222
838793222
838793222
838793222
419396611
419396611
709698309
709698309
709698309
709698309
709698309
854849158
854849158
427424579
713712293
713712293
856856150
856856150
428428075
428428075
428428075
714214041
714214041
714214041
857107024
857107024
857107024
428553512
428553512
428553512
214276756
107138378
107138378
107138378
53569189
526784598
263392299
631696153
631696153
631696153
631696153
631696153
815848080
407924040
407924040
407924040
407924040
203962020
101981010
50990505
525495256
525495256
525495256
262747628
262747628
131373814
131373814
131373814
65686907
65686907
532843457
532843457
532843457
532843457
766421732
766421732
766421732
383210866
383210866
383210866
383210866
383210866
191605433
191605433
595802720
595802720
595802720
595802720
595802720
297901360
297901360
297901360
297901360
148950680
74475340
74475340
37237670
37237670
18618835
509309421
754654714
377327357
377327357
688663682
688663682
688663682
344331841
344331841
344331841
344331841
344331841
344331841
672165924
336082962
336082962
168041481
168041481
584020744
584020744
292010372
292010372
292010372
146005186
146005186
73002593
73002593
73002593
73002593
536501300
268250650
268250650
134125325
134125325
134125325
134125325
567062666
283531333
283531333
641765670
641765670
320882835
320882835
320882835
660441421
660441421
660441421
660441421
830220714
415110357
415110357
415110357
415110357
707555182
707555182
707555182
353777591
353777591
353777591
676888799
676888799
838444403
838444403
919222205
919222205
959611106
959611106
959611106
479805553
739902780
739902780
369951390
184975695
184975695
184975695
184975695
592487851
592487851
796243929
796243929
898121968
449060984
449060984
224530492
224530492
224530492
112265246
56132623
56132623
56132623
56132623
56132623
56132623
56132623
528066315
528066315
528066315
528066315
528066315
764033161
882016584
882016584
882016584
882016584
882016584
882016584
441008292
441008292
441008292
441008292
441008292
441008292
441008292
220504146
220504146
110252073
555126040
277563020
138781510
69390755
534695381
534695381
534695381
767347694
383673847
691836927
691836927
691836927
845918467
845918467
845918467
845918467
922959237
961479622
480739811
740369909
740369909
870184958
870184958
435092479
435092479
435092479
435092479
717546243
858773125
858773125
929386566
929386566
929386566
464693283
464693283
732346645
732346645
732346645
732346645
732346645
732346645
732346645
732346645
866173326
433086663
433086663
433086663
433086663
433086663
716543335
858271671
929135839
964567923
982283965
982283965
991141986
991141986
991141986
495570993
495570993
495570993
495570993
495570993
495570993
495570993
495570993
495570993
495570993
495570993
747785500
373892750
373892750
186946375
593473191
593473191
796736599
796736599
796736599
796736599
898368303
898368303
949184155
949184155
949184155
949184155
949184155
949184155
974592081
974592081
974592081
974592081
987296044
493648022
493648022
493648022
493648022
246824011
623412009
623412009
623412009
623412009
811706008
811706008
811706008
405853004
202926502
101463251
550731629
775365818
775365818
775365818
387682909
387682909
693841458
693841458
693841458
693841458
693841458
346920729
346920729
346920729
673460368
673460368
673460368
673460368
673460368
673460368
336730184
336730184
336730184
336730184
336730184
168365092
84182546
42091273
42091273
521045640
260522820
260522820
260522820
260522820
260522820
130261410
65130705
532565356
532565356
532565356
532565356
532565356
532565356
532565356
266282678
266282678
266282678
266282678
133141339
566570673
783285340
783285340
391642670
195821335
597910671
597910671
798955339
798955339
899477673
899477673
899477673
899477673
899477673
899477673
899477673
899477673
899477673
899477673
949738840
949738840
949738840
949738840
949738840
949738840
949738840
474869420
237434710
237434710
237434710
237434710
118717355
559358681
559358681
779679344
389839672
194919836
194919836
97459918
97459918
97459918
48729959
48729959
48729959
48729959
48729959
524364983
524364983
524364983
762182495
881091251
881091251
940545629
940545629
940545629
940545629
940545629
970272818
485136409
485136409
485136409
742568208
742568208
742568208
742568208
371284104
185642052
185642052
185642052
92821026
46410513
523205260
523205260
261602630
261602630
130801315
565400661
565400661
565400661
782700334
782700334
782700334
782700334
782700334
391350167
391350167
695675087
847837547
847837547
847837547
923918777
923918777
961959392
961959392
961959392
961959392
961959392
480979696
480979696
480979696
480979696
480979696
480979696
480979696
240489848
240489848
240489848
240489848
120244924
120244924
120244924
60122462
30061231
515030619
515030619
515030619
757515313
757515313
878757660
439378830
439378830
219689415
609844711
609844711
609844711
609844711
609844711
609844711
804922359
804922359
804922359
804922359
804922359
902461183
902461183
951230595
975615301
987807654
493903827
746951917
873475962
873475962
873475962
873475962
436737981
436737981
436737981
436737981
718368994
718368994
359184497
359184497
359184497
359184497
359184497
359184497
359184497
359184497
359184497
359184497
359184497
679592252
339796126
169898063
169898063
584949035
792474521
792474521
792474521
792474521
896237264
448118632
224059316
224059316
224059316
224059316
224059316
224059316
224059316
112029658
56014829
56014829
528007418
528007418
264003709
632001858
632001858
632001858
316000929
658000468
658000468
329000234
164500117
164500117
164500117
164500117
582250062
291125031
645562519
645562519
822781263
911390635
911390635
955695321
977847664
977847664
977847664
488923832
488923832
244461916
244461916
122230958
61115479
530557743
765278875
765278875
882639441
941319724
470659862
235329931
235329931
617664969
808832488
808832488
808832488
808832488
808832488
808832488
808832488
808832488
808832488
808832488
808832488
808832488
808832488
404416244
404416244
404416244
202208122
101104061
101104061
550552034
550552034
550552034
550552034
275276017
275276017
275276017
637638012
637638012
318819006
318819006
159409503
159409503
579704755
789852381
789852381
894926194
447463097
723731552
723731552
361865776
361865776
361865776
361865776
180932888
180932888
180932888
180932888
180932888
180932888
180932888
180932888
90466444
90466444
90466444
90466444
45233222
45233222
45233222
22616611
22616611
511308309
511308309
755654158
755654158
755654158
377827079
377827079
377827079
377827079
377827079
688913543
688913543
688913543
688913543
688913543
688913543
688913543
688913543
844456775
844456775
922228391
922228391
961114199
961114199
980557103
990278555
995139281
995139281
995139281
997569644
997569644
997569644
997569644
997569644
997569644
997569644
997569644
498784822
249392411
624696209
624696209
812348108
812348108
406174054
406174054
203087027
203087027
203087027
203087027
203087027
203087027
601543517
601543517
800771762
800771762
800771762
400385881
700192944
700192944
700192944
700192944
700192944
700192944
700192944
700192944
700192944
700192944
700192944
700192944
700192944
700192944
350096472
175048236
175048236
175048236
175048236
175048236
87524118
87524118
87524118
87524118
43762059
43762059
43762059
521881033
521881033
760940520
380470260
380470260
380470260
380470260
190235130
95117565
547558786
547558786
547558786
547558786
273779393
273779393
273779393
636889700
318444850
318444850
318444850
318444850
318444850
318444850
159222425
159222425
579611216
289805608
144902804
144902804
144902804
144902804
144902804
72451402
72451402
36225701
36225701
36225701
518112854
518112854
518112854
518112854
259056427
259056427
259056427
629528217
629528217
814764112
814764112
814764112
814764112
407382056
407382056
203691028
203691028
203691028
203691028
203691028
203691028
203691028
203691028
203691028
203691028
203691028
203691028
203691028
101845514
101845514
50922757
50922757
50922757
50922757
525461382
525461382
525461382
525461382
525461382
525461382
262730691
631365349
631365349
631365349
631365349
631365349
631365349
631365349
631365349
631365349
631365349
631365349
815682678
815682678
815682678
815682678
815682678
407841339
703920673
851960340
851960340
851960340
851960340
851960340
425980170
425980170
212990085
212990085
606495046
303247523
303247523
651623765
651623765
651623765
651623765
651623765
651623765
651623765
825811886
825811886
825811886
825811886
825811886
825811886
825811886
412905943
706452975
706452975
853226491
853226491
853226491
853226491
926613249
926613249
926613249
926613249
926613249
963306628
963306628
963306628
963306628
963306628
481653314
481653314
481653314
481653314
481653314
481653314
481653314
481653314
481653314
481653314
240826657
620413332
620413332
310206666
310206666
155103333
155103333
577551670
288775835
288775835
288775835
288775835
288775835
644387921
644387921
644387921
644387921
644387921
644387921
644387921
644387921
644387921
644387921
822193964
411096982
411096982
411096982
411096982
411096982
411096982
205548491
602774249
602774249
801387128
400693564
400693564
400693564
400693564
200346782
200346782
200346782
100173391
550086699
550086699
775043353
775043353
775043353
887521680
443760840
443760840
443760840
443760840
443760840
443760840
443760840
443760840
443760840
221880420
110940210
110940210
110940210
55470105
527735056
263867528
263867528
131933764
65966882
32983441
32983441
516491724
258245862
129122931
129122931
129122931
564561469
564561469
564561469
782280738
782280738
782280738
782280738
782280738
782280738
782280738
782280738
782280738
782280738
782280738
391140369
695570188
695570188
695570188
347785094
347785094
347785094
347785094
173892547
173892547
173892547
173892547
173892547
586946277
793473142
793473142
396736571
698368289
698368289
698368289
698368289
849184148
424592074
424592074
424592074
212296037
212296037
606148022
606148022
606148022
606148022
606148022
606148022
606148022
303074011
303074011
651537009
825768508
412884254
412884254
412884254
206442127
206442127
206442127
206442127
206442127
206442127
603221067
603221067
603221067
801610537
900805272
900805272
900805272
450402636
450402636
225201318
225201318
112600659
556300333
556300333
556300333
778150170
778150170
778150170
778150170
389075085
389075085
389075085
694537546
347268773
347268773
347268773
347268773
347268773
673634390
336817195
668408601
668408601
834204304
834204304
834204304
417102152
417102152
417102152
208551076
208551076
208551076
208551076
104275538
52137769
526068888
526068888
526068888
263034444
263034444
263034444
263034444
263034444
131517222
131517222
131517222
65758611
532879309
532879309
532879309
532879309
532879309
532879309
532879309
532879309
532879309
766439658
766439658
766439658
766439658
383219829
383219829
691609918
345804959
672902483
836451245
918225626
459112813
459112813
729556410
729556410
729556410
729556410
729556410
729556410
729556410
729556410
364778205
364778205
364778205
682389106
682389106
682389106
682389106
682389106
682389106
682389106
682389106
682389106
341194553
670597280
335298640
335298640
335298640
167649320
167649320
167649320
83824660
83824660
83824660
83824660
41912330
41912330
20956165
510478086
510478086
255239043
627619525
627619525
813809766
813809766
813809766
813809766
813809766
406904883
406904883
703452445
703452445
703452445
851726226
851726226
425863113
425863113
425863113
425863113
712931560
356465780
356465780
178232890
178232890
178232890
178232890
178232890
89116445
544558226
272279113
636139560
636139560
318069780
159034890
159034890
79517445
79517445
539758726
539758726
269879363
269879363
634939685
634939685
817469846
408734923
704367465
704367465
852183736
426091868
426091868
213045934
106522967
106522967
106522967
553261487
553261487
553261487
553261487
776630747
888315377
944157692
472078846
472078846
236039423
236039423
236039423
236039423
618019715
618019715
618019715
618019715
618019715
618019715
618019715
618019715
809009861
809009861
809009861
809009861
809009861
809009861
809009861
809009861
809009861
809009861
809009861
809009861
809009861
809009861
809009861
809009861
809009861
809009861
904504934
904504934
904504934
904504934
904504934
904504934
904504934
904504934
904504934
904504934
904504934
904504934
452252467
726126237
726126237
726126237
726126237
726126237
726126237
863063122
431531561
431531561
715765784
715765784
715765784
715765784
715765784
357882892
357882892
178941446
178941446
178941446
178941446
178941446
178941446
89470723
89470723
544735365
772367686
772367686
386183843
693091925
693091925
846545966
846545966
423272983
711636495
711636495
711636495
711636495
711636495
855818251
855818251
927909129
927909129
927909129
927909129
927909129
963954568
963954568
963954568
963954568
963954568
481977284
481977284
481977284
240988642
240988642
240988642
120494321
120494321
560247164
560247164
280123582
140061791
140061791
140061791
140061791
140061791
570030899
570030899
570030899
570030899
785015453
892507730
446253865
446253865
723126936
361563468
180781734
180781734
180781734
180781734
180781734
90390867
90390867
545195437
772597722
772597722
772597722
772597722
772597722
772597722
772597722
772597722
772597722
772597722
772597722
772597722
772597722
772597722
772597722
772597722
386298861
386298861
386298861
386298861
693149434
346574717
673287362
336643681
668321844
334160922
167080461
583540234
583540234
583540234
291770117
291770117
291770117
291770117
291770117
645885062
322942531
661471269
830735638
830735638
830735638
830735638
415367819
415367819
415367819
415367819
415367819
415367819
415367819
707683913
853841960
426920980
426920980
426920980
426920980
213460490
213460490
213460490
213460490
213460490
213460490
106730245
106730245
106730245
553365126
553365126
553365126
553365126
553365126
553365126
553365126
553365126
276682563
276682563
276682563
638341285
638341285
638341285
638341285
638341285
819170646
819170646
819170646
819170646
819170646
409585323
704792665
852396336
852396336
852396336
852396336
426198168
213099084
106549542
106549542
106549542
106549542
106549542
106549542
106549542
106549542
53274771
526637389
526637389
526637389
763318698
763318698
763318698
381659349
381659349
690829678
345414839
672707423
672707423
836353715
918176861
918176861
918176861
918176861
918176861
918176861
918176861
959088434
959088434
959088434
959088434
479544217
479544217
739772112
739772112
369886056
369886056
369886056
184943028
184943028
184943028
184943028
92471514
92471514
92471514
92471514
92471514
92471514
92471514
92471514
92471514
92471514
92471514
92471514
92471514
92471514
46235757
46235757
523117882
523117882
261558941
261558941
261558941
261558941
261558941
261558941
630779474
630779474
315389737
657694872
657694872
328847436
328847436
328847436
164423718
82211859
541105933
770552970
770552970
770552970
385276485
385276485
385276485
385276485
692638246
692638246
346319123
346319123
346319123
673159565
673159565
836579786
836579786
836579786
418289893
709144950
709144950
709144950
709144950
709144950
709144950
709144950
354572475
354572475
677286241
838643124
419321562
419321562
209660781
209660781
604830394
604830394
604830394
604830394
302415197
302415197
302415197
651207602
325603801
325603801
325603801
325603801
325603801
662801904
331400952
165700476
82850238
41425119
520712563
520712563
760356285
880178146
880178146
880178146
880178146
440089073
440089073
440089073
440089073
720044540
360022270
360022270
360022270
360022270
360022270
180011135
590005571
590005571
590005571
590005571
590005571
590005571
795002789
795002789
795002789
897501398
897501398
897501398
897501398
448750699
448750699
724375353
724375353
724375353
724375353
724375353
862187680
431093840
431093840
431093840
431093840
431093840
431093840
431093840
215546920
215546920
215546920
215546920
215546920
215546920
215546920
107773460
107773460
107773460
107773460
53886730
53886730
53886730
53886730
53886730
53886730
53886730
53886730
26943365
26943365
513471686
513471686
513471686
256735843
256735843
256735843
628367925
814183966
407091983
407091983
407091983
703545995
703545995
851773001
851773001
851773001
851773001
925886504
462943252
231471626
115735813
557867910
557867910
278933955
278933955
639466981
639466981
639466981
819733494
819733494
819733494
409866747
409866747
409866747
409866747
409866747
704933377
704933377
704933377
704933377
852466692
852466692
426233346
426233346
426233346
426233346
426233346
426233346
426233346
426233346
426233346
426233346
426233346
426233346
213116673
606558340
606558340
303279170
303279170
151639585
151639585
151639585
575819796
575819796
575819796
575819796
575819796
575819796
287909898
143954949
571977478
285988739
642994373
642994373
642994373
642994373
642994373
642994373
642994373
642994373
642994373
642994373
642994373
642994373
642994373
642994373
642994373
642994373
821497190
410748595
705374301
705374301
852687154
852687154
426343577
426343577
713171792
356585896
356585896
178292948
178292948
89146474
44573237
44573237
522286622
522286622
522286622
522286622
522286622
261143311
261143311
261143311
261143311
261143311
261143311
630571659
630571659
815285833
815285833
815285833
907642920
907642920
907642920
907642920
907642920
907642920
907642920
907642920
907642920
907642920
907642920
453821460
453821460
453821460
226910730
226910730
226910730
226910730
226910730
226910730
226910730
226910730
226910730
226910730
226910730
226910730
226910730
113455365
556727686
556727686
556727686
556727686
278363843
639181925
639181925
819590966
409795483
704897745
704897745
704897745
704897745
704897745
852448876
426224438
426224438
426224438
426224438
213112219
606556113
606556113
606556113
606556113
606556113
803278060
803278060
401639030
401639030
401639030
401639030
200819515
600409761
800204884
800204884
800204884
400102442
400102442
200051221
600025614
300012807
300012807
650006407
650006407
650006407
650006407
650006407
650006407
650006407
650006407
650006407
650006407
650006407
650006407
650006407
650006407
650006407
825003207
912501607
912501607
912501607
912501607
912501607
912501607
912501607
912501607
956250807
978125407
978125407
978125407
978125407
989062707
994531357
994531357
994531357
994531357
997265682
498632841
498632841
749316424
749316424
749316424
749316424
749316424
374658212
374658212
374658212
374658212
374658212
374658212
374658212
374658212
374658212
374658212
374658212
187329106
93664553
93664553
546832280
273416140
136708070
136708070
136708070
136708070
68354035
68354035
68354035
68354035
534177021
767088514
767088514
767088514
383544257
691772132
691772132
345886066
345886066
345886066
172943033
172943033
172943033
586471520
293235760
146617880
146617880
73308940
73308940
73308940
36654470
36654470
36654470
18327235
18327235
18327235
18327235
18327235
18327235
18327235
18327235
18327235
18327235
18327235
509163621
754581814
754581814
377290907
377290907
377290907
377290907
377290907
688645457
688645457
844322732
422161366
422161366
211080683
211080683
211080683
211080683
605540345
605540345
802770176
802770176
802770176
802770176
401385088
401385088
401385088
401385088
401385088
200692544
200692544
200692544
200692544
200692544
100346272
100346272
100346272
100346272
100346272
100346272
100346272
50173136
25086568
25086568
25086568
25086568
12543284
12543284
12543284
12543284
12543284
12543284
12543284
12543284
6271642
6271642
6271642
6271642
6271642
6271642
6271642
6271642
6271642
3135821
501567914
501567914
501567914
250783957
250783957
250783957
625391982
625391982
625391982
625391982
625391982
312695991
312695991
656347999
656347999
656347999
828174003
914087005
914087005
914087005
914087005
914087005
914087005
957043506
478521753
739260880
739260880
739260880
369630440
369630440
369630440
369630440
369630440
369630440
369630440
184815220
184815220
184815220
184815220
92407610
92407610
46203805
46203805
46203805
523101906
523101906
523101906
523101906
261550953
630775480
315387740
315387740
157693870
157693870
78846935
78846935
78846935
78846935
78846935
78846935
78846935
539423471
539423471
539423471
539423471
769711739
769711739
769711739
769711739
769711739
769711739
884855873
942427940
942427940
942427940
942427940
471213970
235606985
235606985
235606985
235606985
235606985
617803496
617803496
617803496
617803496
308901748
308901748
308901748
154450874
154450874
154450874
77225437
77225437
77225437
538612722
269306361
269306361
269306361
269306361
269306361
269306361
269306361
634653184
634653184
634653184
317326592
317326592
158663296
158663296
158663296
158663296
79331648
79331648
79331648
79331648
79331648
39665824
39665824
19832912
9916456
9916456
4958228
4958228
4958228
2479114
2479114
2479114
1239557
1239557
500619782
250309891
625154949
812577478
406288739
406288739
406288739
406288739
406288739
703144373
703144373
703144373
851572190
851572190
851572190
851572190
425786095
425786095
425786095
425786095
425786095
425786095
425786095
712893051
712893051
856446529
856446529
928223268
464111634
464111634
464111634
464111634
464111634
464111634
464111634
464111634
464111634
464111634
464111634
464111634
464111634
464111634
464111634
464111634
232055817
232055817
232055817
232055817
232055817
232055817
232055817
232055817
232055817
232055817
616027912
616027912
616027912
616027912
616027912
308013956
308013956
308013956
308013956
154006978
154006978
154006978
77003489
77003489
77003489
77003489
77003489
77003489
77003489
77003489
77003489
538501748
269250874
269250874
134625437
134625437
134625437
134625437
134625437
134625437
134625437
134625437
134625437
134625437
567312722
567312722
283656361
283656361
283656361
641828184
320914092
160457046
160457046
160457046
160457046
160457046
80228523
80228523
540114265
770057136
770057136
770057136
770057136
385028568
385028568
192514284
192514284
192514284
192514284
96257142
96257142
96257142
96257142
48128571
48128571
48128571
48128571
524064289
524064289
524064289
762032148
762032148
762032148
381016074
381016074
381016074
381016074
381016074
381016074
190508037
190508037
595254022
595254022
595254022
595254022
595254022
595254022
595254022
595254022
595254022
595254022
595254022
595254022
297627011
648813509
648813509
648813509
648813509
648813509
648813509
648813509
648813509
648813509
824406758
824406758
412203379
412203379
412203379
412203379
412203379
412203379
412203379
412203379
412203379
412203379
412203379
412203379
706101693
706101693
706101693
853050850
853050850
426525425
426525425
426525425
713262716
356631358
356631358
356631358
356631358
178315679
178315679
178315679
178315679
178315679
178315679
589157843
794578925
794578925
794578925
794578925
794578925
794578925
794578925
794578925
794578925
897289466
448644733
448644733
448644733
724322370
724322370
724322370
724322370
724322370
362161185
681080596
681080596
340540298
340540298
170270149
170270149
170270149
170270149
170270149
170270149
170270149
170270149
585135078
292567539
292567539
292567539
292567539
292567539
292567539
292567539
292567539
646283773
646283773
646283773
646283773
823141890
411570945
411570945
411570945
411570945
411570945
705785476
705785476
352892738
352892738
352892738
352892738
176446369
176446369
176446369
588223188
588223188
588223188
294111594
294111594
294111594
294111594
294111594
294111594
147055797
147055797
147055797
147055797
147055797
573527902
573527902
286763951
286763951
643381979
821690993
910845500
455422750
455422750
227711375
227711375
613855691
613855691
613855691
613855691
613855691
613855691
613855691
806927849
903463928
903463928
903463928
903463928
903463928
903463928
451731964
451731964
225865982
112932991
556466499
556466499
556466499
556466499
556466499
778233253
778233253
778233253
778233253
778233253
889116630
889116630
889116630
444558315
444558315
444558315
722279161
722279161
722279161
861139584
861139584
861139584
430569792
215284896
107642448
107642448
53821224
26910612
13455306
13455306
13455306
6727653
6727653
503363830
251681915
625840961
812920484
812920484
812920484
812920484
406460242
406460242
406460242
406460242
406460242
203230121
203230121
203230121
203230121
203230121
203230121
601615064
601615064
601615064
601615064
601615064
601615064
601615064
601615064
601615064
601615064
300807532
150403766
75201883
75201883
75201883
537600945
537600945
537600945
537600945
537600945
537600945
537600945
537600945
537600945
537600945
537600945
537600945
537600945
537600945
537600945
537600945
537600945
537600945
537600945
768800476
384400238
384400238
192200119
596100063
596100063
798050035
798050035
798050035
798050035
899025021
899025021
899025021
899025021
949512514
949512514
949512514
474756257
474756257
474756257
737378132
737378132
737378132
737378132
737378132
737378132
368689066
368689066
184344533
184344533
184344533
184344533
184344533
592172270
592172270
592172270
592172270
592172270
296086135
296086135
296086135
296086135
296086135
296086135
296086135
648043071
648043071
824021539
824021539
824021539
824021539
824021539
824021539
824021539
824021539
912010773
912010773
912010773
956005390
956005390
956005390
478002695
478002695
739001351
869500679
934750343
934750343
934750343
967375175
983687591
983687591
983687591
983687591
983687591
991843799
991843799
991843799
995921903
995921903
995921903
995921903
997960955
997960955
997960955
997960955
997960955
997960955
997960955
997960955
997960955
998980481
998980481
998980481
999490244
999490244
999490244
999490244
999490244
999490244
999490244
999490244
999490244
999490244
999490244
499745122
499745122
249872561
624936284
624936284
624936284
624936284
624936284
624936284
624936284
624936284
624936284
624936284
624936284
624936284
624936284
624936284
624936284
624936284
624936284
624936284
312468142
312468142
312468142
312468142
312468142
312468142
312468142
312468142
312468142
312468142
156234071
578117039
578117039
789058523
894529265
894529265
947264636
947264636
473632318
473632318
236816159
236816159
236816159
236816159
236816159
236816159
618408083
809204045
904602026
452301013
452301013
452301013
452301013
726150510
363075255
363075255
363075255
681537631
681537631
681537631
681537631
681537631
681537631
681537631
840768819
840768819
840768819
840768819
840768819
840768819
920384413
960192210
960192210
480096105
480096105
740048056
740048056
740048056
370024028
185012014
185012014
185012014
185012014
92506007
92506007
92506007
546253007
773126507
886563257
943281632
943281632
943281632
943281632
943281632
943281632
943281632
943281632
943281632
471640816
235820408
235820408
235820408
235820408
117910204
117910204
117910204
117910204
58955102
58955102
29477551
29477551
514738779
757369393
878684700
878684700
878684700
878684700
439342350
439342350
439342350
219671175
609835591
609835591
609835591
609835591
804917799
902458903
902458903
902458903
951229455
951229455
951229455
951229455
975614731
975614731
987807369
993903688
993903688
993903688
993903688
993903688
993903688
993903688
496951844
496951844
248475922
248475922
124237961
124237961
124237961
562118984
562118984
562118984
562118984
562118984
562118984
562118984
562118984
562118984
562118984
562118984
562118984
281059492
281059492
281059492
281059492
281059492
281059492
281059492
281059492
140529746
70264873
70264873
70264873
70264873
535132440
535132440
535132440
535132440
535132440
535132440
267566220
267566220
267566220
267566220
267566220
267566220
267566220
267566220
267566220
267566220
133783110
133783110
133783110
133783110
133783110
133783110
133783110
133783110
133783110
133783110
133783110
133783110
66891555
533445781
533445781
533445781
533445781
533445781
533445781
533445781
766722894
383361447
383361447
691680727
845840367
845840367
922920187
961460097
961460097
980730052
980730052
980730052
980730052
490365026
490365026
490365026
490365026
245182513
245182513
245182513
622591260
622591260
622591260
622591260
622591260
311295630
155647815
155647815
155647815
155647815
155647815
155647815
155647815
155647815
577823911
577823911
577823911
788911959
788911959
788911959
894455983
894455983
894455983
894455983
894455983
947227995
947227995
947227995
947227995
947227995
947227995
947227995
973614001
986807004
986807004
986807004
986807004
493403502
493403502
493403502
246701751
246701751
246701751
623350879
623350879
623350879
623350879
623350879
623350879
811675443
905837725
905837725
905837725
905837725
905837725
905837725
905837725
905837725
905837725
952918866
952918866
952918866
952918866
952918866
952918866
476459433
476459433
476459433
738229720
369114860
369114860
369114860
184557430
184557430
184557430
184557430
184557430
184557430
92278715
92278715
546139361
773069684
773069684
773069684
773069684
386534842
193267421
596633714
596633714
596633714
298316857
298316857
298316857
649158432
649158432
324579216
324579216
324579216
162289608
81144804
40572402
40572402
40572402
20286201
510143104
510143104
510143104
510143104
510143104
255071552
127535776
127535776
127535776
63767888
31883944
31883944
31883944
31883944
31883944
31883944
31883944
15941972
15941972
15941972
7970986
7970986
3985493
501992750
501992750
501992750
250996375
250996375
250996375
250996375
250996375
250996375
250996375
250996375
625498191
812749099
812749099
812749099
906374553
906374553
906374553
953187280
953187280
953187280
953187280
953187280
953187280
953187280
953187280
476593640
476593640
238296820
238296820
238296820
238296820
119148410
119148410
119148410
59574205
529787106
529787106
264893553
264893553
264893553
632446780
632446780
632446780
632446780
632446780
316223390
158111695
158111695
158111695
158111695
158111695
579055851
579055851
579055851
579055851
579055851
579055851
579055851
579055851
579055851
579055851
579055851
789527929
894763968
447381984
447381984
447381984
223690992
223690992
111845496
111845496
111845496
111845496
55922748
55922748
55922748
27961374
13980687
13980687
13980687
13980687
506990347
753495177
753495177
753495177
753495177
753495177
753495177
753495177
753495177
753495177
876747592
876747592
438373796
438373796
219186898
219186898
219186898
219186898
109593449
109593449
109593449
109593449
554796728
277398364
138699182
69349591
534674799
534674799
767337403
883668705
883668705
941834356
470917178
470917178
470917178
470917178
470917178
235458589
235458589
617729298
617729298
617729298
308864649
308864649
654432328
654432328
654432328
654432328
654432328
327216164
163608082
163608082
81804041
81804041
540902024
540902024
540902024
540902024
540902024
540902024
540902024
270451012
270451012
270451012
270451012
270451012
270451012
270451012
270451012
135225506
135225506
135225506
135225506
135225506
135225506
67612753
67612753
67612753
67612753
533806380
533806380
533806380
533806380
533806380
266903190
266903190
266903190
133451595
566725801
566725801
566725801
783362904
391681452
195840726
195840726
97920363
548960185
548960185
548960185
548960185
548960185
548960185
774480096
774480096
774480096
774480096
774480096
774480096
387240048
387240048
193620024
96810012
48405006
24202503
24202503
24202503
24202503
24202503
24202503
24202503
24202503
24202503
512101255
512101255
512101255
756050631
756050631
756050631
878025319
939012663
939012663
969506335
984753171
992376589
992376589
996188298
498094149
749047078
749047078
374523539
374523539
374523539
374523539
374523539
374523539
374523539
687261773
843630890
843630890
843630890
421815445
421815445
421815445
421815445
421815445
421815445
421815445
421815445
421815445
421815445
710907726
710907726
710907726
710907726
710907726
355453863
677726935
677726935
838863471
838863471
838863471
838863471
838863471
838863471
838863471
838863471
838863471
838863471
919431739
959715873
959715873
959715873
959715873
959715873
979857940
979857940
489928970
244964485
244964485
244964485
622482246
622482246
622482246
622482246
622482246
311241123
311241123
655620565
655620565
655620565
655620565
827810286
413905143
413905143
413905143
413905143
413905143
413905143
413905143
706952575
706952575
853476291
926738149
926738149
926738149
926738149
926738149
926738149
963369078
963369078
963369078
963369078
963369078
481684539
481684539
481684539
481684539
481684539
481684539
481684539
481684539
481684539
740842273
740842273
740842273
740842273
740842273
740842273
740842273
740842273
740842273
740842273
740842273
740842273
740842273
740842273
740842273
740842273
870421140
870421140
435210570
435210570
435210570
435210570
435210570
217605285
217605285
608802646
608802646
304401323
304401323
304401323
652200665
652200665
826100336
826100336
826100336
413050168
413050168
206525084
206525084
206525084
103262542
103262542
51631271
51631271
525815639
525815639
525815639
525815639
525815639
525815639
525815639
525815639
525815639
525815639
762907823
762907823
881453915
881453915
881453915
940726961
940726961
940726961
940726961
970363484
485181742
242590871
621295439
621295439
810647723
810647723
905323865
905323865
905323865
905323865
905323865
905323865
905323865
905323865
905323865
952661936
476330968
476330968
476330968
476330968
476330968
476330968
476330968
476330968
476330968
476330968
238165484
238165484
119082742
119082742
59541371
59541371
529770689
764885348
764885348
382442674
382442674
382442674
191221337
191221337
191221337
595610672
595610672
595610672
595610672
297805336
297805336
297805336
297805336
148902668
148902668
148902668
148902668
74451334
74451334
37225667
37225667
37225667
37225667
518612837
518612837
518612837
518612837
518612837
759306422
759306422
759306422
759306422
759306422
759306422
759306422
759306422
759306422
759306422
759306422
759306422
759306422
759306422
759306422
379653211
379653211
379653211
379653211
379653211
379653211
689826609
689826609
689826609
689826609
689826609
844913308
844913308
844913308
844913308
422456654
422456654
211228327
211228327
605614167
605614167
802807087
802807087
802807087
901403547
901403547
901403547
901403547
901403547
901403547
901403547
901403547
950701777
975350892
975350892
975350892
487675446
487675446
487675446
243837723
243837723
621918865
621918865
810959436
810959436
810959436
405479718
405479718
202739859
202739859
202739859
202739859
202739859
601369933
601369933
601369933
601369933
601369933
601369933
601369933
601369933
800684970
800684970
800684970
800684970
800684970
800684970
800684970
400342485
700171246
700171246
700171246
350085623
350085623
350085623
350085623
675042815
675042815
675042815
675042815
675042815
837521411
837521411
837521411
837521411
837521411
837521411
918760709
918760709
918760709
959380358
959380358
479690179
479690179
739845093
739845093
869922550
434961275
434961275
434961275
434961275
717480641
858740324
429370162
429370162
214685081
214685081
214685081
607342544
607342544
303671272
303671272
303671272
303671272
151835636
151835636
151835636
151835636
151835636
151835636
151835636
75917818
37958909
37958909
37958909
518979458
518979458
259489729
259489729
259489729
629744868
629744868
314872434
314872434
314872434
314872434
314872434
314872434
314872434
314872434
157436217
157436217
578718112
578718112
578718112
578718112
578718112
578718112
578718112
578718112
578718112
289359056
144679528
144679528
144679528
72339764
72339764
72339764
36169882
36169882
36169882
18084941
509042474
509042474
509042474
509042474
509042474
509042474
509042474
254521237
254521237
254521237
254521237
254521237
627260622
627260622
627260622
627260622
627260622
313630311
313630311
656815159
656815159
656815159
656815159
656815159
656815159
828407583
914203795
914203795
914203795
914203795
914203795
914203795
914203795
914203795
914203795
957101901
978550954
978550954
978550954
978550954
489275477
744637742
744637742
744637742
744637742
372318871
686159439
686159439
686159439
686159439
843079723
843079723
843079723
843079723
843079723
843079723
921539865
960769936
960769936
480384968
480384968
480384968
480384968
240192484
240192484
240192484
120096242
120096242
120096242
120096242
120096242
120096242
60048121
60048121
60048121
60048121
60048121
60048121
60048121
530024064
530024064
530024064
530024064
530024064
530024064
530024064
530024064
530024064
530024064
530024064
265012032
265012032
265012032
132506016
132506016
132506016
132506016
132506016
132506016
132506016
132506016
66253008
66253008
33126504
33126504
33126504
16563252
16563252
16563252
8281626
4140813
4140813
502070410
502070410
502070410
251035205
625517606
625517606
625517606
312758803
656379405
656379405
656379405
828189706
414094853
707047430
707047430
353523715
353523715
676761861
676761861
676761861
676761861
676761861
676761861
676761861
676761861
838380934
419190467
709595237
709595237
709595237
709595237
709595237
709595237
709595237
709595237
709595237
709595237
709595237
709595237
709595237
709595237
854797622
854797622
854797622
854797622
427398811
427398811
427398811
713699409
713699409
713699409
713699409
713699409
713699409
713699409
713699409
713699409
713699409
713699409
856849708
856849708
856849708
428424854
214212427
214212427
214212427
214212427
214212427
214212427
214212427
607106217
607106217
607106217
607106217
803553112
401776556
401776556
200888278
200888278
100444139
100444139
100444139
100444139
100444139
550222073
775111040
775111040
775111040
775111040
387555520
387555520
387555520
193777760
193777760
193777760
193777760
193777760
193777760
96888880
96888880
96888880
96888880
96888880
96888880
96888880
96888880
48444440
48444440
24222220
24222220
24222220
24222220
24222220
24222220
24222220
12111110
12111110
6055555
6055555
503027781
503027781
503027781
503027781
503027781
751513894
751513894
375756947
687878477
687878477
687878477
687878477
687878477
687878477
687878477
687878477
687878477
687878477
687878477
843939242
843939242
421969621
421969621
710984814
355492407
355492407
677746207
677746207
677746207
677746207
677746207
838873107
838873107
919436557
919436557
919436557
919436557
919436557
959718282
959718282
959718282
959718282
959718282
959718282
959718282
959718282
479859141
479859141
479859141
479859141
739929574
739929574
739929574
739929574
739929574
739929574
369964787
684982397
684982397
842491202
842491202
842491202
421245601
421245601
421245601
421245601
421245601
710622804
355311402
355311402
355311402
355311402
177655701
177655701
177655701
177655701
177655701
588827854
294413927
647206967
647206967
647206967
647206967
823603487
823603487
911801747
955900877
955900877
955900877
977950442
977950442
488975221
744487614
744487614
744487614
372243807
686121907
843060957
843060957
843060957
843060957
843060957
921530482
921530482
921530482
921530482
921530482
921530482
921530482
460765241
730382624
730382624
730382624
730382624
730382624
365191312
182595656
91297828
91297828
91297828
91297828
91297828
91297828
45648914
22824457
22824457
22824457
511412232
511412232
511412232
255706116
255706116
255706116
255706116
255706116
127853058
127853058
127853058
63926529
63926529
531963268
531963268
265981634
132990817
132990817
566495412
566495412
566495412
283247706
283247706
141623853
141623853
141623853
141623853
141623853
570811930
570811930
570811930
285405965
285405965
642702986
642702986
642702986
642702986
642702986
642702986
642702986
642702986
642702986
642702986
642702986
642702986
642702986
642702986
642702986
321351493
321351493
321351493
660675750
660675750
330337875
330337875
330337875
330337875
330337875
330337875
330337875
330337875
665168941
665168941
832584474
416292237
416292237
416292237
416292237
416292237
416292237
416292237
708146122
708146122
708146122
708146122
708146122
708146122
354073061
354073061
354073061
354073061
354073061
677036534
677036534
677036534
677036534
677036534
677036534
677036534
338518267
669259137
834629572
834629572
834629572
834629572
417314786
417314786
208657393
208657393
208657393
604328700
604328700
604328700
604328700
604328700
604328700
302164350
151082175
151082175
151082175
151082175
151082175
151082175
151082175
151082175
151082175
151082175
151082175
151082175
575541091
575541091
575541091
575541091
787770549
787770549
787770549
787770549
893885278
893885278
893885278
893885278
893885278
893885278
446942639
723471323
723471323
723471323
861735665
861735665
930867836
930867836
930867836
930867836
930867836
465433918
465433918
465433918
465433918
465433918
232716959
232716959
616358483
808179245
904089626
904089626
904089626
452044813
452044813
452044813
452044813
726022410
726022410
726022410
726022410
726022410
726022410
726022410
726022410
726022410
363011205
681505606
681505606
681505606
681505606
681505606
681505606
340752803
340752803
340752803
340752803
340752803
340752803
670376405
670376405
670376405
835188206
417594103
708797055
708797055
854398531
927199269
927199269
927199269
927199269
963599638
963599638
481799819
481799819
481799819
481799819
481799819
481799819
481799819
481799819
481799819
481799819
481799819
481799819
481799819
481799819
481799819
481799819
481799819
481799819
481799819
481799819
481799819
481799819
481799819
740899913
870449960
870449960
870449960
870449960
870449960
870449960
870449960
870449960
870449960
870449960
870449960
870449960
870449960
870449960
870449960
870449960
870449960
435224980
435224980
217612490
217612490
217612490
217612490
217612490
217612490
108806245
108806245
108806245
108806245
554403126
554403126
554403126
554403126
277201563
277201563
277201563
277201563
277201563
638600785
638600785
638600785
819300396
409650198
204825099
204825099
602412553
602412553
602412553
801206280
801206280
801206280
801206280
801206280
400603140
400603140
400603140
400603140
400603140
400603140
400603140
400603140
200301570
200301570
200301570
100150785
550075396
550075396
550075396
550075396
550075396
550075396
550075396
550075396
550075396
550075396
550075396
275037698
275037698
275037698
137518849
137518849
137518849
137518849
568759428
568759428
568759428
284379714
284379714
284379714
284379714
284379714
284379714
284379714
284379714
284379714
142189857
142189857
142189857
142189857
142189857
142189857
142189857
571094932
571094932
571094932
571094932
571094932
571094932
571094932
571094932
571094932
571094932
285547466
285547466
285547466
285547466
285547466
285547466
142773733
142773733
142773733
142773733
142773733
571386870
571386870
571386870
285693435
642846721
642846721
642846721
642846721
642846721
642846721
642846721
821423364
821423364
821423364
821423364
410711682
410711682
410711682
410711682
205355841
205355841
205355841
205355841
205355841
205355841
205355841
205355841
602677924
301338962
301338962
301338962
150669481
575334744
575334744
575334744
575334744
287667372
287667372
287667372
287667372
143833686
143833686
143833686
143833686
143833686
143833686
143833686
71916843
71916843
71916843
71916843
71916843
71916843
71916843
535958425
535958425
535958425
535958425
535958425
535958425
535958425
535958425
535958425
535958425
767979216
767979216
767979216
767979216
767979216
383989608
383989608
191994804
191994804
191994804
191994804
191994804
95997402
47998701
47998701
47998701
523999354
523999354
261999677
261999677
630999842
630999842
630999842
630999842
630999842
630999842
630999842
315499921
315499921
315499921
657749964
328874982
328874982
164437491
164437491
164437491
582218749
582218749
582218749
582218749
582218749
582218749
582218749
582218749
582218749
582218749
582218749
582218749
582218749
791109378
395554689
697777348
348888674
348888674
348888674
348888674
348888674
348888674
348888674
348888674
348888674
348888674
348888674
348888674
348888674
174444337
174444337
174444337
174444337
174444337
174444337
174444337
174444337
174444337
174444337
587222172
587222172
293611086
146805543
146805543
146805543
146805543
573402775
573402775
573402775
786701391
786701391
786701391
786701391
786701391
893350699
946675353
946675353
946675353
946675353
973337680
973337680
973337680
973337680
486668840
486668840
486668840
243334420
243334420
121667210
121667210
121667210
60833605
530416806
530416806
265208403
265208403
265208403
265208403
632604205
816302106
408151053
408151053
408151053
408151053
408151053
704075530
352037765
352037765
352037765
352037765
352037765
352037765
352037765
352037765
352037765
352037765
352037765
352037765
676018886
676018886
338009443
669004725
669004725
834502366
834502366
417251183
417251183
417251183
417251183
708625595
708625595
708625595
708625595
708625595
708625595
854312801
854312801
927156404
927156404
927156404
927156404
927156404
927156404
927156404
927156404
927156404
927156404
463578202
463578202
231789101
231789101
615894554
307947277
307947277
307947277
307947277
653973642
653973642
653973642
326986821
326986821
326986821
326986821
326986821
326986821
326986821
326986821
326986821
326986821
326986821
663493414
663493414
663493414
663493414
331746707
331746707
331746707
331746707
331746707
665873357
665873357
665873357
832936682
416468341
416468341
416468341
708234174
708234174
354117087
354117087
677058547
677058547
677058547
677058547
838529277
838529277
838529277
838529277
838529277
838529277
838529277
838529277
838529277
919264642
919264642
919264642
919264642
459632321
459632321
729816164
729816164
729816164
729816164
729816164
729816164
729816164
729816164
364908082
182454041
182454041
182454041
591227024
591227024
591227024
295613512
295613512
295613512
295613512
147806756
147806756
73903378
73903378
36951689
518475848
518475848
259237924
129618962
129618962
129618962
129618962
129618962
64809481
64809481
64809481
64809481
64809481
64809481
64809481
64809481
64809481
64809481
64809481
64809481
64809481
64809481
532404744
532404744
532404744
532404744
266202372
266202372
266202372
133101186
133101186
133101186
133101186
133101186
133101186
133101186
133101186
133101186
133101186
133101186
133101186
66550593
66550593
66550593
533275300
533275300
533275300
533275300
533275300
533275300
533275300
533275300
533275300
266637650
266637650
266637650
266637650
266637650
266637650
133318825
566659416
566659416
566659416
566659416
566659416
566659416
566659416
566659416
566659416
566659416
566659416
566659416
566659416
566659416
566659416
283329708
283329708
283329708
283329708
283329708
141664854
141664854
141664854
141664854
141664854
141664854
141664854
141664854
141664854
141664854
141664854
141664854
70832427
70832427
70832427
70832427
535416217
767708112
767708112
383854056
383854056
383854056
383854056
383854056
383854056
191927028
95963514
95963514
95963514
95963514
95963514
95963514
95963514
95963514
95963514
47981757
47981757
47981757
47981757
523990882
523990882
261995441
261995441
261995441
261995441
261995441
630997724
315498862
315498862
157749431
157749431
157749431
157749431
157749431
157749431
157749431
578874719
578874719
578874719
578874719
578874719
578874719
789437363
894718685
894718685
947359346
947359346
473679673
473679673
473679673
473679673
473679673
736839840
368419920
184209960
184209960
92104980
92104980
92104980
46052490
23026245
23026245
23026245
23026245
23026245
23026245
23026245
23026245
511513126
255756563
255756563
255756563
255756563
627878285
627878285
627878285
627878285
627878285
627878285
627878285
813939146
813939146
813939146
813939146
406969573
703484790
703484790
351742395
351742395
351742395
351742395
351742395
351742395
351742395
675871201
837935604
418967802
418967802
418967802
418967802
418967802
418967802
209483901
604741954
604741954
302370977
302370977
651185492
325592746
325592746
325592746
325592746
162796373
162796373
162796373
581398190
290699095
645349551
645349551
645349551
822674779
822674779
822674779
822674779
822674779
822674779
822674779
822674779
822674779
911337393
955668700
955668700
955668700
955668700
477834350
477834350
477834350
477834350
238917175
619458591
619458591
619458591
619458591
619458591
619458591
619458591
619458591
619458591
809729299
809729299
809729299
809729299
809729299
904864653
904864653
952432330
476216165
476216165
476216165
476216165
476216165
476216165
476216165
476216165
738108086
738108086
738108086
738108086
738108086
738108086
369054043
684527025
684527025
684527025
684527025
842263516
842263516
842263516
842263516
421131758
421131758
421131758
210565879
210565879
210565879
210565879
210565879
605282943
605282943
802641475
802641475
901320741
950660374
950660374
950660374
950660374
950660374
475330187
475330187
737665097
868832552
868832552
434416276
434416276
434416276
434416276
434416276
434416276
217208138
217208138
217208138
217208138
217208138
217208138
217208138
217208138
217208138
108604069
108604069
108604069
108604069
108604069
108604069
108604069
554302038
554302038
554302038
554302038
554302038
554302038
277151019
277151019
277151019
638575513
638575513
819287760
819287760
819287760
819287760
819287760
819287760
819287760
819287760
819287760
819287760
819287760
819287760
819287760
409643880
409643880
409643880
409643880
204821940
204821940
204821940
204821940
204821940
204821940
204821940
204821940
204821940
102410970
102410970
51205485
51205485
51205485
525602746
525602746
525602746
525602746
525602746
525602746
525602746
525602746
525602746
525602746
525602746
525602746
262801373
262801373
631400690
315700345
657850176
328925088
328925088
328925088
164462544
164462544
164462544
164462544
164462544
164462544
164462544
164462544
82231272
82231272
82231272
82231272
82231272
82231272
82231272
82231272
41115636
41115636
41115636
41115636
20557818
20557818
20557818
10278909
10278909
505139458
505139458
505139458
505139458
252569729
252569729
626284868
313142434
313142434
313142434
156571217
156571217
578285612
578285612
289142806
289142806
144571403
144571403
144571403
572285705
786142856
393071428
393071428
393071428
196535714
196535714
196535714
196535714
196535714
196535714
196535714
196535714
196535714
98267857
549133932
549133932
549133932
549133932
549133932
274566966
274566966
274566966
274566966
274566966
274566966
274566966
274566966
274566966
274566966
274566966
274566966
137283483
137283483
137283483
137283483
137283483
137283483
137283483
137283483
137283483
137283483
137283483
137283483
137283483
137283483
137283483
137283483
137283483
137283483
137283483
137283483
568641745
568641745
568641745
568641745
568641745
568641745
568641745
568641745
784320876
784320876
784320876
784320876
784320876
784320876
392160438
196080219
196080219
196080219
196080219
196080219
598040113
598040113
598040113
598040113
598040113
598040113
598040113
598040113
598040113
799020060
799020060
399510030
199755015
199755015
599877511
599877511
599877511
599877511
599877511
599877511
799938759
799938759
799938759
799938759
799938759
899969383
899969383
899969383
949984695
949984695
949984695
949984695
949984695
949984695
949984695
949984695
949984695
949984695
949984695
949984695
974992351
987496179
987496179
993748093
993748093
993748093
993748093
993748093
996874050
996874050
996874050
996874050
996874050
996874050
996874050
996874050
996874050
996874050
996874050
996874050
996874050
996874050
996874050
996874050
498437025
749218516
374609258
187304629
187304629
187304629
187304629
187304629
593652318
593652318
593652318
593652318
593652318
296826159
296826159
296826159
296826159
648413083
648413083
648413083
824206545
824206545
912103276
912103276
456051638
456051638
456051638
228025819
228025819
614012913
807006460
807006460
807006460
807006460
807006460
807006460
807006460
807006460
807006460
807006460
807006460
807006460
807006460
403503230
403503230
403503230
403503230
403503230
403503230
403503230
403503230
403503230
403503230
403503230
403503230
403503230
403503230
403503230
201751615
201751615
201751615
201751615
201751615
201751615
201751615
201751615
201751615
201751615
201751615
201751615
201751615
600875811
600875811
600875811
600875811
600875811
600875811
600875811
800437909
800437909
800437909
800437909
800437909
800437909
900218958
900218958
900218958
450109479
450109479
450109479
725054743
725054743
725054743
725054743
725054743
725054743
725054743
862527375
862527375
862527375
862527375
862527375
862527375
862527375
862527375
862527375
862527375
862527375
862527375
862527375
931263691
931263691
931263691
931263691
931263691
931263691
931263691
931263691
931263691
931263691
931263691
931263691
931263691
931263691
965631849
982815928
491407964
491407964
491407964
491407964
245703982
245703982
122851991
122851991
122851991
122851991
122851991
122851991
561425999
780713003
780713003
780713003
780713003
780713003
780713003
780713003
780713003
780713003
780713003
780713003
780713003
780713003
780713003
780713003
780713003
780713003
780713003
780713003
780713003
780713003
780713003
890356505
945178256
472589128
472589128
472589128
472589128
472589128
236294564
236294564
236294564
236294564
118147282
118147282
118147282
118147282
59073641
529536824
264768412
264768412
132384206
132384206
132384206
132384206
132384206
132384206
132384206
132384206
132384206
66192103
533096055
533096055
533096055
533096055
533096055
533096055
533096055
533096055
533096055
533096055
533096055
533096055
533096055
533096055
766548031
766548031
766548031
766548031
883274019
883274019
883274019
883274019
941637013
941637013
941637013
941637013
970818510
485409255
485409255
742704631
742704631
742704631
871352319
871352319
871352319
935676163
935676163
935676163
967838085
967838085
967838085
967838085
967838085
967838085
967838085
967838085
967838085
983919046
983919046
983919046
983919046
983919046
983919046
983919046
983919046
983919046
983919046
983919046
983919046
491959523
491959523
745979765
745979765
745979765
745979765
745979765
745979765
745979765
745979765
745979765
872989886
872989886
436494943
436494943
436494943
436494943
436494943
718247475
718247475
718247475
718247475
718247475
859123741
859123741
859123741
859123741
929561874
929561874
929561874
929561874
929561874
929561874
929561874
464780937
732390472
732390472
732390472
732390472
366195236
366195236
366195236
183097618
183097618
183097618
183097618
183097618
183097618
183097618
183097618
91548809
91548809
91548809
91548809
91548809
91548809
545774408
545774408
545774408
545774408
545774408
545774408
545774408
545774408
545774408
545774408
545774408
545774408
272887204
136443602
136443602
136443602
68221801
68221801
68221801
534110904
534110904
267055452
133527726
133527726
133527726
133527726
133527726
133527726
133527726
66763863
66763863
66763863
66763863
66763863
533381935
533381935
533381935
533381935
533381935
533381935
533381935
533381935
533381935
533381935
766690971
766690971
766690971
766690971
766690971
766690971
766690971
883345489
883345489
883345489
883345489
883345489
883345489
883345489
883345489
883345489
883345489
883345489
883345489
883345489
883345489
883345489
883345489
941672748
941672748
941672748
941672748
941672748
470836374
470836374
235418187
235418187
235418187
617709097
617709097
808854552
404427276
404427276
404427276
202213638
202213638
202213638
202213638
101106819
101106819
550553413
550553413
775276710
775276710
775276710
775276710
775276710
775276710
775276710
387638355
387638355
693819181
846909594
846909594
846909594
846909594
423454797
423454797
423454797
423454797
423454797
423454797
423454797
423454797
423454797
423454797
423454797
423454797
423454797
423454797
423454797
423454797
423454797
711727402
711727402
711727402
711727402
711727402
711727402
355863701
355863701
677931854
338965927
669482967
669482967
669482967
834741487
917370747
917370747
917370747
917370747
917370747
958685377
958685377
979342692
979342692
979342692
489671346
244835673
244835673
244835673
244835673
244835673
622417840
622417840
622417840
622417840
311208920
311208920
155604460
77802230
77802230
77802230
38901115
519450561
519450561
519450561
519450561
519450561
759725284
379862642
379862642
379862642
379862642
379862642
379862642
379862642
189931321
189931321
189931321
189931321
189931321
594965664
594965664
297482832
297482832
297482832
297482832
297482832
297482832
297482832
297482832
297482832
297482832
297482832
297482832
148741416
148741416
148741416
148741416
148741416
148741416
74370708
37185354
37185354
37185354
37185354
37185354
37185354
18592677
509296342
509296342
509296342
509296342
509296342
509296342
509296342
509296342
509296342
509296342
509296342
509296342
509296342
509296342
509296342
509296342
254648171
254648171
254648171
254648171
254648171
627324089
627324089
627324089
627324089
627324089
627324089
627324089
627324089
627324089
627324089
813662048
813662048
813662048
406831024
406831024
406831024
203415512
101707756
101707756
101707756
50853878
50853878
25426939
25426939
512713473
512713473
512713473
756356740
756356740
756356740
756356740
756356740
756356740
378178370
378178370
189089185
189089185
189089185
189089185
189089185
189089185
594544596
594544596
594544596
594544596
594544596
594544596
594544596
297272298
297272298
297272298
148636149
148636149
574318078
574318078
574318078
287159039
287159039
287159039
287159039
643579523
643579523
643579523
821789765
821789765
821789765
821789765
821789765
821789765
821789765
821789765
821789765
821789765
821789765
821789765
910894886
910894886
910894886
455447443
455447443
727723725
727723725
863861866
863861866
863861866
863861866
863861866
863861866
863861866
863861866
863861866
863861866
863861866
863861866
863861866
431930933
431930933
715965470
357982735
678991371
678991371
839495689
839495689
839495689
839495689
839495689
839495689
919747848
919747848
919747848
919747848
919747848
919747848
919747848
459873924
459873924
459873924
459873924
229936962
114968481
557484244
557484244
557484244
557484244
557484244
557484244
557484244
557484244
557484244
557484244
278742122
278742122
278742122
278742122
278742122
278742122
278742122
278742122
278742122
278742122
278742122
278742122
278742122
278742122
278742122
278742122
278742122
278742122
278742122
278742122
278742122
139371061
139371061
139371061
139371061
139371061
139371061
139371061
139371061
139371061
139371061
139371061
139371061
139371061
569685534
569685534
569685534
569685534
284842767
284842767
284842767
284842767
284842767
284842767
642421387
642421387
642421387
642421387
642421387
642421387
642421387
821210697
821210697
910605352
910605352
455302676
455302676
227651338
227651338
227651338
113825669
113825669
113825669
113825669
113825669
113825669
113825669
113825669
113825669
113825669
113825669
113825669
113825669
113825669
113825669
556912838
278456419
278456419
278456419
278456419
639228213
819614110
409807055
409807055
409807055
409807055
409807055
409807055
409807055
409807055
409807055
409807055
409807055
409807055
704903531
704903531
852451769
926225888
463112944
463112944
231556472
115778236
115778236
115778236
115778236
115778236
115778236
115778236
115778236
57889118
57889118
57889118
57889118
57889118
57889118
57889118
57889118
57889118
28944559
28944559
28944559
28944559
28944559
28944559
28944559
514472283
757236145
878618076
878618076
439309038
439309038
439309038
219654519
219654519
219654519
219654519
219654519
219654519
219654519
219654519
219654519
609827263
804913635
804913635
804913635
804913635
804913635
804913635
804913635
804913635
804913635
804913635
804913635
804913635
804913635
902456821
902456821
951228414
951228414
951228414
951228414
951228414
475614207
475614207
475614207
475614207
475614207
475614207
737807107
737807107
737807107
737807107
737807107
737807107
868903557
868903557
868903557
934451782
467225891
467225891
467225891
467225891
467225891
467225891
467225891
467225891
733612949
733612949
733612949
866806478
433403239
433403239
433403239
433403239
433403239
433403239
433403239
433403239
433403239
716701623
716701623
716701623
716701623
716701623
716701623
716701623
716701623
858350815
858350815
929175411
929175411
964587709
964587709
982293858
982293858
982293858
491146929
491146929
491146929
491146929
491146929
745573468
372786734
186393367
186393367
593196687
593196687
593196687
593196687
593196687
593196687
796598347
796598347
796598347
898299177
898299177
898299177
898299177
949149592
949149592
474574796
237287398
237287398
118643699
118643699
118643699
118643699
118643699
118643699
559321853
779660930
779660930
779660930
389830465
389830465
694915236
694915236
694915236
694915236
694915236
694915236
694915236
694915236
347457618
173728809
173728809
173728809
173728809
173728809
173728809
173728809
173728809
586864408
586864408
586864408
586864408
586864408
586864408
293432204
293432204
293432204
293432204
293432204
293432204
146716102
146716102
146716102
146716102
146716102
146716102
146716102
146716102
73358051
73358051
73358051
73358051
73358051
73358051
73358051
536679029
536679029
536679029
536679029
536679029
536679029
536679029
536679029
536679029
536679029
536679029
768339518
768339518
768339518
768339518
768339518
768339518
768339518
768339518
768339518
768339518
768339518
768339518
768339518
768339518
768339518
768339518
768339518
768339518
768339518
768339518
768339518
768339518
768339518
768339518
768339518
768339518
384169759
384169759
384169759
384169759
384169759
384169759
384169759
384169759
384169759
384169759
384169759
384169759
384169759
692084883
846042445
923021226
923021226
461510613
730755310
730755310
730755310
730755310
730755310
730755310
730755310
730755310
365377655
365377655
365377655
365377655
365377655
365377655
365377655
365377655
365377655
365377655
365377655
365377655
682688831
841344419
841344419
841344419
841344419
841344419
841344419
841344419
920672213
920672213
960336110
960336110
960336110
960336110
480168055
480168055
480168055
480168055
480168055
480168055
740084031
740084031
740084031
870042019
870042019
870042019
870042019
870042019
870042019
870042019
870042019
870042019
935021013
967510510
967510510
483755255
483755255
741877631
741877631
741877631
741877631
741877631
870938819
870938819
870938819
935469413
967734710
483867355
483867355
483867355
741933681
741933681
741933681
741933681
870966844
870966844
870966844
435483422
435483422
435483422
435483422
435483422
435483422
435483422
435483422
435483422
435483422
217741711
217741711
217741711
608870859
804435433
804435433
804435433
804435433
902217720
902217720
451108860
451108860
225554430
225554430
225554430
225554430
225554430
225554430
225554430
225554430
225554430
112777215
556388611
778194309
889097158
889097158
889097158
444548579
444548579
444548579
722274293
722274293
861137150
430568575
715284291
857642149
857642149
857642149
857642149
857642149
857642149
857642149
857642149
857642149
857642149
857642149
928821078
928821078
928821078
464410539
464410539
464410539
464410539
464410539
732205273
732205273
732205273
732205273
732205273
866102640
433051320
433051320
433051320
216525660
216525660
108262830
108262830
108262830
54131415
527065711
527065711
763532859
763532859
881766433
881766433
940883220
940883220
940883220
470441610
235220805
617610406
617610406
617610406
308805203
654402605
827201306
413600653
413600653
706800330
706800330
706800330
706800330
353400165
353400165
353400165
353400165
676700086
676700086
338350043
669175025
669175025
669175025
669175025
669175025
669175025
669175025
834587516
834587516
417293758
417293758
417293758
417293758
417293758
417293758
417293758
417293758
417293758
417293758
417293758
417293758
417293758
417293758
417293758
417293758
417293758
417293758
417293758
417293758
417293758
208646879
208646879
208646879
604323443
604323443
604323443
802161725
802161725
901080866
901080866
901080866
901080866
901080866
901080866
901080866
901080866
901080866
901080866
901080866
901080866
450540433
450540433
450540433
450540433
450540433
450540433
450540433
450540433
450540433
725270220
725270220
725270220
725270220
725270220
725270220
725270220
725270220
725270220
725270220
725270220
725270220
362635110
362635110
362635110
362635110
362635110
362635110
181317555
181317555
181317555
590658781
795329394
795329394
795329394
795329394
795329394
795329394
795329394
795329394
795329394
795329394
795329394
795329394
397664697
698832352
698832352
698832352
698832352
698832352
698832352
698832352
698832352
698832352
698832352
698832352
698832352
698832352
698832352
698832352
698832352
698832352
698832352
349416176
174708088
174708088
87354044
87354044
87354044
87354044
87354044
87354044
87354044
87354044
43677022
43677022
43677022
43677022
43677022
21838511
21838511
21838511
21838511
21838511
510919259
510919259
510919259
510919259
510919259
510919259
510919259
510919259
510919259
510919259
510919259
510919259
510919259
755459633
755459633
755459633
755459633
755459633
755459633
755459633
755459633
755459633
877729820
438864910
438864910
438864910
438864910
219432455
219432455
219432455
219432455
219432455
219432455
219432455
219432455
609716231
609716231
609716231
804858119
804858119
804858119
804858119
804858119
804858119
804858119
902429063
902429063
902429063
902429063
902429063
902429063
902429063
902429063
902429063
902429063
902429063
902429063
902429063
902429063
902429063
902429063
902429063
902429063
902429063
902429063
902429063
902429063
902429063
902429063
902429063
902429063
902429063
902429063
902429063
902429063
902429063
951214535
951214535
951214535
951214535
951214535
951214535
951214535
975607271
975607271
975607271
975607271
975607271
987803639
987803639
987803639
987803639
993901823
993901823
993901823
993901823
993901823
993901823
993901823
993901823
993901823
993901823
993901823
993901823
993901823
993901823
993901823
996950915
996950915
996950915
998475461
998475461
998475461
998475461
999237734
999237734
999237734
999237734
999237734
999237734
999237734
499618867
499618867
499618867
499618867
749809437
749809437
749809437
749809437
749809437
749809437
749809437
749809437
749809437
749809437
749809437
749809437
874904722
874904722
437452361
437452361
718726184
718726184
718726184
718726184
718726184
359363092
359363092
359363092
359363092
359363092
359363092
359363092
359363092
359363092
359363092
359363092
359363092
359363092
359363092
359363092
359363092
359363092
179681546
89840773
544920390
272460195
272460195
272460195
272460195
272460195
636230101
636230101
636230101
636230101
818115054
409057527
409057527
409057527
409057527
409057527
704528767
704528767
704528767
704528767
852264387
852264387
852264387
852264387
852264387
852264387
926132197
963066102
963066102
963066102
963066102
963066102
963066102
963066102
963066102
481533051
481533051
481533051
481533051
481533051
740766529
740766529
740766529
740766529
740766529
740766529
740766529
740766529
740766529
870383268
435191634
435191634
435191634
435191634
435191634
435191634
435191634
435191634
217595817
217595817
608797912
304398956
304398956
152199478
76099739
76099739
76099739
76099739
76099739
538049873
769024940
769024940
769024940
769024940
769024940
769024940
384512470
384512470
384512470
384512470
384512470
384512470
384512470
384512470
384512470
384512470
384512470
384512470
384512470
384512470
384512470
192256235
192256235
192256235
192256235
596128121
596128121
596128121
596128121
596128121
596128121
596128121
596128121
596128121
798064064
399032032
199516016
199516016
199516016
199516016
99758008
49879004
49879004
49879004
49879004
49879004
49879004
49879004
49879004
49879004
24939502
24939502
24939502
24939502
12469751
506234879
506234879
506234879
506234879
753117443
753117443
753117443
753117443
753117443
753117443
753117443
753117443
753117443
753117443
753117443
753117443
753117443
753117443
876558725
876558725
876558725
876558725
876558725
876558725
938279366
938279366
938279366
938279366
469139683
469139683
469139683
734569845
734569845
867284926
867284926
867284926
867284926
867284926
433642463
433642463
433642463
433642463
433642463
433642463
433642463
433642463
433642463
433642463
716821235
716821235
716821235
716821235
716821235
716821235
716821235
716821235
716821235
716821235
858410621
858410621
929205314
929205314
929205314
929205314
929205314
929205314
929205314
929205314
929205314
464602657
464602657
464602657
464602657
464602657
464602657
464602657
464602657
464602657
464602657
464602657
464602657
464602657
464602657
464602657
732301332
732301332
732301332
732301332
732301332
366150666
366150666
366150666
366150666
366150666
366150666
183075333
183075333
183075333
183075333
183075333
183075333
591537670
591537670
295768835
295768835
295768835
295768835
295768835
647884421
647884421
647884421
647884421
647884421
647884421
647884421
647884421
647884421
647884421
647884421
647884421
647884421
647884421
647884421
823942214
823942214
411971107
411971107
411971107
411971107
411971107
411971107
411971107
411971107
411971107
411971107
705985557
705985557
705985557
705985557
705985557
705985557
705985557
852992782
852992782
852992782
426496391
426496391
426496391
426496391
713248199
713248199
713248199
713248199
713248199
713248199
713248199
856624103
856624103
856624103
928312055
928312055
928312055
928312055
928312055
928312055
964156031
964156031
964156031
964156031
964156031
964156031
964156031
982078019
982078019
982078019
982078019
982078019
991039013
991039013
991039013
991039013
991039013
995519510
995519510
995519510
497759755
497759755
497759755
497759755
497759755
497759755
497759755
497759755
497759755
497759755
497759755
497759755
748879881
874439944
874439944
874439944
874439944
874439944
874439944
874439944
874439944
874439944
874439944
874439944
437219972
437219972
437219972
437219972
437219972
437219972
437219972
437219972
218609986
218609986
218609986
218609986
218609986
109304993
554652500
554652500
554652500
554652500
554652500
554652500
277326250
277326250
277326250
277326250
277326250
277326250
277326250
277326250
277326250
277326250
277326250
277326250
277326250
277326250
138663125
569331566
569331566
569331566
569331566
569331566
569331566
569331566
284665783
284665783
284665783
284665783
284665783
284665783
642332895
642332895
642332895
642332895
821166451
821166451
910583229
910583229
910583229
910583229
910583229
910583229
910583229
955291618
955291618
955291618
955291618
955291618
955291618
955291618
955291618
477645809
477645809
738822908
738822908
369411454
369411454
369411454
369411454
184705727
184705727
184705727
184705727
184705727
184705727
184705727
184705727
184705727
184705727
184705727
184705727
184705727
184705727
184705727
184705727
184705727
184705727
184705727
184705727
184705727
592352867
592352867
592352867
796176437
796176437
796176437
796176437
898088222
898088222
898088222
898088222
898088222
898088222
898088222
898088222
898088222
449044111
724522059
724522059
724522059
862261033
862261033
862261033
862261033
862261033
862261033
862261033
862261033
862261033
862261033
862261033
862261033
862261033
862261033
862261033
862261033
862261033
862261033
931130520
465565260
465565260
465565260
465565260
465565260
465565260
465565260
232782630
116391315
116391315
116391315
116391315
116391315
116391315
116391315
116391315
116391315
116391315
116391315
116391315
116391315
558195661
558195661
558195661
558195661
558195661
558195661
558195661
558195661
558195661
558195661
558195661
558195661
558195661
558195661
558195661
779097834
779097834
779097834
779097834
779097834
779097834
779097834
779097834
779097834
779097834
779097834
779097834
779097834
779097834
779097834
779097834
779097834
779097834
779097834
779097834
779097834
779097834
779097834
779097834
779097834
779097834
779097834
389548917
389548917
694774462
694774462
694774462
694774462
694774462
694774462
347387231
673693619
836846813
836846813
836846813
836846813
836846813
836846813
836846813
836846813
836846813
918423410
918423410
918423410
918423410
918423410
918423410
918423410
918423410
918423410
918423410
918423410
918423410
459211705
459211705
459211705
459211705
459211705
459211705
459211705
729605856
364802928
182401464
182401464
182401464
182401464
182401464
182401464
91200732
91200732
91200732
91200732
91200732
91200732
91200732
91200732
45600366
45600366
45600366
45600366
45600366
22800183
22800183
22800183
22800183
22800183
22800183
511400095
511400095
755700051
755700051
755700051
877850029
877850029
877850029
877850029
938925018
938925018
938925018
938925018
938925018
938925018
938925018
469462509
469462509
469462509
469462509
469462509
469462509
469462509
469462509
469462509
469462509
469462509
469462509
469462509
469462509
469462509
469462509
469462509
469462509
469462509
469462509
469462509
734731258
734731258
734731258
734731258
734731258
734731258
734731258
734731258
367365629
367365629
367365629
367365629
683682818
683682818
683682818
341841409
341841409
341841409
341841409
670920708
670920708
335460354
335460354
335460354
335460354
335460354
335460354
167730177
167730177
167730177
167730177
167730177
583865092
583865092
583865092
583865092
583865092
291932546
145966273
572983140
572983140
572983140
572983140
572983140
572983140
572983140
572983140
572983140
286491570
286491570
286491570
286491570
286491570
143245785
143245785
143245785
143245785
143245785
143245785
143245785
143245785
571622896
285811448
285811448
285811448
142905724
142905724
71452862
35726431
517863219
758931613
758931613
758931613
879465810
439732905
439732905
719866456
719866456
719866456
719866456
719866456
719866456
719866456
719866456
719866456
719866456
719866456
719866456
359933228
359933228
359933228
359933228
359933228
359933228
179966614
179966614
179966614
89983307
544991657
544991657
544991657
544991657
544991657
772495832
772495832
772495832
772495832
386247916
386247916
386247916
386247916
193123958
193123958
193123958
96561979
96561979
96561979
96561979
96561979
96561979
548280993
548280993
548280993
548280993
548280993
774140500
387070250
387070250
387070250
387070250
387070250
387070250
387070250
387070250
387070250
387070250
387070250
387070250
387070250
387070250
387070250
387070250
387070250
387070250
387070250
387070250
193535125
193535125
193535125
193535125
193535125
193535125
193535125
193535125
193535125
596767566
298383783
298383783
649191895
824595951
824595951
824595951
824595951
824595951
824595951
824595951
824595951
824595951
824595951
912297979
912297979
956148993
978074500
978074500
978074500
978074500
978074500
978074500
489037250
244518625
244518625
244518625
244518625
244518625
244518625
244518625
244518625
244518625
244518625
622259316
622259316
622259316
622259316
622259316
622259316
622259316
311129658
311129658
311129658
311129658
311129658
311129658
311129658
155564829
577782418
577782418
577782418
577782418
577782418
577782418
577782418
577782418
577782418
577782418
577782418
288891209
288891209
644445608
644445608
644445608
644445608
322222804
322222804
322222804
322222804
322222804
322222804
161111402
161111402
161111402
161111402
161111402
80555701
80555701
80555701
80555701
540277854
540277854
540277854
270138927
270138927
270138927
270138927
270138927
270138927
635069467
635069467
635069467
635069467
635069467
817534737
908767372
908767372
908767372
908767372
908767372
908767372
908767372
908767372
454383686
454383686
454383686
454383686
454383686
454383686
454383686
227191843
227191843
227191843
227191843
227191843
227191843
227191843
227191843
613595925
613595925
613595925
613595925
613595925
806797966
806797966
403398983
403398983
403398983
403398983
403398983
403398983
403398983
403398983
403398983
403398983
403398983
403398983
701699495
701699495
701699495
701699495
701699495
701699495
701699495
701699495
850849751
850849751
850849751
850849751
925424879
925424879
925424879
925424879
962712443
981356225
981356225
981356225
981356225
981356225
990678116
495339058
495339058
495339058
495339058
495339058
495339058
495339058
495339058
495339058
495339058
495339058
495339058
247669529
247669529
247669529
247669529
247669529
247669529
247669529
247669529
247669529
247669529
247669529
247669529
247669529
623834768
311917384
155958692
77979346
77979346
77979346
38989673
38989673
38989673
519494840
519494840
519494840
519494840
519494840
519494840
519494840
519494840
519494840
259747420
259747420
259747420
259747420
259747420
129873710
129873710
129873710
129873710
129873710
129873710
64936855
64936855
64936855
64936855
64936855
64936855
64936855
64936855
64936855
64936855
532468431
532468431
532468431
532468431
766234219
766234219
766234219
766234219
766234219
766234219
766234219
883117113
883117113
883117113
883117113
883117113
883117113
941558560
941558560
941558560
941558560
941558560
470779280
470779280
470779280
235389640
235389640
117694820
117694820
117694820
58847410
58847410
58847410
58847410
58847410
29423705
29423705
29423705
514711856
514711856
514711856
514711856
257355928
257355928
257355928
257355928
257355928
257355928
257355928
257355928
128677964
128677964
64338982
32169491
32169491
32169491
32169491
516084749
516084749
516084749
758042378
758042378
758042378
758042378
758042378
758042378
758042378
379021189
379021189
379021189
689510598
689510598
344755299
344755299
672377653
672377653
672377653
836188830
836188830
836188830
836188830
836188830
836188830
836188830
836188830
836188830
836188830
836188830
418094415
709047211
709047211
854523609
854523609
854523609
854523609
854523609
854523609
854523609
927261808
927261808
927261808
927261808
927261808
927261808
463630904
463630904
231815452
231815452
115907726
115907726
115907726
115907726
115907726
115907726
115907726
115907726
57953863
528976935
528976935
764488471
764488471
764488471
882244239
882244239
941122123
941122123
941122123
941122123
941122123
970561065
970561065
970561065
970561065
970561065
970561065
970561065
970561065
970561065
985280536
985280536
492640268
492640268
492640268
492640268
246320134
246320134
246320134
246320134
246320134
246320134
246320134
246320134
246320134
246320134
246320134
246320134
246320134
246320134
246320134
246320134
246320134
246320134
123160067
123160067
561580037
561580037
561580037
561580037
561580037
561580037
561580037
561580037
561580037
561580037
561580037
561580037
561580037
561580037
780790022
780790022
390395011
695197509
847598758
847598758
423799379
423799379
423799379
711899693
855949850
855949850
855949850
855949850
855949850
855949850
427974925
713987466
713987466
713987466
713987466
713987466
713987466
713987466
713987466
356993733
356993733
356993733
356993733
356993733
678496870
678496870
678496870
678496870
678496870
678496870
339248435
339248435
339248435
669624221
669624221
834812114
834812114
834812114
834812114
834812114
834812114
834812114
834812114
834812114
834812114
834812114
417406057
417406057
417406057
417406057
417406057
417406057
417406057
417406057
417406057
417406057
417406057
417406057
417406057
417406057
417406057
417406057
708703032
708703032
354351516
354351516
354351516
354351516
177175758
177175758
177175758
177175758
177175758
177175758
177175758
177175758
177175758
177175758
177175758
88587879
88587879
544293943
544293943
544293943
772146975
772146975
772146975
886073491
886073491
886073491
886073491
886073491
886073491
886073491
886073491
943036749
943036749
971518378
485759189
485759189
485759189
485759189
485759189
485759189
485759189
742879598
742879598
742879598
742879598
742879598
742879598
371439799
371439799
371439799
371439799
371439799
371439799
685719903
685719903
685719903
685719903
685719903
685719903
685719903
842859955
921429981
921429981
921429981
921429981
921429981
921429981
921429981
921429981
921429981
921429981
921429981
960714994
960714994
960714994
480357497
740178752
740178752
740178752
740178752
740178752
370089376
185044688
185044688
185044688
185044688
185044688
185044688
92522344
92522344
92522344
46261172
46261172
46261172
46261172
46261172
23130586
23130586
23130586
23130586
23130586
23130586
23130586
23130586
11565293
11565293
11565293
505782650
252891325
252891325
252891325
252891325
252891325
252891325
252891325
252891325
252891325
252891325
252891325
252891325
252891325
252891325
252891325
252891325
252891325
252891325
252891325
252891325
252891325
252891325
252891325
252891325
252891325
252891325
252891325
626445666
626445666
313222833
313222833
313222833
313222833
313222833
656611420
328305710
328305710
164152855
164152855
164152855
164152855
582076431
582076431
582076431
791038219
791038219
791038219
791038219
791038219
791038219
895519113
947759560
947759560
947759560
947759560
947759560
947759560
947759560
473879780
473879780
473879780
473879780
473879780
473879780
473879780
473879780
236939890
236939890
236939890
236939890
236939890
118469945
118469945
118469945
559234976
559234976
559234976
559234976
559234976
559234976
559234976
559234976
559234976
559234976
279617488
279617488
279617488
279617488
139808744
139808744
139808744
139808744
139808744
139808744
139808744
139808744
139808744
69904372
69904372
69904372
69904372
34952186
34952186
34952186
34952186
17476093
508738050
508738050
508738050
508738050
508738050
508738050
508738050
508738050
508738050
508738050
508738050
508738050
508738050
508738050
508738050
508738050
508738050
508738050
508738050
508738050
508738050
508738050
508738050
508738050
508738050
508738050
508738050
508738050
508738050
508738050
508738050
508738050
508738050
254369025
254369025
254369025
254369025
254369025
254369025
254369025
254369025
254369025
627184516
313592258
156796129
156796129
156796129
156796129
156796129
156796129
156796129
156796129
156796129
156796129
156796129
156796129
156796129
156796129
156796129
156796129
156796129
156796129
156796129
156796129
578398068
289199034
289199034
144599517
144599517
144599517
144599517
144599517
572299762
286149881
286149881
286149881
286149881
286149881
286149881
286149881
286149881
286149881
643074944
643074944
643074944
643074944
643074944
643074944
643074944
643074944
321537472
321537472
160768736
80384368
80384368
80384368
80384368
80384368
40192184
40192184
40192184
40192184
40192184
40192184
40192184
40192184
40192184
40192184
40192184
40192184
40192184
40192184
40192184
40192184
40192184
40192184
40192184
40192184
40192184
40192184
40192184
40192184
20096092
20096092
10048046
10048046
10048046
5024023
5024023
502512015
502512015
751256011
751256011
751256011
751256011
751256011
751256011
751256011
875628009
875628009
875628009
875628009
875628009
875628009
875628009
875628009
875628009
875628009
875628009
875628009
875628009
875628009
875628009
875628009
875628009
875628009
875628009
937814008
937814008
937814008
937814008
937814008
937814008
937814008
937814008
937814008
937814008
937814008
937814008
937814008
937814008
937814008
937814008
937814008
937814008
937814008
937814008
468907004
468907004
468907004
468907004
468907004
468907004
468907004
468907004
468907004
468907004
468907004
234453502
234453502
234453502
234453502
234453502
234453502
234453502
234453502
117226751
117226751
117226751
117226751
558613379
558613379
558613379
558613379
558613379
558613379
558613379
558613379
558613379
558613379
558613379
558613379
558613379
558613379
558613379
558613379
558613379
558613379
558613379
558613379
779306693
779306693
779306693
779306693
889653350
889653350
889653350
889653350
889653350
889653350
889653350
889653350
889653350
889653350
889653350
889653350
889653350
889653350
889653350
889653350
444826675
444826675
722413341
722413341
722413341
722413341
722413341
722413341
722413341
861206674
861206674
430603337
430603337
430603337
430603337
430603337
430603337
430603337
430603337
430603337
715301672
715301672
715301672
715301672
715301672
715301672
715301672
715301672
715301672
715301672
715301672
715301672
715301672
357650836
357650836
357650836
178825418
89412709
89412709
89412709
89412709
89412709
89412709
89412709
89412709
89412709
544706358
544706358
544706358
544706358
544706358
544706358
544706358
544706358
544706358
544706358
544706358
544706358
544706358
544706358
272353179
636176593
636176593
636176593
636176593
636176593
636176593
636176593
636176593
636176593
636176593
636176593
636176593
636176593
636176593
636176593
818088300
818088300
818088300
818088300
409044150
409044150
409044150
409044150
409044150
409044150
409044150
409044150
409044150
409044150
409044150
409044150
409044150
409044150
409044150
409044150
409044150
409044150
409044150
409044150
409044150
409044150
409044150
409044150
409044150
409044150
204522075
204522075
204522075
204522075
602261041
602261041
602261041
602261041
801130524
801130524
400565262
400565262
400565262
400565262
400565262
400565262
400565262
400565262
200282631
200282631
200282631
200282631
600141319
600141319
600141319
600141319
600141319
600141319
600141319
600141319
600141319
600141319
600141319
600141319
600141319
600141319
800070663
900035335
900035335
900035335
900035335
900035335
900035335
900035335
950017671
950017671
950017671
950017671
950017671
950017671
950017671
975008839
987504423
987504423
987504423
987504423
987504423
987504423
987504423
993752215
993752215
993752215
993752215
996876111
996876111
996876111
996876111
996876111
996876111
996876111
996876111
996876111
998438059
998438059
999219033
999219033
999219033
999219033
999609520
999609520
999609520
499804760
249902380
249902380
249902380
249902380
249902380
249902380
249902380
249902380
249902380
249902380
249902380
249902380
249902380
249902380
249902380
124951190
124951190
62475595
62475595
62475595
62475595
62475595
62475595
62475595
62475595
62475595
62475595
62475595
62475595
62475595
62475595
62475595
62475595
62475595
62475595
62475595
62475595
62475595
62475595
62475595
62475595
62475595
62475595
62475595
531237801
765618904
765618904
765618904
765618904
765618904
765618904
765618904
765618904
382809452
191404726
191404726
191404726
191404726
191404726
191404726
191404726
191404726
95702363
95702363
547851185
547851185
773925596
773925596
773925596
773925596
773925596
773925596
773925596
773925596
773925596
773925596
773925596
773925596
773925596
773925596
773925596
773925596
386962798
193481399
193481399
596740703
596740703
596740703
596740703
596740703
798370355
798370355
798370355
798370355
798370355
798370355
798370355
798370355
798370355
899185181
899185181
949592594
949592594
474796297
737398152
737398152
737398152
737398152
368699076
184349538
184349538
184349538
184349538
184349538
184349538
184349538
184349538
184349538
184349538
92174769
92174769
546087388
546087388
273043694
273043694
273043694
273043694
273043694
136521847
136521847
136521847
136521847
136521847
136521847
136521847
136521847
136521847
136521847
136521847
136521847
568260927
568260927
568260927
568260927
568260927
568260927
568260927
568260927
568260927
784130467
784130467
784130467
784130467
784130467
784130467
784130467
784130467
784130467
784130467
784130467
784130467
784130467
784130467
784130467
892065237
892065237
892065237
892065237
892065237
892065237
892065237
892065237
892065237
946032622
946032622
473016311
473016311
736508159
736508159
736508159
736508159
736508159
736508159
868254083
868254083
868254083
868254083
868254083
868254083
868254083
868254083
868254083
868254083
868254083
934127045
934127045
934127045
934127045
934127045
934127045
934127045
934127045
934127045
934127045
934127045
934127045
934127045
934127045
934127045
934127045
934127045
934127045
934127045
934127045
934127045
934127045
934127045
967063526
967063526
967063526
483531763
741765885
741765885
741765885
741765885
741765885
870882946
870882946
870882946
870882946
870882946
870882946
435441473
435441473
435441473
435441473
717720740
717720740
358860370
179430185
589715096
294857548
294857548
294857548
147428774
147428774
73714387
536857197
536857197
536857197
536857197
536857197
536857197
536857197
536857197
536857197
536857197
536857197
536857197
536857197
536857197
536857197
536857197
536857197
536857197
536857197
536857197
536857197
768428602
768428602
768428602
768428602
768428602
768428602
768428602
768428602
768428602
768428602
768428602
768428602
768428602
384214301
384214301
384214301
384214301
384214301
384214301
384214301
384214301
384214301
384214301
384214301
692107154
692107154
692107154
692107154
692107154
692107154
692107154
346053577
346053577
346053577
346053577
346053577
346053577
346053577
346053577
346053577
346053577
346053577
346053577
346053577
673026792
673026792
336513396
336513396
336513396
336513396
336513396
336513396
336513396
336513396
336513396
336513396
336513396
336513396
336513396
336513396
336513396
336513396
336513396
336513396
336513396
336513396
336513396
336513396
336513396
336513396
336513396
336513396
336513396
168256698
168256698
168256698
168256698
168256698
168256698
168256698
168256698
168256698
168256698
84128349
84128349
84128349
84128349
84128349
84128349
84128349
84128349
84128349
84128349
542064178
542064178
271032089
271032089
271032089
271032089
271032089
271032089
271032089
271032089
271032089
271032089
271032089
271032089
271032089
271032089
271032089
271032089
271032089
271032089
271032089
271032089
271032089
271032089
271032089
271032089
271032089
271032089
271032089
271032089
271032089
271032089
271032089
271032089
271032089
635516048
635516048
635516048
635516048
635516048
635516048
317758024
317758024
317758024
158879012
158879012
158879012
158879012
79439506
39719753
39719753
39719753
39719753
39719753
39719753
39719753
39719753
39719753
39719753
39719753
519859880
519859880
519859880
519859880
519859880
259929940
129964970
129964970
129964970
129964970
129964970
129964970
64982485
64982485
64982485
532491246
266245623
266245623
266245623
266245623
266245623
266245623
266245623
266245623
266245623
266245623
266245623
266245623
266245623
266245623
266245623
266245623
266245623
266245623
266245623
266245623
266245623
266245623
633122815
633122815
633122815
633122815
633122815
633122815
633122815
816561411
816561411
816561411
816561411
816561411
816561411
816561411
908280709
908280709
954140358
954140358
954140358
954140358
954140358
477070179
477070179
477070179
477070179
738535093
738535093
869267550
869267550
869267550
869267550
869267550
869267550
869267550
869267550
434633775
717316891
717316891
858658449
858658449
858658449
858658449
858658449
858658449
929329228
929329228
929329228
929329228
929329228
929329228
929329228
929329228
929329228
929329228
929329228
929329228
929329228
929329228
929329228
929329228
929329228
929329228
929329228
464664614
464664614
464664614
232332307
232332307
232332307
232332307
232332307
232332307
616166157
616166157
616166157
616166157
616166157
808083082
808083082
808083082
808083082
808083082
808083082
808083082
808083082
808083082
808083082
808083082
404041541
404041541
702020774
702020774
702020774
702020774
702020774
702020774
702020774
702020774
351010387
351010387
351010387
351010387
351010387
675505197
675505197
675505197
675505197
675505197
675505197
675505197
837752602
837752602
837752602
837752602
418876301
418876301
418876301
709438154
709438154
354719077
354719077
354719077
354719077
354719077
677359542
677359542
677359542
677359542
677359542
338679771
338679771
669339889
834669948
834669948
834669948
834669948
417334974
417334974
417334974
417334974
417334974
208667487
208667487
208667487
604333747
802166877
802166877
802166877
901083442
901083442
901083442
901083442
901083442
901083442
450541721
450541721
725270864
725270864
725270864
725270864
725270864
362635432
362635432
362635432
362635432
362635432
181317716
181317716
181317716
181317716
181317716
181317716
181317716
181317716
90658858
90658858
90658858
90658858
90658858
45329429
45329429
45329429
45329429
45329429
522664718
522664718
261332359
630666183
630666183
815333095
815333095
907666551
907666551
907666551
907666551
907666551
907666551
953833279
953833279
953833279
953833279
976916643
976916643
976916643
988458325
994229166
497114583
497114583
497114583
497114583
748557295
748557295
748557295
748557295
748557295
874278651
874278651
937139329
937139329
937139329
937139329
968569668
484284834
484284834
484284834
484284834
484284834
242142417
242142417
242142417
242142417
242142417
242142417
242142417
242142417
242142417
242142417
242142417
242142417
242142417
242142417
242142417
242142417
242142417
242142417
242142417
242142417
242142417
242142417
242142417
242142417
242142417
242142417
242142417
242142417
621071212
621071212
310535606
310535606
155267803
155267803
155267803
155267803
577633905
577633905
577633905
788816956
788816956
788816956
788816956
788816956
788816956
788816956
788816956
394408478
197204239
197204239
598602123
598602123
598602123
598602123
799301065
799301065
799301065
799301065
799301065
799301065
799301065
799301065
799301065
799301065
799301065
799301065
799301065
799301065
899650536
899650536
899650536
899650536
899650536
449825268
449825268
449825268
449825268
449825268
449825268
224912634
224912634
112456317
112456317
556228162
556228162
556228162
556228162
556228162
556228162
556228162
556228162
556228162
556228162
556228162
556228162
556228162
556228162
556228162
556228162
278114081
278114081
278114081
278114081
278114081
278114081
278114081
278114081
639057044
639057044
639057044
639057044
639057044
319528522
319528522
159764261
159764261
159764261
159764261
159764261
159764261
159764261
159764261
159764261
159764261
159764261
159764261
159764261
159764261
159764261
159764261
159764261
159764261
159764261
159764261
159764261
159764261
159764261
159764261
159764261
159764261
579882134
579882134
579882134
579882134
579882134
579882134
289941067
289941067
289941067
644970537
644970537
644970537
644970537
822485272
822485272
822485272
822485272
822485272
411242636
411242636
411242636
411242636
411242636
205621318
205621318
205621318
205621318
205621318
205621318
205621318
205621318
205621318
205621318
205621318
205621318
102810659
102810659
102810659
551405333
551405333
551405333
775702670
775702670
775702670
775702670
775702670
387851335
387851335
387851335
387851335
693925671
693925671
693925671
693925671
693925671
693925671
693925671
693925671
693925671
846962839
846962839
923481423
923481423
923481423
923481423
923481423
923481423
923481423
923481423
923481423
923481423
923481423
923481423
923481423
923481423
923481423
923481423
923481423
923481423
961740715
961740715
961740715
961740715
961740715
961740715
980870361
980870361
980870361
980870361
980870361
980870361
980870361
980870361
990435184
990435184
990435184
990435184
990435184
495217592
247608796
247608796
247608796
247608796
247608796
247608796
123804398
123804398
123804398
123804398
61902199
61902199
61902199
61902199
61902199
61902199
61902199
61902199
61902199
61902199
61902199
61902199
61902199
61902199
61902199
61902199
61902199
61902199
61902199
61902199
61902199
61902199
61902199
61902199
530951103
530951103
530951103
530951103
530951103
765475555
765475555
765475555
765475555
765475555
765475555
765475555
765475555
765475555
765475555
882737781
882737781
882737781
882737781
941368894
941368894
470684447
470684447
470684447
470684447
470684447
735342227
867671117
867671117
867671117
867671117
933835562
933835562
933835562
933835562
933835562
933835562
933835562
933835562
933835562
933835562
933835562
933835562
933835562
933835562
466917781
733458894
733458894
733458894
733458894
733458894
733458894
733458894
733458894
733458894
733458894
733458894
733458894
733458894
733458894
733458894
733458894
733458894
733458894
733458894
733458894
733458894
366729447
683364727
683364727
683364727
683364727
683364727
841682367
841682367
841682367
841682367
841682367
841682367
841682367
841682367
841682367
841682367
841682367
841682367
841682367
841682367
841682367
841682367
841682367
841682367
841682367
841682367
841682367
841682367
841682367
920841187
920841187
920841187
920841187
920841187
920841187
960420597
960420597
960420597
980210302
980210302
980210302
490105151
490105151
490105151
490105151
490105151
490105151
490105151
490105151
490105151
490105151
490105151
490105151
490105151
490105151
490105151
745052579
745052579
745052579
872526293
872526293
872526293
872526293
872526293
872526293
872526293
936263150
936263150
936263150
936263150
936263150
936263150
936263150
936263150
936263150
936263150
936263150
936263150
936263150
936263150
936263150
936263150
936263150
936263150
936263150
936263150
936263150
936263150
936263150
936263150
936263150
936263150
936263150
936263150
936263150
936263150
936263150
936263150
936263150
936263150
936263150
468131575
468131575
468131575
468131575
468131575
468131575
468131575
468131575
468131575
468131575
734065791
734065791
867032899
867032899
867032899
867032899
933516453
933516453
933516453
933516453
933516453
933516453
933516453
933516453
933516453
966758230
966758230
483379115
483379115
483379115
741689561
870844784
435422392
435422392
435422392
435422392
435422392
435422392
217711196
217711196
108855598
108855598
108855598
54427799
54427799
54427799
54427799
527213903
527213903
527213903
527213903
527213903
527213903
527213903
527213903
527213903
527213903
527213903
763606955
763606955
763606955
763606955
763606955
763606955
881803481
940901744
940901744
940901744
940901744
940901744
940901744
940901744
940901744
940901744
940901744
470450872
470450872
470450872
470450872
470450872
235225436
235225436
235225436
235225436
117612718
117612718
58806359
58806359
58806359
58806359
529403183
529403183
529403183
529403183
764701595
764701595
764701595
882350801
882350801
882350801
882350801
941175404
941175404
470587702
470587702
470587702
470587702
470587702
470587702
470587702
470587702
470587702
470587702
470587702
470587702
470587702
470587702
470587702
470587702
470587702
470587702
470587702
470587702
470587702
470587702
235293851
235293851
617646929
617646929
617646929
617646929
617646929
617646929
617646929
617646929
617646929
617646929
808823468
808823468
808823468
808823468
808823468
808823468
808823468
404411734
404411734
404411734
404411734
404411734
404411734
404411734
404411734
404411734
404411734
202205867
202205867
601102937
601102937
601102937
601102937
601102937
601102937
601102937
601102937
601102937
601102937
601102937
601102937
601102937
800551472
800551472
800551472
400275736
400275736
400275736
400275736
400275736
400275736
400275736
400275736
400275736
200137868
200137868
200137868
200137868
200137868
200137868
200137868
200137868
200137868
200137868
200137868
200137868
200137868
200137868
200137868
200137868
200137868
200137868
200137868
200137868
200137868
200137868
100068934
50034467
525017237
525017237
525017237
762508622
762508622
762508622
762508622
762508622
762508622
762508622
381254311
690627159
690627159
690627159
690627159
845313583
922656795
922656795
922656795
922656795
922656795
922656795
922656795
922656795
922656795
961328401
961328401
961328401
961328401
961328401
961328401
961328401
961328401
961328401
961328401
961328401
961328401
980664204
980664204
980664204
980664204
490332102
490332102
490332102
245166051
245166051
245166051
622583029
622583029
622583029
622583029
811291518
811291518
811291518
811291518
811291518
811291518
405645759
702822883
702822883
702822883
702822883
702822883
702822883
702822883
702822883
702822883
702822883
702822883
851411445
851411445
851411445
851411445
851411445
925705726
925705726
462852863
731426435
731426435
731426435
731426435
865713221
932856614
932856614
932856614
932856614
932856614
932856614
932856614
466428307
466428307
466428307
466428307
466428307
466428307
466428307
466428307
733214157
866607082
866607082
866607082
866607082
866607082
866607082
866607082
866607082
866607082
866607082
866607082
433303541
716651774
716651774
716651774
716651774
716651774
716651774
716651774
716651774
358325887
358325887
358325887
679162947
679162947
679162947
679162947
679162947
679162947
839581477
839581477
839581477
839581477
839581477
839581477
919790742
459895371
459895371
729947689
729947689
729947689
729947689
729947689
729947689
864973848
864973848
864973848
864973848
432486924
432486924
432486924
432486924
432486924
432486924
432486924
432486924
432486924
432486924
432486924
432486924
432486924
432486924
432486924
432486924
432486924
432486924
432486924
432486924
432486924
432486924
432486924
432486924
432486924
432486924
432486924
432486924
432486924
432486924
216243462
216243462
108121731
108121731
108121731
108121731
108121731
108121731
108121731
108121731
108121731
108121731
108121731
108121731
554060869
554060869
554060869
554060869
554060869
554060869
554060869
554060869
554060869
554060869
554060869
554060869
554060869
554060869
554060869
554060869
554060869
777030438
777030438
777030438
777030438
777030438
777030438
777030438
777030438
777030438
777030438
777030438
777030438
777030438
777030438
777030438
777030438
777030438
777030438
777030438
777030438
388515219
388515219
388515219
388515219
388515219
388515219
388515219
388515219
388515219
388515219
388515219
388515219
388515219
388515219
388515219
388515219
388515219
694257613
694257613
694257613
694257613
694257613
694257613
694257613
694257613
694257613
694257613
847128810
423564405
423564405
423564405
423564405
423564405
423564405
423564405
423564405
423564405
423564405
423564405
423564405
423564405
423564405
711782206
711782206
711782206
711782206
355891103
355891103
355891103
355891103
355891103
355891103
355891103
355891103
355891103
355891103
677945555
677945555
677945555
677945555
677945555
677945555
677945555
677945555
677945555
838972781
838972781
919486394
919486394
919486394
919486394
919486394
459743197
729871602
729871602
729871602
729871602
729871602
729871602
729871602
729871602
729871602
729871602
729871602
729871602
729871602
364935801
364935801
364935801
364935801
682467904
682467904
682467904
682467904
682467904
682467904
682467904
682467904
682467904
682467904
682467904
341233952
341233952
341233952
341233952
341233952
341233952
341233952
170616976
170616976
170616976
170616976
170616976
170616976
170616976
170616976
85308488
85308488
85308488
85308488
85308488
85308488
85308488
85308488
85308488
85308488
85308488
42654244
42654244
42654244
42654244
21327122
21327122
21327122
10663561
10663561
10663561
10663561
10663561
10663561
10663561
10663561
505331784
505331784
505331784
505331784
505331784
505331784
505331784
505331784
505331784
505331784
505331784
505331784
505331784
505331784
505331784
505331784
252665892
126332946
126332946
126332946
126332946
126332946
126332946
126332946
126332946
126332946
126332946
126332946
126332946
126332946
126332946
63166473
63166473
63166473
63166473
63166473
63166473
63166473
63166473
63166473
63166473
63166473
63166473
63166473
63166473
63166473
63166473
63166473
531583240
531583240
531583240
531583240
531583240
531583240
531583240
531583240
531583240
531583240
531583240
265791620
265791620
265791620
265791620
265791620
265791620
265791620
265791620
265791620
265791620
132895810
132895810
132895810
132895810
132895810
66447905
66447905
66447905
66447905
66447905
66447905
66447905
533223956
533223956
533223956
533223956
266611978
266611978
266611978
266611978
266611978
266611978
266611978
266611978
266611978
266611978
266611978
266611978
266611978
266611978
133305989
133305989
566652998
566652998
566652998
566652998
566652998
566652998
566652998
566652998
283326499
283326499
283326499
283326499
283326499
283326499
283326499
283326499
283326499
283326499
283326499
283326499
641663253
641663253
641663253
641663253
641663253
641663253
641663253
641663253
641663253
820831630
820831630
820831630
820831630
820831630
820831630
410415815
410415815
410415815
410415815
410415815
410415815
410415815
410415815
410415815
410415815
410415815
410415815
705207911
705207911
705207911
705207911
705207911
852603959
852603959
852603959
852603959
852603959
852603959
852603959
852603959
852603959
926301983
963150995
981575501
981575501
981575501
981575501
981575501
981575501
981575501
981575501
981575501
990787754
990787754
990787754
990787754
990787754
495393877
495393877
495393877
495393877
495393877
495393877
495393877
495393877
495393877
495393877
495393877
747696942
747696942
747696942
747696942
747696942
747696942
747696942
747696942
747696942
747696942
747696942
373848471
686924239
686924239
686924239
686924239
686924239
686924239
686924239
686924239
686924239
686924239
686924239
686924239
686924239
686924239
686924239
686924239
843462123
843462123
843462123
843462123
843462123
843462123
843462123
843462123
843462123
843462123
843462123
843462123
843462123
843462123
921731065
921731065
921731065
921731065
921731065
921731065
960865536
960865536
960865536
960865536
960865536
960865536
960865536
960865536
480432768
480432768
480432768
480432768
480432768
480432768
480432768
480432768
480432768
240216384
240216384
240216384
240216384
240216384
240216384
240216384
240216384
240216384
240216384
240216384
240216384
240216384
240216384
240216384
240216384
240216384
240216384
120108192
120108192
120108192
120108192
120108192
120108192
120108192
120108192
120108192
120108192
120108192
120108192
120108192
120108192
120108192
120108192
120108192
120108192
120108192
120108192
120108192
120108192
60054096
60054096
30027048
30027048
30027048
30027048
30027048
30027048
30027048
30027048
30027048
15013524
15013524
15013524
15013524
7506762
7506762
7506762
7506762
7506762
7506762
7506762
7506762
7506762
7506762
7506762
7506762
7506762
7506762
7506762
7506762
7506762
7506762
7506762
7506762
7506762
7506762
7506762
3753381
3753381
3753381
3753381
501876694
501876694
501876694
501876694
501876694
501876694
501876694
501876694
501876694
501876694
501876694
501876694
501876694
501876694
501876694
250938347
250938347
250938347
250938347
250938347
250938347
625469177
625469177
625469177
625469177
625469177
625469177
625469177
625469177
812734592
812734592
812734592
812734592
406367296
406367296
406367296
406367296
406367296
406367296
406367296
406367296
406367296
406367296
203183648
203183648
203183648
203183648
203183648
101591824
50795912
50795912
50795912
50795912
50795912
50795912
50795912
50795912
50795912
50795912
50795912
50795912
25397956
25397956
25397956
25397956
25397956
25397956
25397956
25397956
25397956
25397956
25397956
25397956
25397956
25397956
25397956
25397956
25397956
25397956
25397956
25397956
25397956
25397956
25397956
25397956
25397956
25397956
25397956
25397956
25397956
25397956
25397956
12698978
12698978
6349489
6349489
6349489
6349489
6349489
6349489
6349489
6349489
6349489
6349489
6349489
6349489
503174748
503174748
503174748
251587374
251587374
125793687
125793687
562896847
562896847
562896847
781448427
781448427
781448427
781448427
781448427
781448427
781448427
781448427
781448427
781448427
781448427
781448427
890724217
890724217
890724217
890724217
890724217
890724217
890724217
890724217
890724217
890724217
890724217
890724217
890724217
890724217
890724217
890724217
890724217
890724217
890724217
890724217
890724217
890724217
890724217
945362112
945362112
945362112
945362112
945362112
945362112
945362112
472681056
472681056
472681056
472681056
236340528
236340528
236340528
236340528
236340528
236340528
236340528
236340528
236340528
118170264
118170264
118170264
118170264
118170264
118170264
118170264
118170264
118170264
118170264
118170264
118170264
118170264
118170264
118170264
118170264
118170264
118170264
118170264
118170264
118170264
118170264
118170264
118170264
118170264
118170264
118170264
118170264
118170264
118170264
118170264
118170264
118170264
118170264
118170264
118170264
118170264
59085132
59085132
59085132
59085132
59085132
59085132
59085132
59085132
59085132
59085132
59085132
59085132
59085132
29542566
29542566
29542566
29542566
29542566
29542566
29542566
29542566
29542566
29542566
29542566
29542566
29542566
29542566
29542566
29542566
29542566
29542566
29542566
29542566
29542566
29542566
29542566
29542566
29542566
14771283
14771283
14771283
14771283
14771283
14771283
14771283
14771283
14771283
14771283
14771283
14771283
14771283
507385645
507385645
507385645
507385645
507385645
507385645
507385645
753692826
753692826
753692826
753692826
376846413
376846413
376846413
376846413
376846413
376846413
376846413
376846413
376846413
688423210
688423210
688423210
688423210
688423210
688423210
688423210
688423210
688423210
688423210
688423210
344211605
344211605
672105806
672105806
672105806
672105806
672105806
672105806
672105806
672105806
672105806
672105806
672105806
672105806
672105806
672105806
672105806
336052903
336052903
336052903
336052903
668026455
668026455
668026455
668026455
834013231
834013231
834013231
834013231
834013231
834013231
834013231
834013231
834013231
834013231
834013231
834013231
834013231
834013231
834013231
834013231
834013231
834013231
834013231
834013231
834013231
834013231
834013231
834013231
834013231
834013231
834013231
834013231
834013231
834013231
834013231
834013231
834013231
834013231
917006619
958503313
979251660
979251660
979251660
979251660
979251660
979251660
979251660
979251660
979251660
979251660
489625830
489625830
489625830
244812915
244812915
244812915
244812915
244812915
244812915
244812915
244812915
244812915
244812915
244812915
244812915
244812915
244812915
244812915
244812915
622406461
622406461
622406461
811203234
811203234
811203234
811203234
811203234
405601617
405601617
405601617
405601617
702800812
702800812
702800812
702800812
702800812
702800812
702800812
702800812
702800812
702800812
702800812
702800812
702800812
702800812
702800812
702800812
702800812
351400406
351400406
351400406
351400406
351400406
351400406
351400406
351400406
351400406
351400406
351400406
351400406
351400406
351400406
351400406
351400406
351400406
351400406
351400406
351400406
351400406
351400406
351400406
351400406
351400406
351400406
351400406
351400406
351400406
351400406
351400406
351400406
351400406
351400406
351400406
175700203
587850105
793925056
396962528
396962528
396962528
198481264
198481264
198481264
198481264
198481264
198481264
198481264
198481264
198481264
198481264
99240632
99240632
99240632
99240632
99240632
99240632
99240632
99240632
99240632
49620316
49620316
49620316
24810158
24810158
24810158
24810158
24810158
24810158
24810158
24810158
24810158
24810158
24810158
24810158
12405079
12405079
12405079
12405079
12405079
12405079
506202543
506202543
506202543
753101275
753101275
753101275
753101275
753101275
753101275
753101275
753101275
753101275
753101275
876550641
876550641
876550641
876550641
876550641
876550641
876550641
876550641
876550641
876550641
876550641
876550641
876550641
876550641
876550641
876550641
876550641
938275324
938275324
938275324
938275324
938275324
938275324
938275324
938275324
938275324
938275324
938275324
938275324
938275324
938275324
938275324
938275324
938275324
938275324
938275324
469137662
469137662
469137662
469137662
469137662
469137662
469137662
469137662
469137662
469137662
469137662
234568831
617284419
617284419
617284419
617284419
617284419
617284419
617284419
617284419
617284419
617284419
617284419
617284419
617284419
617284419
617284419
617284419
617284419
617284419
617284419
617284419
617284419
617284419
808642213
808642213
808642213
808642213
904321110
904321110
904321110
452160555
452160555
452160555
452160555
452160555
452160555
452160555
726080281
863040144
863040144
863040144
863040144
863040144
863040144
863040144
863040144
863040144
863040144
863040144
863040144
863040144
863040144
863040144
863040144
863040144
863040144
431520072
431520072
431520072
431520072
431520072
431520072
431520072
431520072
431520072
215760036
215760036
215760036
215760036
215760036
215760036
215760036
107880018
107880018
107880018
107880018
107880018
107880018
107880018
107880018
53940009
53940009
53940009
53940009
53940009
53940009
53940009
526970008
526970008
526970008
526970008
526970008
526970008
526970008
526970008
526970008
263485004
263485004
263485004
263485004
263485004
263485004
263485004
263485004
263485004
263485004
131742502
131742502
131742502
65871251
65871251
65871251
65871251
65871251
65871251
65871251
65871251
65871251
65871251
65871251
65871251
65871251
65871251
65871251
65871251
65871251
65871251
65871251
65871251
65871251
65871251
65871251
65871251
65871251
65871251
65871251
532935629
532935629
532935629
532935629
766467818
766467818
766467818
766467818
766467818
383233909
383233909
383233909
383233909
383233909
383233909
383233909
383233909
383233909
383233909
383233909
383233909
383233909
383233909
383233909
383233909
383233909
383233909
383233909
383233909
691616958
691616958
691616958
691616958
691616958
691616958
691616958
691616958
691616958
691616958
691616958
691616958
691616958
345808479
345808479
345808479
345808479
672904243
836452125
836452125
836452125
836452125
918226066
918226066
918226066
918226066
918226066
918226066
918226066
918226066
918226066
918226066
918226066
918226066
918226066
918226066
918226066
918226066
918226066
459113033
459113033
459113033
729556520
729556520
729556520
729556520
729556520
729556520
729556520
729556520
729556520
729556520
729556520
729556520
729556520
729556520
729556520
729556520
729556520
364778260
364778260
364778260
364778260
364778260
364778260
364778260
364778260
364778260
364778260
182389130
182389130
182389130
182389130
91194565
91194565
91194565
91194565
545597286
545597286
545597286
272798643
272798643
272798643
272798643
272798643
272798643
272798643
272798643
272798643
272798643
272798643
272798643
272798643
636399325
636399325
636399325
636399325
636399325
636399325
818199666
818199666
818199666
818199666
818199666
818199666
818199666
818199666
818199666
818199666
818199666
818199666
818199666
818199666
818199666
818199666
818199666
818199666
818199666
818199666
818199666
818199666
818199666
818199666
818199666
818199666
818199666
818199666
818199666
818199666
409099833
409099833
409099833
704549920
704549920
704549920
704549920
704549920
704549920
704549920
704549920
704549920
704549920
704549920
704549920
704549920
704549920
704549920
704549920
704549920
704549920
704549920
704549920
704549920
352274960
352274960
352274960
352274960
352274960
352274960
352274960
352274960
352274960
352274960
352274960
352274960
352274960
352274960
352274960
352274960
352274960
352274960
352274960
352274960
352274960
352274960
352274960
176137480
176137480
176137480
176137480
176137480
88068740
88068740
88068740
88068740
88068740
88068740
88068740
88068740
88068740
88068740
88068740
88068740
88068740
88068740
88068740
88068740
88068740
88068740
88068740
88068740
88068740
88068740
88068740
88068740
88068740
88068740
88068740
88068740
88068740
88068740
88068740
88068740
88068740
88068740
88068740
88068740
88068740
88068740
88068740
88068740
88068740
88068740
88068740
88068740
88068740
88068740
88068740
88068740
88068740
88068740
88068740
88068740
88068740
88068740
88068740
88068740
44034370
44034370
44034370
22017185
22017185
22017185
22017185
511008596
511008596
511008596
511008596
511008596
511008596
511008596
511008596
511008596
255504298
255504298
255504298
255504298
255504298
127752149
127752149
127752149
563876078
563876078
563876078
563876078
281938039
281938039
281938039
281938039
281938039
281938039
281938039
281938039
281938039
640969023
640969023
640969023
640969023
820484515
820484515
820484515
820484515
820484515
820484515
820484515
820484515
820484515
820484515
820484515
820484515
820484515
910242261
910242261
910242261
910242261
955121134
955121134
955121134
955121134
955121134
955121134
955121134
477560567
477560567
477560567
477560567
477560567
477560567
738780287
738780287
738780287
738780287
738780287
738780287
738780287
738780287
738780287
738780287
738780287
738780287
738780287
738780287
738780287
738780287
738780287
738780287
738780287
738780287
738780287
738780287
738780287
738780287
738780287
738780287
738780287
869390147
869390147
869390147
869390147
869390147
934695077
934695077
934695077
967347542
967347542
967347542
967347542
967347542
967347542
967347542
483673771
483673771
483673771
483673771
741836889
741836889
741836889
741836889
741836889
741836889
741836889
741836889
741836889
741836889
870918448
870918448
870918448
870918448
870918448
870918448
870918448
870918448
870918448
870918448
870918448
870918448
870918448
870918448
870918448
870918448
435459224
435459224
435459224
435459224
435459224
435459224
435459224
435459224
217729612
217729612
217729612
108864806
108864806
108864806
54432403
54432403
54432403
54432403
54432403
54432403
54432403
54432403
527216205
527216205
527216205
527216205
527216205
527216205
527216205
527216205
527216205
527216205
527216205
763608106
763608106
763608106
763608106
763608106
763608106
763608106
763608106
763608106
763608106
763608106
763608106
763608106
381804053
381804053
690902030
690902030
690902030
690902030
690902030
690902030
690902030
690902030
690902030
690902030
690902030
690902030
690902030
690902030
690902030
345451015
345451015
345451015
345451015
345451015
345451015
345451015
345451015
672725511
672725511
672725511
672725511
672725511
672725511
672725511
672725511
672725511
672725511
672725511
672725511
672725511
672725511
672725511
672725511
672725511
672725511
836362759
836362759
918181383
959090695
959090695
959090695
959090695
959090695
959090695
979545351
979545351
979545351
979545351
979545351
979545351
979545351
979545351
979545351
979545351
979545351
979545351
979545351
979545351
979545351
979545351
979545351
979545351
979545351
979545351
979545351
979545351
979545351
979545351
979545351
979545351
979545351
989772679
989772679
989772679
989772679
989772679
994886343
994886343
994886343
997443175
997443175
997443175
997443175
997443175
997443175
997443175
997443175
997443175
997443175
997443175
997443175
998721591
998721591
998721591
998721591
998721591
999360799
999360799
999360799
999360799
999360799
999680403
999840205
999840205
999840205
999840205
999840205
999840205
999840205
999840205
999840205
999840205
999840205
999840205
999840205
999840205
999840205
999840205
999840205
999840205
999840205
999840205
999840205
999920106
999920106
499960053
499960053
499960053
499960053
499960053
499960053
499960053
499960053
749980030
749980030
374990015
374990015
374990015
374990015
374990015
374990015
687495011
687495011
687495011
687495011
687495011
687495011
687495011
687495011
687495011
687495011
843747509
843747509
843747509
921873758
921873758
921873758
460936879
460936879
460936879
460936879
460936879
460936879
460936879
460936879
460936879
460936879
460936879
460936879
460936879
460936879
460936879
460936879
460936879
460936879
460936879
730468443
730468443
730468443
730468443
730468443
730468443
730468443
730468443
865234225
865234225
932617116
932617116
932617116
932617116
932617116
466308558
466308558
233154279
233154279
233154279
233154279
233154279
233154279
233154279
233154279
233154279
233154279
233154279
233154279
233154279
233154279
233154279
233154279
233154279
233154279
233154279
233154279
233154279
233154279
233154279
233154279
233154279
616577143
616577143
616577143
616577143
616577143
616577143
616577143
616577143
808288575
904144291
904144291
904144291
952072149
952072149
952072149
952072149
952072149
952072149
952072149
952072149
952072149
976036078
976036078
976036078
976036078
976036078
976036078
976036078
976036078
976036078
976036078
976036078
976036078
976036078
976036078
976036078
488018039
488018039
744009023
744009023
744009023
744009023
744009023
744009023
872004515
872004515
872004515
872004515
872004515
936002261
936002261
936002261
936002261
936002261
936002261
936002261
968001134
968001134
484000567
484000567
484000567
484000567
484000567
484000567
484000567
484000567
484000567
484000567
484000567
484000567
484000567
484000567
484000567
484000567
484000567
484000567
484000567
484000567
742000287
742000287
742000287
742000287
742000287
871000147
871000147
871000147
871000147
871000147
871000147
871000147
871000147
871000147
871000147
871000147
871000147
871000147
871000147
871000147
871000147
871000147
871000147
871000147
871000147
871000147
935500077
935500077
935500077
935500077
935500077
935500077
935500077
935500077
935500077
935500077
935500077
935500077
935500077
967750042
967750042
967750042
967750042
967750042
967750042
967750042
967750042
967750042
967750042
967750042
967750042
967750042
967750042
483875021
483875021
483875021
483875021
483875021
483875021
483875021
483875021
483875021
483875021
483875021
483875021
483875021
741937514
741937514
741937514
741937514
741937514
741937514
741937514
741937514
741937514
741937514
741937514
741937514
741937514
741937514
741937514
741937514
741937514
741937514
741937514
741937514
741937514
741937514
370968757
370968757
370968757
370968757
370968757
370968757
370968757
370968757
370968757
370968757
370968757
370968757
370968757
685484382
685484382
342742191
342742191
342742191
342742191
342742191
342742191
342742191
342742191
342742191
342742191
342742191
342742191
342742191
671371099
671371099
671371099
671371099
835685553
835685553
835685553
835685553
835685553
835685553
835685553
835685553
835685553
835685553
835685553
835685553
835685553
835685553
835685553
835685553
835685553
835685553
835685553
835685553
835685553
835685553
835685553
917842780
917842780
917842780
917842780
917842780
917842780
917842780
458921390
229460695
614730351
614730351
807365179
903682593
951841300
951841300
951841300
951841300
475920650
475920650
475920650
475920650
475920650
475920650
475920650
475920650
475920650
475920650
475920650
475920650
475920650
475920650
475920650
475920650
475920650
475920650
475920650
475920650
475920650
237960325
237960325
237960325
237960325
237960325
237960325
237960325
237960325
237960325
237960325
237960325
237960325
237960325
237960325
237960325
237960325
618980166
618980166
618980166
618980166
618980166
618980166
618980166
618980166
618980166
618980166
618980166
618980166
618980166
618980166
618980166
618980166
618980166
618980166
618980166
618980166
618980166
618980166
618980166
618980166
618980166
618980166
618980166
618980166
618980166
618980166
618980166
618980166
618980166
618980166
618980166
618980166
618980166
618980166
618980166
618980166
618980166
618980166
618980166
618980166
618980166
618980166
618980166
618980166
618980166
618980166
618980166
618980166
618980166
618980166
618980166
309490083
309490083
309490083
309490083
309490083
309490083
654745045
654745045
654745045
654745045
654745045
827372526
413686263
413686263
413686263
413686263
413686263
413686263
413686263
413686263
413686263
413686263
413686263
413686263
413686263
413686263
413686263
413686263
706843135
706843135
706843135
706843135
706843135
853421571
853421571
853421571
853421571
853421571
853421571
853421571
853421571
853421571
853421571
853421571
853421571
853421571
853421571
853421571
853421571
853421571
853421571
853421571
853421571
853421571
853421571
853421571
853421571
853421571
853421571
853421571
853421571
853421571
853421571
853421571
853421571
926710789
926710789
926710789
926710789
926710789
926710789
963355398
963355398
963355398
963355398
963355398
963355398
963355398
481677699
481677699
481677699
481677699
481677699
481677699
481677699
481677699
481677699
481677699
481677699
481677699
481677699
481677699
481677699
481677699
481677699
481677699
481677699
481677699
481677699
740838853
870419430
870419430
870419430
870419430
870419430
870419430
870419430
870419430
870419430
870419430
870419430
870419430
435209715
435209715
717604861
717604861
717604861
717604861
717604861
717604861
717604861
717604861
717604861
717604861
717604861
717604861
717604861
717604861
858802434
858802434
858802434
858802434
858802434
858802434
858802434
858802434
429401217
429401217
429401217
429401217
429401217
429401217
429401217
714700612
357350306
357350306
357350306
357350306
357350306
357350306
357350306
357350306
178675153
178675153
178675153
178675153
178675153
178675153
589337580
589337580
589337580
589337580
589337580
589337580
589337580
589337580
589337580
589337580
589337580
294668790
294668790
294668790
294668790
294668790
294668790
294668790
294668790
294668790
294668790
294668790
294668790
294668790
294668790
294668790
147334395
147334395
147334395
147334395
147334395
147334395
147334395
147334395
147334395
147334395
147334395
147334395
147334395
147334395
147334395
147334395
147334395
147334395
147334395
147334395
573667201
573667201
573667201
573667201
573667201
573667201
573667201
573667201
786833604
786833604
786833604
786833604
786833604
786833604
786833604
786833604
786833604
786833604
786833604
786833604
786833604
786833604
786833604
786833604
786833604
786833604
393416802
393416802
393416802
393416802
393416802
393416802
393416802
393416802
393416802
393416802
393416802
393416802
393416802
393416802
196708401
196708401
196708401
196708401
598354204
598354204
598354204
598354204
598354204
598354204
598354204
598354204
598354204
598354204
598354204
598354204
598354204
299177102
299177102
299177102
299177102
299177102
299177102
299177102
299177102
299177102
299177102
299177102
299177102
149588551
149588551
149588551
149588551
149588551
149588551
149588551
149588551
149588551
149588551
149588551
149588551
149588551
149588551
574794279
787397143
787397143
787397143
893698575
893698575
893698575
893698575
893698575
893698575
893698575
893698575
893698575
893698575
893698575
893698575
893698575
893698575
893698575
893698575
893698575
893698575
893698575
893698575
893698575
946849291
946849291
946849291
946849291
946849291
946849291
946849291
946849291
973424649
973424649
973424649
973424649
973424649
973424649
973424649
973424649
973424649
973424649
973424649
973424649
973424649
973424649
973424649
973424649
973424649
973424649
973424649
973424649
986712328
986712328
986712328
986712328
986712328
986712328
986712328
986712328
986712328
493356164
493356164
493356164
493356164
493356164
493356164
493356164
493356164
493356164
493356164
493356164
493356164
493356164
493356164
493356164
493356164
493356164
246678082
246678082
246678082
246678082
246678082
246678082
246678082
246678082
246678082
123339041
123339041
123339041
123339041
123339041
561669524
561669524
561669524
561669524
561669524
561669524
561669524
280834762
280834762
280834762
140417381
140417381
140417381
140417381
140417381
140417381
140417381
140417381
140417381
140417381
140417381
140417381
140417381
140417381
140417381
140417381
140417381
140417381
140417381
570208694
570208694
570208694
570208694
570208694
570208694
570208694
570208694
570208694
570208694
570208694
570208694
570208694
570208694
570208694
570208694
570208694
570208694
570208694
570208694
570208694
570208694
570208694
570208694
570208694
570208694
570208694
570208694
285104347
285104347
285104347
642552177
642552177
642552177
642552177
821276092
821276092
821276092
821276092
410638046
410638046
410638046
410638046
410638046
410638046
410638046
410638046
205319023
602659515
602659515
602659515
602659515
602659515
602659515
602659515
602659515
602659515
602659515
602659515
602659515
602659515
602659515
602659515
602659515
602659515
602659515
602659515
602659515
602659515
801329761
801329761
801329761
801329761
801329761
801329761
801329761
801329761
801329761
801329761
801329761
801329761
801329761
801329761
801329761
900664884
900664884
900664884
900664884
900664884
900664884
900664884
900664884
900664884
450332442
225166221
225166221
225166221
225166221
225166221
225166221
225166221
225166221
225166221
225166221
225166221
612583114
612583114
612583114
612583114
612583114
612583114
612583114
612583114
612583114
612583114
306291557
653145782
653145782
653145782
326572891
326572891
326572891
326572891
326572891
326572891
326572891
326572891
326572891
326572891
326572891
663286449
663286449
663286449
663286449
663286449
663286449
663286449
663286449
663286449
663286449
663286449
663286449
663286449
663286449
663286449
663286449
663286449
663286449
663286449
663286449
663286449
831643228
831643228
831643228
831643228
831643228
831643228
415821614
415821614
415821614
415821614
415821614
207910807
207910807
207910807
207910807
207910807
207910807
207910807
207910807
207910807
207910807
207910807
207910807
207910807
207910807
207910807
207910807
207910807
207910807
207910807
207910807
207910807
207910807
603955407
603955407
603955407
603955407
603955407
801977707
801977707
801977707
801977707
801977707
801977707
801977707
801977707
900988857
900988857
900988857
900988857
900988857
900988857
900988857
900988857
900988857
900988857
900988857
900988857
900988857
900988857
900988857
900988857
900988857
900988857
900988857
900988857
900988857
900988857
900988857
900988857
900988857
900988857
900988857
900988857
900988857
900988857
900988857
900988857
900988857
950494432
950494432
950494432
950494432
475247216
475247216
475247216
475247216
475247216
475247216
475247216
237623608
237623608
237623608
237623608
118811804
118811804
59405902
59405902
59405902
59405902
59405902
59405902
59405902
59405902
59405902
59405902
59405902
59405902
59405902
59405902
29702951
29702951
29702951
29702951
29702951
29702951
29702951
514851479
514851479
514851479
514851479
514851479
514851479
757425743
757425743
757425743
757425743
757425743
757425743
757425743
757425743
757425743
757425743
757425743
757425743
757425743
878712875
878712875
878712875
878712875
878712875
878712875
878712875
878712875
878712875
878712875
878712875
878712875
878712875
878712875
878712875
878712875
939356441
939356441
939356441
939356441
939356441
939356441
939356441
939356441
939356441
969678224
969678224
969678224
969678224
969678224
969678224
969678224
969678224
969678224
969678224
969678224
969678224
969678224
969678224
969678224
969678224
969678224
969678224
969678224
969678224
484839112
484839112
484839112
484839112
484839112
484839112
484839112
484839112
484839112
484839112
484839112
484839112
484839112
484839112
484839112
484839112
242419556
242419556
121209778
121209778
121209778
121209778
121209778
121209778
121209778
121209778
121209778
121209778
121209778
60604889
60604889
60604889
60604889
60604889
60604889
60604889
60604889
60604889
60604889
60604889
60604889
60604889
60604889
60604889
530302448
530302448
530302448
530302448
530302448
530302448
530302448
530302448
265151224
265151224
265151224
265151224
265151224
265151224
265151224
265151224
265151224
265151224
265151224
265151224
265151224
265151224
132575612
132575612
132575612
132575612
132575612
132575612
132575612
132575612
66287806
66287806
33143903
33143903
33143903
33143903
516571955
516571955
516571955
516571955
516571955
516571955
516571955
516571955
516571955
516571955
516571955
516571955
516571955
516571955
516571955
516571955
516571955
516571955
516571955
516571955
516571955
516571955
516571955
516571955
516571955
516571955
516571955
758285981
758285981
758285981
758285981
758285981
758285981
758285981
758285981
758285981
758285981
758285981
758285981
758285981
758285981
758285981
758285981
758285981
758285981
758285981
758285981
758285981
879142994
879142994
879142994
879142994
879142994
879142994
879142994
879142994
439571497
439571497
439571497
439571497
439571497
439571497
439571497
439571497
439571497
439571497
439571497
439571497
439571497
439571497
439571497
439571497
439571497
439571497
439571497
439571497
439571497
439571497
439571497
439571497
439571497
439571497
439571497
439571497
439571497
439571497
439571497
439571497
439571497
439571497
439571497
439571497
439571497
439571497
439571497
439571497
439571497
439571497
439571497
439571497
719785752
719785752
359892876
359892876
359892876
359892876
359892876
359892876
359892876
359892876
359892876
179946438
179946438
179946438
179946438
179946438
179946438
179946438
179946438
179946438
179946438
179946438
179946438
179946438
179946438
179946438
179946438
89973219
89973219
89973219
89973219
89973219
89973219
89973219
89973219
544986613
544986613
544986613
544986613
544986613
544986613
544986613
544986613
544986613
544986613
544986613
544986613
544986613
544986613
772493310
772493310
772493310
772493310
772493310
772493310
772493310
772493310
772493310
772493310
772493310
772493310
772493310
386246655
386246655
386246655
386246655
386246655
386246655
386246655
386246655
386246655
386246655
386246655
386246655
386246655
386246655
386246655
386246655
386246655
386246655
386246655
386246655
386246655
386246655
386246655
386246655
386246655
386246655
386246655
386246655
386246655
386246655
386246655
386246655
386246655
386246655
386246655
386246655
386246655
386246655
386246655
386246655
386246655
386246655
386246655
386246655
386246655
386246655
386246655
386246655
386246655
386246655
386246655
386246655
386246655
693123331
693123331
693123331
846561669
846561669
846561669
846561669
846561669
846561669
846561669
846561669
846561669
846561669
846561669
846561669
846561669
846561669
846561669
923280838
923280838
923280838
923280838
923280838
923280838
923280838
923280838
461640419
461640419
461640419
461640419
461640419
461640419
461640419
730820213
730820213
730820213
730820213
730820213
730820213
730820213
730820213
730820213
730820213
730820213
730820213
730820213
865410110
865410110
865410110
865410110
865410110
865410110
865410110
865410110
865410110
865410110
865410110
865410110
865410110
865410110
865410110
865410110
865410110
865410110
865410110
865410110
865410110
865410110
865410110
865410110
865410110
865410110
865410110
865410110
865410110
865410110
865410110
865410110
865410110
865410110
865410110
432705055
432705055
432705055
432705055
432705055
432705055
432705055
432705055
432705055
432705055
432705055
432705055
432705055
432705055
432705055
432705055
432705055
432705055
432705055
432705055
716352531
716352531
716352531
716352531
716352531
716352531
716352531
716352531
716352531
716352531
716352531
716352531
716352531
716352531
716352531
716352531
716352531
716352531
716352531
716352531
716352531
716352531
716352531
716352531
716352531
716352531
716352531
716352531
716352531
716352531
716352531
716352531
716352531
716352531
858176269
929088138
929088138
929088138
929088138
929088138
929088138
929088138
929088138
929088138
929088138
929088138
929088138
929088138
929088138
464544069
732272038
732272038
366136019
366136019
366136019
366136019
366136019
366136019
366136019
366136019
366136019
366136019
366136019
366136019
366136019
366136019
366136019
366136019
366136019
366136019
366136019
366136019
366136019
683068013
683068013
683068013
683068013
683068013
683068013
683068013
683068013
683068013
683068013
683068013
683068013
683068013
683068013
683068013
683068013
683068013
683068013
841534010
841534010
841534010
420767005
420767005
420767005
420767005
420767005
710383506
710383506
710383506
710383506
710383506
710383506
710383506
710383506
710383506
355191753
355191753
355191753
355191753
355191753
355191753
355191753
355191753
355191753
355191753
355191753
355191753
677595880
677595880
677595880
677595880
677595880
677595880
677595880
677595880
677595880
677595880
677595880
677595880
677595880
677595880
677595880
677595880
677595880
677595880
677595880
677595880
338797940
338797940
338797940
338797940
338797940
338797940
338797940
338797940
169398970
169398970
169398970
169398970
169398970
169398970
169398970
169398970
169398970
169398970
169398970
169398970
84699485
84699485
84699485
84699485
84699485
84699485
84699485
84699485
84699485
84699485
542349746
542349746
542349746
542349746
542349746
542349746
542349746
542349746
542349746
542349746
542349746
542349746
542349746
542349746
542349746
542349746
542349746
542349746
542349746
542349746
271174873
271174873
271174873
271174873
271174873
271174873
271174873
271174873
271174873
271174873
635587440
317793720
317793720
317793720
317793720
317793720
317793720
317793720
317793720
317793720
317793720
317793720
317793720
317793720
317793720
317793720
317793720
317793720
317793720
317793720
317793720
317793720
317793720
317793720
317793720
317793720
317793720
317793720
317793720
317793720
317793720
317793720
317793720
317793720
317793720
317793720
317793720
317793720
317793720
158896860
158896860
158896860
79448430
39724215
39724215
39724215
39724215
39724215
39724215
39724215
39724215
39724215
39724215
39724215
39724215
39724215
39724215
39724215
39724215
39724215
519862111
519862111
759931059
759931059
759931059
759931059
759931059
759931059
759931059
759931059
759931059
759931059
879965533
879965533
879965533
879965533
879965533
939982770
939982770
939982770
939982770
939982770
469991385
469991385
469991385
469991385
469991385
469991385
469991385
469991385
469991385
469991385
469991385
469991385
469991385
469991385
469991385
734995696
734995696
734995696
734995696
734995696
734995696
734995696
734995696
734995696
734995696
734995696
734995696
734995696
734995696
734995696
734995696
734995696
734995696
734995696
367497848
367497848
367497848
183748924
183748924
183748924
183748924
183748924
183748924
183748924
183748924
183748924
183748924
183748924
183748924
183748924
183748924
183748924
183748924
183748924
183748924
183748924
183748924
91874462
91874462
91874462
91874462
91874462
91874462
91874462
91874462
91874462
91874462
91874462
91874462
91874462
91874462
91874462
91874462
91874462
91874462
91874462
91874462
91874462
91874462
45937231
45937231
522968619
522968619
522968619
522968619
522968619
522968619
522968619
761484313
761484313
761484313
761484313
880742160
880742160
880742160
440371080
220185540
220185540
220185540
220185540
110092770
110092770
110092770
110092770
110092770
110092770
110092770
110092770
110092770
110092770
110092770
110092770
110092770
55046385
55046385
55046385
55046385
55046385
55046385
55046385
55046385
55046385
55046385
55046385
55046385
55046385
55046385
55046385
55046385
55046385
55046385
55046385
55046385
55046385
55046385
55046385
55046385
55046385
55046385
55046385
55046385
55046385
55046385
55046385
55046385
55046385
55046385
55046385
55046385
55046385
55046385
55046385
55046385
55046385
55046385
55046385
55046385
55046385
55046385
55046385
55046385
55046385
55046385
55046385
55046385
55046385
55046385
55046385
55046385
55046385
55046385
55046385
55046385
527523196
527523196
527523196
527523196
263761598
263761598
263761598
263761598
131880799
131880799
131880799
565940403
565940403
565940403
565940403
565940403
565940403
782970205
782970205
782970205
782970205
782970205
782970205
782970205
782970205
782970205
782970205
782970205
782970205
782970205
782970205
782970205
891485106
891485106
891485106
891485106
891485106
891485106
891485106
891485106
891485106
891485106
891485106
891485106
445742553
445742553
445742553
445742553
445742553
445742553
445742553
445742553
445742553
445742553
445742553
445742553
445742553
445742553
445742553
722871280
722871280
722871280
722871280
722871280
722871280
722871280
722871280
722871280
722871280
722871280
722871280
722871280
722871280
722871280
361435640
361435640
361435640
361435640
361435640
361435640
361435640
361435640
361435640
361435640
361435640
361435640
361435640
361435640
361435640
361435640
361435640
361435640
361435640
361435640
361435640
361435640
361435640
361435640
180717820
180717820
180717820
180717820
180717820
180717820
180717820
180717820
180717820
90358910
90358910
90358910
90358910
90358910
45179455
45179455
45179455
45179455
45179455
45179455
45179455
522589731
522589731
522589731
522589731
522589731
522589731
522589731
522589731
522589731
522589731
522589731
522589731
522589731
522589731
522589731
522589731
522589731
522589731
522589731
522589731
522589731
522589731
522589731
522589731
522589731
522589731
522589731
522589731
522589731
522589731
522589731
522589731
522589731
522589731
522589731
522589731
522589731
522589731
522589731
522589731
522589731
522589731
522589731
522589731
522589731
522589731
522589731
522589731
522589731
522589731
522589731
522589731
761294869
761294869
761294869
761294869
761294869
761294869
761294869
761294869
761294869
761294869
761294869
761294869
761294869
761294869
761294869
880647438
880647438
880647438
880647438
880647438
880647438
880647438
880647438
880647438
880647438
880647438
880647438
880647438
880647438
880647438
880647438
880647438
880647438
880647438
880647438
880647438
880647438
880647438
880647438
880647438
440323719
440323719
440323719
440323719
720161863
720161863
720161863
720161863
720161863
720161863
720161863
720161863
720161863
720161863
720161863
720161863
720161863
720161863
720161863
720161863
720161863
720161863
720161863
720161863
720161863
720161863
720161863
720161863
720161863
720161863
720161863
720161863
720161863
720161863
720161863
720161863
860080935
860080935
930040471
930040471
930040471
930040471
930040471
930040471
930040471
930040471
930040471
930040471
930040471
930040471
930040471
930040471
930040471
930040471
930040471
965020239
965020239
965020239
965020239
965020239
965020239
965020239
982510123
982510123
982510123
982510123
982510123
982510123
982510123
982510123
982510123
982510123
982510123
982510123
982510123
982510123
982510123
982510123
982510123
982510123
982510123
982510123
982510123
982510123
982510123
982510123
982510123
982510123
991255065
991255065
991255065
991255065
991255065
991255065
991255065
991255065
991255065
991255065
991255065
991255065
991255065
991255065
991255065
991255065
991255065
991255065
991255065
995627536
497813768
497813768
497813768
497813768
248906884
248906884
248906884
248906884
124453442
124453442
124453442
124453442
124453442
124453442
124453442
62226721
62226721
62226721
62226721
62226721
62226721
62226721
62226721
62226721
62226721
62226721
62226721
62226721
62226721
62226721
62226721
62226721
62226721
62226721
62226721
62226721
531113364
531113364
265556682
265556682
265556682
265556682
265556682
265556682
265556682
265556682
265556682
265556682
265556682
265556682
265556682
265556682
265556682
265556682
265556682
265556682
265556682
265556682
265556682
265556682
265556682
265556682
265556682
265556682
132778341
132778341
132778341
132778341
566389174
566389174
566389174
283194587
283194587
283194587
283194587
641597297
641597297
641597297
641597297
641597297
641597297
641597297
641597297
641597297
641597297
641597297
641597297
641597297
641597297
641597297
641597297
641597297
641597297
641597297
641597297
641597297
641597297
641597297
641597297
641597297
641597297
820798652
820798652
410399326
410399326
410399326
410399326
410399326
205199663
205199663
205199663
602599835
602599835
602599835
602599835
602599835
602599835
602599835
602599835
602599835
801299921
801299921
900649964
900649964
450324982
450324982
450324982
450324982
450324982
450324982
450324982
450324982
450324982
450324982
450324982
450324982
450324982
450324982
450324982
450324982
450324982
450324982
450324982
450324982
450324982
450324982
450324982
450324982
450324982
450324982
450324982
450324982
225162491
225162491
225162491
225162491
225162491
225162491
225162491
225162491
225162491
225162491
225162491
225162491
225162491
225162491
225162491
225162491
225162491
225162491
225162491
225162491
225162491
225162491
225162491
225162491
225162491
225162491
225162491
225162491
225162491
612581249
612581249
612581249
612581249
612581249
612581249
612581249
612581249
612581249
612581249
612581249
612581249
612581249
612581249
612581249
612581249
612581249
612581249
612581249
612581249
612581249
612581249
612581249
612581249
612581249
612581249
612581249
612581249
612581249
612581249
612581249
612581249
612581249
806290628
806290628
806290628
403145314
403145314
403145314
403145314
403145314
403145314
403145314
403145314
403145314
403145314
201572657
201572657
201572657
201572657
201572657
201572657
201572657
201572657
201572657
201572657
201572657
201572657
201572657
201572657
201572657
201572657
201572657
201572657
201572657
201572657
201572657
201572657
201572657
201572657
600786332
600786332
300393166
300393166
300393166
300393166
300393166
300393166
150196583
150196583
150196583
150196583
150196583
150196583
150196583
150196583
150196583
150196583
150196583
150196583
575098295
575098295
575098295
575098295
575098295
575098295
575098295
575098295
575098295
575098295
575098295
787549151
787549151
787549151
787549151
893774579
893774579
893774579
893774579
893774579
893774579
893774579
893774579
893774579
893774579
893774579
893774579
893774579
893774579
893774579
893774579
893774579
893774579
893774579
893774579
893774579
893774579
893774579
893774579
893774579
893774579
893774579
893774579
893774579
893774579
893774579
893774579
946887293
973443650
973443650
973443650
973443650
973443650
973443650
973443650
973443650
973443650
973443650
973443650
973443650
973443650
973443650
486721825
486721825
486721825
486721825
486721825
486721825
486721825
486721825
486721825
486721825
486721825
486721825
486721825
486721825
486721825
486721825
486721825
486721825
486721825
486721825
743360916
743360916
743360916
743360916
743360916
743360916
743360916
743360916
743360916
743360916
743360916
743360916
743360916
743360916
743360916
743360916
743360916
743360916
743360916
743360916
743360916
743360916
743360916
371680458
371680458
371680458
371680458
371680458
371680458
371680458
371680458
371680458
371680458
371680458
371680458
371680458
371680458
371680458
371680458
371680458
371680458
371680458
371680458
371680458
371680458
371680458
371680458
371680458
371680458
371680458
371680458
371680458
371680458
371680458
371680458
371680458
371680458
185840229
592920118
592920118
592920118
592920118
296460059
296460059
296460059
296460059
296460059
296460059
296460059
296460059
296460059
296460059
296460059
296460059
296460059
296460059
296460059
296460059
296460059
296460059
296460059
296460059
296460059
296460059
296460059
296460059
296460059
296460059
296460059
296460059
296460059
296460059
296460059
296460059
296460059
296460059
296460059
296460059
296460059
296460059
296460059
296460059
648230033
648230033
648230033
648230033
648230033
824115020
824115020
824115020
824115020
824115020
824115020
824115020
412057510
412057510
412057510
412057510
412057510
412057510
412057510
412057510
412057510
412057510
412057510
412057510
412057510
206028755
206028755
206028755
206028755
206028755
206028755
206028755
603014381
603014381
603014381
603014381
603014381
603014381
603014381
603014381
603014381
603014381
603014381
603014381
603014381
603014381
603014381
603014381
603014381
603014381
603014381
603014381
603014381
603014381
603014381
603014381
603014381
603014381
603014381
603014381
603014381
603014381
603014381
603014381
603014381
603014381
603014381
603014381
603014381
603014381
603014381
603014381
603014381
603014381
603014381
603014381
603014381
603014381
801507194
801507194
801507194
801507194
801507194
801507194
400753597
400753597
400753597
400753597
400753597
400753597
400753597
400753597
400753597
400753597
400753597
400753597
400753597
400753597
400753597
400753597
400753597
400753597
400753597
400753597
400753597
400753597
400753597
400753597
400753597
400753597
400753597
400753597
400753597
400753597
400753597
400753597
400753597
400753597
400753597
400753597
400753597
400753597
400753597
700376802
700376802
700376802
700376802
700376802
700376802
700376802
700376802
700376802
700376802
700376802
700376802
700376802
700376802
700376802
700376802
700376802
350188401
675094204
675094204
675094204
675094204
675094204
675094204
675094204
337547102
337547102
337547102
337547102
337547102
168773551
168773551
168773551
168773551
168773551
168773551
168773551
168773551
168773551
168773551
584386779
584386779
792193393
792193393
792193393
792193393
792193393
792193393
792193393
792193393
792193393
792193393
792193393
792193393
792193393
792193393
792193393
792193393
896096700
896096700
896096700
896096700
896096700
896096700
896096700
896096700
896096700
448048350
448048350
448048350
448048350
448048350
448048350
448048350
448048350
448048350
448048350
448048350
448048350
448048350
448048350
448048350
448048350
448048350
448048350
224024175
224024175
612012091
612012091
612012091
612012091
612012091
612012091
612012091
612012091
612012091
612012091
612012091
612012091
612012091
806006049
903003028
903003028
903003028
903003028
903003028
903003028
903003028
903003028
903003028
903003028
903003028
451501514
451501514
451501514
451501514
451501514
451501514
451501514
451501514
451501514
451501514
451501514
451501514
451501514
451501514
225750757
225750757
225750757
225750757
225750757
225750757
225750757
225750757
225750757
225750757
225750757
225750757
225750757
225750757
225750757
225750757
225750757
225750757
225750757
225750757
225750757
225750757
225750757
225750757
225750757
225750757
225750757
225750757
225750757
225750757
612875382
612875382
612875382
612875382
612875382
612875382
612875382
612875382
612875382
612875382
612875382
612875382
612875382
612875382
612875382
612875382
612875382
612875382
612875382
612875382
612875382
612875382
612875382
612875382
612875382
612875382
612875382
612875382
612875382
612875382
612875382
612875382
612875382
612875382
612875382
612875382
306437691
306437691
306437691
306437691
306437691
306437691
306437691
306437691
306437691
306437691
306437691
306437691
306437691
306437691
306437691
306437691
306437691
306437691
306437691
306437691
306437691
306437691
306437691
306437691
306437691
306437691
653218849
653218849
653218849
653218849
653218849
653218849
653218849
653218849
653218849
653218849
653218849
826609428
826609428
826609428
826609428
826609428
826609428
826609428
826609428
826609428
826609428
826609428
826609428
826609428
826609428
826609428
826609428
826609428
826609428
826609428
826609428
826609428
826609428
826609428
826609428
826609428
413304714
413304714
413304714
413304714
413304714
413304714
413304714
413304714
413304714
413304714
413304714
413304714
413304714
413304714
206652357
206652357
206652357
206652357
206652357
206652357
206652357
206652357
206652357
206652357
206652357
206652357
206652357
206652357
206652357
206652357
206652357
206652357
206652357
206652357
206652357
206652357
206652357
206652357
206652357
206652357
206652357
206652357
206652357
206652357
206652357
206652357
206652357
206652357
206652357
206652357
206652357
206652357
206652357
206652357
206652357
206652357
206652357
603326182
603326182
603326182
603326182
603326182
603326182
603326182
603326182
603326182
603326182
603326182
603326182
603326182
603326182
301663091
301663091
301663091
301663091
301663091
301663091
301663091
301663091
301663091
301663091
301663091
301663091
301663091
301663091
301663091
301663091
301663091
301663091
301663091
301663091
301663091
301663091
301663091
301663091
301663091
301663091
301663091
650831549
650831549
650831549
650831549
650831549
650831549
650831549
650831549
650831549
650831549
650831549
650831549
650831549
650831549
650831549
650831549
650831549
650831549
650831549
650831549
650831549
650831549
650831549
650831549
650831549
650831549
650831549
650831549
650831549
650831549
650831549
650831549
650831549
825415778
825415778
825415778
825415778
825415778
825415778
825415778
825415778
825415778
825415778
825415778
825415778
825415778
825415778
825415778
825415778
825415778
825415778
825415778
825415778
825415778
825415778
825415778
825415778
825415778
825415778
825415778
825415778
825415778
825415778
825415778
825415778
412707889
412707889
706353948
706353948
706353948
706353948
706353948
706353948
706353948
706353948
706353948
706353948
706353948
706353948
706353948
706353948
706353948
706353948
706353948
706353948
706353948
706353948
706353948
706353948
353176974
353176974
353176974
353176974
353176974
176588487
176588487
176588487
176588487
176588487
176588487
176588487
176588487
176588487
176588487
176588487
176588487
176588487
176588487
588294247
588294247
588294247
588294247
588294247
588294247
588294247
588294247
588294247
794147127
794147127
794147127
794147127
794147127
794147127
794147127
794147127
794147127
794147127
794147127
794147127
794147127
794147127
794147127
794147127
794147127
794147127
794147127
794147127
794147127
794147127
794147127
794147127
794147127
897073567
897073567
897073567
897073567
897073567
897073567
897073567
897073567
897073567
897073567
897073567
897073567
897073567
897073567
897073567
897073567
897073567
897073567
897073567
897073567
897073567
897073567
897073567
897073567
897073567
897073567
897073567
897073567
897073567
897073567
897073567
897073567
897073567
897073567
897073567
897073567
897073567
897073567
897073567
897073567
897073567
897073567
897073567
897073567
948536787
948536787
948536787
948536787
948536787
948536787
948536787
948536787
948536787
948536787
948536787
948536787
948536787
948536787
948536787
948536787
948536787
948536787
948536787
948536787
948536787
948536787
974268397
974268397
974268397
974268397
974268397
974268397
974268397
974268397
974268397
974268397
974268397
974268397
974268397
974268397
974268397
974268397
974268397
974268397
974268397
974268397
974268397
974268397
974268397
974268397
974268397
974268397
974268397
974268397
974268397
974268397
974268397
974268397
974268397
974268397
974268397
974268397
974268397
974268397
974268397
974268397
974268397
974268397
974268397
974268397
974268397
974268397
974268397
974268397
974268397
974268397
974268397
974268397
974268397
974268397
974268397
974268397
974268397
974268397
974268397
974268397
974268397
974268397
974268397
974268397
974268397
974268397
974268397
974268397
974268397
974268397
974268397
974268397
974268397
974268397
974268397
974268397
974268397
974268397
974268397
974268397
974268397
974268397
974268397
974268397
974268397
974268397
974268397
974268397
974268397
974268397
974268397
974268397
974268397
974268397
974268397
974268397
974268397
974268397
974268397
974268397
974268397
974268397
987134202
987134202
987134202
987134202
987134202
987134202
493567101
493567101
493567101
493567101
493567101
493567101
493567101
493567101
493567101
493567101
493567101
493567101
493567101
493567101
493567101
493567101
493567101
493567101
493567101
493567101
493567101
493567101
493567101
493567101
493567101
493567101
493567101
493567101
493567101
493567101
493567101
493567101
493567101
493567101
493567101
493567101
493567101
493567101
493567101
493567101
493567101
493567101
493567101
493567101
493567101
493567101
493567101
493567101
493567101
493567101
493567101
493567101
493567101
493567101
493567101
493567101
493567101
493567101
746783554
373391777
373391777
373391777
686695892
343347946
343347946
343347946
343347946
343347946
343347946
343347946
343347946
343347946
343347946
343347946
343347946
343347946
343347946
171673973
585836990
585836990
585836990
585836990
585836990
585836990
585836990
292918495
292918495
292918495
292918495
292918495
292918495
292918495
292918495
292918495
646459251
646459251
646459251
646459251
646459251
646459251
646459251
646459251
646459251
646459251
646459251
646459251
646459251
646459251
646459251
646459251
646459251
646459251
646459251
646459251
646459251
646459251
646459251
646459251
646459251
646459251
646459251
646459251
646459251
646459251
646459251
646459251
646459251
823229629
823229629
823229629
823229629
823229629
823229629
823229629
823229629
823229629
911614818
911614818
911614818
911614818
911614818
911614818
911614818
911614818
911614818
911614818
911614818
911614818
911614818
911614818
911614818
911614818
911614818
911614818
911614818
911614818
911614818
911614818
911614818
911614818
911614818
911614818
911614818
911614818
911614818
911614818
911614818
911614818
911614818
911614818
911614818
911614818
911614818
911614818
911614818
911614818
455807409
455807409
455807409
455807409
727903708
727903708
727903708
727903708
363951854
363951854
363951854
363951854
363951854
363951854
363951854
363951854
363951854
363951854
363951854
181975927
181975927
181975927
181975927
181975927
181975927
181975927
181975927
181975927
181975927
181975927
181975927
181975927
181975927
181975927
181975927
181975927
181975927
590987967
590987967
590987967
590987967
590987967
590987967
590987967
590987967
590987967
590987967
590987967
590987967
590987967
590987967
590987967
590987967
590987967
590987967
590987967
590987967
590987967
590987967
590987967
590987967
590987967
590987967
590987967
590987967
795493987
795493987
795493987
795493987
795493987
795493987
795493987
795493987
795493987
795493987
795493987
795493987
897746997
897746997
897746997
897746997
897746997
897746997
897746997
897746997
897746997
897746997
897746997
897746997
897746997
897746997
897746997
897746997
897746997
897746997
897746997
897746997
897746997
897746997
897746997
897746997
948873502
948873502
948873502
948873502
948873502
948873502
948873502
948873502
474436751
474436751
474436751
474436751
474436751
474436751
474436751
474436751
474436751
474436751
474436751
737218379
737218379
737218379
737218379
737218379
737218379
868609193
868609193
868609193
868609193
868609193
868609193
868609193
868609193
934304600
934304600
934304600
934304600
934304600
934304600
934304600
934304600
934304600
467152300
467152300
467152300
467152300
467152300
467152300
233576150
233576150
233576150
233576150
233576150
233576150
233576150
233576150
233576150
233576150
233576150
233576150
233576150
233576150
233576150
233576150
116788075
116788075
116788075
116788075
116788075
558394041
558394041
558394041
558394041
558394041
558394041
558394041
558394041
558394041
558394041
558394041
558394041
558394041
558394041
558394041
558394041
558394041
558394041
558394041
558394041
558394041
558394041
558394041
558394041
558394041
558394041
558394041
558394041
558394041
558394041
558394041
779197024
779197024
389598512
389598512
389598512
389598512
389598512
389598512
389598512
389598512
389598512
389598512
389598512
389598512
389598512
389598512
389598512
389598512
389598512
389598512
389598512
194799256
194799256
194799256
194799256
194799256
194799256
194799256
194799256
194799256
194799256
194799256
194799256
194799256
194799256
194799256
194799256
194799256
194799256
194799256
194799256
194799256
194799256
194799256
194799256
194799256
194799256
97399628
97399628
48699814
48699814
48699814
48699814
48699814
48699814
48699814
48699814
48699814
48699814
48699814
24349907
24349907
24349907
24349907
24349907
24349907
24349907
24349907
24349907
24349907
24349907
24349907
24349907
24349907
24349907
24349907
24349907
24349907
24349907
24349907
24349907
24349907
24349907
24349907
24349907
24349907
24349907
24349907
512174957
756087482
378043741
378043741
378043741
378043741
378043741
378043741
378043741
378043741
378043741
378043741
378043741
378043741
378043741
689021874
689021874
689021874
689021874
689021874
689021874
689021874
689021874
689021874
689021874
689021874
689021874
689021874
689021874
689021874
689021874
689021874
689021874
689021874
689021874
689021874
689021874
689021874
689021874
689021874
689021874
689021874
689021874
689021874
689021874
689021874
689021874
689021874
689021874
689021874
689021874
689021874
344510937
344510937
344510937
344510937
344510937
344510937
344510937
344510937
344510937
344510937
344510937
344510937
344510937
344510937
344510937
344510937
344510937
344510937
344510937
344510937
344510937
344510937
344510937
344510937
344510937
344510937
344510937
344510937
344510937
344510937
672255472
672255472
672255472
672255472
672255472
672255472
672255472
672255472
672255472
672255472
672255472
672255472
672255472
672255472
672255472
672255472
672255472
672255472
672255472
672255472
672255472
672255472
672255472
672255472
672255472
672255472
672255472
672255472
672255472
672255472
672255472
672255472
672255472
672255472
672255472
336127736
336127736
336127736
336127736
336127736
336127736
336127736
336127736
336127736
336127736
336127736
336127736
336127736
168063868
168063868
168063868
168063868
168063868
168063868
168063868
168063868
168063868
168063868
168063868
168063868
168063868
168063868
168063868
168063868
168063868
168063868
168063868
84031934
84031934
84031934
84031934
84031934
84031934
84031934
84031934
84031934
84031934
84031934
42015967
42015967
521007987
521007987
521007987
760503997
760503997
760503997
760503997
760503997
760503997
760503997
760503997
760503997
760503997
760503997
760503997
760503997
760503997
880252002
880252002
880252002
880252002
880252002
880252002
880252002
880252002
880252002
880252002
880252002
880252002
880252002
880252002
440126001
440126001
440126001
440126001
440126001
440126001
440126001
440126001
720063004
720063004
720063004
720063004
720063004
720063004
720063004
720063004
720063004
720063004
720063004
720063004
720063004
720063004
720063004
720063004
720063004
720063004
360031502
360031502
360031502
360031502
360031502
360031502
360031502
360031502
360031502
360031502
360031502
360031502
360031502
360031502
360031502
360031502
360031502
360031502
360031502
360031502
360031502
180015751
180015751
180015751
180015751
180015751
180015751
180015751
180015751
180015751
180015751
180015751
180015751
590007879
590007879
590007879
590007879
590007879
590007879
590007879
590007879
590007879
590007879
590007879
590007879
590007879
590007879
590007879
590007879
590007879
590007879
590007879
590007879
590007879
590007879
590007879
590007879
590007879
590007879
590007879
590007879
590007879
590007879
590007879
590007879
590007879
795003943
795003943
795003943
795003943
795003943
795003943
795003943
795003943
795003943
795003943
795003943
795003943
795003943
795003943
795003943
795003943
795003943
795003943
795003943
795003943
795003943
795003943
795003943
795003943
795003943
795003943
795003943
795003943
795003943
795003943
795003943
795003943
795003943
795003943
795003943
795003943
795003943
795003943
897501975
897501975
948750991
974375499
974375499
987187753
987187753
987187753
987187753
987187753
987187753
987187753
987187753
987187753
987187753
987187753
987187753
987187753
993593880
496796940
496796940
496796940
496796940
496796940
496796940
496796940
496796940
248398470
124199235
124199235
124199235
124199235
124199235
124199235
124199235
124199235
124199235
124199235
124199235
124199235
124199235
124199235
124199235
124199235
124199235
124199235
124199235
124199235
124199235
124199235
124199235
124199235
124199235
124199235
124199235
124199235
124199235
124199235
124199235
124199235
124199235
124199235
124199235
124199235
124199235
124199235
124199235
124199235
124199235
124199235
124199235
124199235
124199235
124199235
124199235
124199235
124199235
124199235
124199235
562099621
562099621
562099621
562099621
781049814
781049814
781049814
781049814
781049814
781049814
781049814
781049814
781049814
781049814
781049814
781049814
781049814
781049814
781049814
781049814
781049814
781049814
781049814
781049814
781049814
781049814
781049814
781049814
781049814
781049814
781049814
781049814
781049814
781049814
781049814
781049814
781049814
781049814
781049814
781049814
781049814
390524907
390524907
390524907
390524907
390524907
390524907
390524907
390524907
390524907
390524907
390524907
390524907
390524907
390524907
390524907
390524907
390524907
390524907
390524907
390524907
390524907
390524907
390524907
390524907
390524907
390524907
390524907
390524907
390524907
390524907
695262457
695262457
695262457
695262457
695262457
695262457
695262457
695262457
695262457
847631232
847631232
847631232
847631232
847631232
847631232
847631232
847631232
847631232
423815616
423815616
423815616
423815616
423815616
423815616
423815616
423815616
423815616
423815616
423815616
423815616
423815616
423815616
423815616
423815616
423815616
423815616
423815616
423815616
423815616
423815616
423815616
423815616
423815616
423815616
423815616
423815616
423815616
423815616
423815616
423815616
423815616
423815616
423815616
423815616
423815616
423815616
423815616
423815616
423815616
423815616
423815616
423815616
423815616
423815616
423815616
423815616
211907808
211907808
211907808
211907808
211907808
211907808
105953904
105953904
105953904
105953904
105953904
105953904
105953904
105953904
105953904
105953904
105953904
52976952
52976952
52976952
52976952
52976952
52976952
52976952
52976952
52976952
52976952
52976952
52976952
52976952
52976952
52976952
52976952
52976952
52976952
52976952
52976952
52976952
52976952
52976952
52976952
52976952
52976952
52976952
52976952
52976952
52976952
52976952
52976952
52976952
52976952
52976952
26488476
26488476
26488476
26488476
26488476
13244238
13244238
13244238
13244238
13244238
13244238
13244238
13244238
13244238
13244238
13244238
13244238
13244238
13244238
13244238
13244238
13244238
13244238
13244238
13244238
13244238
13244238
13244238
13244238
13244238
13244238
13244238
6622119
6622119
6622119
6622119
6622119
6622119
6622119
6622119
6622119
6622119
6622119
6622119
6622119
6622119
6622119
6622119
6622119
6622119
6622119
6622119
6622119
6622119
6622119
6622119
6622119
6622119
6622119
6622119
6622119
6622119
6622119
6622119
6622119
6622119
6622119
6622119
6622119
6622119
6622119
6622119
6622119
6622119
6622119
6622119
6622119
6622119
503311063
503311063
503311063
503311063
503311063
503311063
503311063
503311063
503311063
503311063
503311063
503311063
503311063
503311063
503311063
503311063
503311063
503311063
503311063
503311063
503311063
503311063
503311063
503311063
503311063
503311063
503311063
503311063
503311063
503311063
503311063
503311063
503311063
503311063
503311063
503311063
751655535
751655535
751655535
751655535
751655535
751655535
751655535
751655535
751655535
751655535
751655535
751655535
875827771
875827771
875827771
875827771
875827771
875827771
875827771
875827771
875827771
875827771
875827771
875827771
875827771
875827771
875827771
875827771
875827771
875827771
875827771
875827771
875827771
875827771
875827771
937913889
937913889
937913889
937913889
937913889
937913889
937913889
937913889
937913889
937913889
937913889
937913889
937913889
937913889
937913889
937913889
937913889
937913889
937913889
937913889
937913889
937913889
937913889
937913889
937913889
937913889
937913889
937913889
937913889
937913889
937913889
937913889
937913889
937913889
937913889
937913889
937913889
937913889
937913889
937913889
937913889
937913889
937913889
937913889
937913889
937913889
937913889
937913889
937913889
937913889
937913889
937913889
937913889
937913889
937913889
937913889
937913889
937913889
937913889
937913889
937913889
937913889
937913889
937913889
937913889
937913889
937913889
937913889
937913889
937913889
937913889
937913889
937913889
937913889
937913889
937913889
937913889
937913889
968956948
968956948
968956948
968956948
968956948
968956948
968956948
968956948
968956948
968956948
968956948
968956948
968956948
968956948
968956948
968956948
968956948
968956948
968956948
968956948
968956948
968956948
968956948
968956948
968956948
968956948
968956948
968956948
968956948
968956948
968956948
968956948
968956948
968956948
968956948
968956948
968956948
968956948
968956948
968956948
968956948
968956948
968956948
968956948
968956948
968956948
968956948
968956948
968956948
968956948
968956948
968956948
968956948
968956948
968956948
484478474
484478474
484478474
484478474
484478474
484478474
484478474
484478474
484478474
484478474
484478474
484478474
484478474
484478474
484478474
484478474
484478474
484478474
484478474
484478474
484478474
484478474
484478474
484478474
484478474
484478474
484478474
484478474
484478474
484478474
484478474
484478474
484478474
484478474
484478474
484478474
484478474
484478474
484478474
484478474
484478474
484478474
484478474
484478474
484478474
484478474
484478474
484478474
484478474
484478474
484478474
484478474
484478474
484478474
484478474
484478474
484478474
484478474
484478474
484478474
484478474
484478474
484478474
484478474
484478474
484478474
484478474
484478474
242239237
242239237
242239237
242239237
242239237
242239237
242239237
242239237
242239237
242239237
242239237
242239237
242239237
242239237
242239237
242239237
242239237
242239237
242239237
242239237
621119622
621119622
621119622
621119622
621119622
621119622
621119622
621119622
621119622
621119622
621119622
621119622
621119622
621119622
621119622
621119622
621119622
621119622
621119622
621119622
621119622
621119622
621119622
621119622
621119622
621119622
621119622
621119622
621119622
621119622
621119622
621119622
621119622
621119622
621119622
621119622
621119622
621119622
621119622
621119622
621119622
621119622
621119622
621119622
621119622
621119622
621119622
621119622
621119622
621119622
621119622
621119622
621119622
621119622
621119622
621119622
621119622
621119622
621119622
621119622
621119622
621119622
621119622
621119622
310559811
310559811
310559811
310559811
310559811
310559811
310559811
655279909
655279909
655279909
655279909
655279909
655279909
655279909
655279909
655279909
655279909
655279909
655279909
655279909
655279909
655279909
655279909
655279909
655279909
655279909
655279909
655279909
655279909
655279909
655279909
655279909
655279909
655279909
655279909
655279909
655279909
655279909
655279909
655279909
655279909
655279909
655279909
655279909
655279909
655279909
655279909
655279909
655279909
655279909
655279909
655279909
655279909
655279909
827639958
827639958
413819979
413819979
413819979
413819979
413819979
413819979
413819979
413819979
413819979
413819979
413819979
413819979
413819979
413819979
413819979
413819979
413819979
706909993
853455000
853455000
853455000
853455000
853455000
853455000
853455000
853455000
853455000
853455000
853455000
853455000
853455000
853455000
853455000
853455000
426727500
426727500
426727500
213363750
213363750
213363750
213363750
213363750
213363750
213363750
213363750
213363750
213363750
213363750
213363750
213363750
213363750
213363750
213363750
213363750
213363750
213363750
213363750
213363750
213363750
213363750
213363750
213363750
213363750
213363750
213363750
213363750
213363750
213363750
213363750
213363750
213363750
213363750
213363750
213363750
213363750
213363750
213363750
213363750
213363750
213363750
213363750
213363750
106681875
106681875
106681875
106681875
106681875
106681875
106681875
106681875
106681875
106681875
106681875
106681875
106681875
106681875
106681875
106681875
106681875
106681875
106681875
106681875
106681875
106681875
106681875
106681875
106681875
106681875
106681875
106681875
106681875
106681875
106681875
106681875
106681875
106681875
106681875
106681875
106681875
106681875
106681875
106681875
106681875
106681875
106681875
106681875
106681875
106681875
106681875
106681875
553340941
553340941
553340941
553340941
776670474
776670474
776670474
776670474
776670474
776670474
776670474
776670474
776670474
776670474
776670474
776670474
776670474
776670474
776670474
776670474
776670474
776670474
776670474
776670474
388335237
388335237
388335237
388335237
388335237
694167622
694167622
694167622
694167622
694167622
694167622
694167622
694167622
694167622
694167622
694167622
694167622
694167622
694167622
694167622
694167622
694167622
694167622
694167622
694167622
694167622
694167622
694167622
694167622
694167622
694167622
694167622
694167622
694167622
694167622
694167622
694167622
694167622
694167622
694167622
694167622
694167622
694167622
694167622
694167622
694167622
347083811
347083811
347083811
347083811
347083811
347083811
347083811
347083811
347083811
347083811
347083811
347083811
347083811
347083811
347083811
347083811
347083811
347083811
347083811
347083811
347083811
347083811
347083811
347083811
347083811
347083811
347083811
347083811
347083811
347083811
347083811
347083811
673541909
673541909
673541909
673541909
673541909
673541909
673541909
673541909
673541909
836770958
836770958
836770958
836770958
836770958
836770958
836770958
836770958
836770958
836770958
836770958
836770958
836770958
836770958
836770958
836770958
836770958
836770958
836770958
836770958
418385479
418385479
418385479
418385479
418385479
418385479
418385479
418385479
418385479
418385479
418385479
418385479
418385479
418385479
709192743
709192743
709192743
854596375
854596375
854596375
854596375
854596375
854596375
854596375
854596375
854596375
854596375
854596375
854596375
854596375
854596375
854596375
854596375
854596375
854596375
854596375
854596375
854596375
854596375
854596375
854596375
854596375
854596375
854596375
854596375
854596375
854596375
854596375
854596375
854596375
854596375
854596375
854596375
854596375
854596375
854596375
854596375
927298191
927298191
927298191
927298191
927298191
927298191
927298191
927298191
927298191
927298191
927298191
927298191
927298191
927298191
927298191
927298191
927298191
927298191
927298191
927298191
927298191
927298191
927298191
927298191
927298191
927298191
927298191
927298191
927298191
927298191
927298191
927298191
927298191
927298191
927298191
927298191
927298191
927298191
927298191
927298191
927298191
927298191
927298191
927298191
927298191
927298191
927298191
927298191
927298191
927298191
927298191
927298191
927298191
927298191
927298191
927298191
927298191
927298191
927298191
927298191
927298191
927298191
927298191
927298191
927298191
927298191
927298191
963649099
963649099
963649099
981824553
981824553
981824553
981824553
981824553
981824553
981824553
981824553
981824553
981824553
981824553
981824553
981824553
981824553
981824553
981824553
981824553
981824553
981824553
981824553
981824553
981824553
981824553
981824553
981824553
981824553
981824553
981824553
981824553
981824553
981824553
990912280
990912280
495456140
495456140
495456140
495456140
495456140
495456140
495456140
495456140
495456140
495456140
495456140
495456140
495456140
495456140
495456140
495456140
495456140
495456140
495456140
495456140
495456140
495456140
495456140
247728070
247728070
247728070
247728070
247728070
247728070
247728070
247728070
247728070
247728070
247728070
247728070
247728070
247728070
247728070
247728070
247728070
123864035
123864035
123864035
123864035
561932021
561932021
561932021
561932021
561932021
561932021
561932021
561932021
561932021
561932021
561932021
561932021
561932021
780966014
780966014
780966014
780966014
780966014
780966014
780966014
780966014
780966014
390483007
390483007
390483007
390483007
390483007
390483007
390483007
390483007
390483007
390483007
390483007
390483007
390483007
695241507
695241507
695241507
695241507
695241507
695241507
695241507
695241507
695241507
847620757
923810382
923810382
461905191
730952599
730952599
730952599
730952599
865476303
932738155
932738155
932738155
932738155
932738155
932738155
932738155
932738155
932738155
932738155
932738155
932738155
932738155
966369081
966369081
966369081
966369081
966369081
966369081
966369081
966369081
966369081
983184544
983184544
983184544
983184544
983184544
983184544
983184544
983184544
983184544
983184544
983184544
983184544
983184544
983184544
491592272
245796136
245796136
245796136
245796136
245796136
245796136
245796136
245796136
245796136
245796136
245796136
245796136
245796136
245796136
245796136
245796136
245796136
122898068
122898068
122898068
122898068
122898068
122898068
122898068
122898068
122898068
122898068
122898068
61449034
61449034
61449034
30724517
30724517
30724517
30724517
30724517
30724517
30724517
30724517
30724517
30724517
30724517
30724517
30724517
30724517
30724517
30724517
30724517
30724517
30724517
30724517
30724517
30724517
30724517
30724517
30724517
30724517
30724517
30724517
30724517
30724517
30724517
30724517
30724517
30724517
30724517
30724517
30724517
30724517
30724517
30724517
30724517
30724517
30724517
30724517
30724517
30724517
30724517
30724517
30724517
30724517
30724517
30724517
30724517
30724517
30724517
30724517
515362262
515362262
515362262
515362262
515362262
515362262
515362262
515362262
515362262
515362262
515362262
515362262
515362262
515362262
515362262
515362262
515362262
515362262
515362262
257681131
257681131
257681131
257681131
257681131
257681131
628840569
628840569
628840569
628840569
628840569
628840569
628840569
628840569
628840569
628840569
628840569
628840569
628840569
628840569
628840569
628840569
628840569
628840569
628840569
628840569
628840569
628840569
628840569
628840569
814420288
814420288
814420288
814420288
814420288
814420288
814420288
814420288
814420288
814420288
814420288
814420288
814420288
814420288
814420288
814420288
407210144
407210144
407210144
407210144
407210144
407210144
407210144
407210144
407210144
407210144
407210144
407210144
407210144
407210144
407210144
407210144
407210144
407210144
407210144
407210144
407210144
407210144
203605072
203605072
203605072
203605072
203605072
203605072
203605072
203605072
203605072
203605072
203605072
203605072
203605072
203605072
203605072
203605072
203605072
203605072
203605072
101802536
101802536
101802536
50901268
50901268
50901268
50901268
50901268
50901268
50901268
50901268
50901268
50901268
50901268
50901268
50901268
50901268
50901268
50901268
50901268
50901268
50901268
50901268
50901268
50901268
50901268
50901268
50901268
50901268
50901268
50901268
50901268
50901268
50901268
50901268
50901268
50901268
50901268
50901268
50901268
50901268
50901268
50901268
50901268
50901268
50901268
50901268
50901268
50901268
50901268
50901268
50901268
50901268
50901268
50901268
50901268
50901268
50901268
50901268
50901268
50901268
50901268
50901268
50901268
50901268
50901268
50901268
50901268
50901268
50901268
50901268
50901268
50901268
50901268
50901268
50901268
25450634
25450634
25450634
25450634
25450634
12725317
506362662
506362662
506362662
506362662
506362662
506362662
506362662
506362662
506362662
506362662
506362662
506362662
506362662
506362662
506362662
506362662
506362662
506362662
506362662
506362662
506362662
506362662
506362662
506362662
506362662
506362662
506362662
506362662
506362662
506362662
506362662
506362662
506362662
506362662
506362662
506362662
506362662
253181331
253181331
253181331
253181331
253181331
253181331
253181331
626590669
626590669
626590669
626590669
626590669
626590669
626590669
626590669
626590669
626590669
626590669
626590669
626590669
626590669
626590669
626590669
626590669
626590669
626590669
626590669
626590669
626590669
626590669
626590669
626590669
626590669
626590669
626590669
626590669
626590669
626590669
626590669
626590669
626590669
626590669
626590669
626590669
626590669
626590669
626590669
626590669
626590669
626590669
626590669
626590669
626590669
626590669
626590669
626590669
626590669
626590669
626590669
626590669
626590669
626590669
626590669
626590669
626590669
813295338
813295338
813295338
813295338
813295338
813295338
406647669
406647669
406647669
406647669
406647669
406647669
406647669
406647669
406647669
406647669
406647669
406647669
406647669
406647669
406647669
406647669
406647669
406647669
406647669
406647669
406647669
406647669
406647669
406647669
406647669
406647669
406647669
406647669
406647669
406647669
406647669
406647669
406647669
406647669
406647669
406647669
406647669
406647669
406647669
406647669
406647669
406647669
406647669
406647669
406647669
703323838
703323838
703323838
703323838
703323838
703323838
703323838
703323838
703323838
703323838
703323838
703323838
703323838
703323838
703323838
703323838
703323838
351661919
351661919
351661919
351661919
351661919
351661919
675830963
675830963
675830963
675830963
675830963
675830963
675830963
675830963
675830963
675830963
675830963
675830963
675830963
675830963
837915485
837915485
837915485
918957746
918957746
918957746
918957746
918957746
918957746
918957746
918957746
918957746
918957746
918957746
918957746
918957746
459478873
459478873
459478873
459478873
729739440
729739440
729739440
729739440
729739440
729739440
729739440
364869720
364869720
364869720
364869720
182434860
182434860
182434860
182434860
182434860
182434860
182434860
182434860
182434860
182434860
182434860
182434860
182434860
182434860
182434860
182434860
182434860
182434860
182434860
182434860
182434860
182434860
182434860
182434860
182434860
182434860
182434860
182434860
182434860
182434860
182434860
182434860
182434860
182434860
182434860
182434860
182434860
182434860
182434860
182434860
182434860
182434860
182434860
182434860
182434860
182434860
182434860
182434860
182434860
182434860
182434860
182434860
182434860
182434860
182434860
91217430
91217430
91217430
91217430
91217430
91217430
91217430
91217430
91217430
91217430
91217430
91217430
91217430
91217430
91217430
91217430
91217430
91217430
91217430
91217430
91217430
91217430
45608715
45608715
45608715
45608715
45608715
45608715
45608715
45608715
45608715
45608715
45608715
45608715
45608715
45608715
45608715
45608715
45608715
45608715
45608715
45608715
45608715
45608715
45608715
45608715
45608715
45608715
45608715
45608715
45608715
45608715
45608715
45608715
45608715
45608715
45608715
45608715
522804361
522804361
522804361
522804361
522804361
522804361
522804361
522804361
522804361
522804361
522804361
522804361
522804361
522804361
522804361
522804361
522804361
522804361
522804361
522804361
522804361
522804361
522804361
522804361
522804361
761402184
761402184
761402184
761402184
761402184
761402184
761402184
761402184
761402184
761402184
761402184
761402184
761402184
761402184
761402184
761402184
761402184
761402184
761402184
761402184
761402184
761402184
761402184
761402184
761402184
761402184
761402184
761402184
761402184
761402184
761402184
380701092
380701092
380701092
380701092
380701092
380701092
380701092
380701092
380701092
380701092
380701092
380701092
190350546
190350546
190350546
190350546
190350546
190350546
190350546
190350546
190350546
190350546
190350546
190350546
190350546
190350546
190350546
190350546
190350546
190350546
190350546
190350546
190350546
190350546
190350546
190350546
190350546
190350546
190350546
190350546
190350546
190350546
95175273
547587640
547587640
547587640
547587640
547587640
547587640
547587640
547587640
547587640
547587640
547587640
547587640
547587640
547587640
547587640
547587640
547587640
547587640
547587640
547587640
547587640
547587640
547587640
547587640
547587640
547587640
273793820
273793820
273793820
273793820
273793820
273793820
273793820
273793820
136896910
136896910
136896910
136896910
136896910
136896910
136896910
136896910
136896910
136896910
136896910
136896910
136896910
136896910
136896910
136896910
136896910
136896910
136896910
136896910
136896910
136896910
136896910
136896910
136896910
136896910
136896910
136896910
136896910
136896910
136896910
136896910
68448455
68448455
68448455
68448455
68448455
68448455
68448455
68448455
68448455
68448455
68448455
68448455
68448455
68448455
68448455
68448455
68448455
68448455
68448455
68448455
68448455
68448455
68448455
68448455
68448455
68448455
68448455
68448455
68448455
68448455
68448455
68448455
68448455
68448455
534224231
534224231
534224231
534224231
534224231
534224231
534224231
534224231
534224231
534224231
534224231
534224231
534224231
534224231
534224231
534224231
534224231
534224231
534224231
534224231
534224231
534224231
534224231
767112119
767112119
767112119
767112119
767112119
767112119
767112119
767112119
767112119
767112119
767112119
767112119
767112119
767112119
883556063
883556063
883556063
883556063
883556063
883556063
883556063
883556063
883556063
883556063
883556063
883556063
883556063
883556063
883556063
883556063
883556063
883556063
883556063
883556063
883556063
883556063
883556063
883556063
883556063
883556063
883556063
883556063
883556063
941778035
941778035
941778035
941778035
941778035
941778035
941778035
941778035
941778035
941778035
941778035
941778035
941778035
970889021
970889021
985444514
985444514
985444514
985444514
985444514
985444514
985444514
985444514
985444514
985444514
985444514
985444514
985444514
985444514
985444514
985444514
985444514
985444514
985444514
985444514
985444514
985444514
985444514
985444514
985444514
985444514
985444514
985444514
985444514
985444514
985444514
985444514
985444514
985444514
985444514
985444514
985444514
985444514
985444514
985444514
985444514
985444514
985444514
985444514
985444514
985444514
985444514
985444514
985444514
985444514
985444514
985444514
985444514
492722257
492722257
492722257
492722257
492722257
492722257
492722257
492722257
492722257
492722257
492722257
492722257
492722257
492722257
492722257
492722257
492722257
492722257
492722257
492722257
492722257
492722257
492722257
492722257
492722257
492722257
492722257
492722257
492722257
492722257
492722257
492722257
492722257
492722257
492722257
492722257
492722257
492722257
492722257
492722257
492722257
492722257
492722257
492722257
492722257
492722257
492722257
492722257
492722257
492722257
492722257
492722257
492722257
492722257
492722257
492722257
492722257
492722257
492722257
492722257
492722257
492722257
492722257
492722257
492722257
746361132
746361132
746361132
746361132
746361132
746361132
746361132
746361132
746361132
746361132
746361132
746361132
746361132
746361132
746361132
746361132
373180566
373180566
373180566
373180566
373180566
373180566
373180566
373180566
373180566
373180566
373180566
373180566
373180566
373180566
373180566
186590283
186590283
186590283
186590283
186590283
186590283
186590283
186590283
186590283
186590283
186590283
186590283
186590283
186590283
186590283
186590283
186590283
186590283
186590283
186590283
186590283
186590283
186590283
186590283
186590283
186590283
186590283
186590283
186590283
186590283
186590283
186590283
593295145
593295145
593295145
593295145
593295145
593295145
593295145
593295145
796647576
796647576
796647576
796647576
796647576
796647576
796647576
796647576
796647576
796647576
796647576
796647576
796647576
796647576
796647576
796647576
796647576
796647576
796647576
796647576
796647576
796647576
796647576
796647576
796647576
796647576
796647576
796647576
796647576
796647576
796647576
796647576
796647576
796647576
796647576
796647576
398323788
398323788
398323788
398323788
398323788
398323788
398323788
398323788
398323788
398323788
398323788
199161894
199161894
199161894
199161894
199161894
99580947
99580947
549790477
549790477
549790477
549790477
549790477
549790477
549790477
549790477
549790477
549790477
774895242
387447621
387447621
387447621
387447621
387447621
387447621
387447621
387447621
387447621
387447621
387447621
387447621
387447621
387447621
387447621
387447621
387447621
387447621
387447621
387447621
387447621
387447621
387447621
387447621
387447621
387447621
693723814
693723814
693723814
693723814
693723814
693723814
693723814
693723814
693723814
693723814
693723814
693723814
693723814
346861907
346861907
673430957
673430957
673430957
673430957
673430957
673430957
673430957
673430957
673430957
673430957
673430957
673430957
673430957
673430957
673430957
673430957
673430957
673430957
673430957
673430957
673430957
673430957
673430957
673430957
673430957
673430957
673430957
673430957
673430957
673430957
673430957
673430957
673430957
673430957
836715482
836715482
418357741
418357741
418357741
418357741
418357741
418357741
418357741
418357741
418357741
418357741
418357741
418357741
418357741
418357741
418357741
418357741
418357741
418357741
418357741
418357741
418357741
418357741
418357741
418357741
418357741
418357741
418357741
418357741
418357741
418357741
418357741
418357741
418357741
418357741
418357741
418357741
418357741
709178874
709178874
709178874
709178874
709178874
709178874
709178874
709178874
709178874
709178874
709178874
709178874
709178874
709178874
709178874
709178874
709178874
709178874
709178874
709178874
709178874
709178874
709178874
709178874
709178874
709178874
709178874
709178874
709178874
709178874
709178874
709178874
709178874
709178874
709178874
709178874
709178874
709178874
709178874
709178874
709178874
709178874
709178874
709178874
709178874
709178874
709178874
709178874
354589437
354589437
354589437
354589437
354589437
354589437
354589437
354589437
354589437
677294722
677294722
677294722
677294722
677294722
677294722
677294722
677294722
677294722
677294722
677294722
677294722
677294722
677294722
677294722
677294722
677294722
677294722
677294722
677294722
677294722
677294722
677294722
338647361
338647361
338647361
338647361
338647361
338647361
338647361
338647361
338647361
338647361
338647361
338647361
338647361
338647361
338647361
338647361
338647361
338647361
338647361
338647361
338647361
338647361
338647361
338647361
338647361
338647361
338647361
338647361
669323684
669323684
669323684
669323684
669323684
669323684
669323684
669323684
669323684
669323684
669323684
669323684
669323684
669323684
669323684
669323684
669323684
669323684
669323684
334661842
334661842
334661842
334661842
334661842
334661842
334661842
334661842
334661842
334661842
334661842
334661842
334661842
334661842
334661842
334661842
334661842
334661842
334661842
334661842
334661842
334661842
334661842
334661842
334661842
334661842
334661842
334661842
334661842
334661842
334661842
334661842
334661842
334661842
334661842
334661842
334661842
334661842
334661842
334661842
334661842
334661842
334661842
334661842
334661842
334661842
334661842
334661842
334661842
334661842
334661842
334661842
334661842
334661842
334661842
334661842
334661842
334661842
334661842
334661842
334661842
334661842
334661842
334661842
334661842
167330921
167330921
167330921
167330921
167330921
167330921
167330921
167330921
167330921
167330921
167330921
167330921
167330921
167330921
167330921
167330921
167330921
167330921
167330921
167330921
167330921
167330921
167330921
167330921
167330921
583665464
583665464
583665464
583665464
583665464
583665464
583665464
583665464
583665464
583665464
583665464
583665464
583665464
583665464
583665464
583665464
583665464
583665464
583665464
583665464
583665464
583665464
583665464
583665464
583665464
583665464
583665464
291832732
291832732
291832732
291832732
291832732
145916366
145916366
145916366
145916366
145916366
145916366
145916366
145916366
145916366
145916366
145916366
72958183
72958183
72958183
72958183
72958183
72958183
72958183
72958183
72958183
72958183
72958183
72958183
536479095
536479095
536479095
536479095
536479095
536479095
536479095
536479095
536479095
768239551
768239551
768239551
768239551
768239551
768239551
768239551
884119779
884119779
884119779
884119779
884119779
884119779
884119779
884119779
884119779
884119779
884119779
884119779
942059893
942059893
942059893
942059893
942059893
942059893
942059893
942059893
942059893
942059893
942059893
942059893
942059893
942059893
942059893
942059893
942059893
942059893
942059893
942059893
942059893
942059893
942059893
942059893
942059893
942059893
942059893
942059893
942059893
942059893
942059893
942059893
942059893
942059893
942059893
942059893
942059893
942059893
942059893
942059893
942059893
942059893
942059893
942059893
942059893
942059893
942059893
942059893
942059893
942059893
942059893
942059893
971029950
971029950
971029950
971029950
971029950
971029950
971029950
971029950
971029950
971029950
971029950
971029950
971029950
971029950
971029950
971029950
971029950
971029950
971029950
971029950
971029950
971029950
971029950
971029950
971029950
485514975
485514975
485514975
485514975
485514975
485514975
485514975
485514975
485514975
485514975
485514975
485514975
485514975
485514975
485514975
485514975
485514975
485514975
485514975
485514975
485514975
485514975
485514975
485514975
485514975
485514975
742757491
742757491
742757491
742757491
742757491
742757491
742757491
742757491
742757491
871378749
871378749
871378749
871378749
871378749
871378749
871378749
871378749
871378749
871378749
935689378
935689378
935689378
935689378
935689378
935689378
935689378
935689378
935689378
935689378
935689378
935689378
935689378
935689378
935689378
935689378
935689378
935689378
935689378
935689378
935689378
935689378
935689378
935689378
935689378
935689378
935689378
935689378
935689378
935689378
935689378
935689378
935689378
935689378
935689378
935689378
935689378
935689378
935689378
935689378
935689378
935689378
935689378
935689378
935689378
935689378
935689378
935689378
935689378
935689378
935689378
935689378
935689378
935689378
467844689
467844689
467844689
467844689
467844689
467844689
467844689
467844689
467844689
467844689
467844689
467844689
467844689
467844689
467844689
467844689
467844689
467844689
467844689
467844689
467844689
467844689
467844689
467844689
467844689
467844689
467844689
467844689
467844689
467844689
467844689
467844689
467844689
467844689
467844689
467844689
467844689
467844689
467844689
733922348
733922348
733922348
733922348
733922348
733922348
733922348
733922348
733922348
733922348
733922348
733922348
733922348
733922348
733922348
733922348
733922348
733922348
733922348
733922348
733922348
733922348
733922348
733922348
733922348
733922348
733922348
733922348
733922348
733922348
733922348
733922348
733922348
733922348
733922348
733922348
733922348
733922348
733922348
733922348
733922348
733922348
733922348
733922348
733922348
733922348
733922348
733922348
733922348
733922348
733922348
733922348
733922348
733922348
733922348
733922348
733922348
733922348
733922348
733922348
733922348
733922348
733922348
733922348
733922348
733922348
733922348
733922348
733922348
733922348
733922348
733922348
733922348
733922348
733922348
733922348
733922348
733922348
366961174
366961174
366961174
366961174
366961174
183480587
183480587
183480587
183480587
183480587
183480587
183480587
183480587
183480587
183480587
183480587
183480587
183480587
183480587
183480587
183480587
183480587
183480587
183480587
183480587
183480587
183480587
183480587
183480587
183480587
183480587
183480587
591740297
591740297
591740297
591740297
591740297
591740297
591740297
591740297
591740297
591740297
591740297
591740297
591740297
591740297
591740297
591740297
591740297
591740297
591740297
591740297
591740297
591740297
591740297
591740297
591740297
591740297
591740297
591740297
591740297
591740297
591740297
591740297
591740297
795870152
795870152
795870152
795870152
795870152
795870152
795870152
795870152
795870152
795870152
795870152
795870152
795870152
795870152
795870152
795870152
795870152
795870152
795870152
795870152
795870152
397935076
397935076
397935076
397935076
397935076
397935076
397935076
397935076
397935076
397935076
397935076
397935076
397935076
397935076
397935076
397935076
397935076
397935076
397935076
397935076
397935076
397935076
397935076
397935076
397935076
397935076
397935076
397935076
198967538
198967538
198967538
198967538
198967538
99483769
99483769
99483769
99483769
99483769
99483769
99483769
99483769
99483769
99483769
549741888
549741888
274870944
274870944
274870944
274870944
274870944
274870944
274870944
274870944
274870944
274870944
274870944
274870944
274870944
274870944
274870944
274870944
137435472
137435472
137435472
137435472
137435472
137435472
137435472
137435472
137435472
137435472
137435472
137435472
137435472
137435472
137435472
137435472
137435472
137435472
137435472
137435472
137435472
137435472
137435472
137435472
137435472
68717736
68717736
68717736
68717736
68717736
68717736
68717736
68717736
68717736
68717736
68717736
68717736
68717736
68717736
68717736
68717736
68717736
68717736
68717736
68717736
68717736
68717736
34358868
34358868
34358868
34358868
34358868
34358868
34358868
34358868
34358868
34358868
34358868
34358868
34358868
34358868
34358868
34358868
34358868
34358868
34358868
34358868
34358868
34358868
34358868
34358868
34358868
34358868
34358868
34358868
34358868
34358868
34358868
34358868
34358868
34358868
34358868
34358868
34358868
34358868
34358868
34358868
34358868
34358868
34358868
34358868
34358868
34358868
34358868
34358868
34358868
34358868
34358868
34358868
34358868
34358868
34358868
34358868
34358868
34358868
34358868
34358868
34358868
34358868
34358868
34358868
34358868
34358868
34358868
34358868
34358868
34358868
34358868
34358868
34358868
34358868
34358868
34358868
34358868
34358868
34358868
34358868
34358868
34358868
34358868
34358868
34358868
34358868
34358868
34358868
34358868
34358868
34358868
34358868
34358868
34358868
34358868
34358868
34358868
34358868
34358868
34358868
34358868
34358868
34358868
34358868
17179434
17179434
17179434
17179434
8589717
8589717
8589717
8589717
8589717
8589717
8589717
8589717
8589717
8589717
8589717
8589717
8589717
8589717
8589717
8589717
8589717
8589717
8589717
8589717
504294862
504294862
504294862
504294862
504294862
504294862
504294862
504294862
252147431
252147431
252147431
252147431
252147431
252147431
252147431
252147431
252147431
626073719
626073719
626073719
813036863
813036863
813036863
813036863
813036863
813036863
813036863
813036863
813036863
813036863
813036863
813036863
906518435
906518435
906518435
906518435
906518435
906518435
906518435
906518435
906518435
906518435
906518435
906518435
906518435
906518435
906518435
906518435
906518435
906518435
906518435
906518435
953259221
953259221
953259221
953259221
953259221
953259221
953259221
953259221
953259221
953259221
953259221
953259221
953259221
953259221
953259221
953259221
953259221
953259221
953259221
976629614
976629614
976629614
976629614
976629614
976629614
976629614
976629614
976629614
976629614
976629614
976629614
976629614
976629614
976629614
976629614
976629614
976629614
976629614
976629614
976629614
976629614
976629614
976629614
976629614
976629614
976629614
976629614
976629614
976629614
488314807
488314807
488314807
488314807
488314807
488314807
488314807
488314807
488314807
488314807
488314807
488314807
488314807
488314807
488314807
488314807
488314807
488314807
488314807
488314807
488314807
488314807
488314807
488314807
488314807
488314807
744157407
744157407
744157407
744157407
744157407
744157407
744157407
744157407
744157407
744157407
744157407
872078707
872078707
872078707
872078707
872078707
872078707
872078707
872078707
872078707
872078707
872078707
872078707
872078707
872078707
872078707
872078707
872078707
872078707
872078707
872078707
872078707
872078707
872078707
872078707
936039357
936039357
936039357
936039357
936039357
936039357
936039357
936039357
936039357
936039357
936039357
936039357
936039357
936039357
936039357
936039357
936039357
936039357
936039357
936039357
936039357
936039357
936039357
936039357
936039357
936039357
936039357
936039357
936039357
936039357
936039357
936039357
936039357
936039357
968019682
968019682
968019682
968019682
968019682
968019682
968019682
968019682
968019682
968019682
968019682
968019682
968019682
968019682
968019682
968019682
968019682
968019682
968019682
968019682
968019682
968019682
968019682
968019682
968019682
968019682
968019682
968019682
968019682
968019682
968019682
968019682
968019682
968019682
968019682
968019682
968019682
968019682
968019682
968019682
968019682
968019682
968019682
968019682
968019682
968019682
968019682
968019682
968019682
968019682
968019682
968019682
968019682
968019682
968019682
968019682
968019682
968019682
968019682
968019682
968019682
968019682
968019682
968019682
968019682
968019682
968019682
968019682
968019682
968019682
968019682
968019682
968019682
968019682
968019682
968019682
968019682
968019682
968019682
968019682
968019682
968019682
968019682
484009841
484009841
484009841
484009841
484009841
484009841
484009841
484009841
742004924
742004924
742004924
742004924
742004924
742004924
742004924
742004924
742004924
742004924
742004924
742004924
742004924
742004924
371002462
371002462
185501231
185501231
185501231
185501231
185501231
185501231
185501231
185501231
185501231
185501231
185501231
185501231
185501231
185501231
185501231
185501231
185501231
185501231
185501231
185501231
185501231
185501231
185501231
185501231
185501231
185501231
185501231
185501231
185501231
185501231
185501231
185501231
185501231
185501231
185501231
185501231
185501231
185501231
185501231
185501231
185501231
185501231
185501231
185501231
185501231
185501231
185501231
185501231
185501231
185501231
185501231
185501231
185501231
185501231
185501231
185501231
185501231
185501231
185501231
185501231
185501231
185501231
185501231
185501231
185501231
185501231
185501231
185501231
185501231
185501231
185501231
185501231
185501231
185501231
185501231
185501231
185501231
185501231
185501231
185501231
592750619
592750619
592750619
592750619
592750619
592750619
592750619
592750619
592750619
592750619
592750619
592750619
592750619
592750619
592750619
592750619
592750619
592750619
592750619
592750619
592750619
592750619
592750619
592750619
592750619
592750619
592750619
592750619
592750619
592750619
592750619
592750619
592750619
592750619
592750619
592750619
592750619
592750619
592750619
592750619
592750619
592750619
592750619
796375313
796375313
796375313
796375313
796375313
796375313
796375313
796375313
796375313
796375313
796375313
796375313
796375313
796375313
898187660
898187660
898187660
898187660
898187660
898187660
898187660
898187660
898187660
898187660
898187660
898187660
898187660
898187660
898187660
898187660
898187660
898187660
898187660
898187660
898187660
898187660
898187660
898187660
898187660
898187660
898187660
898187660
898187660
898187660
898187660
898187660
898187660
898187660
898187660
898187660
898187660
898187660
449093830
449093830
449093830
449093830
449093830
449093830
449093830
449093830
449093830
449093830
449093830
449093830
449093830
449093830
449093830
449093830
449093830
449093830
449093830
449093830
449093830
449093830
224546915
224546915
224546915
224546915
224546915
224546915
224546915
224546915
224546915
224546915
224546915
224546915
224546915
224546915
224546915
224546915
224546915
224546915
224546915
224546915
224546915
224546915
224546915
224546915
224546915
224546915
224546915
224546915
224546915
224546915
224546915
224546915
224546915
224546915
224546915
224546915
224546915
224546915
224546915
224546915
224546915
224546915
224546915
224546915
224546915
224546915
224546915
224546915
224546915
224546915
224546915
224546915
224546915
224546915
224546915
224546915
224546915
224546915
224546915
224546915
224546915
224546915
224546915
224546915
224546915
224546915
224546915
224546915
224546915
224546915
224546915
224546915
224546915
224546915
224546915
224546915
224546915
224546915
224546915
224546915
224546915
224546915
224546915
224546915
224546915
224546915
224546915
224546915
224546915
224546915
224546915
224546915
224546915
224546915
224546915
224546915
224546915
224546915
224546915
224546915
224546915
224546915
224546915
224546915
224546915
224546915
224546915
224546915
224546915
224546915
224546915
224546915
224546915
224546915
224546915
224546915
224546915
224546915
224546915
224546915
224546915
224546915
224546915
224546915
224546915
224546915
224546915
224546915
224546915
224546915
224546915
224546915
224546915
224546915
224546915
224546915
224546915
224546915
224546915
224546915
224546915
224546915
224546915
224546915
224546915
224546915
224546915
224546915
224546915
224546915
224546915
224546915
224546915
224546915
224546915
224546915
224546915
224546915
224546915
224546915
224546915
224546915
224546915
224546915
224546915
224546915
224546915
224546915
224546915
224546915
224546915
224546915
224546915
224546915
224546915
224546915
224546915
612273461
612273461
612273461
612273461
612273461
612273461
612273461
612273461
612273461
612273461
612273461
612273461
612273461
612273461
612273461
612273461
612273461
612273461
806136734
806136734
806136734
806136734
806136734
806136734
806136734
806136734
806136734
806136734
806136734
806136734
806136734
806136734
806136734
806136734
403068367
403068367
403068367
403068367
403068367
403068367
403068367
701534187
701534187
701534187
701534187
701534187
701534187
701534187
701534187
701534187
701534187
701534187
701534187
701534187
701534187
701534187
701534187
701534187
701534187
701534187
701534187
701534187
701534187
701534187
701534187
701534187
701534187
701534187
701534187
701534187
701534187
701534187
701534187
701534187
701534187
701534187
701534187
701534187
701534187
701534187
701534187
701534187
701534187
701534187
701534187
701534187
701534187
701534187
701534187
701534187
701534187
701534187
701534187
701534187
701534187
701534187
701534187
701534187
701534187
701534187
701534187
701534187
701534187
850767097
850767097
925383552
925383552
925383552
925383552
925383552
925383552
925383552
925383552
925383552
925383552
925383552
925383552
925383552
925383552
925383552
925383552
925383552
925383552
925383552
925383552
925383552
925383552
925383552
925383552
925383552
925383552
925383552
925383552
925383552
925383552
925383552
925383552
925383552
925383552
925383552
925383552
925383552
925383552
925383552
925383552
925383552
925383552
925383552
925383552
925383552
925383552
925383552
925383552
925383552
925383552
925383552
925383552
925383552
925383552
925383552
925383552
925383552
925383552
925383552
925383552
925383552
925383552
925383552
925383552
925383552
925383552
925383552
925383552
925383552
925383552
925383552
925383552
925383552
925383552
925383552
925383552
925383552
925383552
925383552
925383552
925383552
925383552
925383552
925383552
925383552
925383552
925383552
925383552
925383552
925383552
925383552
925383552
925383552
462691776
462691776
462691776
462691776
462691776
462691776
462691776
462691776
462691776
231345888
231345888
231345888
231345888
231345888
231345888
231345888
115672944
115672944
115672944
57836472
57836472
57836472
57836472
57836472
28918236
28918236
28918236
28918236
28918236
28918236
28918236
28918236
14459118
14459118
14459118
7229559
7229559
7229559
7229559
7229559
7229559
7229559
7229559
7229559
7229559
7229559
7229559
7229559
7229559
7229559
7229559
7229559
7229559
7229559
7229559
7229559
7229559
7229559
7229559
7229559
7229559
503614783
503614783
503614783
503614783
503614783
503614783
751807395
751807395
751807395
751807395
751807395
751807395
751807395
751807395
751807395
751807395
751807395
751807395
751807395
751807395
751807395
751807395
751807395
751807395
751807395
751807395
751807395
751807395
751807395
751807395
751807395
751807395
751807395
751807395
751807395
751807395
751807395
751807395
751807395
751807395
751807395
751807395
751807395
751807395
751807395
751807395
751807395
751807395
751807395
751807395
751807395
751807395
751807395
751807395
751807395
751807395
751807395
751807395
751807395
751807395
751807395
751807395
751807395
751807395
751807395
751807395
751807395
751807395
751807395
751807395
751807395
751807395
751807395
751807395
751807395
751807395
751807395
751807395
751807395
751807395
751807395
751807395
751807395
751807395
751807395
751807395
751807395
751807395
751807395
751807395
751807395
751807395
751807395
751807395
751807395
751807395
751807395
751807395
751807395
751807395
751807395
751807395
751807395
751807395
751807395
751807395
751807395
751807395
751807395
751807395
751807395
751807395
875903701
875903701
875903701
937951854
937951854
937951854
937951854
937951854
937951854
468975927
468975927
468975927
468975927
468975927
468975927
468975927
468975927
468975927
468975927
468975927
468975927
468975927
468975927
468975927
468975927
468975927
468975927
468975927
468975927
468975927
468975927
468975927
468975927
468975927
468975927
468975927
468975927
468975927
468975927
468975927
468975927
468975927
468975927
468975927
468975927
468975927
468975927
468975927
468975927
468975927
468975927
468975927
468975927
468975927
468975927
468975927
468975927
468975927
468975927
468975927
468975927
468975927
468975927
468975927
468975927
468975927
468975927
468975927
468975927
468975927
468975927
468975927
468975927
468975927
468975927
468975927
468975927
468975927
468975927
468975927
468975927
468975927
468975927
468975927
468975927
468975927
468975927
468975927
468975927
468975927
468975927
468975927
734487967
734487967
734487967
734487967
734487967
734487967
734487967
734487967
734487967
734487967
734487967
734487967
734487967
734487967
734487967
734487967
734487967
734487967
734487967
734487967
734487967
734487967
734487967
734487967
734487967
734487967
734487967
734487967
734487967
867243987
867243987
867243987
867243987
867243987
867243987
867243987
933621997
933621997
933621997
933621997
933621997
933621997
933621997
933621997
933621997
933621997
933621997
933621997
933621997
933621997
933621997
933621997
933621997
933621997
933621997
933621997
933621997
933621997
933621997
933621997
966811002
966811002
966811002
966811002
966811002
966811002
966811002
966811002
966811002
966811002
966811002
966811002
966811002
966811002
966811002
966811002
966811002
966811002
966811002
966811002
966811002
966811002
966811002
966811002
966811002
966811002
966811002
966811002
966811002
966811002
966811002
483405501
483405501
741702754
741702754
741702754
741702754
741702754
741702754
741702754
741702754
741702754
741702754
741702754
741702754
741702754
741702754
741702754
741702754
741702754
741702754
741702754
741702754
741702754
741702754
741702754
741702754
741702754
741702754
370851377
370851377
370851377
370851377
370851377
370851377
370851377
370851377
370851377
370851377
370851377
685425692
685425692
685425692
685425692
685425692
685425692
685425692
685425692
685425692
685425692
685425692
685425692
685425692
685425692
685425692
342712846
342712846
342712846
171356423
585678215
585678215
585678215
585678215
585678215
585678215
585678215
585678215
585678215
585678215
585678215
585678215
585678215
792839111
792839111
792839111
792839111
792839111
792839111
792839111
792839111
792839111
792839111
792839111
792839111
792839111
792839111
792839111
792839111
792839111
792839111
792839111
792839111
792839111
792839111
792839111
792839111
792839111
792839111
792839111
792839111
792839111
792839111
792839111
792839111
792839111
792839111
792839111
792839111
792839111
792839111
792839111
792839111
792839111
792839111
792839111
792839111
792839111
792839111
792839111
792839111
792839111
792839111
792839111
792839111
792839111
792839111
792839111
792839111
792839111
792839111
792839111
792839111
792839111
792839111
792839111
792839111
792839111
792839111
792839111
792839111
792839111
792839111
792839111
792839111
792839111
792839111
792839111
792839111
792839111
792839111
792839111
792839111
792839111
792839111
792839111
792839111
792839111
792839111
792839111
792839111
792839111
792839111
792839111
792839111
792839111
792839111
792839111
792839111
896419559
896419559
896419559
896419559
896419559
896419559
896419559
896419559
896419559
896419559
896419559
896419559
896419559
896419559
896419559
896419559
948209783
948209783
948209783
948209783
948209783
948209783
948209783
948209783
948209783
948209783
948209783
948209783
948209783
948209783
948209783
948209783
948209783
948209783
948209783
948209783
948209783
948209783
948209783
948209783
948209783
948209783
948209783
948209783
948209783
948209783
948209783
948209783
948209783
948209783
948209783
948209783
948209783
948209783
948209783
948209783
948209783
948209783
948209783
948209783
948209783
948209783
948209783
948209783
948209783
948209783
948209783
948209783
948209783
948209783
948209783
948209783
948209783
948209783
948209783
948209783
948209783
948209783
948209783
948209783
948209783
948209783
948209783
948209783
948209783
948209783
948209783
948209783
948209783
948209783
948209783
948209783
948209783
948209783
948209783
948209783
948209783
948209783
948209783
948209783
948209783
948209783
948209783
948209783
948209783
974104895
974104895
974104895
974104895
974104895
974104895
974104895
974104895
974104895
974104895
974104895
974104895
974104895
974104895
974104895
974104895
974104895
974104895
974104895
974104895
974104895
974104895
974104895
974104895
974104895
974104895
974104895
974104895
974104895
974104895
974104895
974104895
974104895
974104895
974104895
974104895
974104895
974104895
974104895
974104895
974104895
974104895
974104895
974104895
974104895
974104895
974104895
974104895
974104895
974104895
974104895
974104895
974104895
974104895
974104895
974104895
974104895
974104895
974104895
974104895
974104895
974104895
974104895
974104895
974104895
987052451
987052451
987052451
987052451
987052451
993526229
993526229
993526229
993526229
993526229
993526229
993526229
993526229
993526229
993526229
993526229
993526229
996763118
498381559
498381559
498381559
498381559
498381559
498381559
498381559
498381559
498381559
498381559
498381559
498381559
498381559
498381559
498381559
498381559
498381559
498381559
498381559
498381559
498381559
498381559
498381559
498381559
749190783
749190783
749190783
749190783
749190783
749190783
749190783
749190783
749190783
749190783
749190783
749190783
749190783
749190783
749190783
749190783
749190783
874595395
874595395
874595395
874595395
874595395
874595395
874595395
874595395
874595395
874595395
874595395
874595395
874595395
874595395
874595395
874595395
874595395
874595395
874595395
874595395
874595395
874595395
874595395
874595395
874595395
874595395
874595395
874595395
874595395
874595395
874595395
874595395
874595395
874595395
874595395
874595395
937297701
937297701
937297701
937297701
968648854
968648854
968648854
968648854
968648854
968648854
968648854
968648854
968648854
968648854
968648854
968648854
968648854
968648854
968648854
968648854
968648854
968648854
968648854
968648854
968648854
968648854
968648854
968648854
968648854
968648854
968648854
968648854
968648854
968648854
968648854
968648854
968648854
968648854
968648854
968648854
968648854
968648854
968648854
968648854
968648854
968648854
968648854
968648854
968648854
968648854
968648854
968648854
968648854
968648854
968648854
968648854
968648854
968648854
484324427
742162217
871081112
871081112
871081112
871081112
871081112
871081112
871081112
871081112
871081112
871081112
871081112
871081112
871081112
871081112
871081112
871081112
871081112
871081112
871081112
871081112
871081112
871081112
871081112
871081112
871081112
871081112
871081112
871081112
871081112
871081112
871081112
871081112
871081112
871081112
871081112
871081112
871081112
871081112
871081112
871081112
871081112
871081112
871081112
871081112
871081112
871081112
871081112
871081112
871081112
871081112
871081112
871081112
871081112
871081112
871081112
871081112
871081112
871081112
871081112
871081112
871081112
871081112
871081112
871081112
871081112
871081112
871081112
871081112
871081112
871081112
871081112
871081112
871081112
871081112
871081112
871081112
871081112
871081112
871081112
871081112
871081112
871081112
871081112
871081112
871081112
871081112
871081112
871081112
871081112
871081112
871081112
871081112
871081112
871081112
871081112
871081112
871081112
871081112
871081112
871081112
871081112
871081112
871081112
871081112
871081112
871081112
871081112
871081112
871081112
871081112
871081112
871081112
871081112
871081112
871081112
871081112
871081112
871081112
871081112
871081112
871081112
435540556
435540556
435540556
435540556
435540556
435540556
435540556
435540556
435540556
435540556
435540556
435540556
435540556
435540556
435540556
435540556
435540556
435540556
435540556
435540556
435540556
435540556
435540556
435540556
435540556
435540556
435540556
435540556
435540556
435540556
435540556
435540556
435540556
435540556
435540556
435540556
435540556
435540556
435540556
435540556
217770278
217770278
217770278
217770278
217770278
217770278
217770278
217770278
217770278
217770278
217770278
217770278
217770278
217770278
217770278
217770278
217770278
217770278
108885139
108885139
108885139
108885139
108885139
108885139
108885139
108885139
108885139
108885139
108885139
108885139
108885139
108885139
108885139
108885139
108885139
108885139
108885139
108885139
108885139
108885139
108885139
108885139
108885139
108885139
108885139
108885139
108885139
108885139
108885139
554442573
554442573
554442573
554442573
554442573
554442573
554442573
554442573
554442573
554442573
554442573
554442573
554442573
777221290
777221290
777221290
777221290
777221290
777221290
777221290
777221290
777221290
777221290
388610645
388610645
388610645
388610645
388610645
388610645
388610645
388610645
388610645
388610645
388610645
388610645
388610645
388610645
388610645
388610645
388610645
388610645
388610645
388610645
388610645
388610645
388610645
388610645
388610645
388610645
388610645
694305326
694305326
694305326
694305326
694305326
694305326
694305326
694305326
694305326
694305326
694305326
694305326
694305326
694305326
694305326
694305326
694305326
694305326
694305326
694305326
694305326
694305326
694305326
694305326
694305326
694305326
694305326
694305326
694305326
694305326
694305326
694305326
694305326
694305326
694305326
694305326
694305326
694305326
694305326
694305326
694305326
694305326
694305326
694305326
694305326
694305326
694305326
694305326
694305326
694305326
694305326
694305326
694305326
694305326
694305326
694305326
694305326
694305326
694305326
694305326
694305326
694305326
694305326
694305326
694305326
694305326
694305326
347152663
347152663
347152663
347152663
347152663
347152663
347152663
347152663
347152663
347152663
347152663
347152663
347152663
347152663
347152663
347152663
347152663
347152663
347152663
347152663
347152663
347152663
347152663
347152663
347152663
347152663
347152663
347152663
347152663
347152663
347152663
347152663
347152663
347152663
347152663
347152663
347152663
347152663
347152663
347152663
347152663
347152663
347152663
347152663
347152663
347152663
347152663
347152663
347152663
347152663
347152663
347152663
347152663
347152663
347152663
347152663
347152663
347152663
347152663
347152663
347152663
347152663
347152663
347152663
347152663
347152663
347152663
347152663
347152663
347152663
347152663
347152663
347152663
347152663
347152663
347152663
347152663
347152663
347152663
347152663
347152663
347152663
347152663
347152663
347152663
347152663
347152663
347152663
347152663
347152663
347152663
347152663
347152663
347152663
347152663
347152663
347152663
347152663
347152663
347152663
347152663
347152663
347152663
347152663
347152663
347152663
347152663
347152663
347152663
347152663
347152663
347152663
347152663
347152663
347152663
347152663
347152663
347152663
347152663
347152663
347152663
347152663
347152663
347152663
347152663
347152663
347152663
347152663
673576335
673576335
673576335
673576335
673576335
673576335
673576335
673576335
673576335
673576335
673576335
673576335
673576335
673576335
673576335
673576335
673576335
673576335
673576335
673576335
673576335
673576335
673576335
673576335
673576335
673576335
673576335
673576335
673576335
673576335
673576335
673576335
673576335
673576335
673576335
673576335
673576335
673576335
673576335
673576335
673576335
673576335
673576335
673576335
673576335
673576335
673576335
673576335
673576335
673576335
673576335
673576335
673576335
673576335
673576335
673576335
673576335
673576335
673576335
836788171
836788171
836788171
836788171
836788171
836788171
836788171
836788171
918394089
918394089
918394089
918394089
918394089
918394089
918394089
918394089
918394089
918394089
918394089
918394089
918394089
918394089
918394089
918394089
918394089
918394089
918394089
918394089
918394089
918394089
918394089
918394089
918394089
918394089
918394089
918394089
918394089
918394089
918394089
918394089
918394089
918394089
918394089
918394089
918394089
918394089
918394089
918394089
918394089
918394089
918394089
918394089
918394089
918394089
918394089
918394089
918394089
918394089
918394089
918394089
918394089
918394089
918394089
918394089
918394089
918394089
918394089
918394089
918394089
918394089
918394089
918394089
918394089
918394089
918394089
918394089
918394089
918394089
918394089
918394089
918394089
918394089
918394089
918394089
918394089
918394089
918394089
918394089
918394089
918394089
918394089
918394089
918394089
918394089
918394089
918394089
918394089
918394089
918394089
918394089
918394089
918394089
918394089
918394089
918394089
918394089
918394089
918394089
918394089
918394089
918394089
918394089
918394089
918394089
918394089
918394089
918394089
918394089
918394089
918394089
918394089
918394089
918394089
918394089
918394089
918394089
918394089
918394089
918394089
918394089
918394089
918394089
918394089
918394089
918394089
918394089
918394089
918394089
918394089
918394089
918394089
918394089
918394089
918394089
918394089
918394089
918394089
918394089
918394089
918394089
918394089
918394089
918394089
959197048
959197048
959197048
959197048
959197048
959197048
959197048
959197048
959197048
959197048
959197048
959197048
959197048
959197048
959197048
959197048
959197048
479598524
479598524
479598524
479598524
479598524
479598524
479598524
479598524
479598524
479598524
479598524
479598524
479598524
479598524
479598524
479598524
479598524
479598524
479598524
479598524
479598524
479598524
479598524
479598524
479598524
479598524
479598524
479598524
479598524
479598524
239799262
239799262
239799262
239799262
239799262
239799262
239799262
119899631
119899631
119899631
119899631
119899631
119899631
119899631
119899631
119899631
119899631
119899631
119899631
119899631
119899631
119899631
119899631
119899631
119899631
119899631
119899631
119899631
119899631
119899631
119899631
119899631
119899631
119899631
119899631
119899631
119899631
119899631
119899631
119899631
119899631
119899631
119899631
119899631
119899631
119899631
119899631
119899631
119899631
119899631
119899631
119899631
119899631
119899631
119899631
119899631
119899631
119899631
119899631
119899631
119899631
119899631
119899631
119899631
119899631
119899631
119899631
119899631
119899631
119899631
119899631
119899631
119899631
119899631
119899631
119899631
119899631
119899631
119899631
119899631
119899631
119899631
119899631
119899631
119899631
119899631
119899631
119899631
119899631
119899631
119899631
119899631
119899631
119899631
119899631
119899631
119899631
119899631
119899631
119899631
119899631
119899631
119899631
119899631
119899631
119899631
119899631
119899631
119899631
119899631
119899631
119899631
119899631
119899631
119899631
119899631
119899631
119899631
119899631
119899631
119899631
119899631
119899631
119899631
119899631
119899631
119899631
119899631
119899631
119899631
119899631
119899631
119899631
119899631
119899631
119899631
119899631
119899631
119899631
119899631
119899631
119899631
119899631
119899631
119899631
119899631
119899631
119899631
119899631
119899631
119899631
119899631
119899631
119899631
119899631
119899631
119899631
119899631
119899631
119899631
119899631
119899631
119899631
119899631
119899631
119899631
119899631
119899631
119899631
119899631
119899631
119899631
119899631
119899631
119899631
119899631
119899631
119899631
119899631
119899631
119899631
119899631
119899631
119899631
119899631
119899631
119899631
119899631
119899631
119899631
119899631
119899631
119899631
119899631
119899631
119899631
119899631
119899631
119899631
119899631
119899631
119899631
119899631
119899631
119899631
119899631
119899631
119899631
119899631
119899631
119899631
119899631
119899631
119899631
119899631
119899631
119899631
119899631
119899631
119899631
119899631
119899631
119899631
119899631
119899631
119899631
119899631
119899631
119899631
119899631
119899631
119899631
119899631
119899631
119899631
119899631
119899631
119899631
119899631
119899631
119899631
119899631
119899631
119899631
119899631
119899631
119899631
559949819
559949819
559949819
559949819
559949819
559949819
559949819
559949819
559949819
779974913
779974913
779974913
779974913
889987460
889987460
889987460
889987460
889987460
889987460
889987460
889987460
889987460
889987460
889987460
889987460
889987460
889987460
889987460
889987460
889987460
889987460
889987460
889987460
889987460
889987460
889987460
889987460
889987460
889987460
889987460
889987460
889987460
889987460
889987460
889987460
889987460
889987460
889987460
889987460
889987460
889987460
889987460
889987460
889987460
889987460
889987460
889987460
889987460
889987460
889987460
889987460
889987460
889987460
889987460
444993730
444993730
444993730
444993730
444993730
444993730
444993730
444993730
444993730
444993730
444993730
444993730
222496865
222496865
222496865
222496865
611248436
611248436
305624218
305624218
305624218
305624218
305624218
305624218
305624218
152812109
152812109
152812109
152812109
152812109
152812109
152812109
152812109
152812109
152812109
152812109
152812109
152812109
152812109
152812109
152812109
152812109
152812109
152812109
152812109
152812109
576406058
576406058
576406058
288203029
288203029
288203029
288203029
288203029
288203029
288203029
288203029
288203029
288203029
288203029
288203029
288203029
644101518
644101518
644101518
644101518
644101518
644101518
644101518
644101518
644101518
644101518
644101518
644101518
644101518
644101518
644101518
644101518
644101518
644101518
644101518
644101518
644101518
644101518
644101518
644101518
644101518
644101518
644101518
644101518
644101518
644101518
644101518
644101518
644101518
644101518
644101518
644101518
644101518
644101518
644101518
644101518
644101518
644101518
644101518
644101518
644101518
644101518
644101518
644101518
644101518
644101518
644101518
644101518
644101518
644101518
644101518
644101518
644101518
644101518
644101518
322050759
322050759
322050759
322050759
322050759
661025383
661025383
661025383
661025383
661025383
661025383
661025383
661025383
661025383
661025383
661025383
661025383
661025383
661025383
661025383
661025383
661025383
661025383
661025383
661025383
661025383
661025383
661025383
661025383
661025383
661025383
661025383
661025383
661025383
661025383
661025383
661025383
661025383
661025383
661025383
661025383
661025383
661025383
661025383
661025383
661025383
661025383
661025383
661025383
661025383
661025383
661025383
661025383
661025383
661025383
661025383
661025383
661025383
661025383
661025383
661025383
661025383
661025383
661025383
661025383
661025383
661025383
661025383
661025383
661025383
661025383
661025383
661025383
661025383
661025383
661025383
661025383
661025383
661025383
661025383
661025383
661025383
661025383
661025383
661025383
661025383
661025383
661025383
661025383
661025383
661025383
661025383
661025383
661025383
661025383
661025383
830512695
830512695
830512695
830512695
830512695
830512695
830512695
830512695
830512695
915256351
915256351
915256351
915256351
915256351
915256351
915256351
915256351
915256351
915256351
915256351
915256351
915256351
915256351
915256351
915256351
915256351
915256351
915256351
915256351
915256351
915256351
915256351
915256351
915256351
915256351
915256351
915256351
915256351
915256351
915256351
915256351
915256351
915256351
915256351
915256351
915256351
915256351
915256351
915256351
915256351
915256351
915256351
915256351
915256351
915256351
915256351
915256351
915256351
915256351
915256351
915256351
915256351
915256351
915256351
915256351
915256351
915256351
915256351
915256351
915256351
915256351
915256351
915256351
915256351
915256351
915256351
915256351
915256351
915256351
915256351
915256351
915256351
915256351
915256351
915256351
915256351
915256351
915256351
915256351
915256351
915256351
915256351
915256351
915256351
915256351
915256351
915256351
915256351
915256351
957628179
957628179
957628179
957628179
957628179
957628179
978814093
978814093
978814093
978814093
978814093
978814093
978814093
978814093
978814093
978814093
978814093
989407050
989407050
989407050
989407050
989407050
989407050
989407050
989407050
989407050
989407050
989407050
989407050
989407050
989407050
989407050
989407050
989407050
989407050
989407050
989407050
989407050
989407050
989407050
989407050
494703525
494703525
494703525
494703525
494703525
494703525
494703525
494703525
494703525
494703525
494703525
494703525
494703525
494703525
494703525
494703525
494703525
494703525
494703525
494703525
494703525
494703525
494703525
494703525
494703525
494703525
494703525
494703525
494703525
494703525
494703525
494703525
494703525
494703525
494703525
494703525
494703525
494703525
494703525
494703525
494703525
494703525
494703525
494703525
494703525
494703525
494703525
494703525
747351766
747351766
747351766
747351766
747351766
747351766
747351766
747351766
747351766
747351766
747351766
747351766
747351766
747351766
747351766
747351766
747351766
747351766
747351766
747351766
747351766
747351766
747351766
747351766
747351766
747351766
747351766
747351766
747351766
747351766
747351766
747351766
747351766
373675883
373675883
373675883
373675883
373675883
373675883
373675883
373675883
373675883
373675883
373675883
373675883
373675883
686837945
686837945
686837945
843418976
843418976
843418976
843418976
843418976
843418976
843418976
843418976
843418976
843418976
843418976
843418976
843418976
843418976
843418976
843418976
843418976
843418976
421709488
421709488
421709488
421709488
421709488
421709488
421709488
421709488
421709488
421709488
421709488
421709488
421709488
421709488
421709488
421709488
421709488
421709488
421709488
421709488
421709488
421709488
421709488
421709488
421709488
421709488
421709488
421709488
421709488
421709488
421709488
421709488
421709488
421709488
421709488
421709488
421709488
421709488
421709488
421709488
421709488
421709488
421709488
421709488
421709488
421709488
421709488
421709488
421709488
421709488
421709488
421709488
421709488
421709488
421709488
421709488
421709488
421709488
421709488
421709488
421709488
421709488
421709488
421709488
421709488
421709488
421709488
421709488
421709488
421709488
421709488
421709488
421709488
421709488
421709488
421709488
421709488
421709488
421709488
421709488
421709488
421709488
421709488
421709488
421709488
421709488
421709488
421709488
421709488
421709488
421709488
421709488
421709488
421709488
421709488
421709488
421709488
421709488
421709488
421709488
421709488
421709488
421709488
421709488
421709488
421709488
421709488
421709488
421709488
421709488
421709488
421709488
421709488
421709488
421709488
421709488
421709488
421709488
421709488
421709488
421709488
421709488
421709488
421709488
421709488
421709488
421709488
421709488
421709488
421709488
421709488
421709488
421709488
421709488
421709488
421709488
421709488
421709488
421709488
421709488
421709488
421709488
421709488
421709488
421709488
421709488
421709488
421709488
421709488
421709488
421709488
421709488
421709488
210854744
210854744
210854744
210854744
210854744
210854744
210854744
210854744
105427372
105427372
105427372
105427372
105427372
105427372
105427372
105427372
105427372
105427372
105427372
105427372
105427372
105427372
105427372
105427372
105427372
105427372
105427372
105427372
105427372
105427372
105427372
105427372
105427372
105427372
105427372
105427372
105427372
105427372
105427372
105427372
105427372
105427372
105427372
105427372
105427372
105427372
105427372
105427372
105427372
105427372
105427372
105427372
105427372
105427372
105427372
105427372
105427372
105427372
105427372
105427372
105427372
105427372
105427372
105427372
105427372
105427372
105427372
105427372
105427372
105427372
105427372
105427372
105427372
105427372
105427372
105427372
52713686
52713686
52713686
52713686
52713686
52713686
52713686
52713686
52713686
52713686
52713686
52713686
52713686
52713686
52713686
52713686
52713686
52713686
52713686
52713686
52713686
52713686
52713686
26356843
26356843
26356843
26356843
26356843
26356843
26356843
26356843
26356843
26356843
26356843
26356843
26356843
26356843
26356843
26356843
26356843
26356843
26356843
26356843
26356843
26356843
26356843
26356843
513178425
513178425
513178425
513178425
513178425
513178425
513178425
513178425
513178425
756589216
756589216
756589216
756589216
756589216
756589216
756589216
756589216
756589216
756589216
756589216
756589216
756589216
756589216
756589216
756589216
756589216
756589216
756589216
756589216
756589216
756589216
756589216
756589216
756589216
756589216
756589216
756589216
756589216
756589216
756589216
756589216
756589216
756589216
756589216
756589216
756589216
756589216
756589216
756589216
756589216
756589216
756589216
378294608
378294608
378294608
378294608
378294608
189147304
189147304
189147304
189147304
189147304
189147304
189147304
189147304
189147304
94573652
94573652
94573652
94573652
94573652
94573652
94573652
94573652
94573652
94573652
94573652
94573652
94573652
94573652
94573652
94573652
94573652
94573652
94573652
94573652
94573652
94573652
94573652
94573652
94573652
94573652
94573652
94573652
94573652
94573652
94573652
94573652
94573652
94573652
94573652
94573652
94573652
94573652
94573652
94573652
94573652
94573652
94573652
94573652
94573652
94573652
94573652
94573652
94573652
94573652
94573652
47286826
47286826
47286826
47286826
47286826
47286826
47286826
23643413
23643413
23643413
23643413
23643413
23643413
23643413
23643413
23643413
23643413
23643413
23643413
23643413
23643413
23643413
23643413
23643413
23643413
23643413
23643413
23643413
23643413
23643413
23643413
23643413
23643413
23643413
23643413
23643413
23643413
23643413
23643413
23643413
23643413
23643413
23643413
23643413
23643413
23643413
23643413
23643413
23643413
23643413
23643413
23643413
23643413
23643413
23643413
23643413
23643413
511821710
511821710
511821710
511821710
511821710
511821710
511821710
511821710
511821710
511821710
511821710
511821710
511821710
511821710
511821710
511821710
511821710
511821710
511821710
511821710
511821710
511821710
511821710
511821710
511821710
511821710
511821710
511821710
511821710
255910855
255910855
255910855
255910855
255910855
255910855
255910855
255910855
255910855
255910855
255910855
255910855
255910855
255910855
255910855
255910855
255910855
255910855
255910855
255910855
255910855
255910855
255910855
255910855
255910855
255910855
255910855
255910855
255910855
255910855
255910855
255910855
255910855
255910855
255910855
255910855
255910855
255910855
255910855
255910855
255910855
255910855
255910855
255910855
255910855
255910855
255910855
255910855
255910855
255910855
255910855
255910855
255910855
255910855
255910855
255910855
255910855
255910855
255910855
255910855
255910855
255910855
255910855
627955431
627955431
627955431
627955431
627955431
627955431
627955431
627955431
627955431
627955431
627955431
627955431
627955431
627955431
627955431
627955431
627955431
627955431
627955431
627955431
627955431
627955431
627955431
627955431
627955431
627955431
627955431
627955431
627955431
627955431
627955431
627955431
627955431
627955431
627955431
627955431
627955431
627955431
627955431
627955431
627955431
627955431
627955431
627955431
627955431
627955431
627955431
627955431
627955431
627955431
627955431
627955431
627955431
627955431
627955431
627955431
627955431
627955431
627955431
627955431
627955431
627955431
627955431
627955431
627955431
627955431
627955431
627955431
627955431
627955431
627955431
627955431
627955431
627955431
627955431
627955431
627955431
627955431
627955431
627955431
627955431
627955431
627955431
627955431
627955431
627955431
627955431
627955431
627955431
627955431
627955431
627955431
627955431
627955431
627955431
627955431
627955431
627955431
627955431
627955431
627955431
627955431
627955431
627955431
627955431
627955431
627955431
627955431
627955431
627955431
627955431
627955431
627955431
627955431
627955431
627955431
627955431
627955431
627955431
627955431
627955431
627955431
627955431
627955431
627955431
627955431
627955431
627955431
627955431
627955431
627955431
627955431
627955431
627955431
627955431
627955431
627955431
627955431
627955431
627955431
627955431
627955431
627955431
627955431
627955431
627955431
627955431
627955431
627955431
627955431
627955431
627955431
627955431
627955431
627955431
627955431
627955431
627955431
627955431
627955431
627955431
627955431
627955431
627955431
627955431
627955431
627955431
627955431
627955431
627955431
627955431
627955431
627955431
627955431
627955431
627955431
627955431
627955431
627955431
627955431
627955431
627955431
627955431
627955431
627955431
627955431
627955431
627955431
627955431
627955431
627955431
627955431
627955431
627955431
627955431
627955431
627955431
627955431
627955431
627955431
627955431
627955431
627955431
627955431
627955431
627955431
627955431
627955431
627955431
627955431
627955431
627955431
627955431
627955431
813977719
813977719
813977719
813977719
813977719
813977719
813977719
813977719
813977719
813977719
813977719
813977719
813977719
813977719
813977719
813977719
813977719
813977719
813977719
813977719
813977719
813977719
813977719
813977719
813977719
813977719
813977719
813977719
813977719
813977719
813977719
813977719
813977719
813977719
813977719
813977719
813977719
813977719
813977719
813977719
813977719
813977719
813977719
813977719
813977719
813977719
813977719
813977719
813977719
813977719
813977719
813977719
813977719
813977719
813977719
813977719
813977719
813977719
813977719
813977719
813977719
813977719
813977719
813977719
813977719
813977719
813977719
813977719
813977719
813977719
813977719
813977719
813977719
813977719
813977719
813977719
813977719
813977719
813977719
813977719
813977719
813977719
813977719
813977719
813977719
813977719
813977719
813977719
813977719
813977719
813977719
813977719
813977719
813977719
813977719
813977719
813977719
813977719
813977719
813977719
813977719
813977719
813977719
813977719
813977719
813977719
813977719
813977719
813977719
813977719
813977719
813977719
813977719
813977719
813977719
813977719
813977719
813977719
813977719
813977719
813977719
906988863
906988863
906988863
906988863
906988863
906988863
953494435
953494435
953494435
953494435
953494435
953494435
953494435
953494435
953494435
953494435
953494435
953494435
953494435
953494435
953494435
953494435
953494435
953494435
953494435
953494435
953494435
953494435
953494435
953494435
953494435
953494435
976747221
976747221
976747221
976747221
976747221
976747221
976747221
976747221
976747221
976747221
976747221
976747221
976747221
976747221
976747221
976747221
976747221
976747221
976747221
976747221
976747221
976747221
976747221
976747221
976747221
976747221
976747221
976747221
976747221
976747221
976747221
976747221
976747221
976747221
976747221
976747221
976747221
976747221
976747221
976747221
976747221
976747221
976747221
976747221
976747221
976747221
976747221
976747221
976747221
976747221
976747221
976747221
976747221
976747221
976747221
976747221
976747221
976747221
976747221
976747221
976747221
976747221
976747221
976747221
976747221
976747221
976747221
976747221
976747221
976747221
976747221
976747221
976747221
976747221
976747221
976747221
976747221
976747221
976747221
976747221
976747221
976747221
976747221
976747221
976747221
976747221
976747221
976747221
976747221
976747221
976747221
976747221
976747221
976747221
976747221
976747221
976747221
976747221
976747221
976747221
976747221
976747221
976747221
976747221
976747221
976747221
976747221
976747221
976747221
976747221
976747221
976747221
976747221
976747221
976747221
976747221
976747221
976747221
976747221
976747221
976747221
976747221
976747221
976747221
976747221
976747221
976747221
976747221
976747221
976747221
976747221
976747221
976747221
976747221
976747221
976747221
976747221
976747221
976747221
976747221
976747221
976747221
976747221
976747221
976747221
976747221
976747221
976747221
976747221
976747221
976747221
976747221
976747221
976747221
976747221
976747221
976747221
976747221
976747221
976747221
976747221
976747221
976747221
976747221
976747221
976747221
976747221
976747221
976747221
976747221
976747221
976747221
976747221
976747221
976747221
976747221
976747221
976747221
976747221
976747221
976747221
976747221
976747221
976747221
976747221
976747221
976747221
976747221
976747221
976747221
976747221
976747221
976747221
976747221
976747221
976747221
976747221
976747221
976747221
976747221
976747221
976747221
976747221
976747221
976747221
976747221
976747221
976747221
976747221
976747221
976747221
976747221
976747221
976747221
976747221
976747221
976747221
976747221
976747221
976747221
976747221
976747221
976747221
976747221
976747221
976747221
976747221
976747221
976747221
976747221
976747221
976747221
976747221
976747221
976747221
976747221
976747221
976747221
976747221
976747221
976747221
976747221
976747221
976747221
976747221
976747221
976747221
976747221
976747221
976747221
976747221
976747221
976747221
976747221
976747221
976747221
976747221
976747221
976747221
976747221
976747221
976747221
976747221
976747221
976747221
976747221
976747221
976747221
976747221
976747221
976747221
976747221
976747221
976747221
976747221
976747221
976747221
976747221
976747221
976747221
976747221
976747221
976747221
976747221
976747221
976747221
976747221
976747221
976747221
976747221
976747221
976747221
976747221
976747221
976747221
976747221
976747221
976747221
976747221
976747221
976747221
976747221
976747221
976747221
976747221
976747221
976747221
976747221
976747221
976747221
976747221
976747221
976747221
976747221
976747221
976747221
976747221
976747221
976747221
976747221
976747221
976747221
976747221
976747221
976747221
976747221
976747221
976747221
976747221
976747221
976747221
976747221
976747221
976747221
976747221
976747221
976747221
976747221
976747221
976747221
976747221
976747221
976747221
976747221
976747221
976747221
976747221
976747221
976747221
976747221
976747221
976747221
976747221
976747221
976747221
976747221
976747221
976747221
976747221
976747221
976747221
976747221
976747221
976747221
976747221
976747221
976747221
976747221
976747221
988373614
988373614
988373614
988373614
988373614
988373614
988373614
988373614
988373614
988373614
988373614
988373614
988373614
988373614
988373614
988373614
988373614
988373614
988373614
988373614
988373614
988373614
988373614
988373614
988373614
988373614
988373614
988373614
988373614
988373614
988373614
988373614
988373614
988373614
988373614
988373614
988373614
988373614
988373614
988373614
988373614
988373614
988373614
988373614
988373614
988373614
988373614
988373614
988373614
988373614
988373614
988373614
988373614
988373614
988373614
988373614
988373614
988373614
988373614
988373614
988373614
988373614
988373614
988373614
988373614
988373614
988373614
988373614
988373614
988373614
988373614
988373614
988373614
988373614
988373614
988373614
988373614
988373614
988373614
988373614
988373614
988373614
988373614
988373614
988373614
988373614
988373614
988373614
988373614
988373614
988373614
988373614
988373614
988373614
988373614
988373614
988373614
988373614
988373614
988373614
988373614
988373614
988373614
988373614
988373614
494186807
494186807
494186807
494186807
494186807
494186807
494186807
494186807
494186807
494186807
494186807
494186807
494186807
494186807
494186807
494186807
494186807
494186807
494186807
494186807
494186807
494186807
494186807
494186807
494186807
494186807
494186807
494186807
494186807
494186807
494186807
494186807
494186807
494186807
494186807
494186807
494186807
494186807
494186807
494186807
494186807
494186807
494186807
494186807
494186807
494186807
494186807
494186807
494186807
494186807
494186807
494186807
494186807
494186807
494186807
494186807
494186807
494186807
494186807
494186807
494186807
494186807
494186807
494186807
494186807
494186807
494186807
494186807
494186807
494186807
494186807
747093407
747093407
747093407
747093407
747093407
747093407
747093407
747093407
747093407
747093407
747093407
747093407
747093407
747093407
747093407
747093407
747093407
747093407
747093407
747093407
747093407
747093407
747093407
747093407
747093407
747093407
747093407
747093407
747093407
747093407
747093407
747093407
747093407
747093407
747093407
747093407
747093407
747093407
747093407
747093407
747093407
747093407
747093407
747093407
747093407
747093407
747093407
747093407
747093407
747093407
747093407
747093407
747093407
873546707
873546707
873546707
873546707
873546707
873546707
873546707
873546707
873546707
873546707
873546707
873546707
873546707
873546707
873546707
873546707
873546707
873546707
873546707
873546707
873546707
873546707
873546707
873546707
873546707
873546707
873546707
873546707
873546707
873546707
873546707
873546707
873546707
873546707
873546707
873546707
873546707
873546707
873546707
873546707
873546707
873546707
873546707
873546707
873546707
873546707
873546707
873546707
873546707
873546707
873546707
873546707
873546707
873546707
873546707
873546707
873546707
873546707
873546707
873546707
873546707
873546707
873546707
873546707
873546707
873546707
873546707
873546707
873546707
873546707
873546707
873546707
873546707
873546707
873546707
873546707
873546707
873546707
873546707
873546707
873546707
873546707
873546707
873546707
873546707
873546707
873546707
873546707
873546707
873546707
873546707
936773357
936773357
936773357
936773357
936773357
936773357
936773357
936773357
936773357
936773357
936773357
936773357
936773357
936773357
936773357
936773357
936773357
936773357
936773357
936773357
936773357
936773357
936773357
936773357
936773357
936773357
936773357
936773357
936773357
936773357
936773357
936773357
936773357
936773357
936773357
936773357
936773357
968386682
968386682
968386682
968386682
968386682
968386682
968386682
968386682
968386682
968386682
968386682
968386682
968386682
968386682
968386682
968386682
968386682
968386682
968386682
968386682
968386682
968386682
968386682
968386682
968386682
968386682
968386682
968386682
968386682
968386682
968386682
968386682
968386682
968386682
968386682
968386682
968386682
968386682
968386682
968386682
484193341
484193341
484193341
484193341
484193341
484193341
484193341
484193341
484193341
484193341
484193341
484193341
484193341
484193341
484193341
484193341
484193341
484193341
484193341
484193341
484193341
484193341
484193341
484193341
484193341
484193341
484193341
484193341
484193341
484193341
484193341
484193341
484193341
484193341
484193341
484193341
484193341
484193341
484193341
484193341
484193341
484193341
484193341
484193341
484193341
484193341
484193341
484193341
484193341
484193341
484193341
484193341
484193341
484193341
484193341
484193341
484193341
484193341
484193341
484193341
484193341
484193341
484193341
484193341
484193341
484193341
484193341
484193341
484193341
484193341
484193341
484193341
484193341
484193341
484193341
484193341
484193341
484193341
484193341
484193341
484193341
484193341
484193341
484193341
484193341
484193341
742096674
742096674
742096674
742096674
742096674
742096674
742096674
742096674
742096674
742096674
742096674
742096674
742096674
742096674
742096674
742096674
742096674
742096674
742096674
742096674
742096674
742096674
742096674
742096674
742096674
742096674
742096674
742096674
742096674
742096674
742096674
742096674
742096674
742096674
742096674
742096674
742096674
742096674
742096674
371048337
371048337
371048337
371048337
371048337
371048337
371048337
371048337
371048337
371048337
371048337
371048337
371048337
371048337
371048337
371048337
371048337
371048337
685524172
685524172
685524172
685524172
685524172
685524172
685524172
685524172
685524172
685524172
685524172
342762086
342762086
342762086
342762086
342762086
342762086
342762086
342762086
342762086
342762086
342762086
342762086
342762086
342762086
342762086
342762086
342762086
342762086
342762086
342762086
342762086
342762086
342762086
342762086
342762086
342762086
342762086
342762086
342762086
342762086
342762086
342762086
342762086
171381043
171381043
171381043
171381043
171381043
171381043
171381043
171381043
171381043
171381043
171381043
171381043
171381043
171381043
171381043
171381043
171381043
171381043
171381043
171381043
171381043
171381043
171381043
171381043
171381043
171381043
171381043
171381043
171381043
171381043
171381043
171381043
171381043
171381043
171381043
171381043
171381043
171381043
171381043
171381043
171381043
171381043
171381043
171381043
171381043
171381043
171381043
171381043
171381043
171381043
171381043
171381043
171381043
171381043
171381043
171381043
171381043
171381043
171381043
171381043
171381043
171381043
171381043
171381043
171381043
171381043
171381043
171381043
171381043
171381043
585690525
585690525
585690525
585690525
585690525
585690525
792845266
792845266
792845266
792845266
792845266
792845266
792845266
792845266
792845266
792845266
792845266
792845266
792845266
792845266
792845266
792845266
792845266
792845266
792845266
396422633
396422633
396422633
396422633
396422633
396422633
396422633
396422633
396422633
396422633
396422633
396422633
396422633
396422633
396422633
396422633
396422633
396422633
396422633
396422633
396422633
396422633
396422633
396422633
396422633
396422633
396422633
396422633
396422633
396422633
396422633
396422633
396422633
396422633
396422633
396422633
396422633
396422633
396422633
396422633
396422633
396422633
396422633
396422633
396422633
396422633
396422633
396422633
396422633
396422633
396422633
396422633
396422633
698211320
698211320
698211320
698211320
698211320
698211320
698211320
698211320
698211320
698211320
698211320
698211320
698211320
698211320
698211320
698211320
698211320
698211320
698211320
349105660
349105660
349105660
349105660
349105660
349105660
349105660
349105660
349105660
349105660
174552830
174552830
174552830
174552830
174552830
174552830
174552830
174552830
174552830
174552830
87276415
87276415
87276415
87276415
87276415
87276415
87276415
87276415
87276415
87276415
87276415
87276415
87276415
87276415
87276415
543638211
543638211
543638211
543638211
543638211
543638211
543638211
543638211
543638211
543638211
543638211
543638211
543638211
543638211
543638211
543638211
771819109
771819109
771819109
771819109
771819109
771819109
771819109
771819109
771819109
771819109
771819109
771819109
771819109
771819109
771819109
771819109
771819109
771819109
771819109
771819109
771819109
771819109
771819109
771819109
771819109
771819109
771819109
771819109
771819109
771819109
885909558
885909558
885909558
885909558
885909558
885909558
885909558
885909558
885909558
885909558
885909558
885909558
885909558
885909558
885909558
885909558
885909558
885909558
885909558
885909558
885909558
885909558
885909558
885909558
885909558
885909558
885909558
885909558
885909558
885909558
885909558
885909558
885909558
885909558
885909558
885909558
885909558
885909558
885909558
885909558
885909558
885909558
885909558
885909558
885909558
885909558
885909558
885909558
885909558
885909558
885909558
885909558
885909558
885909558
885909558
885909558
885909558
885909558
885909558
885909558
885909558
885909558
885909558
885909558
885909558
885909558
885909558
885909558
885909558
885909558
885909558
885909558
885909558
885909558
885909558
885909558
885909558
885909558
885909558
885909558
885909558
885909558
885909558
885909558
885909558
885909558
885909558
885909558
442954779
442954779
442954779
442954779
442954779
442954779
442954779
442954779
442954779
442954779
442954779
442954779
442954779
442954779
442954779
442954779
442954779
442954779
442954779
442954779
442954779
442954779
442954779
442954779
442954779
442954779
442954779
442954779
442954779
442954779
442954779
442954779
442954779
442954779
442954779
442954779
721477393
721477393
721477393
721477393
721477393
721477393
721477393
721477393
721477393
721477393
721477393
721477393
721477393
721477393
721477393
721477393
721477393
721477393
721477393
721477393
721477393
721477393
721477393
721477393
721477393
721477393
721477393
721477393
721477393
721477393
721477393
721477393
721477393
860738700
860738700
860738700
860738700
860738700
860738700
430369350
430369350
430369350
430369350
430369350
430369350
430369350
430369350
430369350
430369350
430369350
430369350
430369350
430369350
430369350
430369350
430369350
430369350
430369350
430369350
430369350
430369350
430369350
430369350
430369350
430369350
430369350
430369350
430369350
430369350
430369350
430369350
430369350
430369350
430369350
430369350
430369350
430369350
430369350
430369350
430369350
430369350
430369350
430369350
430369350
430369350
430369350
430369350
430369350
430369350
430369350
430369350
430369350
430369350
430369350
430369350
430369350
430369350
430369350
430369350
430369350
430369350
430369350
430369350
430369350
430369350
430369350
430369350
430369350
430369350
430369350
430369350
430369350
430369350
430369350
430369350
430369350
430369350
430369350
430369350
215184675
215184675
215184675
215184675
215184675
215184675
215184675
215184675
215184675
215184675
215184675
215184675
215184675
215184675
215184675
215184675
215184675
215184675
215184675
215184675
215184675
215184675
215184675
215184675
215184675
215184675
215184675
215184675
215184675
215184675
215184675
215184675
215184675
215184675
215184675
215184675
215184675
215184675
215184675
215184675
215184675
215184675
215184675
215184675
215184675
215184675
215184675
215184675
215184675
215184675
215184675
215184675
215184675
215184675
215184675
215184675
215184675
215184675
215184675
215184675
215184675
215184675
215184675
215184675
215184675
215184675
215184675
215184675
215184675
215184675
215184675
215184675
215184675
215184675
607592341
607592341
607592341
607592341
607592341
607592341
607592341
607592341
607592341
607592341
607592341
607592341
607592341
607592341
607592341
607592341
607592341
607592341
607592341
607592341
607592341
607592341
607592341
607592341
607592341
607592341
607592341
607592341
607592341
607592341
607592341
607592341
607592341
803796174
803796174
803796174
803796174
803796174
803796174
803796174
803796174
803796174
803796174
803796174
803796174
803796174
803796174
803796174
803796174
803796174
803796174
803796174
803796174
803796174
803796174
803796174
803796174
803796174
803796174
803796174
803796174
803796174
803796174
803796174
803796174
803796174
803796174
803796174
803796174
803796174
803796174
803796174
803796174
803796174
803796174
803796174
803796174
803796174
803796174
803796174
803796174
803796174
803796174
803796174
803796174
803796174
803796174
803796174
803796174
803796174
803796174
803796174
803796174
803796174
803796174
803796174
803796174
803796174
803796174
803796174
803796174
803796174
803796174
803796174
803796174
803796174
803796174
803796174
803796174
803796174
803796174
803796174
803796174
803796174
803796174
803796174
803796174
803796174
803796174
803796174
803796174
803796174
803796174
803796174
803796174
803796174
803796174
803796174
803796174
803796174
803796174
803796174
803796174
803796174
803796174
803796174
803796174
803796174
803796174
803796174
401898087
401898087
401898087
401898087
401898087
401898087
401898087
401898087
401898087
401898087
401898087
401898087
401898087
401898087
401898087
401898087
401898087
401898087
401898087
401898087
401898087
401898087
401898087
401898087
401898087
401898087
401898087
401898087
401898087
401898087
401898087
401898087
401898087
401898087
401898087
401898087
401898087
401898087
401898087
401898087
401898087
401898087
401898087
401898087
401898087
401898087
401898087
401898087
401898087
401898087
401898087
401898087
401898087
401898087
401898087
401898087
401898087
401898087
401898087
401898087
401898087
401898087
401898087
401898087
401898087
401898087
401898087
401898087
401898087
401898087
401898087
401898087
401898087
401898087
401898087
401898087
401898087
401898087
401898087
401898087
401898087
401898087
401898087
401898087
401898087
401898087
401898087
401898087
401898087
401898087
401898087
401898087
401898087
401898087
401898087
401898087
401898087
401898087
401898087
401898087
401898087
401898087
401898087
401898087
401898087
700949047
700949047
700949047
700949047
700949047
700949047
700949047
700949047
700949047
700949047
700949047
700949047
850474527
850474527
850474527
850474527
850474527
850474527
850474527
850474527
850474527
850474527
850474527
850474527
850474527
850474527
850474527
850474527
850474527
850474527
850474527
850474527
850474527
850474527
850474527
850474527
850474527
850474527
850474527
850474527
850474527
850474527
850474527
850474527
850474527
925237267
962618637
962618637
962618637
962618637
962618637
962618637
962618637
962618637
962618637
962618637
962618637
962618637
962618637
962618637
962618637
962618637
962618637
962618637
962618637
962618637
962618637
962618637
962618637
962618637
962618637
962618637
962618637
962618637
962618637
962618637
962618637
962618637
962618637
962618637
962618637
962618637
962618637
962618637
962618637
962618637
962618637
962618637
962618637
962618637
962618637
962618637
962618637
962618637
962618637
962618637
962618637
962618637
962618637
962618637
962618637
962618637
962618637
962618637
962618637
962618637
962618637
962618637
962618637
962618637
962618637
962618637
962618637
962618637
962618637
962618637
962618637
962618637
962618637
962618637
962618637
962618637
962618637
962618637
962618637
962618637
962618637
962618637
962618637
962618637
962618637
981309322
981309322
981309322
981309322
981309322
981309322
981309322
981309322
981309322
981309322
981309322
981309322
981309322
981309322
981309322
981309322
981309322
981309322
981309322
981309322
981309322
981309322
981309322
981309322
981309322
981309322
981309322
981309322
981309322
981309322
981309322
981309322
981309322
981309322
981309322
981309322
981309322
981309322
981309322
981309322
981309322
981309322
981309322
981309322
981309322
981309322
981309322
981309322
981309322
981309322
981309322
981309322
981309322
981309322
981309322
981309322
981309322
981309322
981309322
981309322
981309322
981309322
981309322
981309322
981309322
981309322
981309322
981309322
981309322
981309322
981309322
981309322
981309322
981309322
981309322
981309322
981309322
981309322
981309322
981309322
981309322
981309322
981309322
981309322
981309322
981309322
981309322
981309322
981309322
981309322
981309322
981309322
981309322
981309322
981309322
981309322
981309322
981309322
981309322
981309322
981309322
981309322
981309322
981309322
981309322
981309322
981309322
981309322
981309322
981309322
981309322
981309322
981309322
981309322
981309322
981309322
981309322
981309322
981309322
981309322
981309322
981309322
981309322
981309322
981309322
981309322
981309322
981309322
981309322
981309322
981309322
981309322
981309322
981309322
981309322
981309322
981309322
981309322
981309322
981309322
981309322
981309322
981309322
981309322
981309322
981309322
981309322
981309322
981309322
981309322
981309322
981309322
981309322
981309322
981309322
981309322
981309322
981309322
981309322
981309322
981309322
981309322
981309322
981309322
981309322
981309322
981309322
981309322
981309322
981309322
981309322
981309322
981309322
981309322
981309322
981309322
981309322
981309322
981309322
981309322
981309322
981309322
981309322
981309322
981309322
981309322
981309322
981309322
981309322
981309322
981309322
981309322
981309322
981309322
981309322
981309322
981309322
981309322
981309322
981309322
981309322
981309322
981309322
490654661
490654661
490654661
490654661
490654661
490654661
490654661
490654661
490654661
490654661
490654661
490654661
490654661
490654661
490654661
490654661
490654661
490654661
490654661
490654661
490654661
490654661
490654661
490654661
490654661
490654661
490654661
490654661
490654661
490654661
490654661
490654661
490654661
490654661
490654661
490654661
490654661
490654661
490654661
490654661
490654661
490654661
490654661
490654661
490654661
490654661
490654661
490654661
490654661
490654661
490654661
490654661
490654661
490654661
490654661
745327334
745327334
745327334
745327334
745327334
745327334
745327334
745327334
745327334
745327334
745327334
745327334
745327334
745327334
745327334
745327334
745327334
745327334
745327334
745327334
745327334
745327334
745327334
745327334
745327334
745327334
745327334
745327334
745327334
745327334
745327334
745327334
745327334
745327334
745327334
745327334
745327334
745327334
745327334
745327334
745327334
745327334
745327334
745327334
745327334
745327334
745327334
745327334
745327334
745327334
745327334
745327334
745327334
745327334
745327334
745327334
745327334
745327334
745327334
745327334
745327334
745327334
745327334
745327334
745327334
745327334
745327334
745327334
745327334
745327334
745327334
745327334
745327334
745327334
745327334
745327334
745327334
745327334
745327334
745327334
745327334
745327334
745327334
745327334
745327334
745327334
745327334
745327334
745327334
745327334
745327334
745327334
745327334
745327334
745327334
745327334
745327334
745327334
745327334
745327334
745327334
745327334
745327334
745327334
745327334
745327334
745327334
745327334
372663667
372663667
372663667
372663667
372663667
372663667
372663667
372663667
372663667
372663667
372663667
372663667
372663667
372663667
372663667
372663667
372663667
372663667
372663667
372663667
372663667
372663667
372663667
372663667
372663667
372663667
372663667
372663667
372663667
372663667
372663667
372663667
372663667
372663667
372663667
372663667
372663667
372663667
372663667
372663667
372663667
372663667
372663667
372663667
372663667
372663667
372663667
372663667
372663667
372663667
372663667
372663667
372663667
372663667
372663667
372663667
372663667
372663667
372663667
372663667
372663667
372663667
372663667
372663667
372663667
372663667
372663667
372663667
372663667
372663667
372663667
372663667
372663667
372663667
372663667
372663667
372663667
372663667
372663667
372663667
372663667
372663667
372663667
372663667
372663667
372663667
372663667
372663667
372663667
372663667
372663667
372663667
372663667
372663667
372663667
372663667
686331837
686331837
686331837
686331837
686331837
686331837
686331837
686331837
686331837
686331837
686331837
686331837
686331837
686331837
686331837
686331837
686331837
686331837
686331837
686331837
686331837
686331837
686331837
686331837
686331837
686331837
686331837
686331837
686331837
686331837
686331837
686331837
686331837
686331837
686331837
686331837
686331837
686331837
686331837
686331837
686331837
686331837
686331837
686331837
686331837
686331837
686331837
686331837
686331837
686331837
686331837
686331837
686331837
686331837
686331837
686331837
686331837
686331837
686331837
686331837
686331837
686331837
686331837
686331837
686331837
686331837
843165922
843165922
843165922
843165922
843165922
843165922
843165922
843165922
843165922
843165922
421582961
421582961
421582961
421582961
421582961
421582961
421582961
421582961
421582961
421582961
421582961
421582961
421582961
421582961
421582961
421582961
421582961
421582961
421582961
421582961
421582961
421582961
421582961
421582961
421582961
421582961
421582961
421582961
421582961
421582961
421582961
421582961
421582961
421582961
421582961
421582961
421582961
421582961
421582961
421582961
421582961
421582961
421582961
421582961
421582961
421582961
421582961
421582961
421582961
421582961
421582961
421582961
421582961
421582961
421582961
421582961
421582961
421582961
421582961
421582961
421582961
421582961
421582961
421582961
421582961
421582961
421582961
421582961
421582961
421582961
421582961
421582961
421582961
421582961
421582961
421582961
421582961
421582961
421582961
421582961
421582961
421582961
421582961
421582961
421582961
421582961
421582961
421582961
421582961
421582961
421582961
421582961
421582961
421582961
421582961
421582961
421582961
421582961
421582961
421582961
421582961
421582961
421582961
421582961
421582961
421582961
421582961
421582961
421582961
421582961
421582961
421582961
421582961
421582961
421582961
421582961
421582961
421582961
421582961
421582961
421582961
421582961
421582961
421582961
421582961
421582961
421582961
421582961
421582961
421582961
421582961
421582961
421582961
421582961
421582961
421582961
421582961
421582961
421582961
421582961
421582961
421582961
421582961
421582961
421582961
421582961
421582961
421582961
421582961
421582961
421582961
421582961
421582961
421582961
421582961
421582961
421582961
421582961
421582961
421582961
421582961
421582961
421582961
421582961
421582961
421582961
421582961
421582961
421582961
421582961
421582961
421582961
421582961
421582961
421582961
421582961
421582961
421582961
421582961
421582961
421582961
421582961
421582961
421582961
421582961
421582961
421582961
421582961
421582961
421582961
421582961
421582961
421582961
421582961
421582961
421582961
421582961
421582961
421582961
421582961
421582961
421582961
421582961
421582961
421582961
421582961
421582961
421582961
421582961
421582961
421582961
421582961
421582961
421582961
421582961
421582961
421582961
421582961
421582961
421582961
421582961
421582961
421582961
421582961
421582961
421582961
421582961
421582961
421582961
421582961
421582961
421582961
421582961
421582961
421582961
421582961
421582961
421582961
421582961
421582961
421582961
421582961
421582961
421582961
421582961
421582961
421582961
421582961
421582961
421582961
421582961
421582961
421582961
421582961
421582961
421582961
421582961
421582961
421582961
421582961
421582961
421582961
421582961
421582961
421582961
421582961
421582961
421582961
421582961
421582961
421582961
421582961
421582961
421582961
421582961
421582961
421582961
421582961
421582961
421582961
421582961
421582961
710791484
710791484
710791484
710791484
710791484
710791484
710791484
710791484
710791484
710791484
710791484
355395742
355395742
355395742
355395742
355395742
355395742
355395742
355395742
355395742
355395742
355395742
355395742
355395742
355395742
355395742
355395742
355395742
355395742
355395742
355395742
355395742
355395742
355395742
355395742
355395742
355395742
355395742
355395742
355395742
355395742
355395742
355395742
355395742
355395742
355395742
355395742
355395742
355395742
355395742
355395742
355395742
355395742
355395742
355395742
355395742
355395742
355395742
355395742
355395742
355395742
355395742
355395742
355395742
355395742
355395742
355395742
355395742
355395742
355395742
355395742
355395742
355395742
355395742
355395742
355395742
355395742
355395742
355395742
355395742
355395742
355395742
355395742
355395742
355395742
355395742
355395742
355395742
355395742
355395742
355395742
355395742
355395742
355395742
355395742
355395742
355395742
355395742
355395742
355395742
355395742
355395742
355395742
355395742
355395742
355395742
355395742
355395742
355395742
355395742
355395742
355395742
355395742
355395742
355395742
355395742
355395742
355395742
177697871
177697871
177697871
177697871
177697871
177697871
177697871
177697871
177697871
177697871
177697871
177697871
177697871
177697871
177697871
177697871
177697871
177697871
177697871
177697871
177697871
177697871
177697871
177697871
177697871
177697871
177697871
177697871
177697871
177697871
177697871
588848939
588848939
588848939
588848939
588848939
794424473
794424473
794424473
794424473
794424473
794424473
897212240
897212240
897212240
897212240
897212240
897212240
897212240
897212240
897212240
897212240
897212240
897212240
897212240
897212240
897212240
897212240
897212240
897212240
897212240
897212240
897212240
897212240
897212240
897212240
897212240
897212240
897212240
897212240
897212240
897212240
897212240
897212240
897212240
897212240
897212240
897212240
897212240
897212240
897212240
897212240
897212240
897212240
897212240
897212240
897212240
897212240
897212240
897212240
897212240
897212240
897212240
897212240
897212240
897212240
897212240
897212240
897212240
897212240
897212240
897212240
897212240
897212240
897212240
897212240
897212240
897212240
897212240
897212240
897212240
897212240
897212240
897212240
897212240
897212240
897212240
897212240
897212240
897212240
897212240
897212240
897212240
897212240
897212240
897212240
897212240
897212240
897212240
897212240
897212240
897212240
897212240
897212240
897212240
897212240
897212240
897212240
897212240
897212240
897212240
897212240
897212240
897212240
897212240
897212240
897212240
897212240
897212240
897212240
897212240
897212240
897212240
897212240
897212240
897212240
897212240
897212240
897212240
897212240
897212240
897212240
897212240
897212240
897212240
897212240
897212240
897212240
897212240
897212240
897212240
897212240
897212240
897212240
897212240
897212240
897212240
897212240
897212240
897212240
897212240
897212240
897212240
897212240
897212240
897212240
897212240
897212240
897212240
897212240
897212240
897212240
897212240
897212240
897212240
897212240
897212240
897212240
897212240
897212240
897212240
897212240
897212240
897212240
448606120
448606120
448606120
448606120
448606120
448606120
448606120
448606120
448606120
448606120
448606120
448606120
448606120
448606120
448606120
448606120
448606120
448606120
448606120
448606120
448606120
448606120
448606120
448606120
448606120
448606120
448606120
448606120
448606120
448606120
448606120
448606120
448606120
448606120
448606120
448606120
448606120
448606120
448606120
448606120
448606120
448606120
448606120
448606120
448606120
448606120
448606120
448606120
448606120
448606120
448606120
448606120
448606120
448606120
448606120
448606120
448606120
224303060
224303060
224303060
224303060
224303060
224303060
224303060
224303060
224303060
224303060
224303060
224303060
224303060
224303060
224303060
224303060
224303060
224303060
224303060
224303060
224303060
224303060
224303060
224303060
224303060
224303060
224303060
224303060
224303060
224303060
224303060
224303060
224303060
224303060
224303060
224303060
224303060
224303060
224303060
224303060
224303060
224303060
224303060
224303060
224303060
224303060
224303060
224303060
224303060
224303060
224303060
224303060
224303060
224303060
224303060
224303060
224303060
224303060
112151530
112151530
112151530
112151530
112151530
112151530
112151530
112151530
112151530
112151530
112151530
112151530
112151530
112151530
112151530
112151530
112151530
112151530
112151530
112151530
112151530
112151530
112151530
112151530
112151530
112151530
112151530
112151530
112151530
112151530
112151530
112151530
112151530
112151530
112151530
112151530
112151530
112151530
112151530
112151530
112151530
112151530
112151530
112151530
112151530
112151530
112151530
112151530
112151530
112151530
112151530
112151530
112151530
112151530
112151530
112151530
112151530
112151530
112151530
112151530
112151530
112151530
112151530
112151530
112151530
112151530
112151530
112151530
112151530
112151530
112151530
112151530
112151530
112151530
112151530
112151530
112151530
112151530
112151530
112151530
112151530
112151530
112151530
112151530
112151530
112151530
112151530
112151530
112151530
112151530
112151530
112151530
112151530
112151530
112151530
112151530
112151530
112151530
112151530
112151530
112151530
112151530
112151530
112151530
112151530
112151530
112151530
112151530
112151530
112151530
112151530
112151530
112151530
112151530
112151530
112151530
112151530
112151530
112151530
112151530
112151530
112151530
112151530
112151530
112151530
112151530
112151530
112151530
112151530
112151530
112151530
112151530
112151530
112151530
112151530
112151530
112151530
112151530
112151530
112151530
112151530
112151530
112151530
112151530
112151530
112151530
112151530
112151530
112151530
112151530
112151530
112151530
112151530
112151530
112151530
112151530
112151530
112151530
112151530
112151530
112151530
112151530
112151530
112151530
112151530
112151530
112151530
112151530
112151530
112151530
112151530
112151530
112151530
112151530
112151530
112151530
112151530
112151530
112151530
112151530
112151530
112151530
112151530
112151530
112151530
112151530
112151530
112151530
112151530
112151530
112151530
112151530
112151530
112151530
112151530
112151530
112151530
112151530
112151530
112151530
56075765
56075765
56075765
56075765
56075765
56075765
56075765
56075765
56075765
56075765
56075765
56075765
56075765
56075765
56075765
56075765
56075765
56075765
56075765
56075765
56075765
56075765
56075765
56075765
56075765
56075765
56075765
56075765
56075765
56075765
56075765
56075765
56075765
56075765
56075765
56075765
56075765
56075765
56075765
56075765
56075765
56075765
56075765
56075765
56075765
56075765
56075765
56075765
56075765
56075765
56075765
56075765
56075765
56075765
56075765
56075765
56075765
528037886
528037886
528037886
528037886
528037886
528037886
528037886
528037886
528037886
528037886
528037886
528037886
528037886
528037886
528037886
528037886
528037886
528037886
528037886
528037886
528037886
528037886
528037886
528037886
528037886
528037886
528037886
528037886
528037886
528037886
528037886
528037886
528037886
264018943
264018943
264018943
264018943
264018943
264018943
264018943
264018943
264018943
264018943
264018943
264018943
264018943
264018943
264018943
264018943
264018943
264018943
264018943
264018943
264018943
264018943
264018943
264018943
264018943
264018943
264018943
264018943
264018943
264018943
264018943
264018943
264018943
264018943
264018943
264018943
264018943
264018943
264018943
264018943
264018943
264018943
264018943
264018943
264018943
632009475
632009475
632009475
632009475
632009475
632009475
632009475
632009475
632009475
632009475
632009475
632009475
632009475
632009475
632009475
632009475
632009475
632009475
632009475
632009475
632009475
632009475
632009475
632009475
632009475
632009475
632009475
632009475
632009475
632009475
632009475
632009475
632009475
632009475
632009475
632009475
632009475
632009475
632009475
632009475
632009475
632009475
632009475
632009475
632009475
632009475
632009475
632009475
632009475
632009475
632009475
816004741
816004741
816004741
816004741
816004741
816004741
816004741
816004741
816004741
816004741
816004741
816004741
816004741
816004741
816004741
816004741
816004741
816004741
816004741
816004741
816004741
816004741
908002374
908002374
908002374
908002374
908002374
908002374
908002374
908002374
908002374
908002374
908002374
908002374
908002374
908002374
908002374
908002374
908002374
908002374
908002374
908002374
908002374
908002374
908002374
908002374
908002374
908002374
908002374
908002374
908002374
908002374
908002374
908002374
908002374
908002374
908002374
908002374
908002374
908002374
454001187
454001187
454001187
454001187
454001187
454001187
454001187
454001187
454001187
454001187
454001187
454001187
454001187
454001187
454001187
454001187
454001187
454001187
454001187
454001187
454001187
454001187
454001187
454001187
454001187
454001187
454001187
454001187
454001187
454001187
454001187
454001187
454001187
454001187
454001187
454001187
454001187
454001187
454001187
454001187
454001187
454001187
454001187
454001187
454001187
454001187
454001187
454001187
454001187
454001187
454001187
454001187
454001187
454001187
454001187
454001187
454001187
454001187
454001187
454001187
454001187
454001187
454001187
454001187
454001187
454001187
454001187
454001187
454001187
454001187
454001187
454001187
454001187
454001187
454001187
454001187
454001187
454001187
454001187
454001187
454001187
454001187
454001187
454001187
454001187
454001187
454001187
454001187
454001187
454001187
454001187
454001187
454001187
454001187
454001187
454001187
454001187
454001187
454001187
454001187
454001187
454001187
454001187
454001187
454001187
454001187
454001187
454001187
454001187
454001187
454001187
454001187
454001187
454001187
454001187
454001187
454001187
454001187
454001187
454001187
454001187
454001187
454001187
454001187
454001187
454001187
454001187
454001187
454001187
454001187
454001187
454001187
454001187
454001187
454001187
454001187
454001187
454001187
454001187
454001187
454001187
454001187
454001187
454001187
454001187
454001187
454001187
454001187
454001187
454001187
454001187
454001187
454001187
454001187
454001187
454001187
454001187
454001187
454001187
454001187
454001187
454001187
454001187
454001187
454001187
454001187
454001187
454001187
454001187
454001187
454001187
454001187
454001187
454001187
454001187
454001187
454001187
727000597
727000597
727000597
727000597
727000597
727000597
727000597
727000597
727000597
727000597
727000597
727000597
727000597
727000597
727000597
727000597
727000597
727000597
727000597
727000597
727000597
727000597
727000597
727000597
727000597
727000597
727000597
727000597
727000597
727000597
727000597
727000597
727000597
727000597
727000597
727000597
727000597
727000597
727000597
727000597
727000597
727000597
727000597
727000597
727000597
727000597
727000597
727000597
727000597
727000597
727000597
727000597
727000597
727000597
727000597
727000597
727000597
727000597
727000597
727000597
727000597
727000597
727000597
727000597
727000597
727000597
727000597
727000597
727000597
727000597
727000597
727000597
727000597
727000597
727000597
727000597
727000597
727000597
727000597
727000597
727000597
727000597
727000597
727000597
727000597
727000597
727000597
727000597
727000597
727000597
727000597
727000597
727000597
727000597
727000597
727000597
727000597
727000597
727000597
727000597
727000597
727000597
727000597
727000597
727000597
727000597
727000597
727000597
727000597
727000597
727000597
727000597
727000597
727000597
727000597
727000597
727000597
727000597
727000597
727000597
727000597
727000597
727000597
727000597
727000597
727000597
727000597
727000597
727000597
727000597
727000597
727000597
727000597
727000597
727000597
727000597
727000597
727000597
727000597
727000597
727000597
727000597
727000597
727000597
727000597
727000597
727000597
727000597
727000597
727000597
727000597
727000597
727000597
727000597
727000597
727000597
727000597
727000597
727000597
727000597
727000597
727000597
727000597
727000597
727000597
727000597
727000597
727000597
727000597
727000597
727000597
727000597
727000597
727000597
727000597
727000597
727000597
727000597
727000597
727000597
727000597
727000597
727000597
727000597
727000597
727000597
727000597
727000597
727000597
727000597
727000597
727000597
727000597
727000597
727000597
727000597
727000597
727000597
727000597
727000597
727000597
727000597
727000597
727000597
727000597
727000597
727000597
727000597
727000597
727000597
727000597
727000597
727000597
727000597
727000597
727000597
727000597
727000597
727000597
727000597
727000597
727000597
727000597
727000597
727000597
727000597
727000597
727000597
727000597
727000597
727000597
727000597
727000597
727000597
727000597
727000597
727000597
727000597
727000597
727000597
727000597
727000597
727000597
727000597
727000597
727000597
727000597
727000597
727000597
727000597
727000597
727000597
727000597
727000597
727000597
727000597
727000597
727000597
727000597
727000597
727000597
727000597
727000597
863500302
863500302
863500302
863500302
863500302
863500302
863500302
863500302
863500302
863500302
863500302
863500302
863500302
863500302
863500302
863500302
863500302
863500302
863500302
863500302
863500302
863500302
863500302
863500302
863500302
863500302
863500302
863500302
863500302
863500302
863500302
863500302
863500302
863500302
863500302
863500302
863500302
863500302
863500302
863500302
863500302
863500302
863500302
863500302
863500302
863500302
863500302
863500302
863500302
863500302
863500302
863500302
863500302
863500302
863500302
863500302
863500302
863500302
863500302
863500302
863500302
863500302
863500302
863500302
863500302
863500302
863500302
863500302
863500302
863500302
863500302
863500302
863500302
863500302
863500302
863500302
863500302
863500302
863500302
863500302
863500302
863500302
863500302
863500302
863500302
863500302
863500302
863500302
863500302
863500302
863500302
863500302
863500302
863500302
863500302
863500302
863500302
863500302
863500302
863500302
863500302
863500302
863500302
431750151
431750151
431750151
431750151
431750151
431750151
431750151
431750151
431750151
431750151
431750151
431750151
431750151
431750151
431750151
431750151
431750151
431750151
431750151
431750151
431750151
431750151
431750151
431750151
431750151
431750151
431750151
431750151
431750151
431750151
431750151
431750151
431750151
431750151
431750151
431750151
431750151
431750151
431750151
431750151
431750151
431750151
431750151
431750151
715875079
715875079
715875079
715875079
715875079
715875079
715875079
715875079
715875079
715875079
715875079
715875079
715875079
715875079
857937543
857937543
857937543
857937543
857937543
857937543
857937543
857937543
857937543
857937543
857937543
857937543
857937543
857937543
857937543
857937543
857937543
857937543
857937543
857937543
857937543
857937543
857937543
857937543
857937543
857937543
857937543
857937543
857937543
857937543
857937543
857937543
857937543
857937543
857937543
857937543
857937543
857937543
857937543
857937543
857937543
857937543
857937543
857937543
857937543
857937543
857937543
857937543
857937543
857937543
857937543
857937543
857937543
857937543
857937543
857937543
857937543
857937543
857937543
857937543
857937543
857937543
857937543
857937543
857937543
857937543
857937543
857937543
857937543
857937543
857937543
857937543
857937543
857937543
857937543
857937543
857937543
857937543
857937543
857937543
857937543
857937543
857937543
857937543
857937543
857937543
857937543
857937543
857937543
857937543
857937543
857937543
857937543
857937543
857937543
857937543
857937543
857937543
857937543
857937543
857937543
857937543
857937543
857937543
857937543
857937543
857937543
857937543
928968775
928968775
928968775
928968775
928968775
928968775
928968775
928968775
928968775
928968775
964484391
964484391
964484391
964484391
964484391
964484391
964484391
964484391
964484391
964484391
964484391
964484391
964484391
964484391
964484391
964484391
964484391
964484391
964484391
964484391
964484391
964484391
964484391
964484391
964484391
964484391
964484391
964484391
982242199
982242199
982242199
982242199
982242199
982242199
991121103
991121103
991121103
991121103
991121103
991121103
991121103
991121103
991121103
991121103
991121103
991121103
991121103
991121103
991121103
991121103
991121103
991121103
991121103
991121103
991121103
991121103
991121103
991121103
991121103
991121103
995560555
995560555
995560555
995560555
995560555
995560555
995560555
995560555
995560555
995560555
995560555
995560555
995560555
995560555
995560555
995560555
995560555
995560555
995560555
995560555
995560555
995560555
995560555
995560555
995560555
995560555
995560555
995560555
995560555
995560555
995560555
995560555
995560555
995560555
995560555
995560555
995560555
995560555
995560555
995560555
995560555
995560555
995560555
995560555
995560555
995560555
995560555
995560555
995560555
995560555
995560555
995560555
995560555
997780281
997780281
997780281
997780281
997780281
997780281
997780281
997780281
997780281
997780281
997780281
997780281
997780281
997780281
997780281
997780281
997780281
997780281
997780281
997780281
997780281
997780281
997780281
997780281
997780281
997780281
997780281
997780281
997780281
997780281
997780281
997780281
997780281
997780281
997780281
997780281
997780281
997780281
997780281
997780281
997780281
997780281
997780281
997780281
997780281
997780281
997780281
997780281
997780281
997780281
997780281
997780281
997780281
998890144
998890144
998890144
998890144
998890144
998890144
998890144
998890144
998890144
998890144
998890144
998890144
998890144
998890144
998890144
998890144
998890144
998890144
998890144
998890144
998890144
998890144
998890144
998890144
998890144
998890144
998890144
998890144
998890144
998890144
998890144
998890144
998890144
998890144
998890144
998890144
998890144
998890144
998890144
998890144
998890144
998890144
998890144
998890144
998890144
998890144
998890144
998890144
998890144
499445072
499445072
499445072
499445072
499445072
499445072
499445072
499445072
499445072
499445072
499445072
499445072
499445072
499445072
499445072
499445072
499445072
499445072
499445072
499445072
499445072
499445072
499445072
499445072
499445072
499445072
499445072
499445072
499445072
499445072
499445072
499445072
499445072
499445072
499445072
499445072
499445072
499445072
499445072
499445072
499445072
499445072
499445072
499445072
499445072
499445072
499445072
499445072
499445072
499445072
499445072
499445072
499445072
499445072
499445072
499445072
499445072
499445072
499445072
499445072
499445072
499445072
499445072
499445072
499445072
499445072
499445072
499445072
499445072
499445072
499445072
499445072
499445072
499445072
499445072
499445072
499445072
499445072
499445072
499445072
499445072
499445072
499445072
499445072
499445072
499445072
499445072
499445072
499445072
499445072
499445072
499445072
499445072
499445072
499445072
499445072
499445072
499445072
499445072
499445072
499445072
499445072
499445072
499445072
499445072
499445072
499445072
499445072
499445072
499445072
499445072
499445072
499445072
499445072
499445072
499445072
499445072
499445072
499445072
499445072
499445072
499445072
499445072
499445072
499445072
499445072
499445072
499445072
499445072
499445072
499445072
499445072
499445072
499445072
499445072
499445072
499445072
499445072
499445072
499445072
499445072
499445072
499445072
499445072
499445072
499445072
499445072
499445072
499445072
499445072
499445072
499445072
499445072
499445072
499445072
499445072
499445072
499445072
499445072
499445072
499445072
499445072
499445072
499445072
499445072
499445072
499445072
499445072
499445072
499445072
499445072
499445072
499445072
499445072
499445072
499445072
499445072
499445072
499445072
499445072
499445072
499445072
499445072
499445072
499445072
499445072
499445072
499445072
499445072
499445072
499445072
499445072
499445072
499445072
499445072
499445072
499445072
499445072
499445072
499445072
499445072
499445072
499445072
499445072
499445072
499445072
499445072
499445072
499445072
499445072
499445072
499445072
499445072
499445072
499445072
499445072
499445072
249722536
249722536
249722536
249722536
249722536
249722536
249722536
249722536
249722536
249722536
249722536
249722536
249722536
249722536
249722536
249722536
249722536
249722536
249722536
249722536
249722536
249722536
249722536
249722536
249722536
249722536
249722536
249722536
249722536
249722536
249722536
249722536
249722536
249722536
249722536
249722536
249722536
249722536
249722536
249722536
249722536
249722536
249722536
249722536
249722536
249722536
249722536
249722536
249722536
249722536
249722536
249722536
249722536
249722536
249722536
249722536
249722536
249722536
249722536
249722536
249722536
249722536
249722536
249722536
249722536
249722536
249722536
249722536
249722536
249722536
249722536
249722536
249722536
249722536
249722536
249722536
249722536
249722536
249722536
249722536
249722536
249722536
249722536
249722536
249722536
249722536
249722536
249722536
249722536
249722536
249722536
249722536
249722536
249722536
249722536
249722536
249722536
249722536
249722536
249722536
249722536
249722536
249722536
249722536
249722536
249722536
249722536
249722536
249722536
249722536
249722536
249722536
249722536
249722536
249722536
249722536
249722536
249722536
249722536
249722536
249722536
249722536
249722536
249722536
249722536
249722536
249722536
249722536
249722536
249722536
249722536
249722536
249722536
249722536
249722536
249722536
249722536
249722536
249722536
249722536
249722536
249722536
249722536
249722536
249722536
249722536
249722536
249722536
249722536
249722536
249722536
249722536
249722536
249722536
249722536
249722536
249722536
249722536
249722536
249722536
249722536
249722536
249722536
249722536
249722536
249722536
249722536
249722536
249722536
249722536
249722536
249722536
124861268
124861268
124861268
124861268
124861268
124861268
124861268
124861268
124861268
124861268
124861268
124861268
124861268
124861268
124861268
124861268
124861268
124861268
124861268
124861268
124861268
124861268
124861268
124861268
124861268
124861268
124861268
124861268
124861268
124861268
124861268
124861268
124861268
124861268
124861268
124861268
124861268
124861268
124861268
124861268
124861268
124861268
124861268
124861268
124861268
124861268
124861268
124861268
124861268
124861268
124861268
124861268
124861268
124861268
124861268
124861268
124861268
124861268
124861268
124861268
124861268
124861268
124861268
124861268
124861268
124861268
124861268
124861268
124861268
124861268
124861268
124861268
124861268
124861268
124861268
124861268
124861268
124861268
62430634
62430634
62430634
62430634
31215317
31215317
31215317
31215317
31215317
31215317
31215317
31215317
31215317
31215317
31215317
31215317
31215317
31215317
31215317
31215317
31215317
31215317
31215317
31215317
31215317
31215317
31215317
31215317
31215317
31215317
31215317
31215317
31215317
31215317
31215317
31215317
31215317
31215317
31215317
31215317
31215317
31215317
31215317
31215317
31215317
31215317
31215317
31215317
31215317
31215317
31215317
31215317
31215317
31215317
31215317
31215317
31215317
31215317
31215317
31215317
31215317
31215317
31215317
31215317
31215317
31215317
31215317
31215317
31215317
31215317
31215317
31215317
31215317
31215317
31215317
31215317
31215317
31215317
31215317
31215317
31215317
31215317
31215317
31215317
31215317
31215317
31215317
31215317
31215317
31215317
31215317
31215317
31215317
31215317
31215317
31215317
31215317
31215317
31215317
31215317
31215317
515607662
515607662
515607662
515607662
515607662
515607662
515607662
515607662
515607662
515607662
515607662
515607662
515607662
515607662
515607662
515607662
515607662
515607662
515607662
515607662
515607662
515607662
515607662
515607662
515607662
515607662
515607662
515607662
515607662
515607662
515607662
515607662
515607662
515607662
515607662
515607662
515607662
515607662
515607662
515607662
515607662
515607662
515607662
515607662
515607662
515607662
515607662
515607662
515607662
515607662
515607662
515607662
515607662
515607662
515607662
515607662
515607662
515607662
515607662
515607662
515607662
515607662
515607662
515607662
515607662
515607662
515607662
515607662
515607662
515607662
515607662
515607662
515607662
515607662
515607662
515607662
515607662
515607662
515607662
515607662
515607662
515607662
515607662
515607662
515607662
515607662
515607662
515607662
515607662
515607662
515607662
515607662
515607662
515607662
515607662
515607662
515607662
257803831
257803831
257803831
257803831
257803831
257803831
257803831
257803831
257803831
257803831
257803831
257803831
257803831
257803831
257803831
257803831
257803831
257803831
257803831
257803831
257803831
257803831
257803831
257803831
257803831
257803831
257803831
257803831
257803831
257803831
257803831
257803831
257803831
257803831
257803831
257803831
628901919
628901919
628901919
628901919
628901919
628901919
628901919
628901919
628901919
628901919
628901919
628901919
628901919
628901919
628901919
628901919
814450963
814450963
814450963
814450963
814450963
814450963
814450963
814450963
814450963
814450963
814450963
814450963
814450963
814450963
814450963
814450963
814450963
814450963
814450963
814450963
814450963
814450963
814450963
814450963
907225485
907225485
907225485
907225485
907225485
907225485
907225485
907225485
907225485
907225485
907225485
907225485
907225485
907225485
907225485
907225485
907225485
907225485
907225485
907225485
907225485
907225485
907225485
907225485
907225485
907225485
907225485
907225485
907225485
907225485
907225485
907225485
907225485
907225485
907225485
907225485
907225485
907225485
907225485
907225485
907225485
907225485
907225485
907225485
907225485
907225485
907225485
907225485
907225485
907225485
907225485
907225485
907225485
907225485
907225485
907225485
907225485
907225485
907225485
907225485
907225485
907225485
907225485
907225485
907225485
907225485
907225485
907225485
907225485
907225485
907225485
907225485
907225485
907225485
907225485
907225485
907225485
907225485
907225485
907225485
907225485
907225485
907225485
907225485
907225485
907225485
907225485
907225485
907225485
907225485
907225485
907225485
907225485
907225485
907225485
907225485
907225485
907225485
907225485
907225485
907225485
907225485
907225485
907225485
907225485
907225485
907225485
907225485
907225485
907225485
907225485
907225485
907225485
907225485
907225485
907225485
907225485
907225485
907225485
907225485
907225485
907225485
907225485
907225485
907225485
907225485
907225485
907225485
907225485
907225485
907225485
907225485
907225485
907225485
907225485
907225485
907225485
907225485
907225485
907225485
907225485
907225485
907225485
907225485
953612746
953612746
953612746
953612746
953612746
953612746
953612746
953612746
953612746
953612746
953612746
953612746
953612746
953612746
953612746
953612746
953612746
953612746
953612746
953612746
953612746
953612746
953612746
953612746
953612746
953612746
953612746
953612746
953612746
953612746
953612746
953612746
953612746
953612746
953612746
953612746
953612746
953612746
953612746
953612746
953612746
953612746
476806373
476806373
476806373
476806373
476806373
476806373
476806373
476806373
476806373
476806373
476806373
476806373
476806373
476806373
476806373
476806373
476806373
738403190
738403190
738403190
738403190
738403190
738403190
738403190
738403190
738403190
738403190
738403190
738403190
738403190
738403190
738403190
738403190
738403190
738403190
738403190
738403190
738403190
738403190
738403190
738403190
738403190
738403190
738403190
738403190
738403190
738403190
738403190
738403190
738403190
738403190
738403190
738403190
738403190
738403190
738403190
738403190
738403190
738403190
738403190
738403190
738403190
738403190
738403190
738403190
738403190
738403190
369201595
369201595
369201595
369201595
369201595
369201595
369201595
369201595
369201595
369201595
369201595
369201595
369201595
369201595
369201595
369201595
369201595
369201595
369201595
369201595
369201595
369201595
369201595
369201595
369201595
369201595
369201595
369201595
369201595
369201595
369201595
369201595
369201595
369201595
369201595
369201595
369201595
369201595
369201595
369201595
684600801
684600801
684600801
684600801
684600801
684600801
684600801
684600801
684600801
684600801
684600801
684600801
684600801
684600801
684600801
684600801
684600801
684600801
684600801
684600801
684600801
684600801
684600801
684600801
684600801
842300404
842300404
842300404
842300404
842300404
842300404
842300404
842300404
842300404
842300404
842300404
842300404
842300404
842300404
842300404
842300404
842300404
842300404
842300404
842300404
842300404
842300404
842300404
842300404
842300404
842300404
842300404
842300404
842300404
842300404
842300404
842300404
842300404
842300404
842300404
842300404
842300404
842300404
842300404
421150202
421150202
421150202
421150202
421150202
421150202
421150202
421150202
421150202
421150202
421150202
421150202
421150202
421150202
421150202
421150202
421150202
421150202
421150202
421150202
421150202
421150202
421150202
421150202
421150202
421150202
421150202
421150202
421150202
421150202
421150202
421150202
421150202
421150202
421150202
421150202
421150202
421150202
421150202
421150202
421150202
421150202
421150202
421150202
421150202
421150202
421150202
421150202
421150202
421150202
421150202
421150202
421150202
421150202
421150202
421150202
421150202
421150202
421150202
421150202
421150202
421150202
421150202
421150202
421150202
421150202
421150202
421150202
421150202
421150202
421150202
421150202
421150202
421150202
421150202
421150202
421150202
421150202
421150202
421150202
421150202
421150202
421150202
421150202
421150202
421150202
421150202
421150202
421150202
421150202
421150202
421150202
421150202
421150202
421150202
421150202
421150202
421150202
421150202
421150202
421150202
421150202
421150202
421150202
421150202
421150202
421150202
421150202
421150202
421150202
421150202
421150202
421150202
421150202
421150202
421150202
421150202
421150202
421150202
421150202
421150202
421150202
421150202
421150202
421150202
421150202
421150202
421150202
421150202
421150202
421150202
421150202
421150202
421150202
421150202
421150202
421150202
421150202
421150202
421150202
421150202
421150202
421150202
421150202
421150202
421150202
421150202
421150202
421150202
421150202
421150202
421150202
421150202
421150202
421150202
421150202
421150202
421150202
421150202
421150202
421150202
421150202
421150202
421150202
421150202
421150202
421150202
421150202
421150202
421150202
421150202
421150202
421150202
421150202
421150202
421150202
421150202
421150202
421150202
421150202
421150202
421150202
421150202
421150202
421150202
421150202
421150202
421150202
421150202
421150202
421150202
421150202
421150202
421150202
421150202
421150202
421150202
421150202
421150202
421150202
421150202
421150202
421150202
421150202
421150202
421150202
421150202
421150202
421150202
421150202
421150202
421150202
421150202
421150202
421150202
421150202
421150202
421150202
421150202
421150202
421150202
421150202
421150202
421150202
421150202
421150202
421150202
421150202
421150202
421150202
421150202
421150202
421150202
421150202
421150202
421150202
421150202
421150202
421150202
421150202
421150202
421150202
421150202
421150202
421150202
421150202
421150202
421150202
421150202
421150202
421150202
421150202
421150202
421150202
421150202
421150202
421150202
421150202
421150202
421150202
421150202
421150202
421150202
421150202
421150202
421150202
421150202
421150202
421150202
421150202
421150202
421150202
421150202
421150202
421150202
421150202
421150202
421150202
421150202
421150202
421150202
421150202
421150202
421150202
421150202
421150202
421150202
421150202
421150202
421150202
421150202
421150202
421150202
421150202
421150202
421150202
421150202
421150202
421150202
421150202
421150202
421150202
421150202
421150202
421150202
421150202
421150202
421150202
421150202
421150202
421150202
421150202
421150202
421150202
421150202
421150202
421150202
421150202
421150202
421150202
421150202
421150202
421150202
421150202
421150202
421150202
421150202
421150202
421150202
421150202
421150202
421150202
421150202
421150202
421150202
421150202
421150202
421150202
421150202
421150202
421150202
421150202
421150202
421150202
421150202
421150202
421150202
421150202
421150202
421150202
421150202
421150202
421150202
421150202
421150202
421150202
421150202
421150202
421150202
421150202
421150202
421150202
421150202
421150202
421150202
421150202
421150202
421150202
421150202
421150202
421150202
421150202
421150202
421150202
421150202
421150202
421150202
421150202
421150202
421150202
421150202
421150202
421150202
421150202
421150202
421150202
421150202
421150202
421150202
421150202
421150202
421150202
210575101
210575101
210575101
210575101
210575101
210575101
210575101
210575101
210575101
210575101
210575101
210575101
210575101
210575101
210575101
210575101
210575101
210575101
605287554
605287554
605287554
605287554
605287554
605287554
605287554
605287554
605287554
605287554
605287554
605287554
605287554
605287554
605287554
605287554
605287554
605287554
605287554
605287554
605287554
605287554
605287554
605287554
605287554
605287554
605287554
605287554
605287554
605287554
605287554
605287554
605287554
605287554
605287554
605287554
605287554
605287554
605287554
605287554
605287554
605287554
605287554
605287554
605287554
605287554
605287554
605287554
605287554
605287554
605287554
605287554
605287554
605287554
605287554
605287554
605287554
605287554
605287554
605287554
605287554
302643777
302643777
302643777
651321892
651321892
651321892
651321892
651321892
651321892
651321892
651321892
651321892
651321892
651321892
651321892
651321892
651321892
651321892
651321892
651321892
651321892
651321892
651321892
651321892
651321892
651321892
651321892
651321892
651321892
651321892
651321892
651321892
651321892
651321892
651321892
651321892
651321892
651321892
651321892
651321892
651321892
651321892
651321892
651321892
651321892
651321892
651321892
651321892
651321892
651321892
651321892
651321892
651321892
651321892
651321892
651321892
651321892
651321892
651321892
651321892
651321892
651321892
651321892
651321892
651321892
651321892
651321892
651321892
651321892
651321892
651321892
651321892
651321892
651321892
651321892
651321892
651321892
651321892
651321892
651321892
651321892
651321892
651321892
651321892
651321892
651321892
651321892
651321892
651321892
651321892
651321892
651321892
651321892
651321892
651321892
651321892
651321892
651321892
651321892
651321892
651321892
651321892
651321892
651321892
651321892
651321892
651321892
651321892
651321892
651321892
651321892
651321892
651321892
651321892
651321892
651321892
651321892
651321892
651321892
651321892
651321892
651321892
651321892
651321892
651321892
651321892
651321892
651321892
651321892
651321892
651321892
651321892
651321892
651321892
651321892
651321892
651321892
651321892
651321892
651321892
651321892
651321892
651321892
651321892
651321892
651321892
325660946
325660946
325660946
325660946
325660946
325660946
325660946
325660946
325660946
325660946
325660946
325660946
325660946
325660946
325660946
325660946
325660946
325660946
325660946
325660946
325660946
325660946
325660946
325660946
325660946
325660946
325660946
162830473
162830473
162830473
162830473
162830473
162830473
162830473
162830473
162830473
162830473
162830473
162830473
162830473
162830473
162830473
162830473
162830473
162830473
162830473
162830473
162830473
162830473
162830473
162830473
162830473
162830473
162830473
162830473
162830473
162830473
162830473
162830473
162830473
162830473
162830473
162830473
162830473
162830473
162830473
162830473
162830473
162830473
162830473
162830473
162830473
162830473
162830473
162830473
162830473
162830473
162830473
162830473
162830473
162830473
162830473
162830473
162830473
162830473
162830473
162830473
162830473
162830473
162830473
162830473
162830473
162830473
162830473
162830473
162830473
162830473
162830473
162830473
162830473
162830473
162830473
162830473
162830473
162830473
162830473
162830473
162830473
162830473
162830473
162830473
162830473
162830473
162830473
162830473
162830473
162830473
162830473
162830473
162830473
162830473
162830473
162830473
162830473
162830473
162830473
162830473
162830473
162830473
162830473
162830473
162830473
162830473
162830473
162830473
162830473
162830473
162830473
162830473
162830473
162830473
162830473
162830473
162830473
162830473
162830473
162830473
162830473
162830473
162830473
162830473
162830473
162830473
162830473
162830473
162830473
162830473
162830473
162830473
162830473
162830473
162830473
162830473
162830473
162830473
162830473
162830473
162830473
162830473
162830473
162830473
162830473
162830473
162830473
162830473
162830473
162830473
162830473
162830473
162830473
162830473
162830473
162830473
162830473
162830473
162830473
162830473
162830473
162830473
162830473
162830473
162830473
162830473
162830473
162830473
162830473
162830473
162830473
162830473
162830473
162830473
162830473
162830473
162830473
162830473
162830473
162830473
162830473
162830473
162830473
162830473
162830473
162830473
162830473
162830473
162830473
162830473
162830473
162830473
162830473
162830473
162830473
162830473
162830473
162830473
162830473
162830473
162830473
162830473
162830473
162830473
162830473
162830473
162830473
162830473
162830473
162830473
162830473
162830473
162830473
162830473
162830473
162830473
162830473
162830473
162830473
162830473
162830473
162830473
162830473
162830473
162830473
162830473
162830473
162830473
162830473
162830473
162830473
162830473
162830473
162830473
162830473
162830473
162830473
162830473
162830473
162830473
162830473
162830473
162830473
581415240
581415240
581415240
581415240
581415240
581415240
581415240
581415240
581415240
581415240
581415240
581415240
581415240
581415240
581415240
581415240
581415240
581415240
581415240
581415240
581415240
581415240
581415240
581415240
581415240
581415240
581415240
581415240
581415240
581415240
581415240
581415240
581415240
290707620
290707620
290707620
290707620
290707620
290707620
290707620
290707620
290707620
290707620
290707620
290707620
290707620
290707620
290707620
290707620
290707620
290707620
290707620
290707620
290707620
290707620
290707620
290707620
290707620
290707620
290707620
290707620
290707620
290707620
290707620
290707620
290707620
290707620
290707620
145353810
145353810
145353810
145353810
145353810
145353810
145353810
145353810
145353810
145353810
145353810
145353810
145353810
145353810
145353810
145353810
145353810
145353810
145353810
145353810
145353810
145353810
145353810
145353810
145353810
145353810
145353810
145353810
145353810
145353810
145353810
145353810
145353810
145353810
145353810
145353810
145353810
145353810
145353810
145353810
145353810
145353810
145353810
145353810
145353810
145353810
145353810
145353810
72676905
72676905
72676905
72676905
72676905
72676905
72676905
72676905
72676905
72676905
72676905
72676905
72676905
72676905
72676905
72676905
72676905
72676905
72676905
72676905
72676905
72676905
72676905
72676905
72676905
72676905
72676905
72676905
72676905
72676905
72676905
72676905
72676905
72676905
72676905
72676905
72676905
72676905
72676905
72676905
72676905
72676905
72676905
72676905
72676905
72676905
72676905
72676905
72676905
72676905
72676905
72676905
72676905
72676905
72676905
72676905
72676905
536338456
536338456
536338456
536338456
536338456
536338456
536338456
536338456
536338456
536338456
536338456
536338456
536338456
536338456
536338456
536338456
536338456
536338456
536338456
536338456
536338456
536338456
536338456
536338456
536338456
536338456
536338456
536338456
536338456
536338456
536338456
536338456
536338456
536338456
536338456
536338456
536338456
536338456
536338456
536338456
536338456
536338456
536338456
536338456
536338456
536338456
536338456
536338456
536338456
536338456
536338456
536338456
536338456
536338456
536338456
536338456
536338456
536338456
536338456
536338456
536338456
536338456
536338456
536338456
536338456
536338456
536338456
536338456
536338456
536338456
536338456
536338456
536338456
536338456
536338456
536338456
536338456
268169228
268169228
268169228
268169228
268169228
268169228
268169228
268169228
268169228
268169228
268169228
268169228
268169228
268169228
268169228
268169228
268169228
268169228
268169228
268169228
268169228
268169228
268169228
268169228
268169228
268169228
268169228
268169228
268169228
268169228
268169228
268169228
268169228
268169228
268169228
268169228
134084614
134084614
134084614
134084614
134084614
134084614
134084614
134084614
134084614
134084614
134084614
134084614
134084614
134084614
134084614
134084614
134084614
134084614
134084614
134084614
134084614
134084614
134084614
134084614
134084614
134084614
134084614
134084614
134084614
134084614
134084614
134084614
134084614
134084614
134084614
134084614
134084614
134084614
134084614
134084614
134084614
134084614
134084614
134084614
134084614
134084614
134084614
134084614
134084614
134084614
134084614
134084614
134084614
134084614
134084614
134084614
134084614
134084614
134084614
134084614
134084614
134084614
134084614
134084614
134084614
134084614
134084614
134084614
134084614
134084614
134084614
134084614
134084614
134084614
134084614
134084614
134084614
134084614
134084614
134084614
134084614
134084614
134084614
134084614
134084614
134084614
134084614
134084614
134084614
134084614
134084614
134084614
134084614
134084614
134084614
134084614
134084614
134084614
134084614
134084614
134084614
134084614
134084614
134084614
134084614
134084614
134084614
134084614
134084614
134084614
134084614
134084614
134084614
134084614
134084614
134084614
134084614
134084614
134084614
134084614
134084614
134084614
134084614
134084614
134084614
134084614
134084614
134084614
134084614
134084614
134084614
134084614
134084614
134084614
134084614
134084614
134084614
134084614
134084614
134084614
134084614
134084614
134084614
134084614
134084614
134084614
134084614
134084614
134084614
134084614
134084614
134084614
134084614
134084614
134084614
134084614
134084614
134084614
134084614
134084614
134084614
134084614
134084614
134084614
134084614
134084614
134084614
134084614
134084614
134084614
134084614
134084614
134084614
134084614
134084614
134084614
134084614
134084614
134084614
134084614
134084614
134084614
134084614
134084614
134084614
134084614
134084614
134084614
134084614
134084614
134084614
134084614
134084614
134084614
134084614
134084614
134084614
134084614
134084614
134084614
134084614
134084614
134084614
134084614
134084614
134084614
134084614
134084614
134084614
134084614
134084614
134084614
134084614
134084614
134084614
134084614
134084614
134084614
134084614
134084614
134084614
134084614
134084614
134084614
134084614
134084614
134084614
134084614
134084614
134084614
134084614
134084614
134084614
134084614
134084614
134084614
134084614
134084614
134084614
134084614
134084614
134084614
134084614
134084614
134084614
134084614
134084614
134084614
134084614
134084614
134084614
134084614
134084614
134084614
134084614
134084614
134084614
134084614
134084614
134084614
134084614
134084614
134084614
134084614
134084614
134084614
134084614
134084614
134084614
134084614
134084614
134084614
134084614
134084614
134084614
134084614
134084614
134084614
134084614
134084614
134084614
134084614
134084614
134084614
134084614
134084614
134084614
134084614
134084614
134084614
134084614
134084614
134084614
134084614
134084614
134084614
134084614
134084614
134084614
134084614
134084614
134084614
134084614
134084614
134084614
134084614
134084614
134084614
134084614
134084614
134084614
134084614
134084614
134084614
134084614
134084614
134084614
134084614
134084614
134084614
134084614
134084614
134084614
134084614
134084614
134084614
134084614
134084614
134084614
134084614
134084614
134084614
134084614
134084614
134084614
134084614
134084614
134084614
134084614
134084614
134084614
134084614
134084614
134084614
134084614
134084614
134084614
134084614
134084614
134084614
134084614
134084614
134084614
134084614
134084614
134084614
134084614
134084614
134084614
134084614
134084614
134084614
134084614
134084614
134084614
134084614
134084614
134084614
134084614
134084614
134084614
134084614
134084614
134084614
134084614
134084614
134084614
134084614
134084614
134084614
134084614
134084614
134084614
134084614
134084614
134084614
134084614
134084614
134084614
134084614
134084614
134084614
134084614
134084614
134084614
134084614
134084614
134084614
134084614
134084614
134084614
134084614
134084614
134084614
134084614
134084614
134084614
134084614
134084614
134084614
134084614
134084614
134084614
134084614
134084614
134084614
134084614
134084614
134084614
134084614
134084614
134084614
134084614
134084614
134084614
134084614
134084614
134084614
134084614
134084614
134084614
134084614
134084614
134084614
134084614
134084614
134084614
134084614
134084614
134084614
134084614
134084614
134084614
134084614
134084614
134084614
134084614
134084614
134084614
134084614
134084614
134084614
134084614
134084614
134084614
134084614
134084614
134084614
134084614
134084614
134084614
134084614
134084614
134084614
134084614
134084614
134084614
134084614
134084614
134084614
134084614
134084614
134084614
134084614
134084614
134084614
134084614
134084614
134084614
134084614
134084614
134084614
134084614
134084614
134084614
134084614
134084614
134084614
134084614
134084614
134084614
134084614
134084614
134084614
134084614
134084614
134084614
134084614
134084614
134084614
134084614
134084614
134084614
134084614
134084614
134084614
134084614
134084614
134084614
134084614
134084614
134084614
134084614
134084614
134084614
134084614
134084614
134084614
134084614
134084614
134084614
134084614
134084614
134084614
134084614
134084614
134084614
134084614
134084614
134084614
134084614
134084614
134084614
134084614
134084614
134084614
67042307
67042307
67042307
67042307
67042307
67042307
67042307
67042307
67042307
67042307
67042307
67042307
67042307
67042307
67042307
67042307
67042307
67042307
67042307
67042307
67042307
67042307
67042307
67042307
67042307
67042307
67042307
67042307
67042307
67042307
67042307
67042307
67042307
67042307
67042307
67042307
67042307
67042307
67042307
67042307
67042307
67042307
67042307
67042307
67042307
533521157
533521157
533521157
533521157
533521157
533521157
533521157
533521157
533521157
533521157
533521157
533521157
533521157
533521157
533521157
533521157
533521157
533521157
533521157
533521157
533521157
533521157
533521157
533521157
533521157
533521157
533521157
533521157
533521157
533521157
533521157
533521157
533521157
533521157
533521157
533521157
533521157
533521157
533521157
533521157
533521157
533521157
533521157
533521157
533521157
533521157
533521157
533521157
533521157
533521157
533521157
533521157
533521157
533521157
533521157
533521157
533521157
533521157
533521157
533521157
533521157
533521157
533521157
533521157
533521157
533521157
533521157
533521157
533521157
533521157
533521157
533521157
533521157
533521157
533521157
533521157
533521157
533521157
533521157
533521157
533521157
533521157
533521157
533521157
533521157
533521157
533521157
533521157
533521157
533521157
533521157
533521157
533521157
533521157
533521157
533521157
533521157
533521157
533521157
533521157
533521157
533521157
533521157
533521157
533521157
533521157
533521157
533521157
533521157
533521157
533521157
533521157
533521157
533521157
533521157
533521157
533521157
533521157
533521157
533521157
533521157
533521157
533521157
533521157
533521157
533521157
533521157
533521157
533521157
533521157
533521157
533521157
533521157
533521157
533521157
533521157
533521157
533521157
533521157
533521157
533521157
533521157
533521157
533521157
533521157
533521157
533521157
533521157
533521157
533521157
533521157
533521157
533521157
533521157
533521157
533521157
533521157
533521157
533521157
533521157
533521157
533521157
533521157
533521157
533521157
533521157
533521157
533521157
533521157
533521157
533521157
533521157
533521157
533521157
533521157
533521157
533521157
533521157
533521157
533521157
533521157
533521157
533521157
533521157
533521157
533521157
533521157
533521157
533521157
533521157
533521157
533521157
533521157
533521157
533521157
533521157
533521157
533521157
533521157
533521157
533521157
533521157
533521157
533521157
533521157
533521157
533521157
533521157
533521157
533521157
533521157
533521157
766760582
766760582
766760582
766760582
766760582
766760582
766760582
766760582
766760582
766760582
766760582
766760582
766760582
766760582
766760582
766760582
766760582
766760582
766760582
766760582
766760582
766760582
766760582
766760582
766760582
766760582
766760582
766760582
766760582
766760582
766760582
766760582
766760582
766760582
766760582
766760582
766760582
766760582
766760582
766760582
766760582
766760582
766760582
766760582
766760582
766760582
766760582
766760582
766760582
766760582
766760582
766760582
766760582
766760582
766760582
766760582
766760582
766760582
766760582
766760582
766760582
766760582
766760582
766760582
766760582
766760582
766760582
766760582
766760582
766760582
766760582
766760582
766760582
766760582
766760582
766760582
766760582
766760582
766760582
766760582
766760582
766760582
766760582
766760582
383380291
383380291
383380291
383380291
383380291
383380291
383380291
383380291
383380291
383380291
383380291
383380291
383380291
383380291
383380291
383380291
383380291
383380291
383380291
383380291
383380291
383380291
383380291
383380291
383380291
383380291
383380291
383380291
383380291
383380291
383380291
383380291
383380291
383380291
383380291
383380291
383380291
383380291
383380291
383380291
383380291
383380291
383380291
383380291
383380291
383380291
383380291
383380291
383380291
383380291
383380291
383380291
383380291
383380291
383380291
383380291
383380291
383380291
383380291
383380291
383380291
383380291
383380291
383380291
383380291
383380291
383380291
383380291
383380291
383380291
383380291
383380291
383380291
383380291
383380291
383380291
383380291
383380291
383380291
383380291
383380291
383380291
383380291
383380291
383380291
383380291
383380291
383380291
383380291
383380291
383380291
383380291
383380291
383380291
383380291
383380291
383380291
383380291
383380291
383380291
383380291
383380291
383380291
383380291
383380291
383380291
383380291
383380291
383380291
383380291
383380291
383380291
383380291
383380291
383380291
383380291
383380291
383380291
383380291
383380291
383380291
383380291
383380291
383380291
383380291
383380291
383380291
383380291
383380291
383380291
383380291
383380291
383380291
383380291
383380291
383380291
383380291
383380291
383380291
383380291
383380291
383380291
383380291
383380291
383380291
383380291
383380291
383380291
383380291
383380291
383380291
383380291
383380291
383380291
383380291
383380291
383380291
383380291
383380291
383380291
691690149
691690149
691690149
691690149
691690149
691690149
691690149
691690149
691690149
691690149
691690149
691690149
691690149
691690149
691690149
691690149
691690149
691690149
691690149
691690149
691690149
691690149
691690149
691690149
691690149
691690149
691690149
691690149
691690149
691690149
691690149
691690149
691690149
691690149
691690149
691690149
691690149
691690149
691690149
691690149
691690149
691690149
691690149
691690149
691690149
691690149
691690149
691690149
691690149
691690149
691690149
691690149
691690149
691690149
691690149
691690149
691690149
691690149
691690149
691690149
691690149
691690149
691690149
691690149
691690149
691690149
691690149
691690149
691690149
691690149
691690149
691690149
691690149
691690149
691690149
691690149
691690149
691690149
691690149
691690149
691690149
691690149
691690149
691690149
691690149
845845078
845845078
845845078
845845078
845845078
845845078
845845078
845845078
845845078
845845078
845845078
845845078
845845078
845845078
845845078
845845078
845845078
845845078
845845078
845845078
845845078
845845078
845845078
845845078
845845078
845845078
845845078
845845078
845845078
845845078
845845078
845845078
845845078
845845078
845845078
845845078
845845078
845845078
845845078
845845078
845845078
845845078
845845078
845845078
845845078
845845078
845845078
845845078
845845078
845845078
845845078
845845078
845845078
845845078
845845078
845845078
845845078
845845078
845845078
845845078
845845078
845845078
845845078
845845078
845845078
845845078
845845078
845845078
845845078
845845078
845845078
845845078
845845078
845845078
845845078
845845078
845845078
845845078
845845078
845845078
845845078
845845078
845845078
845845078
845845078
845845078
845845078
845845078
845845078
845845078
845845078
845845078
845845078
845845078
845845078
845845078
845845078
845845078
845845078
845845078
845845078
845845078
845845078
845845078
845845078
845845078
845845078
845845078
845845078
845845078
845845078
845845078
845845078
845845078
845845078
845845078
845845078
845845078
845845078
845845078
845845078
845845078
845845078
845845078
845845078
845845078
845845078
845845078
845845078
845845078
845845078
845845078
845845078
845845078
845845078
845845078
845845078
845845078
845845078
845845078
845845078
845845078
845845078
845845078
845845078
845845078
845845078
845845078
845845078
845845078
845845078
845845078
845845078
845845078
845845078
845845078
845845078
845845078
845845078
845845078
845845078
845845078
845845078
845845078
845845078
845845078
845845078
845845078
845845078
845845078
845845078
845845078
845845078
845845078
845845078
845845078
845845078
845845078
845845078
845845078
845845078
845845078
845845078
845845078
845845078
845845078
845845078
845845078
845845078
845845078
845845078
845845078
845845078
845845078
845845078
845845078
845845078
845845078
845845078
845845078
845845078
845845078
845845078
845845078
845845078
845845078
845845078
845845078
845845078
845845078
845845078
845845078
845845078
845845078
845845078
845845078
845845078
845845078
845845078
845845078
845845078
845845078
845845078
845845078
845845078
845845078
845845078
845845078
845845078
845845078
845845078
845845078
845845078
845845078
845845078
845845078
845845078
845845078
845845078
845845078
845845078
845845078
845845078
845845078
845845078
845845078
845845078
845845078
845845078
845845078
845845078
845845078
845845078
845845078
845845078
845845078
845845078
845845078
845845078
845845078
845845078
845845078
845845078
845845078
845845078
845845078
845845078
845845078
845845078
845845078
845845078
845845078
845845078
845845078
845845078
845845078
845845078
845845078
845845078
845845078
845845078
845845078
845845078
845845078
845845078
845845078
845845078
845845078
845845078
845845078
845845078
845845078
845845078
845845078
422922539
422922539
422922539
422922539
422922539
422922539
422922539
422922539
422922539
422922539
422922539
422922539
422922539
422922539
422922539
422922539
422922539
422922539
422922539
422922539
422922539
422922539
422922539
422922539
422922539
422922539
422922539
422922539
422922539
422922539
422922539
422922539
422922539
422922539
422922539
422922539
422922539
422922539
422922539
422922539
422922539
422922539
422922539
422922539
422922539
422922539
422922539
422922539
422922539
422922539
422922539
711461273
711461273
711461273
711461273
711461273
711461273
711461273
711461273
711461273
711461273
711461273
711461273
711461273
711461273
711461273
711461273
711461273
711461273
711461273
711461273
711461273
711461273
711461273
711461273
711461273
711461273
711461273
711461273
711461273
711461273
711461273
711461273
711461273
711461273
711461273
711461273
711461273
711461273
711461273
711461273
711461273
711461273
711461273
711461273
711461273
711461273
711461273
711461273
711461273
711461273
711461273
711461273
711461273
711461273
711461273
711461273
711461273
711461273
711461273
711461273
711461273
711461273
711461273
711461273
711461273
711461273
711461273
711461273
711461273
711461273
711461273
711461273
711461273
711461273
711461273
711461273
711461273
711461273
711461273
711461273
711461273
711461273
711461273
711461273
711461273
711461273
711461273
711461273
711461273
711461273
711461273
711461273
711461273
711461273
711461273
711461273
711461273
711461273
711461273
711461273
711461273
711461273
711461273
711461273
711461273
711461273
711461273
711461273
711461273
711461273
711461273
711461273
711461273
711461273
711461273
711461273
711461273
711461273
711461273
711461273
711461273
711461273
711461273
711461273
711461273
711461273
711461273
711461273
711461273
711461273
711461273
711461273
711461273
711461273
711461273
711461273
711461273
711461273
711461273
711461273
711461273
711461273
711461273
711461273
711461273
711461273
711461273
711461273
711461273
711461273
711461273
711461273
711461273
711461273
711461273
711461273
711461273
711461273
711461273
711461273
711461273
711461273
711461273
711461273
711461273
711461273
711461273
711461273
711461273
711461273
711461273
711461273
711461273
711461273
711461273
711461273
711461273
711461273
711461273
711461273
711461273
711461273
711461273
711461273
711461273
711461273
711461273
711461273
711461273
711461273
711461273
711461273
711461273
711461273
711461273
711461273
711461273
711461273
711461273
711461273
711461273
711461273
711461273
711461273
711461273
711461273
711461273
711461273
711461273
711461273
711461273
711461273
711461273
711461273
711461273
711461273
711461273
711461273
711461273
711461273
711461273
711461273
711461273
711461273
711461273
711461273
711461273
711461273
711461273
711461273
711461273
711461273
711461273
711461273
711461273
711461273
711461273
711461273
711461273
711461273
711461273
711461273
711461273
711461273
711461273
711461273
711461273
711461273
711461273
711461273
711461273
711461273
711461273
711461273
711461273
711461273
711461273
711461273
711461273
711461273
711461273
711461273
711461273
711461273
711461273
711461273
711461273
711461273
711461273
711461273
711461273
711461273
711461273
711461273
711461273
711461273
711461273
711461273
711461273
711461273
711461273
711461273
711461273
711461273
711461273
711461273
711461273
711461273
711461273
711461273
711461273
711461273
711461273
711461273
711461273
711461273
711461273
711461273
711461273
711461273
711461273
711461273
711461273
711461273
711461273
711461273
711461273
711461273
711461273
711461273
711461273
711461273
711461273
711461273
711461273
711461273
711461273
711461273
711461273
711461273
711461273
711461273
711461273
711461273
711461273
711461273
711461273
711461273
711461273
711461273
711461273
711461273
711461273
711461273
711461273
711461273
711461273
711461273
711461273
711461273
711461273
711461273
711461273
711461273
711461273
711461273
711461273
711461273
711461273
711461273
711461273
711461273
711461273
711461273
711461273
711461273
711461273
711461273
711461273
711461273
711461273
711461273
711461273
711461273
711461273
711461273
711461273
711461273
711461273
711461273
711461273
711461273
711461273
711461273
711461273
711461273
711461273
711461273
711461273
711461273
711461273
711461273
711461273
711461273
711461273
711461273
711461273
711461273
711461273
711461273
855730640
855730640
855730640
855730640
855730640
855730640
855730640
855730640
855730640
855730640
855730640
855730640
855730640
855730640
855730640
855730640
855730640
855730640
855730640
855730640
855730640
855730640
855730640
855730640
855730640
855730640
855730640
855730640
855730640
855730640
855730640
855730640
855730640
855730640
855730640
855730640
855730640
855730640
855730640
855730640
855730640
855730640
855730640
855730640
855730640
855730640
855730640
855730640
855730640
855730640
855730640
855730640
855730640
855730640
855730640
855730640
855730640
427865320
427865320
427865320
427865320
427865320
427865320
427865320
427865320
427865320
427865320
427865320
427865320
427865320
427865320
213932660
213932660
213932660
213932660
213932660
213932660
213932660
213932660
213932660
213932660
213932660
213932660
213932660
213932660
213932660
213932660
213932660
213932660
213932660
213932660
213932660
213932660
213932660
213932660
213932660
213932660
213932660
213932660
213932660
213932660
213932660
213932660
213932660
213932660
213932660
213932660
213932660
213932660
213932660
213932660
213932660
213932660
213932660
213932660
213932660
213932660
213932660
213932660
213932660
213932660
213932660
213932660
213932660
213932660
213932660
213932660
213932660
213932660
213932660
213932660
213932660
213932660
213932660
213932660
213932660
213932660
213932660
213932660
213932660
213932660
213932660
213932660
213932660
213932660
213932660
213932660
213932660
213932660
213932660
213932660
213932660
213932660
213932660
213932660
213932660
213932660
213932660
213932660
213932660
213932660
213932660
213932660
213932660
213932660
213932660
213932660
213932660
213932660
213932660
213932660
213932660
213932660
213932660
213932660
213932660
213932660
213932660
213932660
213932660
213932660
213932660
213932660
213932660
213932660
213932660
213932660
213932660
213932660
213932660
213932660
213932660
213932660
213932660
213932660
213932660
213932660
213932660
213932660
213932660
213932660
213932660
213932660
213932660
213932660
213932660
213932660
213932660
213932660
213932660
213932660
213932660
213932660
213932660
213932660
213932660
213932660
213932660
213932660
213932660
213932660
213932660
213932660
213932660
213932660
213932660
213932660
213932660
213932660
213932660
213932660
213932660
213932660
213932660
213932660
213932660
213932660
213932660
213932660
213932660
213932660
213932660
213932660
213932660
106966330
106966330
106966330
106966330
106966330
106966330
106966330
106966330
106966330
106966330
106966330
106966330
106966330
106966330
106966330
106966330
106966330
106966330
106966330
106966330
106966330
106966330
106966330
106966330
106966330
106966330
106966330
106966330
106966330
106966330
106966330
106966330
106966330
106966330
106966330
106966330
106966330
106966330
106966330
106966330
106966330
106966330
106966330
106966330
106966330
106966330
106966330
106966330
106966330
106966330
106966330
106966330
106966330
106966330
106966330
106966330
106966330
106966330
106966330
106966330
106966330
106966330
106966330
106966330
106966330
106966330
106966330
106966330
106966330
106966330
106966330
106966330
106966330
106966330
106966330
106966330
106966330
106966330
106966330
106966330
106966330
106966330
106966330
106966330
106966330
106966330
106966330
106966330
106966330
106966330
106966330
106966330
106966330
106966330
106966330
106966330
106966330
106966330
106966330
106966330
106966330
106966330
106966330
106966330
106966330
106966330
106966330
106966330
106966330
106966330
106966330
106966330
106966330
106966330
106966330
106966330
106966330
106966330
106966330
106966330
106966330
106966330
106966330
106966330
106966330
106966330
106966330
106966330
106966330
106966330
106966330
106966330
106966330
106966330
106966330
106966330
106966330
106966330
106966330
106966330
106966330
106966330
106966330
106966330
106966330
106966330
106966330
106966330
106966330
106966330
106966330
106966330
106966330
106966330
106966330
106966330
106966330
106966330
106966330
106966330
106966330
106966330
106966330
106966330
106966330
106966330
106966330
106966330
106966330
106966330
106966330
106966330
106966330
106966330
106966330
106966330
106966330
106966330
106966330
106966330
106966330
106966330
106966330
106966330
106966330
106966330
106966330
106966330
106966330
106966330
106966330
106966330
106966330
106966330
106966330
106966330
106966330
106966330
106966330
106966330
106966330
106966330
106966330
106966330
106966330
106966330
106966330
106966330
106966330
106966330
106966330
106966330
106966330
106966330
106966330
106966330
106966330
106966330
106966330
106966330
106966330
106966330
106966330
106966330
106966330
106966330
106966330
106966330
106966330
106966330
106966330
106966330
106966330
106966330
106966330
106966330
106966330
106966330
106966330
106966330
106966330
106966330
106966330
106966330
106966330
106966330
106966330
106966330
106966330
106966330
106966330
106966330
106966330
106966330
106966330
106966330
106966330
106966330
106966330
106966330
106966330
53483165
526741586
526741586
526741586
526741586
526741586
526741586
526741586
526741586
526741586
526741586
526741586
526741586
526741586
526741586
526741586
526741586
526741586
526741586
526741586
263370793
263370793
263370793
263370793
263370793
263370793
263370793
263370793
263370793
263370793
263370793
263370793
263370793
263370793
263370793
263370793
263370793
263370793
263370793
263370793
263370793
263370793
263370793
263370793
263370793
263370793
263370793
263370793
263370793
263370793
263370793
263370793
263370793
263370793
263370793
263370793
263370793
263370793
263370793
263370793
263370793
263370793
263370793
263370793
263370793
263370793
263370793
263370793
263370793
263370793
263370793
263370793
263370793
263370793
263370793
263370793
263370793
263370793
263370793
263370793
263370793
263370793
263370793
263370793
263370793
263370793
263370793
263370793
263370793
263370793
263370793
263370793
263370793
263370793
263370793
263370793
263370793
263370793
263370793
263370793
263370793
263370793
263370793
263370793
263370793
263370793
263370793
263370793
263370793
263370793
263370793
263370793
263370793
263370793
263370793
263370793
263370793
631685400
631685400
631685400
631685400
631685400
631685400
631685400
631685400
631685400
631685400
631685400
631685400
631685400
631685400
631685400
631685400
631685400
631685400
631685400
631685400
631685400
631685400
631685400
631685400
631685400
631685400
631685400
631685400
631685400
631685400
631685400
631685400
631685400
631685400
631685400
631685400
631685400
631685400
631685400
631685400
631685400
631685400
631685400
631685400
631685400
631685400
631685400
631685400
631685400
631685400
631685400
631685400
631685400
631685400
631685400
631685400
631685400
631685400
631685400
631685400
631685400
631685400
631685400
631685400
631685400
631685400
631685400
631685400
631685400
631685400
631685400
631685400
631685400
631685400
631685400
631685400
631685400
631685400
631685400
631685400
631685400
631685400
631685400
631685400
631685400
631685400
631685400
631685400
631685400
631685400
631685400
631685400
631685400
631685400
631685400
631685400
631685400
631685400
631685400
631685400
631685400
631685400
631685400
631685400
631685400
631685400
631685400
631685400
631685400
631685400
631685400
631685400
631685400
631685400
631685400
631685400
631685400
631685400
631685400
631685400
631685400
631685400
631685400
631685400
631685400
631685400
631685400
631685400
631685400
631685400
631685400
631685400
631685400
631685400
631685400
631685400
631685400
631685400
631685400
631685400
631685400
631685400
315842700
315842700
315842700
315842700
315842700
315842700
315842700
315842700
315842700
315842700
315842700
315842700
315842700
315842700
315842700
315842700
315842700
315842700
315842700
315842700
315842700
315842700
315842700
315842700
315842700
315842700
315842700
315842700
315842700
315842700
315842700
315842700
315842700
315842700
315842700
315842700
315842700
315842700
315842700
315842700
315842700
315842700
315842700
315842700
315842700
315842700
315842700
315842700
315842700
315842700
315842700
157921350
157921350
157921350
157921350
157921350
157921350
157921350
157921350
157921350
157921350
157921350
157921350
157921350
157921350
157921350
157921350
157921350
157921350
157921350
157921350
157921350
157921350
157921350
157921350
157921350
157921350
157921350
157921350
157921350
157921350
157921350
157921350
157921350
157921350
157921350
157921350
157921350
157921350
157921350
157921350
157921350
157921350
157921350
157921350
157921350
157921350
157921350
157921350
157921350
157921350
157921350
157921350
157921350
157921350
157921350
157921350
157921350
157921350
157921350
157921350
157921350
157921350
157921350
157921350
157921350
157921350
78960675
78960675
78960675
78960675
78960675
78960675
78960675
78960675
78960675
78960675
78960675
78960675
78960675
78960675
78960675
78960675
78960675
78960675
78960675
78960675
78960675
78960675
78960675
78960675
78960675
78960675
78960675
78960675
78960675
78960675
78960675
78960675
78960675
78960675
78960675
78960675
78960675
78960675
78960675
78960675
78960675
78960675
78960675
78960675
78960675
78960675
78960675
78960675
78960675
78960675
78960675
78960675
78960675
78960675
78960675
78960675
78960675
78960675
78960675
78960675
78960675
78960675
78960675
78960675
78960675
78960675
78960675
78960675
78960675
78960675
78960675
78960675
78960675
78960675
78960675
78960675
78960675
78960675
78960675
78960675
78960675
78960675
78960675
78960675
78960675
78960675
78960675
78960675
78960675
78960675
78960675
78960675
78960675
78960675
78960675
78960675
78960675
78960675
78960675
78960675
78960675
539480341
539480341
539480341
539480341
539480341
539480341
539480341
539480341
539480341
539480341
539480341
539480341
539480341
539480341
539480341
539480341
539480341
539480341
539480341
539480341
539480341
769740174
769740174
769740174
769740174
769740174
769740174
769740174
769740174
769740174
769740174
769740174
769740174
769740174
769740174
769740174
769740174
769740174
769740174
769740174
769740174
769740174
769740174
769740174
769740174
769740174
769740174
769740174
769740174
769740174
769740174
769740174
769740174
769740174
769740174
769740174
769740174
769740174
769740174
769740174
769740174
769740174
384870087
692435047
692435047
692435047
692435047
692435047
692435047
692435047
692435047
692435047
692435047
692435047
692435047
692435047
692435047
692435047
692435047
692435047
692435047
692435047
692435047
692435047
692435047
692435047
692435047
692435047
692435047
692435047
692435047
692435047
692435047
692435047
692435047
692435047
692435047
692435047
692435047
692435047
692435047
692435047
692435047
846217527
846217527
846217527
846217527
846217527
923108767
923108767
923108767
923108767
923108767
923108767
923108767
923108767
923108767
923108767
923108767
923108767
923108767
923108767
923108767
923108767
923108767
923108767
923108767
923108767
923108767
923108767
923108767
923108767
923108767
923108767
923108767
923108767
923108767
923108767
923108767
923108767
923108767
923108767
923108767
923108767
923108767
923108767
923108767
923108767
923108767
923108767
923108767
923108767
923108767
923108767
923108767
923108767
961554387
961554387
961554387
961554387
961554387
961554387
961554387
961554387
961554387
961554387
961554387
961554387
961554387
961554387
961554387
961554387
961554387
961554387
961554387
961554387
961554387
961554387
961554387
961554387
961554387
961554387
961554387
961554387
961554387
961554387
961554387
961554387
961554387
961554387
961554387
961554387
961554387
961554387
961554387
961554387
961554387
961554387
961554387
961554387
961554387
961554387
961554387
961554387
961554387
961554387
961554387
961554387
961554387
961554387
961554387
961554387
961554387
961554387
961554387
961554387
961554387
961554387
961554387
961554387
961554387
961554387
961554387
961554387
961554387
961554387
961554387
961554387
961554387
961554387
961554387
961554387
961554387
961554387
961554387
961554387
961554387
961554387
961554387
961554387
961554387
961554387
961554387
961554387
961554387
961554387
961554387
961554387
961554387
961554387
961554387
961554387
961554387
961554387
961554387
961554387
961554387
961554387
961554387
961554387
961554387
961554387
961554387
961554387
961554387
961554387
961554387
961554387
961554387
961554387
961554387
961554387
961554387
961554387
961554387
961554387
961554387
961554387
961554387
961554387
961554387
961554387
961554387
961554387
961554387
961554387
961554387
961554387
961554387
961554387
961554387
961554387
961554387
961554387
961554387
961554387
961554387
961554387
961554387
961554387
961554387
961554387
961554387
961554387
961554387
961554387
961554387
961554387
961554387
961554387
961554387
961554387
961554387
961554387
961554387
961554387
961554387
961554387
961554387
961554387
961554387
961554387
961554387
961554387
961554387
961554387
961554387
961554387
961554387
961554387
961554387
961554387
961554387
961554387
961554387
961554387
961554387
961554387
961554387
961554387
961554387
961554387
961554387
961554387
961554387
961554387
961554387
961554387
961554387
961554387
961554387
961554387
961554387
961554387
961554387
961554387
961554387
961554387
961554387
961554387
961554387
961554387
961554387
961554387
961554387
961554387
961554387
961554387
961554387
961554387
961554387
961554387
961554387
961554387
961554387
961554387
961554387
961554387
961554387
961554387
961554387
961554387
961554387
961554387
961554387
961554387
961554387
961554387
961554387
961554387
961554387
961554387
961554387
961554387
961554387
961554387
961554387
961554387
961554387
961554387
961554387
961554387
961554387
961554387
961554387
961554387
961554387
961554387
961554387
961554387
961554387
961554387
961554387
961554387
961554387
961554387
961554387
961554387
961554387
980777197
980777197
980777197
980777197
980777197
980777197
980777197
980777197
980777197
980777197
980777197
980777197
980777197
980777197
980777197
980777197
980777197
980777197
980777197
980777197
980777197
980777197
980777197
980777197
980777197
980777197
980777197
980777197
980777197
980777197
980777197
980777197
980777197
980777197
980777197
980777197
980777197
980777197
980777197
980777197
980777197
980777197
980777197
980777197
980777197
980777197
980777197
980777197
980777197
980777197
980777197
980777197
980777197
980777197
980777197
980777197
980777197
980777197
980777197
980777197
980777197
980777197
980777197
980777197
980777197
980777197
980777197
980777197
980777197
980777197
980777197
980777197
980777197
980777197
980777197
980777197
980777197
980777197
980777197
980777197
980777197
980777197
980777197
980777197
980777197
980777197
980777197
980777197
980777197
980777197
980777197
980777197
980777197
980777197
980777197
980777197
980777197
980777197
980777197
980777197
980777197
980777197
980777197
980777197
980777197
980777197
980777197
980777197
980777197
980777197
980777197
980777197
980777197
980777197
980777197
980777197
980777197
980777197
980777197
980777197
980777197
980777197
980777197
980777197
980777197
980777197
980777197
980777197
980777197
980777197
980777197
980777197
980777197
980777197
980777197
980777197
980777197
980777197
980777197
980777197
980777197
980777197
980777197
980777197
980777197
980777197
980777197
980777197
980777197
980777197
980777197
980777197
980777197
980777197
980777197
980777197
980777197
980777197
980777197
980777197
980777197
980777197
980777197
980777197
980777197
980777197
980777197
980777197
980777197
980777197
980777197
980777197
980777197
980777197
980777197
980777197
980777197
980777197
980777197
980777197
980777197
980777197
980777197
980777197
980777197
990388602
990388602
990388602
990388602
990388602
990388602
990388602
990388602
990388602
990388602
990388602
990388602
990388602
990388602
990388602
990388602
990388602
990388602
990388602
990388602
990388602
990388602
990388602
990388602
990388602
990388602
990388602
990388602
990388602
990388602
990388602
990388602
990388602
990388602
990388602
990388602
990388602
990388602
990388602
990388602
990388602
990388602
990388602
990388602
990388602
990388602
990388602
990388602
990388602
990388602
990388602
990388602
990388602
990388602
990388602
990388602
990388602
990388602
990388602
990388602
990388602
990388602
990388602
990388602
990388602
990388602
990388602
990388602
990388602
990388602
990388602
990388602
990388602
990388602
990388602
990388602
990388602
990388602
990388602
990388602
990388602
990388602
990388602
495194301
495194301
495194301
495194301
495194301
495194301
495194301
495194301
495194301
495194301
495194301
495194301
495194301
495194301
495194301
495194301
495194301
495194301
495194301
495194301
495194301
495194301
495194301
495194301
495194301
495194301
495194301
495194301
495194301
495194301
495194301
495194301
495194301
495194301
495194301
495194301
495194301
495194301
495194301
495194301
495194301
495194301
495194301
495194301
495194301
495194301
495194301
495194301
495194301
495194301
495194301
495194301
495194301
495194301
495194301
495194301
495194301
495194301
495194301
495194301
495194301
495194301
495194301
495194301
495194301
495194301
495194301
495194301
495194301
495194301
495194301
495194301
495194301
495194301
495194301
495194301
495194301
495194301
495194301
495194301
495194301
495194301
495194301
495194301
495194301
495194301
495194301
495194301
495194301
495194301
495194301
495194301
495194301
495194301
495194301
495194301
495194301
495194301
495194301
495194301
495194301
495194301
495194301
495194301
495194301
495194301
495194301
495194301
495194301
495194301
495194301
495194301
495194301
495194301
495194301
495194301
495194301
495194301
495194301
495194301
495194301
495194301
495194301
495194301
495194301
495194301
495194301
495194301
495194301
495194301
495194301
495194301
495194301
495194301
495194301
495194301
495194301
495194301
495194301
495194301
495194301
495194301
495194301
495194301
495194301
495194301
495194301
495194301
495194301
495194301
495194301
495194301
495194301
495194301
495194301
495194301
495194301
495194301
495194301
495194301
495194301
495194301
495194301
495194301
495194301
495194301
495194301
495194301
495194301
495194301
495194301
495194301
495194301
495194301
495194301
495194301
495194301
495194301
495194301
495194301
495194301
495194301
495194301
495194301
495194301
495194301
495194301
495194301
495194301
495194301
495194301
495194301
495194301
495194301
495194301
495194301
495194301
495194301
495194301
495194301
495194301
495194301
495194301
495194301
495194301
495194301
495194301
495194301
495194301
495194301
495194301
495194301
495194301
495194301
495194301
495194301
495194301
495194301
495194301
495194301
495194301
495194301
495194301
495194301
495194301
495194301
495194301
495194301
495194301
495194301
495194301
495194301
495194301
495194301
495194301
495194301
495194301
495194301
495194301
495194301
495194301
495194301
495194301
495194301
495194301
495194301
495194301
495194301
495194301
495194301
495194301
495194301
495194301
495194301
495194301
495194301
495194301
495194301
495194301
495194301
495194301
495194301
495194301
495194301
495194301
495194301
495194301
495194301
495194301
495194301
495194301
495194301
495194301
495194301
495194301
495194301
495194301
495194301
495194301
495194301
495194301
495194301
495194301
495194301
495194301
495194301
495194301
495194301
495194301
495194301
495194301
495194301
495194301
495194301
495194301
495194301
495194301
495194301
495194301
495194301
495194301
495194301
495194301
495194301
495194301
495194301
495194301
495194301
495194301
495194301
495194301
495194301
495194301
495194301
495194301
495194301
495194301
495194301
495194301
495194301
495194301
495194301
495194301
495194301
495194301
495194301
495194301
495194301
495194301
495194301
495194301
495194301
495194301
495194301
495194301
495194301
495194301
495194301
495194301
495194301
495194301
495194301
747597154
747597154
747597154
747597154
747597154
747597154
747597154
747597154
747597154
747597154
747597154
747597154
747597154
747597154
747597154
747597154
747597154
747597154
747597154
747597154
747597154
747597154
747597154
747597154
747597154
747597154
747597154
747597154
747597154
747597154
747597154
747597154
747597154
747597154
747597154
747597154
747597154
747597154
747597154
747597154
747597154
747597154
747597154
747597154
747597154
747597154
747597154
747597154
747597154
747597154
747597154
747597154
747597154
747597154
747597154
747597154
747597154
747597154
747597154
747597154
747597154
747597154
747597154
747597154
747597154
747597154
747597154
747597154
747597154
747597154
747597154
747597154
747597154
747597154
747597154
747597154
747597154
747597154
747597154
747597154
747597154
747597154
747597154
747597154
747597154
747597154
747597154
747597154
747597154
747597154
747597154
747597154
747597154
747597154
373798577
373798577
686899292
686899292
686899292
686899292
686899292
686899292
686899292
686899292
686899292
686899292
686899292
686899292
686899292
686899292
686899292
686899292
686899292
686899292
686899292
686899292
686899292
686899292
686899292
686899292
686899292
686899292
686899292
686899292
686899292
686899292
686899292
686899292
686899292
686899292
686899292
686899292
686899292
686899292
686899292
686899292
686899292
686899292
686899292
686899292
686899292
686899292
686899292
686899292
686899292
686899292
686899292
686899292
686899292
686899292
686899292
686899292
686899292
686899292
686899292
686899292
686899292
686899292
686899292
686899292
686899292
686899292
686899292
686899292
686899292
686899292
686899292
686899292
686899292
686899292
686899292
686899292
686899292
686899292
686899292
686899292
686899292
686899292
686899292
686899292
343449646
343449646
343449646
343449646
343449646
343449646
343449646
343449646
343449646
343449646
343449646
343449646
343449646
343449646
343449646
343449646
343449646
343449646
343449646
343449646
343449646
343449646
343449646
343449646
343449646
343449646
343449646
343449646
343449646
343449646
343449646
343449646
343449646
343449646
343449646
343449646
343449646
343449646
343449646
343449646
343449646
343449646
343449646
343449646
343449646
343449646
343449646
343449646
343449646
343449646
343449646
343449646
343449646
343449646
171724823
171724823
171724823
171724823
171724823
171724823
171724823
171724823
171724823
171724823
171724823
171724823
171724823
171724823
171724823
171724823
171724823
171724823
171724823
171724823
171724823
171724823
171724823
171724823
171724823
171724823
171724823
171724823
171724823
171724823
171724823
171724823
171724823
171724823
171724823
171724823
171724823
171724823
171724823
171724823
171724823
171724823
171724823
171724823
171724823
171724823
171724823
171724823
171724823
171724823
171724823
171724823
171724823
171724823
171724823
171724823
171724823
171724823
171724823
171724823
171724823
171724823
171724823
171724823
171724823
171724823
171724823
171724823
171724823
171724823
171724823
171724823
171724823
171724823
171724823
585862415
585862415
585862415
585862415
585862415
585862415
585862415
585862415
585862415
585862415
585862415
585862415
585862415
585862415
585862415
585862415
585862415
585862415
585862415
585862415
585862415
585862415
585862415
585862415
585862415
585862415
585862415
585862415
585862415
585862415
585862415
585862415
585862415
585862415
585862415
585862415
585862415
585862415
585862415
585862415
585862415
585862415
585862415
585862415
585862415
585862415
585862415
585862415
585862415
585862415
585862415
585862415
585862415
585862415
585862415
585862415
585862415
585862415
585862415
585862415
585862415
585862415
585862415
585862415
585862415
585862415
585862415
585862415
585862415
585862415
585862415
585862415
585862415
585862415
585862415
585862415
585862415
585862415
585862415
585862415
585862415
585862415
585862415
585862415
585862415
585862415
585862415
585862415
585862415
585862415
585862415
585862415
585862415
585862415
585862415
585862415
585862415
585862415
585862415
585862415
585862415
585862415
585862415
585862415
585862415
585862415
585862415
585862415
585862415
585862415
585862415
585862415
585862415
585862415
585862415
585862415
585862415
585862415
585862415
585862415
585862415
585862415
585862415
585862415
585862415
585862415
585862415
585862415
585862415
585862415
585862415
585862415
585862415
585862415
585862415
585862415
792931211
792931211
792931211
792931211
792931211
792931211
792931211
792931211
792931211
792931211
792931211
792931211
792931211
792931211
792931211
792931211
792931211
792931211
792931211
792931211
792931211
792931211
792931211
792931211
792931211
792931211
792931211
792931211
792931211
792931211
792931211
792931211
792931211
792931211
792931211
792931211
792931211
792931211
792931211
792931211
792931211
792931211
792931211
792931211
792931211
792931211
792931211
792931211
792931211
792931211
792931211
792931211
792931211
792931211
792931211
792931211
792931211
792931211
792931211
792931211
792931211
792931211
792931211
792931211
792931211
792931211
792931211
792931211
792931211
792931211
792931211
792931211
792931211
792931211
792931211
792931211
792931211
792931211
792931211
792931211
792931211
792931211
792931211
792931211
792931211
792931211
792931211
792931211
792931211
792931211
792931211
792931211
792931211
792931211
792931211
792931211
792931211
792931211
792931211
792931211
792931211
792931211
792931211
792931211
792931211
792931211
792931211
792931211
792931211
792931211
792931211
792931211
792931211
792931211
792931211
792931211
792931211
792931211
792931211
792931211
792931211
792931211
792931211
792931211
792931211
792931211
792931211
792931211
792931211
792931211
792931211
792931211
792931211
792931211
792931211
792931211
792931211
792931211
792931211
792931211
792931211
792931211
792931211
792931211
792931211
792931211
792931211
792931211
792931211
792931211
792931211
792931211
792931211
792931211
792931211
792931211
792931211
792931211
792931211
792931211
792931211
792931211
792931211
792931211
792931211
792931211
792931211
792931211
792931211
792931211
792931211
792931211
792931211
792931211
792931211
792931211
792931211
792931211
792931211
792931211
792931211
792931211
792931211
792931211
792931211
792931211
792931211
792931211
792931211
792931211
792931211
792931211
792931211
792931211
792931211
792931211
792931211
792931211
792931211
792931211
792931211
792931211
792931211
792931211
792931211
792931211
792931211
792931211
792931211
792931211
792931211
792931211
792931211
792931211
792931211
792931211
792931211
792931211
792931211
792931211
792931211
792931211
792931211
792931211
792931211
792931211
792931211
792931211
792931211
792931211
792931211
792931211
792931211
792931211
792931211
792931211
792931211
792931211
792931211
792931211
792931211
792931211
792931211
792931211
792931211
792931211
792931211
792931211
792931211
792931211
792931211
792931211
792931211
792931211
792931211
792931211
792931211
792931211
792931211
792931211
792931211
792931211
792931211
792931211
792931211
792931211
792931211
792931211
792931211
792931211
792931211
792931211
792931211
792931211
792931211
792931211
792931211
792931211
792931211
792931211
792931211
792931211
792931211
792931211
792931211
792931211
792931211
792931211
792931211
792931211
792931211
792931211
792931211
792931211
792931211
792931211
792931211
792931211
792931211
792931211
792931211
792931211
792931211
792931211
792931211
792931211
792931211
792931211
792931211
792931211
792931211
792931211
792931211
792931211
792931211
792931211
792931211
896465609
896465609
896465609
896465609
896465609
896465609
896465609
896465609
948232808
948232808
948232808
948232808
948232808
948232808
948232808
948232808
948232808
948232808
948232808
948232808
948232808
948232808
948232808
948232808
948232808
948232808
948232808
948232808
474116404
474116404
474116404
474116404
474116404
474116404
474116404
474116404
474116404
474116404
474116404
474116404
474116404
474116404
474116404
474116404
474116404
474116404
474116404
474116404
474116404
474116404
474116404
474116404
474116404
474116404
474116404
474116404
474116404
474116404
474116404
474116404
474116404
474116404
474116404
474116404
474116404
474116404
474116404
474116404
474116404
474116404
474116404
474116404
474116404
474116404
474116404
474116404
474116404
474116404
474116404
474116404
474116404
474116404
474116404
474116404
474116404
474116404
474116404
474116404
237058202
237058202
237058202
237058202
237058202
237058202
237058202
237058202
237058202
237058202
237058202
237058202
237058202
237058202
237058202
237058202
237058202
237058202
237058202
237058202
237058202
237058202
237058202
237058202
237058202
237058202
237058202
237058202
237058202
237058202
237058202
237058202
237058202
237058202
237058202
237058202
237058202
237058202
237058202
237058202
237058202
237058202
237058202
237058202
237058202
237058202
237058202
237058202
237058202
237058202
237058202
237058202
237058202
237058202
237058202
237058202
237058202
237058202
237058202
237058202
237058202
237058202
237058202
237058202
237058202
237058202
237058202
237058202
237058202
237058202
237058202
237058202
237058202
237058202
237058202
237058202
237058202
237058202
237058202
237058202
237058202
237058202
237058202
237058202
237058202
237058202
237058202
237058202
237058202
237058202
237058202
237058202
237058202
237058202
237058202
237058202
237058202
237058202
237058202
237058202
237058202
237058202
237058202
237058202
237058202
237058202
237058202
237058202
237058202
237058202
237058202
237058202
237058202
237058202
237058202
237058202
237058202
237058202
237058202
237058202
237058202
118529101
118529101
118529101
118529101
118529101
118529101
118529101
118529101
118529101
118529101
118529101
118529101
118529101
118529101
118529101
118529101
118529101
118529101
118529101
118529101
118529101
118529101
118529101
118529101
118529101
118529101
118529101
118529101
118529101
118529101
118529101
118529101
118529101
118529101
118529101
118529101
118529101
118529101
118529101
118529101
118529101
118529101
118529101
118529101
118529101
118529101
118529101
118529101
118529101
118529101
118529101
118529101
118529101
118529101
118529101
118529101
118529101
118529101
118529101
118529101
118529101
118529101
118529101
118529101
118529101
118529101
118529101
118529101
118529101
118529101
118529101
118529101
118529101
118529101
118529101
118529101
118529101
118529101
118529101
118529101
118529101
118529101
118529101
118529101
118529101
118529101
118529101
118529101
118529101
118529101
118529101
118529101
118529101
118529101
118529101
118529101
118529101
118529101
118529101
118529101
118529101
118529101
118529101
118529101
118529101
118529101
118529101
118529101
118529101
118529101
118529101
118529101
118529101
118529101
118529101
118529101
559264554
559264554
559264554
559264554
559264554
559264554
559264554
559264554
559264554
559264554
559264554
559264554
559264554
559264554
559264554
559264554
559264554
559264554
559264554
559264554
559264554
559264554
559264554
559264554
559264554
559264554
559264554
559264554
559264554
559264554
559264554
559264554
559264554
559264554
559264554
559264554
559264554
559264554
559264554
559264554
559264554
559264554
559264554
559264554
559264554
559264554
559264554
559264554
559264554
559264554
559264554
559264554
559264554
559264554
559264554
559264554
559264554
559264554
559264554
559264554
559264554
559264554
559264554
559264554
559264554
559264554
559264554
559264554
559264554
559264554
559264554
559264554
559264554
559264554
559264554
559264554
559264554
559264554
559264554
559264554
559264554
559264554
559264554
559264554
559264554
559264554
559264554
559264554
559264554
559264554
559264554
559264554
559264554
559264554
559264554
559264554
559264554
559264554
559264554
559264554
559264554
559264554
559264554
559264554
559264554
559264554
559264554
559264554
559264554
559264554
559264554
559264554
559264554
559264554
559264554
559264554
559264554
559264554
559264554
559264554
559264554
559264554
559264554
559264554
559264554
559264554
559264554
559264554
559264554
559264554
559264554
559264554
559264554
559264554
559264554
559264554
559264554
559264554
559264554
559264554
559264554
559264554
559264554
559264554
559264554
559264554
559264554
279632277
279632277
279632277
279632277
279632277
639816142
639816142
639816142
639816142
639816142
639816142
639816142
639816142
639816142
639816142
639816142
639816142
639816142
639816142
639816142
639816142
639816142
639816142
639816142
639816142
639816142
639816142
639816142
639816142
639816142
639816142
639816142
639816142
639816142
639816142
639816142
639816142
639816142
639816142
639816142
639816142
639816142
639816142
639816142
639816142
639816142
639816142
639816142
639816142
639816142
639816142
639816142
639816142
639816142
639816142
639816142
639816142
639816142
639816142
639816142
639816142
639816142
639816142
639816142
639816142
639816142
639816142
639816142
639816142
639816142
639816142
639816142
639816142
639816142
639816142
639816142
639816142
639816142
639816142
639816142
639816142
639816142
639816142
639816142
639816142
639816142
639816142
639816142
639816142
639816142
639816142
639816142
639816142
639816142
639816142
639816142
639816142
639816142
639816142
639816142
639816142
639816142
639816142
639816142
639816142
639816142
639816142
639816142
639816142
639816142
639816142
639816142
639816142
639816142
639816142
639816142
639816142
639816142
639816142
639816142
639816142
639816142
639816142
639816142
639816142
639816142
639816142
639816142
639816142
639816142
639816142
639816142
639816142
639816142
639816142
639816142
639816142
639816142
639816142
639816142
639816142
639816142
639816142
639816142
639816142
639816142
639816142
639816142
639816142
639816142
639816142
639816142
639816142
639816142
639816142
639816142
639816142
639816142
639816142
639816142
639816142
639816142
639816142
639816142
639816142
639816142
639816142
639816142
639816142
639816142
639816142
639816142
639816142
639816142
639816142
639816142
639816142
639816142
639816142
639816142
639816142
639816142
639816142
639816142
639816142
639816142
639816142
639816142
639816142
639816142
319908071
319908071
319908071
319908071
319908071
319908071
319908071
319908071
319908071
319908071
319908071
319908071
319908071
319908071
319908071
319908071
319908071
319908071
319908071
319908071
319908071
319908071
319908071
319908071
319908071
319908071
319908071
319908071
319908071
319908071
319908071
319908071
319908071
319908071
319908071
319908071
319908071
319908071
319908071
319908071
319908071
319908071
319908071
319908071
319908071
319908071
319908071
319908071
319908071
319908071
319908071
319908071
319908071
319908071
319908071
319908071
319908071
319908071
319908071
319908071
319908071
319908071
319908071
319908071
319908071
319908071
319908071
319908071
319908071
319908071
319908071
319908071
319908071
319908071
319908071
319908071
319908071
319908071
319908071
319908071
319908071
319908071
319908071
319908071
319908071
319908071
319908071
319908071
319908071
319908071
319908071
319908071
319908071
319908071
319908071
319908071
319908071
319908071
319908071
319908071
319908071
319908071
319908071
319908071
319908071
319908071
319908071
319908071
319908071
319908071
319908071
319908071
319908071
319908071
319908071
319908071
319908071
319908071
319908071
319908071
319908071
319908071
319908071
319908071
319908071
319908071
319908071
319908071
319908071
319908071
319908071
319908071
319908071
319908071
319908071
319908071
319908071
319908071
319908071
319908071
319908071
319908071
319908071
319908071
319908071
319908071
319908071
319908071
319908071
319908071
319908071
319908071
319908071
319908071
319908071
319908071
319908071
319908071
319908071
319908071
319908071
319908071
319908071
319908071
319908071
319908071
319908071
319908071
319908071
319908071
319908071
319908071
319908071
319908071
319908071
319908071
319908071
319908071
319908071
319908071
319908071
319908071
319908071
319908071
319908071
319908071
319908071
319908071
659954039
659954039
659954039
659954039
659954039
659954039
659954039
659954039
659954039
659954039
659954039
659954039
659954039
659954039
659954039
659954039
659954039
659954039
659954039
659954039
659954039
659954039
659954039
659954039
659954039
659954039
659954039
659954039
659954039
659954039
659954039
659954039
659954039
659954039
659954039
829977023
829977023
829977023
829977023
829977023
829977023
829977023
829977023
829977023
829977023
829977023
829977023
829977023
829977023
829977023
829977023
829977023
829977023
829977023
829977023
829977023
829977023
829977023
829977023
829977023
829977023
829977023
829977023
829977023
829977023
829977023
829977023
829977023
829977023
829977023
829977023
829977023
829977023
829977023
829977023
829977023
829977023
829977023
829977023
829977023
829977023
829977023
829977023
829977023
829977023
829977023
829977023
829977023
829977023
829977023
829977023
829977023
829977023
829977023
829977023
829977023
829977023
829977023
829977023
829977023
829977023
829977023
829977023
829977023
829977023
829977023
829977023
829977023
829977023
829977023
829977023
829977023
829977023
829977023
829977023
829977023
829977023
829977023
829977023
829977023
829977023
829977023
829977023
829977023
829977023
829977023
829977023
829977023
829977023
829977023
829977023
829977023
829977023
829977023
829977023
829977023
829977023
829977023
829977023
829977023
829977023
829977023
829977023
829977023
829977023
829977023
829977023
829977023
829977023
829977023
829977023
829977023
829977023
829977023
829977023
829977023
829977023
829977023
829977023
829977023
829977023
914988515
914988515
914988515
914988515
914988515
914988515
914988515
914988515
914988515
914988515
914988515
914988515
914988515
914988515
914988515
914988515
914988515
914988515
914988515
914988515
914988515
914988515
914988515
914988515
914988515
914988515
914988515
914988515
914988515
914988515
914988515
914988515
914988515
914988515
914988515
914988515
914988515
914988515
914988515
914988515
914988515
914988515
914988515
914988515
914988515
914988515
914988515
914988515
914988515
914988515
914988515
914988515
914988515
914988515
914988515
914988515
914988515
914988515
914988515
914988515
914988515
914988515
914988515
914988515
914988515
914988515
914988515
914988515
914988515
914988515
914988515
914988515
914988515
914988515
914988515
914988515
914988515
914988515
914988515
914988515
914988515
914988515
914988515
914988515
914988515
914988515
914988515
914988515
914988515
914988515
914988515
914988515
914988515
914988515
914988515
914988515
914988515
914988515
914988515
914988515
914988515
914988515
914988515
914988515
914988515
914988515
914988515
914988515
914988515
914988515
914988515
914988515
914988515
914988515
914988515
914988515
914988515
914988515
914988515
914988515
914988515
914988515
914988515
914988515
914988515
914988515
914988515
914988515
914988515
914988515
914988515
914988515
914988515
914988515
914988515
914988515
914988515
914988515
914988515
914988515
914988515
914988515
914988515
914988515
914988515
914988515
914988515
914988515
914988515
914988515
914988515
914988515
914988515
914988515
914988515
914988515
914988515
914988515
914988515
914988515
914988515
914988515
914988515
914988515
914988515
914988515
914988515
914988515
914988515
914988515
914988515
914988515
914988515
914988515
914988515
914988515
914988515
914988515
914988515
914988515
914988515
914988515
914988515
914988515
914988515
914988515
914988515
914988515
914988515
914988515
914988515
914988515
914988515
914988515
914988515
914988515
914988515
914988515
914988515
914988515
914988515
914988515
914988515
914988515
914988515
914988515
914988515
914988515
914988515
914988515
914988515
914988515
914988515
914988515
914988515
914988515
914988515
914988515
914988515
914988515
914988515
914988515
914988515
914988515
914988515
914988515
914988515
914988515
914988515
914988515
914988515
914988515
914988515
914988515
914988515
914988515
914988515
914988515
914988515
957494261
957494261
957494261
957494261
957494261
957494261
957494261
978747134
978747134
978747134
978747134
978747134
978747134
978747134
978747134
978747134
978747134
978747134
978747134
978747134
978747134
978747134
978747134
978747134
978747134
978747134
978747134
978747134
978747134
978747134
978747134
978747134
978747134
978747134
489373567
489373567
489373567
489373567
489373567
489373567
489373567
489373567
489373567
489373567
489373567
489373567
489373567
489373567
489373567
489373567
489373567
489373567
489373567
489373567
489373567
489373567
489373567
489373567
489373567
489373567
489373567
489373567
489373567
489373567
489373567
489373567
489373567
489373567
489373567
489373567
489373567
489373567
489373567
489373567
489373567
489373567
489373567
489373567
489373567
489373567
489373567
489373567
489373567
489373567
489373567
489373567
489373567
489373567
489373567
489373567
489373567
489373567
489373567
489373567
489373567
489373567
489373567
489373567
489373567
489373567
489373567
489373567
489373567
489373567
489373567
489373567
489373567
489373567
489373567
489373567
489373567
489373567
489373567
489373567
489373567
489373567
489373567
489373567
489373567
489373567
489373567
489373567
489373567
489373567
489373567
489373567
489373567
489373567
489373567
489373567
489373567
489373567
489373567
489373567
489373567
489373567
489373567
489373567
489373567
489373567
489373567
489373567
489373567
489373567
489373567
489373567
489373567
489373567
489373567
489373567
489373567
489373567
489373567
489373567
489373567
489373567
489373567
489373567
489373567
489373567
489373567
489373567
489373567
489373567
489373567
489373567
489373567
489373567
489373567
489373567
489373567
489373567
489373567
489373567
489373567
489373567
489373567
489373567
489373567
489373567
489373567
489373567
489373567
489373567
489373567
489373567
489373567
489373567
489373567
489373567
489373567
489373567
489373567
489373567
489373567
489373567
489373567
489373567
489373567
489373567
489373567
489373567
489373567
489373567
489373567
489373567
489373567
489373567
489373567
489373567
489373567
489373567
489373567
489373567
489373567
489373567
489373567
489373567
489373567
489373567
489373567
489373567
489373567
489373567
489373567
489373567
489373567
489373567
489373567
489373567
489373567
489373567
489373567
489373567
489373567
489373567
489373567
489373567
489373567
489373567
489373567
489373567
489373567
489373567
489373567
489373567
489373567
744686787
744686787
744686787
744686787
744686787
744686787
744686787
744686787
744686787
744686787
744686787
744686787
744686787
744686787
744686787
744686787
744686787
744686787
744686787
744686787
744686787
744686787
744686787
744686787
744686787
744686787
744686787
744686787
744686787
744686787
744686787
744686787
744686787
744686787
744686787
744686787
744686787
744686787
744686787
744686787
872343397
872343397
872343397
872343397
872343397
872343397
872343397
872343397
872343397
872343397
872343397
872343397
872343397
872343397
872343397
872343397
872343397
872343397
872343397
872343397
872343397
872343397
872343397
872343397
872343397
872343397
872343397
872343397
872343397
872343397
872343397
872343397
872343397
872343397
872343397
872343397
872343397
872343397
872343397
872343397
872343397
872343397
872343397
872343397
872343397
872343397
872343397
872343397
872343397
872343397
872343397
872343397
872343397
872343397
872343397
872343397
872343397
872343397
872343397
872343397
872343397
872343397
872343397
872343397
872343397
872343397
872343397
872343397
872343397
872343397
872343397
872343397
872343397
872343397
872343397
872343397
872343397
872343397
872343397
872343397
872343397
872343397
872343397
872343397
872343397
872343397
872343397
872343397
872343397
872343397
872343397
936171702
936171702
936171702
936171702
936171702
936171702
936171702
936171702
936171702
936171702
936171702
936171702
936171702
936171702
936171702
936171702
936171702
936171702
936171702
936171702
936171702
936171702
468085851
468085851
468085851
468085851
468085851
468085851
468085851
468085851
468085851
468085851
468085851
468085851
468085851
468085851
468085851
468085851
468085851
468085851
468085851
468085851
468085851
468085851
468085851
468085851
468085851
468085851
468085851
468085851
468085851
468085851
468085851
468085851
468085851
468085851
468085851
468085851
468085851
468085851
468085851
468085851
468085851
468085851
468085851
468085851
468085851
468085851
468085851
468085851
468085851
468085851
468085851
468085851
468085851
468085851
468085851
468085851
468085851
468085851
468085851
468085851
468085851
468085851
468085851
468085851
468085851
468085851
468085851
468085851
468085851
468085851
468085851
468085851
468085851
468085851
468085851
468085851
468085851
468085851
468085851
468085851
468085851
468085851
468085851
468085851
468085851
468085851
468085851
468085851
468085851
468085851
468085851
468085851
468085851
468085851
468085851
468085851
468085851
468085851
468085851
468085851
468085851
468085851
468085851
468085851
468085851
468085851
468085851
468085851
468085851
468085851
468085851
468085851
468085851
468085851
468085851
468085851
468085851
468085851
468085851
468085851
468085851
468085851
468085851
468085851
468085851
468085851
468085851
468085851
468085851
468085851
468085851
468085851
468085851
468085851
468085851
468085851
468085851
468085851
468085851
468085851
468085851
468085851
468085851
468085851
468085851
468085851
468085851
468085851
468085851
468085851
468085851
468085851
468085851
468085851
468085851
468085851
468085851
468085851
468085851
468085851
468085851
468085851
468085851
468085851
468085851
468085851
468085851
468085851
468085851
468085851
468085851
468085851
468085851
468085851
468085851
468085851
468085851
468085851
468085851
468085851
468085851
468085851
468085851
468085851
468085851
468085851
468085851
468085851
468085851
468085851
468085851
468085851
468085851
468085851
734042929
734042929
734042929
734042929
734042929
734042929
734042929
734042929
734042929
734042929
734042929
734042929
734042929
734042929
734042929
734042929
734042929
734042929
734042929
734042929
734042929
734042929
734042929
734042929
734042929
734042929
734042929
867021468
867021468
867021468
867021468
867021468
867021468
867021468
867021468
867021468
867021468
867021468
867021468
867021468
867021468
867021468
867021468
867021468
867021468
867021468
867021468
867021468
867021468
867021468
867021468
867021468
867021468
867021468
867021468
867021468
867021468
867021468
867021468
867021468
867021468
867021468
867021468
867021468
867021468
867021468
867021468
867021468
867021468
867021468
867021468
867021468
867021468
867021468
867021468
867021468
867021468
867021468
867021468
867021468
867021468
867021468
867021468
867021468
867021468
867021468
867021468
867021468
867021468
867021468
867021468
867021468
867021468
867021468
867021468
867021468
867021468
867021468
867021468
867021468
867021468
867021468
867021468
867021468
867021468
867021468
867021468
867021468
867021468
867021468
867021468
867021468
867021468
867021468
867021468
867021468
867021468
867021468
867021468
867021468
867021468
867021468
867021468
867021468
867021468
867021468
867021468
867021468
867021468
867021468
867021468
867021468
867021468
867021468
867021468
867021468
867021468
867021468
867021468
867021468
867021468
867021468
867021468
867021468
867021468
867021468
867021468
867021468
867021468
867021468
867021468
867021468
867021468
867021468
867021468
867021468
867021468
867021468
867021468
867021468
867021468
867021468
867021468
867021468
867021468
867021468
867021468
867021468
867021468
867021468
867021468
867021468
867021468
433510734
433510734
433510734
433510734
433510734
433510734
433510734
433510734
433510734
433510734
433510734
433510734
433510734
433510734
433510734
433510734
433510734
433510734
433510734
433510734
433510734
433510734
433510734
433510734
433510734
433510734
433510734
433510734
433510734
433510734
433510734
433510734
433510734
433510734
433510734
433510734
433510734
433510734
433510734
433510734
433510734
433510734
433510734
433510734
433510734
433510734
433510734
433510734
433510734
433510734
433510734
433510734
433510734
433510734
433510734
433510734
433510734
433510734
433510734
433510734
433510734
433510734
433510734
433510734
433510734
433510734
433510734
433510734
433510734
433510734
433510734
433510734
433510734
433510734
433510734
433510734
433510734
433510734
433510734
433510734
433510734
433510734
433510734
433510734
433510734
433510734
433510734
433510734
433510734
433510734
433510734
433510734
433510734
433510734
433510734
433510734
433510734
433510734
433510734
433510734
433510734
433510734
433510734
433510734
433510734
433510734
433510734
433510734
433510734
433510734
433510734
433510734
433510734
433510734
433510734
433510734
433510734
433510734
433510734
433510734
433510734
433510734
433510734
433510734
433510734
433510734
433510734
433510734
433510734
433510734
433510734
433510734
433510734
433510734
433510734
433510734
433510734
433510734
433510734
433510734
433510734
433510734
433510734
433510734
433510734
433510734
433510734
433510734
433510734
433510734
433510734
433510734
433510734
433510734
433510734
433510734
433510734
433510734
433510734
433510734
433510734
433510734
433510734
433510734
433510734
433510734
433510734
433510734
433510734
433510734
433510734
433510734
433510734
433510734
433510734
433510734
433510734
433510734
433510734
433510734
433510734
433510734
433510734
433510734
433510734
433510734
433510734
433510734
433510734
433510734
433510734
433510734
433510734
433510734
433510734
433510734
433510734
433510734
433510734
433510734
433510734
433510734
433510734
433510734
433510734
433510734
433510734
433510734
433510734
433510734
433510734
433510734
433510734
433510734
433510734
433510734
433510734
433510734
433510734
433510734
433510734
433510734
433510734
433510734
433510734
433510734
433510734
433510734
433510734
433510734
433510734
433510734
433510734
433510734
433510734
433510734
433510734
433510734
433510734
433510734
433510734
433510734
433510734
433510734
433510734
433510734
433510734
433510734
433510734
433510734
433510734
433510734
433510734
433510734
433510734
433510734
433510734
433510734
433510734
433510734
433510734
433510734
433510734
433510734
433510734
433510734
433510734
433510734
433510734
433510734
433510734
433510734
433510734
433510734
433510734
433510734
433510734
433510734
433510734
433510734
433510734
433510734
433510734
433510734
433510734
433510734
433510734
433510734
433510734
433510734
433510734
433510734
433510734
433510734
433510734
433510734
433510734
433510734
433510734
433510734
433510734
433510734
433510734
433510734
433510734
433510734
433510734
433510734
433510734
433510734
433510734
433510734
433510734
433510734
433510734
433510734
433510734
433510734
433510734
433510734
433510734
433510734
433510734
433510734
433510734
433510734
433510734
433510734
433510734
433510734
433510734
433510734
433510734
433510734
433510734
433510734
433510734
433510734
433510734
433510734
433510734
433510734
433510734
433510734
433510734
433510734
433510734
433510734
433510734
433510734
433510734
433510734
433510734
433510734
433510734
433510734
433510734
433510734
433510734
433510734
433510734
433510734
433510734
433510734
433510734
433510734
433510734
433510734
433510734
433510734
433510734
433510734
433510734
433510734
433510734
433510734
433510734
433510734
433510734
433510734
433510734
433510734
433510734
433510734
433510734
433510734
433510734
433510734
433510734
433510734
433510734
433510734
433510734
433510734
433510734
433510734
433510734
433510734
433510734
433510734
433510734
433510734
433510734
433510734
433510734
433510734
433510734
433510734
433510734
433510734
433510734
433510734
433510734
433510734
433510734
433510734
433510734
433510734
433510734
433510734
433510734
433510734
433510734
433510734
433510734
433510734
433510734
433510734
433510734
433510734
433510734
433510734
433510734
433510734
433510734
433510734
433510734
433510734
433510734
433510734
433510734
433510734
433510734
433510734
433510734
433510734
433510734
433510734
433510734
433510734
433510734
433510734
433510734
433510734
433510734
433510734
433510734
433510734
433510734
433510734
433510734
433510734
433510734
433510734
433510734
433510734
433510734
433510734
433510734
433510734
433510734
433510734
433510734
433510734
433510734
433510734
433510734
433510734
433510734
433510734
433510734
433510734
433510734
433510734
433510734
433510734
433510734
433510734
433510734
433510734
433510734
433510734
433510734
433510734
433510734
433510734
433510734
433510734
433510734
433510734
433510734
433510734
433510734
433510734
433510734
433510734
433510734
433510734
433510734
433510734
433510734
433510734
433510734
433510734
433510734
433510734
433510734
433510734
433510734
433510734
433510734
433510734
433510734
433510734
433510734
433510734
433510734
433510734
433510734
433510734
433510734
433510734
433510734
433510734
433510734
433510734
433510734
433510734
433510734
433510734
433510734
433510734
433510734
433510734
433510734
433510734
433510734
433510734
433510734
433510734
433510734
433510734
433510734
433510734
433510734
433510734
433510734
433510734
433510734
433510734
433510734
433510734
433510734
433510734
433510734
433510734
433510734
433510734
433510734
433510734
433510734
433510734
433510734
433510734
433510734
433510734
433510734
433510734
433510734
433510734
433510734
433510734
433510734
433510734
433510734
433510734
433510734
433510734
433510734
433510734
433510734
433510734
433510734
433510734
433510734
433510734
433510734
433510734
433510734
433510734
433510734
433510734
433510734
433510734
433510734
433510734
433510734
433510734
433510734
433510734
433510734
433510734
433510734
433510734
433510734
433510734
433510734
433510734
433510734
433510734
433510734
433510734
433510734
433510734
433510734
433510734
433510734
433510734
433510734
433510734
433510734
433510734
433510734
433510734
433510734
433510734
433510734
433510734
433510734
433510734
433510734
433510734
433510734
433510734
433510734
433510734
433510734
433510734
433510734
433510734
433510734
433510734
433510734
433510734
433510734
433510734
433510734
433510734
433510734
433510734
433510734
433510734
433510734
433510734
433510734
433510734
433510734
433510734
433510734
433510734
433510734
433510734
433510734
433510734
433510734
433510734
433510734
433510734
433510734
433510734
433510734
433510734
433510734
433510734
433510734
433510734
433510734
433510734
433510734
433510734
433510734
433510734
433510734
433510734
433510734
433510734
433510734
433510734
433510734
433510734
433510734
433510734
433510734
433510734
433510734
433510734
433510734
433510734
433510734
433510734
216755367
216755367
216755367
216755367
216755367
216755367
216755367
216755367
216755367
216755367
216755367
216755367
216755367
216755367
216755367
216755367
216755367
216755367
216755367
216755367
216755367
216755367
216755367
216755367
216755367
216755367
216755367
216755367
216755367
216755367
216755367
216755367
216755367
216755367
216755367
216755367
216755367
216755367
216755367
216755367
216755367
216755367
216755367
216755367
216755367
216755367
216755367
216755367
216755367
216755367
216755367
216755367
216755367
216755367
216755367
216755367
216755367
216755367
216755367
216755367
216755367
216755367
216755367
216755367
216755367
216755367
216755367
216755367
216755367
216755367
216755367
216755367
216755367
216755367
216755367
216755367
216755367
216755367
216755367
216755367
216755367
216755367
216755367
216755367
216755367
216755367
216755367
216755367
216755367
216755367
216755367
216755367
216755367
216755367
216755367
216755367
216755367
216755367
216755367
216755367
216755367
216755367
216755367
216755367
216755367
216755367
216755367
216755367
216755367
216755367
216755367
216755367
216755367
216755367
216755367
216755367
216755367
216755367
216755367
216755367
216755367
216755367
216755367
216755367
216755367
216755367
216755367
216755367
216755367
216755367
216755367
216755367
216755367
216755367
216755367
216755367
216755367
216755367
216755367
216755367
216755367
216755367
216755367
216755367
216755367
216755367
216755367
216755367
216755367
216755367
216755367
216755367
216755367
216755367
216755367
216755367
216755367
216755367
216755367
216755367
216755367
216755367
216755367
216755367
216755367
216755367
216755367
216755367
216755367
216755367
216755367
216755367
216755367
216755367
216755367
216755367
216755367
216755367
216755367
216755367
216755367
216755367
216755367
216755367
216755367
216755367
216755367
216755367
216755367
216755367
216755367
216755367
216755367
216755367
216755367
216755367
216755367
216755367
216755367
216755367
216755367
216755367
216755367
216755367
216755367
216755367
216755367
216755367
216755367
216755367
216755367
216755367
216755367
216755367
216755367
216755367
216755367
216755367
216755367
216755367
216755367
216755367
216755367
216755367
216755367
216755367
216755367
216755367
216755367
216755367
216755367
216755367
216755367
216755367
216755367
216755367
216755367
216755367
216755367
216755367
216755367
216755367
216755367
216755367
216755367
216755367
216755367
216755367
216755367
216755367
216755367
216755367
216755367
216755367
216755367
216755367
216755367
216755367
216755367
216755367
216755367
216755367
216755367
216755367
216755367
216755367
216755367
216755367
216755367
216755367
216755367
216755367
216755367
216755367
216755367
216755367
216755367
216755367
216755367
216755367
216755367
216755367
216755367
216755367
216755367
216755367
216755367
216755367
216755367
216755367
216755367
216755367
216755367
216755367
216755367
608377687
608377687
608377687
608377687
608377687
608377687
608377687
608377687
608377687
608377687
608377687
608377687
608377687
608377687
608377687
608377687
608377687
608377687
608377687
608377687
608377687
608377687
608377687
608377687
608377687
608377687
608377687
608377687
608377687
608377687
608377687
608377687
608377687
608377687
608377687
608377687
608377687
608377687
608377687
608377687
608377687
608377687
608377687
608377687
608377687
608377687
608377687
608377687
608377687
608377687
608377687
608377687
608377687
608377687
608377687
608377687
608377687
608377687
608377687
608377687
608377687
608377687
608377687
608377687
608377687
608377687
608377687
608377687
608377687
608377687
608377687
608377687
608377687
608377687
608377687
608377687
608377687
608377687
608377687
608377687
608377687
608377687
608377687
608377687
608377687
608377687
608377687
608377687
608377687
608377687
608377687
608377687
608377687
608377687
608377687
608377687
608377687
608377687
608377687
608377687
608377687
608377687
608377687
608377687
608377687
608377687
608377687
608377687
608377687
608377687
608377687
608377687
608377687
608377687
608377687
608377687
608377687
608377687
608377687
608377687
608377687
608377687
608377687
608377687
608377687
608377687
608377687
608377687
608377687
608377687
608377687
608377687
608377687
608377687
608377687
608377687
608377687
608377687
608377687
608377687
608377687
608377687
608377687
608377687
608377687
608377687
608377687
608377687
608377687
608377687
608377687
608377687
608377687
608377687
608377687
608377687
608377687
608377687
608377687
608377687
608377687
608377687
608377687
608377687
608377687
608377687
608377687
608377687
608377687
608377687
608377687
608377687
608377687
608377687
608377687
608377687
608377687
608377687
608377687
608377687
608377687
608377687
608377687
608377687
608377687
608377687
608377687
608377687
608377687
608377687
608377687
608377687
608377687
608377687
608377687
608377687
608377687
608377687
608377687
608377687
608377687
608377687
608377687
608377687
608377687
608377687
608377687
608377687
608377687
608377687
608377687
608377687
608377687
608377687
608377687
608377687
608377687
608377687
608377687
608377687
608377687
608377687
608377687
608377687
608377687
608377687
608377687
608377687
608377687
608377687
608377687
608377687
608377687
608377687
608377687
608377687
608377687
608377687
608377687
608377687
608377687
608377687
608377687
608377687
608377687
608377687
608377687
608377687
608377687
608377687
608377687
608377687
608377687
608377687
608377687
608377687
608377687
608377687
608377687
608377687
608377687
608377687
608377687
608377687
608377687
608377687
608377687
608377687
608377687
608377687
608377687
608377687
608377687
608377687
608377687
608377687
608377687
608377687
608377687
608377687
608377687
608377687
608377687
608377687
608377687
608377687
608377687
608377687
608377687
608377687
608377687
608377687
608377687
608377687
608377687
608377687
608377687
608377687
608377687
608377687
608377687
608377687
608377687
608377687
608377687
608377687
608377687
608377687
608377687
608377687
608377687
608377687
608377687
608377687
608377687
608377687
608377687
608377687
608377687
608377687
608377687
608377687
608377687
608377687
608377687
608377687
608377687
608377687
608377687
608377687
608377687
608377687
608377687
608377687
608377687
608377687
608377687
608377687
608377687
608377687
608377687
608377687
608377687
608377687
608377687
608377687
608377687
608377687
608377687
608377687
608377687
608377687
608377687
608377687
608377687
608377687
608377687
608377687
608377687
608377687
608377687
608377687
608377687
608377687
608377687
608377687
608377687
608377687
608377687
608377687
608377687
608377687
608377687
608377687
608377687
608377687
608377687
608377687
608377687
608377687
608377687
608377687
608377687
608377687
608377687
804188847
804188847
804188847
804188847
804188847
804188847
804188847
804188847
804188847
804188847
804188847
804188847
804188847
804188847
804188847
804188847
804188847
804188847
804188847
804188847
804188847
804188847
804188847
804188847
804188847
804188847
804188847
804188847
804188847
804188847
804188847
804188847
804188847
804188847
804188847
804188847
804188847
804188847
804188847
804188847
804188847
804188847
804188847
804188847
804188847
804188847
804188847
804188847
804188847
804188847
804188847
804188847
804188847
804188847
804188847
804188847
804188847
804188847
804188847
804188847
804188847
804188847
804188847
804188847
804188847
804188847
804188847
804188847
804188847
804188847
804188847
804188847
804188847
804188847
804188847
804188847
804188847
804188847
804188847
804188847
804188847
804188847
804188847
804188847
804188847
804188847
804188847
804188847
804188847
804188847
804188847
804188847
804188847
804188847
804188847
804188847
804188847
804188847
804188847
804188847
804188847
804188847
804188847
804188847
804188847
804188847
804188847
804188847
804188847
804188847
804188847
804188847
804188847
804188847
804188847
804188847
804188847
804188847
804188847
804188847
804188847
804188847
804188847
804188847
804188847
804188847
804188847
804188847
804188847
804188847
804188847
804188847
804188847
804188847
804188847
804188847
804188847
804188847
804188847
804188847
804188847
804188847
804188847
804188847
804188847
804188847
804188847
804188847
804188847
804188847
804188847
804188847
804188847
804188847
804188847
804188847
804188847
804188847
804188847
804188847
804188847
804188847
804188847
804188847
804188847
804188847
804188847
804188847
804188847
804188847
804188847
804188847
804188847
804188847
804188847
804188847
804188847
804188847
804188847
804188847
804188847
804188847
804188847
804188847
804188847
804188847
804188847
804188847
804188847
804188847
804188847
804188847
804188847
804188847
804188847
804188847
804188847
804188847
804188847
804188847
804188847
804188847
804188847
804188847
804188847
804188847
804188847
804188847
804188847
804188847
804188847
804188847
804188847
804188847
804188847
804188847
804188847
804188847
804188847
804188847
804188847
804188847
804188847
804188847
804188847
804188847
804188847
804188847
804188847
804188847
804188847
804188847
804188847
804188847
804188847
804188847
804188847
804188847
804188847
804188847
804188847
804188847
804188847
804188847
804188847
804188847
804188847
804188847
804188847
804188847
804188847
804188847
804188847
804188847
804188847
804188847
804188847
804188847
804188847
804188847
804188847
804188847
804188847
804188847
804188847
804188847
804188847
804188847
804188847
804188847
804188847
804188847
804188847
804188847
804188847
804188847
804188847
804188847
804188847
804188847
804188847
804188847
804188847
804188847
804188847
804188847
804188847
804188847
804188847
804188847
804188847
804188847
804188847
804188847
804188847
804188847
804188847
804188847
804188847
804188847
804188847
804188847
804188847
804188847
804188847
804188847
804188847
804188847
804188847
804188847
804188847
804188847
804188847
804188847
804188847
804188847
804188847
804188847
804188847
804188847
804188847
804188847
804188847
804188847
804188847
804188847
804188847
804188847
804188847
804188847
804188847
804188847
804188847
804188847
804188847
804188847
804188847
804188847
804188847
804188847
804188847
804188847
804188847
804188847
804188847
804188847
804188847
804188847
804188847
804188847
804188847
804188847
804188847
804188847
804188847
804188847
804188847
804188847
804188847
804188847
804188847
804188847
804188847
804188847
804188847
804188847
804188847
804188847
804188847
804188847
804188847
804188847
804188847
804188847
804188847
804188847
804188847
804188847
804188847
804188847
804188847
804188847
804188847
804188847
804188847
804188847
804188847
804188847
804188847
804188847
804188847
804188847
804188847
804188847
804188847
804188847
804188847
804188847
804188847
804188847
804188847
804188847
804188847
804188847
804188847
804188847
804188847
804188847
804188847
804188847
804188847
804188847
804188847
804188847
804188847
804188847
804188847
804188847
804188847
804188847
804188847
804188847
804188847
804188847
804188847
804188847
804188847
804188847
804188847
804188847
804188847
804188847
804188847
804188847
804188847
804188847
804188847
804188847
804188847
804188847
804188847
804188847
804188847
804188847
804188847
804188847
804188847
804188847
804188847
804188847
804188847
804188847
804188847
804188847
804188847
804188847
804188847
804188847
804188847
804188847
804188847
804188847
804188847
804188847
804188847
804188847
804188847
804188847
804188847
804188847
804188847
804188847
804188847
804188847
804188847
804188847
804188847
804188847
804188847
804188847
804188847
804188847
804188847
804188847
804188847
804188847
804188847
804188847
804188847
804188847
804188847
804188847
804188847
804188847
804188847
804188847
804188847
804188847
804188847
804188847
804188847
804188847
804188847
804188847
804188847
804188847
804188847
804188847
804188847
804188847
804188847
804188847
804188847
804188847
804188847
804188847
804188847
804188847
804188847
804188847
804188847
804188847
804188847
804188847
804188847
804188847
804188847
804188847
804188847
804188847
804188847
804188847
804188847
804188847
804188847
804188847
804188847
804188847
804188847
804188847
804188847
804188847
804188847
804188847
804188847
804188847
804188847
804188847
804188847
804188847
804188847
804188847
804188847
804188847
804188847
804188847
804188847
804188847
804188847
804188847
804188847
804188847
804188847
804188847
804188847
804188847
804188847
804188847
804188847
804188847
804188847
804188847
804188847
804188847
804188847
804188847
804188847
804188847
804188847
804188847
804188847
804188847
804188847
804188847
804188847
804188847
804188847
804188847
804188847
804188847
804188847
804188847
804188847
804188847
804188847
804188847
804188847
804188847
804188847
804188847
804188847
804188847
804188847
804188847
804188847
804188847
804188847
804188847
804188847
804188847
804188847
804188847
804188847
804188847
804188847
804188847
804188847
804188847
804188847
804188847
804188847
804188847
804188847
804188847
804188847
804188847
804188847
804188847
804188847
804188847
804188847
804188847
804188847
804188847
804188847
804188847
804188847
804188847
804188847
804188847
804188847
804188847
804188847
804188847
804188847
804188847
804188847
902094427
902094427
902094427
902094427
902094427
902094427
902094427
902094427
902094427
902094427
902094427
902094427
902094427
902094427
902094427
902094427
902094427
902094427
902094427
902094427
902094427
902094427
902094427
902094427
902094427
902094427
902094427
902094427
902094427
902094427
902094427
902094427
902094427
902094427
902094427
902094427
902094427
902094427
902094427
902094427
902094427
902094427
902094427
902094427
902094427
902094427
902094427
902094427
902094427
902094427
902094427
902094427
902094427
902094427
902094427
902094427
902094427
902094427
902094427
902094427
902094427
902094427
902094427
902094427
951047217
951047217
951047217
951047217
951047217
951047217
951047217
951047217
951047217
951047217
951047217
951047217
951047217
951047217
951047217
951047217
951047217
951047217
951047217
951047217
951047217
951047217
951047217
951047217
951047217
951047217
951047217
951047217
951047217
951047217
951047217
951047217
951047217
951047217
951047217
951047217
951047217
951047217
951047217
951047217
951047217
951047217
951047217
951047217
951047217
951047217
951047217
951047217
951047217
951047217
951047217
951047217
951047217
951047217
951047217
951047217
951047217
951047217
951047217
951047217
951047217
951047217
951047217
951047217
951047217
951047217
951047217
951047217
951047217
951047217
951047217
951047217
951047217
951047217
951047217
951047217
951047217
951047217
951047217
951047217
951047217
951047217
951047217
951047217
951047217
951047217
951047217
951047217
951047217
951047217
951047217
951047217
951047217
951047217
951047217
951047217
951047217
951047217
951047217
951047217
951047217
951047217
951047217
951047217
951047217
951047217
951047217
951047217
951047217
951047217
951047217
951047217
951047217
951047217
951047217
951047217
951047217
951047217
951047217
951047217
951047217
951047217
951047217
951047217
951047217
951047217
951047217
951047217
951047217
951047217
951047217
951047217
951047217
951047217
951047217
951047217
951047217
951047217
951047217
951047217
951047217
951047217
951047217
951047217
951047217
951047217
951047217
951047217
951047217
951047217
951047217
951047217
951047217
951047217
951047217
951047217
951047217
951047217
951047217
951047217
951047217
951047217
951047217
951047217
951047217
951047217
951047217
951047217
951047217
951047217
951047217
951047217
951047217
951047217
951047217
951047217
951047217
951047217
951047217
951047217
951047217
951047217
951047217
951047217
951047217
951047217
951047217
951047217
951047217
951047217
951047217
951047217
951047217
951047217
951047217
951047217
951047217
951047217
951047217
951047217
951047217
951047217
951047217
951047217
951047217
951047217
951047217
951047217
951047217
951047217
951047217
951047217
951047217
951047217
951047217
951047217
951047217
951047217
951047217
951047217
951047217
951047217
951047217
951047217
951047217
951047217
951047217
951047217
951047217
951047217
951047217
951047217
951047217
951047217
951047217
951047217
951047217
951047217
951047217
951047217
951047217
951047217
951047217
951047217
951047217
951047217
951047217
951047217
951047217
951047217
951047217
951047217
951047217
951047217
951047217
951047217
951047217
951047217
951047217
951047217
951047217
951047217
951047217
951047217
951047217
951047217
951047217
951047217
951047217
951047217
951047217
951047217
951047217
951047217
951047217
951047217
951047217
951047217
951047217
951047217
951047217
951047217
951047217
951047217
951047217
951047217
951047217
951047217
951047217
951047217
951047217
951047217
951047217
951047217
951047217
951047217
951047217
951047217
951047217
951047217
951047217
951047217
951047217
951047217
951047217
951047217
951047217
951047217
951047217
951047217
951047217
951047217
951047217
951047217
951047217
951047217
951047217
951047217
951047217
951047217
951047217
951047217
951047217
951047217
951047217
951047217
951047217
951047217
951047217
951047217
951047217
951047217
951047217
951047217
951047217
951047217
951047217
951047217
951047217
951047217
951047217
951047217
951047217
951047217
951047217
951047217
951047217
951047217
951047217
951047217
951047217
951047217
951047217
951047217
951047217
951047217
951047217
951047217
951047217
951047217
951047217
951047217
951047217
951047217
951047217
951047217
951047217
951047217
951047217
951047217
951047217
951047217
951047217
951047217
951047217
951047217
951047217
951047217
951047217
951047217
951047217
951047217
951047217
951047217
951047217
951047217
951047217
951047217
951047217
951047217
951047217
951047217
951047217
951047217
951047217
951047217
951047217
951047217
951047217
951047217
951047217
951047217
951047217
951047217
951047217
951047217
951047217
951047217
951047217
951047217
951047217
951047217
951047217
951047217
951047217
951047217
951047217
951047217
951047217
951047217
951047217
951047217
951047217
951047217
951047217
951047217
951047217
951047217
951047217
951047217
951047217
951047217
951047217
951047217
951047217
951047217
951047217
951047217
951047217
951047217
951047217
951047217
951047217
951047217
951047217
951047217
951047217
951047217
951047217
951047217
975523612
975523612
975523612
975523612
975523612
975523612
975523612
975523612
975523612
975523612
975523612
975523612
975523612
975523612
975523612
975523612
975523612
975523612
975523612
975523612
975523612
975523612
975523612
975523612
975523612
975523612
975523612
975523612
975523612
975523612
975523612
975523612
975523612
975523612
975523612
975523612
975523612
975523612
975523612
975523612
975523612
975523612
975523612
975523612
975523612
975523612
975523612
975523612
975523612
975523612
975523612
975523612
975523612
975523612
975523612
975523612
975523612
975523612
975523612
975523612
975523612
975523612
975523612
975523612
975523612
975523612
975523612
975523612
975523612
975523612
975523612
975523612
975523612
975523612
975523612
975523612
975523612
975523612
975523612
975523612
975523612
975523612
487761806
487761806
487761806
487761806
487761806
487761806
487761806
487761806
487761806
487761806
487761806
487761806
487761806
487761806
487761806
487761806
487761806
487761806
487761806
487761806
487761806
487761806
487761806
487761806
487761806
487761806
487761806
487761806
487761806
487761806
487761806
487761806
487761806
487761806
487761806
487761806
487761806
487761806
487761806
487761806
487761806
487761806
487761806
487761806
487761806
487761806
487761806
487761806
487761806
487761806
487761806
487761806
487761806
487761806
487761806
487761806
487761806
487761806
487761806
487761806
487761806
487761806
487761806
487761806
487761806
487761806
487761806
487761806
487761806
487761806
487761806
487761806
487761806
487761806
487761806
487761806
487761806
487761806
487761806
487761806
487761806
487761806
487761806
487761806
487761806
487761806
487761806
487761806
487761806
487761806
487761806
487761806
487761806
487761806
487761806
487761806
487761806
487761806
487761806
487761806
487761806
487761806
487761806
487761806
487761806
487761806
487761806
487761806
487761806
487761806
487761806
487761806
487761806
487761806
487761806
487761806
487761806
487761806
487761806
487761806
487761806
487761806
487761806
487761806
487761806
487761806
487761806
487761806
487761806
487761806
487761806
487761806
487761806
487761806
487761806
487761806
487761806
487761806
487761806
487761806
487761806
487761806
487761806
487761806
487761806
487761806
487761806
487761806
487761806
487761806
243880903
243880903
243880903
243880903
243880903
243880903
243880903
243880903
243880903
243880903
243880903
243880903
243880903
243880903
243880903
243880903
243880903
243880903
243880903
243880903
243880903
243880903
243880903
243880903
243880903
243880903
621940455
621940455
621940455
621940455
621940455
621940455
621940455
621940455
621940455
621940455
621940455
621940455
621940455
621940455
621940455
621940455
621940455
621940455
621940455
621940455
621940455
621940455
621940455
621940455
621940455
621940455
621940455
621940455
621940455
621940455
621940455
621940455
621940455
621940455
621940455
621940455
621940455
621940455
621940455
621940455
621940455
621940455
621940455
621940455
621940455
621940455
621940455
621940455
621940455
621940455
621940455
621940455
621940455
621940455
621940455
621940455
621940455
621940455
621940455
621940455
621940455
621940455
621940455
621940455
621940455
621940455
810970231
810970231
810970231
810970231
810970231
810970231
810970231
810970231
810970231
810970231
810970231
810970231
810970231
810970231
810970231
810970231
810970231
810970231
810970231
810970231
810970231
810970231
810970231
810970231
810970231
810970231
810970231
810970231
810970231
810970231
810970231
810970231
810970231
810970231
810970231
810970231
810970231
810970231
810970231
810970231
810970231
810970231
810970231
810970231
810970231
810970231
810970231
810970231
810970231
810970231
810970231
810970231
810970231
810970231
810970231
810970231
810970231
810970231
810970231
810970231
810970231
810970231
810970231
810970231
810970231
810970231
810970231
810970231
810970231
810970231
810970231
810970231
810970231
810970231
810970231
810970231
810970231
810970231
810970231
810970231
810970231
905485119
905485119
905485119
905485119
905485119
905485119
905485119
905485119
905485119
905485119
905485119
905485119
905485119
905485119
905485119
905485119
905485119
905485119
905485119
905485119
905485119
905485119
905485119
905485119
905485119
905485119
905485119
905485119
905485119
905485119
905485119
905485119
905485119
905485119
905485119
905485119
905485119
905485119
905485119
905485119
905485119
905485119
905485119
905485119
905485119
905485119
905485119
905485119
905485119
905485119
905485119
905485119
905485119
905485119
905485119
905485119
905485119
905485119
905485119
905485119
905485119
905485119
905485119
905485119
905485119
905485119
905485119
905485119
905485119
905485119
905485119
905485119
905485119
905485119
905485119
905485119
905485119
905485119
905485119
905485119
905485119
905485119
905485119
905485119
905485119
905485119
905485119
905485119
905485119
905485119
905485119
905485119
905485119
905485119
905485119
905485119
905485119
905485119
905485119
905485119
905485119
905485119
905485119
905485119
905485119
905485119
905485119
905485119
905485119
905485119
905485119
905485119
905485119
905485119
905485119
905485119
905485119
905485119
905485119
905485119
905485119
905485119
905485119
905485119
905485119
905485119
905485119
905485119
952742563
952742563
952742563
952742563
952742563
952742563
952742563
952742563
952742563
952742563
952742563
952742563
952742563
952742563
952742563
952742563
952742563
952742563
952742563
952742563
952742563
952742563
952742563
976371285
976371285
976371285
976371285
976371285
976371285
976371285
976371285
976371285
976371285
976371285
976371285
976371285
976371285
976371285
976371285
976371285
976371285
976371285
976371285
976371285
976371285
976371285
976371285
976371285
976371285
976371285
976371285
976371285
976371285
976371285
976371285
976371285
976371285
976371285
976371285
976371285
976371285
976371285
976371285
976371285
976371285
976371285
976371285
976371285
976371285
976371285
976371285
976371285
976371285
976371285
976371285
976371285
976371285
976371285
976371285
976371285
976371285
976371285
976371285
976371285
976371285
976371285
976371285
976371285
976371285
976371285
976371285
976371285
976371285
976371285
976371285
976371285
976371285
976371285
976371285
976371285
976371285
976371285
976371285
976371285
976371285
976371285
976371285
976371285
976371285
976371285
976371285
976371285
976371285
976371285
976371285
976371285
976371285
976371285
976371285
976371285
976371285
976371285
976371285
976371285
976371285
976371285
976371285
976371285
976371285
976371285
976371285
976371285
976371285
976371285
976371285
976371285
976371285
976371285
976371285
976371285
976371285
976371285
976371285
976371285
976371285
976371285
976371285
976371285
976371285
976371285
976371285
976371285
976371285
976371285
976371285
976371285
976371285
976371285
976371285
976371285
976371285
976371285
976371285
976371285
976371285
976371285
976371285
976371285
976371285
976371285
976371285
976371285
976371285
976371285
976371285
976371285
976371285
976371285
976371285
976371285
976371285
976371285
976371285
976371285
976371285
976371285
976371285
976371285
976371285
976371285
976371285
976371285
976371285
976371285
976371285
976371285
976371285
976371285
976371285
976371285
976371285
976371285
976371285
976371285
976371285
976371285
976371285
976371285
976371285
976371285
976371285
976371285
976371285
976371285
976371285
976371285
976371285
976371285
976371285
976371285
976371285
976371285
976371285
976371285
976371285
976371285
976371285
976371285
976371285
976371285
976371285
976371285
976371285
976371285
976371285
976371285
976371285
976371285
976371285
976371285
976371285
976371285
976371285
976371285
976371285
976371285
976371285
976371285
976371285
976371285
976371285
976371285
976371285
976371285
976371285
976371285
976371285
976371285
976371285
976371285
976371285
988185646
988185646
988185646
988185646
988185646
988185646
988185646
988185646
988185646
988185646
988185646
988185646
988185646
988185646
988185646
988185646
988185646
988185646
988185646
988185646
988185646
988185646
988185646
988185646
988185646
988185646
988185646
988185646
988185646
988185646
988185646
988185646
988185646
988185646
988185646
988185646
988185646
988185646
988185646
988185646
988185646
988185646
988185646
988185646
988185646
988185646
988185646
988185646
988185646
988185646
988185646
988185646
988185646
988185646
988185646
988185646
988185646
988185646
988185646
988185646
988185646
988185646
988185646
988185646
988185646
988185646
988185646
988185646
988185646
988185646
988185646
988185646
988185646
988185646
988185646
988185646
988185646
988185646
988185646
988185646
988185646
988185646
988185646
988185646
988185646
988185646
988185646
988185646
988185646
988185646
988185646
988185646
988185646
988185646
988185646
988185646
988185646
988185646
988185646
988185646
988185646
988185646
988185646
988185646
988185646
988185646
988185646
988185646
988185646
988185646
988185646
988185646
988185646
988185646
988185646
988185646
988185646
988185646
988185646
988185646
494092823
494092823
494092823
494092823
494092823
494092823
494092823
494092823
494092823
494092823
494092823
494092823
494092823
494092823
494092823
494092823
494092823
494092823
494092823
494092823
494092823
494092823
494092823
494092823
494092823
494092823
494092823
494092823
494092823
494092823
494092823
494092823
494092823
494092823
494092823
494092823
494092823
494092823
494092823
494092823
494092823
494092823
494092823
494092823
494092823
494092823
494092823
494092823
494092823
494092823
494092823
494092823
494092823
494092823
494092823
494092823
494092823
494092823
494092823
494092823
494092823
494092823
494092823
494092823
494092823
494092823
494092823
494092823
494092823
494092823
494092823
494092823
494092823
494092823
494092823
494092823
494092823
494092823
494092823
494092823
494092823
494092823
494092823
494092823
494092823
494092823
494092823
494092823
494092823
494092823
494092823
494092823
494092823
494092823
494092823
494092823
494092823
494092823
494092823
494092823
494092823
494092823
494092823
494092823
494092823
494092823
494092823
494092823
494092823
494092823
494092823
494092823
494092823
494092823
494092823
494092823
494092823
494092823
494092823
494092823
494092823
494092823
494092823
494092823
494092823
494092823
494092823
494092823
494092823
494092823
494092823
494092823
494092823
494092823
494092823
494092823
494092823
494092823
494092823
494092823
494092823
494092823
494092823
494092823
494092823
494092823
494092823
494092823
494092823
494092823
494092823
494092823
494092823
494092823
494092823
494092823
494092823
494092823
494092823
494092823
494092823
494092823
494092823
494092823
494092823
494092823
494092823
494092823
494092823
494092823
494092823
494092823
494092823
494092823
494092823
494092823
494092823
494092823
494092823
494092823
494092823
494092823
494092823
494092823
494092823
494092823
494092823
494092823
494092823
494092823
494092823
494092823
494092823
494092823
494092823
494092823
494092823
494092823
494092823
494092823
494092823
494092823
494092823
494092823
494092823
494092823
494092823
494092823
494092823
494092823
494092823
494092823
494092823
494092823
494092823
494092823
494092823
494092823
494092823
494092823
494092823
494092823
494092823
494092823
494092823
494092823
494092823
494092823
494092823
494092823
494092823
494092823
494092823
494092823
494092823
494092823
494092823
494092823
494092823
494092823
494092823
494092823
494092823
494092823
494092823
494092823
494092823
494092823
494092823
494092823
494092823
494092823
494092823
494092823
494092823
494092823
494092823
494092823
494092823
494092823
494092823
494092823
494092823
494092823
494092823
494092823
494092823
494092823
494092823
494092823
494092823
494092823
494092823
494092823
494092823
494092823
494092823
494092823
494092823
494092823
494092823
494092823
747046415
747046415
747046415
747046415
747046415
747046415
747046415
747046415
747046415
747046415
747046415
747046415
747046415
747046415
747046415
747046415
747046415
747046415
747046415
747046415
747046415
747046415
747046415
747046415
747046415
747046415
747046415
747046415
747046415
747046415
747046415
747046415
747046415
747046415
747046415
747046415
747046415
747046415
747046415
747046415
747046415
747046415
747046415
747046415
747046415
747046415
747046415
747046415
747046415
747046415
747046415
747046415
747046415
747046415
747046415
747046415
747046415
747046415
747046415
747046415
747046415
747046415
747046415
747046415
747046415
747046415
747046415
747046415
747046415
747046415
747046415
747046415
747046415
747046415
747046415
747046415
747046415
747046415
747046415
747046415
747046415
747046415
747046415
747046415
747046415
747046415
747046415
747046415
747046415
747046415
747046415
747046415
747046415
747046415
747046415
747046415
747046415
747046415
747046415
747046415
747046415
747046415
747046415
747046415
747046415
747046415
747046415
747046415
747046415
747046415
747046415
747046415
747046415
747046415
747046415
747046415
747046415
747046415
747046415
747046415
747046415
747046415
747046415
747046415
747046415
873523211
873523211
873523211
873523211
873523211
873523211
873523211
873523211
873523211
873523211
873523211
873523211
873523211
873523211
873523211
873523211
873523211
873523211
873523211
873523211
873523211
873523211
873523211
873523211
873523211
873523211
873523211
873523211
873523211
873523211
873523211
873523211
873523211
873523211
873523211
873523211
873523211
873523211
873523211
873523211
873523211
873523211
873523211
873523211
873523211
873523211
873523211
873523211
873523211
873523211
873523211
873523211
873523211
873523211
873523211
873523211
873523211
873523211
873523211
873523211
873523211
873523211
873523211
873523211
873523211
873523211
873523211
873523211
873523211
873523211
873523211
873523211
873523211
873523211
873523211
873523211
873523211
873523211
873523211
936761609
936761609
936761609
936761609
936761609
936761609
936761609
936761609
936761609
936761609
936761609
936761609
936761609
936761609
936761609
936761609
936761609
936761609
936761609
936761609
936761609
936761609
936761609
936761609
936761609
936761609
936761609
936761609
936761609
936761609
936761609
936761609
936761609
936761609
936761609
936761609
936761609
936761609
936761609
936761609
936761609
936761609
936761609
936761609
936761609
936761609
936761609
936761609
936761609
936761609
936761609
936761609
936761609
936761609
936761609
936761609
936761609
936761609
936761609
936761609
936761609
936761609
936761609
936761609
936761609
936761609
936761609
936761609
936761609
936761609
936761609
936761609
936761609
936761609
936761609
936761609
936761609
936761609
936761609
936761609
936761609
936761609
936761609
936761609
936761609
936761609
936761609
936761609
936761609
936761609
936761609
936761609
936761609
936761609
936761609
936761609
936761609
936761609
936761609
936761609
936761609
936761609
936761609
936761609
936761609
936761609
936761609
936761609
936761609
936761609
936761609
936761609
936761609
936761609
936761609
936761609
936761609
936761609
936761609
936761609
936761609
936761609
936761609
936761609
936761609
936761609
936761609
936761609
936761609
936761609
936761609
936761609
936761609
936761609
936761609
936761609
936761609
936761609
936761609
936761609
936761609
936761609
936761609
936761609
936761609
936761609
936761609
936761609
936761609
936761609
936761609
936761609
936761609
936761609
936761609
936761609
936761609
936761609
936761609
936761609
936761609
936761609
936761609
936761609
936761609
936761609
936761609
936761609
936761609
936761609
936761609
936761609
936761609
936761609
936761609
936761609
936761609
936761609
936761609
936761609
936761609
936761609
936761609
936761609
936761609
936761609
936761609
936761609
936761609
936761609
936761609
936761609
936761609
936761609
936761609
936761609
936761609
936761609
936761609
936761609
936761609
936761609
936761609
936761609
936761609
936761609
936761609
936761609
936761609
936761609
936761609
936761609
936761609
936761609
936761609
936761609
936761609
936761609
936761609
936761609
936761609
936761609
936761609
936761609
936761609
936761609
936761609
936761609
936761609
936761609
936761609
936761609
936761609
936761609
936761609
936761609
936761609
936761609
936761609
936761609
936761609
936761609
936761609
936761609
936761609
936761609
936761609
936761609
936761609
936761609
936761609
936761609
936761609
936761609
936761609
936761609
936761609
936761609
936761609
936761609
936761609
936761609
936761609
936761609
936761609
936761609
936761609
936761609
936761609
936761609
936761609
936761609
936761609
936761609
936761609
936761609
936761609
936761609
936761609
936761609
936761609
936761609
936761609
936761609
936761609
936761609
936761609
936761609
936761609
936761609
936761609
936761609
936761609
936761609
936761609
936761609
936761609
936761609
936761609
936761609
936761609
936761609
936761609
936761609
936761609
936761609
936761609
936761609
936761609
936761609
936761609
936761609
936761609
936761609
936761609
936761609
936761609
936761609
936761609
936761609
936761609
936761609
936761609
936761609
936761609
936761609
936761609
936761609
936761609
936761609
936761609
936761609
936761609
936761609
936761609
936761609
936761609
936761609
936761609
936761609
936761609
936761609
936761609
936761609
936761609
936761609
936761609
936761609
936761609
936761609
936761609
936761609
936761609
936761609
936761609
936761609
936761609
936761609
936761609
936761609
936761609
936761609
936761609
936761609
936761609
936761609
936761609
936761609
936761609
936761609
936761609
936761609
936761609
936761609
936761609
936761609
936761609
936761609
936761609
936761609
936761609
936761609
936761609
936761609
936761609
936761609
936761609
936761609
936761609
936761609
936761609
936761609
936761609
936761609
936761609
936761609
936761609
936761609
936761609
936761609
936761609
936761609
936761609
936761609
936761609
936761609
936761609
936761609
936761609
936761609
936761609
936761609
936761609
936761609
936761609
936761609
936761609
936761609
936761609
936761609
936761609
936761609
936761609
936761609
936761609
936761609
936761609
936761609
936761609
936761609
936761609
936761609
936761609
936761609
936761609
936761609
936761609
936761609
936761609
936761609
936761609
936761609
936761609
936761609
936761609
936761609
936761609
936761609
936761609
936761609
936761609
936761609
936761609
936761609
936761609
936761609
936761609
936761609
936761609
936761609
936761609
936761609
936761609
936761609
936761609
936761609
936761609
936761609
936761609
936761609
936761609
936761609
936761609
936761609
936761609
936761609
936761609
936761609
936761609
936761609
936761609
936761609
936761609
936761609
936761609
936761609
936761609
936761609
936761609
936761609
936761609
936761609
936761609
936761609
936761609
936761609
936761609
936761609
936761609
936761609
936761609
936761609
936761609
936761609
936761609
936761609
936761609
936761609
936761609
936761609
936761609
936761609
936761609
936761609
936761609
936761609
936761609
936761609
936761609
936761609
936761609
936761609
936761609
936761609
936761609
936761609
936761609
936761609
936761609
936761609
936761609
936761609
936761609
936761609
936761609
936761609
936761609
936761609
936761609
936761609
936761609
936761609
936761609
936761609
936761609
936761609
936761609
936761609
936761609
936761609
936761609
936761609
936761609
936761609
936761609
936761609
936761609
936761609
936761609
936761609
936761609
936761609
936761609
936761609
936761609
936761609
936761609
936761609
936761609
936761609
936761609
936761609
936761609
936761609
936761609
936761609
936761609
936761609
936761609
936761609
936761609
936761609
936761609
936761609
936761609
936761609
936761609
936761609
936761609
936761609
936761609
936761609
936761609
936761609
936761609
936761609
936761609
936761609
936761609
936761609
936761609
936761609
936761609
936761609
936761609
936761609
936761609
936761609
936761609
936761609
936761609
936761609
936761609
936761609
936761609
936761609
936761609
936761609
936761609
936761609
936761609
936761609
936761609
936761609
936761609
936761609
936761609
936761609
936761609
936761609
936761609
936761609
936761609
936761609
936761609
936761609
936761609
936761609
936761609
936761609
936761609
936761609
936761609
936761609
936761609
936761609
936761609
936761609
936761609
936761609
936761609
936761609
936761609
936761609
936761609
936761609
936761609
936761609
936761609
936761609
936761609
936761609
936761609
936761609
936761609
936761609
936761609
936761609
936761609
936761609
936761609
936761609
936761609
936761609
936761609
936761609
936761609
936761609
936761609
936761609
936761609
936761609
936761609
936761609
936761609
936761609
936761609
936761609
936761609
936761609
936761609
936761609
936761609
936761609
936761609
936761609
936761609
936761609
936761609
936761609
936761609
936761609
936761609
936761609
936761609
936761609
936761609
936761609
936761609
936761609
936761609
936761609
936761609
936761609
936761609
936761609
936761609
936761609
936761609
936761609
936761609
936761609
936761609
936761609
936761609
936761609
936761609
936761609
936761609
936761609
936761609
936761609
936761609
936761609
936761609
936761609
936761609
936761609
936761609
936761609
936761609
936761609
936761609
936761609
936761609
936761609
936761609
936761609
936761609
936761609
936761609
936761609
936761609
936761609
936761609
936761609
936761609
936761609
936761609
936761609
936761609
936761609
936761609
936761609
936761609
936761609
936761609
936761609
936761609
936761609
936761609
968380808
968380808
968380808
968380808
968380808
968380808
968380808
968380808
968380808
968380808
968380808
968380808
968380808
968380808
968380808
968380808
968380808
968380808
968380808
968380808
968380808
968380808
968380808
968380808
968380808
968380808
968380808
968380808
968380808
968380808
968380808
968380808
968380808
968380808
968380808
968380808
968380808
968380808
968380808
968380808
968380808
968380808
968380808
968380808
968380808
968380808
968380808
968380808
968380808
968380808
968380808
968380808
968380808
968380808
968380808
968380808
968380808
968380808
968380808
968380808
968380808
968380808
968380808
968380808
968380808
968380808
968380808
968380808
968380808
968380808
968380808
968380808
968380808
968380808
968380808
968380808
968380808
968380808
968380808
968380808
968380808
968380808
968380808
968380808
968380808
968380808
968380808
968380808
968380808
968380808
968380808
968380808
968380808
968380808
968380808
968380808
968380808
968380808
968380808
968380808
968380808
968380808
968380808
968380808
968380808
968380808
968380808
968380808
968380808
968380808
968380808
968380808
968380808
968380808
968380808
968380808
968380808
968380808
968380808
968380808
968380808
968380808
968380808
968380808
968380808
968380808
968380808
968380808
968380808
968380808
968380808
968380808
968380808
968380808
968380808
968380808
968380808
968380808
968380808
968380808
968380808
968380808
968380808
968380808
968380808
968380808
968380808
968380808
968380808
968380808
968380808
968380808
968380808
968380808
968380808
968380808
968380808
968380808
968380808
968380808
968380808
968380808
968380808
968380808
968380808
968380808
968380808
968380808
968380808
968380808
968380808
968380808
968380808
968380808
968380808
968380808
968380808
968380808
968380808
968380808
968380808
968380808
968380808
968380808
968380808
968380808
968380808
968380808
968380808
968380808
968380808
968380808
484190404
484190404
484190404
484190404
484190404
484190404
484190404
484190404
484190404
484190404
484190404
484190404
484190404
484190404
484190404
484190404
484190404
484190404
484190404
484190404
484190404
484190404
484190404
484190404
484190404
484190404
484190404
484190404
484190404
484190404
484190404
484190404
484190404
484190404
484190404
484190404
484190404
484190404
484190404
484190404
484190404
484190404
484190404
484190404
484190404
484190404
484190404
484190404
484190404
484190404
484190404
484190404
484190404
484190404
484190404
484190404
484190404
484190404
484190404
484190404
484190404
484190404
484190404
484190404
484190404
484190404
484190404
484190404
484190404
484190404
484190404
484190404
484190404
484190404
484190404
484190404
484190404
484190404
484190404
484190404
484190404
484190404
484190404
484190404
484190404
484190404
484190404
484190404
484190404
484190404
484190404
484190404
484190404
484190404
484190404
484190404
484190404
484190404
484190404
484190404
484190404
484190404
484190404
484190404
484190404
484190404
484190404
484190404
484190404
484190404
484190404
484190404
484190404
484190404
484190404
484190404
484190404
484190404
484190404
484190404
484190404
484190404
484190404
484190404
484190404
484190404
484190404
484190404
484190404
484190404
484190404
484190404
484190404
484190404
484190404
484190404
484190404
484190404
484190404
484190404
484190404
484190404
484190404
484190404
484190404
484190404
484190404
484190404
484190404
484190404
484190404
484190404
484190404
484190404
484190404
484190404
484190404
484190404
484190404
484190404
484190404
484190404
484190404
484190404
484190404
484190404
484190404
484190404
484190404
484190404
484190404
484190404
484190404
484190404
484190404
484190404
484190404
484190404
484190404
484190404
484190404
484190404
484190404
484190404
484190404
484190404
484190404
484190404
484190404
484190404
484190404
484190404
484190404
484190404
484190404
484190404
484190404
484190404
484190404
484190404
484190404
484190404
484190404
484190404
484190404
484190404
484190404
242095202
242095202
242095202
242095202
242095202
242095202
242095202
242095202
242095202
242095202
242095202
242095202
242095202
242095202
242095202
242095202
242095202
242095202
242095202
242095202
242095202
242095202
242095202
242095202
242095202
242095202
242095202
242095202
242095202
242095202
242095202
242095202
242095202
242095202
242095202
242095202
242095202
242095202
242095202
242095202
242095202
242095202
242095202
242095202
242095202
242095202
242095202
242095202
242095202
242095202
242095202
242095202
242095202
242095202
242095202
242095202
242095202
242095202
242095202
242095202
242095202
242095202
242095202
242095202
242095202
242095202
242095202
242095202
242095202
242095202
242095202
242095202
242095202
242095202
242095202
242095202
242095202
242095202
242095202
242095202
242095202
242095202
242095202
242095202
242095202
242095202
242095202
242095202
242095202
242095202
242095202
242095202
242095202
242095202
242095202
242095202
242095202
242095202
242095202
242095202
242095202
242095202
242095202
242095202
242095202
242095202
242095202
242095202
242095202
242095202
242095202
242095202
242095202
242095202
242095202
242095202
242095202
242095202
242095202
242095202
242095202
242095202
242095202
242095202
242095202
242095202
242095202
242095202
242095202
242095202
242095202
242095202
242095202
242095202
242095202
242095202
242095202
242095202
242095202
242095202
242095202
242095202
242095202
242095202
242095202
242095202
242095202
242095202
242095202
242095202
242095202
242095202
242095202
242095202
242095202
242095202
242095202
242095202
242095202
242095202
242095202
242095202
242095202
242095202
242095202
242095202
242095202
242095202
242095202
242095202
242095202
242095202
242095202
242095202
242095202
242095202
242095202
242095202
242095202
242095202
242095202
242095202
242095202
242095202
242095202
242095202
242095202
242095202
242095202
242095202
242095202
242095202
242095202
242095202
242095202
242095202
242095202
242095202
242095202
242095202
242095202
242095202
242095202
242095202
242095202
242095202
242095202
242095202
242095202
242095202
242095202
242095202
242095202
242095202
242095202
242095202
242095202
242095202
242095202
242095202
242095202
242095202
242095202
242095202
242095202
242095202
242095202
242095202
242095202
242095202
242095202
242095202
242095202
242095202
242095202
242095202
242095202
242095202
242095202
242095202
242095202
242095202
242095202
242095202
242095202
242095202
242095202
242095202
242095202
242095202
242095202
242095202
242095202
242095202
242095202
242095202
242095202
242095202
242095202
242095202
242095202
242095202
242095202
242095202
242095202
242095202
242095202
242095202
242095202
242095202
242095202
242095202
242095202
242095202
242095202
242095202
242095202
242095202
242095202
242095202
242095202
242095202
242095202
242095202
242095202
242095202
242095202
242095202
242095202
242095202
242095202
242095202
242095202
242095202
242095202
242095202
242095202
242095202
242095202
242095202
242095202
242095202
242095202
242095202
242095202
242095202
242095202
242095202
242095202
242095202
242095202
242095202
242095202
242095202
242095202
242095202
242095202
242095202
242095202
242095202
242095202
242095202
242095202
242095202
242095202
242095202
242095202
242095202
242095202
242095202
242095202
242095202
242095202
242095202
242095202
242095202
242095202
242095202
242095202
242095202
242095202
242095202
242095202
242095202
242095202
242095202
242095202
242095202
242095202
242095202
242095202
242095202
242095202
242095202
242095202
242095202
242095202
242095202
242095202
242095202
242095202
242095202
242095202
242095202
242095202
242095202
242095202
242095202
242095202
242095202
242095202
242095202
242095202
242095202
242095202
242095202
242095202
242095202
242095202
242095202
242095202
242095202
242095202
242095202
242095202
242095202
242095202
242095202
242095202
242095202
242095202
242095202
242095202
242095202
242095202
242095202
242095202
242095202
242095202
242095202
242095202
242095202
242095202
242095202
242095202
242095202
242095202
242095202
242095202
242095202
242095202
242095202
242095202
242095202
242095202
242095202
242095202
242095202
242095202
242095202
242095202
242095202
242095202
242095202
242095202
242095202
242095202
242095202
242095202
242095202
242095202
242095202
242095202
242095202
242095202
242095202
242095202
242095202
242095202
242095202
242095202
242095202
242095202
242095202
242095202
242095202
242095202
242095202
242095202
242095202
242095202
242095202
242095202
242095202
242095202
242095202
242095202
242095202
242095202
242095202
242095202
242095202
242095202
242095202
242095202
242095202
242095202
242095202
242095202
242095202
242095202
242095202
242095202
242095202
242095202
242095202
242095202
242095202
242095202
242095202
242095202
242095202
242095202
242095202
242095202
242095202
242095202
242095202
242095202
242095202
242095202
242095202
242095202
242095202
242095202
242095202
242095202
242095202
242095202
242095202
242095202
242095202
242095202
242095202
242095202
242095202
242095202
242095202
242095202
242095202
242095202
242095202
242095202
242095202
242095202
242095202
242095202
242095202
242095202
242095202
242095202
242095202
242095202
242095202
242095202
242095202
242095202
242095202
242095202
242095202
242095202
242095202
242095202
242095202
242095202
242095202
242095202
242095202
242095202
242095202
242095202
242095202
242095202
242095202
242095202
242095202
242095202
242095202
242095202
242095202
242095202
242095202
242095202
242095202
242095202
242095202
242095202
242095202
242095202
242095202
242095202
242095202
242095202
242095202
242095202
242095202
242095202
242095202
242095202
242095202
242095202
242095202
242095202
242095202
242095202
242095202
242095202
242095202
242095202
242095202
242095202
242095202
242095202
242095202
242095202
242095202
242095202
242095202
242095202
242095202
242095202
242095202
242095202
242095202
242095202
242095202
242095202
242095202
242095202
242095202
242095202
242095202
242095202
242095202
242095202
242095202
242095202
242095202
242095202
242095202
242095202
242095202
242095202
242095202
242095202
242095202
242095202
242095202
242095202
242095202
242095202
242095202
242095202
242095202
242095202
242095202
242095202
242095202
242095202
242095202
242095202
242095202
242095202
242095202
242095202
242095202
242095202
242095202
242095202
242095202
242095202
242095202
242095202
242095202
242095202
242095202
242095202
242095202
242095202
242095202
242095202
242095202
242095202
242095202
242095202
242095202
242095202
242095202
242095202
242095202
242095202
242095202
242095202
242095202
242095202
242095202
242095202
242095202
242095202
242095202
242095202
242095202
242095202
242095202
242095202
242095202
242095202
242095202
242095202
242095202
242095202
242095202
242095202
242095202
242095202
242095202
242095202
242095202
242095202
242095202
242095202
242095202
242095202
242095202
242095202
242095202
242095202
242095202
242095202
242095202
242095202
242095202
242095202
242095202
242095202
242095202
242095202
242095202
242095202
242095202
242095202
242095202
242095202
242095202
242095202
242095202
242095202
242095202
242095202
242095202
242095202
242095202
242095202
242095202
242095202
242095202
242095202
242095202
242095202
242095202
242095202
242095202
242095202
242095202
242095202
242095202
242095202
242095202
242095202
242095202
242095202
242095202
242095202
242095202
242095202
242095202
242095202
242095202
242095202
242095202
242095202
242095202
242095202
242095202
242095202
242095202
242095202
242095202
242095202
242095202
242095202
242095202
242095202
242095202
242095202
242095202
242095202
242095202
242095202
242095202
242095202
242095202
242095202
242095202
242095202
242095202
242095202
242095202
242095202
242095202
242095202
242095202
242095202
242095202
242095202
242095202
242095202
242095202
242095202
242095202
242095202
242095202
242095202
242095202
242095202
242095202
242095202
242095202
242095202
242095202
242095202
242095202
242095202
242095202
242095202
242095202
242095202
242095202
242095202
242095202
242095202
242095202
242095202
242095202
242095202
242095202
242095202
242095202
242095202
242095202
242095202
242095202
242095202
242095202
242095202
242095202
242095202
242095202
242095202
242095202
242095202
242095202
242095202
242095202
242095202
242095202
242095202
242095202
242095202
242095202
242095202
242095202
242095202
242095202
242095202
242095202
242095202
242095202
242095202
242095202
242095202
242095202
242095202
242095202
242095202
242095202
242095202
242095202
242095202
242095202
242095202
242095202
242095202
242095202
242095202
242095202
242095202
242095202
242095202
242095202
242095202
242095202
242095202
242095202
242095202
242095202
242095202
242095202
242095202
242095202
242095202
242095202
242095202
242095202
242095202
242095202
242095202
242095202
242095202
242095202
242095202
242095202
242095202
242095202
242095202
242095202
242095202
242095202
242095202
242095202
242095202
242095202
242095202
242095202
242095202
242095202
242095202
242095202
242095202
242095202
242095202
242095202
242095202
242095202
242095202
242095202
242095202
242095202
242095202
242095202
242095202
242095202
242095202
242095202
242095202
242095202
242095202
242095202
242095202
242095202
242095202
242095202
242095202
242095202
242095202
242095202
242095202
242095202
242095202
242095202
242095202
242095202
242095202
242095202
242095202
242095202
242095202
242095202
242095202
242095202
242095202
242095202
242095202
242095202
242095202
242095202
242095202
242095202
242095202
242095202
242095202
242095202
242095202
242095202
242095202
242095202
242095202
242095202
242095202
242095202
242095202
242095202
242095202
242095202
242095202
242095202
242095202
242095202
242095202
242095202
242095202
242095202
242095202
242095202
242095202
242095202
242095202
242095202
242095202
242095202
242095202
242095202
242095202
242095202
242095202
242095202
242095202
242095202
242095202
242095202
242095202
242095202
242095202
242095202
242095202
242095202
242095202
242095202
242095202
242095202
242095202
242095202
242095202
242095202
242095202
242095202
242095202
242095202
242095202
242095202
242095202
242095202
242095202
242095202
242095202
242095202
242095202
242095202
242095202
242095202
242095202
242095202
242095202
242095202
242095202
242095202
242095202
242095202
242095202
242095202
242095202
242095202
242095202
242095202
242095202
242095202
242095202
242095202
242095202
242095202
242095202
242095202
242095202
242095202
242095202
242095202
242095202
242095202
242095202
242095202
242095202
242095202
242095202
242095202
242095202
242095202
242095202
242095202
242095202
242095202
242095202
242095202
242095202
242095202
242095202
242095202
242095202
242095202
242095202
242095202
242095202
242095202
242095202
242095202
242095202
242095202
242095202
242095202
242095202
242095202
242095202
242095202
242095202
242095202
242095202
242095202
242095202
242095202
242095202
242095202
242095202
242095202
242095202
242095202
242095202
242095202
242095202
242095202
242095202
242095202
242095202
242095202
242095202
242095202
242095202
242095202
242095202
242095202
242095202
242095202
242095202
242095202
242095202
242095202
242095202
242095202
242095202
242095202
242095202
242095202
242095202
242095202
242095202
242095202
242095202
242095202
242095202
242095202
242095202
242095202
242095202
242095202
242095202
242095202
242095202
242095202
242095202
242095202
242095202
242095202
242095202
242095202
242095202
242095202
242095202
242095202
242095202
242095202
242095202
242095202
242095202
242095202
242095202
242095202
242095202
242095202
242095202
242095202
242095202
242095202
242095202
242095202
242095202
242095202
242095202
242095202
242095202
242095202
242095202
242095202
242095202
242095202
242095202
242095202
242095202
242095202
242095202
242095202
242095202
242095202
242095202
242095202
242095202
242095202
242095202
242095202
242095202
242095202
242095202
242095202
242095202
242095202
242095202
242095202
242095202
242095202
242095202
242095202
242095202
242095202
242095202
121047601
121047601
121047601
121047601
121047601
121047601
121047601
121047601
121047601
121047601
121047601
121047601
121047601
121047601
121047601
121047601
121047601
121047601
121047601
121047601
121047601
121047601
121047601
121047601
121047601
121047601
121047601
121047601
121047601
121047601
121047601
121047601
121047601
121047601
121047601
121047601
121047601
121047601
121047601
121047601
121047601
121047601
121047601
121047601
121047601
121047601
121047601
121047601
121047601
121047601
121047601
121047601
121047601
121047601
121047601
121047601
121047601
121047601
121047601
121047601
121047601
121047601
121047601
121047601
121047601
121047601
121047601
121047601
121047601
121047601
121047601
121047601
121047601
121047601
121047601
121047601
121047601
121047601
121047601
121047601
121047601
121047601
121047601
121047601
121047601
121047601
121047601
121047601
121047601
121047601
121047601
121047601
121047601
121047601
121047601
121047601
121047601
121047601
121047601
121047601
121047601
121047601
121047601
121047601
121047601
121047601
121047601
121047601
121047601
121047601
121047601
121047601
121047601
560523804
560523804
560523804
560523804
560523804
560523804
560523804
560523804
560523804
560523804
560523804
560523804
560523804
560523804
560523804
560523804
560523804
560523804
560523804
560523804
560523804
560523804
560523804
560523804
560523804
560523804
560523804
560523804
560523804
560523804
560523804
560523804
560523804
560523804
560523804
560523804
560523804
560523804
560523804
560523804
560523804
560523804
560523804
560523804
560523804
560523804
560523804
560523804
280261902
280261902
280261902
280261902
280261902
280261902
280261902
280261902
140130951
140130951
140130951
140130951
140130951
140130951
140130951
140130951
140130951
140130951
140130951
140130951
140130951
140130951
140130951
140130951
140130951
140130951
140130951
140130951
140130951
140130951
140130951
140130951
140130951
140130951
140130951
140130951
140130951
140130951
140130951
140130951
140130951
140130951
140130951
140130951
140130951
140130951
140130951
140130951
140130951
140130951
140130951
140130951
140130951
140130951
140130951
140130951
140130951
140130951
140130951
140130951
140130951
140130951
140130951
140130951
140130951
140130951
140130951
140130951
140130951
140130951
140130951
140130951
140130951
140130951
140130951
140130951
140130951
140130951
140130951
140130951
140130951
140130951
140130951
140130951
140130951
140130951
140130951
140130951
140130951
140130951
140130951
140130951
140130951
140130951
140130951
140130951
140130951
140130951
140130951
140130951
140130951
570065479
570065479
785032743
785032743
785032743
785032743
785032743
785032743
785032743
785032743
785032743
785032743
785032743
785032743
785032743
785032743
785032743
785032743
785032743
785032743
785032743
785032743
785032743
785032743
785032743
785032743
785032743
785032743
785032743
785032743
785032743
785032743
785032743
785032743
785032743
785032743
785032743
785032743
785032743
785032743
785032743
785032743
785032743
785032743
785032743
785032743
785032743
785032743
785032743
785032743
785032743
785032743
785032743
785032743
785032743
785032743
785032743
785032743
785032743
785032743
785032743
785032743
785032743
785032743
785032743
785032743
785032743
785032743
785032743
785032743
785032743
785032743
785032743
785032743
785032743
785032743
785032743
785032743
785032743
785032743
785032743
785032743
785032743
785032743
785032743
785032743
785032743
785032743
785032743
785032743
785032743
785032743
785032743
785032743
785032743
892516375
892516375
892516375
892516375
892516375
892516375
892516375
892516375
892516375
892516375
892516375
892516375
892516375
892516375
892516375
892516375
892516375
892516375
892516375
892516375
892516375
892516375
892516375
892516375
892516375
892516375
892516375
892516375
892516375
892516375
892516375
892516375
946258191
946258191
946258191
946258191
946258191
946258191
946258191
946258191
946258191
946258191
946258191
946258191
946258191
946258191
946258191
946258191
946258191
946258191
946258191
946258191
946258191
946258191
946258191
946258191
946258191
946258191
946258191
946258191
946258191
946258191
946258191
946258191
946258191
946258191
946258191
946258191
946258191
946258191
946258191
946258191
946258191
946258191
946258191
946258191
946258191
946258191
946258191
946258191
946258191
946258191
946258191
946258191
946258191
946258191
946258191
946258191
946258191
946258191
946258191
946258191
946258191
946258191
946258191
946258191
946258191
946258191
946258191
946258191
946258191
946258191
946258191
946258191
946258191
946258191
946258191
946258191
946258191
946258191
946258191
946258191
946258191
946258191
946258191
946258191
946258191
946258191
946258191
946258191
946258191
946258191
946258191
946258191
946258191
946258191
946258191
946258191
946258191
946258191
946258191
946258191
946258191
946258191
946258191
946258191
946258191
946258191
946258191
946258191
946258191
946258191
946258191
946258191
946258191
946258191
946258191
946258191
946258191
946258191
946258191
946258191
946258191
946258191
946258191
946258191
946258191
946258191
946258191
946258191
946258191
946258191
946258191
946258191
946258191
946258191
946258191
946258191
946258191
946258191
946258191
946258191
946258191
946258191
946258191
946258191
946258191
946258191
946258191
946258191
946258191
946258191
946258191
946258191
946258191
946258191
946258191
946258191
946258191
946258191
946258191
946258191
946258191
946258191
946258191
946258191
946258191
946258191
946258191
946258191
946258191
946258191
946258191
946258191
946258191
946258191
946258191
946258191
946258191
946258191
946258191
946258191
946258191
946258191
946258191
946258191
946258191
946258191
946258191
946258191
946258191
946258191
946258191
946258191
946258191
946258191
946258191
946258191
973129099
973129099
973129099
973129099
973129099
973129099
973129099
973129099
973129099
973129099
973129099
973129099
973129099
973129099
973129099
973129099
973129099
973129099
973129099
973129099
973129099
973129099
973129099
973129099
973129099
973129099
973129099
973129099
973129099
973129099
973129099
973129099
973129099
973129099
973129099
973129099
973129099
973129099
973129099
973129099
973129099
973129099
973129099
973129099
973129099
973129099
973129099
973129099
973129099
973129099
973129099
973129099
973129099
973129099
973129099
973129099
973129099
973129099
973129099
973129099
973129099
973129099
973129099
973129099
973129099
973129099
973129099
973129099
973129099
973129099
973129099
973129099
973129099
973129099
973129099
973129099
973129099
973129099
973129099
973129099
973129099
973129099
973129099
973129099
973129099
973129099
973129099
973129099
973129099
973129099
973129099
973129099
973129099
973129099
973129099
973129099
973129099
973129099
973129099
973129099
973129099
973129099
973129099
973129099
973129099
973129099
973129099
973129099
973129099
973129099
973129099
973129099
973129099
973129099
973129099
973129099
973129099
973129099
973129099
973129099
973129099
973129099
986564553
986564553
986564553
986564553
986564553
986564553
986564553
986564553
993282280
993282280
993282280
993282280
993282280
993282280
993282280
993282280
993282280
993282280
993282280
993282280
993282280
993282280
993282280
993282280
993282280
993282280
993282280
993282280
993282280
993282280
993282280
993282280
993282280
993282280
993282280
993282280
993282280
993282280
993282280
993282280
993282280
993282280
993282280
993282280
993282280
993282280
993282280
993282280
993282280
993282280
993282280
993282280
993282280
993282280
993282280
993282280
993282280
993282280
993282280
993282280
993282280
993282280
993282280
993282280
993282280
993282280
993282280
993282280
993282280
993282280
993282280
993282280
993282280
993282280
993282280
993282280
993282280
993282280
993282280
993282280
993282280
993282280
993282280
993282280
993282280
993282280
993282280
993282280
993282280
993282280
993282280
993282280
993282280
993282280
993282280
993282280
993282280
993282280
993282280
993282280
993282280
993282280
993282280
993282280
993282280
993282280
993282280
993282280
993282280
993282280
993282280
993282280
993282280
993282280
993282280
993282280
993282280
993282280
993282280
993282280
993282280
993282280
993282280
993282280
993282280
993282280
993282280
993282280
993282280
993282280
993282280
993282280
993282280
993282280
993282280
993282280
993282280
993282280
993282280
993282280
993282280
993282280
993282280
993282280
993282280
993282280
993282280
993282280
993282280
993282280
993282280
993282280
993282280
993282280
993282280
993282280
993282280
993282280
993282280
993282280
993282280
993282280
993282280
993282280
993282280
993282280
993282280
993282280
993282280
993282280
993282280
993282280
993282280
993282280
993282280
993282280
993282280
993282280
993282280
993282280
993282280
993282280
993282280
993282280
993282280
993282280
993282280
993282280
993282280
993282280
993282280
993282280
993282280
993282280
993282280
993282280
993282280
993282280
993282280
993282280
993282280
993282280
993282280
993282280
993282280
993282280
993282280
993282280
993282280
993282280
993282280
993282280
993282280
993282280
993282280
993282280
993282280
993282280
993282280
993282280
993282280
993282280
993282280
993282280
993282280
993282280
993282280
993282280
993282280
993282280
993282280
993282280
993282280
993282280
993282280
993282280
993282280
993282280
993282280
993282280
993282280
993282280
993282280
993282280
993282280
993282280
993282280
993282280
993282280
993282280
993282280
993282280
993282280
993282280
993282280
993282280
993282280
993282280
993282280
993282280
993282280
993282280
993282280
993282280
993282280
993282280
993282280
993282280
993282280
993282280
993282280
993282280
993282280
993282280
993282280
993282280
993282280
993282280
993282280
993282280
993282280
993282280
993282280
993282280
993282280
993282280
993282280
993282280
993282280
993282280
993282280
993282280
993282280
993282280
993282280
993282280
993282280
993282280
993282280
993282280
993282280
993282280
993282280
993282280
993282280
993282280
993282280
993282280
993282280
993282280
993282280
993282280
993282280
993282280
993282280
993282280
993282280
993282280
993282280
993282280
993282280
993282280
993282280
993282280
993282280
993282280
993282280
993282280
993282280
993282280
993282280
993282280
993282280
993282280
993282280
993282280
993282280
993282280
993282280
993282280
993282280
993282280
993282280
993282280
993282280
993282280
993282280
993282280
993282280
993282280
993282280
993282280
993282280
993282280
993282280
993282280
993282280
993282280
993282280
993282280
993282280
993282280
993282280
993282280
993282280
993282280
993282280
993282280
993282280
993282280
993282280
993282280
993282280
993282280
993282280
993282280
993282280
993282280
993282280
993282280
993282280
993282280
993282280
993282280
993282280
993282280
993282280
993282280
993282280
993282280
993282280
993282280
993282280
993282280
993282280
993282280
993282280
993282280
496641140
496641140
496641140
496641140
496641140
496641140
496641140
496641140
496641140
496641140
496641140
496641140
496641140
496641140
496641140
496641140
496641140
496641140
496641140
496641140
496641140
496641140
496641140
496641140
496641140
496641140
496641140
496641140
496641140
496641140
496641140
496641140
496641140
496641140
496641140
496641140
496641140
496641140
496641140
496641140
496641140
496641140
496641140
496641140
496641140
496641140
496641140
496641140
496641140
496641140
496641140
496641140
496641140
496641140
496641140
496641140
496641140
496641140
496641140
496641140
496641140
496641140
496641140
496641140
496641140
496641140
496641140
496641140
496641140
496641140
496641140
496641140
496641140
496641140
496641140
496641140
496641140
496641140
496641140
496641140
496641140
496641140
496641140
496641140
496641140
248320570
248320570
248320570
248320570
248320570
248320570
248320570
248320570
248320570
248320570
248320570
248320570
248320570
248320570
248320570
248320570
248320570
248320570
248320570
248320570
248320570
248320570
248320570
248320570
248320570
248320570
248320570
248320570
248320570
248320570
248320570
248320570
248320570
248320570
248320570
248320570
248320570
248320570
248320570
248320570
248320570
248320570
248320570
248320570
248320570
248320570
248320570
248320570
248320570
248320570
248320570
248320570
248320570
248320570
248320570
248320570
248320570
248320570
248320570
248320570
248320570
248320570
248320570
248320570
248320570
248320570
248320570
248320570
248320570
248320570
248320570
248320570
248320570
248320570
248320570
248320570
248320570
248320570
248320570
248320570
248320570
248320570
248320570
248320570
248320570
248320570
248320570
248320570
248320570
248320570
248320570
248320570
248320570
248320570
248320570
248320570
248320570
248320570
248320570
248320570
248320570
248320570
248320570
248320570
248320570
248320570
248320570
248320570
248320570
248320570
248320570
248320570
248320570
248320570
248320570
248320570
248320570
248320570
248320570
248320570
248320570
248320570
248320570
248320570
248320570
248320570
248320570
248320570
248320570
248320570
248320570
248320570
248320570
248320570
248320570
248320570
248320570
248320570
248320570
248320570
248320570
248320570
248320570
248320570
248320570
248320570
248320570
248320570
248320570
248320570
248320570
248320570
248320570
248320570
248320570
248320570
248320570
248320570
248320570
248320570
248320570
248320570
248320570
248320570
248320570
248320570
248320570
248320570
248320570
248320570
248320570
248320570
248320570
248320570
248320570
248320570
248320570
248320570
248320570
248320570
248320570
248320570
248320570
248320570
248320570
248320570
248320570
248320570
248320570
248320570
248320570
248320570
248320570
248320570
248320570
248320570
248320570
248320570
248320570
248320570
248320570
248320570
248320570
248320570
248320570
248320570
248320570
248320570
248320570
248320570
248320570
248320570
248320570
248320570
248320570
248320570
248320570
248320570
248320570
248320570
248320570
248320570
248320570
248320570
248320570
248320570
248320570
248320570
248320570
248320570
248320570
248320570
248320570
248320570
248320570
248320570
248320570
248320570
248320570
248320570
248320570
248320570
248320570
248320570
248320570
248320570
248320570
248320570
248320570
248320570
248320570
248320570
248320570
248320570
248320570
248320570
248320570
248320570
248320570
248320570
248320570
248320570
248320570
248320570
248320570
248320570
248320570
248320570
248320570
248320570
248320570
248320570
248320570
248320570
248320570
248320570
248320570
248320570
248320570
248320570
248320570
248320570
248320570
248320570
248320570
248320570
248320570
248320570
248320570
248320570
248320570
248320570
248320570
248320570
248320570
248320570
248320570
248320570
248320570
248320570
248320570
248320570
248320570
248320570
248320570
248320570
248320570
248320570
248320570
248320570
248320570
248320570
248320570
248320570
248320570
248320570
248320570
248320570
124160285
124160285
124160285
124160285
124160285
124160285
124160285
124160285
124160285
124160285
124160285
124160285
124160285
124160285
124160285
124160285
124160285
124160285
124160285
124160285
124160285
124160285
124160285
124160285
124160285
124160285
124160285
124160285
124160285
124160285
124160285
124160285
124160285
124160285
124160285
124160285
124160285
124160285
124160285
124160285
124160285
124160285
124160285
124160285
124160285
124160285
124160285
124160285
124160285
124160285
124160285
124160285
124160285
124160285
124160285
124160285
124160285
124160285
124160285
124160285
124160285
124160285
124160285
124160285
124160285
124160285
124160285
124160285
124160285
124160285
124160285
124160285
124160285
124160285
124160285
124160285
124160285
124160285
124160285
124160285
124160285
124160285
124160285
124160285
124160285
124160285
124160285
124160285
124160285
124160285
124160285
124160285
124160285
124160285
124160285
124160285
124160285
124160285
124160285
124160285
124160285
124160285
124160285
124160285
124160285
124160285
124160285
124160285
124160285
124160285
124160285
124160285
124160285
124160285
124160285
124160285
124160285
124160285
124160285
124160285
124160285
124160285
124160285
124160285
124160285
124160285
124160285
124160285
124160285
124160285
124160285
124160285
124160285
124160285
124160285
124160285
124160285
124160285
124160285
124160285
124160285
124160285
124160285
124160285
124160285
124160285
124160285
124160285
124160285
124160285
124160285
124160285
124160285
124160285
124160285
124160285
124160285
124160285
124160285
124160285
124160285
124160285
124160285
124160285
124160285
124160285
124160285
124160285
124160285
124160285
124160285
124160285
124160285
124160285
124160285
124160285
124160285
124160285
124160285
124160285
124160285
124160285
124160285
124160285
124160285
124160285
124160285
124160285
124160285
124160285
124160285
124160285
124160285
124160285
124160285
124160285
124160285
124160285
124160285
124160285
124160285
124160285
124160285
124160285
124160285
124160285
124160285
124160285
124160285
124160285
124160285
124160285
124160285
124160285
124160285
124160285
124160285
124160285
124160285
124160285
124160285
124160285
124160285
124160285
124160285
124160285
124160285
124160285
124160285
124160285
124160285
124160285
124160285
124160285
124160285
124160285
124160285
124160285
124160285
124160285
124160285
124160285
124160285
124160285
124160285
124160285
124160285
124160285
124160285
124160285
124160285
124160285
124160285
124160285
124160285
124160285
124160285
124160285
124160285
124160285
124160285
124160285
124160285
124160285
124160285
124160285
124160285
124160285
124160285
124160285
124160285
124160285
124160285
124160285
124160285
124160285
124160285
124160285
124160285
124160285
124160285
124160285
124160285
124160285
124160285
124160285
124160285
124160285
124160285
124160285
124160285
124160285
124160285
124160285
124160285
124160285
124160285
124160285
124160285
124160285
124160285
124160285
124160285
124160285
124160285
124160285
124160285
124160285
124160285
124160285
124160285
124160285
124160285
124160285
124160285
124160285
124160285
124160285
124160285
124160285
124160285
124160285
124160285
124160285
124160285
124160285
124160285
124160285
124160285
124160285
124160285
124160285
124160285
124160285
124160285
124160285
124160285
124160285
124160285
124160285
124160285
124160285
124160285
124160285
124160285
562080146
562080146
562080146
562080146
562080146
562080146
562080146
562080146
562080146
562080146
562080146
562080146
562080146
562080146
562080146
562080146
562080146
562080146
562080146
562080146
562080146
562080146
562080146
562080146
562080146
562080146
562080146
562080146
562080146
562080146
562080146
562080146
562080146
562080146
562080146
562080146
562080146
562080146
562080146
562080146
562080146
562080146
562080146
562080146
562080146
562080146
562080146
562080146
562080146
562080146
562080146
562080146
562080146
562080146
562080146
562080146
562080146
562080146
562080146
562080146
562080146
562080146
562080146
562080146
562080146
562080146
562080146
562080146
562080146
562080146
562080146
562080146
562080146
562080146
562080146
562080146
562080146
562080146
562080146
562080146
562080146
562080146
562080146
562080146
562080146
562080146
562080146
562080146
562080146
562080146
562080146
562080146
562080146
562080146
562080146
562080146
562080146
562080146
562080146
562080146
562080146
562080146
281040073
281040073
281040073
281040073
281040073
281040073
281040073
281040073
281040073
281040073
281040073
281040073
281040073
281040073
281040073
281040073
281040073
281040073
281040073
281040073
281040073
281040073
281040073
281040073
281040073
281040073
281040073
281040073
281040073
281040073
281040073
281040073
281040073
281040073
281040073
281040073
281040073
281040073
281040073
281040073
281040073
281040073
281040073
281040073
281040073
281040073
281040073
281040073
281040073
281040073
281040073
281040073
281040073
281040073
281040073
281040073
281040073
281040073
281040073
281040073
281040073
281040073
281040073
281040073
281040073
281040073
281040073
281040073
281040073
281040073
640520040
640520040
640520040
640520040
640520040
640520040
640520040
640520040
640520040
640520040
640520040
640520040
640520040
640520040
640520040
640520040
640520040
640520040
640520040
640520040
640520040
640520040
640520040
640520040
640520040
640520040
640520040
640520040
640520040
640520040
640520040
640520040
640520040
640520040
640520040
640520040
640520040
640520040
640520040
640520040
640520040
640520040
640520040
640520040
640520040
640520040
640520040
640520040
640520040
640520040
640520040
640520040
640520040
640520040
640520040
640520040
640520040
640520040
640520040
640520040
640520040
640520040
640520040
640520040
640520040
320260020
320260020
320260020
320260020
320260020
320260020
320260020
320260020
320260020
320260020
320260020
320260020
320260020
320260020
320260020
320260020
320260020
320260020
320260020
320260020
320260020
320260020
320260020
320260020
320260020
320260020
320260020
320260020
320260020
320260020
320260020
320260020
320260020
320260020
320260020
320260020
320260020
320260020
320260020
320260020
320260020
320260020
320260020
320260020
320260020
320260020
320260020
320260020
320260020
320260020
320260020
320260020
320260020
320260020
320260020
320260020
320260020
320260020
320260020
320260020
320260020
320260020
320260020
320260020
320260020
320260020
320260020
320260020
320260020
320260020
320260020
320260020
320260020
320260020
320260020
320260020
160130010
160130010
160130010
160130010
160130010
160130010
160130010
160130010
160130010
160130010
160130010
160130010
160130010
160130010
160130010
160130010
160130010
160130010
160130010
160130010
160130010
160130010
160130010
160130010
160130010
160130010
160130010
160130010
160130010
160130010
160130010
160130010
160130010
160130010
160130010
160130010
160130010
160130010
160130010
160130010
160130010
160130010
160130010
160130010
160130010
160130010
160130010
160130010
160130010
160130010
160130010
160130010
160130010
160130010
160130010
160130010
160130010
160130010
160130010
160130010
160130010
160130010
160130010
160130010
160130010
160130010
160130010
160130010
160130010
160130010
160130010
160130010
160130010
160130010
160130010
160130010
160130010
160130010
160130010
160130010
160130010
160130010
160130010
160130010
160130010
160130010
160130010
160130010
160130010
160130010
160130010
160130010
160130010
160130010
160130010
160130010
160130010
160130010
160130010
160130010
160130010
160130010
160130010
160130010
160130010
160130010
160130010
160130010
160130010
160130010
160130010
160130010
160130010
160130010
160130010
160130010
160130010
160130010
160130010
160130010
160130010
160130010
160130010
160130010
160130010
160130010
160130010
160130010
160130010
160130010
160130010
160130010
160130010
160130010
160130010
160130010
160130010
160130010
160130010
160130010
160130010
160130010
160130010
160130010
160130010
160130010
160130010
160130010
160130010
160130010
160130010
160130010
160130010
160130010
160130010
160130010
160130010
160130010
160130010
160130010
160130010
160130010
160130010
160130010
160130010
160130010
160130010
160130010
160130010
160130010
160130010
160130010
160130010
160130010
160130010
160130010
160130010
160130010
160130010
160130010
160130010
160130010
160130010
160130010
160130010
160130010
160130010
160130010
160130010
160130010
160130010
160130010
160130010
160130010
160130010
160130010
160130010
160130010
160130010
160130010
160130010
160130010
160130010
160130010
160130010
160130010
160130010
160130010
160130010
160130010
160130010
160130010
160130010
160130010
160130010
160130010
160130010
160130010
160130010
160130010
160130010
160130010
160130010
160130010
160130010
160130010
160130010
160130010
160130010
160130010
160130010
160130010
160130010
160130010
160130010
160130010
160130010
160130010
160130010
160130010
160130010
160130010
160130010
160130010
160130010
160130010
160130010
160130010
160130010
160130010
160130010
160130010
160130010
160130010
160130010
160130010
160130010
160130010
160130010
160130010
160130010
160130010
160130010
160130010
160130010
160130010
160130010
160130010
160130010
160130010
160130010
160130010
160130010
160130010
160130010
160130010
160130010
160130010
160130010
160130010
160130010
160130010
160130010
160130010
160130010
160130010
160130010
160130010
160130010
160130010
160130010
160130010
160130010
160130010
160130010
160130010
160130010
160130010
160130010
160130010
160130010
160130010
160130010
160130010
160130010
160130010
160130010
160130010
160130010
160130010
160130010
160130010
160130010
160130010
160130010
160130010
160130010
160130010
160130010
160130010
160130010
160130010
160130010
160130010
160130010
160130010
160130010
160130010
160130010
160130010
160130010
160130010
160130010
160130010
160130010
160130010
160130010
160130010
160130010
160130010
160130010
160130010
160130010
160130010
160130010
160130010
160130010
160130010
160130010
160130010
160130010
160130010
160130010
160130010
160130010
160130010
160130010
160130010
160130010
160130010
160130010
160130010
160130010
160130010
160130010
160130010
160130010
160130010
160130010
160130010
160130010
160130010
160130010
160130010
160130010
160130010
160130010
160130010
160130010
160130010
160130010
160130010
160130010
160130010
160130010
160130010
160130010
160130010
160130010
160130010
160130010
160130010
160130010
160130010
160130010
160130010
160130010
160130010
160130010
160130010
160130010
160130010
160130010
160130010
160130010
160130010
160130010
160130010
160130010
160130010
160130010
160130010
160130010
160130010
160130010
160130010
160130010
160130010
160130010
160130010
160130010
160130010
160130010
160130010
160130010
160130010
160130010
160130010
160130010
160130010
160130010
160130010
160130010
160130010
160130010
160130010
160130010
160130010
160130010
160130010
160130010
160130010
160130010
160130010
160130010
160130010
160130010
160130010
160130010
160130010
160130010
160130010
160130010
160130010
160130010
160130010
160130010
160130010
160130010
160130010
160130010
160130010
160130010
160130010
160130010
160130010
160130010
160130010
160130010
160130010
160130010
160130010
160130010
160130010
160130010
160130010
160130010
160130010
160130010
160130010
160130010
160130010
160130010
160130010
160130010
160130010
160130010
160130010
160130010
160130010
160130010
160130010
160130010
160130010
160130010
160130010
160130010
160130010
160130010
160130010
160130010
160130010
160130010
160130010
160130010
160130010
160130010
160130010
160130010
160130010
160130010
80065005
80065005
80065005
80065005
80065005
80065005
80065005
80065005
80065005
80065005
80065005
80065005
80065005
80065005
80065005
80065005
80065005
80065005
80065005
80065005
80065005
80065005
80065005
80065005
80065005
80065005
80065005
80065005
80065005
80065005
80065005
80065005
80065005
80065005
80065005
80065005
80065005
80065005
80065005
80065005
80065005
80065005
80065005
80065005
80065005
80065005
80065005
80065005
80065005
80065005
80065005
80065005
80065005
80065005
80065005
80065005
80065005
80065005
80065005
80065005
80065005
80065005
80065005
80065005
80065005
80065005
80065005
80065005
80065005
80065005
80065005
80065005
80065005
80065005
80065005
80065005
80065005
80065005
80065005
80065005
80065005
80065005
80065005
80065005
80065005
80065005
80065005
80065005
80065005
80065005
80065005
80065005
80065005
80065005
80065005
80065005
80065005
80065005
80065005
80065005
80065005
80065005
80065005
80065005
80065005
80065005
80065005
80065005
80065005
80065005
80065005
80065005
80065005
80065005
80065005
80065005
80065005
80065005
80065005
80065005
80065005
80065005
80065005
80065005
80065005
80065005
80065005
80065005
80065005
80065005
80065005
80065005
80065005
80065005
80065005
80065005
80065005
80065005
80065005
80065005
80065005
80065005
80065005
80065005
80065005
80065005
80065005
80065005
80065005
80065005
80065005
80065005
80065005
80065005
80065005
80065005
80065005
80065005
80065005
80065005
80065005
80065005
80065005
80065005
80065005
80065005
80065005
80065005
80065005
80065005
80065005
80065005
80065005
80065005
80065005
80065005
80065005
80065005
80065005
80065005
80065005
80065005
80065005
80065005
80065005
80065005
80065005
80065005
80065005
80065005
80065005
80065005
80065005
80065005
80065005
80065005
80065005
80065005
80065005
80065005
80065005
80065005
80065005
80065005
80065005
80065005
80065005
80065005
80065005
80065005
80065005
80065005
80065005
80065005
80065005
80065005
80065005
80065005
80065005
80065005
80065005
80065005
80065005
80065005
80065005
80065005
80065005
80065005
80065005
80065005
80065005
80065005
80065005
80065005
80065005
80065005
80065005
80065005
80065005
80065005
80065005
80065005
80065005
80065005
80065005
80065005
80065005
80065005
80065005
80065005
80065005
80065005
80065005
80065005
80065005
80065005
80065005
80065005
80065005
80065005
80065005
80065005
80065005
80065005
80065005
80065005
80065005
80065005
80065005
80065005
80065005
80065005
80065005
80065005
80065005
80065005
80065005
80065005
80065005
80065005
80065005
80065005
80065005
80065005
80065005
80065005
80065005
80065005
80065005
80065005
80065005
80065005
80065005
80065005
80065005
80065005
80065005
80065005
80065005
80065005
80065005
80065005
80065005
80065005
80065005
80065005
80065005
80065005
80065005
80065005
80065005
80065005
80065005
80065005
80065005
80065005
80065005
80065005
80065005
80065005
80065005
80065005
80065005
80065005
80065005
80065005
80065005
80065005
80065005
80065005
80065005
80065005
80065005
80065005
80065005
80065005
80065005
80065005
80065005
80065005
80065005
80065005
80065005
80065005
80065005
80065005
80065005
80065005
80065005
80065005
80065005
80065005
80065005
80065005
80065005
80065005
80065005
80065005
80065005
80065005
80065005
80065005
80065005
80065005
80065005
80065005
80065005
80065005
80065005
80065005
80065005
80065005
80065005
80065005
80065005
80065005
80065005
80065005
80065005
80065005
80065005
80065005
80065005
80065005
80065005
80065005
80065005
80065005
80065005
80065005
80065005
80065005
80065005
80065005
80065005
80065005
80065005
80065005
80065005
80065005
80065005
80065005
80065005
80065005
80065005
80065005
80065005
80065005
80065005
80065005
80065005
80065005
80065005
80065005
80065005
80065005
80065005
80065005
80065005
80065005
80065005
80065005
80065005
80065005
80065005
80065005
80065005
80065005
80065005
80065005
80065005
80065005
80065005
80065005
80065005
80065005
80065005
80065005
80065005
80065005
80065005
80065005
80065005
80065005
80065005
80065005
80065005
80065005
80065005
80065005
80065005
80065005
80065005
80065005
80065005
80065005
80065005
80065005
80065005
80065005
80065005
80065005
80065005
80065005
80065005
80065005
80065005
80065005
80065005
80065005
80065005
80065005
80065005
80065005
80065005
80065005
80065005
80065005
80065005
80065005
80065005
80065005
80065005
80065005
80065005
80065005
80065005
80065005
80065005
80065005
80065005
80065005
80065005
80065005
80065005
80065005
80065005
80065005
80065005
80065005
80065005
80065005
80065005
80065005
80065005
80065005
80065005
80065005
80065005
80065005
80065005
80065005
80065005
80065005
80065005
80065005
80065005
80065005
80065005
80065005
80065005
80065005
80065005
80065005
80065005
80065005
80065005
80065005
80065005
80065005
80065005
80065005
80065005
80065005
80065005
80065005
80065005
80065005
80065005
80065005
80065005
80065005
80065005
80065005
80065005
80065005
80065005
80065005
80065005
80065005
80065005
80065005
80065005
80065005
80065005
80065005
80065005
80065005
80065005
80065005
80065005
80065005
80065005
80065005
80065005
80065005
80065005
80065005
80065005
80065005
80065005
80065005
80065005
80065005
80065005
80065005
80065005
80065005
80065005
80065005
80065005
80065005
80065005
80065005
80065005
80065005
80065005
80065005
80065005
80065005
80065005
80065005
80065005
80065005
80065005
80065005
80065005
80065005
80065005
80065005
80065005
80065005
80065005
80065005
80065005
80065005
80065005
80065005
80065005
80065005
80065005
80065005
80065005
80065005
80065005
80065005
80065005
80065005
80065005
80065005
80065005
80065005
80065005
80065005
80065005
80065005
80065005
80065005
80065005
80065005
80065005
80065005
80065005
80065005
80065005
80065005
80065005
80065005
80065005
80065005
80065005
80065005
80065005
80065005
80065005
80065005
80065005
80065005
80065005
80065005
80065005
80065005
80065005
80065005
80065005
80065005
80065005
80065005
80065005
80065005
80065005
80065005
80065005
80065005
80065005
80065005
80065005
80065005
80065005
80065005
80065005
80065005
80065005
80065005
80065005
80065005
80065005
80065005
80065005
80065005
80065005
80065005
80065005
80065005
80065005
80065005
80065005
80065005
80065005
80065005
80065005
80065005
80065005
80065005
80065005
80065005
80065005
80065005
80065005
80065005
80065005
80065005
80065005
80065005
80065005
80065005
80065005
80065005
80065005
80065005
80065005
80065005
80065005
80065005
80065005
80065005
80065005
80065005
80065005
80065005
80065005
80065005
80065005
80065005
80065005
80065005
80065005
80065005
80065005
80065005
80065005
80065005
80065005
80065005
80065005
80065005
80065005
80065005
80065005
80065005
80065005
80065005
80065005
80065005
80065005
80065005
80065005
80065005
80065005
80065005
80065005
80065005
80065005
80065005
80065005
80065005
80065005
80065005
80065005
80065005
80065005
80065005
80065005
80065005
80065005
80065005
80065005
80065005
80065005
80065005
80065005
80065005
80065005
80065005
80065005
80065005
80065005
80065005
80065005
80065005
80065005
80065005
80065005
80065005
80065005
80065005
80065005
80065005
80065005
80065005
80065005
80065005
80065005
80065005
80065005
80065005
80065005
80065005
80065005
80065005
80065005
80065005
80065005
80065005
80065005
80065005
80065005
80065005
80065005
80065005
80065005
80065005
80065005
80065005
80065005
80065005
80065005
80065005
80065005
80065005
80065005
80065005
80065005
80065005
80065005
540032506
540032506
540032506
540032506
540032506
540032506
540032506
540032506
540032506
540032506
540032506
540032506
540032506
540032506
540032506
540032506
540032506
540032506
540032506
540032506
540032506
540032506
540032506
540032506
540032506
540032506
540032506
540032506
540032506
540032506
540032506
540032506
540032506
540032506
540032506
540032506
540032506
540032506
540032506
540032506
540032506
540032506
540032506
540032506
540032506
540032506
540032506
540032506
540032506
540032506
540032506
540032506
540032506
540032506
540032506
540032506
540032506
540032506
540032506
540032506
540032506
540032506
540032506
540032506
540032506
540032506
540032506
540032506
540032506
540032506
540032506
540032506
540032506
540032506
540032506
540032506
540032506
540032506
540032506
540032506
540032506
540032506
540032506
540032506
540032506
540032506
540032506
540032506
540032506
540032506
540032506
540032506
540032506
540032506
540032506
540032506
540032506
540032506
540032506
540032506
540032506
540032506
540032506
540032506
540032506
540032506
540032506
540032506
540032506
540032506
540032506
540032506
540032506
540032506
540032506
540032506
540032506
540032506
540032506
540032506
540032506
540032506
540032506
540032506
540032506
540032506
540032506
540032506
540032506
540032506
540032506
540032506
540032506
540032506
540032506
540032506
540032506
540032506
540032506
540032506
540032506
540032506
540032506
540032506
540032506
540032506
540032506
540032506
540032506
540032506
540032506
540032506
540032506
540032506
540032506
540032506
540032506
540032506
540032506
540032506
540032506
540032506
540032506
540032506
540032506
540032506
540032506
540032506
540032506
540032506
540032506
540032506
540032506
540032506
540032506
540032506
540032506
540032506
540032506
540032506
540032506
540032506
540032506
540032506
540032506
540032506
540032506
540032506
540032506
540032506
540032506
540032506
540032506
540032506
540032506
540032506
540032506
540032506
540032506
540032506
540032506
540032506
540032506
540032506
540032506
540032506
540032506
540032506
540032506
540032506
540032506
540032506
540032506
540032506
540032506
540032506
540032506
540032506
540032506
540032506
540032506
540032506
540032506
540032506
540032506
540032506
540032506
540032506
540032506
540032506
540032506
540032506
540032506
540032506
540032506
540032506
540032506
540032506
540032506
540032506
540032506
540032506
540032506
540032506
540032506
540032506
540032506
540032506
540032506
540032506
540032506
540032506
540032506
540032506
540032506
540032506
540032506
540032506
540032506
540032506
540032506
540032506
540032506
540032506
540032506
540032506
540032506
540032506
540032506
540032506
540032506
540032506
540032506
540032506
540032506
540032506
540032506
540032506
540032506
540032506
540032506
540032506
540032506
540032506
540032506
540032506
540032506
540032506
540032506
540032506
540032506
540032506
540032506
540032506
540032506
540032506
540032506
540032506
540032506
540032506
540032506
540032506
540032506
540032506
540032506
540032506
540032506
540032506
540032506
540032506
540032506
540032506
540032506
540032506
540032506
540032506
540032506
540032506
540032506
540032506
540032506
540032506
540032506
540032506
540032506
540032506
540032506
540032506
540032506
540032506
540032506
540032506
540032506
540032506
540032506
540032506
540032506
540032506
540032506
540032506
540032506
540032506
540032506
540032506
540032506
540032506
540032506
540032506
540032506
540032506
540032506
540032506
540032506
540032506
540032506
540032506
540032506
540032506
540032506
