97947 4 11554
1 68826 3 34828
3 91942 4 16748
2 69788 1 17367
4 10166 4 87745
4 32102 4 76484
4 92341 3 52491
3 687 2 34554
3 4527 1 66750
3 35725 2 83709
3 29827 4 90985
4 90378 4 17770
2 11655 2 43675
3 93571 2 73339
3 4810 2 87072
2 50263 4 96905
1 5656 1 64806
2 35089 2 65557
4 9045 4 95612
3 41953 4 93023
3 55847 4 2677
2 42006 3 36853
3 83393 3 21418
2 28350 3 91512
4 43204 4 90877
2 69943 2 79439
2 84154 2 85896
4 78289 2 71208
3 68679 4 65545
4 8754 1 74524
3 29432 4 62838
3 4105 2 96806
4 791 3 88789
2 65017 2 24600
2 39007 3 45960
2 67034 1 43254
1 87626 1 41198
2 9119 4 36890
2 58722 3 27394
3 47787 2 20808
1 26873 2 49396
4 7273 1 11922
2 28541 2 54868
1 12594 2 77832
3 67321 4 77955
3 30819 3 16753
4 36680 4 81764
2 26262 1 48886
4 66406 1 47920
3 2751 3 26659
4 87993 3 77629
2 10895 2 53414
3 80371 1 69472
4 19744 2 89579
2 69919 2 20508
4 83385 2 6846
1 60682 4 12376
4 70955 2 62192
2 62685 1 10147
4 38338 2 97299
2 30716 2 52364
1 30154 1 62928
4 5756 1 92598
3 47202 4 16263
4 12355 1 35614
2 33120 2 60041
3 71299 2 54948
4 35631 2 5247
3 9563 3 63958
2 33395 4 33420
2 70400 3 12509
1 43710 1 33258
4 26284 3 9686
2 30592 3 1923
1 36093 3 4723
3 53417 1 24138
4 35360 3 95885
4 30054 4 96698
3 59312 3 49431
2 70399 2 18596
4 92848 1 32973
4 51679 3 67709
2 51570 3 17139
4 35085 4 38739
2 58390 2 63465
2 93874 3 78819
3 55875 1 22282
2 30966 2 14617
1 71645 4 55884
2 38414 3 57585
1 42316 1 44092
3 23645 4 58818
2 75787 1 70016
2 26935 3 32006
4 63679 1 10181
3 45625 3 16791
4 45885 4 62075
4 39444 1 20901
3 85451 1 72051
1 1644 3 70288
2 59379 1 47517
1 29566 3 46113
3 86384 4 12795
1 75762 3 19589
2 95130 2 81192
4 67657 3 51863
3 20909 2 3293
2 58325 1 42810
3 12599 4 65548
1 63835 3 78389
4 44817 1 49573
4 89091 2 9559
4 76081 3 81589
3 29599 1 62252
1 69256 3 69232
1 37150 2 23577
1 33009 2 68433
3 48288 4 47713
4 18661 3 92280
1 96382 3 63887
3 38418 2 88292
1 929 1 5901
3 62817 1 67928
2 15713 3 74670
1 96951 2 37988
1 18727 4 21188
4 91867 4 95167
4 53293 1 67709
1 84842 2 94037
1 49141 2 5718
1 47993 4 70617
1 5922 4 4853
4 46798 2 41596
1 80913 2 7113
4 4497 1 86206
1 14604 4 34007
4 52170 4 13134
4 47636 4 11509
1 74478 3 7106
1 2779 4 18548
2 76585 2 35198
4 59874 2 62894
1 44091 4 49114
3 22913 2 40929
2 48240 1 33422
3 66858 3 64370
4 68067 4 10709
3 30278 4 36446
2 91751 1 36753
1 27591 1 10324
4 36331 1 15079
3 53720 2 13409
4 58784 3 41617
2 40589 3 15908
2 33664 4 22794
4 32274 4 91049
4 77899 3 19028
3 26874 3 66530
4 41334 1 74091
4 84883 1 93950
2 67382 4 76217
1 54554 2 8425
4 21177 4 69206
4 92392 1 97070
1 55459 4 78407
1 39077 2 95350
2 62616 3 22682
2 15422 1 56686
3 23307 3 30586
3 28875 1 9734
4 13807 4 14058
1 28004 2 62352
4 43014 2 92413
3 70401 4 51843
2 27993 3 80730
4 44109 2 12590
2 76215 3 54620
2 49519 3 52900
1 28690 2 45230
3 70300 3 55024
3 4656 3 82857
1 11483 1 22857
2 59059 4 57961
3 9003 4 40439
2 45551 1 86896
3 15118 2 21697
1 23825 2 59591
3 29538 2 76531
4 92238 2 27301
1 5491 4 93830
4 72860 3 86576
3 685 4 47839
1 65748 2 77953
3 8038 1 95621
2 85185 4 52051
4 46136 4 69558
4 85647 3 1263
4 6260 1 23164
3 30169 4 91473
4 63144 1 60022
1 53739 3 61335
1 24609 3 75897
4 90910 1 81013
1 76800 1 66922
1 37938 4 41595
2 32089 2 75059
1 43211 1 70710
3 12578 3 19491
1 79876 2 26183
3 51528 4 35159
1 73321 2 60843
2 39429 4 85261
4 13884 2 89969
3 93450 4 69153
1 10910 4 77310
2 40214 3 30712
4 23117 1 86973
2 65605 2 17983
3 2318 1 79858
4 94676 1 13584
3 21697 1 68350
4 83611 4 96161
1 95196 4 62222
1 59485 4 78587
2 62365 4 48378
2 81096 2 7620
4 61453 4 17848
2 66437 2 31336
1 12368 1 81020
3 33945 4 47878
4 83252 2 41264
4 76734 1 86982
4 87592 3 80829
1 9162 1 78860
1 31784 4 55240
2 92310 1 68471
1 18118 3 27790
2 45275 3 85079
4 14012 3 5137
4 54515 1 60505
3 10291 4 53151
3 40298 1 1082
3 41987 3 86013
2 42403 2 57135
2 97847 1 4103
3 43144 1 41965
4 14051 1 64781
2 51879 2 44871
1 94720 1 21130
2 39930 2 27850
1 88857 3 33090
1 22716 2 6865
4 13641 1 80571
1 92349 3 96263
3 43564 3 93194
2 11483 1 10233
2 59421 4 40340
2 74884 3 48086
3 5467 1 67059
2 66876 4 26733
3 2288 4 58870
4 58513 4 48872
2 94169 4 41509
4 45802 1 87223
1 92492 2 68760
2 94254 2 29393
4 56031 3 14107
1 72462 1 46987
4 15250 1 9976
2 23090 2 44563
2 31560 4 4230
2 25489 1 89969
3 62638 4 64937
2 93157 1 56327
1 46831 1 91808
2 66810 4 43040
4 48420 1 15013
4 26106 1 30353
1 62202 2 67556
4 64164 1 46923
4 65465 4 90012
1 58240 2 8083
1 45071 3 35044
3 59758 4 93402
3 92907 1 18449
1 9372 1 15742
3 3947 3 78251
2 18232 4 17352
2 1407 1 52973
4 14144 4 90819
1 88782 1 76387
2 12491 2 86167
3 32132 1 48312
4 29219 1 46454
4 95816 4 60873
3 79526 1 7301
4 82536 4 18725
3 77812 2 40056
2 91305 2 48209
1 48334 3 88402
2 94310 3 4898
4 48190 3 77145
2 34506 1 68492
1 53436 3 38819
2 60044 3 5934
2 5384 4 67958
1 41965 1 97009
2 48416 2 36757
2 78924 4 33415
4 40572 2 88706
4 10256 3 9542
2 7437 2 21281
1 42443 4 85109
1 34595 4 88019
1 13223 2 73852
4 13697 4 49377
1 57515 1 46488
3 69937 1 41454
2 35278 1 86180
4 11813 2 16775
3 62258 3 1614
3 17502 2 90873
2 90526 2 46968
2 95514 4 43092
3 76719 1 93772
3 53743 2 17412
2 52770 2 22383
1 55253 4 92507
3 26906 2 26652
4 19837 1 42218
1 78431 2 17324
3 9553 3 56747
3 1505 1 93172
1 24645 4 64050
1 84592 3 86321
2 54862 1 89674
4 58064 1 32454
1 10367 4 81386
3 8318 4 10539
2 48982 3 18701
2 37633 2 60403
2 44000 2 96059
2 92683 2 69483
2 56165 1 7895
3 30067 3 11374
2 24223 4 49280
3 48579 4 11327
4 43797 3 38305
1 11046 4 89948
3 1063 2 35528
1 41978 4 31329
3 3640 4 70038
1 61947 3 4771
1 64272 2 63270
4 48981 2 80465
2 49761 4 90934
1 15702 2 31700
4 42165 3 50034
2 11058 1 6856
2 56258 1 75337
1 80607 1 48903
1 17797 1 79982
3 77312 4 50662
3 7824 4 92606
3 94013 2 24447
4 50717 1 75988
3 39492 4 48376
3 51214 3 59173
3 11553 3 29891
2 97181 2 43555
3 15963 1 11183
4 65787 4 3600
1 65984 4 6236
3 59360 4 3739
2 76221 4 23426
4 8500 4 1174
3 70531 1 41206
3 10670 4 11552
1 61327 2 82012
1 23458 3 73855
1 32926 2 11586
1 30735 2 81770
3 19558 3 96225
2 73777 1 19318
1 79991 3 27782
2 40419 3 82714
4 97259 4 53698
3 20 3 10541
1 30179 2 65741
1 11614 1 60488
4 67288 1 66379
2 8905 2 57377
3 97316 4 69882
2 29873 3 42164
4 16620 3 45358
4 81575 1 61858
4 32058 2 72409
2 67740 1 933
3 14872 4 75075
1 55270 1 61894
2 94120 4 919
4 10666 4 29262
3 46600 2 88502
2 68264 2 89220
1 41938 2 1971
3 61388 4 80729
3 70665 3 34577
3 69546 1 78411
4 47902 1 55458
4 37569 3 66296
1 53875 2 42808
1 68684 1 42806
4 40340 1 35226
3 56823 2 79468
2 85783 1 19614
2 61244 2 85537
2 1840 4 34160
3 90105 2 40711
4 12000 4 86135
2 91022 1 36060
3 84776 1 75239
4 75701 2 51037
3 7498 1 10981
2 28140 1 94964
4 64679 4 81167
3 92765 1 30313
1 239 4 93883
1 8868 2 12925
2 73528 3 13142
3 56681 1 49796
1 37784 1 84170
2 66235 4 77933
4 67998 3 34398
2 34680 1 31064
4 69808 2 39523
1 59832 4 30304
4 42354 1 27380
2 89379 1 36803
2 23850 4 90127
2 46739 1 85456
3 69895 1 46008
1 77855 3 17
1 45929 2 78882
4 44575 2 3495
3 3488 3 84818
3 80172 2 22114
2 45503 1 85367
2 6430 4 88622
4 83405 2 73638
2 86891 1 76757
1 38589 2 46200
4 12930 3 11802
1 23130 4 86815
1 75748 2 82270
3 67129 4 41192
2 41789 3 15277
4 49019 1 44015
1 79984 1 21246
3 89050 3 69204
4 24939 2 45441
3 94152 2 4176
4 5855 3 70084
2 73856 4 27473
3 4709 3 63169
2 36568 2 39662
2 33357 2 58762
2 32331 1 15704
1 1856 2 87355
3 28222 3 33986
1 74930 1 63446
2 37396 2 54009
3 30345 2 93509
2 51651 4 88490
3 67828 1 77745
4 48529 3 26707
2 8793 2 15454
1 45483 4 44508
2 68921 2 79423
4 44192 2 90261
1 40824 1 34254
2 78526 2 53136
1 1582 1 95704
3 56053 3 12000
4 46346 1 93070
4 17956 4 53771
2 60588 1 23086
4 62240 1 12225
1 23151 2 97695
2 71844 1 90520
2 91178 3 13288
3 22725 1 84158
2 23258 3 93502
2 16419 4 27313
2 7214 4 46458
2 42050 1 77864
4 48539 4 88236
4 60186 2 25956
4 75351 4 57586
4 2475 2 92182
4 12063 1 62607
2 14533 2 46299
1 91973 2 18515
3 94116 2 31812
1 19290 1 9158
2 51771 2 42886
2 80394 2 71612
4 88908 3 75778
1 51281 1 20291
4 89262 2 1220
4 48255 1 62092
2 56424 2 36813
1 33220 4 88859
2 86758 4 13183
2 74803 2 5016
2 13460 2 71321
4 7487 3 52717
4 92052 1 51756
3 35671 4 39363
2 55188 1 41564
2 55753 2 50443
3 71763 1 51002
3 50417 4 55288
1 29822 4 33767
2 56868 2 52817
4 65473 3 29719
3 54427 3 92185
1 9858 3 12059
4 49926 3 72453
1 12884 4 2179
4 10172 1 81877
3 6231 3 18832
4 46154 2 72229
2 22994 3 95548
2 90158 3 61204
1 14128 4 10718
4 38797 2 23788
2 32578 4 16650
1 15788 4 4901
4 20067 1 64436
3 27139 1 29075
1 71553 4 16388
2 24208 3 57894
2 54201 3 62377
4 71022 4 59793
3 62017 4 70638
4 8663 1 51494
2 64766 4 4931
1 48545 3 65751
2 64456 3 55163
1 34934 4 62121
1 90146 1 75147
2 1148 3 1638
3 88025 4 72053
4 33224 2 77844
4 40122 4 88724
4 89161 1 17144
3 22783 4 69453
4 81950 3 81980
1 6422 1 43819
4 16340 2 81583
2 64813 3 86502
2 83211 1 19033
4 6296 3 77491
3 15553 3 9096
4 70614 2 35037
4 56091 4 87351
2 59474 2 24302
3 21055 4 35441
1 81687 2 40290
4 21822 2 27866
1 68200 1 13045
4 57044 2 61219
3 60839 4 33476
1 89127 1 60110
2 51137 4 75400
3 63393 4 11959
1 41945 3 8419
4 8470 3 40338
1 40068 2 46352
3 69711 1 12498
2 46789 4 52191
2 8555 3 9264
3 50321 1 89378
1 97728 2 70169
4 67441 1 69022
4 44453 3 22601
1 7347 2 39533
2 43257 1 4646
4 13710 1 86175
4 95866 3 10443
4 69718 4 49161
3 70408 3 82578
1 85497 4 8837
4 38120 3 26370
1 43646 3 68842
3 3938 2 90536
2 74198 2 2037
1 51208 1 38917
2 2558 3 73764
3 93600 3 40406
4 22204 1 90721
1 41584 1 65702
3 81692 2 24383
1 52753 2 15968
3 71954 3 44541
3 33425 3 21498
1 34328 3 37374
4 96739 2 39079
3 97341 4 20960
4 85465 2 69877
1 17350 4 76397
2 66930 2 14613
2 19856 2 20144
4 93020 3 71632
1 27983 3 21532
2 93652 3 387
4 43868 1 14597
3 37911 2 28367
3 6481 3 28733
4 4736 2 2615
1 57682 4 58030
4 31684 2 84124
4 96387 4 76214
2 30276 4 67808
1 76824 1 66182
3 59558 2 39611
3 90078 3 40271
1 91143 1 46266
2 44100 2 35226
2 45565 4 72641
4 26763 4 28296
2 19992 1 7211
3 32617 1 78036
1 48480 4 55609
1 82910 1 74916
1 45454 3 79420
3 17505 3 94902
2 55719 4 48083
4 75390 1 11276
2 53701 1 9943
4 8243 2 42656
1 36346 2 87810
2 81613 2 85491
1 89375 1 5081
3 68634 3 23044
1 42765 2 45806
2 95735 4 16372
3 83498 1 41141
4 66642 1 58921
4 84871 4 35392
3 57659 1 48848
2 81309 4 91785
4 78316 2 61844
1 7712 2 29130
2 23102 3 26591
1 58674 3 41667
2 9415 3 42066
3 23428 2 56860
2 25863 1 95194
2 561 2 88497
2 60617 2 9527
3 40229 3 7898
4 42967 3 34223
4 92482 1 35282
4 77704 2 45017
3 1363 4 88364
3 61612 2 92488
1 78570 2 35232
2 27641 1 48408
4 2086 1 46054
2 54381 4 42387
3 51304 3 68725
3 9308 2 69324
4 11751 4 44731
2 50066 3 56656
2 19953 2 16898
1 97541 2 44291
3 84008 3 62821
1 74406 4 22553
3 18065 1 61469
3 36816 4 87050
2 30381 2 93478
2 51559 3 71144
1 61721 2 28535
1 62996 1 59568
1 57221 4 22331
2 81289 1 58026
1 29976 2 39373
3 62572 3 20355
2 3141 3 14793
4 26522 4 9570
3 65921 1 39380
3 70937 2 12366
2 33396 4 29832
3 22406 1 94646
1 6702 2 27319
2 19797 4 11736
1 22758 2 77326
2 63438 3 24136
4 40215 4 88522
4 11679 1 75692
3 40429 4 28292
1 68802 2 72986
1 90607 3 67192
2 24597 3 75478
3 50035 4 3239
4 26649 3 6999
1 40716 1 7272
3 41373 3 9276
2 12200 4 82753
4 38996 1 56915
1 19429 4 158
4 87735 4 96260
2 32517 4 41214
3 39393 4 94535
3 91631 1 78107
1 13730 2 25881
4 1929 2 12241
1 6104 1 4159
1 58776 1 73470
3 23281 4 50167
3 24814 1 16403
2 76102 4 66904
1 63336 1 39629
2 63660 1 77279
1 31333 3 83568
2 31664 3 67194
2 28999 4 14591
4 94302 1 3367
1 72912 2 66426
2 61957 2 74048
4 28968 3 59022
1 78902 3 50601
3 14660 4 48995
3 33588 2 29424
4 69589 3 3430
3 38818 3 3941
4 97259 2 47976
2 64142 3 8058
2 17792 4 87850
4 64728 3 76701
1 67043 1 94938
2 3910 4 12452
1 4640 3 14698
2 37735 4 14667
1 71584 1 1431
2 89376 2 78536
4 2183 4 70841
1 78545 3 80326
1 96473 2 94563
3 25538 1 76125
2 28606 3 14111
2 10825 3 19777
3 1639 1 70197
4 4249 3 69479
2 40030 4 11961
4 79640 2 4561
1 67871 2 97311
2 47260 1 58011
4 62135 3 67303
3 56863 1 22237
2 24988 2 12359
2 52924 2 63380
2 87623 1 64700
4 90724 4 14130
3 51054 3 59017
1 35530 1 52052
4 12336 2 78871
3 89016 1 32387
4 85874 3 30960
1 78425 3 7246
4 97295 1 74748
2 1270 2 89920
1 88051 3 74837
2 80417 1 1743
4 53496 2 74618
1 45859 3 56527
1 68022 4 32030
1 52722 3 29188
4 17394 4 19201
4 10868 2 25500
2 2526 4 22366
3 1455 1 90993
1 13185 3 8623
2 42430 1 17452
1 35600 2 36869
3 48010 2 77645
2 50676 4 38362
2 29992 1 22560
4 53448 4 43828
2 93956 4 53005
1 13627 3 94491
4 63811 4 56115
3 74967 1 71509
4 59168 2 79528
1 21566 1 67141
2 50509 4 3099
3 30732 2 965
4 68915 2 92281
1 94349 1 15513
2 31300 1 17892
4 39430 4 56005
2 84303 1 93697
3 17289 4 91096
4 26530 2 17847
4 50559 4 61367
3 57724 3 91455
1 72222 2 28029
2 41606 1 48519
1 77003 4 77530
1 91810 1 16222
4 30328 3 65094
1 17344 2 29316
4 88370 2 3547
4 80306 3 57028
4 47884 3 96507
4 89917 1 16964
1 55074 1 48474
3 78367 1 71486
2 56173 2 83359
1 66207 1 44947
3 77977 1 51153
2 33825 2 48741
3 89446 4 77363
4 5177 1 24348
4 51562 2 42940
2 10144 4 22457
2 17139 2 64586
4 90319 1 34937
2 59130 1 72492
1 28740 3 49008
3 19283 2 56712
2 35398 1 48269
4 81510 2 57241
2 19379 1 91780
4 92320 2 70772
3 42767 3 81768
3 83210 2 76246
3 68913 2 45345
2 197 3 79087
1 68966 3 52748
2 35739 4 34296
3 95236 2 11365
4 19143 3 26192
2 5761 4 30940
4 96293 2 57935
4 81508 3 77634
4 91909 4 38117
2 77584 1 59041
3 26149 1 86873
4 85062 4 37830
1 21527 4 36802
2 84975 3 26417
3 50165 1 84070
1 62838 2 60509
2 61886 3 89816
1 68564 1 49708
2 30934 4 52916
1 53552 3 53053
1 2185 2 80795
2 67751 3 27995
2 76206 3 81468
1 39500 4 34003
3 47782 2 66409
4 1878 4 87502
2 29573 4 48630
3 11916 4 46190
3 73027 3 2173
4 73065 3 68439
4 77814 1 36911
1 64454 1 81904
2 81416 2 96215
1 88611 1 71551
4 14965 1 27047
4 48611 4 46390
3 37972 1 45837
1 14167 4 44833
3 51116 1 35700
2 93010 1 83970
1 21008 2 59663
2 77836 2 60750
3 50264 2 53451
2 21083 3 29333
2 78516 4 49067
3 28909 1 49146
4 75866 2 60096
4 81782 3 93231
3 8348 1 20034
3 95584 2 47559
2 48283 4 82822
2 87514 4 80166
3 17608 3 51747
1 1873 3 63428
2 32043 4 29973
2 37768 1 92139
4 86677 4 45379
3 54672 4 43249
3 40996 2 4744
4 53119 4 8843
2 67357 1 92225
1 67369 1 26287
4 45627 3 82343
3 73154 3 24650
2 48841 3 87372
2 38377 1 20318
4 1787 1 74567
1 83626 4 26024
3 3077 2 45327
4 36697 3 93430
2 30974 3 7009
4 10792 2 24457
3 55175 2 71738
4 3833 4 92368
3 90399 1 20762
2 94658 2 42521
4 82156 2 53991
4 59974 4 84384
3 57075 2 27020
4 48892 4 38335
4 58851 1 79600
1 33928 4 212
2 91597 3 28825
2 81273 2 60883
1 50937 2 36885
3 62649 4 60753
2 17691 2 24560
4 11843 4 24467
1 71871 3 4222
2 23761 1 8599
1 52724 2 72240
1 3210 2 14112
1 45841 1 51360
3 23963 4 664
3 88906 1 4832
1 21571 4 51274
2 64815 1 28134
4 58465 3 21381
4 29882 1 87006
2 52321 4 79211
4 9254 2 76613
1 2393 4 84857
4 97728 1 14568
2 79255 4 55987
1 69777 2 96999
1 67954 3 69493
2 41808 3 81063
4 76706 4 1005
4 52953 3 15958
4 23929 3 78261
4 91714 4 88061
2 8770 2 85972
3 21306 2 67880
3 61470 2 65331
2 25549 4 18136
2 17790 4 67191
4 52405 3 49008
4 88513 1 87803
4 61665 2 23561
4 26229 1 79114
2 16602 4 81982
2 80307 2 7373
4 74403 3 95951
3 37721 3 58490
4 38127 4 84737
3 72079 4 64155
1 84660 3 81472
3 39658 4 46346
4 61585 3 12300
4 77821 3 40895
2 45624 4 12725
4 96395 3 36704
4 60300 2 76469
1 41549 4 27865
4 39383 4 77813
4 80724 1 66003
4 68501 2 51026
1 50755 3 78613
1 61232 2 37112
1 66392 3 32086
1 51925 2 71037
4 13212 3 35372
3 96593 1 23604
2 12788 2 361
2 56920 1 30466
4 63233 3 46439
3 48362 3 10876
2 71850 2 83983
3 30328 1 62618
3 13562 4 44972
2 80606 4 27250
3 69776 2 48900
3 77328 3 76176
1 3453 2 50169
1 49587 2 80964
3 16763 3 23610
4 89285 2 53228
2 9564 3 40007
4 33154 4 3056
1 96429 2 62418
3 30681 3 96826
2 84234 2 4863
1 34716 2 89415
3 23967 2 36070
1 19739 3 32108
2 13432 1 79619
2 80343 3 72173
4 7674 1 62264
4 86992 1 85075
3 55774 2 15022
3 58269 1 25740
4 769 2 16443
1 22943 4 10781
2 87191 1 526
4 65334 4 37325
4 49284 4 73812
3 91254 3 693
2 45446 3 50840
2 65858 1 53631
4 54493 4 14778
2 59132 2 37534
1 33139 4 23241
2 13335 2 6952
2 52335 3 94797
1 82576 3 59638
4 16646 2 43207
2 6703 4 71401
2 56564 2 80388
3 27361 3 65737
2 64286 3 37497
1 79835 2 50706
1 78240 4 13024
1 53955 3 95660
4 37007 1 53560
4 23956 2 43200
3 30550 4 43863
1 95940 1 97463
4 69078 4 87153
2 25680 3 40873
3 66694 1 18170
3 87157 2 90230
2 24169 1 8035
2 18000 2 80896
1 91907 3 27628
2 41527 1 62849
4 55789 4 85104
4 69347 1 19686
3 81264 3 37029
3 20952 2 20645
4 34301 3 8682
2 11038 2 30309
4 87090 1 40805
1 45827 4 96967
3 54214 3 46487
3 79565 2 69089
4 57793 3 69273
1 7258 3 31035
1 41246 3 84749
1 9193 3 29606
2 33962 4 69191
1 53840 4 48778
3 31919 4 47125
3 53389 1 15069
1 41018 4 52645
4 5291 1 92937
1 59725 3 67486
1 92073 1 71919
1 83714 2 40893
1 84133 3 61908
1 29636 3 26052
4 77866 2 87646
1 5831 1 43660
2 66347 2 41702
2 83989 1 34307
2 92943 2 36027
3 72214 1 68557
4 85390 4 69355
2 27959 2 12231
2 86842 2 20899
4 25589 4 56399
3 16063 2 50258
1 26306 3 61517
2 86930 3 94910
3 43003 3 93259
3 60198 3 14754
2 4472 1 52618
1 26620 1 33065
1 24031 1 23266
2 92451 4 41276
1 61520 1 28432
2 90180 1 14837
1 69477 4 91220
1 87097 1 16364
3 79384 1 46989
3 72088 3 75709
4 69957 4 35653
2 45840 2 29376
1 65735 4 76911
4 37888 3 2196
2 25299 1 28094
3 87675 3 36517
2 19042 2 24668
2 64688 2 20815
4 43686 1 65443
4 24551 1 16160
4 30528 4 59409
2 78978 2 14720
3 18122 2 13000
2 64699 1 67205
2 56026 1 35300
3 60586 4 52905
4 26367 2 80128
4 52166 2 86172
1 97749 3 12556
1 53803 3 20736
4 73815 1 92032
3 58541 2 36566
4 15573 2 1792
2 89991 2 17216
4 62538 2 20894
2 64791 3 79817
1 4725 3 5927
3 7920 4 81642
2 75445 1 68749
1 62851 1 71074
1 56324 2 29536
4 39250 2 37563
2 95000 3 67633
1 66699 4 36451
2 19922 3 47642
3 49026 2 29997
2 67657 1 59275
1 46919 1 35206
3 68538 1 68013
1 95125 2 59257
2 73565 4 78839
3 78411 1 67001
3 52467 4 9367
3 47215 1 41131
3 30543 4 84040
3 44661 1 45692
2 58730 1 1427
1 76266 1 83303
1 63596 4 83618
4 34929 1 5679
3 95110 3 92372
1 71799 1 94557
1 16158 3 25908
2 15497 3 10100
1 58632 1 26152
3 18460 3 87966
4 38287 1 7271
3 79620 2 46216
1 74158 4 79033
3 68077 2 5189
1 77273 3 13520
4 7146 2 791
2 83207 3 55852
3 90441 4 41897
1 60341 3 66789
4 16328 1 657
4 93048 1 28386
4 26514 2 10717
3 33813 1 96541
2 6879 2 75898
3 4361 4 70603
3 48951 2 81414
1 3427 3 1252
4 5301 1 89581
1 57650 2 59373
4 9597 4 47622
3 55083 2 33474
3 76695 4 91394
2 17513 1 19025
4 46689 1 73114
1 78781 2 58921
4 89204 4 7020
2 86533 3 86725
4 86882 3 89650
2 96186 3 16383
3 22250 4 96229
3 35408 3 48933
3 54058 3 76809
1 72171 1 70241
2 74726 2 74619
2 52094 2 41127
3 86968 2 46522
3 12508 2 50475
1 8296 3 17618
1 42172 1 45295
4 97666 4 87601
1 4248 2 82268
4 2251 4 85346
4 58021 2 81969
3 8830 2 14074
2 916 4 21110
3 87552 2 27465
1 53998 2 47776
2 47906 4 52889
3 59764 4 65701
2 21012 1 32034
4 46796 4 52029
3 81971 3 62400
2 16968 2 27958
2 57124 2 16606
4 12701 1 108
4 41155 3 64498
4 54749 4 65561
3 67120 3 63919
3 39676 1 16886
3 39763 1 80425
3 18260 3 65541
4 42225 4 19575
1 34578 3 4848
3 24346 4 39303
1 17849 1 67994
2 5831 3 96108
3 57995 3 22375
2 60241 1 74573
3 44013 2 76007
3 65496 3 74457
3 72031 2 63609
2 35000 1 97726
3 71573 3 17180
3 32814 3 32788
4 18523 1 63716
1 37408 2 18537
3 77 3 59389
4 73778 4 19919
3 34489 1 65835
1 37107 2 7049
1 91018 4 42107
2 67853 3 35236
1 34747 2 11606
3 1126 3 61059
2 60848 2 28217
3 29994 1 16385
1 49395 4 2323
3 34144 4 45879
4 96645 3 9297
3 12649 4 57446
2 22574 4 76988
2 45036 2 74600
1 63184 4 12524
3 69277 4 90079
1 47125 3 49540
2 47332 3 37732
3 25163 4 30953
3 64248 3 69717
3 45416 1 62419
4 96080 1 96086
4 81632 2 34994
4 82863 2 78062
4 38269 4 88719
4 94293 1 45249
4 85666 3 40369
1 67479 3 9191
4 30120 2 89553
2 41333 2 81920
1 78509 4 63521
2 27230 3 34572
2 61928 1 34601
1 88437 4 65253
1 27874 3 93885
2 90236 1 28682
1 80693 2 97443
4 78869 3 51598
4 17457 3 63797
2 6144 2 65191
3 28715 2 94377
4 97867 4 62347
2 71632 2 3868
3 61979 2 39680
3 62571 3 8769
1 93125 1 21042
2 66787 1 81622
4 87016 4 35586
4 81838 4 95518
4 33172 3 822
2 57987 2 58834
4 43268 1 90098
1 22917 2 8262
1 94128 2 6794
1 93342 3 92771
2 55987 1 60535
2 1006 4 74515
1 23218 4 55022
4 93226 4 336
2 84298 4 86001
1 21343 3 2778
3 25788 4 9217
4 36872 3 97211
1 69506 1 74901
3 3812 2 60652
4 29445 3 87943
1 9957 3 84835
1 6681 4 42843
1 48943 1 73422
1 93249 1 13986
3 95924 4 48759
2 9050 2 17293
1 54446 4 91627
4 95169 4 16476
4 66621 2 60251
3 60362 1 2674
1 37552 4 18242
1 78790 2 3098
1 91053 2 47373
4 36270 4 56369
1 20986 1 28090
2 23028 4 94799
2 50986 2 55127
2 35536 1 20780
3 22328 1 55556
2 20997 3 39735
2 80820 3 57176
1 90340 4 1531
2 15036 4 36596
1 27509 1 71687
3 91903 1 89660
2 31427 2 66426
3 48481 4 37288
4 69582 3 24631
2 66525 3 47673
3 6766 2 65432
3 87978 1 43364
4 57692 3 90143
1 56676 4 52084
2 96965 2 28281
2 76249 2 86460
3 84493 3 20520
1 17428 2 83851
3 48460 2 38842
2 58597 2 23386
1 24032 2 16459
2 38433 3 9677
2 31313 3 41899
3 76412 2 16023
2 37437 4 57747
2 21784 1 42282
2 59279 2 10153
4 60410 4 65841
4 59575 2 49362
1 91481 2 8548
3 89514 1 6969
3 92020 3 43064
3 10009 2 65648
4 16129 4 22184
4 53862 2 60172
1 74692 1 35878
1 10561 2 25147
1 20813 4 8260
2 54745 4 90146
4 64768 3 59570
1 36486 3 30817
3 85237 1 51373
2 44465 1 33822
4 70429 1 83747
2 22529 4 6126
1 51917 2 91169
2 37079 2 77200
4 9075 4 8060
4 37464 3 31080
4 40864 3 19025
3 97390 4 41061
4 10467 3 41446
1 91290 2 17403
4 77914 2 46231
3 54357 1 70169
3 70071 1 54178
3 54913 1 17595
3 18260 4 49859
1 47884 1 19398
1 2119 3 91709
3 8876 4 8387
1 91769 1 8923
1 83874 1 93463
3 90116 3 72773
1 56986 2 82028
3 36770 3 69699
1 7929 2 45710
4 75775 1 44018
4 73759 2 62363
4 48670 3 934
2 10834 1 72189
4 8199 1 43968
3 95364 2 18565
4 84479 2 63887
1 47031 1 35862
3 22944 3 58711
1 97404 4 56337
4 15065 3 7417
1 59616 3 62652
4 25942 1 19964
4 74282 3 15278
3 93500 4 92095
2 50295 3 84025
3 91731 1 75472
3 66419 2 95528
3 4830 2 69937
1 4395 3 24126
2 92897 3 86840
4 24501 1 92507
2 72828 1 92430
4 31085 2 58243
3 64829 3 36350
3 83589 3 13279
3 59088 2 62599
1 29725 4 32269
1 20384 4 18216
4 69525 1 29666
4 60204 4 1804
2 93981 3 52405
4 11507 3 22180
3 32406 2 53662
1 63784 2 18002
3 19438 3 10337
3 95614 4 73819
2 91842 3 82012
3 55473 2 90602
1 96440 4 12595
2 88375 3 52096
3 34637 1 94839
1 39251 1 56348
2 44624 4 63139
1 64642 3 91013
1 54434 2 1686
2 27445 1 93242
4 21710 3 6945
4 34900 4 36029
4 73282 1 72860
4 18619 3 33222
4 37016 2 92240
1 23910 1 86147
3 43220 1 17416
4 93076 3 49864
3 53188 4 54383
1 31017 4 19437
3 83533 2 52875
1 1349 1 48339
4 86276 4 77699
2 65902 1 8522
1 85771 1 82492
1 39565 2 61372
1 80811 2 42178
3 28514 2 49460
1 92312 2 93621
3 57608 1 61578
3 94695 1 86976
1 53166 4 90496
3 51420 4 81774
2 27339 2 41995
4 37953 3 6507
1 38306 4 12217
4 16092 1 58102
3 89057 4 8863
2 60616 4 55714
4 50860 4 60208
4 4577 2 83779
1 4238 1 12629
4 67990 3 65681
1 96795 2 1479
3 67439 4 24468
1 35356 3 82459
1 36345 2 49904
2 84387 4 68902
4 41313 2 3107
3 17820 4 74659
3 61089 3 36631
1 44771 3 10212
3 8698 1 30891
1 92 1 39202
3 93869 4 57085
4 80995 2 69596
1 20718 2 1000
4 45743 4 80710
4 80304 4 79397
1 91741 2 86818
1 62860 1 37599
4 36913 4 82434
4 56857 3 54803
1 63748 3 48719
2 1121 4 50909
2 77580 2 23498
3 71695 2 46134
4 6274 4 45244
3 61273 1 45435
4 71116 1 80308
2 35613 1 35729
2 87809 4 30118
1 50755 1 76917
1 83742 2 90587
4 9233 4 61102
3 8423 3 70943
3 23203 1 82726
4 44446 4 21112
4 78160 3 16388
3 17578 3 44858
4 46187 2 58066
4 94685 4 18170
3 4533 2 29123
3 81571 2 29506
2 45482 1 75867
2 65535 1 87225
4 37207 4 5002
2 64073 3 45666
3 81909 2 19109
2 92089 3 43604
1 37920 3 88855
2 10417 1 405
2 44782 2 38469
4 62423 3 155
2 5920 1 94920
4 85564 3 3880
4 43340 1 4894
3 78938 2 10257
4 3831 1 5766
4 22503 3 60258
3 89717 2 54965
1 93489 2 88073
2 87236 4 90409
3 43461 1 5824
2 77967 1 90721
2 89318 1 41564
4 73526 4 19753
4 10653 4 21226
3 94035 2 82065
3 68038 4 7957
2 7574 4 2739
1 93713 4 39680
4 75380 3 42807
2 30726 3 43566
4 86331 1 60250
4 97756 1 13359
3 27653 3 82027
1 32642 4 86667
3 61464 4 11327
1 74181 1 56769
2 144 2 75580
4 75615 2 91935
1 20955 2 89434
2 97830 2 17300
3 87790 3 56
2 4057 4 59691
3 52327 4 56988
3 84425 4 60598
2 66508 2 97848
1 75284 1 5419
1 46096 2 34145
2 37098 4 7042
2 38969 1 74261
3 27211 4 27408
2 75198 2 97806
3 70898 1 51068
4 9075 1 13482
3 40724 1 7195
4 67719 2 45266
3 22014 3 19799
2 65485 3 57830
4 2666 3 45932
2 68879 1 55285
2 20377 3 67515
3 94413 2 47300
2 36307 2 85805
1 80711 1 12548
4 29394 3 59444
4 85984 3 17833
3 15863 4 66110
4 82052 4 35323
4 161 1 34932
4 7459 2 62362
4 806 4 32576
3 24179 2 41114
1 51599 3 69000
3 89980 4 40669
2 32866 1 12102
2 31714 4 3555
1 67436 2 34552
4 89999 2 94296
4 40611 3 59815
1 9958 3 21441
4 66103 2 31166
2 21497 3 14119
3 75042 3 92323
4 65859 1 59803
3 47188 1 43618
1 75078 4 73870
4 7694 4 93145
3 21731 2 80459
1 28153 3 1629
3 82287 4 69826
1 75985 2 63737
2 80116 3 26921
2 65866 1 23476
2 73797 1 15692
4 34306 4 82617
1 80364 3 92357
2 63869 4 3379
4 95120 2 40423
4 63247 4 51375
4 88821 3 64742
2 96026 2 2707
1 37737 4 25279
1 32680 3 2418
2 56602 3 16176
3 92572 1 78730
4 27422 2 2434
3 15044 1 54469
4 33314 4 45099
1 7801 1 90407
1 29022 2 68128
4 20005 1 56796
2 64490 2 91227
3 66376 4 64149
2 55182 2 75884
4 52613 2 40414
2 82366 2 74398
3 29456 4 6947
1 65784 3 31022
4 40566 4 89287
1 44860 4 61709
1 1112 3 83967
1 90199 1 67743
4 78634 3 15722
3 14842 1 54630
4 24807 4 43958
1 91171 2 60655
2 90120 3 84768
1 96968 4 28833
3 49869 2 17410
2 3672 3 19444
1 22002 2 86056
1 56996 2 38532
2 9339 1 92403
1 31108 4 30008
2 34383 1 73280
2 58038 3 21884
3 9916 4 90713
3 34792 1 58751
1 23139 3 50636
4 64032 4 20224
3 8848 3 85388
3 86900 4 37027
2 20626 1 12067
3 43834 3 28681
4 96896 4 53222
1 217 2 95369
2 15037 2 30808
1 87791 1 67876
4 8752 3 61527
3 82718 3 66071
4 90439 1 16955
4 11681 4 17720
3 30433 2 11176
4 74274 2 56140
1 16741 1 84468
2 71568 2 82682
3 20880 1 71057
2 8970 2 52587
3 87481 3 1775
4 72286 3 70971
3 60278 4 39309
4 18942 2 53268
4 27328 1 78970
3 50067 1 53191
2 61188 4 12783
2 70314 3 61106
4 43412 3 49635
2 71304 3 36239
2 94596 2 31132
2 71358 4 48436
1 29649 3 12293
4 79449 1 32755
3 14429 4 20614
2 81938 2 9306
1 66482 4 73253
1 834 2 57230
3 78259 1 31441
2 60383 1 78846
3 91673 1 34290
1 25602 1 7561
1 80165 3 19049
1 86874 1 5667
2 61208 3 93707
3 91145 4 3246
1 79685 4 54346
2 5884 2 64027
4 31519 1 13654
4 33557 2 28165
2 82602 2 32585
3 86902 2 35463
4 50889 1 87014
4 60725 3 12949
3 34927 1 17201
4 71663 2 94066
4 49378 3 42561
4 26084 2 84095
1 88833 4 89632
4 82547 3 13415
3 38177 1 83468
3 59983 3 11336
1 8029 2 27476
2 96144 4 18943
2 22079 2 13190
4 60496 1 85832
4 25442 1 63544
4 53938 1 14279
4 17000 1 81053
1 10384 4 36513
4 54895 2 2232
4 18943 3 46708
3 89114 3 34680
2 52682 2 81815
4 28781 3 5867
2 44248 1 42915
2 41276 4 62279
1 90531 4 56704
3 18441 3 50132
2 42406 2 5497
2 37356 4 861
1 18150 2 15161
3 92737 3 56917
3 85689 2 55755
4 82950 2 52096
4 86610 1 90829
4 56983 2 12823
2 10364 2 77346
1 70490 1 5262
3 31647 4 6662
1 92919 3 46773
3 18710 4 18787
3 66321 3 14131
4 37804 4 74792
1 79394 3 90385
1 83395 2 93873
1 42128 2 83611
4 90929 4 40431
1 8838 4 20317
3 43740 1 2164
4 92223 4 40823
3 18023 4 14357
3 77575 2 93595
2 20625 2 97784
1 37375 3 35187
2 36885 1 13058
4 90198 4 41732
1 88026 3 42668
4 22801 3 9233
1 26448 4 91749
1 74032 2 18077
2 80199 2 12085
2 74012 2 45619
1 36760 4 39625
3 5483 4 83057
2 70615 2 43964
2 88259 1 55108
4 90524 1 22303
1 77165 3 34233
2 24481 4 29881
1 26519 4 46744
2 67088 4 79961
1 55365 3 51012
4 4302 1 65876
3 91885 4 10141
3 82149 3 50124
2 20723 4 75290
1 64788 2 22712
4 39235 2 18259
3 40115 3 5371
1 91911 1 1106
3 41187 4 31418
2 77132 2 84911
4 15008 4 17816
1 24871 1 18617
3 67430 3 56622
4 90867 3 85855
1 43854 3 95242
1 5960 4 75634
4 55170 4 33753
1 93554 3 60990
2 61623 1 46370
1 42727 1 33725
1 41682 4 15861
3 29054 2 11704
4 95529 1 30732
4 43271 2 74939
1 90342 3 44424
4 9245 1 28506
1 87820 2 19036
3 45854 4 53807
4 23066 1 56532
4 70805 4 59679
4 69592 4 78245
3 83230 3 17343
1 3974 2 43326
3 63064 2 17285
2 96200 4 28096
1 16659 2 79616
1 699 4 48971
3 2692 1 3656
3 91388 3 52578
1 22796 2 57607
3 26521 4 57095
1 32127 3 26923
4 20868 1 29229
2 34181 3 83121
3 45895 2 78639
4 47931 1 16000
4 33294 4 10726
3 10104 4 66951
4 38795 4 75990
3 72188 1 25312
1 94820 1 17129
3 59190 2 33411
4 84041 1 82163
2 34733 4 13707
1 63832 2 60720
4 49436 1 40343
1 16710 1 65028
2 17113 3 25955
4 55270 1 75426
3 10497 3 64841
1 85662 1 7136
4 872 3 41407
3 21987 1 59788
3 67476 4 88221
3 8600 3 88440
4 64484 4 92144
1 86244 2 28243
4 7236 2 64249
4 26555 3 17987
2 77919 2 5956
3 73493 4 92741
1 59373 1 67681
3 16315 2 12795
3 28980 2 22627
4 34354 3 87668
1 55683 3 33799
4 36641 2 78081
3 37638 4 87489
2 18467 1 9246
4 692 2 53611
2 55760 1 97771
2 81273 1 651
1 42152 2 3731
2 65970 2 29119
3 48226 3 85894
2 16177 1 6057
4 41624 4 40303
4 50426 2 59044
4 3344 4 63071
4 36278 2 19084
2 39565 1 26598
3 25104 1 8066
1 43334 3 89664
3 81786 3 66435
3 10182 1 32704
1 75987 2 40715
2 70408 1 24769
1 24627 4 14784
2 52946 4 25446
4 78529 4 22430
4 64824 3 89936
3 26790 1 82482
2 77252 4 76476
4 17405 4 25206
1 11930 2 63361
4 36612 4 50332
4 43969 1 60988
2 3309 4 23009
3 51101 4 75100
4 7844 2 6835
3 75632 1 57492
1 18699 3 85120
3 42889 4 94319
1 43095 2 68731
3 66833 4 61897
4 17003 1 61805
4 20219 3 74422
1 50181 2 92234
1 53306 1 89268
3 21048 2 36031
2 26830 1 11787
4 24847 1 85333
4 62497 1 94124
4 70181 4 29277
1 56034 2 44524
1 50112 3 37758
4 20980 1 31937
4 59621 2 2894
3 29077 4 27266
4 23344 1 55954
2 28665 4 55315
3 88425 1 22433
3 85913 4 71516
3 52548 4 147
3 40604 4 26002
3 91927 4 1249
3 13117 2 56596
3 96855 1 64365
1 56777 2 64705
3 46840 1 26404
3 40827 4 70454
2 51742 1 47237
4 2358 1 56666
4 13273 3 25348
2 66562 1 72533
1 69706 1 64917
3 75168 3 37421
3 33313 2 15163
4 75917 3 23581
2 93516 1 71297
2 18217 3 51689
3 49595 4 9679
3 32792 4 12385
4 21501 2 92056
2 92277 4 58363
4 21356 2 23352
2 95105 2 23954
2 34239 3 17326
3 71084 2 33780
3 24518 2 45004
2 96038 1 38834
3 44183 2 34127
4 17188 3 14292
4 90612 2 26200
4 41361 2 7186
3 67798 2 31652
2 87267 1 83366
3 35300 1 17156
1 97301 2 82281
2 35470 4 77060
4 40284 4 36517
2 68983 4 40271
4 54895 3 91045
2 73897 3 91408
2 77682 3 5643
3 34632 3 15073
4 57652 1 60553
2 17268 2 59531
2 73612 2 96621
3 61119 2 45138
2 23337 1 33089
2 67984 1 97134
4 81900 1 85227
2 59723 3 39455
2 8306 1 3779
2 73042 1 77871
2 60612 3 69747
1 19452 3 28604
3 80350 1 4070
1 46914 1 48253
2 94524 2 26381
4 53121 2 55729
2 16751 2 87825
2 15465 4 47958
2 97434 1 50693
4 93793 4 65607
1 15759 3 71169
2 47369 1 52480
4 55154 2 94310
3 66911 4 72841
1 44385 4 61043
4 52868 1 84013
4 37875 4 91401
3 93801 3 2226
2 72231 4 23346
3 85705 1 12067
2 80090 2 69995
3 71957 4 7152
2 29880 1 89294
3 9097 4 93615
2 87051 3 38930
4 6629 3 57565
2 83501 4 46778
3 11698 4 22064
4 90466 4 70287
1 36886 3 60441
1 36038 3 59744
2 77605 1 46649
1 84599 4 8856
4 9910 4 60132
3 79106 4 9151
3 52487 1 78658
2 35076 3 34939
2 17130 3 93650
2 51272 1 89274
3 72118 4 27746
2 66622 3 27952
3 41171 3 27939
2 19798 4 21199
4 21772 4 20266
2 27875 2 63440
3 3256 3 54456
3 53725 2 19710
3 73974 2 11668
1 42792 3 93799
2 90675 2 18635
4 12222 1 49850
1 3387 3 24102
4 49221 1 38144
4 21966 4 79552
1 54439 4 58249
1 19427 3 63370
4 51416 1 44429
1 53323 3 92560
2 86261 3 62083
3 7216 2 88621
4 78946 2 12813
3 6302 4 42887
1 33548 3 80250
1 25702 2 29612
4 55765 1 22263
3 77464 3 42240
4 25908 4 47871
3 49401 4 42999
1 33330 2 75241
3 59477 4 30687
2 36858 2 92765
1 82062 4 68716
3 32983 4 94582
2 27648 4 63433
4 27581 1 60364
2 19495 4 69967
4 82347 3 52264
4 22714 1 3569
3 58927 2 51301
4 14376 1 38912
4 5324 2 31639
1 64444 4 96515
2 96036 4 50862
1 33579 3 5580
3 62546 2 55101
3 11865 1 47906
4 16126 3 61166
2 38653 2 47787
2 84275 4 57843
3 38437 3 85005
1 5438 3 374
1 28642 1 57704
2 94790 3 65304
4 96191 4 33110
1 2833 1 86743
4 46340 2 74354
3 58221 3 36371
1 63495 1 50696
2 11125 1 24035
1 12602 1 50792
1 18169 2 46820
2 46583 4 32387
2 32740 3 87287
2 26633 3 73593
3 60739 3 59473
4 53143 1 15450
2 39391 1 40102
4 70972 2 37749
4 16981 4 91321
1 34865 3 80604
3 28162 2 68592
4 66544 1 58194
4 67222 3 29801
2 35144 2 73212
3 12316 2 64985
2 89170 2 96951
1 6439 3 41055
1 11543 4 42408
1 26759 4 3384
4 33447 4 39073
1 61405 4 69349
3 70633 4 529
2 75784 3 5457
4 23949 1 9276
3 82619 2 59038
3 118 3 90003
2 12269 1 20494
3 12665 4 27731
2 2771 4 93144
3 15027 1 70312
2 48333 1 48050
1 76627 3 33456
1 42666 4 7918
1 41128 2 70179
1 65469 4 24204
1 37400 2 95705
1 40602 1 8672
2 85194 2 90097
3 82110 4 22991
1 70698 3 83244
1 73715 4 51737
1 3358 2 18239
2 71946 4 68010
1 80526 2 48232
2 70713 2 30850
4 61356 2 86349
4 50059 4 81848
4 80883 3 45740
1 84572 2 6596
4 73365 1 80571
3 27254 2 75571
3 33202 3 52767
3 48543 1 16075
3 20311 3 61529
1 71551 1 84687
1 81889 2 88220
2 94967 1 22152
4 45553 1 55735
2 4520 2 19373
3 678 1 53105
3 11287 2 68054
4 62089 2 22845
2 66869 1 85648
4 33624 2 33962
3 22777 3 31323
2 10710 3 27640
4 67978 2 6654
1 60368 4 24252
2 79912 3 66676
2 31187 4 85379
2 37831 4 42619
3 33724 4 36277
4 55279 2 91124
4 22521 1 29767
2 87171 1 83324
4 52792 2 60634
3 65609 4 77889
2 88566 2 94974
3 18994 3 72063
1 39687 1 48664
3 2266 3 41415
1 68113 4 34451
4 14556 2 18404
2 6951 1 75478
1 61895 1 84262
3 57224 4 23599
2 37589 2 1370
3 2687 3 22047
4 15312 3 11972
4 31274 3 55995
4 35395 2 60701
3 35330 2 92393
3 77476 3 12975
1 38990 2 27124
4 66942 3 44160
4 39529 3 69920
2 28753 3 32511
4 15007 2 19213
4 40328 1 79309
3 35321 3 52275
2 49682 2 51166
3 19407 3 43275
4 52316 3 89962
1 2487 2 55984
3 69885 1 5988
1 3843 3 47368
1 23296 1 32871
2 38390 1 41131
3 4068 4 76146
4 32366 2 40266
4 80446 1 86225
2 7792 1 65591
2 91862 3 5855
1 5665 4 44916
3 28010 3 44676
1 69669 4 71245
1 50433 4 29036
3 84242 4 73773
1 17558 4 15613
2 20665 1 26964
2 25302 3 41364
4 38745 4 29562
1 24048 2 20507
1 87868 4 82439
3 7250 1 42765
2 20406 2 36493
1 31618 3 43785
2 87800 4 86434
2 44790 3 6721
4 54925 4 34007
4 10569 3 96544
2 53078 4 30687
1 2642 2 92194
2 63429 4 86992
2 60897 3 26298
1 4652 3 59003
2 91016 2 3054
3 15221 2 15199
4 95089 2 1359
1 97792 3 40541
3 33254 2 19410
1 87000 4 29985
2 78211 2 16198
2 80256 4 95933
1 56027 2 47696
2 56671 2 7770
3 64262 4 12377
3 55634 1 76414
2 39337 1 42458
1 92511 3 76693
1 95551 2 43533
4 30488 1 52260
2 25292 4 92107
2 64847 1 86800
4 704 2 37902
2 12396 3 78979
3 35080 3 5203
1 9035 4 45793
1 16004 2 765
3 90673 2 3724
1 5278 4 43553
4 71674 2 8524
1 97050 1 3698
4 4148 2 52528
3 72787 2 77211
1 25769 4 1552
3 35007 3 82886
3 6877 4 62218
1 37750 3 50211
3 6571 3 23365
2 53247 2 72353
2 13392 2 28886
2 92004 2 27926
4 96706 1 71186
1 25300 3 27568
3 45487 2 85482
1 84842 1 94660
1 22022 4 41650
1 27569 3 96248
3 81393 1 42711
1 47081 4 5589
3 4096 3 44335
3 9713 4 80669
1 95528 2 78102
3 21767 4 55019
3 9769 2 87513
2 41007 3 34010
2 91876 4 31430
1 3316 1 32870
3 63164 4 8189
4 1336 4 63852
2 13860 4 72780
1 39423 2 80078
4 91096 1 61790
2 34794 2 85414
1 59787 1 34599
4 53866 1 3875
1 64485 1 59338
1 95755 3 27542
3 58258 4 20907
2 47116 3 38068
1 85825 4 34585
1 35053 2 57538
2 56165 4 64828
3 57208 2 42185
1 20758 3 19757
3 30803 2 64668
2 42415 2 57559
4 37284 1 46361
4 31337 2 43249
1 37355 2 72685
4 50174 4 59678
4 4708 2 3184
3 32467 2 20197
1 49622 2 90710
3 2547 3 28210
2 16255 1 2659
2 73740 2 48904
2 4934 1 97391
3 25345 4 4987
4 7596 2 13831
4 7906 3 77575
1 70253 1 30059
3 13774 1 74062
2 19383 4 79437
3 59151 3 90450
2 78290 4 96867
2 88864 1 45495
1 54126 1 68329
2 78495 3 2997
2 20759 1 52443
2 5552 1 37569
2 41949 4 77911
3 10731 1 75945
3 71218 3 44694
1 93554 1 20194
3 16056 2 7472
4 90611 4 21682
3 49278 1 9214
4 95111 2 28214
3 52347 1 21165
4 26114 2 46605
3 41946 2 28298
4 43804 3 91405
4 31130 3 36617
1 34914 4 63523
3 30813 4 4545
1 62484 4 10584
4 49746 1 17810
4 31153 3 75861
1 42244 3 6857
1 31467 1 89314
4 68580 4 67182
2 32358 1 7360
3 65440 3 23710
4 42450 4 38781
2 27486 4 62758
3 96040 4 7030
4 22851 3 10681
2 88957 4 3832
4 11466 4 91054
3 12429 2 57112
3 58552 3 31256
4 78071 3 44734
2 75689 1 57735
2 87637 2 82708
2 46621 3 79201
1 17337 1 49730
4 75727 2 50326
3 58212 3 31454
3 97796 3 50117
2 41562 2 79444
4 79531 3 27086
1 63798 3 41596
2 37197 4 49796
3 41156 3 40000
4 11057 4 78441
1 74455 3 10873
2 25309 2 84837
3 49294 3 64479
4 57675 3 14731
4 42563 3 35130
1 29100 1 91294
2 20921 3 51119
4 84526 4 90690
3 60269 4 97659
4 50791 1 34833
2 50248 2 47086
4 96827 1 498
4 27976 2 26400
2 31450 3 88301
1 82198 2 88376
2 49254 4 79285
2 4164 2 57055
1 56590 3 67199
4 12544 4 12913
3 66264 2 43538
2 17606 4 94806
1 112 4 22740
1 1610 3 65560
4 73412 2 39596
1 31217 3 19458
2 1139 4 50023
1 31393 4 50359
2 19793 3 59416
4 92574 1 11419
1 69658 3 56460
3 54393 4 74409
1 42194 3 63072
1 12851 4 23242
2 9262 4 50264
2 84470 1 73733
4 92934 3 40698
4 48423 4 91383
2 7261 2 43205
4 75986 3 83450
3 65476 4 24078
2 51416 3 83695
3 89766 2 95567
1 66291 4 17939
4 86865 4 3224
4 35199 4 53243
2 20369 4 74251
3 25098 4 35477
3 59360 2 19551
1 60481 4 21890
1 64 3 57678
4 28346 3 57881
3 3710 2 88488
1 18143 3 73555
3 66612 1 68167
2 35565 2 93251
4 42345 3 87948
4 9892 4 94025
2 91627 2 866
2 59785 1 2866
4 88039 4 10148
2 43404 1 58805
2 82387 1 36322
1 74795 3 75453
4 9947 3 75583
1 30456 2 29572
2 11800 4 28436
4 97148 4 7435
3 46716 3 70613
4 54230 3 80974
1 52081 2 72386
1 33905 3 52700
2 9438 1 63310
1 95099 4 48798
2 81504 1 32046
3 80884 3 5659
3 58112 2 48430
1 57022 1 91295
2 87942 1 84364
4 28063 2 93329
4 44267 2 46987
2 49785 1 80778
1 83112 2 89924
2 52025 2 81296
1 67094 2 67125
2 52732 4 60335
1 43149 3 12386
3 61583 2 60310
4 83107 4 96205
1 80888 3 83783
1 2993 3 14902
2 64645 1 5158
3 17728 1 83146
4 49787 4 13197
3 91166 1 60612
1 77051 2 6955
4 88909 1 19397
3 78863 3 23460
1 75105 3 31044
1 39852 4 32253
3 70444 3 55203
2 89063 1 39803
1 70639 2 56048
3 34792 2 36344
4 13234 2 54711
2 47280 1 54827
2 91627 4 84237
1 42153 2 61923
2 51901 1 27744
4 390 2 54927
3 3626 4 19073
4 40853 1 7535
4 6118 1 10237
4 8447 3 45694
3 63204 2 3223
1 6151 3 24178
3 67296 1 72155
1 50168 2 76446
1 10290 1 72126
3 63821 1 31911
3 62733 3 75739
4 46699 4 59996
3 51917 4 10414
2 79729 3 74594
4 82937 4 52104
2 96257 1 68999
2 97536 1 16977
4 65920 1 59532
1 83984 4 96091
1 73121 4 73172
4 94507 1 65400
2 3536 2 69641
1 7454 3 69747
4 63840 2 80475
4 76535 3 5433
1 19437 2 60923
4 1455 4 20507
2 6508 4 7205
2 9301 2 85274
2 79213 3 81002
3 59558 2 55223
1 20675 3 23569
4 19532 1 92627
2 97176 3 29008
3 12138 3 3326
4 81164 1 39767
2 13025 2 66111
3 43262 2 66427
3 13975 3 71184
1 94141 1 75270
2 34079 1 32242
4 47413 1 51363
1 69958 3 34218
1 77122 3 25997
1 4716 2 25418
1 23363 3 53395
4 77815 4 8626
4 24809 2 47644
3 56414 3 67335
1 42666 4 646
2 57406 3 53330
2 8980 3 73515
2 96244 4 36372
3 67962 4 82871
2 5088 2 70213
4 80471 2 55256
2 45811 3 55047
2 31010 4 82263
3 54634 2 44873
1 92803 4 10826
2 94177 1 59342
1 45110 2 75531
2 80956 1 87943
4 60242 4 90986
3 19531 1 31363
1 68624 1 60740
3 83993 1 21423
1 77754 1 34423
4 20848 3 51646
3 95692 2 60681
1 32152 3 34347
1 9967 1 66955
2 74394 3 11184
3 3147 1 20153
4 4530 2 25722
1 39004 1 18048
3 71226 2 29832
1 35252 2 27589
2 3399 1 54951
3 68147 3 45969
4 91522 3 65707
4 45557 1 76742
1 7657 3 41357
2 18325 4 63168
3 1325 1 44244
2 23625 3 28575
2 59852 1 8640
2 54823 1 78085
3 84008 3 72877
3 96290 4 71826
1 20386 1 1717
2 24496 2 1492
2 60906 2 89454
2 49539 4 53136
2 5109 1 70678
1 37736 1 64708
3 35141 2 28911
4 81336 1 95835
2 30691 1 34486
1 91997 2 8986
3 64629 4 50235
2 80815 2 76868
4 13853 3 4229
3 50264 3 26394
4 12352 4 23475
1 42073 3 71577
2 90830 2 16747
1 77725 3 60304
4 314 2 96061
2 35868 4 32117
1 91927 1 29642
3 48559 2 91526
2 14296 2 75881
1 23327 1 2965
3 33033 2 93709
1 18310 2 62808
1 12166 2 7003
3 77557 1 76804
3 8271 4 90950
2 23657 4 67964
4 79904 1 45157
4 79214 2 12693
1 39740 2 427
4 17602 2 26513
4 17462 2 32560
2 83982 2 38745
3 66249 2 94480
3 49563 2 70400
2 61836 3 54300
2 64792 4 80101
2 33522 2 66463
2 11478 3 57209
2 84226 2 8528
2 32135 2 24970
3 4289 2 76180
2 5644 1 63909
4 29730 1 17474
3 15178 3 94946
2 23653 3 16078
3 59586 2 790
4 94347 4 96435
3 86490 1 12394
1 46653 2 80254
4 42966 3 57133
3 34080 2 52675
1 14120 1 37252
3 72026 4 3176
1 23027 4 61832
4 94357 2 10935
4 15935 4 18717
1 1989 1 58379
3 53718 1 72989
1 45341 4 64256
2 81363 3 94395
4 1907 1 79493
3 97009 1 61281
4 85395 2 28411
3 18340 1 62455
4 26065 2 48210
4 13769 2 86414
3 21881 3 90139
3 77126 3 60117
1 33826 1 64127
1 29262 4 20498
2 55796 2 32679
2 7272 4 10524
3 4623 4 15258
3 89586 1 3352
4 96612 1 22897
4 55093 4 25503
2 97760 4 51482
3 1377 4 80940
2 56311 3 34418
1 59891 2 26452
2 69650 2 82988
2 21746 1 37303
2 25225 3 59974
2 80121 2 52468
1 80917 4 44120
4 34298 2 58985
2 19463 1 40927
1 86436 4 28625
3 2105 4 95770
3 78325 2 22752
3 92277 3 53124
4 58280 2 71865
4 129 4 71852
3 72942 4 32016
1 32896 3 30145
2 41060 2 39754
2 21540 4 54241
3 74211 2 51509
2 72872 1 28066
1 10551 4 69311
2 72117 2 76120
2 70436 3 84717
4 11196 3 86897
3 24542 3 6600
3 69362 2 17956
2 64816 4 71074
4 85203 4 39996
1 1320 2 13909
2 78361 1 26372
3 75531 4 60796
2 45241 4 2537
1 5013 3 20671
3 92974 2 60544
3 91829 2 56186
2 12404 4 45562
2 95036 3 39012
4 28147 4 91056
4 59998 1 8469
1 90381 2 69253
4 21922 1 27558
4 28719 3 33158
1 72566 2 71081
3 43078 2 93890
2 88984 2 71619
1 16013 2 38503
3 67813 2 30434
1 81382 4 16837
3 88456 2 21921
1 97501 2 68721
1 731 1 60083
1 37327 2 46693
4 43512 2 48927
3 37435 2 67169
1 95322 1 40339
3 48007 4 33979
2 91165 4 57096
2 58897 4 28115
4 60061 1 94092
1 39307 4 84269
4 67848 2 1513
4 10785 3 12808
1 935 4 86265
3 69403 2 62312
2 41985 2 72705
1 64176 4 2986
2 40051 1 92135
1 25760 4 15757
1 40344 2 22614
2 10884 3 16363
2 48576 1 59270
2 72354 2 83865
3 15958 4 75049
2 22149 4 81124
1 87602 3 31653
2 79204 2 95439
2 16626 3 60911
4 72828 3 52873
1 3851 2 90578
3 93972 2 48647
4 36156 1 97891
2 31886 2 77565
2 51509 1 42578
4 9264 2 54211
3 34874 2 10967
3 44580 2 83203
1 14545 3 15894
3 59841 1 80037
2 56859 3 68298
1 29830 4 74203
1 2060 3 43899
1 82348 3 65289
1 53790 1 975
1 59677 2 34677
1 46093 3 17435
2 42217 4 29817
4 41190 2 23151
3 84745 4 26574
2 16992 3 50571
4 94825 3 66804
1 21366 4 58685
3 10273 3 1084
2 63817 2 30937
4 20535 1 61589
2 72318 4 83648
2 85429 3 50693
1 85472 1 95594
4 75969 4 30099
4 92252 3 18585
1 85775 1 28590
1 13026 3 1761
2 75191 3 21895
3 2084 3 54300
2 56373 4 94180
3 52067 2 86595
1 55056 2 2208
4 45244 4 1233
1 43412 2 75381
1 48211 4 5070
3 27985 2 91163
1 946 1 91005
1 68931 1 84744
4 81109 2 8918
3 5193 4 97833
2 53122 3 25400
1 33850 3 21947
2 48422 4 77385
2 65304 1 87413
3 46597 2 76706
1 73584 3 78836
4 33088 1 1334
1 47247 2 4552
2 94587 4 50448
4 50885 2 81078
4 41777 1 83240
3 78140 2 1748
2 40768 4 296
3 67356 4 43137
3 52934 1 41756
1 80412 1 15997
4 79812 1 8141
3 28416 2 93231
1 68494 1 67365
3 83494 2 84392
3 70136 4 26169
3 52482 1 61777
1 39054 1 20498
4 65035 4 675
1 92508 2 62455
3 92253 3 10515
1 8583 1 30733
4 1682 4 22557
1 88096 4 80821
4 63595 3 89057
2 67603 3 32710
2 27678 2 96305
4 80929 2 1327
1 8366 2 51190
3 81006 1 96764
2 91528 1 15185
3 40506 1 73766
4 40168 2 55149
2 78325 3 11594
4 35895 4 69356
1 18763 3 81579
3 78865 3 3206
3 40590 2 39096
3 78141 1 7065
1 5902 2 95947
3 62740 3 37140
2 63545 4 51728
2 39680 4 5002
1 18340 1 542
4 24602 4 37427
2 15485 3 48720
1 46799 4 40526
4 22086 3 74330
1 86669 1 61011
2 21144 2 78288
2 90018 1 10785
4 54944 2 4605
2 18224 3 42818
4 20566 3 76663
2 47953 3 8700
3 23214 4 54116
3 45369 1 49943
4 91531 1 66012
2 27888 1 96162
1 2407 1 74993
2 9756 3 68257
4 11462 3 66107
1 875 2 26271
4 14862 2 20923
3 6123 4 5889
3 48352 4 5367
2 67816 1 85505
3 971 3 11231
1 9398 1 38557
3 49783 1 48302
3 2783 2 6339
3 58961 1 678
3 71262 4 97117
4 85309 1 62639
4 46145 3 21674
4 447 4 52973
3 43478 1 19076
4 86950 3 37140
2 644 1 75764
1 55099 2 21709
4 32452 4 45603
4 68083 3 96985
4 88146 4 38275
1 39235 3 53438
3 69068 3 60906
4 72094 4 19719
1 25934 1 76774
3 30738 2 38717
3 27032 1 18075
3 16879 1 45096
4 68558 1 20001
4 1034 4 26831
1 9245 2 25391
4 78518 1 97690
3 95475 3 73530
4 7032 2 58074
3 51896 2 50486
2 95898 1 89215
2 33335 3 18186
1 38128 2 87697
3 1623 1 74255
2 59187 1 74187
2 87411 3 84978
1 21096 1 42632
4 29602 4 74376
2 78797 1 60058
4 9966 2 72602
1 53173 2 14586
1 53149 3 11138
1 36553 3 84640
1 42718 1 46944
4 83539 1 16083
4 82634 4 70804
1 31176 4 30610
3 7096 3 88092
2 87368 4 44882
2 69283 4 41213
3 40188 3 60117
2 21755 2 28072
1 25108 4 92190
4 19786 4 33342
1 46513 3 45986
1 58405 4 42149
2 77259 1 31223
4 88693 2 4523
3 86058 2 37316
3 5796 2 22056
1 78256 2 36988
3 3089 1 24443
3 22514 3 73326
2 90079 2 87364
1 85960 3 56680
2 25643 4 49626
2 79859 1 79873
2 89204 1 7102
1 9109 4 58182
2 16506 3 86823
3 20724 4 74655
3 57145 3 24465
4 11813 2 7841
3 62112 3 24154
3 65896 2 8608
4 90702 1 18391
3 27440 2 64564
4 95501 2 4053
1 7016 3 75900
2 60475 4 39576
1 34653 3 137
3 68918 2 56885
3 60452 2 91290
2 75196 3 45648
3 41894 2 4469
4 82663 3 64476
3 76241 3 61523
1 93158 3 44550
2 10876 4 9677
1 49081 4 43789
4 46117 1 11314
4 26964 3 56520
4 18068 2 54210
1 18119 3 5420
3 70475 1 75853
2 21206 3 79084
1 57212 3 45365
2 32258 4 94513
2 63420 2 11693
4 74277 2 18847
1 15789 3 48779
3 70354 3 57820
1 88657 1 29453
3 25815 2 33382
1 43403 4 13532
2 78517 1 58721
1 17595 4 51936
2 78196 3 81718
4 49286 1 91275
2 33394 3 80119
2 25881 1 39331
4 73659 3 52431
3 91374 4 92768
1 82878 4 54114
4 76723 1 67638
4 79762 4 75139
4 54840 3 71097
4 32736 2 15153
3 360 4 7740
3 27843 4 80272
3 75328 1 84913
4 97304 3 24358
2 84142 2 6275
4 85129 3 47682
1 60784 4 76278
4 45337 3 4532
3 55915 1 16188
4 93396 2 80084
4 66241 3 93734
3 30349 3 18466
1 71174 2 27854
2 66123 1 58530
1 56340 4 68249
4 76706 1 43916
3 70014 2 88964
4 33781 4 88938
4 14034 4 56336
2 68603 4 86322
4 54371 2 61634
2 85931 2 84489
2 25671 2 21789
1 29046 1 73638
2 61566 4 48309
2 7833 3 19761
2 74348 4 64310
3 17914 4 54236
1 27377 2 74137
4 14254 2 49785
4 30809 4 16323
4 29126 4 64631
3 34843 2 27574
4 63768 3 28170
3 14077 1 50092
4 80329 3 58585
1 63243 2 21904
4 41316 3 72776
3 39344 2 3759
2 33580 4 22183
3 81374 4 28448
2 16419 2 51341
3 6106 1 21061
3 15442 4 13513
2 7385 1 15789
4 6599 2 51249
1 50907 4 8292
2 54654 2 66926
2 68461 1 50132
4 97328 2 80465
3 30074 1 90604
1 48748 3 97689
4 60535 3 5587
2 45776 1 15654
3 83165 4 95654
4 49003 3 88255
4 20587 3 37972
3 82712 2 65709
1 7533 3 48695
4 7640 1 83019
3 8818 1 93197
1 71910 2 81882
1 50902 2 64899
2 23793 1 91171
2 55509 4 23934
3 47326 1 76162
1 10875 1 52583
2 30702 3 17732
2 9240 2 92377
1 67886 4 81212
3 35828 3 60937
2 43129 3 20733
1 83866 3 30303
2 38104 4 70752
2 66461 2 121
1 74575 1 81705
3 21442 3 97725
4 83953 4 93881
2 29876 3 68941
3 46085 3 52766
3 88597 2 4121
1 94781 1 8934
2 59824 1 90977
1 31027 2 70773
1 71334 2 58791
2 14253 3 86297
1 10039 3 54755
3 53657 2 68002
4 70164 4 42143
3 86808 2 30397
4 23181 2 70814
1 73359 4 20456
1 89942 3 86856
4 32538 4 95078
1 20077 1 72891
1 90949 2 48840
2 14197 3 70655
1 66910 4 57003
4 75974 1 94873
3 86388 4 38837
1 80521 1 9086
3 60702 3 52670
4 54957 2 84110
3 225 2 45264
3 15590 1 18052
4 34843 2 76704
1 96702 4 47788
4 63475 2 54766
3 81060 2 29123
2 34846 3 91383
2 74190 3 8823
3 46229 1 34
2 81437 3 32820
3 20913 2 80497
2 36191 1 40305
4 95999 1 55394
2 53721 4 71467
4 78928 3 93094
4 39077 1 83595
1 87503 4 38035
1 32163 1 57298
4 65320 2 24169
4 25970 2 81357
2 49842 2 59310
2 46232 2 40505
4 88693 1 44928
4 90718 1 15790
1 67406 4 14998
4 69691 3 3014
2 77060 3 65232
1 97424 1 63903
1 35024 1 58197
1 1784 3 27407
3 27116 1 79661
2 87537 3 88704
3 43407 3 18301
4 3714 4 31709
2 20482 4 43385
4 57400 1 89160
1 17351 1 81249
1 15618 1 62258
2 9665 4 23504
2 91094 4 77361
2 95225 1 78271
1 52898 2 4718
4 10502 4 54903
1 69523 2 76383
4 48745 3 69532
1 94406 3 43607
3 57957 4 55029
1 76445 1 97025
3 77926 3 7707
2 50566 2 12005
3 93312 3 13998
4 81460 1 6801
2 14431 1 62829
4 76616 3 36027
4 15998 3 27912
2 63277 2 51512
1 90278 2 41093
3 5599 4 71096
1 80165 2 46979
2 25037 1 50350
4 61424 4 47240
1 24353 1 25259
2 91355 2 61022
4 50368 4 56739
1 77654 2 91744
2 37410 4 77903
2 7145 3 3806
2 78888 1 45893
1 68593 3 82235
1 12335 4 81087
1 73197 2 82713
4 84176 4 34661
2 26356 1 12443
4 90389 2 56442
2 97931 3 78590
2 59155 2 85261
2 10413 1 21206
3 24176 2 39209
3 66394 4 7728
4 51496 4 28500
1 34426 1 84584
4 89629 2 61627
2 59220 4 29203
3 18409 4 50432
1 49619 4 17252
1 48234 1 61499
3 23868 1 7623
2 4534 3 51452
3 1780 1 50312
2 57473 4 38999
3 29040 3 32668
2 88273 1 366
3 56411 2 71989
3 11857 3 77663
3 36579 1 94833
1 60322 3 52605
1 72702 4 5279
3 45249 2 63042
4 51279 1 21159
2 16786 1 41100
2 28829 3 69592
3 85166 4 16142
1 90914 4 952
2 62948 2 68867
2 86768 2 59327
1 36073 2 86152
1 74067 4 27258
4 17319 2 70471
1 34472 1 50568
1 63556 1 77078
1 93663 4 51728
4 4441 2 47346
3 60572 4 83651
4 84638 2 30956
1 7296 1 69731
1 17201 3 50880
3 32912 1 3003
1 64979 2 4755
1 75823 1 34990
3 85636 2 23350
1 45804 2 41597
1 1001 1 93754
3 19179 2 34188
4 8657 1 50235
4 6737 2 39733
2 92979 4 39104
4 72517 2 33506
2 73753 3 7086
3 42159 1 20799
2 7794 1 62257
1 36126 2 58238
4 80603 4 89970
4 26934 3 87453
4 29867 3 20031
2 13104 3 28208
2 62656 4 66615
3 47394 3 60052
4 55675 3 50685
3 15103 3 66456
1 94495 2 63084
3 27244 4 87776
2 96667 4 10307
4 13375 3 39980
4 87635 4 79842
4 28459 4 93044
1 3662 1 43305
4 50834 2 2395
4 56637 3 71201
3 42639 2 1610
3 52530 3 68196
1 33943 4 46374
2 32134 2 94821
2 37271 2 30200
1 80010 3 88784
2 43244 3 69310
4 24892 1 42809
4 58248 3 76619
4 86807 4 48071
4 30438 2 84025
4 69858 4 42642
2 59151 4 34556
3 18991 1 47416
2 23582 1 4894
4 7862 4 96557
2 42712 3 6906
1 67822 1 6196
2 4919 4 51240
3 48777 4 35339
3 32361 1 82578
3 94338 3 14148
1 12131 3 94568
1 12933 1 21817
2 19203 3 92964
4 78413 2 91428
4 8969 4 59682
2 36464 1 29969
1 34986 1 33486
1 50871 1 35874
3 42418 4 53099
2 71418 4 12389
1 47106 3 19489
4 82669 4 29086
1 28030 3 24500
2 57182 3 43320
4 36837 2 83623
1 88026 2 32401
4 54518 3 24659
3 4868 4 10429
3 63467 2 95462
2 16077 4 84499
2 89153 4 40105
1 80205 2 30549
4 361 3 92683
2 61640 2 15563
4 63793 1 62501
2 31797 2 18235
1 54520 1 64699
2 58502 2 2818
2 7940 1 83919
2 76883 2 51080
2 7478 3 69249
2 27069 4 74797
3 51829 3 76586
2 67362 3 85830
4 5890 2 84955
1 34169 2 25783
2 56221 3 25210
3 58561 1 61964
1 67668 1 71494
2 24282 4 21245
2 77317 4 73709
1 72078 3 4827
2 42078 4 3321
2 55856 1 5108
3 42062 1 85277
3 68689 4 21624
1 52363 2 30909
1 84286 2 14050
1 31676 1 1686
4 14507 3 11400
4 25614 1 8277
1 35276 3 30465
2 23468 1 10392
4 28610 4 26919
2 90419 1 80955
4 73977 1 39021
4 62879 3 68769
2 73533 4 59344
1 85130 2 39787
4 2358 1 20322
4 68815 2 18077
3 16149 1 68709
4 6314 1 31273
1 90517 3 95307
1 43287 1 49378
4 4523 2 70036
3 68610 3 5567
1 10067 2 86271
3 35627 3 1629
3 90678 1 88580
3 39780 1 33736
2 340 3 32120
3 46722 3 68159
2 9326 2 60851
1 50778 2 36599
4 33648 4 80778
2 91923 1 39065
2 31682 1 1170
4 85282 2 60722
3 66286 3 60648
2 14229 3 77808
3 44157 3 89721
1 25104 1 58593
1 59110 3 1539
3 59757 1 54599
3 42048 4 25218
3 3543 2 24605
4 2917 4 66597
4 95895 4 82714
4 90683 4 16046
2 87450 1 71922
1 61699 2 96060
2 3337 1 22152
1 52973 3 22627
4 13853 4 19782
2 80547 1 66671
1 51125 1 4665
2 97793 3 17117
3 70803 1 19543
3 64213 2 34652
1 69124 1 22636
2 56314 1 73740
3 84821 4 40156
1 44895 1 89395
4 81029 1 60666
3 66254 4 40411
3 18193 1 17670
1 49153 3 18141
3 4085 1 21651
1 90947 4 51486
3 81623 4 76384
2 55387 4 96074
4 22768 1 83705
1 13476 4 22989
2 51772 1 27742
3 83175 1 97535
4 757 2 30369
1 22561 3 552
3 34724 3 81035
4 31043 2 30254
4 19839 4 41607
2 12224 2 5884
2 45169 4 35100
3 73084 2 3112
2 40287 2 56790
3 61903 4 26902
1 87064 1 7575
3 12664 3 39695
1 46748 2 58252
3 14275 3 49031
4 47388 1 52586
3 68930 1 70400
1 76703 1 42042
2 14342 2 60213
3 7301 2 49829
4 69059 4 1891
3 55037 2 29567
4 58203 3 6683
1 36778 2 16034
2 87056 3 50471
4 41320 4 88341
4 49254 2 33686
3 68387 4 57770
3 21158 3 93158
4 41897 3 82980
4 92886 3 49938
3 93480 4 35224
4 69867 4 59749
2 66413 3 88043
3 24075 2 73015
4 40279 2 17903
4 40357 3 7698
4 25194 2 50305
2 23201 1 53305
3 5712 3 18739
2 67440 4 81705
1 80181 4 48941
1 41560 4 20864
4 83710 2 76944
4 9299 2 8752
3 82586 3 85467
2 78243 3 14832
4 47318 2 41000
2 22541 3 6525
1 58467 2 8973
2 25590 2 28586
3 31021 4 45129
4 72096 4 76963
4 93194 1 96063
1 27818 4 11652
4 74557 4 25619
3 96864 4 17943
2 28234 3 97535
1 45440 3 11191
4 77318 2 94749
3 18595 3 57202
4 1526 2 23467
1 18956 1 2310
2 73534 1 62592
2 3812 2 12667
2 46692 4 38174
3 8098 4 70023
3 31938 4 48341
3 86537 3 78631
3 54353 2 87075
3 15433 1 17189
3 76307 4 44749
3 73836 1 10586
4 67680 3 16430
3 78688 1 52175
2 47886 2 31339
4 82872 3 15053
1 26374 3 96365
1 92729 3 34975
4 34667 1 19293
3 74776 1 31670
4 8553 3 36879
1 36086 2 93562
4 56240 2 24148
4 47829 2 59744
4 65908 1 18547
2 57790 3 72756
4 67218 1 44578
1 83924 2 82414
2 57151 1 81229
1 34225 4 21449
3 28925 3 22405
3 76838 3 60480
4 32294 4 52107
1 63473 1 68099
2 21794 2 29349
1 74454 2 35500
4 81713 2 40777
2 82063 4 41019
2 59826 4 80508
2 46010 1 82517
1 19188 3 51022
3 25637 1 20187
3 67883 2 74798
2 94189 1 32277
1 23289 4 33417
3 14592 4 17035
2 55854 4 9261
4 20429 4 32808
1 46356 4 11107
1 16903 3 64921
4 44326 4 43708
3 85169 2 47836
1 10705 1 22735
2 5607 3 9692
4 81576 2 7648
3 32508 2 30959
1 59556 4 50339
4 20114 4 7468
3 16067 3 51424
2 74260 1 94084
1 75148 3 26882
3 76209 3 5801
4 28394 3 48069
3 903 3 72400
2 57318 1 9663
1 77645 1 57074
3 62694 1 52229
4 57441 3 37214
4 4076 4 4674
1 57522 3 53030
1 68978 4 64421
2 57710 1 93003
1 53603 3 54475
3 26277 3 18679
1 51909 2 34947
3 32936 1 82236
4 6386 1 52010
4 6950 1 10659
1 58584 1 94978
1 95005 1 9443
4 7142 2 52372
1 75776 2 57650
2 51056 4 41250
1 76018 3 82545
1 83770 2 52786
4 29968 2 92726
4 95643 1 27272
4 773 3 82112
2 89473 1 36164
1 6902 1 21350
3 7929 3 1418
3 90114 1 93538
4 30223 1 62767
1 48002 4 25445
4 65655 2 68229
4 29700 3 60927
1 93837 2 90469
3 41823 2 78718
2 67069 2 51881
2 57634 1 5274
2 33238 3 41154
2 97737 4 88825
4 66190 4 45979
2 70658 3 61034
1 93307 2 82461
1 64583 2 9480
3 46407 4 88748
2 25442 2 22484
3 32109 3 54143
3 71642 1 18923
4 59277 3 87364
2 56532 3 61963
2 881 4 55805
4 2836 4 43963
1 54546 4 33040
2 54307 3 824
3 55630 1 33602
3 87249 4 10172
2 70972 2 97131
3 32804 1 27475
3 86425 1 3990
1 65671 4 3520
1 36239 3 48966
1 86712 2 87803
3 23926 1 27009
2 40593 3 80191
4 97519 4 68105
4 91294 4 11964
4 51798 4 89690
4 81719 1 284
3 45332 4 56671
1 20426 2 40999
3 5589 4 34819
2 30658 2 90428
1 37465 3 96975
2 66595 2 45369
4 84306 3 86247
3 80635 3 45618
3 9167 3 352
4 80403 4 65970
4 4418 3 11195
4 35091 3 25848
1 3107 2 83505
1 70618 4 82995
4 20201 1 63363
2 71132 2 3634
4 96871 1 3752
3 88311 4 45184
3 66604 3 25127
4 63139 4 51882
1 52237 3 74078
3 93313 3 20462
2 24313 1 85195
2 47766 2 76156
1 88121 2 87795
3 76080 2 19484
2 59712 1 40365
1 49584 2 63136
2 66285 1 66648
2 28052 4 57851
1 62007 1 886
1 58079 4 20424
1 42392 2 50364
3 95034 3 19119
1 60973 1 61693
1 4735 2 39968
3 60263 1 6910
3 71453 3 90969
3 41638 4 44706
2 90776 2 56495
3 89389 4 10883
3 37428 1 89477
2 30015 3 69591
1 1093 1 2031
4 18747 2 42944
3 69990 3 51480
3 85449 4 68051
4 63418 4 58819
3 54754 2 35568
3 47510 3 86349
1 12026 2 76836
2 39942 3 28933
2 21625 3 52178
3 33254 4 1431
4 19768 4 66009
3 26639 2 66237
1 67437 3 77183
4 55060 3 21429
2 39784 1 3874
3 28419 4 59480
1 29536 4 52343
2 43206 3 76813
3 18939 2 76594
4 22380 3 1217
1 95062 4 56155
2 15326 3 48134
2 57289 2 65282
2 35099 2 68372
3 69860 4 31843
4 42091 3 64783
1 50402 1 34071
1 10598 4 69160
2 79783 2 31703
3 87021 1 11967
1 2195 2 77958
2 73223 4 60867
1 88890 2 89529
3 57098 2 90109
2 27315 3 15023
3 96010 3 59620
3 18820 2 19642
3 60427 4 38329
3 10872 3 47369
2 46879 4 85496
1 70813 1 73228
1 31343 3 7504
1 78055 1 49272
1 69879 3 18442
4 35605 2 71652
2 91855 1 63820
2 70345 3 49575
1 40409 3 87428
2 26461 3 85550
1 32470 4 38386
1 49859 3 58519
1 76807 2 18369
3 25657 3 81626
3 62253 2 5304
1 33027 3 48174
3 50880 4 4077
2 18459 4 54086
1 76239 4 32229
3 61776 2 71353
2 80302 1 8105
1 52224 1 83203
4 78596 4 81857
4 47501 2 56591
1 20597 1 19229
2 59555 4 60282
2 14107 3 82899
4 73081 3 43484
2 85612 2 75480
1 40223 1 32614
3 60048 3 95352
4 59412 1 60594
2 16279 2 24195
2 66942 2 96436
3 37070 2 32853
3 69905 2 33750
2 41731 2 4525
3 37603 4 17575
4 81107 3 25542
4 10420 1 64633
2 77373 4 25775
1 35938 3 41210
1 12516 2 59870
4 44547 2 76324
1 13338 2 43062
3 75469 3 72546
1 27670 3 11198
3 16474 1 90395
1 43872 1 87809
4 79551 1 9992
2 63669 3 75814
2 82122 4 72522
4 87096 2 24591
2 657 3 35264
2 36074 2 65704
2 84673 2 68055
1 85539 2 95301
1 72427 2 23741
3 5526 3 22287
4 37049 3 91682
1 9460 2 53971
2 27345 4 70413
1 90682 2 58507
2 53518 3 56166
2 7347 4 46607
4 27948 1 77806
3 81092 2 95051
3 40736 4 72744
1 2573 1 96526
3 58446 4 35259
3 26191 1 81484
3 15327 1 50979
3 73157 1 21132
4 85766 4 70368
2 49433 2 93290
4 73211 1 88545
3 78829 1 17966
1 2264 2 78106
4 46996 1 80006
4 14485 1 76516
1 45213 4 55925
4 79026 2 38935
2 58573 3 38765
3 45643 1 7223
4 34324 3 50730
3 26705 2 4440
4 84647 4 33675
2 76531 2 42234
2 52247 1 68357
2 84460 2 55253
3 77139 1 58041
4 68478 4 37574
4 17626 1 27370
2 55639 3 16669
4 25899 4 10009
4 65486 2 62911
1 9782 4 40417
2 85078 3 42737
2 38388 4 30121
2 51318 1 18924
3 19428 3 48701
3 75800 1 61615
4 51977 1 42165
1 8771 4 2843
4 15201 2 63107
1 72946 3 59548
2 38324 1 30591
1 40938 3 48435
3 56616 3 85469
1 61787 4 60895
2 42337 4 84133
4 73764 4 45776
4 60017 4 77145
1 48200 4 60057
3 40670 1 62026
3 77006 2 68517
1 1103 4 84504
3 79344 1 75563
4 76783 4 47573
2 19143 3 66787
3 7771 1 78414
2 47364 3 4016
1 4783 1 26791
2 11423 3 84472
1 67648 2 20629
3 12799 3 23336
2 72982 1 9277
4 39221 2 13515
2 12003 2 38563
2 41448 4 24084
1 72746 3 68475
3 41970 4 97012
3 73808 2 95886
2 77550 2 80831
3 72199 2 47618
1 61758 1 49697
2 22749 1 63034
1 80916 2 12689
3 80165 2 87600
3 68623 4 66346
1 77597 2 92760
2 59051 4 14537
3 47911 4 47389
2 61328 1 13128
2 79823 4 14723
1 86731 4 37439
1 93535 1 2496
4 51371 3 12707
3 22101 3 4956
2 27068 4 55942
4 65198 3 95433
4 88115 2 41261
3 26764 1 62202
2 37951 1 35685
1 9976 1 1377
4 32218 1 61593
4 80088 1 78676
2 68330 2 23851
1 6815 2 20067
4 51503 2 85714
3 74290 1 11697
4 58107 1 85117
2 68769 1 2073
2 52402 1 84013
2 11939 4 60627
2 47356 2 35920
3 9571 1 79942
3 10719 2 53836
2 77452 2 31271
1 2470 1 23986
1 88545 3 68562
2 12827 1 86287
2 23032 4 71046
4 41673 2 78447
1 52267 4 9444
1 95093 3 43379
2 96248 4 51597
3 68190 1 75203
2 50554 2 74297
1 58993 4 49307
1 12432 1 82589
2 92667 1 57072
2 64817 2 97024
3 46146 1 51116
4 39344 3 16733
4 48967 2 50266
1 25741 2 97836
1 57086 2 81235
2 1736 3 49483
2 6560 4 37870
4 80684 4 18096
2 67343 4 39906
2 73177 1 22522
3 57721 2 12943
4 494 4 4848
4 36457 1 38228
1 47010 4 96574
1 51248 3 25395
2 47351 4 38881
1 11894 2 37233
1 27518 1 81190
1 12120 1 92884
4 17841 1 86727
2 9907 4 59743
1 17722 1 70438
4 38969 4 17992
2 47963 2 9213
2 73151 4 36727
4 9837 2 54479
2 24313 4 21760
2 96897 2 71251
1 59610 2 34347
3 62730 1 27962
3 29913 2 78427
3 13746 2 22479
3 31685 1 77186
2 74147 1 97496
1 63241 4 90224
1 67155 2 96995
3 31719 4 46847
2 13057 2 59877
3 64469 3 48561
2 13590 1 63281
1 41974 3 3463
1 22618 1 55619
3 22556 4 28088
1 47167 4 89591
3 23876 4 88491
1 4542 3 42807
1 82164 3 38073
4 3223 3 27380
2 16658 3 28920
1 36290 1 68551
2 85236 4 97930
4 74615 2 51021
3 57752 1 75484
2 50545 3 6976
2 97670 1 89974
3 8622 1 12735
1 47330 3 79617
4 81048 1 75068
1 65081 4 15138
1 69708 3 55227
4 44035 4 85669
4 79593 3 82875
4 64886 1 97286
4 95583 4 6085
2 27844 4 33136
2 8829 2 52648
4 1523 4 36845
1 8993 2 8040
4 50627 4 69514
1 61212 2 60311
3 81026 1 433
3 74359 3 80071
1 45736 2 55022
2 3417 3 93587
3 17218 2 40801
1 56773 3 91962
2 76748 2 41463
2 19704 3 58096
3 61653 1 50406
4 80419 3 57599
1 7128 4 56532
1 88736 1 42808
4 87797 4 20231
2 69675 2 90235
3 94245 1 65182
1 63818 3 25560
1 56843 3 97219
2 71543 1 41639
1 38005 4 71293
1 84398 4 32899
3 4644 2 49609
4 85268 3 30482
2 34628 3 44016
3 78098 1 14949
2 76478 3 1863
4 62167 1 25393
2 7589 4 26582
2 23293 1 81862
2 76922 1 29302
2 95691 3 68757
1 42732 2 12698
2 88693 1 19089
3 85518 3 73748
3 54962 3 45561
4 12402 4 86134
2 74480 4 22030
3 86778 4 74965
1 91896 4 92476
1 32251 1 38889
2 32081 2 57857
1 20773 3 21071
3 92917 1 85689
1 69002 2 32351
1 42509 1 59308
1 71947 4 70870
4 1197 1 14286
4 43329 4 27905
4 42126 4 56897
1 47582 3 70548
2 89383 4 45069
4 68650 3 39579
2 78212 2 5755
3 97099 4 6018
1 20643 3 44099
2 5009 1 96472
3 70958 1 69026
3 59586 1 85394
2 2319 2 69584
2 3836 4 37878
1 76512 3 58641
4 39414 1 64216
1 64320 1 75340
3 10673 3 29677
3 2224 4 71876
1 48719 4 96392
4 95417 2 87015
4 52753 2 50624
2 4133 3 28144
2 31190 4 40380
4 49777 1 91990
3 78638 4 28355
3 42209 1 13000
4 79534 4 542
2 70299 4 64469
4 12186 4 45230
3 67575 3 22345
3 27305 1 75965
4 52668 3 45286
3 40237 4 53408
2 48272 3 53457
3 1597 3 32141
2 71485 1 59491
3 57556 2 48941
1 21400 1 7121
4 96253 4 41486
2 43144 4 67002
1 64008 1 41266
4 24207 1 58842
1 14992 2 48384
3 29181 4 93450
2 56724 1 46028
4 55308 4 11779
3 87573 4 91781
2 66077 1 31069
2 39460 3 51675
4 11765 1 56550
2 36251 1 19530
4 13001 1 51906
3 60347 1 30881
2 1310 2 40108
4 68991 2 74193
4 94485 4 17
4 95792 3 74898
2 57665 3 97516
2 12298 4 53597
1 85906 1 77564
3 81758 4 57403
1 26440 4 74503
1 46796 2 78792
1 18882 3 27350
3 80083 3 72089
1 8661 4 3965
4 37534 4 69507
4 13115 1 81714
1 42877 4 14382
4 93044 3 13824
4 52796 4 86503
1 4878 2 36798
4 4528 3 67713
1 77117 1 57997
3 76267 4 36216
1 6442 1 75950
3 12986 4 39263
4 5724 3 9916
4 7435 2 84226
2 50383 2 84455
2 10478 3 8133
2 44832 4 39210
1 30669 3 56419
1 7974 3 31040
4 27676 3 21494
3 3241 4 14379
1 96324 2 81462
4 64276 2 17685
4 31653 2 86065
2 43272 4 88614
2 20984 4 10054
2 15319 2 55677
4 54650 4 74514
2 44843 3 95386
1 24050 2 56211
4 51365 2 27932
4 32332 3 19328
3 13966 4 12783
2 4793 3 95095
1 29856 2 30957
1 37043 4 41117
3 15409 1 21840
1 69482 4 72746
3 58414 4 4945
2 69674 3 97035
4 48380 4 5975
3 12610 4 97221
1 3068 1 56840
3 49022 3 4955
4 1114 3 8367
4 80174 1 9704
2 5757 4 28720
3 52905 2 90675
1 3589 1 11500
1 35593 2 67222
4 60860 2 86348
2 77806 3 55050
3 27283 4 29766
2 74442 1 40805
3 14760 4 47972
2 36148 4 44427
3 69816 3 96336
4 12202 4 22305
1 85272 3 80447
2 30680 4 77245
2 46481 2 62974
3 87213 2 28209
4 22065 3 43919
1 22320 3 90338
3 40990 4 72959
1 15306 3 91268
2 73593 3 64152
2 51759 3 31310
1 45954 2 77249
1 9672 1 7713
3 37573 2 82092
1 56240 4 63946
4 57445 1 64521
3 12899 3 92404
2 6779 4 80383
2 12696 3 24537
2 20722 4 42226
4 64890 2 62240
4 70902 2 74831
3 77592 2 54338
4 83833 3 12414
1 55948 3 83777
2 91797 1 39539
1 23176 4 28238
1 23639 3 55334
2 61388 1 18726
2 46714 3 67855
2 48760 3 19437
1 19352 2 53073
3 22419 2 76939
1 65539 1 69473
1 47767 3 16058
2 65256 1 78947
2 17683 1 21160
3 21845 1 232
3 47188 2 55556
4 75898 4 94429
2 6882 3 13276
3 37313 2 74713
4 78171 2 86045
3 9501 1 19929
2 77676 4 48785
3 97828 4 4313
3 64950 2 21624
3 3765 3 52082
3 13665 4 13494
2 34306 2 43197
1 44570 4 88866
3 77523 1 43533
3 82316 4 19426
3 42034 1 29747
2 68152 1 269
1 70087 2 10364
2 96231 2 24578
1 22088 1 64397
4 57218 4 57958
1 52614 4 20675
2 65910 3 45667
1 29116 4 90835
4 32594 4 77987
1 38743 2 35984
2 51225 4 88947
3 342 3 86882
1 76481 1 75958
2 36873 3 58440
1 58122 4 69593
4 19880 4 66808
2 97533 3 18742
4 39803 2 76817
2 16068 2 11918
2 53462 1 42591
2 65311 3 51789
4 8713 3 12067
2 70647 3 19033
1 5995 4 60173
3 67747 4 87279
4 65662 4 61715
3 86945 2 84195
1 55917 1 27247
1 21529 2 85908
3 55253 1 49832
1 25396 1 29526
1 64652 4 76930
2 68684 3 78134
1 53772 3 75186
2 35843 4 6880
4 58354 3 22439
1 79624 3 49039
1 66111 2 50777
2 77592 3 51497
4 70279 4 70952
4 85959 2 20605
4 59449 2 72764
1 56864 1 71755
1 65260 4 34118
1 53083 2 8134
4 59932 2 17413
4 31623 1 69257
1 97650 4 4973
4 94290 1 18121
3 30550 4 47091
1 34968 2 78581
1 70277 1 49266
1 42891 3 21612
2 10236 2 54652
3 50977 2 41653
3 34357 4 76805
4 67854 3 15280
3 81005 3 21948
2 16381 3 1245
2 31478 3 55279
4 91542 4 41554
2 28094 1 4103
2 42300 2 66085
3 5865 1 96174
1 54110 2 5510
1 32561 2 92906
1 37384 2 40901
3 48549 2 65602
1 50518 4 71492
3 42376 1 35640
2 69017 4 33546
1 81104 3 62425
3 34649 2 80602
2 52998 3 13348
2 97206 3 54377
4 24985 1 34714
4 38244 4 92567
4 9455 1 80378
2 39672 3 10118
2 34333 4 88595
4 20441 3 33467
1 58325 3 78583
3 68059 1 88591
3 12862 1 3285
3 84924 2 60010
2 82351 4 67209
2 47138 3 74115
1 70124 3 55643
4 85519 2 41217
1 86024 1 19648
1 31004 3 74201
3 83488 3 77166
4 85966 1 28312
4 69206 1 96757
4 18021 3 15325
2 17398 4 87355
4 33679 2 67714
1 59264 1 76405
4 75467 1 46949
4 29206 2 39682
3 69380 2 43201
2 90836 2 67444
2 24113 1 33466
2 83992 2 93429
3 26193 1 29974
2 88368 4 31021
4 8454 2 10255
3 664 4 80609
4 91519 4 77027
3 59200 1 75826
1 49566 1 7810
4 31355 1 71667
1 82497 4 62702
3 27831 2 41896
1 31837 4 50602
4 47647 3 82562
4 30100 2 75910
4 18408 2 32711
2 19879 4 62909
2 90508 3 3802
4 11001 2 71287
4 85926 1 47690
1 21376 1 65812
3 48606 3 26774
1 50515 3 13431
1 19431 3 96060
2 80573 1 15866
1 77233 4 2460
2 20223 1 89890
2 1901 3 6144
2 15975 1 2259
2 1598 3 76208
4 30046 2 96828
4 57107 1 96711
2 31575 1 55624
1 1995 2 63684
3 9498 1 9267
2 25642 2 84566
3 83480 3 64966
3 33596 1 51107
1 66447 2 30136
1 5153 1 50996
1 65344 2 53970
4 34814 2 61735
4 90217 2 1694
3 85020 4 65244
4 3444 2 97824
2 82500 1 30762
4 79406 4 17776
4 76583 3 13318
4 43832 4 9445
2 60515 3 65651
1 61617 3 31945
3 2700 1 70152
4 21506 1 30678
3 10133 2 75651
4 63139 3 73772
2 36145 1 92583
1 93563 4 86369
2 38470 3 53191
3 71213 4 14399
3 80498 1 30628
2 19500 2 3733
1 91319 3 89435
1 45740 4 4645
3 50231 4 95326
2 94225 2 93259
1 34912 3 61207
1 53124 1 12141
1 55165 2 2025
3 96620 4 54122
3 27354 2 46181
3 34480 4 69008
3 60311 2 899
3 73827 1 22149
2 22950 1 94231
2 71026 3 43952
4 65567 4 53300
4 33014 3 85665
3 29682 3 2467
3 72019 4 97862
4 67290 1 45694
4 25354 4 66168
4 15758 3 97359
2 10508 2 22391
3 30753 3 73077
1 32322 1 10249
3 54022 2 37578
2 46378 2 82422
2 54459 4 88161
2 52099 3 51154
3 92561 4 78615
3 20695 1 14812
4 44672 4 57027
3 34836 4 16787
1 78382 1 56968
2 20884 3 40318
2 66723 1 11398
3 58063 1 16721
4 81261 2 75022
4 71811 2 37601
3 62224 1 59326
2 39670 2 61738
2 9049 1 43618
4 24292 4 61073
4 4202 1 92203
3 96457 3 31431
4 23752 2 47266
1 67683 3 76177
1 10749 3 86445
3 52880 4 84902
3 83462 4 5704
2 59952 2 56136
1 96829 4 86254
4 6479 2 45030
1 29367 2 80293
3 20719 4 12626
2 43538 4 2140
1 17422 2 95720
1 76669 2 44869
3 7516 4 86697
2 80191 3 64425
3 35898 3 58917
3 76027 4 91810
1 46204 3 6200
4 51753 1 38881
1 25946 2 16744
1 20525 2 78749
4 55911 4 24991
2 2324 1 58567
2 67307 3 66869
3 11078 4 72364
1 20782 3 58448
1 66619 1 83585
1 61781 1 75752
1 59104 3 3738
1 37310 4 51885
2 34463 4 67144
3 6364 2 33145
2 96511 1 75172
2 11358 1 49197
1 34470 1 43611
2 86592 3 36140
3 89212 2 34165
3 26575 2 9640
1 65043 2 96506
4 73729 2 26104
1 37661 3 38384
2 71753 3 36667
2 70612 1 5394
1 65140 4 77313
4 22833 1 73854
1 20644 4 43243
1 93457 3 75852
3 22165 3 10167
1 85671 3 89497
3 55068 3 37917
4 49023 3 94975
1 33791 3 43294
4 42398 3 76402
3 83592 4 72355
1 77873 4 15302
4 19154 3 16040
2 61618 2 6476
1 89501 2 89069
4 2938 4 70268
3 20894 3 61534
2 82938 4 32398
2 92289 1 91934
1 3128 4 34722
2 68329 4 39122
2 83723 4 29135
2 71084 4 7037
1 95297 1 41781
2 21078 1 61379
1 79629 1 49928
3 46990 3 25733
2 5708 3 71384
1 56770 4 8662
2 17546 2 18618
2 49463 4 85305
2 75058 3 12132
4 95882 2 54843
3 10184 4 54743
2 18456 3 16020
1 15175 1 85927
4 86232 1 70490
3 95362 2 70134
3 93473 4 29675
2 96637 3 29278
2 6139 4 92386
2 38520 4 18358
2 30234 3 25965
1 88793 4 56070
4 38872 1 26801
3 4713 1 10617
3 7823 1 63866
4 93894 2 23350
1 37852 4 8257
4 12329 2 23814
4 25380 1 80870
3 31797 2 33784
1 7119 2 89122
3 11673 3 77600
3 37352 2 86192
2 14889 2 84795
4 10777 4 90447
4 22116 3 23657
4 4166 1 79982
1 7081 4 81143
3 13871 3 12344
4 36345 2 2453
4 42442 3 8129
4 62482 3 11252
1 2899 2 96705
4 42223 4 42374
2 62682 2 11763
3 59363 4 91686
2 57188 4 22835
1 7376 2 18361
3 23961 4 30950
4 23654 2 82878
3 33466 3 88546
2 81563 2 90622
3 92896 3 79560
1 45888 1 4447
1 91779 2 70587
4 44828 3 51863
2 15757 1 57258
1 85053 3 96926
4 55189 2 93669
4 56438 2 61845
1 61662 4 6502
4 45091 2 26601
1 69886 4 18455
2 24829 2 3734
3 55489 1 31429
2 5715 2 82981
1 87493 4 14854
4 97052 3 63597
3 83164 1 97712
3 52986 2 11287
4 42943 1 88838
4 96212 3 855
3 66327 3 8414
3 27169 4 92589
4 95157 1 86435
4 84961 4 73593
1 85235 1 29912
2 28375 1 9372
4 92297 4 65641
1 51427 2 61193
2 78850 2 18605
4 88142 2 21376
3 59650 1 15604
4 27367 2 16691
4 90918 3 44969
4 87929 2 24543
4 73402 1 25967
1 6572 3 90185
1 4518 4 9917
4 31528 2 81301
3 39607 4 23080
4 62023 3 95547
1 396 4 77350
4 14468 2 40780
2 81310 4 60881
2 67955 1 43926
3 27160 3 7273
1 96171 3 86960
3 7510 3 84604
3 90299 3 79143
2 55532 2 89454
1 25532 1 59979
1 51656 2 73419
2 47171 3 23542
4 83380 2 85243
4 95895 1 65382
3 3741 2 14828
3 46863 4 67223
2 71513 1 22490
3 53296 2 225
1 32964 2 23981
1 21226 3 75548
4 16470 2 60701
1 66710 1 32834
2 77391 3 30595
1 60103 2 3168
4 41959 1 57191
3 98 2 49755
2 73399 1 40099
2 70035 4 70859
4 72118 3 42203
2 97231 3 45303
2 33167 2 28111
1 86593 1 86733
3 29116 1 14812
4 52458 1 29148
3 80626 2 15571
4 96436 2 31141
4 30045 2 3682
1 47046 3 37965
3 21651 4 88905
4 59341 4 8218
2 84691 1 53565
3 92976 1 91479
1 86914 3 86845
1 55302 3 20514
1 46150 2 70739
2 48127 1 54722
2 92457 4 42413
2 70802 3 54542
2 39208 3 23926
3 82336 3 16054
1 97352 3 64946
3 59962 1 32800
1 61103 2 45033
4 80064 2 48705
3 97895 1 42140
3 54177 1 79838
4 50515 2 48637
2 33370 3 6819
1 43380 3 32823
2 35970 3 75720
2 30645 4 11029
1 84753 2 19370
2 66665 1 64695
1 84714 1 11664
3 35914 3 3932
4 61463 4 90074
3 38635 1 6960
3 52571 4 52847
1 79051 4 40837
4 585 2 38181
2 389 3 13101
1 676 1 33142
3 80543 3 77872
2 30321 4 37585
3 21879 2 31849
2 33438 2 19540
2 62976 2 5964
3 46805 3 54307
4 93259 1 30579
2 54854 4 57486
2 19415 1 92264
1 23860 3 49869
4 5830 3 75288
3 61540 2 55406
1 89687 4 72751
4 92073 1 27068
3 47426 2 80318
3 51732 4 29996
2 67489 2 82437
1 13876 2 4317
1 42905 2 14519
4 57401 3 16014
3 63443 2 37858
1 15510 2 26473
1 38681 4 11967
1 90883 3 96824
1 61690 4 51709
1 6418 4 19642
1 6691 1 940
3 5863 3 55368
2 43218 2 4253
4 24592 2 13698
4 56503 3 45019
2 88522 1 8019
4 32272 3 20136
3 29422 1 93345
4 81575 4 67302
3 94215 4 81675
4 40158 4 47655
2 75524 1 64312
4 33892 2 13768
1 27856 1 78225
2 80959 1 13762
1 26625 4 11162
1 50504 2 74529
1 84055 2 93956
2 23902 4 73219
1 50562 3 42963
1 38975 1 71170
2 93566 2 58550
4 23467 3 316
4 6810 4 4010
3 87383 4 36600
1 82753 1 38806
4 24999 4 541
3 96097 4 95636
2 85985 1 81140
2 34721 2 95020
2 45097 3 87287
4 96020 3 46117
3 66530 4 80020
3 34533 4 69011
4 47753 4 82232
2 42716 4 77591
1 61480 2 47978
3 50553 1 12008
1 41591 1 4983
3 2563 2 16770
4 9277 4 76152
3 28488 3 70254
2 12788 2 81677
2 46059 4 89552
2 47103 3 21517
1 83142 1 29752
4 58764 3 28332
4 9308 1 46300
3 14128 3 82893
2 31244 1 92188
2 54690 1 12562
2 61915 3 15277
1 27121 1 79689
1 26755 4 61053
3 27732 4 9486
2 24873 4 53294
2 70955 4 93947
1 39671 1 15759
2 30946 3 91345
2 55792 4 2558
2 29581 2 88001
1 34020 3 45227
3 29557 1 45363
1 13910 2 59360
4 68377 3 28104
2 52340 1 49297
3 91440 4 64825
3 28452 2 34695
1 97568 2 3328
1 38311 2 86184
1 35158 4 63987
3 34967 3 63849
2 3273 2 24020
4 97265 3 35522
1 71011 2 81619
4 15213 3 30890
4 46610 3 94388
3 32535 1 8181
3 30350 4 54001
1 1374 2 69548
4 85276 1 39406
3 33395 1 87155
1 32712 4 75808
3 51184 3 42476
3 55891 2 60295
3 80150 2 64222
2 83650 3 27367
3 72431 2 95416
2 25982 2 51282
1 21053 2 51865
4 1057 3 25403
4 39209 1 56666
1 20397 1 1124
3 14003 3 41520
1 1239 3 95842
2 48079 3 35691
1 61914 3 5519
2 51045 4 19342
4 66277 4 44152
1 23489 3 82857
2 37298 1 32805
2 20551 3 32918
3 74198 1 36763
4 22569 1 62084
2 60238 2 10189
1 76337 4 3295
4 71414 3 66477
2 3345 4 40877
1 40399 1 64363
3 81388 4 34891
4 46843 2 87479
4 34563 2 66196
1 3097 2 81602
3 74143 1 28058
4 38296 3 24350
3 18992 2 60806
2 22230 1 38760
1 19369 3 36442
3 27308 4 6380
2 86059 4 35591
4 51605 4 13665
1 78268 4 57986
2 80965 1 82999
2 47448 2 97708
2 2090 1 50710
4 62828 1 63237
3 18820 3 15721
2 74136 4 49927
3 73515 3 77688
2 6791 4 9144
1 63493 2 50121
3 65359 2 50089
1 97356 1 35138
3 3954 4 77851
1 37683 4 83232
3 13009 2 9316
1 16955 4 28105
3 76462 3 80811
1 56832 3 33523
2 22089 4 7975
1 76399 1 16564
1 5575 1 74185
3 93462 3 42704
2 6129 1 46839
4 62696 3 2496
4 90384 1 51333
3 91010 4 71661
3 71585 3 3500
4 89573 3 63173
4 78332 4 14309
1 10821 3 36269
1 2751 4 88346
1 1307 2 52313
3 83123 4 51729
2 94799 1 30649
3 81915 4 95812
1 17128 3 38789
2 84108 1 55763
1 68331 1 13458
4 21889 4 51285
3 26783 2 78944
1 91341 1 55532
1 90838 1 18884
4 46847 4 40454
2 83123 2 43654
2 80628 2 25245
4 81482 4 18518
2 54348 3 28815
3 49275 2 40741
2 95670 1 86088
4 15520 1 463
2 80221 3 33262
3 53552 3 53208
4 57832 4 59631
2 96385 1 36776
4 86271 3 73110
1 14415 1 96837
2 77465 4 20806
3 37700 4 42602
2 47144 1 20406
3 10112 2 87600
3 54454 3 77951
1 80116 2 43612
4 7356 4 59422
4 18721 3 1378
3 57517 4 63143
3 73474 4 66214
3 79415 4 57280
2 89944 2 68262
4 49781 4 15655
2 76091 2 22069
4 84719 2 8559
2 33912 1 12528
1 70206 2 86432
2 41035 3 48723
1 13403 1 93879
1 2532 3 49798
4 58816 4 51147
3 28938 2 73336
4 38197 2 22407
4 72330 1 48752
1 2341 4 25788
3 92446 2 39013
1 73557 1 19836
1 63313 1 93278
1 57342 2 16668
4 48489 1 60803
4 73575 3 83111
4 35947 1 52009
1 91765 3 78766
1 32614 3 52441
1 22568 3 81899
2 65795 3 92973
4 24973 4 57738
3 74369 2 40322
1 4701 2 48576
3 41564 3 58026
4 57264 3 76026
3 43626 1 84700
4 24310 3 95789
2 89917 4 75282
4 70446 2 50277
2 54843 2 84350
4 72936 4 46201
2 9305 2 7928
1 28615 2 16210
2 41154 3 20435
1 23691 3 64915
2 31549 1 90172
2 72077 3 2472
2 30916 2 72704
3 40268 1 73670
1 31187 3 57070
2 11253 2 12740
1 85751 3 88475
4 45815 3 61199
3 19589 3 21369
2 61121 4 4473
3 67763 1 27991
3 75519 4 37713
1 70929 4 36973
4 16160 1 828
2 6718 4 58281
1 23948 1 47442
4 39948 3 18498
3 49702 4 75377
3 45918 3 15309
2 62429 2 63195
2 83293 2 62657
1 43489 3 70884
4 22054 3 5098
1 91649 4 7580
2 39165 1 23142
4 72235 4 50260
2 34356 2 64919
2 38243 2 73256
2 73297 1 36070
3 61958 2 56456
3 54600 4 76171
4 57798 2 85014
3 38250 3 60277
1 41540 2 27749
3 64041 1 75871
4 68987 4 81139
4 11606 3 11879
1 94267 2 66751
3 83152 3 57169
1 8840 2 95651
2 3439 2 13735
1 84109 2 76844
2 29359 1 9671
2 1064 1 76963
4 31917 1 18391
2 90169 1 45074
4 46137 2 990
2 95502 2 85099
1 5642 3 66764
4 52784 3 27954
1 69584 2 25222
2 35207 3 92019
3 82499 1 74649
3 46285 2 9079
3 86679 4 30054
3 58963 1 10557
3 8046 1 37847
4 2395 1 48686
2 62301 1 1097
4 12820 2 66312
3 48011 4 21441
4 65493 1 83812
4 25052 1 63825
3 48721 3 27951
2 72372 2 17503
2 11760 1 65952
3 14333 3 51875
2 38378 4 34059
2 56690 1 26082
2 8634 2 57542
4 83278 4 27178
4 38885 2 10733
4 8594 1 1779
3 11042 1 26857
2 54585 3 50950
4 76344 2 68371
3 5576 1 2302
1 59899 1 90616
4 42041 4 65266
1 81427 3 10609
1 72574 4 75745
4 35365 4 94261
3 62162 1 11182
1 58841 3 44163
4 87666 1 95474
1 29840 3 33544
4 90626 2 89238
4 25224 2 93874
3 28978 1 72427
2 57947 1 63736
1 18771 2 55930
2 76908 1 21436
1 17092 4 13185
1 71667 4 34002
2 71946 3 49396
3 32114 4 82057
4 49051 1 92598
3 37230 2 84436
2 56059 1 48727
4 58968 1 35183
2 73469 1 20861
2 16825 4 32815
1 75151 4 24305
1 34852 3 52868
4 71018 2 49289
3 58100 3 54694
4 25994 3 88319
2 57435 1 26331
2 39011 1 84014
4 27450 2 54470
1 28633 1 19688
3 52040 3 7310
1 2041 4 27629
1 27761 4 36633
3 48577 4 56536
1 37658 2 50165
4 54543 1 52768
3 1380 1 22684
4 54275 4 66929
1 8225 4 46404
2 74214 2 29609
3 79210 4 22468
2 75769 2 50214
1 30995 2 38581
1 85393 1 39902
4 14650 3 47088
2 83238 3 39268
1 32764 2 60044
4 5699 2 36386
2 35849 2 72176
3 11514 4 50288
4 89360 1 69886
3 86087 1 8300
2 53249 4 5167
2 63342 1 46165
2 24599 2 9572
3 74603 4 61972
3 33978 3 13260
4 35376 2 8967
4 50660 3 92271
2 71736 3 39205
3 27388 1 28347
2 80838 2 33455
3 38847 4 15623
2 6150 1 35135
2 11044 2 72391
1 57570 1 10787
2 5781 4 76596
1 52200 1 18129
4 67558 3 70537
4 77948 4 52516
1 30828 2 33035
3 39989 1 25497
2 65309 3 69647
3 20927 1 76896
3 749 3 48146
3 29695 1 64679
3 44605 1 57697
2 4412 3 73238
2 49012 4 43207
4 12641 4 54310
3 492 3 36688
4 70702 2 54850
3 25299 4 92530
2 47032 3 73854
2 63059 4 72290
2 35202 4 19699
3 33192 1 56122
4 26551 4 83208
4 41661 3 51277
3 93757 4 32416
2 10942 4 97421
3 18364 2 56301
3 36969 1 97562
1 49951 4 45032
4 28661 2 38053
3 18547 4 69267
4 96464 4 62523
1 41487 4 34050
1 96465 1 75426
2 27975 2 45937
1 60462 2 10491
1 92174 3 97314
1 34546 3 53812
2 58325 2 85129
2 46875 2 44703
4 59210 3 4985
1 71875 3 12965
1 15516 1 450
4 59958 1 64631
4 83196 1 71412
2 84939 3 41077
1 81035 1 67983
2 2770 2 23334
1 92125 1 69210
2 8310 1 83561
3 72489 1 47047
2 92238 3 73760
1 35464 4 69439
2 90243 1 25620
2 17656 2 47496
1 5627 2 81427
3 26865 2 4498
4 47120 2 10004
3 74095 1 39430
3 61459 3 46205
1 1215 4 76161
2 26516 3 75572
3 2343 4 24597
3 72772 2 48973
1 23501 4 6703
1 11481 4 76903
2 25212 2 44021
4 64115 3 1450
4 87165 1 97094
3 38552 4 68211
1 44706 1 13935
4 44322 4 23295
4 64229 4 32574
4 35733 2 31406
4 79002 1 79889
4 5734 1 2907
2 90849 4 47909
3 52224 2 65713
3 34403 2 3457
1 13885 4 18631
3 18739 3 43115
2 67687 3 11669
2 89025 1 47826
4 41395 3 94261
4 12051 3 92993
4 37370 4 11062
1 97031 2 7062
2 85824 2 91608
2 71253 4 87281
2 24947 1 42172
3 828 4 84419
2 46196 1 47107
1 97265 4 26335
2 44393 3 39794
4 18838 3 40106
4 14144 3 72166
3 36218 1 75348
4 34080 2 18997
1 54086 3 64057
1 84513 1 13069
2 83680 2 4782
4 96136 1 54658
3 88195 2 7009
2 61333 1 75757
2 16791 2 27400
4 12274 4 92894
1 62007 2 57075
2 78738 2 51353
1 37337 1 12254
4 6949 2 215
4 39412 4 63729
4 54654 1 57719
1 22043 2 28938
2 8070 2 9401
4 51084 1 22462
1 82826 2 7913
1 29456 4 56032
1 67493 2 77194
4 39088 2 86250
2 39498 3 76262
3 48117 1 32524
2 34435 3 89998
3 27226 1 49219
2 33818 3 29250
2 64786 3 66905
4 41983 4 54349
1 38679 1 85174
2 65887 3 19616
2 26502 4 73408
4 47316 4 80790
4 45549 2 87115
1 8862 1 444
3 76235 4 79667
1 35918 1 8374
1 85933 3 19810
2 11433 3 68751
4 67642 1 84208
2 28645 3 11353
4 32150 2 11499
3 77656 3 41700
3 37086 2 29459
4 86406 1 45779
2 12149 2 6292
3 6470 3 72334
4 73701 4 64591
2 54382 3 74871
4 67173 2 31797
4 40674 3 95962
4 38334 1 6622
4 42633 1 54370
3 14501 1 97075
1 96565 1 34609
2 59126 3 688
2 60961 3 56584
2 18351 3 30648
4 50828 1 33070
1 77675 3 34728
4 17921 2 44029
3 9165 4 88017
2 91209 3 7929
3 52132 1 18316
2 76344 1 86271
3 97100 3 94938
3 70464 3 16418
2 43072 2 75044
1 8854 3 83915
2 73160 2 42468
1 82501 1 40446
3 82428 3 31440
1 41257 3 24281
4 44519 4 7355
3 47275 1 75713
1 23508 1 2802
1 4405 4 42847
2 47515 4 1799
3 67365 4 91254
1 36607 4 29989
4 42553 1 69975
2 64616 1 12948
3 92860 3 25768
3 32240 4 88242
1 33721 2 92362
3 37100 3 33842
1 1830 2 93530
4 35442 2 94379
2 10339 1 76174
4 7606 4 63061
2 17539 1 18980
2 32881 4 16065
3 64664 3 13881
3 68548 2 20562
2 44464 2 39779
1 20405 1 19766
4 28612 3 6166
3 47754 1 41181
1 33603 4 96266
3 56691 1 97938
1 47901 3 1580
4 9020 1 9574
4 23761 2 31204
4 83391 2 69601
1 83089 1 21196
1 57662 2 22030
1 55000 2 20087
2 95906 1 38508
1 2451 3 97093
1 72668 1 43857
3 87523 3 77732
3 19647 1 65609
3 34983 1 53182
4 58199 2 1650
3 53654 1 39798
4 29154 4 41312
4 96852 4 93463
2 61875 2 59438
1 30369 2 65933
4 76972 2 47859
4 86224 3 29068
3 27561 3 25676
4 55225 2 53265
1 6505 1 26550
1 22029 2 61280
4 12799 3 93060
3 29182 1 12570
4 97549 4 8591
1 88815 4 75696
3 80210 1 52935
4 23450 3 57940
2 34332 1 51681
4 57553 2 94959
1 62253 2 41508
2 64919 2 17149
2 48373 1 25450
2 44553 2 53207
4 47066 4 41602
1 67847 4 81152
4 12829 3 57678
3 32906 4 39956
4 78975 2 25398
3 95502 3 49977
4 81617 1 90115
4 53456 2 62631
2 82057 3 24912
1 62217 4 41645
4 27023 2 67145
1 32980 3 90771
2 49949 2 60764
1 48817 3 60226
4 73895 2 39068
1 17559 4 28778
3 58874 1 35765
1 50090 3 48823
3 43041 2 56976
3 92505 2 75654
4 60389 1 51470
4 49542 2 66529
4 52111 2 31769
3 48795 3 3146
4 65752 3 22992
2 51385 3 9514
4 49136 3 77504
3 35835 3 49993
1 9577 4 45125
4 62088 1 49564
2 24188 4 77238
4 69374 1 9830
1 89386 1 45815
1 66269 2 6686
2 7149 2 1705
3 71278 3 56891
1 2611 4 77815
1 54696 4 10735
4 10061 1 35177
1 57861 3 15745
4 93198 3 51806
4 76509 2 56152
1 4631 1 95070
2 74731 1 72613
1 38078 1 54740
2 18484 3 72938
2 20219 2 26546
1 3808 2 7641
1 24535 4 82026
3 15492 3 48120
4 28932 3 19129
1 24961 4 56272
4 63235 1 2995
1 85075 3 45111
3 42623 3 77761
3 95160 4 93905
4 42740 3 26592
1 42484 3 73501
4 82841 2 43322
4 16260 1 25552
3 75102 4 2627
4 47917 1 24301
4 11997 2 37648
4 28392 2 5833
3 68486 2 64072
1 35802 2 45374
3 88131 2 36829
2 78716 3 8561
1 27915 3 23241
4 95787 4 89355
2 42846 4 52324
1 51426 1 96239
1 93842 4 91558
3 93001 4 15012
3 56478 2 75162
1 53604 2 26206
2 51212 3 79322
3 35452 2 80250
3 37452 1 24755
4 38689 3 41381
1 28645 3 84002
1 15053 3 57071
2 17167 3 77162
3 67880 3 47716
4 8376 1 30283
1 68380 2 91386
3 30220 1 34397
3 5734 4 19694
3 94106 3 50210
3 37349 3 22503
2 41948 2 16305
1 46955 4 20177
3 82414 4 91279
1 50321 4 6567
4 25701 2 10647
4 86254 3 33707
2 8494 3 57944
3 8696 2 26223
2 90284 3 72190
3 8711 2 2645
3 27727 3 704
2 11537 2 16633
1 88391 4 73597
3 52961 4 61703
3 38165 2 44607
1 35936 3 61265
4 20219 4 10209
4 59260 3 64648
3 28808 2 36436
4 77217 1 49814
2 53090 1 17469
1 21034 2 52655
1 16330 1 1862
1 2669 3 52633
2 80121 4 25214
4 74232 3 80641
1 46824 1 39869
3 15427 2 32038
2 40729 1 50335
2 25620 1 94136
2 50355 2 82315
1 88359 4 40125
4 68541 2 12878
3 39414 3 55030
2 11389 2 14980
2 79451 1 23082
3 75601 4 94563
4 2055 2 35237
2 36259 2 7030
4 46592 4 34018
3 6491 3 24207
2 33545 3 76928
2 34777 3 6670
2 28119 1 84031
4 53558 2 30059
2 88520 3 95029
3 48041 1 1004
1 749 2 92347
4 54121 1 45988
3 13753 1 68652
3 40021 1 2550
3 88871 3 22062
1 66399 4 85443
3 31436 1 66120
2 56042 2 61457
1 78010 2 28828
3 73566 3 83737
2 83270 1 27273
4 57587 2 37950
2 63013 2 72781
3 79481 2 35652
1 44864 4 10158
1 26941 1 44888
3 70285 4 63183
4 89400 3 41277
2 19342 2 23062
2 65665 2 89486
4 70741 1 44242
4 19022 2 1858
2 31679 2 8930
3 52012 4 47686
3 51306 3 19517
4 59385 2 47501
1 77838 2 74935
2 3222 4 63855
1 25842 1 51482
2 97825 3 79191
2 31627 4 34637
1 65737 4 70656
2 68365 2 30703
1 14386 3 24624
2 15613 1 68297
2 39564 3 38421
4 60355 2 16867
2 39444 1 4616
2 35414 4 14698
4 40642 2 13730
4 81495 3 21619
3 5089 1 71663
3 31473 4 81294
3 10515 1 27387
2 63197 3 9874
3 29794 4 94441
3 7575 3 12415
4 41611 1 69421
4 78045 3 60959
3 38594 2 43175
1 56604 1 80325
4 32056 2 96300
1 33640 3 76958
1 24792 4 32807
2 8535 2 5560
4 14094 1 27562
2 26016 2 7237
1 63111 3 65855
4 8494 3 54461
3 77174 1 48110
4 10375 1 30618
2 34474 4 37551
2 25170 1 34850
1 15270 3 5233
1 63404 2 29390
2 75548 2 22104
1 25323 4 13446
4 71682 3 88939
3 66268 1 75377
2 55056 1 49163
4 67616 1 76304
3 43093 3 5359
2 56761 2 86583
1 15627 3 12453
2 32021 3 87394
2 22833 2 10972
2 24285 1 67050
3 97046 3 43619
1 67377 2 10796
1 62625 1 23491
3 51127 4 33583
2 14135 1 39083
1 72446 3 93752
1 3861 2 8860
2 91706 2 82710
2 95465 3 64002
1 38741 2 33662
4 97470 3 79323
4 3460 2 37827
1 79077 4 73985
1 66080 1 81624
4 93931 3 25050
1 60853 1 34594
1 86403 1 52893
3 59222 2 10850
3 16236 3 15113
1 25662 3 33102
4 55425 1 69385
3 52554 1 79699
2 54963 2 6408
3 92061 3 21126
2 39038 1 3716
3 33317 2 71555
2 57967 4 15808
3 46086 1 86336
1 89474 3 72304
1 4122 2 45229
1 36128 2 9197
2 11684 3 5501
3 43748 2 50216
2 5903 4 12457
3 25983 1 71003
1 87875 1 54403
3 41218 3 52850
3 88567 1 23055
4 59476 2 10444
3 20431 3 62192
4 36637 2 18711
2 11458 1 11816
3 81782 3 89390
3 93127 3 46273
1 84451 1 68835
4 35721 4 93612
2 45734 1 81863
1 8998 1 34709
4 56447 1 39538
4 2526 1 42925
1 45590 1 12682
2 73081 2 88390
2 61688 2 97551
2 41869 4 5501
3 61591 3 87250
4 77237 4 64514
4 52496 3 24096
4 10118 4 59499
1 16535 1 94757
1 7915 1 61248
1 18853 4 69291
1 78188 4 84843
4 82050 1 27276
2 16326 1 33124
2 64442 3 83606
1 17665 2 50763
1 17464 1 32534
1 55480 3 38622
1 86318 3 43433
3 20197 3 21168
1 6013 3 74816
1 34405 3 19614
3 23126 2 68440
2 55854 3 1926
1 42236 4 1871
2 58061 1 36738
4 21064 2 10793
3 95230 4 76024
1 64250 4 8709
3 49251 4 72052
1 72839 3 80056
4 30088 2 56282
3 96434 4 70524
2 82753 1 48431
4 42097 2 27194
1 65232 2 60485
4 78122 2 5632
1 38808 1 50421
4 61549 4 45458
2 6454 3 54092
2 88436 4 77628
3 51304 2 3520
1 20791 1 33678
1 94172 4 90754
2 23881 2 70618
3 6690 2 57843
3 40009 4 47939
1 8513 4 43078
2 82801 2 83524
4 88239 2 83874
3 87834 2 3910
2 11196 4 68199
4 96242 2 34204
2 73533 2 36569
2 91057 2 27271
1 58572 3 2366
1 78660 3 70919
4 2127 2 1093
3 71950 1 32109
2 76995 3 12534
3 5919 1 62974
4 84077 2 73267
3 14779 3 80919
2 32585 4 77461
4 64579 2 85517
4 6082 1 78166
4 73737 3 29904
4 59705 3 68298
1 24851 4 36236
4 47896 2 45796
2 61156 4 51994
1 33329 1 90211
3 73864 3 72241
2 35646 3 60502
2 33410 1 10938
1 32663 1 13006
1 22222 4 76451
2 53269 3 78831
3 45474 3 24992
4 57991 1 60279
1 10952 1 3600
2 18450 4 88268
4 95551 2 95491
1 57679 1 23546
4 57781 3 13936
3 49034 1 27249
3 92289 1 76419
3 52568 4 92174
1 66250 1 70734
4 33425 2 1804
3 80944 1 27265
3 60491 3 74060
2 41711 3 69822
3 82858 2 62201
2 86884 2 13191
2 78952 1 17785
3 84657 1 1788
3 59694 1 74853
1 33098 4 36791
3 21599 2 74319
3 80746 3 2072
2 2437 4 54193
1 87783 1 41097
4 20068 3 85302
2 95304 2 62291
3 28207 3 29867
1 60746 2 66473
1 51362 3 91123
3 2647 4 86598
3 94711 1 89873
4 17680 3 20642
3 18826 4 45871
4 94764 4 52927
4 1921 1 35301
2 37337 4 46754
1 10035 3 39095
3 89832 1 9567
3 11849 3 70910
2 45696 2 5506
3 75740 1 11260
1 77401 1 73230
2 61519 4 80060
1 39372 2 57402
3 81259 1 4142
2 43138 2 24358
2 610 4 95003
3 11677 3 41004
4 27670 4 82135
2 77227 3 51061
4 84925 4 42025
1 18301 1 18251
3 6250 2 20858
4 64348 2 7979
1 2401 3 70444
1 81535 2 68706
4 40917 2 19147
3 74500 4 29653
3 58516 1 11891
3 790 1 54831
3 58565 4 30485
4 1224 3 39609
4 62086 1 5576
4 15132 4 40866
1 84671 1 32438
1 54424 1 38160
2 37017 2 5784
1 29857 4 86013
1 444 2 18580
1 66389 4 27944
1 4073 3 61806
3 71530 4 86242
1 20165 1 35106
2 41715 2 65965
2 92630 3 63522
2 68653 1 53691
4 53928 4 67446
3 76664 1 92825
1 19976 3 22389
3 38449 1 19549
4 14877 2 4445
1 8967 4 44817
1 50040 4 6146
3 41322 1 87345
4 45672 2 1533
4 76736 2 80059
3 63711 4 64974
1 72118 3 20139
1 79881 4 38078
2 39777 1 46448
1 16263 2 56433
3 65644 4 35339
2 55821 4 56709
1 86600 3 50434
2 40185 3 87669
4 71735 3 94514
3 15185 3 43869
2 19405 2 33938
4 46112 3 60392
1 15799 4 41373
2 25863 4 64997
4 76019 2 61889
4 24718 4 57726
1 44237 2 72924
4 18681 3 49175
1 67732 4 97537
2 80160 1 86008
4 57147 2 55590
3 5194 4 57640
4 22588 4 5009
3 24097 3 67907
1 87081 1 37096
2 52215 1 34506
1 56868 4 49816
2 48553 1 32742
2 49771 1 80864
2 16977 2 79520
2 71708 4 60679
3 75474 4 69332
1 11375 3 13339
2 82438 3 8280
1 22508 2 18652
3 38041 3 55119
2 61918 3 18635
1 31338 1 74401
1 89250 1 29989
3 52861 4 66102
3 66808 3 49693
2 11799 2 14553
1 38262 4 22233
4 67375 4 52230
4 38472 3 22055
1 46609 3 5235
4 94227 2 42045
2 61760 3 40876
1 86412 1 1590
3 30944 2 48827
3 62521 2 86682
3 38407 2 78515
3 48000 4 43113
3 87059 4 61854
1 7206 4 48590
4 87020 1 65694
1 49960 1 43253
4 37578 1 27159
2 209 1 46069
3 83572 4 86213
4 3894 4 77964
4 40739 1 93180
2 82888 3 35914
2 84317 1 91236
2 11147 1 51360
4 2766 3 3220
3 84063 4 26587
3 97216 4 91925
2 79904 4 76019
1 92271 3 49941
2 88828 4 883
2 90318 3 40736
4 12074 3 84287
4 93841 3 73889
3 16215 2 31542
4 50570 3 58738
4 58506 2 91802
1 73096 4 17203
1 9620 2 65392
4 67429 3 80075
1 51147 4 34981
2 77337 3 45778
2 92233 4 96951
3 56111 2 88588
3 88816 4 88922
2 10639 2 11710
1 68418 2 44953
1 16845 2 74964
1 37903 3 54394
1 29082 4 17558
4 95139 1 85344
2 27376 2 76657
4 49001 4 85675
2 86302 2 1817
1 41996 1 89183
4 89327 1 86430
4 2700 4 20620
2 47442 4 27629
2 1687 1 58071
2 17856 3 50749
3 80400 3 66925
1 38429 3 52995
2 36259 1 1848
4 5986 4 29818
3 86082 1 59523
1 60895 1 46145
2 39628 2 90693
2 95199 3 44946
2 76791 4 79672
4 39744 1 68925
1 83420 1 60309
3 68013 3 37704
3 3825 3 17014
1 75154 3 78190
4 55451 2 20510
2 24136 3 40326
3 37962 1 2068
4 80985 1 78081
4 45681 3 20364
2 55823 4 20111
1 5020 1 46306
4 68484 2 45854
3 34056 2 83159
2 97317 2 91230
3 77242 3 22619
4 30561 1 84366
2 68532 4 10960
2 69207 3 2930
2 56687 4 4746
3 53235 1 14686
4 78658 4 31880
4 12374 1 58962
3 17360 1 63470
4 57320 3 48401
4 70009 3 9445
3 74708 3 58573
2 14786 4 64792
2 32650 4 43032
1 84416 3 81043
1 5489 1 32129
3 92925 1 19507
2 136 1 68486
2 76982 3 90964
2 72942 1 4595
3 49663 3 56499
4 34688 4 48948
2 75828 1 27726
1 70668 1 31847
4 34686 4 72296
3 81016 2 83474
4 61726 3 79632
4 56386 2 59896
1 38523 3 7239
3 59932 2 61884
3 90813 1 68149
4 83637 1 37304
1 84598 4 21113
4 46717 3 51469
2 85030 1 89786
4 28017 4 45425
2 65352 4 5775
3 47696 3 22225
1 48060 2 2830
3 37594 3 47873
1 84172 1 2709
2 49802 1 19522
1 54056 2 70472
4 50961 1 4867
4 57345 3 21146
2 95895 1 23354
3 15136 3 73496
4 10825 4 92014
1 4393 4 31764
2 69632 1 59804
4 10464 3 87932
3 58314 3 80161
4 37203 1 95845
4 9992 2 43886
4 3802 1 43877
2 77483 2 19671
4 57319 2 83271
3 6281 2 24253
2 89055 1 2059
3 52784 4 68054
2 76284 3 34437
2 14737 3 75470
1 13781 2 18813
4 65829 4 5155
4 38686 3 94289
3 37417 2 76407
1 31894 3 77721
3 69945 2 41640
2 6738 4 8008
4 63417 1 61855
3 44777 1 91193
2 24384 2 49570
2 10628 1 38294
4 44601 1 97088
3 93367 1 88225
1 22497 3 8873
4 35718 2 24881
1 1409 1 36466
3 84521 2 32671
4 13409 3 90247
1 34269 4 32963
4 40297 3 17541
3 94277 1 53940
3 37602 4 81198
4 92452 3 19527
3 89102 4 14708
1 6748 4 15832
3 70662 2 23778
4 1533 2 64762
3 9746 2 34941
3 68466 3 20461
2 85787 3 80117
4 90862 4 8738
2 27471 1 62639
4 84675 3 92758
4 29710 4 46488
2 4971 1 72891
3 9572 4 22140
2 47420 4 23337
3 20780 4 72406
3 6126 4 25032
2 11286 3 49121
3 61060 1 63903
2 26476 3 15534
2 43939 4 34616
2 82509 2 58423
4 9066 4 78712
4 16748 4 8694
1 62519 1 36055
4 15442 4 66982
1 86348 3 23810
1 19376 4 82595
1 82861 2 24580
1 46544 1 78115
3 32038 2 52043
4 62990 4 6850
2 79637 3 49746
1 88981 3 50537
1 19403 2 42542
1 92893 1 76784
3 59471 4 11452
2 30833 1 60039
2 8339 3 14711
2 16203 4 34165
4 52480 1 59837
1 49939 4 61946
3 32806 2 40018
3 32288 2 11485
3 48478 2 70818
4 25379 4 89961
3 27410 4 87093
1 10871 4 37380
3 83594 4 36917
3 16348 3 92642
3 11776 4 72013
4 34834 1 73939
3 33140 1 88937
4 57783 1 88309
3 78674 3 50187
1 61247 2 85532
1 46794 4 5349
4 13665 3 32535
2 31555 2 50538
1 73403 4 40672
3 37299 4 32875
1 45526 2 20345
2 27467 4 55982
1 50341 4 70802
1 66582 3 46558
3 1992 3 65422
2 3581 4 4368
1 14286 3 27814
3 9627 3 81816
3 72433 1 49628
4 86951 4 19541
4 48508 1 23644
4 5605 3 89563
2 29809 3 31043
4 87715 1 60418
1 96564 3 84589
2 51896 4 70026
4 29561 2 68129
4 31903 2 3952
2 87980 2 38465
4 14936 4 21912
4 46614 3 23116
4 3275 2 75219
1 96716 1 63276
2 71618 1 45088
3 63567 1 80692
2 5632 4 32778
2 4738 1 51093
1 75697 2 17579
4 37474 2 3524
3 5084 1 34312
4 18738 4 25674
2 18142 1 49172
1 34022 4 13134
1 29708 2 94488
4 57535 4 36841
4 2973 1 10507
1 52302 3 126
2 96837 3 23391
1 79985 4 29976
4 62204 1 33032
3 7452 1 3531
4 47320 3 79071
1 2685 1 94311
2 39962 2 11145
1 65323 4 33588
2 27891 1 37031
1 7620 4 82667
1 27420 3 28427
4 59525 4 45719
2 93385 1 28872
1 65746 2 72447
3 8096 1 42798
2 40546 1 54196
4 89462 2 59243
2 57463 1 21525
4 45057 3 68234
2 2589 1 60188
4 80806 2 75242
2 2840 3 89055
4 8095 1 17981
2 6877 3 57078
2 42013 4 22687
4 80911 3 38789
1 77355 2 39040
3 53859 4 4190
1 42582 2 31682
2 65169 4 83270
2 83086 1 42355
2 2172 2 54912
4 71028 3 50408
3 26873 4 31759
4 45400 3 53368
4 78739 2 55596
4 87227 1 47764
4 38074 3 44500
4 78217 3 36817
3 35480 1 630
2 18830 1 97680
4 48086 1 24528
1 54034 4 53458
2 75227 2 61127
4 17057 3 84660
3 91701 2 79510
4 45494 2 55169
2 78518 4 13718
1 48829 3 24023
4 17316 1 67977
1 21300 1 44987
2 64013 3 60578
1 88029 3 73538
1 31009 4 4820
3 8410 1 69341
2 8383 4 91906
4 2791 1 77610
2 73445 3 55920
3 42374 3 59337
1 13751 3 29262
4 96282 4 2169
1 41798 2 85266
4 20055 4 31434
2 67499 1 7212
3 70465 3 51602
4 20475 2 14674
1 83113 3 28097
4 21530 1 44666
2 9049 1 40529
1 41230 1 62698
4 75243 1 1617
2 45045 4 70521
4 82339 4 86796
4 6802 4 46187
4 84438 1 79124
1 56242 2 42743
2 23679 2 51024
4 56454 1 84381
3 35219 1 36532
3 4701 3 75425
4 17633 4 77865
3 46517 2 10615
1 40506 2 6794
2 93013 2 15374
3 13559 3 77180
2 51927 2 19838
2 35042 3 7662
1 30175 4 73819
2 15303 3 90696
2 53577 4 43905
1 29912 1 56484
4 64642 2 90499
3 43819 2 1317
1 40165 2 24969
2 52834 4 7373
4 57389 4 13456
4 90527 1 15968
1 62331 4 14360
1 49039 2 39734
1 53042 1 73876
3 29479 2 83456
2 17624 4 49614
2 80472 2 63863
1 88890 2 5176
1 81648 1 8080
3 82578 3 70100
2 3274 2 24490
2 65482 1 52433
1 84534 1 63558
4 47981 4 72629
2 79489 4 38350
2 38684 3 8349
4 19717 4 84302
3 17223 3 63185
1 57141 4 88049
1 8059 3 50860
3 28351 2 9021
1 56100 4 20876
4 29691 4 23793
3 51635 3 76766
3 80425 4 25262
3 8751 3 27034
4 87890 4 18623
2 59941 3 75928
3 87124 2 11724
4 44233 2 3464
3 74472 2 38405
3 28018 3 6411
3 59711 4 26425
4 60555 1 41490
2 68205 3 27353
1 5071 4 90408
2 72347 4 74289
1 55236 3 95857
1 72135 1 74180
1 76907 4 77856
4 60312 2 69495
3 12139 1 13929
1 2082 4 9480
1 62190 2 48490
4 82981 4 7378
1 33520 1 23036
4 93177 4 90289
3 59272 4 83627
4 59689 3 64415
4 28546 2 48646
4 84368 2 38302
1 9691 1 61786
2 92762 1 80585
3 46362 1 32853
1 90739 4 22317
1 24162 2 83778
2 51344 4 3901
2 52615 3 46095
1 82275 1 14873
1 54132 3 80621
4 55266 2 1419
4 80023 3 74037
2 38385 4 23586
1 51247 4 9612
3 14016 2 90172
1 56640 3 64392
4 60860 4 75816
1 36422 2 19915
2 95615 2 12239
2 24242 3 83996
4 67760 2 10633
3 44595 1 60803
4 88339 3 54948
2 5846 1 55478
4 10671 1 45524
1 18963 4 40147
3 80951 2 1797
1 77041 4 60712
3 58794 2 46688
4 59604 3 83163
4 5377 4 12097
2 34789 1 86284
1 96154 3 83839
4 84936 3 26352
3 95476 1 58762
3 90352 1 28179
4 70152 4 90288
1 76409 1 17002
2 26304 2 3732
4 95302 4 6608
4 63746 1 93603
1 9721 4 60577
4 30054 3 22857
1 78844 1 84636
1 18076 2 79737
4 3542 3 89496
3 10908 3 1455
1 85258 1 16149
2 33835 4 64996
3 45077 4 15979
1 31460 1 5707
4 20778 2 50982
3 44328 3 22185
4 9865 3 3439
1 4061 1 60957
3 33284 1 85118
1 94200 1 70357
3 53257 4 23170
1 82708 2 61540
3 60048 1 44775
4 20234 2 78654
4 29291 4 11691
1 60212 1 41563
4 23747 4 61460
1 89493 4 96905
4 35376 4 63491
1 31135 2 70402
3 86074 3 3067
3 31093 2 9099
4 5458 2 80217
4 29863 3 74989
4 45151 1 2589
3 25770 3 41972
3 11054 3 35052
2 96889 4 48007
2 72306 4 37525
1 47243 1 15812
4 88253 2 9152
2 31562 2 39340
3 86352 4 15058
4 32195 2 10044
4 26235 4 32160
4 88095 3 41203
3 81545 3 6489
3 80150 4 15570
2 59239 2 81803
1 39523 3 1375
3 58401 4 38518
2 67146 2 60421
2 14656 3 69885
1 72260 4 78858
2 86731 3 78321
2 62928 3 74269
1 55595 3 70931
2 30051 1 13322
2 33625 1 50271
4 76240 1 14797
1 45369 1 63181
3 25532 2 49846
2 40916 1 85252
3 96714 4 67373
4 85056 1 83810
1 36209 2 26381
2 61265 2 59559
3 26518 3 14917
1 37374 2 15251
1 84983 4 2282
4 25080 2 85503
3 57205 1 78939
2 32238 1 58876
3 66194 4 70267
1 84917 1 29193
1 29782 3 92272
2 52646 1 51085
2 486 4 11170
4 60481 1 65545
3 51358 3 79322
2 2202 2 49108
4 21799 1 3125
2 68658 4 15372
3 62836 2 56916
3 59058 2 28082
1 24232 1 10194
2 49277 4 95538
2 38134 4 82322
2 48902 2 49580
1 80535 1 87586
2 19395 4 95112
4 55032 2 32253
3 79907 4 4739
4 50318 3 5247
4 50050 1 77269
3 3769 3 2970
3 51859 4 93398
3 53911 2 63980
4 65389 4 24179
4 80245 1 57409
4 52267 3 24171
4 10645 2 15206
2 22199 2 82297
3 41517 3 89069
2 93862 2 50814
3 50425 4 620
1 46665 2 45491
3 64264 4 3853
1 40042 2 41077
1 72136 4 84730
4 52003 3 37458
1 90058 2 9824
3 58177 2 92333
3 24179 3 87183
3 9191 3 92271
3 63857 1 19869
4 73446 2 41304
4 86820 3 6993
2 60170 1 47087
1 2281 3 48747
1 2163 1 19699
1 72065 1 42356
1 8769 1 3998
2 48607 1 78153
1 43006 4 70315
4 93576 1 91590
4 21406 3 57910
1 67312 3 35098
1 37562 2 11358
3 72244 1 74431
1 35709 3 4940
2 33905 2 27968
3 3032 4 5221
1 14095 1 9658
4 81822 4 44798
4 64845 1 8728
3 66810 2 18150
1 93346 4 32833
2 90801 4 71047
2 36711 2 72224
4 19766 1 30927
3 96137 4 28187
2 65400 4 60441
4 71852 4 4853
2 21480 1 53786
1 6588 1 32142
3 3569 1 52228
4 22815 2 20947
3 60165 1 56757
3 2511 3 17648
1 76634 3 59429
1 4157 1 48532
1 60757 1 65938
1 51753 2 55981
4 50639 2 344
3 37890 4 97740
4 46748 4 10056
2 90257 4 4612
2 92565 3 71081
1 77134 3 40860
4 53660 1 36046
2 16873 3 87811
3 55733 1 72361
1 3210 4 51986
3 60446 1 11372
2 60654 4 60077
4 48567 1 43370
1 4608 1 61479
3 67336 3 60216
3 18639 4 22504
4 89378 2 67441
4 35214 3 26495
1 84583 2 41893
2 65962 3 26698
3 13482 4 44671
3 9472 3 50956
2 78954 2 36835
3 41613 4 94101
2 96188 4 93
4 43782 4 61993
4 68960 3 35191
2 57649 4 92648
3 75615 1 9710
2 83498 1 21678
2 42276 3 8332
2 55168 2 49992
4 79532 1 62471
2 45199 1 34319
2 43808 4 19219
1 83635 1 34803
3 5495 1 80697
1 20356 3 29071
4 32580 2 12049
3 21083 4 35734
1 93447 3 68694
2 11296 1 78193
4 37410 3 1644
2 34540 3 94743
1 3011 4 46660
4 88307 2 59161
4 46513 3 2286
2 18245 1 70881
1 52328 4 22026
1 46952 4 50692
1 92224 3 3435
4 95898 2 7696
1 86107 3 6586
3 84737 3 93047
2 97239 2 64892
3 25489 2 35958
4 3077 1 22362
3 15314 1 43496
1 10935 1 39307
2 65706 1 56755
4 59165 4 30874
2 79708 2 13866
3 40745 1 48847
4 9755 4 54981
3 81011 3 32659
1 90811 4 23806
3 40158 3 83310
2 5063 3 53012
3 95617 2 90813
4 29040 3 89780
4 16529 2 43078
4 61520 2 25521
1 82181 3 89681
3 48953 1 43669
4 8140 4 47776
2 7992 1 45518
4 57470 2 77359
3 37238 3 6727
4 75286 1 13286
2 91632 3 13492
1 44035 1 21210
1 22463 3 59938
1 94063 2 62887
3 85910 2 45200
2 35975 3 971
1 43680 1 46048
2 77661 1 80843
3 96050 4 21744
4 52097 4 22532
1 94989 1 80317
3 85455 4 13842
2 35577 3 19985
3 981 2 11063
1 32523 2 3856
2 62204 1 64865
4 53757 2 76844
1 24230 1 62299
1 1703 3 55698
4 83987 4 76182
3 13515 1 45918
1 28032 1 27557
2 65946 1 3617
3 51013 2 37215
1 60585 4 9552
2 27149 2 25975
4 36214 3 68078
3 63610 2 97628
2 81726 1 89983
2 81742 1 81983
2 83479 2 2839
3 35143 2 8124
4 22153 4 40275
4 77081 4 29955
3 86234 4 29654
2 54367 3 45918
3 85670 2 9463
2 59615 1 82345
3 57973 2 79892
2 36827 2 11626
1 59604 3 6643
3 32942 1 39281
2 17103 1 22837
2 25577 2 85332
1 75982 1 53640
4 17611 2 43900
2 83000 1 83582
1 21744 1 73799
3 1845 2 443
3 90556 4 92470
1 38542 3 63212
1 68007 2 81546
1 39588 3 26003
2 46434 1 63203
3 73509 2 50824
3 92122 4 28792
2 24831 3 49223
2 12899 4 17268
4 22935 2 93745
4 22728 2 1987
3 13008 1 82683
1 73002 3 27381
4 19317 3 31470
4 28289 3 78605
3 88335 4 5760
1 76327 3 23533
4 83652 2 34770
2 43503 3 71077
1 57851 1 63447
4 22882 4 25501
1 24445 3 18312
1 35541 3 5969
1 36493 2 86916
2 43592 1 4685
3 37038 4 75084
4 58025 3 30075
4 96548 1 62877
1 9147 1 89773
4 47687 2 89737
1 73368 3 69620
3 23139 2 44798
2 21850 3 13382
1 61660 2 2090
3 43757 4 83246
1 75391 1 52577
2 76341 4 63118
1 95431 3 61777
2 75001 1 15892
4 35944 4 32882
2 64899 1 40365
2 54140 4 82750
1 63497 2 69555
2 95652 2 17524
4 77384 1 78483
4 95325 1 40874
2 45377 3 63813
3 56188 2 75292
3 88249 1 50830
3 20328 3 8488
3 63354 3 6134
4 92874 1 52696
1 78137 3 94393
1 208 3 29470
3 33129 1 42704
2 52125 4 56488
2 47103 1 50307
4 41742 1 2450
2 92191 1 87601
2 95392 2 62455
4 38967 1 58552
1 75070 3 97917
4 94428 3 2250
4 88112 1 41796
2 48350 1 24255
3 57769 3 64985
2 93513 3 73901
1 8398 2 50247
1 78646 2 4928
4 10728 4 82706
1 80590 3 51463
1 77224 3 52242
1 16356 2 38847
3 85107 3 12129
1 8207 3 28308
1 15179 4 10138
2 42522 4 63378
3 76455 2 42761
2 61037 2 35941
4 55152 3 13630
2 44607 2 35568
3 45808 3 72359
1 95124 1 72172
4 59550 1 73058
4 28950 4 66053
4 90535 1 59915
2 51645 4 80393
4 74773 1 49938
4 68537 4 65701
2 20830 4 37372
3 37617 4 25264
3 78792 2 77934
3 56525 4 76806
1 20824 4 31518
4 10448 3 93204
2 58655 4 26613
1 43550 2 11826
1 33966 3 36086
2 65255 2 26624
2 33036 2 77590
2 6450 4 83590
2 20331 2 45912
3 49668 2 21238
3 18389 1 80154
1 50491 2 43585
3 46440 4 97619
2 63028 2 66616
2 80054 1 80017
1 69040 4 87175
1 92755 2 70531
1 25633 2 32162
1 60590 3 29881
1 22002 4 66092
1 2772 1 23422
1 30897 3 13744
3 94421 1 80247
1 56583 1 27937
3 57327 4 69018
4 63369 2 76145
2 86907 1 82918
4 1423 2 89655
3 77887 2 5044
3 77054 3 79537
3 7209 2 62668
1 12965 2 80489
2 42661 1 90959
3 14319 2 34162
4 13894 4 4209
3 25234 1 51639
2 63892 1 42630
4 7646 3 26962
2 72267 3 6823
3 72233 3 41676
3 57165 2 91927
1 18886 4 74645
1 75603 2 87318
3 67222 3 62471
3 19327 1 31806
1 36972 3 62875
1 51562 3 18245
2 88349 2 1536
4 35183 4 11685
2 59660 1 61386
3 73239 3 60751
2 19637 3 25
1 2650 3 27459
2 7338 4 82906
1 29777 2 14338
2 11012 4 76728
4 68415 2 40445
1 71718 1 49889
4 80623 1 76053
4 84077 1 62115
4 88553 4 29718
2 45710 4 10215
3 35677 3 20598
2 74188 2 55531
3 76658 2 42352
2 13060 1 16965
3 80700 4 68448
2 13566 2 81739
4 50526 2 54952
3 36457 1 9285
4 29267 1 51362
4 52593 1 7631
3 49149 4 17523
1 65681 1 24648
2 63649 3 3838
2 66032 1 16563
4 95624 2 36634
1 13433 4 66764
2 82029 4 19212
4 54491 2 65250
3 9458 4 63286
1 56304 2 55461
3 29096 4 28144
4 51384 4 78194
4 17366 3 67180
3 87672 1 11229
3 59298 2 7696
2 41562 2 82356
4 21812 1 59296
4 76516 3 62996
2 28726 2 91357
4 65274 4 68964
2 30852 4 49282
1 76015 2 87721
3 12865 2 31890
3 31308 4 79246
4 76343 2 77397
1 84962 2 28976
2 93161 4 5902
1 86656 2 10549
2 38908 1 32583
4 39546 4 39292
1 14180 3 39561
4 38828 4 65880
4 35250 4 85002
1 47762 1 51068
2 5179 1 33763
2 33649 4 40684
3 51486 3 32584
1 33317 1 97272
2 29716 1 65355
2 12005 4 38566
3 12728 2 71215
1 68850 2 17848
2 7066 3 43233
3 12068 2 35952
4 70487 2 55697
3 71610 2 4867
2 18457 4 80135
1 66204 4 81670
4 92729 2 42931
2 39958 1 95902
4 4175 1 80408
4 76797 1 83313
2 40816 4 15035
1 77419 3 25361
4 4729 4 81234
3 19819 1 60408
4 6377 1 7578
4 69352 1 56400
1 62299 2 52844
1 60321 3 36014
4 28761 4 56088
3 18264 3 76960
1 62946 4 25143
4 32200 4 34974
1 89909 1 11070
2 29790 3 22819
4 4016 2 21384
3 21167 4 78791
1 57879 3 92812
4 4335 4 63729
3 56621 3 58497
4 45627 3 89467
2 53441 3 75359
4 21586 3 49167
4 12692 1 19195
4 19620 1 38707
1 90591 1 64599
3 16090 3 16585
4 6805 4 86698
2 25722 4 33973
2 27673 4 90695
4 21792 3 31375
1 14502 3 38675
2 84722 2 63530
4 91190 1 59135
3 96396 1 41689
1 84516 1 61164
1 45928 3 87251
1 23394 4 65037
1 93963 1 43054
1 51442 3 33734
2 91838 1 60348
1 93566 1 60975
3 38729 1 2930
1 55147 4 80440
4 16307 2 78594
4 40828 3 96100
4 85603 1 83517
3 82356 2 35570
3 30300 2 85659
2 19849 2 4273
4 440 4 36073
1 54903 3 93344
3 33169 2 5111
4 9833 1 26372
3 82576 2 31309
3 61843 1 32983
4 32092 4 79164
4 37820 2 67756
4 893 3 1734
2 75086 2 51259
4 93147 3 60971
4 11925 1 96789
4 39024 2 15682
4 65994 3 7053
4 86148 2 71072
2 42369 3 55394
4 6010 2 74843
1 66619 1 35291
4 63115 1 72202
3 64428 2 36959
1 37947 1 31941
3 71450 3 27682
1 24902 2 53874
2 28176 2 51088
1 78268 3 46121
2 32089 1 73468
3 10011 3 39240
2 80723 1 71713
2 39035 1 13740
2 91307 2 7929
3 60089 2 15931
1 69598 4 80931
2 8901 1 31904
3 12519 4 57017
3 44091 4 42131
4 2803 1 26417
1 36749 4 56533
3 67209 3 85968
4 67606 4 46917
4 78296 3 49074
4 38155 1 83396
2 26286 3 14217
4 67613 4 72609
3 15602 3 30572
1 57031 2 81603
4 76888 2 7007
4 8176 2 56092
4 46609 4 67988
3 87688 2 85337
2 91847 2 56270
4 44745 1 48620
4 85842 3 27964
1 29360 1 11940
4 47993 3 70395
3 47153 4 81065
1 2666 4 55163
1 33960 1 49056
4 70172 2 52998
1 30087 1 84876
2 72531 4 66337
4 38840 3 58953
3 96165 4 8445
1 52999 1 8699
4 28411 4 59480
3 77676 2 73754
1 79226 3 27076
4 86530 4 86439
2 5442 4 10791
1 34760 2 62354
3 86531 1 42766
4 50380 1 90522
4 95067 3 65213
3 33326 1 2058
4 2265 1 45009
4 16434 1 51290
3 52616 1 84970
1 2448 4 59190
2 52135 1 79434
3 2683 4 79109
4 43771 1 65473
4 535 1 76914
2 87908 2 7310
4 6754 3 28358
1 90242 2 40255
4 77260 2 57330
2 86720 1 45423
2 37540 2 57486
3 20568 2 57249
4 32415 4 82902
2 26216 2 67633
4 57328 4 45765
4 31256 2 59668
3 47589 1 70405
2 57452 3 65015
2 79295 3 33620
1 44060 1 12874
3 94410 3 18962
3 14364 3 24858
4 35610 4 6453
3 45452 3 65475
1 12446 1 40384
2 63834 4 94962
1 87867 1 11505
2 96618 3 58277
3 17226 1 96671
2 28574 1 861
2 29340 2 85364
4 6322 4 37608
2 10407 1 70178
3 65371 3 16665
2 97912 3 76167
3 29339 1 29186
2 41843 1 40199
3 88497 2 23330
3 28717 3 11821
3 89415 4 31777
4 5031 1 2932
1 68157 1 78253
3 17657 3 48298
3 94705 3 17893
1 24068 2 55006
4 89983 3 10966
2 58040 1 41481
2 15251 4 5307
3 16977 2 89214
3 49033 2 68079
1 30305 2 49711
2 14986 3 13074
1 93975 4 43353
1 17197 4 27776
3 21573 3 14632
4 26340 2 50331
2 67037 1 60136
2 56084 4 7481
4 95699 1 41406
2 79134 2 49155
3 30242 2 9933
4 95439 2 53112
3 55923 2 47022
1 44306 4 7306
4 64519 1 12400
4 29410 1 66386
2 76389 2 41476
3 65754 3 33880
1 86870 3 16348
4 91900 4 79931
2 68974 4 6917
3 34584 3 58967
2 9626 3 16403
4 52822 4 3288
4 34440 1 23665
2 83237 3 43922
1 24176 3 2162
4 80483 2 11281
2 64865 1 93832
3 11081 4 30137
4 42935 4 76468
4 1757 1 12844
4 53744 4 57372
3 22205 4 72450
3 74934 4 37872
4 94210 3 6121
4 88623 2 80382
1 93973 3 53089
2 59328 1 17399
2 65574 1 17585
2 28611 4 15849
2 26154 4 53240
1 74980 3 80501
3 42471 3 27925
2 72513 4 42895
3 18155 3 75147
3 21539 2 92231
4 14862 4 73178
1 5788 4 54635
2 20195 1 7997
3 57436 3 86966
2 38165 4 71739
4 88986 4 40232
1 89951 1 53303
1 12863 2 61839
2 9480 4 34707
4 55842 1 4253
1 20584 3 78574
3 16971 3 55839
3 88057 2 73196
4 25298 1 6689
1 47419 4 18108
2 24963 1 27750
1 22205 2 83373
4 34684 1 58116
1 26503 3 26260
3 88946 4 78460
4 18522 3 52188
2 71903 2 84998
4 1231 3 67804
1 90569 1 80234
1 18506 2 97775
1 24489 3 77898
3 69818 4 73103
2 84316 2 726
1 46893 4 39380
2 84168 4 37785
2 4024 2 64385
4 97841 4 68910
3 13298 2 72759
2 94607 1 22754
4 60791 3 50624
2 57098 4 4552
4 76232 4 72674
3 23175 3 78582
2 88357 3 48549
4 33920 1 1722
1 25247 3 88485
1 52080 3 36212
1 63948 4 49674
3 53287 4 40646
1 1631 4 79990
4 27002 4 18794
4 1461 1 76831
1 53087 4 27060
2 20814 4 27880
1 69924 2 75080
1 34619 4 97474
4 28890 4 73743
3 997 4 13385
3 72444 1 66906
1 43165 1 7397
1 16522 3 78797
3 36946 2 79893
3 20270 1 75137
3 26699 1 21693
3 46246 4 42212
3 40574 4 12328
2 85744 1 88353
2 60378 1 18594
3 84641 2 3968
1 20230 2 77815
2 40296 3 19988
2 58159 2 19123
1 1756 2 4479
1 24749 1 5713
3 16580 4 56029
2 88723 3 29827
4 73544 2 47565
4 4794 3 60678
2 92722 2 8221
2 60874 1 44160
1 38474 1 95418
1 33146 1 45968
2 23066 3 23039
2 23307 3 82325
2 74321 2 21269
2 51826 1 79169
2 24169 1 60232
3 18029 1 66499
2 68122 1 49090
4 66335 2 44809
2 43114 1 37797
4 83329 2 78768
1 27160 4 38029
3 52475 4 6966
4 81513 3 27845
4 55606 4 67488
3 80617 3 55892
2 87920 3 24830
1 60240 1 86597
3 74270 3 88626
4 75581 1 95391
1 59785 4 85344
2 34643 2 85615
1 40698 3 96046
3 81201 1 19300
4 55845 2 83025
4 65123 3 74639
1 86515 3 21336
4 17661 3 33387
4 53137 1 54356
2 27001 1 68450
4 32281 4 38259
2 93099 3 24094
4 3005 1 64042
1 42049 4 4279
2 19809 2 67706
1 45607 1 19743
4 82423 3 43150
3 91649 1 78651
4 3616 1 96432
2 57815 4 93739
2 40103 1 37238
4 43521 1 23112
3 78580 1 8
2 10658 3 18097
2 37688 1 16856
3 17017 4 15498
1 4350 2 66910
3 16181 1 23003
2 59063 4 48258
4 9503 3 62549
4 78974 1 56920
4 1922 3 53298
3 57533 4 56351
2 90097 3 46111
2 3738 3 20869
1 17991 1 76140
4 82642 2 16449
4 41765 1 87707
1 50133 1 48314
1 17314 3 7737
2 80234 4 18660
2 85267 3 1358
2 15512 2 79445
1 64421 4 25734
3 38117 1 25660
1 68619 4 34784
2 65039 1 29307
4 95334 4 2265
2 56671 1 23870
3 88181 3 51078
1 72935 2 43005
1 79782 2 97699
1 32760 2 11949
3 65994 4 94734
3 48292 4 26383
3 79526 4 26579
3 52165 4 25277
1 36381 1 2441
1 47252 2 47250
1 20803 1 28912
2 2980 1 64462
3 44829 1 24508
3 13744 4 44035
3 19317 1 47104
4 10037 3 89473
2 85185 3 39289
2 42853 4 94250
1 17251 4 95177
1 5940 2 7953
3 41309 1 27262
4 24292 4 25023
2 67739 4 67374
3 1622 3 67864
3 91699 4 29800
3 81780 1 37469
3 4261 1 4224
4 15023 4 30070
4 71789 4 86833
1 92280 4 40026
1 33487 4 37503
2 78665 3 44494
3 72950 3 25846
3 4904 2 61418
2 95893 3 16659
3 74365 3 55266
2 76882 4 52938
2 8631 1 38291
2 1752 4 32467
4 73805 2 13798
1 72 1 94970
4 53792 4 86715
2 2270 3 29271
2 93308 2 11048
2 87522 4 57068
4 49899 3 87624
4 50089 2 79780
4 33971 3 18773
2 37826 4 22617
3 15546 1 91446
3 1671 4 52355
3 72292 3 45813
4 65590 3 19056
1 16306 2 65741
4 85974 4 55743
4 39289 2 31174
2 18205 3 59570
2 63435 1 68331
3 45679 4 81911
2 35497 4 14918
1 21516 2 80813
3 28020 2 96339
2 41751 1 25510
1 21866 4 6623
4 61513 1 6935
4 2554 3 86899
1 79888 3 72243
3 10998 3 87501
4 54992 1 63754
3 62326 1 94673
3 64940 3 12919
1 64470 2 71433
4 61240 2 78898
1 72397 1 10089
1 66826 2 93195
2 5200 2 33257
4 43731 3 49254
1 75490 1 80699
2 52038 4 47775
2 59513 4 70390
1 54017 3 32749
2 41682 2 52523
4 75515 4 52220
4 40166 4 86515
2 5895 3 21747
4 14361 3 86279
1 48047 4 21781
4 48696 3 59444
2 97481 4 37219
4 11466 4 9982
2 69005 1 14767
1 44517 4 41976
1 18296 4 60197
2 52030 3 97424
3 52911 1 7746
3 62115 4 46080
3 14538 3 39381
3 64276 4 85057
1 44305 2 68524
3 93116 3 80273
2 5148 3 53512
1 58767 1 82581
4 54340 4 14219
3 76228 2 52329
2 51768 1 44982
4 54355 4 12840
2 48155 4 54765
3 37891 1 48455
1 11213 3 6363
3 40279 4 38105
3 58429 2 1063
1 50984 1 6624
4 73888 3 64807
2 87166 1 68633
4 51521 1 49592
3 89519 2 5389
2 52268 2 76796
1 25300 2 1498
3 46601 1 91461
1 83283 1 25522
2 97892 4 22093
4 91198 4 6944
4 35947 1 17794
3 25955 3 8185
3 75716 1 97185
2 24267 4 73958
3 83932 3 86704
2 42728 1 66094
4 75545 3 81332
3 58166 1 58997
2 55014 2 49455
2 59396 3 16495
2 46511 3 26640
4 22326 1 28251
3 14570 2 59167
3 51567 3 45536
2 87932 1 3514
1 86245 1 58744
1 53576 4 35792
3 86853 2 40082
4 86682 4 66241
1 42117 3 38477
4 31832 2 97677
4 49175 2 92471
1 53762 4 97768
4 86267 4 3523
3 65431 1 1771
3 12503 2 91474
4 34380 2 54362
1 60866 4 68991
3 88599 3 25560
4 67077 1 13277
2 68714 4 51004
3 41743 4 7520
2 80093 4 24562
4 60168 4 21296
2 41902 4 12622
3 2503 2 23504
4 31317 2 70025
1 85543 4 32385
4 32776 3 46071
4 88559 2 90216
2 94192 2 20372
4 81574 1 30783
4 31392 1 5288
4 54177 1 73296
4 42080 4 41064
3 49808 1 31097
3 8340 2 18833
1 29235 2 29252
2 91429 1 82156
3 74631 1 14389
3 71583 2 92118
1 73160 3 76795
4 29932 1 68746
1 30598 1 92956
4 92337 1 60565
1 16095 3 60626
3 20880 2 911
4 15813 4 53579
4 16435 1 71641
1 43780 3 79563
2 65908 1 49453
2 84416 4 5804
4 77564 4 24830
4 96348 2 95598
1 72450 3 13569
3 86901 1 51101
2 88744 2 34761
3 11511 3 6890
1 86524 2 3533
3 6062 4 16222
2 57433 2 42392
4 72111 1 75516
4 79428 4 7157
4 45441 4 17236
2 96259 3 64307
2 97930 4 48496
2 91608 2 32889
1 78332 4 24837
1 5442 2 41165
4 41931 1 66119
2 30037 4 948
2 67655 2 76967
3 22532 4 88971
4 25380 3 97293
3 39351 4 37431
1 57383 2 35607
3 95198 4 33177
3 24530 3 80615
3 48059 3 23523
1 82559 3 3054
2 83438 2 19944
3 95625 3 36258
4 2948 1 84374
4 76079 3 41444
1 94947 1 74413
4 35698 1 7186
1 30176 4 90085
4 61800 4 53450
2 55208 1 48483
2 26114 2 19373
4 89539 4 54181
3 27169 1 89363
2 75903 4 52549
2 46120 4 63399
3 23334 3 95106
2 41026 4 43892
4 3242 1 16227
2 32933 2 94309
2 43716 2 26093
4 58298 3 67407
4 55212 3 17728
4 97940 3 46032
1 30173 1 65178
1 71776 1 17232
3 51750 2 282
3 83002 2 35764
4 15084 4 66116
4 26014 3 56234
2 21733 1 46468
2 78574 1 44437
3 82761 3 42363
4 12571 2 70368
2 38313 2 12359
2 63167 4 6853
3 63477 4 51458
3 7541 2 87689
3 68556 4 31393
1 13949 2 20372
1 53363 1 3955
4 50503 3 33080
1 1711 2 55385
2 87940 1 8773
2 74532 1 32591
2 30213 1 93970
3 35509 1 15962
4 30392 4 33002
1 88843 1 14460
4 34469 1 65851
1 18191 2 50551
2 28476 2 90906
3 66932 2 60432
3 49866 2 9569
1 29853 2 87028
1 35250 3 17759
4 1393 1 61487
3 67663 2 65471
1 55799 1 49936
2 83737 2 42597
2 63878 2 72384
4 18826 1 57042
3 5085 2 37621
4 85406 4 47024
3 29166 2 57542
4 91465 4 93541
3 64185 3 78656
1 81936 4 30920
1 50129 1 53149
3 10520 3 49104
2 6129 1 84545
3 23852 4 48419
1 14537 1 33650
1 50112 1 3105
2 88000 3 30486
2 63829 3 13767
2 7577 4 77863
2 47412 1 6158
2 13465 1 84977
4 97799 1 78563
4 57023 4 92161
4 45102 4 13449
2 70808 3 25314
1 22385 4 38833
2 2496 1 85762
3 82842 1 19332
3 29055 1 60131
2 86825 3 6181
1 11910 4 56328
2 77813 4 86785
1 1806 4 87329
3 30073 2 30004
1 17362 2 49941
3 88602 1 32089
2 16980 1 18132
4 44826 3 81242
1 91843 2 60608
2 92884 1 20118
1 52561 1 73548
4 10439 2 68578
2 34079 2 71227
3 67618 4 17452
4 53000 2 54850
1 29854 2 78063
3 97227 3 21677
3 28764 4 39706
4 70875 2 45026
3 76984 2 57742
1 26973 3 14122
2 68542 4 61665
1 65473 1 17599
1 27744 2 18970
4 20039 3 85481
4 18146 1 36945
3 72127 1 57684
3 8815 2 23011
2 84305 2 74247
2 93939 1 19245
2 12197 1 20967
1 10794 2 45201
1 37713 3 2742
1 80740 3 52070
2 34845 3 5233
4 35749 3 56344
1 22707 2 4790
2 89841 3 80561
3 97311 2 61979
2 20807 2 74078
4 265 4 57337
4 85943 1 70098
2 57290 2 96597
1 55464 2 34649
4 32536 2 65195
1 21968 3 13304
1 84120 1 92415
2 73254 1 96936
3 31947 2 34667
2 67858 2 14375
2 15689 1 46180
3 46237 1 79751
1 93274 2 27209
4 80908 3 10647
2 73800 4 24452
3 1272 1 75697
3 67606 1 59223
3 63083 1 77114
4 52198 4 86601
4 17815 4 31000
1 56599 2 76186
3 14742 4 77227
2 67252 3 33242
3 74224 3 12946
2 26052 4 50772
2 57808 2 22570
3 43695 2 48957
4 63665 2 81781
3 4954 4 77687
3 86839 4 49241
4 10820 1 27735
3 66360 1 39201
2 3304 4 93863
4 5671 3 19804
2 63801 2 27734
2 96748 2 80408
4 59362 1 83397
1 65385 3 17315
4 85837 3 49541
4 28845 3 21396
2 15543 1 13857
2 41433 4 81868
1 77188 1 81895
4 54982 2 9320
4 5552 4 94801
4 38700 4 294
2 80963 2 87988
4 26902 4 63688
3 15651 3 36888
4 37697 4 92517
2 4577 3 69514
2 88099 3 30071
4 67319 1 46192
3 69588 1 24732
4 46958 2 16369
2 89022 1 38697
2 97629 2 28832
2 62027 2 57658
2 46277 3 60714
4 57175 2 5589
4 25873 1 27773
3 73724 3 11622
3 69297 4 82445
2 30152 3 11623
1 70984 1 16242
3 50715 3 5847
4 14298 1 79966
2 12464 2 52405
4 29322 1 10285
3 17621 1 93567
2 87105 3 37176
3 78588 1 88459
1 81390 2 20501
2 90723 2 75397
2 3571 2 49329
4 27870 3 45726
4 73799 1 96082
4 85553 2 86612
1 56754 2 19396
1 66942 4 69285
1 42086 3 3382
3 57096 4 93367
1 92365 4 55028
2 20546 3 75633
2 37881 2 87904
1 2548 3 53185
1 83907 3 25141
3 62547 3 27858
4 1687 1 40709
3 9096 2 59210
1 62720 4 29176
4 20629 3 88288
4 15937 2 8657
3 37569 1 68706
1 75795 1 12117
2 11412 1 57621
4 63144 3 45388
3 66865 4 21514
2 12981 3 70777
1 43657 3 62921
3 18280 1 65888
2 71983 1 66855
2 18878 2 77910
4 56832 1 76389
2 19904 1 90565
4 70244 1 68844
1 16071 4 46828
1 42221 1 70498
3 76631 3 42657
2 87430 2 81487
2 16199 3 73468
2 92475 4 82081
2 8763 4 39749
2 35188 4 86529
4 22862 3 86132
3 55619 3 71666
2 86859 4 84536
1 22928 4 26738
1 61409 3 82386
4 1717 3 43129
4 80450 2 46317
1 52873 2 77543
3 6058 4 14764
4 69208 2 12646
1 52840 2 27944
2 227 1 4923
2 70573 4 81883
1 82458 1 1174
3 9603 1 24639
3 135 2 31399
2 891 2 76700
2 56858 1 80165
2 47828 1 9727
2 34215 4 39184
4 88261 1 9686
3 75483 2 12554
1 3105 4 2652
4 93702 1 23851
4 63230 3 87669
4 61862 2 80373
4 27110 4 84617
1 20524 1 10753
1 62768 3 94071
4 72892 4 79893
3 10571 4 69184
3 55679 4 84364
4 18530 3 69249
2 18723 2 80185
4 196 3 30956
2 20756 4 55322
4 42950 1 37969
3 32914 4 28286
4 18015 2 91152
3 27549 4 47037
1 43594 4 79531
4 2404 3 29466
2 38561 3 34464
1 7663 1 65046
1 64520 1 3056
2 8911 1 75576
1 47092 2 5985
2 42704 4 71628
4 42419 1 80473
4 93860 1 25316
3 9109 2 70532
3 1055 2 80667
4 45564 1 68461
3 81299 3 87557
1 42774 3 26619
2 63431 2 89052
3 78740 2 14682
1 91901 1 66391
3 76847 3 93122
3 43664 4 74403
2 8501 2 75767
1 37709 3 12026
1 50039 3 14769
1 8783 1 57749
3 77593 3 58651
3 62028 1 4648
4 42779 2 84090
1 58876 1 31809
4 53988 1 66545
1 78378 4 58544
1 89601 2 87966
2 5187 2 53157
2 1780 2 14035
3 35767 1 8484
1 70076 1 96449
2 66253 1 56980
2 44177 1 77087
3 24964 3 60632
2 70127 1 37211
4 2805 4 46096
2 32221 3 13608
2 7418 3 59787
4 42204 2 92079
4 55660 1 85746
1 2125 2 72535
1 20324 2 19388
1 36013 1 57372
2 64068 3 17420
3 49335 1 80759
2 54531 2 64384
2 47312 1 68873
3 80356 3 30335
2 93805 4 97831
1 7447 2 39726
2 95743 4 41996
1 63176 1 31885
3 75348 3 35529
3 39304 4 47626
3 54057 1 1337
4 4817 1 37424
2 39056 4 40771
3 67796 4 97081
4 47374 1 82594
2 29366 4 4824
4 398 4 74784
3 52250 3 77166
2 6828 3 74548
4 69684 1 25512
4 17910 2 61957
2 29485 1 4992
2 46544 4 61696
1 87675 1 65750
1 24496 2 95209
3 44288 2 51894
2 66174 4 9770
1 71320 2 68232
4 65912 2 25857
3 25826 4 91140
4 69779 2 82759
4 17735 2 68435
4 71117 3 89029
1 41900 3 15865
4 90069 1 36623
4 32363 4 79775
4 51221 2 55084
4 80728 1 61481
3 62335 4 44796
3 76098 4 42748
4 96346 1 37157
1 11335 1 39910
2 23012 4 55897
3 43641 2 67404
2 60146 3 28194
2 4493 3 80273
1 88593 2 17012
2 74416 3 90428
4 32727 2 14964
1 53725 2 44504
1 78008 3 77749
3 16234 2 27837
1 4347 3 16254
4 508 1 12333
2 83306 1 48944
4 93782 4 39099
4 76802 3 41791
3 24059 4 76979
3 78317 1 73204
4 9883 1 40454
3 21290 3 12638
1 61795 2 33817
3 78847 2 31485
2 61562 4 56847
3 13743 3 97715
2 76956 2 20730
1 4202 2 43298
2 73399 3 29325
1 75265 4 13885
3 74816 1 4015
1 62478 2 84082
3 16887 1 27714
2 79870 2 23249
1 85224 4 8127
3 34175 4 17054
2 80830 4 18862
1 72172 1 64239
4 3106 4 40458
1 59110 2 68065
3 59256 2 47832
4 60608 1 79997
2 1918 1 25640
3 92897 4 78672
2 52865 3 69381
1 41002 2 41132
4 1354 2 70691
3 21106 4 37810
3 1242 1 11315
4 69103 2 26686
2 74269 3 62495
1 65300 4 69753
3 6805 1 83206
1 54458 4 19527
3 10108 2 76639
2 73612 2 69142
1 28331 4 76530
4 39099 2 87772
3 15865 3 120
1 76581 4 24867
1 29214 1 58169
4 47210 2 58687
1 27297 3 97401
2 35473 1 88896
2 70796 4 12504
3 71862 2 81284
3 28126 3 81099
4 21195 4 64235
1 997 2 3491
4 92652 4 37720
4 39401 1 87124
3 95469 1 74717
3 55132 4 56450
4 76829 2 68945
2 12965 1 61539
1 95049 2 9210
3 37361 2 55133
2 76200 3 46358
3 94393 3 51973
2 86729 2 81036
2 64993 3 13244
3 32085 4 15247
1 67264 3 26325
4 79423 1 43084
3 9317 1 39320
3 79826 3 24632
3 41853 4 15420
4 81127 2 78865
3 97191 3 37491
3 90445 4 58574
4 28041 4 46361
4 44150 1 56643
3 15460 2 43287
4 19038 3 24316
4 84795 3 20051
4 82561 2 19988
3 52772 3 34204
4 90323 1 23309
1 33405 4 72497
3 95783 4 19943
1 6653 1 95201
2 93444 2 24545
3 91724 4 22800
2 77451 4 14686
3 96337 4 71113
4 20599 1 51329
2 89101 4 86984
2 91569 3 39869
1 74482 2 2061
1 55184 2 75026
3 41488 2 52236
3 61199 2 94820
3 97713 1 71499
1 86276 2 50645
2 76881 2 71498
4 4060 4 9675
3 65375 4 56691
4 30292 4 69612
1 19932 3 26948
3 82279 4 59126
4 36087 4 68814
4 37891 3 44369
4 61691 1 92032
2 36448 4 16731
1 97731 3 44430
1 24031 1 58045
1 58789 3 62531
2 20709 2 6439
1 24746 3 53181
3 72952 3 94464
1 37740 3 68871
1 42294 1 81423
4 4064 2 67006
3 88486 2 18476
4 50081 4 56889
1 94038 4 7852
4 32626 4 93778
2 70601 3 79893
4 16431 4 19459
1 7698 3 16070
2 20047 4 71281
3 44257 3 70579
2 82369 3 73705
4 92756 1 89020
2 59153 4 30211
1 80327 4 49
1 15098 1 11919
1 81170 1 12787
3 71551 2 43368
1 3634 3 68421
2 18048 1 71699
2 7381 1 53778
1 84847 3 31496
2 51464 4 81212
1 57556 3 41642
4 77594 2 90482
3 68154 2 14358
1 67063 1 92242
2 14675 4 71627
4 53507 4 42651
3 86236 2 28211
2 65821 2 30259
3 88262 3 55798
1 37576 4 61313
4 60586 3 8717
3 90173 3 67192
3 24240 2 88230
1 1050 2 80817
2 50601 3 26620
4 78509 1 90417
1 87952 4 37603
2 92613 2 39580
1 48454 1 2316
4 7974 2 57260
1 83197 3 27779
3 50997 3 71035
4 6924 4 45320
2 50348 3 61534
4 9094 2 78413
3 2722 3 57491
1 23612 3 54014
3 64313 2 14147
2 13945 3 70450
4 51112 1 94136
1 3995 4 12898
2 13436 2 24700
1 32573 1 13885
2 41395 4 30898
4 86762 3 31917
2 69875 2 13879
4 48460 3 49573
3 52736 1 23185
3 38507 4 86910
2 30916 2 78205
3 38874 1 46120
4 10998 4 47566
4 62713 2 76343
3 90228 4 73233
1 29463 4 76414
1 11184 2 67216
3 29645 2 91565
2 70692 3 43026
3 39717 2 12589
2 95571 2 15018
2 89716 1 73428
3 29318 3 47729
1 50527 3 55361
1 60389 3 74584
2 12452 1 52336
4 76165 4 62362
3 71212 1 30760
3 62078 3 54841
1 79886 4 60758
4 67948 3 3553
2 31053 4 74518
4 26921 4 11712
2 46556 1 32472
1 10216 1 45447
2 88935 2 87875
3 7243 3 46330
1 96995 1 4857
4 22896 4 67455
4 45047 1 38513
2 30191 4 78463
4 95829 2 97170
3 73467 2 49347
2 88795 2 77763
1 2436 4 63887
1 58357 4 25152
2 21805 1 72153
2 15512 4 74855
1 53785 4 14287
1 38710 1 52061
4 58148 4 72909
3 64593 4 14664
1 5538 4 63339
3 58472 3 82156
1 49733 3 25583
2 89280 3 38061
1 4469 2 14593
2 84274 3 43236
1 60322 3 30095
3 62133 4 75368
1 59410 2 68884
1 63179 4 25536
3 69493 4 18188
3 33013 4 51946
4 59824 2 20587
3 43424 1 21720
4 32069 3 2226
2 67915 4 55575
4 86371 2 89081
1 75248 1 5558
1 96421 3 27496
4 5884 2 92375
3 29197 2 10232
4 59309 3 66640
4 20112 1 67950
2 71642 1 9771
3 1636 4 21908
4 40492 2 14060
1 60794 1 3830
3 83380 4 74094
2 65386 4 34911
4 25903 4 93909
1 33128 1 38930
3 12636 1 22757
3 55997 1 89313
2 50412 4 2990
3 39625 2 87564
1 75086 1 18962
2 24117 3 21556
3 2541 3 45654
4 46678 3 70201
1 8791 1 32261
4 5383 2 32872
3 65637 3 88131
4 6839 3 5418
1 73478 2 89494
2 4468 4 82434
4 52123 4 7606
3 4196 3 66210
3 52867 2 3889
2 7409 3 7246
2 44176 1 87656
2 90670 4 20962
2 20861 4 27483
2 72046 1 12128
2 1244 3 84094
2 74420 1 68378
1 62593 1 3840
1 30219 1 21366
2 27190 4 43901
3 70221 4 39651
2 8495 1 3304
2 86984 4 81267
4 81652 3 69266
3 30735 3 30202
3 68310 4 84167
3 63157 3 1707
2 91297 1 38043
3 17819 2 828
1 69876 2 2941
4 34100 4 39021
2 50251 4 49344
1 44873 1 48451
1 69991 2 14156
4 38349 1 82425
3 6694 3 68616
1 4990 2 89033
4 30277 4 62129
1 27580 3 66051
3 43341 2 92565
1 72527 1 70819
4 42791 1 3860
3 5156 2 40733
3 95113 4 43453
1 8179 3 8721
3 19005 4 56987
2 34143 4 36337
1 68634 4 64205
3 85230 2 61123
2 32 1 52208
2 33924 2 39969
3 1401 1 74425
3 54464 4 36851
4 38776 3 36199
1 81075 2 84312
1 3493 3 19048
3 82843 4 34265
3 27950 2 10843
3 50086 2 33865
1 58666 1 90475
2 47377 1 65616
2 11571 2 21175
2 48301 2 5093
3 58519 2 95305
1 11732 2 26090
4 90370 3 8103
2 62965 3 83723
3 26216 1 54102
3 80114 3 38134
3 33490 3 12070
2 92154 3 31766
3 90072 1 17710
1 96095 4 40133
2 55627 2 80707
3 33388 1 63673
2 86459 3 66845
1 79157 4 11785
1 8286 3 64825
1 93125 1 78538
2 92938 4 67089
1 56897 3 42083
4 12408 4 54211
1 74728 2 64881
4 36985 4 57293
2 46354 2 5113
1 8377 1 49653
3 19866 4 56335
4 71473 4 82330
4 58429 1 76443
4 20363 1 18738
1 23902 1 155
3 36960 3 88934
2 71862 1 91778
1 81622 1 19550
3 37464 3 53402
4 43424 3 53212
2 91698 4 35029
2 59655 3 91877
1 25807 4 50483
1 16644 4 90955
2 96000 1 29387
1 15926 3 74229
3 96953 3 95242
1 30574 4 60279
2 72575 3 5208
2 91173 2 86982
3 65419 3 25535
4 33876 3 48832
3 80808 4 82070
1 81534 4 22790
3 81318 1 70603
3 36654 2 19197
4 72222 2 29094
2 35165 1 43113
1 38742 3 6672
2 38649 1 81987
1 63822 2 74468
1 64964 4 54369
4 548 4 90726
1 62502 2 77243
1 73897 4 76852
1 8166 3 96751
1 17438 4 76377
1 24114 4 93748
4 71302 2 71779
4 25480 4 96071
3 63268 1 84387
2 33557 4 67540
3 64381 4 62701
2 50335 3 63619
1 80884 1 80872
3 56218 2 54438
4 95769 1 15866
3 8946 2 13122
2 82131 2 2405
4 39290 4 61353
1 4855 4 35517
4 53535 4 12640
3 61344 1 24462
3 84045 3 83446
2 81786 3 82418
4 72841 1 72552
2 93994 3 70777
2 3091 2 39619
1 73987 2 41478
1 91338 4 43169
2 10255 3 38948
2 52220 3 66799
1 82391 4 16721
3 62664 3 10275
2 12110 4 44111
4 28609 1 31717
4 49295 3 28076
3 79352 4 59357
4 29155 1 47136
4 79828 3 29735
1 26755 3 89343
3 21026 3 49006
3 60438 4 86468
3 42477 2 89949
2 50563 3 64515
4 48159 3 3049
3 5935 1 61865
3 16293 4 73508
2 14992 3 92363
2 46644 1 31028
3 12882 1 31589
4 91660 3 35878
4 22457 3 68991
4 84033 4 10047
1 11570 2 35077
1 14408 4 52691
4 38585 2 91619
1 59373 1 8847
1 64458 4 38977
4 69764 4 7510
4 64652 4 40378
1 4920 1 48169
1 455 3 4476
1 84693 1 46175
2 86609 1 13798
2 3061 3 26392
1 94327 4 91476
3 61696 1 51447
4 30697 1 41569
2 65015 1 83345
4 38646 4 46176
3 16478 1 81714
1 97694 3 24446
2 85774 1 93554
3 62513 3 56020
3 71762 1 81908
1 87524 3 3787
1 53032 3 37542
3 96253 4 56483
1 79011 3 36726
3 76819 4 24274
1 57330 1 46241
3 58107 4 70574
4 69599 4 31979
4 59450 4 13759
1 3103 3 80017
4 6175 4 68121
3 50268 1 35865
1 67976 4 82256
2 89686 3 60667
3 11897 1 90367
2 41928 4 29767
2 70123 2 53434
4 75497 1 30413
1 73675 3 39964
3 9267 4 40468
4 51934 4 12893
4 89699 3 52312
3 7923 1 86713
4 91271 1 43577
1 61665 4 79631
3 56736 1 88610
3 24076 3 6762
2 61912 3 69268
3 51928 1 17414
2 56231 1 55121
4 93258 2 62893
3 39674 3 46425
1 55301 1 38637
1 57213 4 65918
2 5356 1 74516
1 46547 4 56800
4 17403 2 21338
3 42131 4 72252
1 88552 2 51789
1 88233 1 8194
4 51219 2 97590
3 34729 2 91387
2 88834 4 48012
3 66638 2 784
3 82623 1 89067
1 70696 3 25625
1 33914 2 53279
4 4120 3 23697
1 40617 1 13130
2 85817 1 65485
2 43420 1 43183
2 44021 3 54656
4 75623 2 63583
4 11580 2 9399
2 84993 4 82464
3 3884 1 22758
4 39862 4 49228
1 48512 3 5389
4 22794 3 10167
4 19602 3 14231
1 86384 4 8313
1 7469 1 83604
4 68619 3 70617
2 57033 1 92385
4 69746 2 33208
1 30157 4 67279
1 67067 1 83758
4 31819 2 63470
2 40636 4 84879
3 53868 3 67742
3 51659 2 134
4 13454 3 33731
1 54212 3 63485
3 10618 4 80357
3 12763 1 23107
2 71093 4 96574
2 6380 1 47262
2 31299 3 72537
3 55351 4 64895
4 63670 2 74049
3 45785 2 78709
2 7745 3 65110
2 34960 3 19323
3 83596 4 38736
1 89419 4 51549
1 29386 1 63827
2 95702 4 69359
3 70538 4 52296
2 81451 2 46909
1 3575 4 59001
1 94831 2 7167
3 34353 3 96672
4 67450 2 95381
2 84522 2 69342
2 96872 4 96566
2 23367 1 32224
1 62617 2 33232
4 12199 4 66523
3 26128 2 2717
1 52847 2 29665
4 27997 4 97451
2 52843 1 6892
3 74407 3 72392
1 94882 2 85674
1 79303 3 83593
4 69979 1 17265
1 9638 2 40050
2 71368 2 52475
2 27997 2 2550
2 864 2 23592
1 8945 3 28850
3 57020 4 61836
2 69728 1 15025
2 82723 2 87391
3 47716 1 29865
1 13363 2 83023
4 1011 3 67333
1 61410 1 42681
4 63613 4 43346
4 44178 1 80008
4 8873 1 77249
1 18091 4 10052
3 84966 4 4586
3 77603 3 60091
1 27954 3 30667
1 14748 4 18775
4 27485 3 16097
2 53988 2 54806
1 93801 4 33760
4 75209 1 88657
4 39540 2 79937
2 35824 2 9705
2 34294 1 16460
1 6574 2 10621
3 91614 3 79246
3 73619 4 28890
4 1480 2 60794
2 88190 3 30867
4 13595 3 70520
1 60999 4 15674
4 84909 2 50273
3 70068 2 64711
1 91037 1 86867
1 39797 3 25493
2 76787 3 10045
1 43280 3 87426
4 95627 1 22706
3 66424 2 57630
1 21709 4 12180
2 26216 4 8871
3 16779 1 84335
4 44545 1 92013
4 41665 2 77021
1 73135 4 12382
2 362 2 72221
3 67670 4 34
2 64266 1 35554
1 25688 1 72430
3 88291 3 20845
4 56622 4 2520
2 88096 3 57895
2 13910 2 48799
1 93018 4 40744
1 47464 3 59484
1 45460 2 43738
4 57063 1 77205
1 51710 4 84259
4 73856 1 32471
4 67606 3 38758
2 3641 3 48059
4 47294 2 82042
3 70395 4 92170
4 93416 3 90225
3 54550 3 73982
4 8193 1 38787
3 80129 1 60493
4 82425 3 31144
4 77101 1 87895
1 63958 4 89686
2 88221 3 6243
1 54899 1 14300
4 47465 1 95679
2 29566 3 47795
3 69242 2 58145
2 63251 1 23793
2 49140 1 18477
1 2801 2 91605
3 20359 3 52815
4 67235 1 89478
2 58924 3 54986
1 30432 3 35585
3 89096 2 62533
1 22818 3 53563
2 89311 3 45946
3 45759 3 49139
2 8605 3 94242
1 80447 3 65584
3 5242 2 90828
3 13921 1 65455
4 33045 4 86069
1 89465 1 29816
4 32317 1 37499
4 4414 1 10556
4 18706 2 36789
1 30369 4 90561
1 82254 2 26975
3 91511 1 57818
1 31867 2 59135
4 9645 3 19468
3 96252 4 46974
3 74165 3 77590
3 52046 2 79443
1 53971 3 12318
4 58895 4 19030
1 56929 3 78870
3 70340 1 17751
3 52376 3 77913
4 27498 2 6009
2 28587 3 51533
3 11072 4 91985
1 66947 4 30589
2 3234 1 65539
4 61995 1 38612
4 28337 1 81269
4 25167 1 50494
2 13022 1 60155
1 52109 3 80261
3 8809 4 17981
4 61812 3 34562
4 21348 1 40255
3 61899 1 97301
4 70272 1 47801
4 62683 1 82282
3 46242 1 14048
1 21540 3 4571
1 11337 3 64776
3 75133 3 61609
4 38775 1 25639
2 12222 1 25253
3 52458 4 27386
1 97217 2 83047
2 46314 4 40293
3 39023 1 89178
2 80291 4 15551
2 36578 3 49831
2 74927 2 49619
1 21764 2 16981
2 24101 4 32627
3 57545 3 70671
1 32640 1 851
3 13784 1 32662
3 29363 4 13125
3 91022 3 8980
3 37334 2 763
1 65777 3 36807
2 7297 3 86874
3 66448 4 58194
2 27669 3 11315
1 33979 1 8813
4 74539 2 15247
2 64292 3 19375
1 95591 4 2844
4 97743 1 71292
2 90080 2 68189
2 65724 3 64713
1 415 1 14424
1 91139 1 92109
3 42034 1 90500
4 86634 1 30773
4 41898 2 61817
1 52313 3 31734
3 65099 1 74136
1 54458 1 36246
2 91481 3 10971
2 23904 1 12403
1 34453 2 81892
3 34059 4 41615
2 92827 3 60871
3 59755 1 82561
1 49794 4 20338
4 86193 3 54798
2 35283 1 2701
4 91631 3 43714
3 40599 2 77408
3 53179 3 93528
2 53073 3 13436
3 58190 2 55105
2 10750 2 66888
3 38084 1 59957
1 54490 2 81745
1 60311 4 84567
3 57438 4 61379
3 40856 1 87068
2 81480 3 83180
4 28639 4 72406
1 88039 3 55327
2 77305 3 75555
4 71767 2 70726
4 96997 3 34250
4 32463 4 14857
1 46810 4 72916
2 84402 2 4102
3 61123 2 93921
1 59544 1 37952
4 73682 3 28581
2 21400 3 96260
1 81154 4 19137
4 19181 3 75002
3 77613 2 32573
3 67071 1 47275
1 8052 1 56256
4 48101 1 21995
4 22428 1 11467
4 81869 4 62580
1 65880 1 26610
1 35052 2 13079
3 72560 2 89831
1 53994 4 12406
3 31601 2 41208
3 83830 3 46684
3 16524 2 7914
4 95374 3 73836
1 12840 2 65171
3 1946 4 11416
1 51474 4 33012
1 62396 3 43351
3 54209 1 42914
1 97298 2 84888
1 29846 1 93526
3 62133 2 35527
2 48697 1 27649
2 45893 3 50998
2 58088 1 40778
1 63277 2 37201
4 17221 1 93817
2 3800 3 85627
3 89096 1 66619
1 32808 1 96440
1 42434 3 31527
4 60628 1 68813
4 33572 2 26876
2 83733 3 58055
3 25818 1 28655
4 69136 2 60656
3 29908 4 31035
2 25337 4 2206
2 65542 1 30924
4 68610 1 39934
1 14073 2 84963
4 35647 1 82235
2 3672 2 75558
4 66401 2 79969
4 61384 1 86448
2 964 3 89792
1 29772 2 47732
3 85965 3 10713
3 16807 1 82163
4 55343 4 48837
2 59963 4 38628
1 56779 2 33469
1 48881 3 54954
2 52960 2 40689
1 70657 4 66554
2 51142 2 33485
1 51042 1 41149
1 31090 4 9671
1 67426 2 10792
3 65353 4 57491
1 73704 1 49053
3 14457 1 36553
3 15683 4 73540
4 96444 2 1314
4 95453 4 55809
2 86993 2 2431
1 31858 1 15319
1 29378 4 55705
3 32005 4 80093
2 17171 1 51339
4 75853 2 37160
1 45334 1 58032
3 49337 4 9262
2 23895 2 13879
2 93974 3 32324
1 5365 1 72401
1 56843 2 96835
4 77824 2 91762
4 85427 3 92551
4 93245 2 63996
2 35647 3 14595
2 54116 4 91798
3 84848 1 77201
2 66748 4 8579
1 46770 4 85318
1 21046 3 22444
2 19345 4 15003
2 89322 1 71239
2 19811 3 61713
2 21082 3 8435
1 34824 4 10607
4 24652 1 49408
1 97926 1 14737
2 20288 3 2755
3 74043 2 8674
4 70754 1 30290
4 42331 2 29018
4 47779 1 22005
1 6996 1 13132
3 49611 2 2126
3 76569 3 59945
2 43861 1 49079
3 82769 1 52610
2 9797 2 49462
3 11068 2 53747
4 12316 1 35370
4 5413 1 25473
3 25267 3 25376
2 17805 4 40041
2 15109 4 94567
2 25556 1 4382
4 13030 3 74856
3 66015 4 50515
1 47303 3 73979
4 37029 2 64847
4 88841 3 50611
4 85721 1 598
4 33041 2 61535
3 68846 2 4232
1 87731 1 94180
3 43517 1 94404
4 12255 2 42291
4 23699 1 73239
3 88451 1 51428
2 76518 4 20493
4 85865 2 16933
1 49616 1 85580
3 88356 1 68578
3 90365 3 96863
1 25105 4 8347
4 28204 4 16009
2 3580 3 81043
2 20327 2 66249
3 7952 3 61434
4 11294 2 15315
4 50345 3 10754
3 35410 1 19194
1 74073 2 14732
4 39384 1 43460
4 60714 4 1078
1 62448 3 30071
2 5455 4 89681
2 40687 2 23164
2 1900 1 13398
2 49274 1 17409
3 15642 1 68338
4 54645 3 50067
2 8736 4 31886
3 31983 2 1772
3 62567 1 36334
1 76567 3 96401
3 14549 2 39992
2 90978 2 50562
3 8282 1 73465
3 77634 3 65395
3 39035 1 88906
2 37493 3 49302
4 13150 3 27237
1 73533 1 23083
3 71485 3 39349
3 18215 1 27032
2 75055 2 82641
3 97916 3 90375
1 10765 4 23229
2 24114 3 20011
2 22722 1 90817
3 52854 4 34711
1 34188 2 61506
4 37754 4 13426
3 52908 2 89325
2 94049 2 94210
3 18012 2 47431
3 32275 1 87558
3 51447 3 39169
1 89472 3 96632
2 96023 1 83648
4 9737 4 311
2 32346 3 48975
1 23925 1 53935
3 17176 1 69716
4 63090 2 44034
3 58663 2 19610
4 1542 4 79672
2 32852 4 79061
4 66166 1 88640
4 63581 2 54367
2 34430 1 12658
3 73866 3 42649
1 86435 1 20407
2 73112 1 74388
2 15673 2 66101
2 12370 1 62440
1 74339 4 82783
4 50993 2 57063
1 24427 3 78745
1 94369 3 23474
4 22666 3 80539
4 32753 3 53083
1 22437 1 82748
2 56088 4 5708
3 56901 4 43368
4 36753 3 41723
4 55151 4 25645
1 84750 3 94026
4 810 2 472
4 90066 4 34676
4 45916 1 33842
4 11541 2 6087
4 15908 1 75244
2 30574 2 82000
4 62568 3 83067
3 45432 4 78418
3 7381 2 53706
4 48872 4 55228
2 24693 1 33780
1 74753 4 42942
2 89627 4 54307
1 1839 1 58189
1 96620 4 6910
3 61164 2 49271
1 74430 4 57720
1 19820 2 89701
2 92964 2 89893
2 4953 1 47066
4 47611 2 97710
2 60967 4 82898
1 72212 4 26973
1 91843 3 82127
3 81331 4 94213
4 74076 1 46442
3 21474 4 44087
4 76929 4 79698
2 62484 4 97260
1 2646 1 72772
4 8806 1 88460
1 96005 3 97803
4 6213 4 91227
2 60031 1 52597
1 78312 4 56336
3 41128 4 72296
3 2073 4 73385
2 25260 3 4996
1 87126 2 33137
4 76954 3 40894
2 61725 4 88289
1 77772 3 71924
3 48358 4 96788
4 25179 4 73446
1 16161 4 11994
4 77780 2 74034
4 96582 2 46165
3 60801 3 23110
4 47154 4 9426
4 61862 2 95313
2 16409 2 54221
3 58416 1 72703
1 69258 4 2152
3 93071 3 60967
4 86573 1 24509
2 86831 3 69934
4 66824 4 25953
2 66940 1 50530
4 97513 2 80629
2 71733 1 37099
1 16912 2 59983
2 88587 2 5512
3 29825 2 51276
1 16834 1 51041
2 8973 1 88479
1 50653 3 26719
1 10131 4 86500
4 695 2 69452
3 20826 2 19787
3 517 3 29588
4 34022 1 44720
4 8532 2 67304
1 95851 4 24216
2 37593 4 32744
4 41702 4 77126
3 41958 3 24850
1 34399 2 89360
2 11078 3 49508
3 76139 2 26485
4 62072 3 79663
2 66400 1 79509
3 18107 2 63778
1 38446 3 88074
3 53279 4 73903
4 86982 1 64238
3 17186 3 28235
1 29752 2 26567
2 7599 1 42467
4 22965 2 45675
1 34616 2 6775
1 72732 2 45833
1 76852 1 59076
2 34538 2 96838
3 78110 1 81752
2 8554 1 51714
1 12861 2 73187
1 43543 3 76890
1 33 2 38688
3 38747 2 14869
2 10701 2 15155
3 45363 4 80443
3 45373 3 64688
4 53366 1 10082
2 69345 1 7096
4 41212 4 20718
3 73336 4 57862
3 19666 1 50761
2 90900 1 88726
3 9578 3 74085
4 859 3 38379
4 47824 1 16619
3 33239 2 78124
3 12432 3 15673
2 54148 1 17867
2 30005 4 38610
3 9736 1 47391
2 26334 2 94451
2 47793 3 51810
4 8551 1 58266
3 8059 4 21523
2 40178 3 28279
1 69888 2 74216
3 70803 3 80937
2 27393 1 63986
3 44959 4 56801
4 97295 4 70255
1 13555 4 31806
4 49901 1 19289
3 31788 4 20498
2 96418 1 25307
4 41287 3 77820
1 64408 1 71043
3 55123 4 41197
2 16694 3 61675
3 21283 1 47680
3 19429 1 54891
1 79968 1 57917
2 80177 2 9681
2 44475 1 6387
4 51086 3 54715
3 17592 3 44084
4 46332 4 11873
1 56262 1 74584
3 63919 4 4563
1 89974 1 84057
1 23939 2 80651
3 78817 4 31535
4 58457 1 82074
3 52575 2 3828
2 48870 3 43461
4 67037 2 78709
1 29192 4 29728
3 32968 4 91825
1 3592 3 145
2 26232 2 9928
2 23645 2 14978
4 6936 3 21491
2 34206 4 28934
3 71297 3 75689
1 97560 2 13497
3 12667 3 27833
1 68236 4 63958
4 67925 4 54426
3 6806 4 97233
2 19270 1 85705
3 87854 3 1412
3 53154 4 87736
4 97912 3 63336
2 54423 1 45334
2 20272 1 29943
3 48485 2 33613
1 12849 1 42309
3 40812 2 78472
3 2177 4 17466
3 66832 1 8707
3 47130 2 44936
1 42345 2 7843
2 91252 4 45651
1 1231 4 94137
1 40628 2 31985
2 62933 1 25044
1 38022 2 59522
4 43304 1 3488
1 97193 1 85623
1 60030 4 36689
2 45957 2 33008
2 84805 2 85391
3 81590 1 7219
1 90140 4 57286
4 63722 1 87343
3 29694 2 22785
2 45542 3 78322
2 84929 3 55802
2 30345 4 27631
4 34847 1 87711
1 84718 1 21655
1 7838 1 18873
3 63132 2 72470
2 30036 1 80681
1 2097 1 56242
1 52224 4 11654
4 26761 2 79459
4 48507 1 56552
1 72639 2 96448
1 34837 1 34448
1 92128 1 27426
3 88223 3 61862
1 17778 2 24353
1 62424 3 82383
1 339 4 62742
2 14652 1 22955
2 66221 4 18434
4 14822 3 1982
4 11252 1 50819
1 14713 2 91763
1 31937 2 68345
3 70737 3 2323
4 66304 2 23159
1 25955 4 49482
1 58846 3 86091
1 25860 3 75155
1 36620 1 93266
1 34417 3 71340
1 52602 1 27914
4 75128 4 28756
2 49707 1 67771
1 90863 4 48067
4 62630 4 23048
3 37397 2 94243
4 5156 4 72538
1 92376 1 87339
3 31899 3 77042
3 71305 1 84538
4 12632 2 60851
2 18433 2 75063
3 67426 1 34683
2 94036 1 49332
4 2159 3 92157
4 27916 2 59378
1 47885 4 57603
3 20678 3 20067
3 37735 2 93820
1 40661 4 93968
3 79201 2 1984
3 73405 3 33417
2 55116 3 23021
1 96355 4 62369
3 10488 4 31149
4 36337 4 86847
2 44263 1 13482
3 23423 1 73089
2 43755 1 59999
1 50655 4 24202
3 51836 1 67711
3 13012 2 62372
1 16181 1 25667
4 9548 3 32040
2 6017 2 72429
2 56629 2 81497
3 38443 3 70839
3 86596 4 6832
3 66513 4 51689
3 27325 2 77074
4 59019 2 51487
2 8544 1 96577
3 29726 1 37770
2 28346 2 14384
2 11599 1 21389
3 82208 1 23648
1 67182 1 67521
4 43709 3 61524
2 67209 4 91168
3 65635 3 37798
2 64189 2 64878
1 73877 2 86150
1 65853 1 91636
1 88007 2 63462
4 34260 1 68206
4 84009 2 79208
4 85216 4 16797
3 81591 2 88818
1 54696 4 16388
3 28788 2 18579
3 84253 4 75470
3 80821 4 2754
3 57065 1 81423
2 75755 1 11757
4 60939 2 43371
2 91127 1 94418
3 31478 1 48592
4 58412 3 48194
2 66467 3 96754
4 20861 3 40722
1 89930 2 15348
4 77829 2 6528
4 81920 4 9360
3 83503 1 75791
3 58634 1 92466
4 27131 3 29044
3 55859 2 91193
2 48241 2 53617
1 47378 3 39186
4 66947 2 91409
4 28477 3 85166
1 74630 4 10504
2 26991 2 39315
1 78303 1 15399
4 63397 3 14300
2 95946 2 73645
3 88430 1 62206
2 31853 2 16106
2 88891 1 55696
2 70221 4 84447
4 59742 1 75803
2 15767 4 19452
1 78838 2 45000
1 3201 3 90792
3 60764 4 71828
1 27749 4 94175
1 82548 4 92627
1 45883 1 41981
4 50309 3 19146
3 1826 3 8078
1 7224 4 76837
1 96630 2 66746
1 25915 4 19853
3 6447 3 24393
2 28759 4 78688
3 8437 1 7668
4 50401 4 14659
4 62348 4 86665
1 27807 2 71513
3 66294 2 58780
2 7069 1 13252
4 42473 4 3962
4 68860 4 77470
2 23399 4 9668
3 89928 1 52386
2 61899 4 53119
2 89368 2 5683
1 70573 4 12634
1 6640 2 95773
3 54487 1 25651
2 82823 3 81272
1 12808 2 90778
1 885 1 53707
4 46632 1 11040
3 5553 1 77678
4 37884 2 4130
3 48839 1 7051
2 10295 2 44441
4 25684 3 61394
1 97008 4 64384
1 19288 1 48653
4 3555 1 75582
1 13154 4 45176
4 10754 4 12076
1 365 1 30035
3 36546 2 70236
3 97193 3 70653
2 59033 3 73808
4 30128 3 80040
2 33058 3 19696
1 49839 1 18270
2 16099 3 35369
4 82856 4 51262
3 76017 3 10605
2 53494 2 75560
2 82498 2 42801
3 94853 1 50555
3 62787 1 39396
4 37164 3 3448
4 92448 2 7007
3 980 3 66477
2 2625 2 9750
1 91793 3 39055
2 42078 1 17013
4 7700 1 43624
1 72816 3 44676
2 58735 2 52653
2 46761 1 64057
2 60096 2 57818
3 79704 3 69853
4 20945 3 10871
1 63957 3 47319
4 16621 1 42843
3 47306 2 13712
3 10671 2 96131
1 57069 2 66650
1 85607 2 6111
1 13373 1 55934
3 59520 3 38682
4 6793 4 43418
1 53966 4 75824
2 36964 2 65230
2 93258 1 3249
3 21194 1 87826
4 95079 3 97062
3 91170 2 49733
2 66176 1 67227
1 71975 4 80925
4 26701 3 86833
3 88233 4 2293
3 75929 4 70643
3 35675 4 6377
1 90078 1 44720
1 95773 1 20811
3 57872 3 4347
1 79196 1 49315
4 31303 3 43772
3 20530 1 12563
2 13923 3 13561
1 41728 4 10099
1 39689 4 23837
2 56285 3 76937
1 30955 2 46781
1 38720 3 95232
3 86851 1 75647
3 54466 2 88166
3 14969 3 78049
1 44694 4 61390
2 52939 3 44725
3 24670 3 5124
2 58424 3 61770
1 92528 2 76642
4 97412 4 80932
3 64490 1 82038
4 79394 1 23386
1 61371 1 29595
3 57102 2 86165
1 86256 2 84202
3 54841 3 96450
4 57394 2 18293
3 40831 2 91232
1 87573 3 68836
4 49631 1 71269
2 55176 2 96160
3 72915 2 20667
1 70376 1 5990
1 83318 1 92186
4 23603 4 80746
1 87301 4 68234
4 45194 1 61240
1 10873 3 29657
4 4449 3 24722
4 84419 1 81411
4 41658 2 87667
2 79587 3 18138
4 33689 1 39852
1 43434 4 64413
2 62807 4 43573
3 82789 2 85342
2 55637 3 39153
4 24234 3 27901
3 67875 4 31761
1 56248 2 48420
3 84312 4 16693
4 26476 1 47590
3 61894 1 27871
4 37434 4 20928
1 36249 2 21145
3 55528 2 32353
4 20312 4 8811
2 65551 4 14213
2 65543 3 30477
4 59185 2 6569
2 96927 4 41105
4 37000 1 22253
4 49993 4 15677
4 78195 1 65706
1 32468 2 63103
2 45650 1 91686
4 41692 2 79748
2 808 4 73268
3 86908 2 60070
3 12411 4 48463
2 59132 1 59869
4 89032 4 29222
2 48759 3 21785
4 23815 3 26593
2 52437 2 13959
2 77758 1 88938
3 39081 1 83278
4 81061 2 47744
1 66156 3 53418
3 32114 2 70416
2 97084 1 2085
3 39782 4 94175
2 40821 2 58482
1 49930 3 21135
2 85540 2 39003
2 40906 1 70153
3 75884 4 90643
1 67228 3 79734
4 5802 2 66996
1 19076 2 19513
1 18475 2 38932
2 92443 3 73963
4 37640 2 29110
1 21929 2 24450
3 64535 1 55552
3 45067 1 84610
2 86550 1 78684
3 3659 2 9886
3 22705 1 97413
3 84331 3 20526
1 35461 4 95788
4 75140 1 14045
4 26018 4 13474
4 86837 3 32246
2 15532 3 21966
4 25746 2 78201
4 24006 1 18091
3 51815 1 19128
4 12452 2 4398
2 88347 2 49019
4 90084 1 85030
3 57864 4 17304
1 9931 3 68772
2 95264 2 94502
4 28457 1 6691
2 97253 2 47201
1 62909 2 25120
1 63143 3 74309
4 7914 3 38186
4 25767 4 58667
3 79646 2 87892
3 88690 3 3655
3 74950 1 92418
2 71867 1 42729
2 71397 1 74759
1 8867 3 32130
1 63152 1 85312
1 76836 3 16777
3 1885 3 48509
4 4419 2 87332
4 11506 2 14396
2 12040 2 21129
1 48668 3 52463
1 31729 4 34079
4 61486 1 32464
1 30299 4 27840
4 42728 4 76414
2 96725 4 69771
2 81181 3 28271
1 12419 1 59020
4 42140 3 59123
2 78014 2 50341
1 93864 3 46719
2 40851 1 12167
2 79456 2 33204
2 8884 2 16964
4 71216 1 13727
3 53101 1 11407
2 84650 3 73142
4 8238 3 83482
3 30226 4 45283
4 14628 4 34680
1 12281 1 59590
2 4380 3 49855
3 3361 4 17861
4 91413 2 95565
4 92837 3 20687
4 37920 1 10287
3 4083 1 42686
4 14163 4 78239
2 64411 1 4297
4 34414 4 524
3 64265 4 81877
3 57495 3 68597
2 8797 2 91951
2 41941 3 21001
1 47958 3 64608
1 57526 4 21902
4 7167 2 7752
2 76655 1 41679
2 43050 2 11396
4 23730 1 13828
3 50929 3 64737
3 64990 3 88265
2 34800 3 84808
3 80031 1 12521
1 49101 1 90297
3 10216 4 49626
4 68242 1 42109
3 39629 4 31494
4 57688 1 35253
2 42530 1 30936
4 19693 4 53356
2 64895 4 82483
2 21429 3 3867
1 70169 3 16407
2 90568 1 96335
1 57759 1 7195
3 84812 1 38106
1 18004 1 33024
4 28556 4 36432
2 80116 3 17136
2 76205 1 11527
1 13429 4 56713
4 24576 3 31283
4 70012 2 71378
2 43593 3 70134
4 76231 4 32899
4 62813 2 89121
2 75142 3 34510
3 70249 2 52460
4 15408 4 80908
4 27979 3 34456
3 36194 4 79955
2 74285 1 24169
1 91323 1 67561
4 51980 1 86587
1 69596 2 39493
4 79844 2 68932
1 73341 4 13684
3 16484 1 705
1 61421 1 29754
3 36224 1 41414
4 9385 1 38063
4 79143 4 54852
1 15997 4 45527
4 85899 1 11595
4 1041 4 3683
4 91593 3 10652
1 22361 1 77972
1 58282 3 61057
4 13941 2 9152
1 71670 4 26628
2 73540 1 434
1 52496 1 80777
4 85962 2 92827
1 97928 4 42891
2 47638 1 1697
4 42795 3 32817
2 6204 4 63115
4 89967 1 1897
2 75420 3 46382
4 47701 4 35764
1 54512 3 47035
2 40569 2 32067
3 14018 2 790
2 60870 4 1397
1 10474 2 69161
3 42464 2 46429
1 62216 2 55230
2 10954 4 57041
3 5229 2 51336
4 10132 3 44209
2 81284 3 28979
1 4167 1 40064
3 20241 3 12266
3 15320 1 4053
1 22463 3 53731
4 55760 1 34900
1 69887 2 14739
2 73035 2 85347
1 1628 4 21068
4 66650 3 9609
3 89559 4 49787
3 73732 3 64908
4 20016 4 12731
4 49698 4 5000
1 9446 2 40845
2 4584 4 42287
4 7414 1 21354
2 95987 2 67957
4 20032 2 55554
1 78434 2 74690
2 7837 4 57775
3 31770 4 27205
1 37999 1 9369
2 32743 1 17342
4 40888 2 42283
1 86334 4 34500
4 19224 3 64821
1 42455 4 15149
2 68621 2 70630
1 36524 3 5863
1 18835 4 68303
2 17942 4 92605
2 16292 2 87406
4 23408 3 56713
3 22609 2 13087
1 47964 4 29638
1 10881 1 92195
2 79299 3 54510
2 17680 4 94993
4 58495 2 2923
4 46462 1 35327
2 31716 4 8367
3 46063 3 95118
4 3739 1 60020
2 38525 3 18236
3 48461 3 21172
1 62896 3 11854
4 11882 1 56204
3 7449 4 29208
2 93161 3 71862
2 3042 2 61956
1 14425 4 40729
3 6815 2 23819
3 45891 2 56764
3 4687 4 88458
3 40004 2 32018
2 42702 1 69505
4 18819 3 91631
1 40029 1 6899
1 88135 1 72291
4 93744 3 96757
1 70066 4 43011
4 1619 3 77015
3 56045 4 1920
1 58362 3 83522
2 66291 1 42560
1 80410 3 22157
2 50076 1 12689
3 49115 1 83939
4 17274 3 96846
3 50297 4 1292
2 15246 2 15891
2 40010 3 74352
3 77139 2 57186
2 24680 1 2293
1 135 3 81443
3 20037 2 17821
1 10488 4 24726
4 48889 4 67408
3 65147 2 18083
1 34778 4 49162
1 75001 2 95507
4 64723 1 77646
1 3761 2 12723
2 41369 4 55890
4 80843 3 53157
1 75396 1 36173
3 97296 3 30843
1 59761 2 8745
4 66909 3 90138
3 83098 4 93427
4 59701 2 14767
3 46797 1 900
4 64603 1 6406
3 27820 3 42800
4 49392 1 20990
3 28527 1 17109
3 63 2 44731
2 70723 4 60499
2 36220 2 29004
4 6966 3 23941
4 70987 4 46022
3 55105 4 17779
2 23019 2 94439
3 12592 2 90193
4 7167 3 37318
2 49377 2 3550
4 5394 2 66499
1 97942 2 24437
2 96337 3 43463
3 64309 4 18030
2 8660 2 43891
4 90764 2 69009
3 79227 3 87018
4 73718 4 63930
1 6570 3 51533
2 7218 1 34033
4 53992 2 14675
1 91033 4 16725
1 42201 1 69784
2 39314 2 90700
1 13788 3 84240
4 90453 2 3248
4 81718 2 60396
1 83210 2 4538
2 47358 1 62154
4 51884 1 73001
3 95152 2 38430
3 39411 4 79198
1 36220 4 92324
4 55828 3 48153
3 79586 2 77416
2 24049 3 58269
3 37356 2 41957
2 23565 1 6994
1 92385 2 55860
2 47132 2 4389
4 10273 2 60467
4 82313 4 18435
4 71028 1 78678
1 80642 1 55407
1 1753 4 26303
2 15258 3 19356
1 81633 4 38473
4 94976 4 45620
2 48780 3 66316
4 48742 2 67649
4 22950 1 65803
4 85850 4 53591
2 1403 3 14752
4 94913 3 80294
4 27179 3 25688
1 63968 2 18783
3 71388 1 72268
1 54175 3 41503
3 22446 3 26934
3 3500 1 15178
3 7229 4 79296
2 2071 3 32777
4 88655 3 79575
2 35589 3 27753
3 81633 1 91549
2 66421 2 22285
1 30650 1 36235
4 94771 3 19879
1 29761 3 67907
3 69048 3 74826
1 36483 3 31264
1 76749 3 14185
4 74162 3 95160
3 97742 1 61455
4 53440 2 61276
4 2212 3 76892
1 22254 2 7403
1 57139 4 695
4 36815 3 38449
3 50972 4 40391
1 62125 2 18231
4 85643 2 43264
3 11686 4 73447
1 87046 4 69050
4 74810 1 6387
3 46348 2 70063
3 2610 4 83976
3 53439 1 2195
1 62569 2 36363
2 21063 3 1577
4 56062 4 60752
1 26335 1 61592
1 21727 1 31912
3 15832 4 59057
1 45282 3 57961
4 74859 4 52808
1 87165 4 73934
2 81076 3 90348
2 4894 1 87426
4 93723 4 24977
4 50463 2 15324
2 56407 1 58318
2 18071 1 67823
2 35472 3 34862
4 43015 4 7908
3 11999 3 57874
1 97153 2 60347
2 6923 3 65530
4 69947 1 8680
4 55574 4 84196
2 12938 3 93699
4 66005 1 77912
1 86885 4 34952
1 93369 2 22890
2 21547 1 57841
1 80391 1 6197
3 78678 1 41842
3 53283 1 43358
4 38088 2 64167
4 77122 2 16321
3 7214 1 40406
2 23084 4 78331
4 35940 3 77631
3 52343 4 43466
3 92861 4 69212
1 46956 1 20512
1 63330 4 28710
2 72729 1 82338
2 65364 2 27501
3 20484 2 91261
3 52266 2 45326
1 11038 1 94040
4 69035 2 37369
4 26727 4 83819
3 26982 2 22872
1 15839 3 28150
3 3461 4 1410
2 81025 3 47939
1 38259 2 17420
3 32224 4 60779
2 93683 2 48364
2 95774 2 85847
4 80219 1 28860
3 96038 2 63794
2 42338 3 49208
2 56660 2 20821
4 34509 4 31042
2 27591 4 77205
1 39446 1 90633
3 78348 1 94275
3 90414 4 563
3 27745 1 1783
4 82986 1 41752
1 87700 4 29283
1 65368 4 39630
4 8380 4 94759
3 52311 3 88605
4 97258 2 67431
1 72080 2 3794
4 24437 1 74513
2 11025 1 53338
1 31534 3 96882
2 25159 3 20354
1 24055 4 18026
2 61163 2 70565
4 40420 1 72188
2 57313 4 80847
1 43302 1 75797
2 94472 2 68255
1 6104 2 33730
4 45390 1 40288
4 6171 4 82724
2 79156 4 80368
1 15713 4 50346
3 89615 1 79097
4 8108 1 19637
1 26246 4 20065
4 12283 4 56216
4 79803 2 40986
1 97623 2 16129
2 61169 1 838
3 51378 4 36223
1 3797 1 58690
3 24422 4 83209
1 31931 3 84690
3 5221 2 57904
4 92224 3 87268
2 81047 3 64541
4 24304 1 27097
1 2267 2 76229
2 76382 4 25312
2 51262 4 59961
2 48991 3 9162
1 21333 1 93400
1 39635 3 73519
3 2779 3 61354
2 97285 4 31769
4 73297 3 90813
2 9447 2 53926
1 48099 2 63354
3 68795 3 12452
1 91723 3 10884
3 63412 3 2869
4 16114 4 50164
3 93082 2 94881
4 60226 3 34580
3 29811 2 51413
1 79025 1 57419
2 56807 2 26636
4 12142 4 96207
1 45019 4 16011
4 45245 4 26869
4 54184 3 31849
4 81458 2 48108
1 42051 2 90551
1 8420 3 43071
2 6907 4 26496
4 15455 1 89410
3 8150 4 32252
4 90974 2 79450
4 18896 3 10302
3 39854 3 8273
4 17857 2 56267
3 68470 4 30879
3 46725 4 4230
1 88420 3 88893
2 69594 1 21892
3 60202 3 37687
4 57016 3 65364
1 49496 3 60923
1 38931 1 80234
4 2943 2 9419
2 92567 2 71756
1 91849 4 42038
2 75993 2 14101
2 69051 3 72674
3 57579 3 59842
4 78252 2 48292
2 2997 1 84160
2 90847 2 57236
3 36411 3 53619
2 28769 1 17630
1 38911 4 71214
3 33110 1 35855
3 44461 4 13333
1 70494 3 18453
1 78692 4 41308
4 27752 4 58406
2 88862 2 81432
2 63985 3 60743
2 83897 2 94144
4 42934 1 60809
1 67704 4 70996
3 89966 1 85298
3 24352 2 11816
2 24886 1 19580
4 7068 1 13235
1 7337 4 4574
3 17275 4 9960
1 73261 3 70979
3 81288 1 36418
1 92698 1 32210
1 83967 1 53481
2 97598 3 69103
2 96528 2 29787
2 21211 4 77697
4 9303 2 4329
3 10886 4 64373
2 62813 1 60513
2 6506 3 10869
2 55776 4 90574
4 79778 1 83146
3 75908 3 82788
3 87998 2 38950
1 60010 2 65827
4 76023 2 57269
4 72487 3 2169
4 90475 4 56310
4 75570 1 74460
3 4834 3 2116
3 94817 2 89919
4 76341 1 96053
1 7256 4 26868
3 5942 1 51791
1 1017 2 39081
2 13545 2 50082
1 80783 2 4588
4 51010 2 3693
3 42573 1 44625
1 31954 1 15589
1 6818 1 22010
1 58435 1 91956
3 96009 3 7188
3 56494 4 63337
3 6922 1 9510
2 50823 1 76091
2 13478 1 8891
3 93863 3 24975
2 8563 1 44381
2 53160 1 93526
3 20028 2 77286
2 61083 2 22327
4 52207 3 19325
3 31663 3 62237
4 22731 4 9623
3 67837 4 26077
3 86827 3 5145
3 63237 1 57470
1 78130 4 77069
2 47921 4 57625
4 57791 3 46764
4 15529 4 41892
1 3146 4 25867
3 85477 4 93792
2 61568 3 88081
3 47030 1 58953
3 15483 4 19857
2 97768 4 95234
2 56510 2 48578
2 11751 2 12129
2 72735 2 52927
2 41007 1 756
1 88957 4 912
3 21328 4 62343
4 14412 3 15175
3 28080 2 66994
2 77772 4 87636
4 83365 3 79452
3 54231 1 41292
3 97655 4 72208
4 19060 4 91691
1 9891 4 90940
4 4796 1 82537
1 80115 2 20433
2 73016 2 3883
3 60545 4 52163
1 95262 4 65203
1 5018 1 19050
2 92783 4 56953
4 88652 1 21132
2 49767 1 6059
2 27048 1 67642
3 62732 1 95929
2 6237 1 38903
2 29760 2 72174
4 92101 1 59619
2 86733 4 64840
4 72058 2 29720
4 26694 1 36050
3 80778 2 97923
3 77848 4 60333
3 15359 2 90558
1 47968 4 12819
2 22217 4 18736
2 6371 1 48048
3 14933 4 32903
1 48368 2 53120
3 39096 4 42665
2 59186 3 9233
3 36370 4 42991
3 8900 2 55070
1 76461 4 69972
1 28513 4 83896
4 50709 4 10419
3 7107 3 66343
1 89584 1 45596
3 76634 2 40688
3 90129 4 53611
1 95783 4 4413
1 65714 2 34927
2 50656 3 20219
1 25969 2 86216
3 86114 1 36231
3 55411 4 44076
1 54175 2 8360
3 17474 3 82143
1 59611 3 19355
1 75374 2 50840
2 26327 4 68024
1 44679 1 32854
2 31299 4 191
1 7035 1 97315
2 79997 1 57378
1 79080 4 41423
1 63767 3 66694
2 90946 4 79036
4 24474 1 39132
2 44373 4 92888
4 54297 1 89771
4 34581 4 79946
4 20402 3 73696
1 40010 2 17049
2 26642 3 48019
1 55773 1 12176
3 18157 4 84603
2 69498 2 27855
1 13558 1 45017
3 15004 4 3240
2 39921 1 45485
2 74509 4 78405
1 78393 1 3778
3 73681 1 7524
2 10049 2 76237
3 75401 2 39683
2 19064 4 5607
3 76453 1 72294
3 64948 2 54102
1 2 2 2956
2 76604 1 65803
3 60328 3 52830
3 42154 2 38923
3 47602 3 14572
1 12566 3 4332
1 88059 2 1998
2 97787 2 68948
3 29101 4 19347
4 25048 4 15451
2 58625 2 1027
2 58891 3 11900
2 36229 4 7850
2 43709 3 16860
3 84708 3 79072
3 53108 2 4781
1 68750 3 41796
2 39894 2 2541
1 5787 2 8354
1 15940 1 8986
1 79818 3 95084
3 79148 3 42388
4 78966 1 87941
2 25056 2 63706
1 35052 4 70746
2 32240 2 59653
4 17520 2 32454
1 24036 4 24660
1 77118 2 38614
1 29385 4 79632
1 34021 2 21886
2 7269 3 19582
2 78436 2 46643
3 82902 4 13558
3 58257 4 84252
3 2807 1 72389
3 49472 2 49450
1 3699 3 72457
1 47826 3 16158
4 59916 3 33581
2 76148 2 23980
2 74272 3 201
4 64802 2 9874
2 64776 3 60612
2 11770 3 31612
1 30530 1 66122
1 95235 3 3378
4 23986 3 24603
2 51342 4 22344
2 43319 3 61344
2 86328 3 29865
2 7279 1 14316
3 86620 2 79443
4 64495 2 87193
2 91187 1 60210
3 52844 3 95659
4 32121 2 3120
1 52789 3 81658
2 62882 4 14869
2 44028 1 47240
4 45087 3 74103
3 56784 2 9516
4 26015 3 71790
4 96 3 86996
4 64431 3 83930
3 37661 2 66549
2 19562 1 66427
3 40098 1 21270
4 48854 3 69735
4 11929 3 57345
4 42774 3 86330
4 14734 1 93502
4 38972 4 95787
3 6469 4 6190
2 14204 4 89467
1 64229 1 5550
4 30775 4 74715
2 89318 2 38840
2 54366 3 79161
2 53248 1 18590
2 2437 4 79463
2 61851 3 89066
4 57554 4 42083
1 51234 3 61309
4 71472 4 3475
3 30852 3 38987
1 5673 4 36467
2 53133 1 48739
1 89760 1 34385
3 58364 3 43648
4 60211 2 18032
1 86644 1 75552
1 51650 1 13848
4 85949 4 48980
4 51713 1 30638
4 994 3 92479
1 63129 2 86106
1 66548 1 31024
1 12672 3 36585
1 97345 1 88224
4 5752 2 49158
3 6865 3 95840
2 35311 4 75321
1 7292 1 70596
4 85486 1 43896
2 43993 3 46526
4 41568 1 744
2 19679 2 33982
1 82004 4 20025
4 81382 2 77884
1 20281 4 38464
4 28182 2 80499
1 83492 3 80979
2 96047 1 4224
1 24663 1 78948
4 37560 4 78686
1 42194 4 66905
4 20598 2 21028
4 49685 2 37177
2 54178 1 22295
1 43131 3 2170
1 4456 2 61113
1 4073 2 56908
3 86848 3 72241
2 77964 3 82101
4 73286 1 36604
1 12530 3 97086
2 10130 3 25853
2 15015 1 33792
1 16674 2 5519
2 44068 1 43098
1 84586 2 18157
4 54394 4 3707
3 95445 3 96706
4 59551 3 85068
2 86955 1 87138
3 30467 3 30592
3 75973 4 91852
4 97714 4 50687
1 16308 4 41287
1 71250 3 39966
3 89503 4 21474
2 96058 1 67663
3 13867 4 20465
1 51061 1 5512
1 59052 3 46349
2 4938 3 11660
2 56580 2 92747
4 10120 2 39716
4 75975 2 65793
4 52294 3 64586
2 13134 2 78820
4 64029 2 66094
3 52197 2 65626
4 48970 2 89874
3 4562 2 93736
4 46555 1 31111
4 17100 4 70778
4 77009 1 19428
2 66906 1 40278
1 38058 2 52071
4 1475 4 25229
1 4392 2 46606
2 65660 2 4742
3 96226 3 40685
2 17959 3 20214
1 31606 3 36294
2 72820 1 32118
4 34079 2 97759
2 58082 4 46056
2 55065 3 51179
4 62856 4 86999
4 9914 2 53342
1 9808 4 92579
1 42763 2 32657
2 77406 2 6741
4 86692 2 60473
1 84932 4 3697
1 43896 3 80888
4 74270 4 35975
3 81048 3 22864
3 93439 2 5186
1 54089 4 90894
2 37738 4 25978
4 67848 3 54320
3 47365 1 5207
3 8067 3 43627
3 76811 1 85770
1 21002 2 59795
3 67095 3 88151
1 71245 1 96012
3 46681 3 59566
1 84133 1 34686
2 28281 4 11727
3 75542 1 52850
1 51892 4 35485
3 3921 4 13753
2 15823 1 33836
1 44254 2 77787
1 10752 1 25987
1 52408 4 52721
3 5544 4 85772
4 27656 2 78745
3 30049 1 16356
4 76626 4 20808
1 81118 3 2718
2 5701 3 88468
2 16635 3 60832
2 50796 3 72239
2 10813 1 61870
4 3554 3 28460
2 95302 3 20448
3 17263 2 58134
2 9771 1 67615
3 13625 4 65961
4 3703 2 72075
1 2054 3 33499
4 95336 2 9956
2 62824 3 44051
3 81927 3 63664
3 24254 1 7464
2 68747 2 17999
1 3290 1 16900
2 73654 1 38219
1 43045 3 85669
2 23983 1 71832
1 92558 1 95359
3 45316 1 89841
2 46349 3 15507
3 44299 1 88556
4 30953 2 9110
1 32588 1 60138
4 82020 1 87052
4 89320 3 54468
4 23318 1 38708
3 4482 3 50863
3 86487 3 34582
4 93190 1 47127
4 39357 4 41284
4 83985 2 25617
3 79560 3 51719
3 63089 2 85680
1 27599 1 96427
1 13646 1 73456
1 83531 2 34606
3 85764 1 63416
1 10618 4 95868
3 29455 2 65641
4 54893 3 23576
2 54235 2 86912
3 95602 2 60359
3 32997 2 68004
1 10291 4 24495
1 94912 2 6924
1 14639 4 44303
3 74491 3 39353
4 67186 3 57450
3 83361 4 81474
1 87222 1 9509
4 85476 1 6698
4 64417 4 46810
1 19567 1 97846
1 67078 3 17378
3 37326 4 15049
4 39356 1 7772
1 13762 3 78250
1 42336 2 25245
2 38540 4 62520
2 8832 3 25522
4 90998 3 35830
3 75981 4 66219
4 45680 3 84666
3 48914 1 33581
3 35565 1 95936
4 17414 3 18575
2 18734 2 4036
1 37120 2 86807
1 96327 2 46559
1 29208 4 37302
4 15845 2 86942
4 2107 1 33875
1 3529 3 78649
2 97806 1 1163
2 37713 1 61702
4 6693 1 7734
2 22671 2 67990
2 19181 2 39541
3 75757 1 83209
1 55731 3 36203
4 28176 4 69688
1 89522 3 2542
2 3033 3 45225
1 85359 2 88297
3 9756 3 13415
4 33772 4 90026
2 52206 2 37863
4 7924 3 60886
1 14303 4 20786
3 96239 4 39365
1 93724 3 57171
2 2327 4 68488
1 3379 2 61833
2 51460 2 85551
4 82114 4 38330
1 71651 3 58968
2 28572 2 73147
1 60247 4 37228
1 65341 3 77963
2 31306 1 96600
3 25874 1 89965
3 42764 3 12609
4 34402 3 13487
4 13204 2 90537
1 54377 3 23805
2 68804 1 17588
1 85205 3 13823
1 49048 4 62751
3 15065 2 78035
3 92637 3 93566
4 30502 3 35589
3 50640 3 51095
3 72865 2 84874
2 57609 3 84986
2 72545 1 16826
3 60346 4 63411
1 25355 2 13303
3 18219 2 60769
1 14825 3 52108
1 357 3 2242
3 19882 1 9367
4 45306 2 21079
1 48120 3 12722
1 3772 4 17
3 88650 2 32501
4 45807 4 92298
4 33195 4 63703
2 39663 2 58153
2 82300 4 42247
2 7323 3 1566
2 95182 1 68707
3 7701 3 12897
3 35058 2 32427
1 24364 3 74653
3 96151 1 26226
3 32270 1 56327
3 76626 2 7116
2 16289 2 25062
4 1268 1 44112
1 72523 3 93444
3 14168 1 87582
1 67684 1 78604
3 37685 1 60964
2 91337 2 36503
1 34596 1 87882
1 76404 1 94298
3 60505 4 28013
2 64503 1 57201
1 1781 1 18698
2 1532 4 45788
1 29568 1 22315
2 83033 1 8531
4 44120 4 25587
2 10927 1 3704
3 60641 1 59182
1 58610 1 77910
4 70945 2 37915
1 23111 1 39971
1 50744 1 44034
1 79350 3 91634
3 91833 2 42372
2 20329 1 95287
4 63121 3 22520
1 6032 3 3083
1 88203 3 87594
3 34102 1 86289
2 22140 2 21101
1 45482 4 57343
2 50458 2 79892
1 49930 2 81175
4 85156 2 38505
1 87730 3 40755
1 50 3 73861
4 26651 4 55114
3 48188 1 75187
1 72464 3 45137
3 91721 3 40711
4 27892 2 1248
3 23178 4 65613
3 72634 1 11112
1 82079 3 18825
3 86160 2 87238
3 66936 1 39576
3 31565 3 51186
3 2439 3 32277
3 44315 1 83859
2 32310 1 10594
2 40952 2 39381
1 51232 2 10628
1 97871 4 82464
4 31176 1 11774
3 27 4 48474
4 68881 4 20533
1 24841 1 85160
3 62926 1 71334
1 71261 2 34746
4 63722 4 58593
4 37645 4 47049
2 26425 1 51815
3 95069 4 86504
2 85009 2 40351
4 36955 2 38087
2 34309 1 8334
1 47685 3 50057
2 38038 2 64562
2 65339 2 8156
2 50524 1 6998
1 12427 2 7863
2 1505 3 72318
4 91705 1 29512
1 22226 4 56516
4 34081 2 28127
3 94255 4 30379
4 89552 3 13020
3 32390 3 3069
4 68934 4 1094
1 85766 4 51991
1 97050 2 8132
4 29756 2 11304
4 31073 4 3064
2 91873 4 6826
1 41688 1 51768
3 86152 3 58665
1 21540 2 97880
2 64905 2 64518
4 17807 3 46837
3 9274 4 93270
1 45370 3 8586
3 72217 1 25983
1 69346 3 54953
4 34173 1 26822
4 4814 1 2685
1 67010 2 68882
1 71659 3 903
3 21498 1 2740
4 70293 3 36391
3 61995 4 90555
4 24077 4 41848
3 66322 4 14641
3 93809 1 37162
4 9058 4 77999
4 77790 1 97399
3 17319 2 43459
1 9857 3 53098
3 3391 3 51719
2 73043 3 69837
3 24582 2 72034
3 56288 3 12513
2 83067 2 35735
3 21903 3 29484
2 10832 4 91827
2 28794 2 26864
3 42050 3 41968
1 35132 3 94603
2 92409 3 16235
3 1374 3 84727
1 60948 3 49940
2 11008 2 7120
4 91816 3 1117
4 97295 1 53938
4 17976 1 51012
1 69055 3 90314
2 69543 4 90906
2 75027 2 64161
1 60738 3 15610
1 74746 3 74813
3 56152 3 57536
2 32435 3 25403
1 77154 4 85627
3 89499 1 65698
4 71384 3 7614
2 52245 1 32012
4 61863 4 53821
3 14867 3 33583
2 66042 3 96189
1 72758 2 27831
1 25697 2 86935
3 22162 2 68550
3 44488 2 76605
1 31913 4 67222
1 45666 2 12696
4 26987 4 46146
4 80454 2 66108
4 46580 1 88277
3 83469 3 13634
2 74534 1 445
2 42997 2 28075
4 27308 3 66758
1 64489 1 56640
3 71258 2 25194
1 85522 4 92179
2 53910 3 14716
2 29896 2 92880
2 52401 4 46928
3 71750 4 5242
1 78655 4 26956
4 85378 1 35025
3 18769 2 75825
3 10204 1 55820
3 27351 1 55187
2 81966 1 25435
3 69105 1 59153
4 8435 2 92623
1 69101 1 2720
3 71262 4 85242
1 51891 1 49015
3 59743 2 37219
2 97266 4 70676
3 12781 4 95809
3 6534 4 57327
1 84913 4 13602
1 66474 1 95698
3 93713 4 61092
4 22707 2 9850
4 40741 3 26242
2 55976 3 93167
1 54719 1 86362
3 82232 3 43238
2 60640 2 449
1 28362 3 38212
3 3274 3 64035
4 42032 4 85631
3 29782 3 68395
1 46237 4 9991
4 61347 3 36875
2 75224 2 3120
3 69325 2 43962
4 22819 3 91604
3 13154 2 64408
1 41852 3 72936
2 16412 1 53952
2 89678 1 24904
1 34786 3 15258
4 4186 1 64014
2 9878 2 30904
1 29750 1 61852
4 31173 3 45977
2 78603 1 68425
1 56138 3 45059
2 47913 1 80041
4 5979 4 79630
3 23656 4 42650
2 54698 4 79416
2 31109 3 57680
2 44334 3 17133
1 1422 2 91196
2 23818 2 7223
3 47581 2 63968
2 55295 4 34834
4 88360 1 72945
4 28240 4 68226
3 33885 4 51469
4 5837 3 80035
1 13704 2 28476
3 57020 4 62366
2 96542 3 79976
1 65008 4 73036
4 53281 4 64561
1 40425 2 96125
1 54546 4 43310
1 28434 2 25158
1 72932 1 56140
2 66175 3 11750
4 1891 4 9715
2 82025 1 38327
2 63326 2 32015
2 67569 2 59017
1 56512 4 31637
3 13908 3 25242
4 92374 3 24394
1 4798 1 41584
4 90941 1 74524
1 11333 1 5826
2 97154 4 75561
2 10859 4 59715
1 75554 4 26739
2 64751 3 85070
3 54196 4 72108
1 19957 2 53758
4 15724 3 89943
1 20340 2 92521
1 22783 3 74118
2 4964 2 85949
3 30935 1 95156
3 3976 4 77788
1 93576 3 68864
4 51806 3 36501
4 13252 2 30267
4 66977 2 70349
3 7439 4 21585
4 53426 1 28501
4 6066 2 66445
1 47381 3 67129
1 11382 4 54763
4 94814 1 50129
4 35272 1 57814
2 57591 2 47302
3 36328 1 35444
2 60008 4 55708
2 7222 2 80873
2 67176 2 84714
1 75591 3 14401
3 96323 2 86828
1 41945 4 7196
3 94388 4 72012
2 53280 2 74665
3 89026 4 37433
1 63057 2 38236
1 57017 4 32530
2 85208 2 13721
2 90433 2 94991
4 45584 2 77433
2 89484 3 5777
4 89458 3 587
1 54855 3 68930
2 35670 3 93705
3 68812 2 11366
1 7485 2 22153
2 33003 1 14865
3 45646 3 73154
2 20476 2 8910
1 15217 3 89194
4 60814 2 53731
2 37744 4 89871
3 10473 3 81992
3 58289 2 50447
3 82421 3 58819
4 9705 1 53242
2 37962 1 60393
1 11732 4 22695
1 37689 4 71200
4 18535 2 64491
4 50356 4 76269
2 52539 1 96701
2 84597 1 87723
3 10087 4 31141
2 88192 3 84202
2 72108 2 35651
1 31909 1 50443
2 91652 1 56502
1 62420 4 32373
2 93047 3 62398
2 76821 1 92477
3 181 4 29804
4 43019 4 50834
1 38513 1 83024
4 78909 3 6438
2 92530 1 42827
3 71927 4 3523
3 35974 2 21088
4 37538 3 6150
1 13395 2 15590
1 51183 3 71716
3 42969 3 24042
2 95818 4 2620
3 63890 2 73225
4 72600 1 40554
2 25214 1 6960
4 40266 1 94557
3 43875 1 69136
1 33854 1 92241
2 27310 3 63226
4 15631 2 91815
4 59260 2 24347
2 55568 2 45754
1 53660 3 37746
2 33327 3 69328
1 58056 3 62520
1 11926 3 34891
3 82173 4 12943
1 74848 2 23543
3 7805 1 21893
3 2311 4 14946
3 94168 2 11419
3 89854 3 41601
2 28999 2 83944
4 39603 1 55442
2 85301 3 89922
3 39372 4 22179
4 97664 3 74187
4 70030 2 80889
3 34014 4 53496
2 92025 4 17749
1 79170 3 37118
4 63099 1 46408
1 57140 1 90255
3 6670 2 4038
1 39830 2 49069
4 58269 1 25804
4 27120 3 85016
2 11127 4 37296
1 5595 1 47953
2 62124 1 24640
3 88963 1 74207
2 62209 3 53250
4 6201 2 41206
3 75231 1 25093
4 45426 2 36127
3 86290 4 18857
2 80362 2 81658
4 87622 1 53195
1 91625 2 9494
2 89960 1 80128
2 85220 2 38794
4 93624 1 91924
2 96558 4 54064
4 18004 1 44728
2 56316 1 29646
2 30155 2 84540
4 40828 1 63429
3 73902 3 64649
3 96261 3 78252
2 72705 4 83807
4 35758 4 35506
1 72261 1 683
3 39549 4 40963
4 40788 4 30572
3 24202 2 21917
1 78605 1 14634
1 17721 3 76204
3 48130 2 88945
3 2100 2 51594
1 62641 2 67439
2 12709 4 78215
4 89064 3 23912
2 41402 4 86671
1 83474 3 79192
2 90193 2 17849
2 81372 3 2618
3 15694 2 69149
3 15524 4 82788
2 42949 1 21971
2 69010 2 91993
4 39649 2 55486
3 10198 1 39968
3 17460 4 63261
4 42246 2 2287
1 14427 3 10444
3 47529 3 32377
1 26387 4 77280
2 12812 4 1457
1 13732 1 16285
4 45254 4 29622
4 284 3 56441
4 88164 4 67589
3 18986 4 59953
3 44304 2 87476
3 87013 2 70793
4 50256 4 52303
2 22564 3 7559
2 87805 1 13208
3 40753 2 33813
3 95586 1 87124
1 56813 1 43194
2 82945 2 94521
2 92042 4 27116
3 94153 1 19009
2 38434 4 35414
4 33083 3 70703
3 88367 4 97663
2 8539 3 59991
1 66479 4 66147
3 54168 1 6388
3 50260 1 53572
4 78312 4 55710
2 84007 2 49309
4 85709 3 68824
1 49015 4 18671
3 64739 3 67379
3 24439 4 31909
1 92677 1 38902
1 76365 3 76950
4 3743 3 15999
3 3752 4 4666
2 89062 4 14863
1 33179 4 28237
3 54136 3 37651
2 91100 4 77279
4 14775 4 68189
4 37860 1 23358
4 63881 2 13076
4 84889 1 36359
1 7669 4 25225
2 73146 1 54066
4 1391 1 44174
3 38289 1 80842
2 11973 4 43107
1 83814 4 63936
4 90339 1 63516
4 64235 4 96980
1 93063 1 54094
1 35686 4 36227
2 87515 3 24516
1 40633 1 79704
3 72220 3 7486
4 70049 4 56616
3 14642 2 67056
3 96959 1 28957
1 68938 3 3710
4 62857 3 8929
1 23006 2 95808
2 534 3 90960
1 69419 1 88295
1 49987 1 79175
2 91898 2 7793
1 92213 2 52355
2 26545 1 61133
2 21189 2 67100
2 81194 3 37794
2 68479 2 34763
4 19169 3 72712
1 35936 3 69687
3 43175 4 87521
3 32440 2 28346
2 25757 4 81256
2 50245 2 85633
1 49470 2 31740
1 40039 4 78399
4 46986 3 22733
2 50092 2 518
4 73836 3 24528
2 12602 2 54363
4 20474 1 95551
4 69455 2 43391
3 54285 1 10601
2 20255 2 9732
3 87622 1 3697
1 90649 2 21598
4 54323 2 82213
1 76631 3 68984
3 11432 1 13017
2 77898 1 46052
4 37385 4 47921
2 50756 4 64040
3 11741 1 15705
2 96596 3 71206
1 22773 2 2910
1 81023 1 1039
1 80683 1 38794
2 20098 1 12222
4 69976 3 20618
2 77963 2 94118
1 13467 4 21441
4 78621 1 9328
4 5409 1 76379
4 93454 3 94908
4 38955 2 97711
1 10509 4 48958
4 81951 4 17034
1 36271 3 55910
2 55628 4 86037
3 3485 1 96986
3 26372 2 8457
4 83654 3 38094
1 46371 3 71043
4 39567 1 50129
1 96851 4 3458
3 29076 4 12329
2 19970 1 55019
1 69249 2 3678
3 47779 3 4581
4 16212 2 816
3 96932 2 50350
2 73360 3 72404
4 73552 2 75700
4 73963 1 43998
4 9239 2 81296
4 89087 4 61151
2 5367 3 11265
4 25145 2 55904
2 93274 4 92640
3 18038 1 2587
1 89919 3 74212
3 56473 3 52467
2 62272 4 91388
1 22599 4 251
3 8189 4 60101
3 24368 3 68157
3 83300 1 84892
4 53765 4 71351
1 60 3 8569
2 67902 4 47387
2 10238 2 29012
4 23591 4 2605
2 62394 2 47125
4 14349 2 4787
4 38319 4 86040
4 23600 4 74185
3 33739 4 49685
3 40566 3 24597
3 17612 2 83443
2 11806 4 12717
3 77923 2 30850
3 21074 1 94180
3 6317 2 67934
1 78070 1 94656
3 12921 1 92632
4 41638 3 93103
1 7891 3 35509
2 30788 4 56553
2 2701 3 59853
2 37276 3 50323
3 69067 2 30000
4 26621 2 5301
3 19125 2 5465
1 72466 2 8001
3 32964 1 86703
1 55112 4 11104
1 86301 4 91468
1 5074 1 90611
2 34591 1 65179
3 83005 1 8962
4 11391 3 57662
1 36079 3 74083
1 92914 4 56446
1 40707 2 54213
4 15848 4 2429
1 32163 2 31585
2 1529 2 32132
1 52862 1 11325
4 75548 1 17273
4 74757 4 58518
3 59255 1 57546
1 25325 3 58647
3 14625 1 29194
1 53955 4 14481
2 68946 3 57511
1 37245 4 53302
2 74248 1 68468
1 63226 1 38928
1 52356 2 26473
2 46603 3 29627
1 74196 4 89975
1 13370 2 4190
2 94837 3 60772
3 50532 3 54363
2 49663 2 66302
1 94188 4 17477
2 56042 4 73704
2 17682 1 45446
2 22266 2 42880
3 29950 1 51627
1 30952 3 4837
1 21681 1 32256
2 85439 2 478
3 65755 4 87005
2 61180 2 53318
2 64179 1 69615
1 66517 1 68036
4 91296 2 6671
4 75877 2 60287
3 33987 4 21241
2 93790 3 28408
1 76505 1 83774
3 63706 4 332
1 44451 3 58026
1 79167 3 39435
4 86704 4 91331
1 43797 4 45249
1 51244 3 38987
2 34386 1 66327
2 39238 1 89072
1 19360 1 44625
2 73373 3 77369
1 41706 4 87941
4 73691 1 93354
3 45480 3 92898
4 31167 3 65712
3 40543 2 17256
4 88261 4 30027
2 46184 4 86557
3 14721 2 38862
3 65127 3 18247
1 57751 3 48402
3 74955 2 12740
3 46847 3 76102
4 7362 1 64988
4 62815 3 74330
4 52177 3 13721
1 13343 1 88213
2 13149 2 65210
2 27080 4 76199
2 60415 4 52704
1 35213 4 14603
1 32994 3 81107
3 30365 2 71324
3 73311 3 84126
1 37357 2 3681
2 90477 2 2561
3 11270 2 82915
2 40808 4 48520
4 31363 3 92771
4 37227 3 75003
1 8292 1 91622
4 57250 1 35149
2 19580 1 46679
2 94974 1 2102
4 85602 2 5529
1 51035 3 75526
2 95622 4 36068
2 31379 2 38146
4 53989 2 22926
2 69802 3 4421
3 80936 2 21500
1 19413 4 46302
1 72409 4 29514
4 8578 1 52075
4 70230 2 92038
1 44193 1 36890
2 2399 4 80131
2 38342 1 47615
3 2840 4 40548
2 1881 4 94592
4 24956 1 12340
1 19248 4 90449
4 60523 2 92973
4 44268 4 32445
3 75245 4 76264
4 78947 1 51874
1 56677 1 77096
2 406 3 97164
3 4976 3 95816
2 81026 2 63260
3 94291 3 47464
1 87546 4 67533
2 44187 2 44042
4 35975 4 648
2 47737 4 6459
3 45638 1 5773
1 43218 1 56873
2 12648 1 63817
2 77500 4 92007
1 70168 3 22630
4 72642 2 87698
3 88353 2 76405
4 46491 4 35044
4 77445 1 64712
2 85897 1 61576
3 83171 2 97464
2 39391 2 43815
4 30007 2 9952
2 55115 1 57277
3 62295 3 40185
1 73473 2 60667
1 2230 1 82567
1 48789 4 52380
3 2977 3 19277
1 58391 1 17953
2 91063 2 26634
3 64780 2 5190
4 27282 2 68958
2 72426 1 72012
4 4576 3 44215
2 89919 3 70670
4 44495 3 61539
4 21778 1 64976
4 49620 2 37250
1 86543 1 53605
4 31219 1 35591
3 47076 4 27013
2 70727 3 10423
2 79903 2 78614
2 88878 3 53108
1 94829 4 59277
3 12225 4 89202
2 21022 4 29298
1 51516 4 10981
4 8723 2 89741
3 19411 1 64141
4 48606 1 91778
2 67019 3 70403
4 12310 1 81397
4 26048 4 72496
4 43673 4 19412
1 76046 2 71575
2 19858 4 68087
2 29192 3 62307
3 36616 4 82020
2 38495 2 35703
4 90379 1 12855
2 26618 3 83284
3 25023 4 32569
2 15343 2 69245
4 10865 4 13513
2 35657 2 22724
4 34572 1 66565
2 33228 3 79556
2 45765 4 11572
2 94198 2 27217
3 71614 2 2235
3 90776 1 55302
4 454 3 7596
4 50075 1 26122
1 47133 3 29820
2 37861 2 80864
1 84038 3 49717
2 49138 2 47827
4 77634 4 39177
3 13054 1 56493
1 35444 3 14227
3 18770 2 8825
4 72446 2 61605
2 14577 2 42104
4 23940 1 57108
3 95774 2 15370
4 38928 1 77663
4 47394 3 35529
4 94622 3 72895
4 44013 4 25789
2 29645 4 58129
3 74312 2 21890
2 31820 4 64898
3 70141 4 89267
3 39929 3 18718
3 26430 1 54331
2 4059 1 48864
2 4348 4 560
4 45287 4 9078
3 23621 2 64885
4 84154 4 56194
3 86710 3 9825
3 56229 2 31814
1 23573 4 60657
1 23892 2 55594
4 55434 4 30732
1 16751 1 97554
3 57745 2 91346
2 82367 2 22690
2 36269 3 89712
3 39805 1 72284
3 14388 3 78761
3 55744 1 67921
1 81705 3 92007
2 61882 4 51538
4 41392 3 18221
2 35950 4 31788
4 61626 4 61326
3 84097 4 12934
2 29547 1 91865
4 87411 4 28277
4 24683 3 30728
2 44745 2 28310
4 38825 3 3571
1 85981 1 52021
2 37952 4 43108
2 3733 2 66663
3 73708 3 22646
3 61974 4 78987
3 948 3 49441
4 30500 3 42624
3 72942 4 11357
1 235 2 36206
2 83310 4 74705
4 10031 2 74001
2 44050 3 81169
4 33150 1 41201
4 4632 4 13201
4 26421 3 37497
4 11283 2 20600
2 80334 3 37956
2 27556 1 48528
3 90928 3 91096
2 66346 4 85048
2 69409 2 62805
2 4819 1 59869
2 17313 4 28576
2 41800 3 10948
2 18456 3 87200
3 31151 3 30912
1 31200 2 28747
3 33040 4 36201
4 39258 3 9315
2 1723 3 3267
1 53851 4 75596
1 29320 1 66609
4 34514 3 34091
2 86066 1 4478
2 40539 4 84762
4 65852 3 96617
4 59639 1 7586
1 13759 3 97267
3 84669 4 4248
1 74507 1 30706
2 508 3 91458
4 9812 1 36049
3 40919 4 83579
1 80819 4 34357
2 19555 1 44194
1 48817 4 93639
2 75145 3 95418
4 83280 1 29227
2 89188 2 44651
1 50719 4 12276
2 44842 4 78550
4 7308 4 95398
3 25145 2 56812
3 17448 3 37916
2 85920 3 44515
2 24627 3 77630
3 37065 2 15725
4 75753 4 29824
2 61578 4 65997
2 32398 4 316
4 14819 3 11251
2 28536 3 52549
3 12675 2 45401
3 6389 2 29174
3 1268 4 4737
3 22755 1 32287
2 63070 2 8258
2 38305 1 7368
2 12290 3 78875
4 66575 3 79173
3 52338 1 65945
1 4749 4 73337
4 19251 2 23932
3 10692 1 73710
2 56131 4 12528
4 45147 4 73782
2 74906 2 25156
2 42850 2 78543
4 47350 3 31275
2 26839 2 36153
3 96708 4 47992
4 6949 3 34365
3 57728 1 50137
3 47865 1 71253
2 84775 1 34469
3 79961 4 6978
3 5715 2 58570
1 40524 1 25721
3 65702 3 1291
3 95248 1 75584
2 39380 4 31821
1 79301 2 33280
3 48895 3 31951
4 8299 2 52763
3 84202 4 80385
3 88121 3 49643
1 62398 3 77153
2 36129 4 95572
4 53830 2 86585
1 73745 4 6593
4 77450 2 17145
1 33647 4 50279
4 88975 2 22140
3 33208 4 62971
3 31239 2 67738
1 712 3 40986
1 44749 2 30996
3 35392 4 58267
4 97931 3 53082
4 27225 2 31042
2 85826 4 83685
1 68256 2 66483
1 89588 3 51944
2 75970 1 27573
3 43427 3 9459
2 74002 3 57394
2 52647 2 78210
2 86657 4 61333
4 91151 2 87173
3 88480 1 76465
4 68909 2 65118
4 92864 4 15950
3 49029 1 21034
1 83068 1 28574
1 90222 2 79084
4 18667 3 36548
1 86604 4 22054
2 57593 3 1598
2 39077 3 32482
3 31997 3 72436
3 88658 2 55297
3 6985 3 47137
2 63169 1 37554
1 45580 1 66386
1 63030 4 18383
4 21890 2 24167
4 34794 2 2202
4 94796 2 38818
3 8384 2 50780
1 81255 2 184
4 63280 3 95370
3 22777 3 59853
4 67773 3 82663
1 13902 1 36820
3 66599 4 83257
2 11642 3 70201
3 70405 2 4370
3 86094 3 40732
3 81154 4 44083
1 89639 2 2604
3 52511 3 48711
2 33024 1 16860
3 22256 2 28734
3 33338 2 10392
1 84196 4 35250
3 54574 3 34683
2 74025 4 80276
1 94358 2 75974
4 35679 2 52344
1 14732 2 66388
1 31415 4 82989
2 64782 4 19960
2 83738 4 28404
4 88922 4 22042
2 26882 2 55743
3 17756 2 8717
3 6065 1 9067
2 49645 2 52351
3 90143 1 9808
3 55993 3 5983
3 87524 1 27983
1 92254 2 6000
1 10259 3 62069
2 49077 3 91028
1 93253 3 22469
1 60762 2 27848
3 41751 2 53121
1 28769 1 16044
4 42005 2 84817
4 31368 4 72455
3 4965 1 74848
1 46481 3 495
3 26817 1 26380
1 5472 2 88150
4 45415 3 45549
3 35289 2 9939
2 82638 1 2315
4 72639 1 44647
3 85610 3 45333
2 51203 4 12653
2 47650 1 53236
2 75901 1 79039
3 85859 4 13113
1 97057 2 75439
1 31172 4 20348
3 2552 3 94534
1 64514 3 21370
2 77347 3 21439
4 58267 4 80643
3 88606 1 41347
3 75723 1 65583
1 91917 3 20567
4 50429 2 66630
4 30118 2 39848
2 6631 4 15419
3 77894 3 67061
2 1506 4 57240
3 64994 3 84394
2 53093 3 82576
4 97802 2 3913
3 96356 1 42492
2 71251 4 56915
3 19972 2 22540
4 72095 2 13934
1 18063 4 8495
4 95420 4 76105
1 52951 2 4047
4 36416 3 87642
2 63061 1 3466
3 27274 2 14214
1 85839 3 57951
4 26952 2 74960
2 88991 3 77937
4 91828 1 5450
1 92988 2 11417
1 59941 2 5520
4 2629 1 79225
3 65775 3 78341
2 94465 3 80314
1 9541 2 31553
4 83260 4 49671
2 74983 2 55808
2 56828 2 6396
3 41959 2 75885
2 72139 4 66336
1 11145 1 8131
3 30707 4 70596
1 39170 2 54396
1 8685 2 2443
3 12024 2 22386
1 7715 1 550
2 67817 3 73465
1 93298 4 78042
4 22878 4 41792
2 93641 1 39934
4 40640 1 58820
1 11887 4 80311
1 45015 1 49441
1 33497 2 499
2 69355 1 77924
1 25570 1 73683
1 91106 2 18924
2 7164 1 83603
4 78461 3 83697
3 96634 2 37668
2 25888 1 54427
2 21473 3 34339
1 59545 1 27843
2 68089 4 55201
2 40636 4 48128
1 71318 3 96066
4 67912 4 11662
1 57540 4 84161
2 21814 4 80284
3 50806 3 52461
1 74030 1 57083
4 92062 4 10747
4 78988 3 11029
1 81051 4 54895
1 85658 4 86278
2 8729 3 67555
1 79666 4 5274
4 95805 2 37615
4 13461 3 69954
3 90106 1 72962
4 87400 3 85264
1 21362 1 47544
4 6720 4 69088
4 36101 1 30845
1 52427 2 16864
4 72270 2 60122
3 21835 1 22641
1 25696 2 16666
1 41976 2 46234
4 59884 1 63830
1 80320 2 52571
3 54221 4 92140
3 61533 1 67338
1 61049 4 52439
1 31190 2 71696
1 82235 1 38158
2 39319 3 97659
1 51011 3 29145
3 85212 1 23088
3 36661 4 69377
2 56310 1 37002
3 27379 3 30921
1 35460 1 27234
2 56425 3 77262
3 34315 1 6789
3 74005 2 95554
1 86276 1 25078
1 25758 4 68462
1 18986 1 31779
3 71077 3 24592
1 34461 4 10437
2 55890 2 72561
4 12524 1 19799
2 57068 3 51708
2 21721 2 69418
2 43451 3 4767
4 63403 2 36866
2 66744 4 23183
3 69030 2 96723
2 49188 1 30075
1 73415 1 62567
3 12985 1 53295
3 41763 4 64918
4 46506 4 19421
4 72051 3 97699
4 83052 4 85163
4 88661 4 46972
4 58186 1 7845
2 27172 4 96135
3 599 1 88063
1 91635 4 77197
1 30943 3 95858
3 29936 4 8161
3 25776 2 29337
1 5106 3 37111
1 34970 3 51768
3 81376 4 10755
1 54939 2 73923
3 84347 1 6715
3 81606 4 76013
1 42088 1 19859
2 59117 1 84271
1 3967 3 88116
3 61003 4 13946
1 74457 2 27831
3 70775 1 36092
2 14173 3 57406
1 59364 1 70851
4 59320 3 66969
3 62536 2 32311
2 35065 2 52921
3 68829 3 82015
4 54927 2 75033
2 35524 3 59205
4 56471 3 58554
2 33463 2 73631
1 45837 3 63639
4 66711 1 72788
2 16079 2 35934
3 84525 2 67972
1 71443 4 55050
1 5579 2 9117
4 85016 2 24211
4 88119 4 77668
4 52702 2 3255
3 12445 2 32442
4 93667 3 75906
1 64430 2 75420
1 94433 4 48071
1 24534 2 9042
2 55284 1 16888
1 31110 2 93814
3 92720 1 54448
2 20070 4 4849
4 51945 4 13925
1 69623 2 28587
4 33805 4 19973
3 61230 4 3947
3 37124 2 97052
2 58212 3 70781
4 67254 1 73449
2 34665 4 5606
4 97837 3 75452
2 66336 4 78949
2 81676 2 17937
1 18605 2 43904
2 35466 3 18636
4 96069 3 72996
3 97868 2 90685
4 94195 1 42344
3 38391 3 76062
3 59816 4 55318
1 77305 4 67111
2 47837 2 23592
3 26184 2 66954
4 84124 2 5337
1 93492 2 77331
1 69500 4 18053
3 45761 3 23689
1 51584 2 8869
3 67679 2 90157
3 55325 4 60990
4 34685 1 33365
4 2402 1 45071
2 37701 3 36069
2 86192 3 35093
1 90080 3 45589
3 45553 1 90102
2 21491 4 284
1 84371 1 36141
2 64509 1 46402
1 45532 4 53758
2 37808 1 40956
1 56899 3 13488
4 41820 1 14339
4 24680 2 17443
4 62480 3 63902
1 87992 4 87166
3 40315 3 32274
1 89376 4 53912
3 16807 4 89515
4 19415 2 60489
4 95181 1 78172
2 58834 2 9575
4 64705 4 52883
4 36351 4 62964
2 74774 3 11590
3 2346 4 17902
4 51793 3 81341
3 58896 4 96038
4 94949 2 65051
1 40238 1 96715
2 49311 3 1390
4 55018 4 61742
4 29292 2 95799
3 37517 2 19454
2 60305 1 38739
1 63252 3 18127
2 73497 4 45880
2 17569 3 58681
2 53236 4 5230
4 81658 4 31185
4 93845 4 47160
4 77062 2 92876
3 75129 1 94368
1 39928 4 72969
4 63153 1 40741
1 77980 2 68453
4 83895 3 15765
4 27572 4 37397
4 8986 1 16376
2 28108 1 76914
3 81137 1 54003
4 65182 3 59714
4 50451 2 83763
2 54710 3 73313
3 94129 4 96566
1 74977 1 38128
4 48127 4 94482
3 24950 4 67625
2 39124 4 20399
4 9858 2 69442
4 48031 1 29933
2 22509 1 75026
2 7509 1 13410
1 35281 3 91797
1 4568 4 45638
3 52369 1 9498
1 28110 2 52191
3 13860 1 97111
2 27540 1 56344
2 61824 2 76498
2 20203 4 51809
1 85282 3 29144
4 28996 4 10402
1 10813 1 46641
4 62839 3 11911
4 61689 1 63272
3 14358 4 28440
1 12156 2 83010
1 96685 2 16510
1 18619 1 6313
1 92381 1 45398
3 15581 3 48038
1 30797 3 68845
2 52120 2 6080
1 81265 1 21108
3 33393 4 14758
2 65782 4 377
2 95417 4 36301
2 83128 1 54953
3 94523 4 1621
3 52516 4 38851
1 55674 1 24369
2 77481 3 18243
4 59444 4 84507
4 35076 1 65843
2 33748 2 4968
4 50331 3 61155
1 3019 1 26244
2 5406 1 49739
3 72627 1 70989
1 89362 1 57890
4 73569 3 6559
2 95241 2 60572
3 84148 2 84884
2 21251 2 93259
1 179 4 37587
3 58209 2 90265
3 65822 4 56379
4 4365 4 13223
3 66453 1 44224
1 67958 2 18432
2 88355 4 73415
4 59810 4 95253
2 74478 2 75925
4 94472 1 79315
1 94588 3 52345
4 51225 4 8281
2 91720 3 57431
2 33350 4 12286
1 63240 3 74141
3 87686 2 27467
1 78704 3 30764
4 4098 1 84175
2 51173 2 74774
2 90602 1 2065
3 27496 4 44366
4 6856 2 51515
2 89058 2 15286
3 61867 2 3801
2 27699 4 75407
1 92764 4 14202
3 27633 3 57643
4 95363 2 778
1 63727 4 64284
1 67382 4 19548
4 94735 3 71448
3 75202 2 69356
3 84616 1 52113
3 93984 4 17259
2 29881 4 5066
2 40630 2 8625
3 61572 1 49768
3 92765 4 4468
4 30135 2 57691
2 30817 3 34401
3 54285 2 76885
4 41122 3 67383
2 38838 3 1975
2 36540 4 27488
3 77314 1 82052
1 59861 3 32675
2 76557 2 46615
1 63092 1 73445
4 79757 3 31102
3 20330 1 56977
1 86019 3 82914
4 62144 3 63829
4 60092 3 70600
4 66863 1 64925
2 75140 4 82060
3 4236 1 16347
2 16659 1 40943
2 47518 1 82369
4 78833 1 68533
3 62001 1 34664
1 20191 4 7276
2 95036 3 16697
4 63804 4 29931
2 174 1 71207
4 46452 4 31272
1 39599 3 74429
1 41565 3 6265
1 25531 1 55558
2 33669 3 40221
3 41650 2 75206
3 70914 3 64270
1 88831 1 32515
4 67073 1 43467
1 5271 3 36843
3 23431 2 83903
1 75966 2 73817
1 51964 1 95330
3 27063 3 923
3 51531 1 37403
4 92124 4 31891
3 27540 2 37566
4 20875 3 36675
4 2513 4 44879
1 76167 2 5127
3 40555 2 42339
2 80220 1 13862
4 74007 3 72801
4 90259 4 28829
3 25217 3 78287
1 68194 1 20461
2 80062 1 54068
4 86761 3 13197
2 45364 3 90857
3 67511 2 10012
3 5270 2 96887
4 62943 4 48351
1 60794 2 91039
2 65393 2 33531
1 1803 4 82567
2 82283 2 54459
1 93137 1 5879
3 68733 1 33735
2 58335 4 31527
3 32009 3 28739
4 79169 3 5979
1 55096 3 71290
4 84092 4 55891
4 9624 1 40473
4 3197 1 54805
3 16084 4 31684
1 6474 3 4038
1 61578 2 89129
1 69721 2 94360
4 33618 3 79804
4 20576 2 91276
3 97677 1 77577
3 27192 1 14883
1 33007 4 73367
4 5670 4 54673
1 88117 3 60034
4 24160 2 26859
2 8436 1 95154
1 5526 2 63936
4 88908 2 83025
3 21149 3 21721
3 29191 3 70278
1 73815 3 35892
1 9705 3 16272
2 13324 2 48965
2 60748 4 10627
1 57589 4 36053
4 71777 4 9746
3 95692 1 15392
1 71595 4 12474
4 10271 4 1431
1 67832 4 61283
3 72665 4 79211
3 44111 4 53382
3 26194 2 16504
1 72896 2 64180
2 83167 3 72164
3 17181 1 1834
3 35376 1 90352
1 51748 1 60211
2 60037 1 5298
4 11700 3 66059
3 83899 4 39394
2 56733 1 34550
1 82728 1 33045
1 15446 1 19344
4 63046 4 87330
3 17517 1 11925
1 70386 1 55148
2 77446 4 93747
1 16694 2 11718
3 93162 3 12182
3 81255 1 87431
3 85076 3 47707
2 74695 4 28975
3 42297 1 43275
3 1385 2 26673
1 7565 2 12408
1 28165 3 79502
2 71679 2 77143
3 69277 1 93737
4 50627 1 22462
4 11265 2 96968
3 9566 1 22323
4 92732 1 17268
2 68427 4 16428
3 78144 1 97679
1 89956 3 33057
3 55380 3 76488
4 48753 1 69880
3 12378 1 87991
3 68813 2 19515
1 36795 2 72575
1 34668 1 40005
1 18828 1 38083
2 51733 3 79585
2 50352 2 97386
1 56624 1 31799
1 95683 4 47203
2 68967 3 26683
4 18732 2 38355
3 25991 3 89022
1 79403 4 46396
2 24570 4 84941
1 43960 1 43392
1 84992 3 50915
1 37293 3 43763
3 67860 3 27751
4 16158 2 56809
4 20345 4 16635
3 71337 1 94431
4 57324 2 863
4 85900 4 7292
2 93507 1 62266
4 74134 1 445
1 91775 1 61520
1 9561 4 43725
3 60910 2 37352
4 35570 2 51529
4 70588 2 19224
1 74748 1 94941
2 33572 2 20828
2 19550 2 32742
3 67869 1 82034
4 36321 4 5347
2 66961 4 83890
4 59939 3 82372
3 1804 1 93551
3 77404 3 75596
3 82226 2 51000
2 2458 1 90956
4 44193 2 97704
1 70799 4 18041
4 32397 2 58990
2 56529 2 92246
2 36008 3 36829
4 35358 4 13911
2 31196 4 74959
2 36503 1 40088
3 24493 3 82389
2 32644 4 72646
3 31852 1 47700
2 62400 3 82934
2 4549 4 27191
3 36361 3 28693
1 30097 1 65198
2 58216 3 11974
2 38126 4 45382
1 6430 3 90384
2 78360 4 33983
1 76417 1 16327
4 32336 1 81397
2 30684 3 6451
3 77270 4 44400
1 65952 4 13292
3 35548 3 93636
1 74506 4 32968
3 10087 1 60498
2 24281 3 199
3 40416 2 68063
2 72723 3 97323
4 73437 3 37270
4 17619 3 2054
3 71510 4 63886
1 77504 1 17939
3 87064 3 37640
4 59758 2 44059
2 51319 3 46407
1 71839 4 31134
3 54618 3 59025
4 11652 2 97228
4 86798 3 21687
4 36904 4 76338
3 47389 2 1886
3 68689 3 11625
2 67717 4 34553
1 27260 4 39183
3 63483 1 27604
1 51016 1 46895
3 92699 3 20746
2 70302 4 45742
3 49097 1 36564
4 31438 1 34963
1 81242 2 50275
3 32263 1 82712
1 81421 4 80312
4 40838 1 33185
3 93891 2 90
4 37716 4 36219
4 57106 4 51028
3 32305 4 21995
2 91710 4 26244
2 60629 3 26851
4 86337 1 3359
2 33945 2 36472
1 71848 2 82929
